fetch_date,isin,ticker,expiry,type,strike,last_price,bid,ask,iv,volume,open_interest
2026-04-18,CH0432492467,ALC,2026-05-15,call,60.0,23.35,0.0,0.0,1.0000000000000003e-05,,0
2026-04-18,CH0432492467,ALC,2026-05-15,call,65.0,18.8,0.0,0.0,1.0000000000000003e-05,,0
2026-04-18,CH0432492467,ALC,2026-05-15,call,67.5,16.6,0.0,0.0,1.0000000000000003e-05,,0
2026-04-18,CH0432492467,ALC,2026-05-15,call,70.0,14.45,0.0,0.0,1.0000000000000003e-05,,0
2026-04-18,CH0432492467,ALC,2026-05-15,call,72.5,13.19,10.6,14.1,0.8361832788085937,1,0
2026-04-18,CH0432492467,ALC,2026-05-15,call,75.0,6.05,7.1,8.1,0.4875539526367188,9,19
2026-04-18,CH0432492467,ALC,2026-05-15,call,77.5,2.8,5.2,5.8,0.40698835205078127,1,8
2026-04-18,CH0432492467,ALC,2026-05-15,call,80.0,3.6,3.6,4.1,0.3815979809570312,10,72
2026-04-18,CH0432492467,ALC,2026-05-15,call,82.5,2.5,2.25,2.8,0.3711000390625,1,77
2026-04-18,CH0432492467,ALC,2026-05-15,call,85.0,1.45,1.4,1.85,0.3676821044921875,4,104
2026-04-18,CH0432492467,ALC,2026-05-15,call,87.5,1.19,0.75,1.2,0.36939107177734376,4,10
2026-04-18,CH0432492467,ALC,2026-05-15,call,90.0,0.3,0.45,0.85,0.387701435546875,6,45
2026-04-18,CH0432492467,ALC,2026-05-15,call,92.5,2.55,0.0,0.0,0.12500875,,0
2026-04-18,CH0432492467,ALC,2026-05-15,call,95.0,1.2,0.0,0.0,0.12500875,28,0
2026-04-18,CH0432492467,ALC,2026-05-15,call,100.0,1.0,0.0,0.0,0.12500875,2,0
2026-04-18,CH0432492467,ALC,2026-05-15,call,105.0,0.9,0.0,2.75,0.8220232641601561,1,1
2026-04-18,CH0432492467,ALC,2026-05-15,call,110.0,0.15,0.0,0.0,0.2500075,1,0
2026-04-18,CH0432492467,ALC,2026-05-15,call,115.0,0.55,0.0,2.45,0.9750979052734375,,19
2026-04-18,CH0432492467,ALC,2026-05-15,put,55.0,0.26,0.0,0.3,0.7421900781249999,2,2
2026-04-18,CH0432492467,ALC,2026-05-15,put,60.0,0.17,0.0,0.35,0.614261669921875,1,7
2026-04-18,CH0432492467,ALC,2026-05-15,put,65.0,0.4,0.0,0.45,0.500005,1,70
2026-04-18,CH0432492467,ALC,2026-05-15,put,67.5,0.35,0.2,0.55,0.5361374511718751,1,26
2026-04-18,CH0432492467,ALC,2026-05-15,put,70.0,0.63,0.35,0.65,0.47998566894531247,1,36
2026-04-18,CH0432492467,ALC,2026-05-15,put,72.5,1.62,0.55,0.95,0.45483943603515625,10,60
2026-04-18,CH0432492467,ALC,2026-05-15,put,75.0,1.35,0.9,1.1,0.38892212646484375,6,60
2026-04-18,CH0432492467,ALC,2026-05-15,put,77.5,1.5,1.45,1.8,0.3845276391601562,9,71
2026-04-18,CH0432492467,ALC,2026-05-15,put,80.0,2.65,2.35,2.7,0.37256486816406253,1,107
2026-04-18,CH0432492467,ALC,2026-05-15,put,82.5,4.6,3.4,4.1,0.3845276391601562,8,73
2026-04-18,CH0432492467,ALC,2026-05-15,put,85.0,6.1,5.2,5.7,0.38794557373046873,4,94
2026-04-18,CH0432492467,ALC,2026-05-15,put,87.5,6.5,0.0,0.0,1.0000000000000003e-05,13,0
2026-04-18,CH0432492467,ALC,2026-05-15,put,90.0,6.1,0.0,0.0,1.0000000000000003e-05,14,0
2026-04-18,CH0432492467,ALC,2026-05-15,put,95.0,9.5,0.0,0.0,1.0000000000000003e-05,,0
2026-04-18,CH0432492467,ALC,2026-05-15,put,100.0,13.5,0.0,0.0,1.0000000000000003e-05,,0
2026-04-18,CH0432492467,ALC,2026-06-18,call,60.0,16.6,21.4,25.1,0.7624535473632813,,14
2026-04-18,CH0432492467,ALC,2026-06-18,call,65.0,15.0,12.8,13.3,1.0000000000000003e-05,1,3
2026-04-18,CH0432492467,ALC,2026-06-18,call,67.5,11.5,16.1,16.9,0.6325720336914062,,3
2026-04-18,CH0432492467,ALC,2026-06-18,call,70.0,7.7,12.0,13.2,0.47485876708984376,20,31
2026-04-18,CH0432492467,ALC,2026-06-18,call,72.5,5.5,9.7,10.9,0.42627526855468756,2,22
2026-04-18,CH0432492467,ALC,2026-06-18,call,75.0,4.3,7.9,8.8,0.39111937011718745,153,195
2026-04-18,CH0432492467,ALC,2026-06-18,call,77.5,3.2,6.0,6.8,0.35584140258789054,13,320
2026-04-18,CH0432492467,ALC,2026-06-18,call,80.0,6.9,0.0,0.0,1.0000000000000003e-05,7,0
2026-04-18,CH0432492467,ALC,2026-06-18,call,82.5,1.56,3.3,3.7,0.31677929321289056,5,152
2026-04-18,CH0432492467,ALC,2026-06-18,call,85.0,2.35,2.25,2.65,0.31018756225585936,1,329
2026-04-18,CH0432492467,ALC,2026-06-18,call,87.5,1.45,1.55,1.85,0.3060372131347656,11,51
2026-04-18,CH0432492467,ALC,2026-06-18,call,90.0,1.04,0.95,1.3,0.3073799731445312,2,67
2026-04-18,CH0432492467,ALC,2026-06-18,call,92.5,3.1,0.0,0.0,0.062509375,,0
2026-04-18,CH0432492467,ALC,2026-06-18,call,95.0,0.45,0.3,0.7,0.32300481689453114,2,78
2026-04-18,CH0432492467,ALC,2026-06-18,call,100.0,1.4,0.0,0.0,0.12500875,2,0
2026-04-18,CH0432492467,ALC,2026-06-18,call,105.0,0.35,0.1,0.75,0.46533737792968755,1,2
2026-04-18,CH0432492467,ALC,2026-06-18,call,110.0,0.6,0.0,0.4,0.45508357421875,10,10
2026-04-18,CH0432492467,ALC,2026-06-18,call,115.0,0.46,0.3,0.55,0.5112353564453125,2,1
2026-04-18,CH0432492467,ALC,2026-06-18,call,120.0,0.37,0.0,0.45,0.5654340332031251,2,3
2026-04-18,CH0432492467,ALC,2026-06-18,put,40.0,0.2,0.0,0.25,0.82226740234375,2,3
2026-04-18,CH0432492467,ALC,2026-06-18,put,42.5,0.31,0.0,0.35,0.79883013671875,2,3
2026-04-18,CH0432492467,ALC,2026-06-18,put,45.0,0.42,0.15,0.75,0.8730481445312499,1,1
2026-04-18,CH0432492467,ALC,2026-06-18,put,47.5,0.52,0.0,0.75,0.7753928710937501,2,0
2026-04-18,CH0432492467,ALC,2026-06-18,put,50.0,0.63,0.0,0.8,0.72070591796875,40,91
2026-04-18,CH0432492467,ALC,2026-06-18,put,55.0,0.3,0.0,0.3,0.5654340332031251,2,94
2026-04-18,CH0432492467,ALC,2026-06-18,put,60.0,1.64,0.6,1.05,0.5844768115234374,4,21
2026-04-18,CH0432492467,ALC,2026-06-18,put,65.0,0.7,0.3,0.6,0.42407802490234375,1,106
2026-04-18,CH0432492467,ALC,2026-06-18,put,67.5,0.8,0.4,0.7,0.3859924682617187,2,37
2026-04-18,CH0432492467,ALC,2026-06-18,put,70.0,0.75,0.65,0.9,0.358404853515625,1,104
2026-04-18,CH0432492467,ALC,2026-06-18,put,72.5,1.12,0.95,1.35,0.3513248461914062,3,125
2026-04-18,CH0432492467,ALC,2026-06-18,put,75.0,1.95,1.5,1.9,0.33887379882812496,7,77
2026-04-18,CH0432492467,ALC,2026-06-18,put,77.5,2.8,2.2,2.5,0.31677929321289056,11,174
2026-04-18,CH0432492467,ALC,2026-06-18,put,80.0,5.2,3.1,3.5,0.31140825317382803,7,86
2026-04-18,CH0432492467,ALC,2026-06-18,put,82.5,6.95,4.2,4.7,0.3034737622070312,8,50
2026-04-18,CH0432492467,ALC,2026-06-18,put,85.0,8.1,5.7,6.3,0.30799031860351556,13,56
2026-04-18,CH0432492467,ALC,2026-06-18,put,87.5,7.1,0.0,0.0,1.0000000000000003e-05,1,0
2026-04-18,CH0432492467,ALC,2026-06-18,put,90.0,15.7,8.9,9.9,0.2995675512695312,8,24
2026-04-18,CH0432492467,ALC,2026-08-21,call,77.5,5.8,7.7,8.6,0.350470362548828,,1
2026-04-18,CH0432492467,ALC,2026-08-21,call,80.0,3.6,6.4,6.9,0.3293524096679687,1,5
2026-04-18,CH0432492467,ALC,2026-08-21,call,82.5,9.8,0.0,0.0,0.007822421875,1,0
2026-04-18,CH0432492467,ALC,2026-08-21,call,85.0,3.9,3.9,4.5,0.31677929321289056,10,18
2026-04-18,CH0432492467,ALC,2026-08-21,call,87.5,2.95,3.1,3.6,0.3142158422851562,2,41
2026-04-18,CH0432492467,ALC,2026-08-21,call,90.0,2.8,2.4,2.8,0.30933307861328124,1,69
2026-04-18,CH0432492467,ALC,2026-08-21,call,92.5,2.15,1.9,2.2,0.3083565258789062,1,3
2026-04-18,CH0432492467,ALC,2026-08-21,call,95.0,3.2,0.0,0.0,0.062509375,12,0
2026-04-18,CH0432492467,ALC,2026-08-21,call,100.0,0.8,0.55,1.1,0.3147041186523437,2,32
2026-04-18,CH0432492467,ALC,2026-08-21,call,110.0,1.0,0.2,0.95,0.39063109375,,5
2026-04-18,CH0432492467,ALC,2026-08-21,put,50.0,0.43,0.25,0.55,0.50586431640625,,1
2026-04-18,CH0432492467,ALC,2026-08-21,put,55.0,0.3,0.15,0.55,0.4519097778320313,4,4
2026-04-18,CH0432492467,ALC,2026-08-21,put,60.0,1.22,0.3,0.75,0.39942006835937505,,1
2026-04-18,CH0432492467,ALC,2026-08-21,put,65.0,1.9,0.65,1.15,0.3610903735351562,1,73
2026-04-18,CH0432492467,ALC,2026-08-21,put,67.5,3.0,0.95,1.45,0.3448551843261719,15,17
2026-04-18,CH0432492467,ALC,2026-08-21,put,70.0,3.7,1.35,1.85,0.3309393078613281,1,20
2026-04-18,CH0432492467,ALC,2026-08-21,put,72.5,4.3,1.9,2.4,0.32092964233398436,9,34
2026-04-18,CH0432492467,ALC,2026-08-21,put,75.0,3.0,2.55,3.1,0.31250687499999996,2,92
2026-04-18,CH0432492467,ALC,2026-08-21,put,77.5,4.33,3.3,3.9,0.3016427258300781,4,10
2026-04-18,CH0432492467,ALC,2026-08-21,put,80.0,8.9,4.3,4.9,0.29321995849609367,17,48
2026-04-18,CH0432492467,ALC,2026-08-21,put,82.5,9.3,5.5,6.1,0.2863840893554687,14,16
2026-04-18,CH0432492467,ALC,2026-08-21,put,85.0,6.8,0.0,0.0,1.0000000000000003e-05,,0
2026-04-18,CH0432492467,ALC,2026-08-21,put,87.5,14.0,8.4,9.1,0.2766185620117187,2,31
2026-04-18,CH0432492467,ALC,2026-08-21,put,90.0,16.1,10.0,10.8,0.2688061401367187,10,18
2026-04-18,CH0432492467,ALC,2026-11-20,call,75.0,8.7,11.2,12.4,0.37085590087890624,,3
2026-04-18,CH0432492467,ALC,2026-12-18,call,45.0,34.75,36.5,41.5,0.7026396923828125,1,1
2026-04-18,CH0432492467,ALC,2026-12-18,call,60.0,18.8,20.5,21.1,1.0000000000000003e-05,,3
2026-04-18,CH0432492467,ALC,2026-12-18,call,75.0,12.8,0.0,0.0,1.0000000000000003e-05,1,0
2026-04-18,CH0432492467,ALC,2026-12-18,call,77.5,9.45,11.9,12.9,0.42139250488281255,25,26
2026-04-18,CH0432492467,ALC,2026-12-18,call,80.0,8.9,10.4,11.5,0.412542495727539,4,11
2026-04-18,CH0432492467,ALC,2026-12-18,call,82.5,7.8,9.2,10.3,0.40820904296875,4,20
2026-04-18,CH0432492467,ALC,2026-12-18,call,85.0,6.9,8.2,8.8,0.3892883337402344,8,20
2026-04-18,CH0432492467,ALC,2026-12-18,call,87.5,5.02,5.4,7.9,0.3898376446533204,10,95
2026-04-18,CH0432492467,ALC,2026-12-18,call,90.0,4.26,4.5,5.2,0.31799998413085934,10,94
2026-04-18,CH0432492467,ALC,2026-12-18,call,92.5,3.6,3.7,4.5,0.31836619140624994,5,38
2026-04-18,CH0432492467,ALC,2026-12-18,call,95.0,2.2,3.1,3.8,0.31519239501953117,2,15
2026-04-18,CH0432492467,ALC,2026-12-18,call,100.0,1.7,2.05,2.8,0.3159858441162109,8,9
2026-04-18,CH0432492467,ALC,2026-12-18,put,37.5,0.35,0.0,1.3,0.5991251025390626,2,64
2026-04-18,CH0432492467,ALC,2026-12-18,put,40.0,0.5,0.1,0.65,0.5551802294921876,35,154
2026-04-18,CH0432492467,ALC,2026-12-18,put,42.5,0.35,0.1,1.25,0.5183153637695312,30,322
2026-04-18,CH0432492467,ALC,2026-12-18,put,45.0,0.5,0.15,0.8,0.4985401708984375,,40
2026-04-18,CH0432492467,ALC,2026-12-18,put,47.5,0.55,0.5,0.95,0.47998566894531247,50,111
2026-04-18,CH0432492467,ALC,2026-12-18,put,50.0,1.0,0.45,1.0,0.44824770507812495,128,130
2026-04-18,CH0432492467,ALC,2026-12-18,put,55.0,1.2,0.9,1.1,0.3869690209960937,5,155
2026-04-18,CH0432492467,ALC,2026-12-18,put,60.0,1.65,0.0,0.0,0.062509375,20,0
2026-04-18,CH0432492467,ALC,2026-12-18,put,65.0,2.5,1.3,4.1,0.4332332067871094,50,61
2026-04-18,CH0432492467,ALC,2026-12-18,put,67.5,3.5,2.05,4.2,0.3961242028808594,2,18
2026-04-18,CH0432492467,ALC,2026-12-18,put,70.0,4.5,2.6,4.5,0.3684145190429688,10,105
2026-04-18,CH0432492467,ALC,2026-12-18,put,72.5,5.85,3.2,4.1,0.3084175604248046,1,68
2026-04-18,CH0432492467,ALC,2026-12-18,put,75.0,7.4,4.0,5.9,0.34180345703125,35,65
2026-04-18,CH0432492467,ALC,2026-12-18,put,77.5,6.35,4.9,6.8,0.3315496533203125,1,31
2026-04-18,CH0432492467,ALC,2026-12-18,put,80.0,9.42,5.9,8.4,0.3443669079589844,1,130
2026-04-18,CH0432492467,ALC,2026-12-18,put,82.5,10.2,7.1,7.8,0.2694164855957031,16,171
2026-04-18,CH0432492467,ALC,2026-12-18,put,85.0,7.2,0.0,0.0,1.0000000000000003e-05,59,0
2026-04-18,CH0432492467,ALC,2026-12-18,put,87.5,8.5,0.0,0.0,1.0000000000000003e-05,26,0
2026-04-18,CH0432492467,ALC,2026-12-18,put,90.0,9.8,0.0,0.0,1.0000000000000003e-05,51,0
2026-04-18,CH0432492467,ALC,2026-12-18,put,92.5,11.3,0.0,0.0,1.0000000000000003e-05,18,0
2026-04-18,CH0432492467,ALC,2027-01-15,call,60.0,24.33,22.4,25.5,0.49670913452148446,40,42
2026-04-18,CH0432492467,ALC,2027-01-15,call,65.0,20.33,18.5,20.3,0.4042417974853516,40,42
2026-04-18,CH0432492467,ALC,2027-01-15,call,67.5,16.5,0.0,0.0,1.0000000000000003e-05,1,0
2026-04-18,CH0432492467,ALC,2027-01-15,call,70.0,17.4,15.0,19.5,0.5053760400390624,,2
2026-04-18,CH0432492467,ALC,2027-01-15,call,72.5,16.39,0.0,0.0,1.0000000000000003e-05,2,0
2026-04-18,CH0432492467,ALC,2027-01-15,call,75.0,15.5,0.0,0.0,1.0000000000000003e-05,,0
2026-04-18,CH0432492467,ALC,2027-01-15,call,80.0,7.87,9.4,10.2,0.3434513897705078,1,7
2026-04-18,CH0432492467,ALC,2027-01-15,call,82.5,9.0,9.7,10.5,0.39386592468261716,,1
2026-04-18,CH0432492467,ALC,2027-01-15,call,85.0,6.71,6.9,7.6,0.32605654418945307,4,470
2026-04-18,CH0432492467,ALC,2027-01-15,call,87.5,5.4,5.9,8.1,0.3764710791015625,7,13
2026-04-18,CH0432492467,ALC,2027-01-15,call,90.0,4.7,5.0,7.5,0.38483281188964835,120,148
2026-04-18,CH0432492467,ALC,2027-01-15,call,92.5,4.0,4.1,6.7,0.3834290173339844,4,26
2026-04-18,CH0432492467,ALC,2027-01-15,call,95.0,4.2,3.4,4.1,0.31049273498535157,19,51
2026-04-18,CH0432492467,ALC,2027-01-15,call,100.0,1.9,2.35,3.1,0.31250687499999996,5,41
2026-04-18,CH0432492467,ALC,2027-01-15,call,105.0,2.55,2.55,2.95,0.3437565625,,95
2026-04-18,CH0432492467,ALC,2027-01-15,put,37.5,0.35,0.0,1.1,0.5478560839843751,1,3
2026-04-18,CH0432492467,ALC,2027-01-15,put,40.0,0.59,0.0,0.65,0.5258836474609375,2,3
2026-04-18,CH0432492467,ALC,2027-01-15,put,42.5,0.7,0.5,0.85,0.5178270874023438,,4
2026-04-18,CH0432492467,ALC,2027-01-15,put,45.0,0.5,0.0,0.0,0.12500875,,0
2026-04-18,CH0432492467,ALC,2027-01-15,put,50.0,0.56,0.0,0.0,0.12500875,26,0
2026-04-18,CH0432492467,ALC,2027-01-15,put,55.0,0.8,0.0,0.0,0.12500875,65,0
2026-04-18,CH0432492467,ALC,2027-01-15,put,60.0,1.2,0.0,0.0,0.062509375,83,0
2026-04-18,CH0432492467,ALC,2027-01-15,put,65.0,2.6,3.0,4.1,0.41040628662109374,1,106
2026-04-18,CH0432492467,ALC,2027-01-15,put,67.5,2.15,0.0,0.0,0.062509375,,0
2026-04-18,CH0432492467,ALC,2027-01-15,put,70.0,5.65,4.8,6.2,0.42236905761718746,1,4
2026-04-18,CH0432492467,ALC,2027-01-15,put,72.5,6.24,3.5,4.1,0.29218237121582025,1,28
2026-04-18,CH0432492467,ALC,2027-01-15,put,75.0,8.5,4.5,5.3,0.3002999658203125,1,1
2026-04-18,CH0432492467,ALC,2027-01-15,put,77.5,8.47,5.1,5.8,0.2766185620117187,6,6
2026-04-18,CH0432492467,ALC,2027-01-15,put,80.0,8.04,0.0,0.0,0.0039162109375,,0
2026-04-18,CH0432492467,ALC,2027-01-15,put,82.5,9.9,9.1,10.8,0.36249416809082036,,10
2026-04-18,CH0432492467,ALC,2027-01-15,put,85.0,7.2,0.0,0.0,1.0000000000000003e-05,11,0
2026-04-18,CH0432492467,ALC,2027-01-15,put,95.0,18.5,23.2,25.4,0.5511519494628907,,19
2026-04-18,CH0432492467,ALC,2027-06-17,call,65.0,17.2,22.4,23.3,0.4373835559082031,1,3
2026-04-18,CH0432492467,ALC,2027-06-17,call,70.0,16.8,17.0,20.6,0.44116769775390624,,1
2026-04-18,CH0432492467,ALC,2027-06-17,call,77.5,10.0,13.0,14.3,0.36151761535644533,3,3
2026-04-18,CH0432492467,ALC,2027-06-17,call,80.0,8.9,11.7,12.8,0.3508365698242187,8,68
2026-04-18,CH0432492467,ALC,2027-06-17,call,82.5,7.4,10.5,11.5,0.3440617352294921,3,16
2026-04-18,CH0432492467,ALC,2027-06-17,call,85.0,6.6,9.3,10.3,0.33801931518554684,4,17
2026-04-18,CH0432492467,ALC,2027-06-17,call,87.5,8.12,8.5,9.2,0.3327398269653321,4,55
2026-04-18,CH0432492467,ALC,2027-06-17,call,90.0,8.1,7.5,8.2,0.32819275329589837,2,133
2026-04-18,CH0432492467,ALC,2027-06-17,call,95.0,4.45,4.0,6.5,0.3214789532470703,8,25
2026-04-18,CH0432492467,ALC,2027-06-17,call,100.0,4.96,3.5,8.2,0.4094297338867187,,10
2026-04-18,CH0432492467,ALC,2027-06-17,call,120.0,2.05,1.4,3.0,0.35358312438964834,2,3
2026-04-18,CH0432492467,ALC,2027-06-17,put,37.5,0.65,0.0,0.85,0.48242705078125003,2,54
2026-04-18,CH0432492467,ALC,2027-06-17,put,40.0,0.75,0.0,0.0,0.12500875,,1
2026-04-18,CH0432492467,ALC,2027-06-17,put,42.5,1.0,0.05,1.25,0.45654840332031255,,10
2026-04-18,CH0432492467,ALC,2027-06-17,put,45.0,1.1,0.9,1.25,0.42310147216796873,,13
2026-04-18,CH0432492467,ALC,2027-06-17,put,47.5,1.1,0.05,1.25,0.3913635083007812,10,15
2026-04-18,CH0432492467,ALC,2027-06-17,put,50.0,1.39,0.05,1.45,0.3767152172851562,5,23
2026-04-18,CH0432492467,ALC,2027-06-17,put,55.0,1.93,1.2,1.95,0.35004312072753896,,29
2026-04-18,CH0432492467,ALC,2027-06-17,put,60.0,2.9,1.9,2.65,0.32770447692871096,20,75
2026-04-18,CH0432492467,ALC,2027-06-17,put,65.0,4.5,1.85,3.6,0.3086006640625,58,128
2026-04-18,CH0432492467,ALC,2027-06-17,put,67.5,5.6,5.5,7.8,0.4295100994873047,,20
2026-04-18,CH0432492467,ALC,2027-06-17,put,70.0,6.4,4.1,4.9,0.29340306213378897,20,89
2026-04-18,CH0432492467,ALC,2027-06-17,put,72.5,7.2,6.8,7.3,0.3390569024658203,5,41
2026-04-18,CH0432492467,ALC,2027-06-17,put,75.0,8.6,5.7,6.6,0.28113511840820304,21,126
2026-04-18,CH0432492467,ALC,2027-06-17,put,77.5,9.9,6.7,8.5,0.3024361749267578,30,169
2026-04-18,CH0432492467,ALC,2027-06-17,put,80.0,11.2,7.8,8.6,0.2670361383056641,10,81
2026-04-18,CH0432492467,ALC,2027-06-17,put,82.5,12.43,7.0,9.8,0.2616040637207031,1,34
2026-04-18,CH0432492467,ALC,2027-06-17,put,90.0,17.64,12.8,13.8,0.23908231628417967,1,25
2026-04-18,CH0432492467,ALC,2027-12-17,call,67.5,21.9,20.1,22.1,0.3728700408935547,1,1
2026-04-18,CH0432492467,ALC,2027-12-17,call,70.0,16.3,19.0,21.5,0.3939269592285156,5,5
2026-04-18,CH0432492467,ALC,2027-12-17,call,77.5,15.45,15.9,17.2,0.3753724572753906,3,1
2026-04-18,CH0432492467,ALC,2027-12-17,call,82.5,14.0,12.5,17.0,0.42163664306640625,,5
2026-04-18,CH0432492467,ALC,2027-12-17,call,85.0,11.6,7.1,11.8,0.3186103295898437,,48
2026-04-18,CH0432492467,ALC,2027-12-17,call,87.5,8.2,9.0,11.8,0.3403386279296875,,10
2026-04-18,CH0432492467,ALC,2027-12-17,call,90.0,7.4,8.0,10.7,0.33423517333984376,3,26
2026-04-18,CH0432492467,ALC,2027-12-17,call,95.0,9.0,7.0,11.9,0.39942006835937505,,25
2026-04-18,CH0432492467,ALC,2027-12-17,call,100.0,4.6,4.6,7.5,0.3251410260009765,,5
2026-04-18,CH0432492467,ALC,2027-12-17,call,105.0,3.9,3.5,6.2,0.3203803314208984,1,16
2026-04-18,CH0432492467,ALC,2027-12-17,put,37.5,0.9,0.6,2.1,0.5122119091796875,,30
2026-04-18,CH0432492467,ALC,2027-12-17,put,40.0,1.05,0.0,0.0,0.12500875,1,1
2026-04-18,CH0432492467,ALC,2027-12-17,put,45.0,1.44,0.6,2.95,0.46094289062500005,,1
2026-04-18,CH0432492467,ALC,2027-12-17,put,50.0,1.85,1.3,4.4,0.46484910156250003,,4
2026-04-18,CH0432492467,ALC,2027-12-17,put,60.0,3.5,0.0,0.0,0.062509375,68,0
2026-04-18,CH0432492467,ALC,2027-12-17,put,65.0,5.6,3.8,4.7,0.2945016839599609,30,80
2026-04-18,CH0432492467,ALC,2027-12-17,put,67.5,7.0,4.4,5.4,0.2882151257324218,15,35
2026-04-18,CH0432492467,ALC,2027-12-17,put,70.0,6.9,4.8,5.8,0.2714306256103516,25,42
2026-04-18,CH0432492467,ALC,2027-12-17,put,72.5,7.9,6.5,10.2,0.3614565808105469,3,96
2026-04-18,CH0432492467,ALC,2027-12-17,put,75.0,9.25,6.4,7.5,0.2585523364257813,3,12
2026-04-18,CH0432492467,ALC,2027-12-17,put,77.5,10.4,8.0,12.4,0.3509281216430663,5,9
2026-04-18,CH0432492467,ALC,2027-12-17,put,82.5,9.25,0.0,0.0,1.0000000000000003e-05,1,0
2026-04-18,CH0432492467,ALC,2027-12-17,put,85.0,12.4,11.4,12.4,0.2453078399658203,1,40
2026-04-18,CH0432492467,ALC,2027-12-17,put,87.5,17.5,15.4,16.1,0.2957834094238281,,39
2026-04-18,CH0432492467,ALC,2027-12-17,put,95.0,20.0,20.3,21.5,0.3016427258300781,5,5
2026-04-18,CH0432492467,ALC,2028-01-21,call,45.0,37.04,38.4,41.5,0.5572554040527344,,16
2026-04-18,CH0432492467,ALC,2028-01-21,call,60.0,22.6,26.5,29.2,0.4470880487060547,2,101
2026-04-18,CH0432492467,ALC,2028-01-21,call,65.0,21.95,23.0,25.5,0.4205990557861329,1,11
2026-04-18,CH0432492467,ALC,2028-01-21,call,67.5,20.32,0.0,0.0,1.0000000000000003e-05,,0
2026-04-18,CH0432492467,ALC,2028-01-21,call,72.5,17.31,16.3,20.0,0.3767152172851562,10,10
2026-04-18,CH0432492467,ALC,2028-01-21,call,75.0,16.6,15.5,18.8,0.3765931481933594,27,177
2026-04-18,CH0432492467,ALC,2028-01-21,call,77.5,15.9,16.1,17.5,0.3723817645263672,,2
2026-04-18,CH0432492467,ALC,2028-01-21,call,80.0,15.7,14.0,18.0,0.41040628662109374,1,43
2026-04-18,CH0432492467,ALC,2028-01-21,call,82.5,17.37,0.0,0.0,0.0039162109375,2,0
2026-04-18,CH0432492467,ALC,2028-01-21,call,85.0,11.19,12.1,13.3,0.3448551843261719,1,25
2026-04-18,CH0432492467,ALC,2028-01-21,call,87.5,10.35,8.0,13.0,0.35883209533691407,10,10
2026-04-18,CH0432492467,ALC,2028-01-21,call,90.0,9.4,7.0,12.0,0.3551700225830078,35,35
2026-04-18,CH0432492467,ALC,2028-01-21,call,92.5,6.68,7.5,10.2,0.3316717224121094,,33
2026-04-18,CH0432492467,ALC,2028-01-21,call,95.0,6.1,6.8,9.3,0.32782654602050776,70,70
2026-04-18,CH0432492467,ALC,2028-01-21,call,100.0,6.28,6.7,7.8,0.3233710241699218,1,17
2026-04-18,CH0432492467,ALC,2028-01-21,call,110.0,4.98,3.0,5.5,0.3181220532226562,1,21
2026-04-18,CH0432492467,ALC,2028-01-21,call,115.0,2.85,2.25,4.6,0.315863775024414,,1
2026-04-18,CH0432492467,ALC,2028-01-21,call,120.0,4.8,0.0,0.0,0.062509375,,0
2026-04-18,CH0432492467,ALC,2028-01-21,put,55.0,2.8,0.0,0.0,0.062509375,,1
2026-04-18,CH0432492467,ALC,2028-01-21,put,70.0,6.1,4.0,7.7,0.3162299822998046,1,2
2026-04-18,CH0432492467,ALC,2028-01-21,put,75.0,10.45,8.8,9.4,0.29932341308593746,,0
2026-04-18,CH0432492467,ALC,2028-01-21,put,77.5,11.5,7.5,8.6,0.24845111907958983,41,41
2026-04-18,CH0432492467,ALC,2028-01-21,put,80.0,9.71,9.1,10.1,0.2528150891113281,2,7
2026-04-18,CH0432492467,ALC,2028-01-21,put,82.5,10.52,10.2,11.3,0.24781025634765624,3,46
2026-04-18,CH0432492467,ALC,2028-01-21,put,85.0,11.72,11.5,12.5,0.24085231811523436,2,39
2026-04-18,CH0432492467,ALC,2028-01-21,put,87.5,13.12,12.8,13.9,0.2365493826293945,1,39
2026-04-18,CH0432492467,ALC,2028-01-21,put,90.0,18.9,14.3,15.4,0.23255161987304687,1,42
2026-04-18,US0079031078,AMD,2026-04-24,call,40.0,238.0,236.05,240.05,7.982421896972656,17,24
2026-04-18,US0079031078,AMD,2026-04-24,call,65.0,213.78,211.25,214.65,5.683596645507812,10,15
2026-04-18,US0079031078,AMD,2026-04-24,call,75.0,170.48,201.0,204.65,5.142581696777344,,2
2026-04-18,US0079031078,AMD,2026-04-24,call,80.0,198.13,196.1,199.65,4.902347622070312,1,2
2026-04-18,US0079031078,AMD,2026-04-24,call,85.0,161.0,191.0,193.7,3.7695318261718755,,7
2026-04-18,US0079031078,AMD,2026-04-24,call,90.0,156.15,186.0,189.65,4.464848168945313,,7
2026-04-18,US0079031078,AMD,2026-04-24,call,95.0,183.07,181.0,184.7,4.294926506347656,1,7
2026-04-18,US0079031078,AMD,2026-04-24,call,100.0,153.65,176.0,179.7,4.105473618164062,2,5
2026-04-18,US0079031078,AMD,2026-04-24,call,105.0,172.84,171.5,173.7,3.13281466796875,17,29
2026-04-18,US0079031078,AMD,2026-04-24,call,110.0,156.22,166.0,169.9,3.854492551269531,1,6
2026-04-18,US0079031078,AMD,2026-04-24,call,115.0,136.94,161.0,163.7,2.8593778515625,4,10
2026-04-18,US0079031078,AMD,2026-04-24,call,120.0,158.05,156.25,159.85,3.5048840502929686,5,17
2026-04-18,US0079031078,AMD,2026-04-24,call,125.0,153.39,151.4,153.7,2.6074253564453125,4,11
2026-04-18,US0079031078,AMD,2026-04-24,call,130.0,148.03,146.4,149.7,3.139650588378906,3,19
2026-04-18,US0079031078,AMD,2026-04-24,call,135.0,142.37,141.0,143.7,2.376957182617187,3,11
2026-04-18,US0079031078,AMD,2026-04-24,call,140.0,136.98,136.0,140.15,3.0405297424316404,1,7
2026-04-18,US0079031078,AMD,2026-04-24,call,145.0,133.94,131.4,133.7,2.162113969726563,1,13
2026-04-18,US0079031078,AMD,2026-04-24,call,150.0,129.68,126.45,128.75,2.1054734863281244,18,7
2026-04-18,US0079031078,AMD,2026-04-24,call,155.0,123.95,121.65,124.75,2.5117224707031247,7,19
2026-04-18,US0079031078,AMD,2026-04-24,call,160.0,117.76,117.9,118.75,1.9062504687500001,4,145
2026-04-18,US0079031078,AMD,2026-04-24,call,165.0,99.21,111.45,113.75,1.8105478222656248,4,21
2026-04-18,US0079031078,AMD,2026-04-24,call,170.0,109.41,106.0,110.1,2.274418376464843,2,41
2026-04-18,US0079031078,AMD,2026-04-24,call,175.0,102.7,101.5,103.75,1.6289081054687498,4,150
2026-04-18,US0079031078,AMD,2026-04-24,call,180.0,98.12,96.4,98.75,1.541017919921875,5,41
2026-04-18,US0079031078,AMD,2026-04-24,call,185.0,91.4,91.5,93.95,1.5639670239257812,1,143
2026-04-18,US0079031078,AMD,2026-04-24,call,190.0,88.23,87.85,88.8,1.400393623046875,34,135
2026-04-18,US0079031078,AMD,2026-04-24,call,192.5,78.65,83.5,87.35,1.7260755883789063,10,10
2026-04-18,US0079031078,AMD,2026-04-24,call,195.0,82.48,82.85,84.8,1.3300814746093748,6,208
2026-04-18,US0079031078,AMD,2026-04-24,call,197.5,80.85,79.55,82.3,0.9257819921875,7,20
2026-04-18,US0079031078,AMD,2026-04-24,call,200.0,78.55,78.0,78.8,0.79687703125,61,595
2026-04-18,US0079031078,AMD,2026-04-24,call,202.5,76.95,74.55,76.8,1.3833038647460936,10,17
2026-04-18,US0079031078,AMD,2026-04-24,call,205.0,73.45,73.1,74.75,1.210453166503906,150,597
2026-04-18,US0079031078,AMD,2026-04-24,call,207.5,70.77,69.6,72.35,0.8906260937499999,18,37
2026-04-18,US0079031078,AMD,2026-04-24,call,210.0,67.95,68.1,68.85,0.85742330078125,211,707
2026-04-18,US0079031078,AMD,2026-04-24,call,212.5,67.25,65.55,67.15,1.0595750146484377,19,62
2026-04-18,US0079031078,AMD,2026-04-24,call,215.0,63.2,63.05,64.8,1.0488328808593752,91,1196
2026-04-18,US0079031078,AMD,2026-04-24,call,217.5,60.78,60.55,61.35,0.7304714453125,39,144
2026-04-18,US0079031078,AMD,2026-04-24,call,220.0,58.28,58.05,60.4,1.0595750146484377,178,5893
2026-04-18,US0079031078,AMD,2026-04-24,call,222.5,56.06,55.65,56.4,0.74414318359375,29,558
2026-04-18,US0079031078,AMD,2026-04-24,call,225.0,53.3,53.2,53.9,0.729494892578125,176,2009
2026-04-18,US0079031078,AMD,2026-04-24,call,227.5,50.48,50.65,52.3,0.86914193359375,68,390
2026-04-18,US0079031078,AMD,2026-04-24,call,230.0,48.45,48.35,48.95,0.7158231542968749,557,3162
2026-04-18,US0079031078,AMD,2026-04-24,call,232.5,46.37,45.8,47.4,0.8242205078124999,93,584
2026-04-18,US0079031078,AMD,2026-04-24,call,235.0,43.7,42.4,44.2,0.807619111328125,388,2472
2026-04-18,US0079031078,AMD,2026-04-24,call,237.5,41.27,40.9,41.65,0.6577182666015625,76,1388
2026-04-18,US0079031078,AMD,2026-04-24,call,240.0,38.75,38.45,39.2,0.6367223828125,393,1833
2026-04-18,US0079031078,AMD,2026-04-24,call,242.5,35.97,36.0,36.85,0.6264685791015626,136,320
2026-04-18,US0079031078,AMD,2026-04-24,call,245.0,33.82,33.65,34.3,0.6003457934570313,242,1973
2026-04-18,US0079031078,AMD,2026-04-24,call,247.5,31.2,31.25,31.95,0.58789474609375,56,1983
2026-04-18,US0079031078,AMD,2026-04-24,call,250.0,29.01,28.55,29.65,0.5485884985351563,975,4842
2026-04-18,US0079031078,AMD,2026-04-24,call,252.5,26.3,26.6,27.3,0.5659223095703125,180,779
2026-04-18,US0079031078,AMD,2026-04-24,call,255.0,24.25,24.35,25.05,0.5571333349609376,369,1971
2026-04-18,US0079031078,AMD,2026-04-24,call,257.5,22.5,22.2,22.9,0.5542036767578126,187,2156
2026-04-18,US0079031078,AMD,2026-04-24,call,260.0,20.3,20.15,20.65,0.5441940112304688,818,3048
2026-04-18,US0079031078,AMD,2026-04-24,call,265.0,16.36,16.1,16.65,0.5297898583984376,1683,2996
2026-04-18,US0079031078,AMD,2026-04-24,call,270.0,12.73,12.5,12.95,0.516606396484375,2570,3671
2026-04-18,US0079031078,AMD,2026-04-24,call,275.0,9.69,9.45,9.8,0.5112353564453125,4433,3849
2026-04-18,US0079031078,AMD,2026-04-24,call,280.0,7.02,6.95,7.1,0.5059863854980469,14186,4324
2026-04-18,US0079031078,AMD,2026-04-24,call,285.0,5.05,4.95,5.1,0.5073291455078125,6714,2609
2026-04-18,US0079031078,AMD,2026-04-24,call,290.0,3.5,3.4,3.55,0.507817421875,8761,3127
2026-04-18,US0079031078,AMD,2026-04-24,call,295.0,2.38,2.32,2.42,0.5122119091796875,3001,2852
2026-04-18,US0079031078,AMD,2026-04-24,call,300.0,1.6,1.56,1.67,0.5205126074218749,9072,5313
2026-04-18,US0079031078,AMD,2026-04-24,call,305.0,1.07,1.06,1.13,0.5297898583984376,1026,458
2026-04-18,US0079031078,AMD,2026-04-24,call,310.0,0.74,0.73,0.77,0.5417526293945314,1817,1251
2026-04-18,US0079031078,AMD,2026-04-24,call,315.0,0.53,0.52,0.56,0.559574716796875,341,571
2026-04-18,US0079031078,AMD,2026-04-24,call,320.0,0.4,0.38,0.41,0.5776409423828125,1321,629
2026-04-18,US0079031078,AMD,2026-04-24,call,325.0,0.28,0.28,0.31,0.596683720703125,424,1425
2026-04-18,US0079031078,AMD,2026-04-24,call,330.0,0.22,0.21,0.26,0.6210975390625001,895,316
2026-04-18,US0079031078,AMD,2026-04-24,call,335.0,0.18,0.14,0.21,0.6367223828125,154,249
2026-04-18,US0079031078,AMD,2026-04-24,call,340.0,0.12,0.12,0.15,0.6552768847656252,450,958
2026-04-18,US0079031078,AMD,2026-04-24,call,345.0,0.12,0.1,0.13,0.6816438085937502,69,508
2026-04-18,US0079031078,AMD,2026-04-24,call,350.0,0.09,0.08,0.11,0.70312796875,209,375
2026-04-18,US0079031078,AMD,2026-04-24,call,360.0,0.06,0.04,0.09,0.7421900781249999,302,161
2026-04-18,US0079031078,AMD,2026-04-24,call,370.0,0.04,0.02,0.05,0.7578149218750001,74,122
2026-04-18,US0079031078,AMD,2026-04-24,call,380.0,0.04,0.03,0.05,0.8320329296874999,676,193
2026-04-18,US0079031078,AMD,2026-04-24,call,390.0,0.02,0.02,0.06,0.8945323046874999,75,64
2026-04-18,US0079031078,AMD,2026-04-24,call,400.0,0.04,0.02,0.05,0.9414068359375,669,421
2026-04-18,US0079031078,AMD,2026-04-24,put,60.0,0.01,0.0,0.03,3.56250109375,,10
2026-04-18,US0079031078,AMD,2026-04-24,put,70.0,0.03,0.0,0.03,3.1875020312499998,,164
2026-04-18,US0079031078,AMD,2026-04-24,put,75.0,0.02,0.0,0.01,2.81250296875,,91
2026-04-18,US0079031078,AMD,2026-04-24,put,80.0,0.01,0.0,0.01,2.6250034375,5,237
2026-04-18,US0079031078,AMD,2026-04-24,put,90.0,0.01,0.0,0.03,2.6250034375,3,14
2026-04-18,US0079031078,AMD,2026-04-24,put,95.0,0.03,0.0,0.01,2.3125042187499996,2,22
2026-04-18,US0079031078,AMD,2026-04-24,put,100.0,0.02,0.0,0.03,2.3906290234374996,10,35
2026-04-18,US0079031078,AMD,2026-04-24,put,105.0,0.01,0.0,0.03,2.281254296875,10,9
2026-04-18,US0079031078,AMD,2026-04-24,put,110.0,0.01,0.0,0.03,2.1875045312499997,3,521
2026-04-18,US0079031078,AMD,2026-04-24,put,115.0,0.01,0.0,0.03,2.0781298046874994,2,100
2026-04-18,US0079031078,AMD,2026-04-24,put,120.0,0.02,0.0,0.01,1.8125009374999999,81,118
2026-04-18,US0079031078,AMD,2026-04-24,put,125.0,0.01,0.0,0.03,1.890625546875,10,90
2026-04-18,US0079031078,AMD,2026-04-24,put,130.0,0.01,0.0,0.01,1.65625171875,20,227
2026-04-18,US0079031078,AMD,2026-04-24,put,135.0,0.01,0.0,0.01,1.5625021874999998,4,481
2026-04-18,US0079031078,AMD,2026-04-24,put,140.0,0.01,0.0,0.01,1.5000025,4,243
2026-04-18,US0079031078,AMD,2026-04-24,put,145.0,0.02,0.0,0.02,1.5000025,14,759
2026-04-18,US0079031078,AMD,2026-04-24,put,150.0,0.04,0.0,0.02,1.4375028125,22,4398
2026-04-18,US0079031078,AMD,2026-04-24,put,155.0,0.02,0.0,0.03,1.40625296875,5,420
2026-04-18,US0079031078,AMD,2026-04-24,put,160.0,0.01,0.0,0.01,1.21875390625,18,1171
2026-04-18,US0079031078,AMD,2026-04-24,put,165.0,0.01,0.0,0.04,1.2968785156249998,4,7148
2026-04-18,US0079031078,AMD,2026-04-24,put,170.0,0.01,0.0,0.01,1.09375453125,21,1190
2026-04-18,US0079031078,AMD,2026-04-24,put,175.0,0.01,0.0,0.03,1.125004375,31,1053
2026-04-18,US0079031078,AMD,2026-04-24,put,180.0,0.01,0.01,0.04,1.1171919140625,20,1997
2026-04-18,US0079031078,AMD,2026-04-24,put,185.0,0.02,0.01,0.05,1.0703171484375003,32,1875
2026-04-18,US0079031078,AMD,2026-04-24,put,190.0,0.02,0.02,0.03,0.992187578125,186,2977
2026-04-18,US0079031078,AMD,2026-04-24,put,192.5,0.02,0.01,0.03,0.937500625,2,134
2026-04-18,US0079031078,AMD,2026-04-24,put,195.0,0.03,0.02,0.04,0.945313046875,38,2409
2026-04-18,US0079031078,AMD,2026-04-24,put,197.5,0.05,0.01,0.05,0.914063359375,231,406
2026-04-18,US0079031078,AMD,2026-04-24,put,200.0,0.04,0.02,0.05,0.8984385156249999,287,4175
2026-04-18,US0079031078,AMD,2026-04-24,put,202.5,0.04,0.03,0.07,0.8984385156249999,15,152
2026-04-18,US0079031078,AMD,2026-04-24,put,205.0,0.04,0.04,0.08,0.8867198828124999,73,1567
2026-04-18,US0079031078,AMD,2026-04-24,put,207.5,0.07,0.05,0.07,0.8554701953125,26,233
2026-04-18,US0079031078,AMD,2026-04-24,put,210.0,0.06,0.05,0.08,0.8320329296874999,465,3855
2026-04-18,US0079031078,AMD,2026-04-24,put,212.5,0.07,0.06,0.1,0.8203142968749999,246,435
2026-04-18,US0079031078,AMD,2026-04-24,put,215.0,0.07,0.06,0.09,0.7812521875,2667,2662
2026-04-18,US0079031078,AMD,2026-04-24,put,217.5,0.09,0.08,0.12,0.77929908203125,380,371
2026-04-18,US0079031078,AMD,2026-04-24,put,220.0,0.09,0.09,0.13,0.75586181640625,1778,3646
2026-04-18,US0079031078,AMD,2026-04-24,put,222.5,0.14,0.1,0.15,0.73633076171875,34,813
2026-04-18,US0079031078,AMD,2026-04-24,put,225.0,0.14,0.12,0.15,0.711916943359375,2003,4069
2026-04-18,US0079031078,AMD,2026-04-24,put,227.5,0.18,0.15,0.2,0.7060576269531251,65,1049
2026-04-18,US0079031078,AMD,2026-04-24,put,230.0,0.22,0.19,0.21,0.6865265722656251,1409,2360
2026-04-18,US0079031078,AMD,2026-04-24,put,232.5,0.22,0.22,0.26,0.6728548339843752,100,427
2026-04-18,US0079031078,AMD,2026-04-24,put,235.0,0.28,0.27,0.29,0.6552768847656252,539,1184
2026-04-18,US0079031078,AMD,2026-04-24,put,237.5,0.34,0.31,0.34,0.637698935546875,1479,3310
2026-04-18,US0079031078,AMD,2026-04-24,put,240.0,0.39,0.39,0.4,0.6250037500000001,986,2003
2026-04-18,US0079031078,AMD,2026-04-24,put,242.5,0.48,0.45,0.49,0.6098671826171876,250,718
2026-04-18,US0079031078,AMD,2026-04-24,put,245.0,0.59,0.56,0.58,0.5971719970703125,3060,3708
2026-04-18,US0079031078,AMD,2026-04-24,put,247.5,0.68,0.67,0.72,0.584965087890625,714,1692
2026-04-18,US0079031078,AMD,2026-04-24,put,250.0,0.85,0.83,0.88,0.5747112841796875,4383,2495
2026-04-18,US0079031078,AMD,2026-04-24,put,252.5,1.08,1.02,1.09,0.5651898950195313,924,2433
2026-04-18,US0079031078,AMD,2026-04-24,put,255.0,1.28,1.26,1.32,0.5546919531250001,1959,1189
2026-04-18,US0079031078,AMD,2026-04-24,put,257.5,1.6,1.51,1.62,0.5434615966796876,772,1467
2026-04-18,US0079031078,AMD,2026-04-24,put,260.0,1.96,1.9,1.98,0.5371140039062501,5690,1507
2026-04-18,US0079031078,AMD,2026-04-24,put,265.0,2.95,2.86,2.98,0.524418818359375,8994,1768
2026-04-18,US0079031078,AMD,2026-04-24,put,270.0,4.35,4.2,4.35,0.5123339782714844,5865,2370
2026-04-18,US0079031078,AMD,2026-04-24,put,275.0,6.15,6.0,6.25,0.5039112109375,5374,898
2026-04-18,US0079031078,AMD,2026-04-24,put,280.0,8.55,8.45,8.7,0.502080174560547,2993,337
2026-04-18,US0079031078,AMD,2026-04-24,put,285.0,11.55,11.25,11.9,0.5033008654785156,240,79
2026-04-18,US0079031078,AMD,2026-04-24,put,290.0,15.4,13.8,15.4,0.5314988256835937,452,169
2026-04-18,US0079031078,AMD,2026-04-24,put,310.0,32.45,30.6,32.8,0.6093789062500001,23,1
2026-04-18,US0079031078,AMD,2026-04-24,put,345.0,100.55,65.45,67.2,0.8789074609374999,,
2026-04-18,US0079031078,AMD,2026-05-01,call,70.0,138.0,206.3,208.8,3.2031269921874994,1,1
2026-04-18,US0079031078,AMD,2026-05-01,call,100.0,177.42,176.35,179.9,2.9804712988281246,3,3
2026-04-18,US0079031078,AMD,2026-05-01,call,105.0,173.8,171.55,175.2,2.951662777099609,15,10
2026-04-18,US0079031078,AMD,2026-05-01,call,110.0,142.57,166.35,169.8,2.690432961425781,15,16
2026-04-18,US0079031078,AMD,2026-05-01,call,115.0,137.02,161.0,164.85,2.5908238354492186,3,10
2026-04-18,US0079031078,AMD,2026-05-01,call,120.0,158.87,156.0,159.85,2.4780311486816404,5,2
2026-04-18,US0079031078,AMD,2026-05-01,call,125.0,128.66,151.0,155.2,2.4726600683593754,4,6
2026-04-18,US0079031078,AMD,2026-05-01,call,130.0,148.13,146.0,148.9,1.892578662109375,3,42
2026-04-18,US0079031078,AMD,2026-05-01,call,135.0,118.62,141.0,143.9,1.8066415917968748,3,8
2026-04-18,US0079031078,AMD,2026-05-01,call,140.0,114.55,136.5,138.9,1.724610751953125,1,7
2026-04-18,US0079031078,AMD,2026-05-01,call,145.0,121.95,131.4,135.15,2.054204083251953,2,12
2026-04-18,US0079031078,AMD,2026-05-01,call,150.0,129.54,126.6,129.95,1.9135746508789064,13,10
2026-04-18,US0079031078,AMD,2026-05-01,call,155.0,118.14,121.45,123.95,1.5166039794921873,6,30
2026-04-18,US0079031078,AMD,2026-05-01,call,160.0,110.03,116.7,118.95,1.443362158203125,1,17
2026-04-18,US0079031078,AMD,2026-05-01,call,165.0,114.46,112.1,114.95,1.12109814453125,1,12
2026-04-18,US0079031078,AMD,2026-05-01,call,170.0,109.35,107.1,110.0,1.0859420703125,1,29
2026-04-18,US0079031078,AMD,2026-05-01,call,175.0,79.87,102.1,105.05,1.0478563232421876,1,11
2026-04-18,US0079031078,AMD,2026-05-01,call,180.0,97.51,97.15,100.05,1.0078174609375,2,38
2026-04-18,US0079031078,AMD,2026-05-01,call,185.0,90.0,93.2,94.1,0.9804689453125001,7,142
2026-04-18,US0079031078,AMD,2026-05-01,call,190.0,85.2,88.2,89.1,0.9238288867187501,2,61
2026-04-18,US0079031078,AMD,2026-05-01,call,195.0,83.0,83.25,84.15,0.8916026464843749,1,86
2026-04-18,US0079031078,AMD,2026-05-01,call,200.0,77.73,78.35,79.15,0.8554701953125,13,331
2026-04-18,US0079031078,AMD,2026-05-01,call,205.0,72.67,73.3,74.25,0.8085956640624999,92,366
2026-04-18,US0079031078,AMD,2026-05-01,call,210.0,68.59,68.45,69.3,0.7841818457031251,93,618
2026-04-18,US0079031078,AMD,2026-05-01,call,215.0,63.42,63.4,64.4,0.735354208984375,58,382
2026-04-18,US0079031078,AMD,2026-05-01,call,220.0,59.55,58.55,59.45,0.7033721069335939,66,2316
2026-04-18,US0079031078,AMD,2026-05-01,call,225.0,53.67,53.65,54.7,0.6816438085937502,119,932
2026-04-18,US0079031078,AMD,2026-05-01,call,230.0,49.36,48.9,49.75,0.6486851538085938,213,2430
2026-04-18,US0079031078,AMD,2026-05-01,call,235.0,44.39,44.1,45.0,0.6213416772460938,342,912
2026-04-18,US0079031078,AMD,2026-05-01,call,240.0,39.75,39.5,40.35,0.6043740734863283,385,3657
2026-04-18,US0079031078,AMD,2026-05-01,call,245.0,34.85,34.95,35.8,0.5844768115234374,59,1191
2026-04-18,US0079031078,AMD,2026-05-01,call,250.0,30.62,30.6,31.4,0.5686078295898438,172,3022
2026-04-18,US0079031078,AMD,2026-05-01,call,255.0,26.5,26.45,27.4,0.5617719604492188,188,2570
2026-04-18,US0079031078,AMD,2026-05-01,call,260.0,22.55,22.6,23.65,0.5568891967773439,507,2622
2026-04-18,US0079031078,AMD,2026-05-01,call,265.0,19.33,18.9,19.6,0.5334519311523438,297,2617
2026-04-18,US0079031078,AMD,2026-05-01,call,270.0,16.05,15.75,16.45,0.53320779296875,433,2052
2026-04-18,US0079031078,AMD,2026-05-01,call,275.0,13.09,12.9,13.35,0.5252122674560546,813,1287
2026-04-18,US0079031078,AMD,2026-05-01,call,280.0,10.56,10.35,10.8,0.5210619183349607,1782,2089
2026-04-18,US0079031078,AMD,2026-05-01,call,285.0,8.3,8.25,8.6,0.5194139855957032,1329,550
2026-04-18,US0079031078,AMD,2026-05-01,call,290.0,6.61,6.45,6.8,0.518681571044922,1215,3026
2026-04-18,US0079031078,AMD,2026-05-01,call,295.0,5.2,5.05,5.3,0.5201464001464844,995,288
2026-04-18,US0079031078,AMD,2026-05-01,call,300.0,4.0,3.9,4.1,0.5219774365234374,1906,2462
2026-04-18,US0079031078,AMD,2026-05-01,call,305.0,3.08,3.0,3.25,0.5283250292968751,442,473
2026-04-18,US0079031078,AMD,2026-05-01,call,310.0,2.38,2.3,2.46,0.5308884802246094,228,740
2026-04-18,US0079031078,AMD,2026-05-01,call,315.0,1.85,1.8,1.9,0.5380905566406251,116,675
2026-04-18,US0079031078,AMD,2026-05-01,call,320.0,1.45,1.38,1.49,0.5451705639648439,877,500
2026-04-18,US0079031078,AMD,2026-05-01,call,325.0,1.19,1.09,1.15,0.5532271240234375,4377,281
2026-04-18,US0079031078,AMD,2026-05-01,call,330.0,0.93,0.87,0.94,0.5654340332031251,220,422
2026-04-18,US0079031078,AMD,2026-05-01,call,335.0,0.75,0.68,0.82,0.5798381860351562,122,148
2026-04-18,US0079031078,AMD,2026-05-01,call,340.0,0.62,0.54,0.64,0.5874064697265625,153,195
2026-04-18,US0079031078,AMD,2026-05-01,call,345.0,0.47,0.45,0.53,0.6005899316406251,83,337
2026-04-18,US0079031078,AMD,2026-05-01,call,350.0,0.4,0.36,0.45,0.6127968408203126,90,2157
2026-04-18,US0079031078,AMD,2026-05-01,call,360.0,0.28,0.25,0.31,0.6357458300781251,36,67
2026-04-18,US0079031078,AMD,2026-05-01,call,370.0,0.22,0.19,0.23,0.6635775830078127,102,394
2026-04-18,US0079031078,AMD,2026-05-01,call,380.0,0.15,0.1,0.2,0.684573466796875,48,60
2026-04-18,US0079031078,AMD,2026-05-01,call,390.0,0.1,0.09,0.14,0.70898728515625,80,62
2026-04-18,US0079031078,AMD,2026-05-01,call,400.0,0.08,0.07,0.08,0.7187528125,300,84
2026-04-18,US0079031078,AMD,2026-05-01,put,40.0,0.01,0.0,0.01,2.8750028125,1,6
2026-04-18,US0079031078,AMD,2026-05-01,put,45.0,0.02,0.0,0.05,3.0937522656249996,,10
2026-04-18,US0079031078,AMD,2026-05-01,put,55.0,0.02,0.0,0.05,2.7656280859375,,8
2026-04-18,US0079031078,AMD,2026-05-01,put,60.0,0.03,0.0,0.02,2.43750390625,,261
2026-04-18,US0079031078,AMD,2026-05-01,put,65.0,0.02,0.0,0.05,2.4843787890625,,2
2026-04-18,US0079031078,AMD,2026-05-01,put,75.0,0.04,0.0,0.05,2.2500043749999996,,3
2026-04-18,US0079031078,AMD,2026-05-01,put,85.0,0.01,0.0,0.05,2.031254921875,5,31
2026-04-18,US0079031078,AMD,2026-05-01,put,90.0,0.01,0.0,0.05,1.9375003125,7,7
2026-04-18,US0079031078,AMD,2026-05-01,put,95.0,0.05,0.0,0.05,1.8515632421875,2,3
2026-04-18,US0079031078,AMD,2026-05-01,put,100.0,0.03,0.0,0.05,1.765626171875,41,43
2026-04-18,US0079031078,AMD,2026-05-01,put,105.0,0.01,0.0,0.05,1.6875015625,2,4
2026-04-18,US0079031078,AMD,2026-05-01,put,110.0,0.23,0.0,0.03,1.5312523437499999,1,46
2026-04-18,US0079031078,AMD,2026-05-01,put,115.0,0.03,0.0,0.06,1.5625021874999998,1,175
2026-04-18,US0079031078,AMD,2026-05-01,put,120.0,0.01,0.0,0.05,1.46875265625,1,746
2026-04-18,US0079031078,AMD,2026-05-01,put,125.0,0.02,0.0,0.06,1.421877890625,100,1248
2026-04-18,US0079031078,AMD,2026-05-01,put,130.0,0.02,0.0,0.03,1.2734411328124997,10,1540
2026-04-18,US0079031078,AMD,2026-05-01,put,135.0,0.02,0.0,0.04,1.2500037499999999,3,476
2026-04-18,US0079031078,AMD,2026-05-01,put,140.0,0.03,0.01,0.05,1.2265663671875,458,1035
2026-04-18,US0079031078,AMD,2026-05-01,put,145.0,0.02,0.01,0.07,1.203128984375,3,282
2026-04-18,US0079031078,AMD,2026-05-01,put,150.0,0.03,0.01,0.06,1.1328168359375002,16,2237
2026-04-18,US0079031078,AMD,2026-05-01,put,155.0,0.02,0.01,0.05,1.05859845703125,1,279
2026-04-18,US0079031078,AMD,2026-05-01,put,160.0,0.05,0.02,0.06,1.0312548437500002,611,301
2026-04-18,US0079031078,AMD,2026-05-01,put,165.0,0.05,0.03,0.08,1.01172369140625,1,441
2026-04-18,US0079031078,AMD,2026-05-01,put,170.0,0.06,0.04,0.08,0.9687503125,6130,899
2026-04-18,US0079031078,AMD,2026-05-01,put,175.0,0.07,0.05,0.09,0.93164130859375,13,514
2026-04-18,US0079031078,AMD,2026-05-01,put,180.0,0.07,0.06,0.1,0.89257919921875,47,2809
2026-04-18,US0079031078,AMD,2026-05-01,put,185.0,0.09,0.07,0.13,0.8652357226562499,32,642
2026-04-18,US0079031078,AMD,2026-05-01,put,190.0,0.13,0.1,0.14,0.8320329296874999,519,1120
2026-04-18,US0079031078,AMD,2026-05-01,put,195.0,0.16,0.15,0.21,0.8242205078124999,24,435
2026-04-18,US0079031078,AMD,2026-05-01,put,200.0,0.18,0.17,0.23,0.7832052929687501,467,2583
2026-04-18,US0079031078,AMD,2026-05-01,put,205.0,0.25,0.19,0.25,0.7421900781249999,44,412
2026-04-18,US0079031078,AMD,2026-05-01,put,210.0,0.29,0.26,0.31,0.7182645361328125,175,2057
2026-04-18,US0079031078,AMD,2026-05-01,put,215.0,0.37,0.33,0.4,0.6938507177734375,174,601
2026-04-18,US0079031078,AMD,2026-05-01,put,220.0,0.47,0.44,0.49,0.6689486230468751,308,1391
2026-04-18,US0079031078,AMD,2026-05-01,put,225.0,0.6,0.56,0.65,0.64648791015625,118,1322
2026-04-18,US0079031078,AMD,2026-05-01,put,230.0,0.78,0.74,0.81,0.6225623681640625,344,1484
2026-04-18,US0079031078,AMD,2026-05-01,put,235.0,1.03,0.98,1.08,0.603763728027344,164,383
2026-04-18,US0079031078,AMD,2026-05-01,put,240.0,1.38,1.31,1.4,0.5843547424316407,352,1028
2026-04-18,US0079031078,AMD,2026-05-01,put,245.0,1.86,1.76,1.86,0.5682416223144531,566,2517
2026-04-18,US0079031078,AMD,2026-05-01,put,250.0,2.5,2.4,2.54,0.5578657495117189,613,659
2026-04-18,US0079031078,AMD,2026-05-01,put,255.0,3.3,3.15,3.45,0.5461471166992189,492,465
2026-04-18,US0079031078,AMD,2026-05-01,put,260.0,4.25,4.25,4.5,0.5358933129882812,1635,2548
2026-04-18,US0079031078,AMD,2026-05-01,put,265.0,5.75,5.6,5.9,0.5277146838378908,559,581
2026-04-18,US0079031078,AMD,2026-05-01,put,270.0,7.4,7.25,7.5,0.5169115692138673,1120,533
2026-04-18,US0079031078,AMD,2026-05-01,put,275.0,9.5,9.3,9.6,0.5119677709960937,492,341
2026-04-18,US0079031078,AMD,2026-05-01,put,280.0,11.9,11.75,12.1,0.5091601818847658,508,100
2026-04-18,US0079031078,AMD,2026-05-01,put,290.0,18.55,17.55,18.4,0.5059863854980469,46,12
2026-04-18,US0079031078,AMD,2026-05-01,put,300.0,24.36,25.0,25.95,0.5142870837402342,6,45
2026-04-18,US0079031078,AMD,2026-05-08,call,105.0,172.85,171.35,175.4,2.461429627685547,1,2
2026-04-18,US0079031078,AMD,2026-05-08,call,120.0,125.02,156.15,160.3,2.1333054479980467,1,2
2026-04-18,US0079031078,AMD,2026-05-08,call,125.0,148.67,151.7,155.3,1.32422212890625,1,2
2026-04-18,US0079031078,AMD,2026-05-08,call,130.0,148.54,146.35,150.35,1.9633790893554686,4,7
2026-04-18,US0079031078,AMD,2026-05-08,call,140.0,139.01,136.3,140.5,0.9062509375,4,10
2026-04-18,US0079031078,AMD,2026-05-08,call,145.0,134.83,131.8,135.15,1.0625046875000002,2,10
2026-04-18,US0079031078,AMD,2026-05-08,call,150.0,129.96,126.55,130.6,1.109379453125,1,11
2026-04-18,US0079031078,AMD,2026-05-08,call,155.0,124.71,121.55,125.55,1.0361376318359379,1,36
2026-04-18,US0079031078,AMD,2026-05-08,call,160.0,97.67,116.5,120.3,0.73437765625,20,31
2026-04-18,US0079031078,AMD,2026-05-08,call,165.0,114.14,111.5,115.35,0.789064609375,3,30
2026-04-18,US0079031078,AMD,2026-05-08,call,170.0,100.09,106.5,110.7,0.918946123046875,6,50
2026-04-18,US0079031078,AMD,2026-05-08,call,180.0,100.22,96.9,100.8,0.9248054394531251,2,41
2026-04-18,US0079031078,AMD,2026-05-08,call,185.0,93.25,91.85,95.9,0.8813488427734374,215,55
2026-04-18,US0079031078,AMD,2026-05-08,call,190.0,89.3,87.05,90.8,0.8447281152343749,2,218
2026-04-18,US0079031078,AMD,2026-05-08,call,195.0,84.35,83.5,84.8,0.8471694970703124,1,96
2026-04-18,US0079031078,AMD,2026-05-08,call,200.0,79.2,78.65,80.85,0.8967295483398436,15,201
2026-04-18,US0079031078,AMD,2026-05-08,call,205.0,74.64,73.85,76.0,0.8652357226562499,333,261
2026-04-18,US0079031078,AMD,2026-05-08,call,210.0,69.91,69.0,70.25,0.7707542456054688,333,258
2026-04-18,US0079031078,AMD,2026-05-08,call,215.0,63.97,64.2,65.5,0.7468287036132812,12,362
2026-04-18,US0079031078,AMD,2026-05-08,call,220.0,60.12,59.5,60.8,0.7268093725585938,12,314
2026-04-18,US0079031078,AMD,2026-05-08,call,225.0,55.0,54.85,56.1,0.7038603833007813,44,1183
2026-04-18,US0079031078,AMD,2026-05-08,call,230.0,50.87,50.35,52.4,0.7219266088867188,85,612
2026-04-18,US0079031078,AMD,2026-05-08,call,235.0,46.7,44.85,48.05,0.6685824157714846,48,678
2026-04-18,US0079031078,AMD,2026-05-08,call,240.0,41.99,41.6,42.85,0.660281717529297,76,1286
2026-04-18,US0079031078,AMD,2026-05-08,call,245.0,37.91,37.45,39.65,0.6743196630859377,57,695
2026-04-18,US0079031078,AMD,2026-05-08,call,250.0,34.27,33.5,34.9,0.6419713537597658,233,1618
2026-04-18,US0079031078,AMD,2026-05-08,call,255.0,29.97,30.05,30.95,0.6352575537109376,48,1180
2026-04-18,US0079031078,AMD,2026-05-08,call,260.0,26.55,26.6,27.4,0.6284216845703126,255,860
2026-04-18,US0079031078,AMD,2026-05-08,call,265.0,23.85,23.2,24.1,0.6189613299560548,89,488
2026-04-18,US0079031078,AMD,2026-05-08,call,270.0,20.55,20.4,21.05,0.6174354663085939,285,1214
2026-04-18,US0079031078,AMD,2026-05-08,call,275.0,17.75,17.8,18.25,0.6151771881103516,172,568
2026-04-18,US0079031078,AMD,2026-05-08,call,280.0,15.6,15.25,15.75,0.6103554589843752,824,1456
2026-04-18,US0079031078,AMD,2026-05-08,call,285.0,13.1,13.0,13.5,0.6068154553222658,251,324
2026-04-18,US0079031078,AMD,2026-05-08,call,290.0,11.33,11.15,11.55,0.6076699389648439,1495,358
2026-04-18,US0079031078,AMD,2026-05-08,call,295.0,9.58,9.5,9.9,0.6097451135253908,164,128
2026-04-18,US0079031078,AMD,2026-05-08,call,300.0,8.13,7.95,8.35,0.6074868353271485,465,637
2026-04-18,US0079031078,AMD,2026-05-08,call,305.0,6.83,6.6,7.05,0.6064492480468751,203,447
2026-04-18,US0079031078,AMD,2026-05-08,call,310.0,5.8,5.5,5.95,0.607547869873047,169,453
2026-04-18,US0079031078,AMD,2026-05-08,call,315.0,5.04,4.55,5.15,0.6122475299072268,57,201
2026-04-18,US0079031078,AMD,2026-05-08,call,320.0,4.0,3.95,4.35,0.6195106408691409,136,248
2026-04-18,US0079031078,AMD,2026-05-08,call,325.0,3.45,3.25,3.65,0.6206092626953126,42,134
2026-04-18,US0079031078,AMD,2026-05-08,call,330.0,2.9,2.75,2.96,0.6215858154296876,98,248
2026-04-18,US0079031078,AMD,2026-05-08,call,335.0,2.47,2.3,2.52,0.6267127172851563,6,139
2026-04-18,US0079031078,AMD,2026-05-08,call,340.0,2.1,1.97,2.12,0.6326941027832031,37,100
2026-04-18,US0079031078,AMD,2026-05-08,call,345.0,1.73,1.66,1.87,0.6412389392089843,156,219
2026-04-18,US0079031078,AMD,2026-05-08,call,350.0,1.43,1.42,1.53,0.6445348046875,239,158
2026-04-18,US0079031078,AMD,2026-05-08,call,370.0,0.85,0.68,0.94,0.6728548339843752,25,166
2026-04-18,US0079031078,AMD,2026-05-08,call,380.0,0.64,0.55,0.64,0.6840851904296876,15,547
2026-04-18,US0079031078,AMD,2026-05-08,call,390.0,0.5,0.41,0.51,0.700198310546875,18,41
2026-04-18,US0079031078,AMD,2026-05-08,call,400.0,0.32,0.28,0.41,0.711916943359375,109,155
2026-04-18,US0079031078,AMD,2026-05-08,put,40.0,0.02,0.0,0.01,2.3750040624999995,1,16
2026-04-18,US0079031078,AMD,2026-05-08,put,90.0,0.11,0.0,0.08,1.65625171875,10,10
2026-04-18,US0079031078,AMD,2026-05-08,put,100.0,0.02,0.0,0.08,1.5078149609375,1,14
2026-04-18,US0079031078,AMD,2026-05-08,put,105.0,0.02,0.0,0.07,1.421877890625,3,11
2026-04-18,US0079031078,AMD,2026-05-08,put,110.0,0.02,0.0,0.02,1.21875390625,7,43
2026-04-18,US0079031078,AMD,2026-05-08,put,115.0,0.11,0.0,0.09,1.32422212890625,12,18
2026-04-18,US0079031078,AMD,2026-05-08,put,120.0,0.04,0.0,0.02,1.109379453125,8,44
2026-04-18,US0079031078,AMD,2026-05-08,put,125.0,0.04,0.0,0.1,1.21875390625,1,96
2026-04-18,US0079031078,AMD,2026-05-08,put,130.0,0.02,0.01,0.1,1.171879140625,13,126
2026-04-18,US0079031078,AMD,2026-05-08,put,135.0,0.02,0.01,0.11,1.12891060546875,2,63
2026-04-18,US0079031078,AMD,2026-05-08,put,140.0,0.03,0.01,0.07,1.0312548437500002,4,43
2026-04-18,US0079031078,AMD,2026-05-08,put,145.0,0.04,0.01,0.12,1.0312548437500002,4,176
2026-04-18,US0079031078,AMD,2026-05-08,put,150.0,0.05,0.02,0.11,0.98242205078125,18,5601
2026-04-18,US0079031078,AMD,2026-05-08,put,155.0,0.06,0.05,0.08,0.9335944140625,33,782
2026-04-18,US0079031078,AMD,2026-05-08,put,160.0,0.1,0.06,0.11,0.914063359375,39,243
2026-04-18,US0079031078,AMD,2026-05-08,put,165.0,0.11,0.09,0.13,0.893555751953125,351,714
2026-04-18,US0079031078,AMD,2026-05-08,put,170.0,0.14,0.12,0.18,0.8798840136718749,16,1028
2026-04-18,US0079031078,AMD,2026-05-08,put,175.0,0.16,0.15,0.21,0.852540537109375,269,535
2026-04-18,US0079031078,AMD,2026-05-08,put,180.0,0.25,0.19,0.32,0.8457046679687499,54,461
2026-04-18,US0079031078,AMD,2026-05-08,put,185.0,0.28,0.24,0.33,0.8115253222656249,24,160
2026-04-18,US0079031078,AMD,2026-05-08,put,190.0,0.37,0.32,0.42,0.795900478515625,43,604
2026-04-18,US0079031078,AMD,2026-05-08,put,195.0,0.46,0.41,0.5,0.7739280419921876,20,273
2026-04-18,US0079031078,AMD,2026-05-08,put,200.0,0.62,0.53,0.61,0.7553735400390625,144,1716
2026-04-18,US0079031078,AMD,2026-05-08,put,205.0,0.71,0.66,0.75,0.735354208984375,38,439
2026-04-18,US0079031078,AMD,2026-05-08,put,210.0,0.86,0.81,1.02,0.7231472998046875,80,492
2026-04-18,US0079031078,AMD,2026-05-08,put,215.0,1.15,1.04,1.14,0.6987334814453126,128,280
2026-04-18,US0079031078,AMD,2026-05-08,put,220.0,1.41,1.35,1.49,0.6892120922851563,317,1025
2026-04-18,US0079031078,AMD,2026-05-08,put,225.0,1.74,1.63,1.85,0.6707796594238282,165,479
2026-04-18,US0079031078,AMD,2026-05-08,put,230.0,2.22,2.18,2.26,0.6604037866210939,169,700
2026-04-18,US0079031078,AMD,2026-05-08,put,235.0,2.86,2.71,2.92,0.6508823974609376,191,194
2026-04-18,US0079031078,AMD,2026-05-08,put,240.0,3.5,3.4,3.65,0.64062859375,295,693
2026-04-18,US0079031078,AMD,2026-05-08,put,245.0,4.45,4.25,4.5,0.6303747900390625,1836,458
2026-04-18,US0079031078,AMD,2026-05-08,put,250.0,5.42,5.25,5.55,0.6210975390625001,317,317
2026-04-18,US0079031078,AMD,2026-05-08,put,255.0,6.77,6.5,6.85,0.6149940844726562,290,1430
2026-04-18,US0079031078,AMD,2026-05-08,put,260.0,8.31,8.0,8.25,0.607547869873047,311,416
2026-04-18,US0079031078,AMD,2026-05-08,put,265.0,10.0,9.7,10.15,0.6053506262207033,228,170
2026-04-18,US0079031078,AMD,2026-05-08,put,275.0,14.13,13.9,14.35,0.5958292370605469,176,216
2026-04-18,US0079031078,AMD,2026-05-08,put,280.0,16.65,16.45,16.95,0.5949747534179688,939,73
2026-04-18,US0079031078,AMD,2026-05-08,put,285.0,19.5,17.95,20.05,0.5744671459960937,2,11
2026-04-18,US0079031078,AMD,2026-05-08,put,295.0,26.06,25.25,26.45,0.5915568188476563,31,27
2026-04-18,US0079031078,AMD,2026-05-08,put,300.0,29.0,27.6,30.9,0.5863688824462892,1,5
2026-04-18,US0079031078,AMD,2026-05-15,call,25.0,220.35,252.7,254.85,3.9394532763671872,1,1769
2026-04-18,US0079031078,AMD,2026-05-15,call,30.0,179.54,247.7,249.0,3.8789065527343753,1,10
2026-04-18,US0079031078,AMD,2026-05-15,call,35.0,175.29,242.75,244.05,2.3125042187499996,1,9
2026-04-18,US0079031078,AMD,2026-05-15,call,40.0,157.55,237.75,239.05,2.156254609375,3,3
2026-04-18,US0079031078,AMD,2026-05-15,call,45.0,122.9,115.5,116.45,1.0000000000000003e-05,1,1
2026-04-18,US0079031078,AMD,2026-05-15,call,50.0,145.05,227.8,229.05,2.1250046874999997,2,2
2026-04-18,US0079031078,AMD,2026-05-15,call,55.0,191.15,222.8,224.05,2.00781748046875,47,37
2026-04-18,US0079031078,AMD,2026-05-15,call,60.0,175.3,156.7,158.45,1.0000000000000003e-05,1,18
2026-04-18,US0079031078,AMD,2026-05-15,call,65.0,150.0,212.85,214.1,1.96875015625,1,9
2026-04-18,US0079031078,AMD,2026-05-15,call,70.0,129.5,207.85,209.15,1.92578162109375,1,20
2026-04-18,US0079031078,AMD,2026-05-15,call,75.0,126.28,0.0,0.0,1.0000000000000003e-05,1,0
2026-04-18,US0079031078,AMD,2026-05-15,call,80.0,198.28,197.9,199.2,1.8203133984375,1,41
2026-04-18,US0079031078,AMD,2026-05-15,call,85.0,116.15,192.9,194.15,1.701173369140625,20,26
2026-04-18,US0079031078,AMD,2026-05-15,call,90.0,103.22,0.0,0.0,1.0000000000000003e-05,10,0
2026-04-18,US0079031078,AMD,2026-05-15,call,95.0,183.67,182.95,184.2,1.607423837890625,2,11
2026-04-18,US0079031078,AMD,2026-05-15,call,100.0,177.74,177.95,180.15,1.8281258593749998,1,126
2026-04-18,US0079031078,AMD,2026-05-15,call,105.0,172.92,172.95,174.25,1.4882838085937498,3,56
2026-04-18,US0079031078,AMD,2026-05-15,call,110.0,162.9,168.0,169.3,1.4609401953124999,1,69
2026-04-18,US0079031078,AMD,2026-05-15,call,115.0,142.3,163.0,164.3,1.3955108349609375,1,118
2026-04-18,US0079031078,AMD,2026-05-15,call,120.0,157.58,158.0,160.15,1.534670295410156,5,130
2026-04-18,US0079031078,AMD,2026-05-15,call,125.0,153.48,153.05,154.3,1.2890660546875,3,131
2026-04-18,US0079031078,AMD,2026-05-15,call,130.0,149.23,146.9,150.2,1.142582412109375,1,238
2026-04-18,US0079031078,AMD,2026-05-15,call,135.0,142.79,143.1,144.3,1.1884806201171876,1,188
2026-04-18,US0079031078,AMD,2026-05-15,call,140.0,138.5,138.1,140.25,1.307620649414062,29,511
2026-04-18,US0079031078,AMD,2026-05-15,call,145.0,134.9,133.15,135.7,1.3100620434570311,5,279
2026-04-18,US0079031078,AMD,2026-05-15,call,150.0,128.12,128.2,129.4,1.0722702636718753,4,656
2026-04-18,US0079031078,AMD,2026-05-15,call,155.0,123.7,123.25,124.5,1.0478563232421876,54,1084
2026-04-18,US0079031078,AMD,2026-05-15,call,160.0,119.06,118.3,119.65,1.0273486132812502,7,820
2026-04-18,US0079031078,AMD,2026-05-15,call,165.0,114.0,113.35,114.6,0.9770510107421876,10,929
2026-04-18,US0079031078,AMD,2026-05-15,call,170.0,109.44,108.4,110.55,1.0363817712402348,7,461
2026-04-18,US0079031078,AMD,2026-05-15,call,175.0,104.15,103.45,105.6,0.9926758544921875,9,498
2026-04-18,US0079031078,AMD,2026-05-15,call,180.0,98.43,98.55,99.75,0.8725598681640624,24,652
2026-04-18,US0079031078,AMD,2026-05-15,call,185.0,93.35,93.6,95.0,0.8532729516601563,176,655
2026-04-18,US0079031078,AMD,2026-05-15,call,190.0,89.35,88.85,89.8,0.8100604931640624,9,1029
2026-04-18,US0079031078,AMD,2026-05-15,call,195.0,84.73,83.95,84.95,0.7829611547851563,32,1352
2026-04-18,US0079031078,AMD,2026-05-15,call,200.0,79.37,79.1,80.25,0.7668480346679689,109,19111
2026-04-18,US0079031078,AMD,2026-05-15,call,210.0,69.97,69.55,70.55,0.7148466015625,90,6496
2026-04-18,US0079031078,AMD,2026-05-15,call,220.0,60.74,60.35,61.35,0.6884796777343751,108,8066
2026-04-18,US0079031078,AMD,2026-05-15,call,230.0,51.75,51.35,52.3,0.6540561938476563,238,6680
2026-04-18,US0079031078,AMD,2026-05-15,call,240.0,43.62,42.85,43.95,0.6331823791503908,283,8220
2026-04-18,US0079031078,AMD,2026-05-15,call,250.0,35.43,35.25,35.95,0.6159706372070313,352,11814
2026-04-18,US0079031078,AMD,2026-05-15,call,260.0,28.62,28.3,28.95,0.6043740734863283,611,8753
2026-04-18,US0079031078,AMD,2026-05-15,call,270.0,22.35,22.25,23.05,0.5996744134521486,1265,5971
2026-04-18,US0079031078,AMD,2026-05-15,call,280.0,17.3,17.05,17.55,0.5871012969970704,2197,9550
2026-04-18,US0079031078,AMD,2026-05-15,call,290.0,13.05,12.95,13.3,0.5850261224365234,2552,4948
2026-04-18,US0079031078,AMD,2026-05-15,call,300.0,9.83,9.65,9.95,0.5844157769775391,2116,10299
2026-04-18,US0079031078,AMD,2026-05-15,call,310.0,7.2,7.15,7.4,0.5872844006347657,3314,5963
2026-04-18,US0079031078,AMD,2026-05-15,call,320.0,5.34,5.2,5.45,0.5897868170166016,631,1691
2026-04-18,US0079031078,AMD,2026-05-15,call,330.0,3.9,3.8,4.0,0.594730615234375,1110,2630
2026-04-18,US0079031078,AMD,2026-05-15,call,340.0,2.86,2.81,2.92,0.6013223461914063,230,2492
2026-04-18,US0079031078,AMD,2026-05-15,call,350.0,2.15,2.1,2.19,0.6112099426269533,926,6638
2026-04-18,US0079031078,AMD,2026-05-15,call,360.0,1.65,1.54,1.65,0.6196327099609377,499,2171
2026-04-18,US0079031078,AMD,2026-05-15,call,370.0,1.2,1.14,1.26,0.6291540991210938,34,1927
2026-04-18,US0079031078,AMD,2026-05-15,call,380.0,0.9,0.87,1.03,0.6440465283203125,219,2760
2026-04-18,US0079031078,AMD,2026-05-15,call,390.0,0.73,0.66,0.83,0.6567417138671876,34,2021
2026-04-18,US0079031078,AMD,2026-05-15,call,400.0,0.54,0.42,0.58,0.6518589501953126,655,945
2026-04-18,US0079031078,AMD,2026-05-15,call,410.0,0.42,0.4,0.48,0.6748079394531252,61,361
2026-04-18,US0079031078,AMD,2026-05-15,call,420.0,0.33,0.3,0.39,0.684573466796875,326,1138
2026-04-18,US0079031078,AMD,2026-05-15,call,430.0,0.26,0.23,0.36,0.702151416015625,11,138
2026-04-18,US0079031078,AMD,2026-05-15,call,440.0,0.23,0.19,0.27,0.7094755615234375,17,217
2026-04-18,US0079031078,AMD,2026-05-15,call,450.0,0.16,0.09,0.18,0.69336244140625,136,512
2026-04-18,US0079031078,AMD,2026-05-15,call,460.0,0.15,0.1,0.18,0.7236355761718749,32,948
2026-04-18,US0079031078,AMD,2026-05-15,call,470.0,0.1,0.1,0.15,0.7402369726562499,25,203
2026-04-18,US0079031078,AMD,2026-05-15,call,480.0,0.1,0.09,0.19,0.7753928710937501,71,445
2026-04-18,US0079031078,AMD,2026-05-15,call,490.0,0.08,0.06,0.11,0.7597680273437502,2,232
2026-04-18,US0079031078,AMD,2026-05-15,call,500.0,0.06,0.05,0.1,0.773439765625,40,3992
2026-04-18,US0079031078,AMD,2026-05-15,call,510.0,0.08,0.01,0.09,0.7656273437500001,3,457
2026-04-18,US0079031078,AMD,2026-05-15,call,520.0,0.04,0.01,0.12,0.80664255859375,107,3254
2026-04-18,US0079031078,AMD,2026-05-15,call,530.0,0.03,0.03,0.05,0.7929708203125,85,11360
2026-04-18,US0079031078,AMD,2026-05-15,put,25.0,0.01,0.0,0.09,3.0781273046874995,1,3314
2026-04-18,US0079031078,AMD,2026-05-15,put,30.0,0.01,0.0,0.09,2.8359404101562498,5,102
2026-04-18,US0079031078,AMD,2026-05-15,put,35.0,0.02,0.0,0.09,2.6328159179687503,1,248
2026-04-18,US0079031078,AMD,2026-05-15,put,40.0,0.02,0.0,0.09,2.46094134765625,3,803
2026-04-18,US0079031078,AMD,2026-05-15,put,45.0,0.01,0.0,0.09,2.3125042187499996,2,131
2026-04-18,US0079031078,AMD,2026-05-15,put,50.0,0.02,0.0,0.09,2.1796920507812496,3,111
2026-04-18,US0079031078,AMD,2026-05-15,put,55.0,0.04,0.0,0.09,2.0625048437499998,47,99
2026-04-18,US0079031078,AMD,2026-05-15,put,60.0,0.02,0.0,0.03,1.78125109375,1,92
2026-04-18,US0079031078,AMD,2026-05-15,put,65.0,0.02,0.0,0.05,1.75000125,2,102
2026-04-18,US0079031078,AMD,2026-05-15,put,70.0,0.02,0.0,0.1,1.7734386328124998,5,596
2026-04-18,US0079031078,AMD,2026-05-15,put,75.0,0.03,0.0,0.1,1.6875015625,1,312
2026-04-18,US0079031078,AMD,2026-05-15,put,80.0,0.02,0.0,0.06,1.5312523437499999,40,260
2026-04-18,US0079031078,AMD,2026-05-15,put,85.0,0.02,0.0,0.04,1.40625296875,1,2268
2026-04-18,US0079031078,AMD,2026-05-15,put,90.0,0.02,0.01,0.06,1.4140654296875002,89,274
2026-04-18,US0079031078,AMD,2026-05-15,put,95.0,0.02,0.01,0.06,1.3515657421874998,4,539
2026-04-18,US0079031078,AMD,2026-05-15,put,100.0,0.04,0.01,0.12,1.3671906640625,11,1413
2026-04-18,US0079031078,AMD,2026-05-15,put,105.0,0.05,0.0,0.07,1.2265663671875,10,465
2026-04-18,US0079031078,AMD,2026-05-15,put,110.0,0.03,0.01,0.13,1.25390998046875,3,910
2026-04-18,US0079031078,AMD,2026-05-15,put,115.0,0.02,0.02,0.08,1.15625421875,21,752
2026-04-18,US0079031078,AMD,2026-05-15,put,120.0,0.05,0.03,0.08,1.1171919140625,100,1670
2026-04-18,US0079031078,AMD,2026-05-15,put,125.0,0.06,0.03,0.1,1.08203583984375,32,565
2026-04-18,US0079031078,AMD,2026-05-15,put,130.0,0.05,0.04,0.09,1.0332079589843752,38,1783
2026-04-18,US0079031078,AMD,2026-05-15,put,135.0,0.07,0.03,0.15,1.01953615234375,40,2276
2026-04-18,US0079031078,AMD,2026-05-15,put,140.0,0.07,0.07,0.09,0.9609378906249999,138,13486
2026-04-18,US0079031078,AMD,2026-05-15,put,145.0,0.09,0.04,0.13,0.91992267578125,22,3022
2026-04-18,US0079031078,AMD,2026-05-15,put,150.0,0.11,0.1,0.15,0.9160164648437501,98,2265
2026-04-18,US0079031078,AMD,2026-05-15,put,155.0,0.15,0.11,0.18,0.8867198828124999,17,3040
2026-04-18,US0079031078,AMD,2026-05-15,put,160.0,0.19,0.15,0.19,0.860352958984375,44,4778
2026-04-18,US0079031078,AMD,2026-05-15,put,165.0,0.19,0.17,0.23,0.8339860351562498,789,8901
2026-04-18,US0079031078,AMD,2026-05-15,put,170.0,0.27,0.22,0.29,0.8173846386718748,168,5594
2026-04-18,US0079031078,AMD,2026-05-15,put,175.0,0.31,0.29,0.34,0.79883013671875,411,5051
2026-04-18,US0079031078,AMD,2026-05-15,put,180.0,0.39,0.37,0.44,0.7851583984375,242,7051
2026-04-18,US0079031078,AMD,2026-05-15,put,185.0,0.46,0.43,0.5,0.7583031982421876,284,5478
2026-04-18,US0079031078,AMD,2026-05-15,put,190.0,0.56,0.51,0.6,0.7368190380859375,175,6399
2026-04-18,US0079031078,AMD,2026-05-15,put,195.0,0.7,0.63,0.71,0.71679970703125,95,4024
2026-04-18,US0079031078,AMD,2026-05-15,put,200.0,0.84,0.8,0.83,0.6987334814453126,1104,17288
2026-04-18,US0079031078,AMD,2026-05-15,put,210.0,1.26,1.23,1.3,0.6711458666992189,606,6348
2026-04-18,US0079031078,AMD,2026-05-15,put,220.0,1.96,1.9,2.02,0.6473423937988281,715,5293
2026-04-18,US0079031078,AMD,2026-05-15,put,230.0,2.95,2.9,3.05,0.6246375427246094,2428,6261
2026-04-18,US0079031078,AMD,2026-05-15,put,240.0,4.5,4.4,4.6,0.6072426971435547,2410,5879
2026-04-18,US0079031078,AMD,2026-05-15,put,250.0,6.69,6.55,6.9,0.5955850988769531,1264,5027
2026-04-18,US0079031078,AMD,2026-05-15,put,260.0,9.6,9.5,9.8,0.5829509478759765,1610,1759
2026-04-18,US0079031078,AMD,2026-05-15,put,270.0,13.52,13.35,13.7,0.5749554223632812,1596,998
2026-04-18,US0079031078,AMD,2026-05-15,put,280.0,18.57,18.15,18.6,0.5697674859619142,1058,369
2026-04-18,US0079031078,AMD,2026-05-15,put,290.0,23.6,23.85,24.4,0.5649457568359376,73,315
2026-04-18,US0079031078,AMD,2026-05-15,put,300.0,30.4,30.55,31.15,0.5648847222900393,38,60
2026-04-18,US0079031078,AMD,2026-05-15,put,310.0,38.53,37.85,38.85,0.5666547241210937,106,16
2026-04-18,US0079031078,AMD,2026-05-15,put,320.0,45.49,45.8,47.0,0.5661664477539063,23,45
2026-04-18,US0079031078,AMD,2026-05-15,put,330.0,55.23,54.35,55.6,0.5667767932128907,20,4
2026-04-18,US0079031078,AMD,2026-05-15,put,340.0,64.26,63.35,64.55,0.5682416223144531,4,0
2026-04-18,US0079031078,AMD,2026-05-15,put,350.0,72.8,72.65,73.9,0.5744671459960937,30,0
2026-04-18,US0079031078,AMD,2026-05-15,put,360.0,83.43,82.05,83.35,0.5710492114257812,2,0
2026-04-18,US0079031078,AMD,2026-05-15,put,370.0,94.2,91.6,93.0,0.5664105859375,25,25
2026-04-18,US0079031078,AMD,2026-05-15,put,380.0,187.55,185.95,188.55,3.772583576354981,15,0
2026-04-18,US0079031078,AMD,2026-05-15,put,390.0,165.75,174.55,176.35,3.12414769744873,1,0
2026-04-18,US0079031078,AMD,2026-05-15,put,400.0,156.3,206.0,208.55,3.9052736743164065,20,0
2026-04-18,US0079031078,AMD,2026-05-15,put,410.0,201.96,215.35,218.55,3.956543077392578,1,0
2026-04-18,US0079031078,AMD,2026-05-15,put,420.0,172.2,226.0,228.55,4.027043540420533,20,0
2026-04-18,US0079031078,AMD,2026-05-15,put,430.0,196.17,213.2,215.15,3.3295304847717277,2,0
2026-04-18,US0079031078,AMD,2026-05-15,put,440.0,188.2,223.85,225.7,3.4050918193054196,5,0
2026-04-18,US0079031078,AMD,2026-05-15,put,450.0,187.5,246.0,249.55,3.8823245129394532,2,0
2026-04-18,US0079031078,AMD,2026-05-15,put,460.0,259.95,179.9,182.35,0.9038095556640625,,0
2026-04-18,US0079031078,AMD,2026-05-15,put,480.0,229.55,272.8,274.95,3.9069216194152836,40,0
2026-04-18,US0079031078,AMD,2026-05-15,put,530.0,320.26,314.5,316.4,3.856750846405029,,0
2026-04-18,US0079031078,AMD,2026-05-22,call,105.0,140.97,171.5,175.6,1.2871129394531249,2,3
2026-04-18,US0079031078,AMD,2026-05-22,call,110.0,168.42,166.6,170.6,1.2714880175781247,1,4
2026-04-18,US0079031078,AMD,2026-05-22,call,120.0,128.25,156.5,160.65,1.1416058544921874,,4
2026-04-18,US0079031078,AMD,2026-05-22,call,135.0,132.74,141.85,145.75,1.1054732226562503,1,2
2026-04-18,US0079031078,AMD,2026-05-22,call,160.0,117.35,117.4,120.95,0.965820654296875,8,10
2026-04-18,US0079031078,AMD,2026-05-22,call,165.0,91.2,112.25,116.15,0.9238288867187501,1,12
2026-04-18,US0079031078,AMD,2026-05-22,call,170.0,88.42,107.4,111.2,0.8967295483398436,5,8
2026-04-18,US0079031078,AMD,2026-05-22,call,175.0,49.76,102.5,106.35,0.8720715917968749,,5
2026-04-18,US0079031078,AMD,2026-05-22,call,180.0,87.11,98.65,100.35,0.8381363842773437,12,25
2026-04-18,US0079031078,AMD,2026-05-22,call,185.0,64.19,93.8,95.5,0.8142108422851562,,10
2026-04-18,US0079031078,AMD,2026-05-22,call,190.0,80.37,88.95,90.65,0.788088056640625,37,9
2026-04-18,US0079031078,AMD,2026-05-22,call,195.0,85.38,84.15,85.85,0.7661156201171876,4,34
2026-04-18,US0079031078,AMD,2026-05-22,call,200.0,80.0,79.35,81.9,0.7807639111328125,20,16
2026-04-18,US0079031078,AMD,2026-05-22,call,205.0,75.41,74.7,77.35,0.7668480346679689,5,6
2026-04-18,US0079031078,AMD,2026-05-22,call,210.0,71.33,70.0,71.65,0.7045927978515626,2,58
2026-04-18,US0079031078,AMD,2026-05-22,call,215.0,66.55,64.0,67.1,0.6381872119140625,9,82
2026-04-18,US0079031078,AMD,2026-05-22,call,220.0,61.44,60.9,62.65,0.6766389758300781,7,71
2026-04-18,US0079031078,AMD,2026-05-22,call,225.0,57.3,56.45,58.95,0.6813996704101564,13,89
2026-04-18,US0079031078,AMD,2026-05-22,call,230.0,52.05,52.15,53.95,0.6499058447265625,18,108
2026-04-18,US0079031078,AMD,2026-05-22,call,235.0,48.36,47.95,49.9,0.6411168701171875,21,138
2026-04-18,US0079031078,AMD,2026-05-22,call,240.0,44.55,43.9,45.45,0.6218299536132813,38,384
2026-04-18,US0079031078,AMD,2026-05-22,call,245.0,40.62,40.05,41.9,0.6204261590576172,37,215
2026-04-18,US0079031078,AMD,2026-05-22,call,250.0,37.3,36.35,37.8,0.6054116607666018,29,701
2026-04-18,US0079031078,AMD,2026-05-22,call,255.0,33.97,32.8,34.65,0.6046182116699221,32,184
2026-04-18,US0079031078,AMD,2026-05-22,call,260.0,30.31,29.45,31.25,0.5968057897949219,133,633
2026-04-18,US0079031078,AMD,2026-05-22,call,265.0,28.39,25.95,27.8,0.5803874969482423,12,273
2026-04-18,US0079031078,AMD,2026-05-22,call,270.0,24.06,23.55,24.9,0.5837443969726561,95,286
2026-04-18,US0079031078,AMD,2026-05-22,call,275.0,21.8,21.5,22.1,0.5875895733642578,318,224
2026-04-18,US0079031078,AMD,2026-05-22,call,280.0,19.2,19.05,19.75,0.5863078479003907,124,209
2026-04-18,US0079031078,AMD,2026-05-22,call,285.0,17.2,16.9,17.4,0.5836833624267577,41,118
2026-04-18,US0079031078,AMD,2026-05-22,call,290.0,14.85,14.75,15.4,0.5806316351318359,55,388
2026-04-18,US0079031078,AMD,2026-05-22,call,295.0,13.45,13.1,13.6,0.5825237060546875,19,128
2026-04-18,US0079031078,AMD,2026-05-22,call,300.0,11.35,11.45,11.95,0.581486118774414,119,309
2026-04-18,US0079031078,AMD,2026-05-22,call,305.0,10.73,9.9,10.5,0.5800823242187501,35,250
2026-04-18,US0079031078,AMD,2026-05-22,call,310.0,8.84,8.8,9.3,0.5850261224365234,41,134
2026-04-18,US0079031078,AMD,2026-05-22,call,315.0,8.0,7.6,8.2,0.5855754333496093,18,85
2026-04-18,US0079031078,AMD,2026-05-22,call,320.0,7.05,6.7,7.15,0.5878337115478516,34,282
2026-04-18,US0079031078,AMD,2026-05-22,call,325.0,5.97,5.7,6.25,0.5867961242675781,30,220
2026-04-18,US0079031078,AMD,2026-05-22,call,330.0,5.25,4.95,5.55,0.5903971624755859,41,395
2026-04-18,US0079031078,AMD,2026-05-22,call,335.0,4.65,4.45,4.8,0.5946085461425781,9,54
2026-04-18,US0079031078,AMD,2026-05-22,call,340.0,4.2,3.85,4.25,0.5975992388916016,96,271
2026-04-18,US0079031078,AMD,2026-05-22,call,345.0,3.59,3.35,3.7,0.5996133789062501,65,532
2026-04-18,US0079031078,AMD,2026-05-22,call,350.0,3.0,2.96,3.15,0.6009561389160158,31,49
2026-04-18,US0079031078,AMD,2026-05-22,call,360.0,2.31,2.23,2.44,0.6070595935058594,14,77
2026-04-18,US0079031078,AMD,2026-05-22,call,370.0,1.85,1.66,1.93,0.6137733935546876,6,148
2026-04-18,US0079031078,AMD,2026-05-22,call,380.0,1.31,1.24,1.48,0.6184120190429689,3,427
2026-04-18,US0079031078,AMD,2026-05-22,call,400.0,0.86,0.77,0.91,0.6355016918945313,60,68
2026-04-18,US0079031078,AMD,2026-05-22,put,85.0,0.13,,0.13,1.5156274218749999,1,1
2026-04-18,US0079031078,AMD,2026-05-22,put,90.0,0.17,,0.14,1.4589870800781248,1,1
2026-04-18,US0079031078,AMD,2026-05-22,put,110.0,0.1,0.01,0.15,1.138676181640625,1,1
2026-04-18,US0079031078,AMD,2026-05-22,put,115.0,0.11,0.01,0.11,1.0546922265625,6,10
2026-04-18,US0079031078,AMD,2026-05-22,put,120.0,0.2,0.01,0.12,1.015629921875,1,4
2026-04-18,US0079031078,AMD,2026-05-22,put,125.0,0.24,0.01,0.19,1.015629921875,10,20
2026-04-18,US0079031078,AMD,2026-05-22,put,130.0,0.08,0.01,0.21,0.9785158398437501,4,10
2026-04-18,US0079031078,AMD,2026-05-22,put,135.0,0.11,0.01,0.23,0.9433599414062499,1,36
2026-04-18,US0079031078,AMD,2026-05-22,put,140.0,0.14,0.06,0.22,0.9160164648437501,1,36
2026-04-18,US0079031078,AMD,2026-05-22,put,145.0,0.12,0.05,0.24,0.875977802734375,5,23
2026-04-18,US0079031078,AMD,2026-05-22,put,150.0,0.17,0.1,0.26,0.8564467480468749,21,59
2026-04-18,US0079031078,AMD,2026-05-22,put,155.0,0.63,0.16,0.29,0.8388687988281249,10,26
2026-04-18,US0079031078,AMD,2026-05-22,put,160.0,0.27,0.21,0.34,0.8203142968749999,14,65
2026-04-18,US0079031078,AMD,2026-05-22,put,165.0,0.33,0.27,0.45,0.8100604931640624,4,55
2026-04-18,US0079031078,AMD,2026-05-22,put,170.0,0.4,0.35,0.44,0.7797873583984375,9,166
2026-04-18,US0079031078,AMD,2026-05-22,put,175.0,0.48,0.42,0.54,0.7622094091796876,9,107
2026-04-18,US0079031078,AMD,2026-05-22,put,180.0,0.58,0.51,0.72,0.75195560546875,32,185
2026-04-18,US0079031078,AMD,2026-05-22,put,185.0,0.72,0.63,0.78,0.7282742016601562,15,75
2026-04-18,US0079031078,AMD,2026-05-22,put,190.0,0.87,0.78,0.93,0.7124052197265626,46,372
2026-04-18,US0079031078,AMD,2026-05-22,put,195.0,1.09,0.95,1.11,0.6962920996093751,22,115
2026-04-18,US0079031078,AMD,2026-05-22,put,200.0,1.28,1.09,1.32,0.676761044921875,124,304
2026-04-18,US0079031078,AMD,2026-05-22,put,205.0,1.52,1.43,1.63,0.6699251757812501,23,210
2026-04-18,US0079031078,AMD,2026-05-22,put,210.0,1.9,1.74,1.89,0.6535679174804689,40,465
2026-04-18,US0079031078,AMD,2026-05-22,put,215.0,2.31,2.12,2.34,0.643680321044922,51,214
2026-04-18,US0079031078,AMD,2026-05-22,put,220.0,2.71,2.6,2.81,0.632816171875,140,682
2026-04-18,US0079031078,AMD,2026-05-22,put,225.0,3.24,3.15,3.4,0.6228065063476562,82,150
2026-04-18,US0079031078,AMD,2026-05-22,put,230.0,4.05,3.8,4.2,0.6159096026611328,420,321
2026-04-18,US0079031078,AMD,2026-05-22,put,235.0,5.0,4.5,4.9,0.602115795288086,150,160
2026-04-18,US0079031078,AMD,2026-05-22,put,240.0,5.85,5.55,6.0,0.600162689819336,149,536
2026-04-18,US0079031078,AMD,2026-05-22,put,245.0,7.0,6.65,7.05,0.5916788879394532,34,243
2026-04-18,US0079031078,AMD,2026-05-22,put,250.0,8.15,7.95,8.3,0.5850261224365234,106,299
2026-04-18,US0079031078,AMD,2026-05-22,put,255.0,9.95,9.4,9.85,0.5803874969482423,30,273
2026-04-18,US0079031078,AMD,2026-05-22,put,260.0,11.68,11.05,11.7,0.5778850805664062,107,376
2026-04-18,US0079031078,AMD,2026-05-22,put,290.0,25.87,25.4,26.95,0.5657392059326172,5,4
2026-04-18,US0079031078,AMD,2026-05-29,call,80.0,167.74,196.0,200.55,2.2177778930664056,,3
2026-04-18,US0079031078,AMD,2026-05-29,call,150.0,129.71,127.0,131.1,0.9433599414062499,4,1
2026-04-18,US0079031078,AMD,2026-05-29,call,155.0,122.42,122.0,126.1,0.8989267919921874,1,1
2026-04-18,US0079031078,AMD,2026-05-29,call,170.0,108.81,107.15,111.3,0.805666005859375,9,3
2026-04-18,US0079031078,AMD,2026-05-29,call,180.0,99.5,98.9,100.65,0.8002949658203125,1,3
2026-04-18,US0079031078,AMD,2026-05-29,call,185.0,64.12,94.05,96.75,0.8237322314453124,25,27
2026-04-18,US0079031078,AMD,2026-05-29,call,200.0,80.5,79.8,82.5,0.752932158203125,6,24
2026-04-18,US0079031078,AMD,2026-05-29,call,205.0,76.85,75.1,76.95,0.7000762414550781,1,25
2026-04-18,US0079031078,AMD,2026-05-29,call,215.0,66.47,64.8,67.75,0.6309851354980469,11,44
2026-04-18,US0079031078,AMD,2026-05-29,call,220.0,62.08,61.55,63.35,0.6544224011230471,12,38
2026-04-18,US0079031078,AMD,2026-05-29,call,225.0,58.3,57.15,60.25,0.6696810375976563,21,37
2026-04-18,US0079031078,AMD,2026-05-29,call,230.0,54.35,52.95,55.9,0.6539951593017579,15,53
2026-04-18,US0079031078,AMD,2026-05-29,call,235.0,49.45,48.85,50.85,0.62305064453125,29,113
2026-04-18,US0079031078,AMD,2026-05-29,call,240.0,45.33,45.2,46.8,0.6176796044921876,25,116
2026-04-18,US0079031078,AMD,2026-05-29,call,245.0,42.28,41.1,42.7,0.598758895263672,34,65
2026-04-18,US0079031078,AMD,2026-05-29,call,250.0,38.31,37.45,39.2,0.5936319934082033,16,132
2026-04-18,US0079031078,AMD,2026-05-29,call,255.0,33.95,33.95,35.6,0.5843547424316407,39,185
2026-04-18,US0079031078,AMD,2026-05-29,call,260.0,31.61,30.7,32.5,0.5815471533203125,33,198
2026-04-18,US0079031078,AMD,2026-05-29,call,265.0,29.04,28.25,29.25,0.5828288787841795,76,218
2026-04-18,US0079031078,AMD,2026-05-29,call,270.0,25.71,24.9,26.85,0.5781597360229492,144,422
2026-04-18,US0079031078,AMD,2026-05-29,call,275.0,23.2,22.8,23.55,0.573368524169922,79,87
2026-04-18,US0079031078,AMD,2026-05-29,call,280.0,20.8,20.4,21.1,0.5711102459716797,155,262
2026-04-18,US0079031078,AMD,2026-05-29,call,285.0,18.8,18.15,18.9,0.569340244140625,48,109
2026-04-18,US0079031078,AMD,2026-05-29,call,290.0,16.0,16.15,16.8,0.5674786904907226,2238,136
2026-04-18,US0079031078,AMD,2026-05-29,call,295.0,14.74,14.35,14.95,0.5670819659423829,13,77
2026-04-18,US0079031078,AMD,2026-05-29,call,300.0,13.0,12.55,13.35,0.5656171368408205,153,297
2026-04-18,US0079031078,AMD,2026-05-29,call,305.0,11.65,11.15,11.8,0.5661664477539063,43,57
2026-04-18,US0079031078,AMD,2026-05-29,call,325.0,7.58,6.7,7.4,0.5728802478027344,85,69
2026-04-18,US0079031078,AMD,2026-05-29,call,350.0,3.89,3.55,4.15,0.586918193359375,47,295
2026-04-18,US0079031078,AMD,2026-05-29,call,370.0,2.36,2.16,2.43,0.5935099243164064,21,54
2026-04-18,US0079031078,AMD,2026-05-29,call,390.0,1.4,1.3,1.49,0.6032754516601564,1,87
2026-04-18,US0079031078,AMD,2026-05-29,call,400.0,1.07,0.98,1.3,0.6132851171875001,7,26
2026-04-18,US0079031078,AMD,2026-05-29,put,130.0,0.16,0.02,0.2,0.89257919921875,25,3
2026-04-18,US0079031078,AMD,2026-05-29,put,140.0,0.45,0.03,0.32,0.858399853515625,,21
2026-04-18,US0079031078,AMD,2026-05-29,put,145.0,0.25,0.04,0.29,0.8125018749999999,3,30
2026-04-18,US0079031078,AMD,2026-05-29,put,150.0,0.27,0.13,0.34,0.8095722167968749,6,25
2026-04-18,US0079031078,AMD,2026-05-29,put,160.0,0.33,0.18,0.47,0.7666038964843751,2,33
2026-04-18,US0079031078,AMD,2026-05-29,put,165.0,0.5,0.22,0.52,0.7426783544921874,26,23
2026-04-18,US0079031078,AMD,2026-05-29,put,170.0,0.51,0.46,0.58,0.743166630859375,3,56
2026-04-18,US0079031078,AMD,2026-05-29,put,175.0,0.6,0.56,0.68,0.7258328198242188,7,153
2026-04-18,US0079031078,AMD,2026-05-29,put,180.0,0.8,0.58,0.86,0.7055693505859376,30,40
2026-04-18,US0079031078,AMD,2026-05-29,put,185.0,0.91,0.83,1.04,0.7006865869140625,17,99
2026-04-18,US0079031078,AMD,2026-05-29,put,190.0,1.12,1.01,1.19,0.6833527758789064,41,89
2026-04-18,US0079031078,AMD,2026-05-29,put,195.0,1.34,1.21,1.42,0.6689486230468751,30,34
2026-04-18,US0079031078,AMD,2026-05-29,put,200.0,1.63,1.49,1.72,0.65820654296875,74,194
2026-04-18,US0079031078,AMD,2026-05-29,put,205.0,1.89,1.77,2.0,0.6425816992187501,15,110
2026-04-18,US0079031078,AMD,2026-05-29,put,210.0,2.37,2.16,2.5,0.635867899169922,26,183
2026-04-18,US0079031078,AMD,2026-05-29,put,215.0,2.88,2.62,2.93,0.624149266357422,60,240
2026-04-18,US0079031078,AMD,2026-05-29,put,220.0,3.35,3.15,3.45,0.6129189099121095,79,168
2026-04-18,US0079031078,AMD,2026-05-29,put,225.0,3.7,3.8,4.1,0.6040689007568361,83,281
2026-04-18,US0079031078,AMD,2026-05-29,put,230.0,4.7,4.65,5.0,0.6009561389160158,163,480
2026-04-18,US0079031078,AMD,2026-05-29,put,235.0,5.65,5.4,5.85,0.5891154370117189,65,270
2026-04-18,US0079031078,AMD,2026-05-29,put,240.0,6.7,6.45,6.85,0.5817912915039063,95,253
2026-04-18,US0079031078,AMD,2026-05-29,put,245.0,8.05,7.6,8.05,0.5749554223632812,48,128
2026-04-18,US0079031078,AMD,2026-05-29,put,250.0,9.25,8.95,9.35,0.5681195532226562,241,367
2026-04-18,US0079031078,AMD,2026-05-29,put,255.0,11.4,10.45,10.9,0.5625654095458985,71,32
2026-04-18,US0079031078,AMD,2026-05-29,put,260.0,12.63,11.85,12.7,0.5541426422119142,71,213
2026-04-18,US0079031078,AMD,2026-05-29,put,265.0,14.9,14.05,14.6,0.5536543658447266,91,42
2026-04-18,US0079031078,AMD,2026-05-29,put,270.0,16.64,16.2,16.75,0.5505416040039064,85,95
2026-04-18,US0079031078,AMD,2026-05-29,put,275.0,19.2,18.35,19.3,0.5476729803466798,91,815
2026-04-18,US0079031078,AMD,2026-05-29,put,295.0,33.0,29.35,31.5,0.5444991839599609,5,3
2026-04-18,US0079031078,AMD,2026-06-18,call,5.0,271.8,272.5,274.05,5.287112766113281,10,395
2026-04-18,US0079031078,AMD,2026-06-18,call,10.0,205.73,267.5,269.25,4.347660815429686,2,952
2026-04-18,US0079031078,AMD,2026-06-18,call,15.0,187.95,262.55,264.3,2.468753828125,,6
2026-04-18,US0079031078,AMD,2026-06-18,call,20.0,196.07,257.6,259.35,2.4140664648437498,1,6
2026-04-18,US0079031078,AMD,2026-06-18,call,25.0,247.08,252.6,254.2,1.8125009374999999,4,203
2026-04-18,US0079031078,AMD,2026-06-18,call,30.0,171.69,247.65,249.4,2.134770288085937,22,58
2026-04-18,US0079031078,AMD,2026-06-18,call,35.0,210.59,242.7,244.4,2.02344244140625,1,29
2026-04-18,US0079031078,AMD,2026-06-18,call,40.0,168.14,237.7,239.5,1.953125234375,1,18
2026-04-18,US0079031078,AMD,2026-06-18,call,45.0,156.2,232.75,234.5,1.859375703125,1,25
2026-04-18,US0079031078,AMD,2026-06-18,call,50.0,152.5,227.8,229.35,1.701173369140625,8,2382
2026-04-18,US0079031078,AMD,2026-06-18,call,55.0,191.34,222.85,224.4,1.654298603515625,47,98
2026-04-18,US0079031078,AMD,2026-06-18,call,60.0,218.05,217.95,219.45,1.6240253173828125,2,148
2026-04-18,US0079031078,AMD,2026-06-18,call,65.0,154.38,212.9,214.5,1.541017919921875,4,512
2026-04-18,US0079031078,AMD,2026-06-18,call,70.0,159.0,207.9,209.55,1.4794947900390625,2,532
2026-04-18,US0079031078,AMD,2026-06-18,call,75.0,168.5,202.95,204.6,1.435549697265625,1,918
2026-04-18,US0079031078,AMD,2026-06-18,call,80.0,184.9,198.1,199.85,1.4521511767578126,1,819
2026-04-18,US0079031078,AMD,2026-06-18,call,85.0,188.7,193.05,194.85,1.3759796826171873,15,914
2026-04-18,US0079031078,AMD,2026-06-18,call,90.0,187.95,188.1,189.95,1.3383822143554682,1,1302
2026-04-18,US0079031078,AMD,2026-06-18,call,95.0,178.08,183.15,184.7,1.2451209619140622,1,1743
2026-04-18,US0079031078,AMD,2026-06-18,call,100.0,179.0,178.2,179.85,1.220707021484375,8,5078
2026-04-18,US0079031078,AMD,2026-06-18,call,105.0,175.5,173.3,174.9,1.1875040625,3,2578
2026-04-18,US0079031078,AMD,2026-06-18,call,110.0,168.7,168.35,169.95,1.1474652001953123,14,2209
2026-04-18,US0079031078,AMD,2026-06-18,call,115.0,163.87,163.35,165.2,1.125004375,10,1161
2026-04-18,US0079031078,AMD,2026-06-18,call,120.0,159.02,158.45,160.1,1.0756882153320313,2,3451
2026-04-18,US0079031078,AMD,2026-06-18,call,125.0,153.39,153.5,155.15,1.0380907470703127,1,3444
2026-04-18,US0079031078,AMD,2026-06-18,call,130.0,149.37,147.55,151.05,0.9875489526367188,59,3459
2026-04-18,US0079031078,AMD,2026-06-18,call,135.0,145.88,143.8,145.35,0.989257919921875,48,3366
2026-04-18,US0079031078,AMD,2026-06-18,call,140.0,139.5,138.9,140.45,0.9597171997070311,143,2401
2026-04-18,US0079031078,AMD,2026-06-18,call,145.0,134.67,134.0,135.35,0.9165047412109376,4,1814
2026-04-18,US0079031078,AMD,2026-06-18,call,150.0,129.9,129.0,130.55,0.8876964355468748,35,5589
2026-04-18,US0079031078,AMD,2026-06-18,call,155.0,124.72,124.25,125.65,0.8673108972167969,41,1588
2026-04-18,US0079031078,AMD,2026-06-18,call,160.0,120.95,119.45,121.0,0.8557143334960937,8,4981
2026-04-18,US0079031078,AMD,2026-06-18,call,165.0,116.18,114.55,115.9,0.8151873950195312,5,6144
2026-04-18,US0079031078,AMD,2026-06-18,call,170.0,110.18,109.75,111.1,0.7939473730468749,13,4822
2026-04-18,US0079031078,AMD,2026-06-18,call,175.0,105.5,105.0,106.35,0.7756370092773439,17,3336
2026-04-18,US0079031078,AMD,2026-06-18,call,180.0,100.57,100.15,101.6,0.751833536376953,30,4859
2026-04-18,US0079031078,AMD,2026-06-18,call,185.0,95.3,95.45,96.8,0.7307155834960937,5,1863
2026-04-18,US0079031078,AMD,2026-06-18,call,190.0,91.58,90.75,92.2,0.7147245324707032,59,2035
2026-04-18,US0079031078,AMD,2026-06-18,call,195.0,87.66,86.2,87.65,0.7023955541992188,13,2848
2026-04-18,US0079031078,AMD,2026-06-18,call,200.0,82.18,81.75,82.9,0.6848176049804688,89,7470
2026-04-18,US0079031078,AMD,2026-06-18,call,210.0,73.35,72.75,74.1,0.6579013702392578,20131,23750
2026-04-18,US0079031078,AMD,2026-06-18,call,220.0,64.85,64.15,65.45,0.6323889300537109,148,7003
2026-04-18,US0079031078,AMD,2026-06-18,call,230.0,56.74,56.2,57.3,0.6160316717529297,172,8182
2026-04-18,US0079031078,AMD,2026-06-18,call,240.0,49.15,48.55,49.85,0.6019937261962893,765,5409
2026-04-18,US0079031078,AMD,2026-06-18,call,250.0,42.23,41.5,42.55,0.5852702606201172,25389,9014
2026-04-18,US0079031078,AMD,2026-06-18,call,260.0,35.8,35.3,36.95,0.5867045724487304,433,11625
2026-04-18,US0079031078,AMD,2026-06-18,call,270.0,30.0,29.85,30.75,0.5755657678222657,740,11601
2026-04-18,US0079031078,AMD,2026-06-18,call,280.0,25.55,25.0,25.6,0.5697674859619142,1716,5646
2026-04-18,US0079031078,AMD,2026-06-18,call,290.0,20.95,20.6,21.25,0.5646405841064455,472,3408
2026-04-18,US0079031078,AMD,2026-06-18,call,300.0,17.3,17.1,17.4,0.5624433404541016,1323,11693
2026-04-18,US0079031078,AMD,2026-06-18,call,310.0,14.25,14.05,14.5,0.5642743768310547,670,2565
2026-04-18,US0079031078,AMD,2026-06-18,call,320.0,11.75,11.6,11.95,0.5664411032104493,942,6987
2026-04-18,US0079031078,AMD,2026-06-18,call,330.0,9.56,9.45,9.8,0.5672345523071288,558,3354
2026-04-18,US0079031078,AMD,2026-06-18,call,340.0,7.79,7.7,7.9,0.5670819659423829,1550,1368
2026-04-18,US0079031078,AMD,2026-06-18,call,350.0,6.4,6.3,6.6,0.5720257641601563,4618,9516
2026-04-18,US0079031078,AMD,2026-06-18,call,360.0,5.3,5.05,5.45,0.5739178350830079,1345,2118
2026-04-18,US0079031078,AMD,2026-06-18,call,370.0,4.4,4.2,4.5,0.579105771484375,282,1937
2026-04-18,US0079031078,AMD,2026-06-18,call,380.0,3.85,3.45,3.7,0.5828288787841795,89,1290
2026-04-18,US0079031078,AMD,2026-06-18,call,390.0,2.9,2.85,3.25,0.5918619915771486,31,4351
2026-04-18,US0079031078,AMD,2026-06-18,call,400.0,2.45,2.32,2.51,0.5898478515625001,105,5369
2026-04-18,US0079031078,AMD,2026-06-18,call,410.0,2.1,1.93,2.08,0.5944864770507813,14,1243
2026-04-18,US0079031078,AMD,2026-06-18,call,420.0,1.72,1.61,1.73,0.5991251025390626,63,1218
2026-04-18,US0079031078,AMD,2026-06-18,call,430.0,1.5,1.35,1.45,0.6042520043945314,9,665
2026-04-18,US0079031078,AMD,2026-06-18,call,440.0,1.23,1.11,1.22,0.6081582153320313,331,1214
2026-04-18,US0079031078,AMD,2026-06-18,call,450.0,0.98,0.93,1.03,0.6130409790039064,88,15681
2026-04-18,US0079031078,AMD,2026-06-18,call,460.0,0.89,0.78,0.87,0.6174354663085939,3,562
2026-04-18,US0079031078,AMD,2026-06-18,call,470.0,0.71,0.66,0.74,0.6225623681640625,8,2071
2026-04-18,US0079031078,AMD,2026-06-18,call,480.0,0.54,0.56,0.67,0.6303747900390625,41,859
2026-04-18,US0079031078,AMD,2026-06-18,call,490.0,0.52,0.45,0.58,0.6333044482421876,22,132
2026-04-18,US0079031078,AMD,2026-06-18,call,500.0,0.46,0.39,0.51,0.639652041015625,54,2590
2026-04-18,US0079031078,AMD,2026-06-18,call,510.0,0.39,0.33,0.52,0.6525913647460939,50,467
2026-04-18,US0079031078,AMD,2026-06-18,call,520.0,0.29,0.28,0.38,0.648441015625,35,240
2026-04-18,US0079031078,AMD,2026-06-18,call,530.0,0.29,0.24,0.34,0.6543003320312502,91,7924
2026-04-18,US0079031078,AMD,2026-06-18,put,5.0,0.01,0.0,0.02,3.1250021875,100,134
2026-04-18,US0079031078,AMD,2026-06-18,put,20.0,0.02,0.0,0.04,2.1093797265624996,24,24
2026-04-18,US0079031078,AMD,2026-06-18,put,25.0,0.16,0.0,0.12,2.1250046874999997,11,1709
2026-04-18,US0079031078,AMD,2026-06-18,put,30.0,0.02,0.0,0.13,1.9765626171875001,250,512
2026-04-18,US0079031078,AMD,2026-06-18,put,35.0,0.02,0.0,0.13,1.8359383203124997,1250,1701
2026-04-18,US0079031078,AMD,2026-06-18,put,40.0,0.05,0.0,0.13,1.71484517578125,1,204
2026-04-18,US0079031078,AMD,2026-06-18,put,45.0,0.01,0.0,0.1,1.5703146484375,1,3030
2026-04-18,US0079031078,AMD,2026-06-18,put,50.0,0.05,0.0,0.1,1.48047134765625,2,2273
2026-04-18,US0079031078,AMD,2026-06-18,put,55.0,0.03,0.0,0.13,1.43359658203125,20,748
2026-04-18,US0079031078,AMD,2026-06-18,put,60.0,0.03,0.0,0.08,1.2968785156249998,1,1695
2026-04-18,US0079031078,AMD,2026-06-18,put,65.0,0.06,0.0,0.08,1.23047259765625,2,1978
2026-04-18,US0079031078,AMD,2026-06-18,put,70.0,0.03,0.02,0.08,1.1953165234375,141,3629
2026-04-18,US0079031078,AMD,2026-06-18,put,75.0,0.07,0.02,0.1,1.15625421875,1,4072
2026-04-18,US0079031078,AMD,2026-06-18,put,80.0,0.06,0.04,0.1,1.1171919140625,1,6251
2026-04-18,US0079031078,AMD,2026-06-18,put,85.0,0.05,0.01,0.1,1.0390673046875003,2,3484
2026-04-18,US0079031078,AMD,2026-06-18,put,90.0,0.05,0.05,0.1,1.0234423828125,3,6303
2026-04-18,US0079031078,AMD,2026-06-18,put,95.0,0.12,0.05,0.17,1.017583037109375,1,5825
2026-04-18,US0079031078,AMD,2026-06-18,put,100.0,0.09,0.09,0.15,0.9804689453125001,17,7534
2026-04-18,US0079031078,AMD,2026-06-18,put,105.0,0.14,0.1,0.16,0.945313046875,1,3347
2026-04-18,US0079031078,AMD,2026-06-18,put,110.0,0.11,0.11,0.18,0.914063359375,13,11836
2026-04-18,US0079031078,AMD,2026-06-18,put,115.0,0.16,0.13,0.21,0.8896495410156249,2,6644
2026-04-18,US0079031078,AMD,2026-06-18,put,120.0,0.19,0.17,0.26,0.87500125,5,4714
2026-04-18,US0079031078,AMD,2026-06-18,put,125.0,0.25,0.23,0.31,0.860352958984375,12,14687
2026-04-18,US0079031078,AMD,2026-06-18,put,130.0,0.3,0.25,0.41,0.8442398388671875,3,7577
2026-04-18,US0079031078,AMD,2026-06-18,put,135.0,0.34,0.3,0.4,0.8125018749999999,5,5602
2026-04-18,US0079031078,AMD,2026-06-18,put,140.0,0.39,0.36,0.49,0.7973653076171875,8,6134
2026-04-18,US0079031078,AMD,2026-06-18,put,145.0,0.49,0.46,0.56,0.7817404638671875,29,4940
2026-04-18,US0079031078,AMD,2026-06-18,put,150.0,0.58,0.53,0.64,0.7617211328125001,111,9490
2026-04-18,US0079031078,AMD,2026-06-18,put,155.0,0.7,0.63,0.74,0.7448755981445312,541,5352
2026-04-18,US0079031078,AMD,2026-06-18,put,160.0,0.78,0.76,0.9,0.7331569653320311,167,7230
2026-04-18,US0079031078,AMD,2026-06-18,put,165.0,1.01,0.91,1.03,0.7175321215820312,135,7524
2026-04-18,US0079031078,AMD,2026-06-18,put,170.0,1.08,1.03,1.13,0.6960479614257813,44,10076
2026-04-18,US0079031078,AMD,2026-06-18,put,175.0,1.31,1.22,1.36,0.684573466796875,39,4592
2026-04-18,US0079031078,AMD,2026-06-18,put,180.0,1.5,1.42,1.52,0.667239655761719,323,16506
2026-04-18,US0079031078,AMD,2026-06-18,put,185.0,1.81,1.67,1.91,0.6601596484375001,60,5145
2026-04-18,US0079031078,AMD,2026-06-18,put,190.0,2.02,1.96,2.06,0.6418492846679689,312,12025
2026-04-18,US0079031078,AMD,2026-06-18,put,195.0,2.39,2.35,2.46,0.6337927246093751,56,5700
2026-04-18,US0079031078,AMD,2026-06-18,put,200.0,2.82,2.67,2.87,0.6203651245117189,2245,15983
2026-04-18,US0079031078,AMD,2026-06-18,put,210.0,3.84,3.75,3.95,0.6038857971191409,305,8004
2026-04-18,US0079031078,AMD,2026-06-18,put,220.0,5.21,5.05,5.3,0.584965087890625,453,5257
2026-04-18,US0079031078,AMD,2026-06-18,put,230.0,7.15,7.0,7.25,0.5756878369140624,434,4118
2026-04-18,US0079031078,AMD,2026-06-18,put,240.0,9.25,9.25,9.7,0.5638471350097658,253,4906
2026-04-18,US0079031078,AMD,2026-06-18,put,250.0,12.51,12.25,12.65,0.554814022216797,354,5206
2026-04-18,US0079031078,AMD,2026-06-18,put,260.0,15.87,15.8,16.2,0.5455978057861328,793,1564
2026-04-18,US0079031078,AMD,2026-06-18,put,270.0,20.39,20.1,20.55,0.5399826275634767,1023,1462
2026-04-18,US0079031078,AMD,2026-06-18,put,280.0,25.4,25.05,25.65,0.5356491748046875,357,578
2026-04-18,US0079031078,AMD,2026-06-18,put,290.0,31.25,30.6,31.75,0.5349777947998047,170,131
2026-04-18,US0079031078,AMD,2026-06-18,put,300.0,37.73,37.05,38.05,0.5332688275146484,104,1313
2026-04-18,US0079031078,AMD,2026-06-18,put,310.0,48.9,43.95,45.15,0.5332383102416992,14,58
2026-04-18,US0079031078,AMD,2026-06-18,put,320.0,51.55,51.05,52.65,0.5285081329345704,12,27
2026-04-18,US0079031078,AMD,2026-06-18,put,330.0,63.7,58.7,60.65,0.5254564056396485,16,17
2026-04-18,US0079031078,AMD,2026-06-18,put,340.0,68.65,67.05,68.95,0.5256395092773438,11,4
2026-04-18,US0079031078,AMD,2026-06-18,put,350.0,75.7,75.9,77.5,0.5277757183837892,1,5
2026-04-18,US0079031078,AMD,2026-06-18,put,360.0,94.3,84.45,86.45,0.5219774365234374,15,15
2026-04-18,US0079031078,AMD,2026-06-18,put,370.0,97.6,93.6,95.55,0.521367091064453,2,2
2026-04-18,US0079031078,AMD,2026-06-18,put,380.0,103.42,102.95,104.55,0.5133105310058592,3,3
2026-04-18,US0079031078,AMD,2026-06-18,put,390.0,112.87,112.3,114.25,0.5155077746582031,2,5
2026-04-18,US0079031078,AMD,2026-06-18,put,400.0,123.6,121.95,123.75,0.5134326000976561,25,0
2026-04-18,US0079031078,AMD,2026-06-18,put,410.0,131.95,131.6,133.5,0.5137988073730468,15,15
2026-04-18,US0079031078,AMD,2026-06-18,put,420.0,184.2,226.0,228.55,2.7063020623779295,25,0
2026-04-18,US0079031078,AMD,2026-06-18,put,430.0,183.8,236.0,238.55,2.744998254699707,20,0
2026-04-18,US0079031078,AMD,2026-06-18,put,440.0,209.95,207.05,209.05,1.9208988330078127,,8
2026-04-18,US0079031078,AMD,2026-06-18,put,450.0,170.26,170.9,172.6,0.6147499462890625,1,0
2026-04-18,US0079031078,AMD,2026-06-18,put,460.0,257.31,266.0,268.55,2.8533048686981197,70,0
2026-04-18,US0079031078,AMD,2026-06-18,put,470.0,267.33,276.0,278.55,2.8870877432250976,110,0
2026-04-18,US0079031078,AMD,2026-06-18,put,480.0,231.7,272.45,275.1,2.6234165274047854,30,0
2026-04-18,US0079031078,AMD,2026-06-18,put,520.0,269.7,326.0,328.55,3.04138423248291,,0
2026-04-18,US0079031078,AMD,2026-06-18,put,530.0,271.75,314.4,316.65,2.5935704106140136,,0
2026-04-18,US0079031078,AMD,2026-07-17,call,100.0,177.53,178.45,180.8,1.1259809326171877,4,18
2026-04-18,US0079031078,AMD,2026-07-17,call,105.0,174.95,172.75,176.4,1.068608172607422,22,27
2026-04-18,US0079031078,AMD,2026-07-17,call,110.0,137.29,167.85,171.5,1.0371141894531253,1,60
2026-04-18,US0079031078,AMD,2026-07-17,call,115.0,165.03,162.95,166.6,1.0056202062988282,20,24
2026-04-18,US0079031078,AMD,2026-07-17,call,120.0,159.75,158.0,160.95,0.91992267578125,10,46
2026-04-18,US0079031078,AMD,2026-07-17,call,125.0,148.69,154.0,156.1,0.9528813305664061,1,16
2026-04-18,US0079031078,AMD,2026-07-17,call,130.0,148.8,149.15,151.25,0.9274909594726561,1,64
2026-04-18,US0079031078,AMD,2026-07-17,call,135.0,145.02,144.25,146.35,0.8969736865234373,1,89
2026-04-18,US0079031078,AMD,2026-07-17,call,140.0,139.63,139.45,142.3,0.9079599047851561,3,58
2026-04-18,US0079031078,AMD,2026-07-17,call,145.0,104.9,134.65,136.5,0.8435074243164062,1,33
2026-04-18,US0079031078,AMD,2026-07-17,call,150.0,127.28,129.8,131.35,0.8057880749511719,6,196
2026-04-18,US0079031078,AMD,2026-07-17,call,155.0,103.72,125.05,126.95,0.8012715185546875,1,72
2026-04-18,US0079031078,AMD,2026-07-17,call,160.0,121.0,120.25,122.2,0.7799094274902343,1,67
2026-04-18,US0079031078,AMD,2026-07-17,call,165.0,93.85,115.5,117.15,0.7502466381835937,5,150
2026-04-18,US0079031078,AMD,2026-07-17,call,170.0,113.31,110.8,112.45,0.7327907580566406,1,124
2026-04-18,US0079031078,AMD,2026-07-17,call,175.0,95.06,106.15,108.1,0.7248562670898437,2,143
2026-04-18,US0079031078,AMD,2026-07-17,call,180.0,102.05,101.55,103.05,0.6984893432617189,36,424
2026-04-18,US0079031078,AMD,2026-07-17,call,185.0,98.67,96.95,98.95,0.6939727868652343,2,203
2026-04-18,US0079031078,AMD,2026-07-17,call,190.0,93.55,92.45,94.45,0.680240014038086,5,2379
2026-04-18,US0079031078,AMD,2026-07-17,call,195.0,90.2,88.05,90.0,0.6678500012207034,31,247
2026-04-18,US0079031078,AMD,2026-07-17,call,200.0,84.84,83.7,85.65,0.6564365411376953,38,1605
2026-04-18,US0079031078,AMD,2026-07-17,call,210.0,76.4,75.25,76.85,0.6306799627685546,20,1674
2026-04-18,US0079031078,AMD,2026-07-17,call,220.0,67.98,67.6,68.5,0.6159706372070313,128,2147
2026-04-18,US0079031078,AMD,2026-07-17,call,230.0,60.38,59.95,61.0,0.6031228652954103,53,3406
2026-04-18,US0079031078,AMD,2026-07-17,call,240.0,53.3,52.7,53.85,0.5897257824707032,121,1843
2026-04-18,US0079031078,AMD,2026-07-17,call,250.0,46.69,46.2,47.35,0.5820964642333983,185,2759
2026-04-18,US0079031078,AMD,2026-07-17,call,260.0,40.73,40.35,41.2,0.574772318725586,349,4089
2026-04-18,US0079031078,AMD,2026-07-17,call,270.0,35.09,35.0,35.7,0.5689740368652343,249,2056
2026-04-18,US0079031078,AMD,2026-07-17,call,280.0,30.37,30.1,31.15,0.5668378277587891,239,1484
2026-04-18,US0079031078,AMD,2026-07-17,call,290.0,26.1,25.8,26.45,0.5598798895263672,170,1831
2026-04-18,US0079031078,AMD,2026-07-17,call,300.0,22.31,22.1,23.3,0.563877652282715,570,1958
2026-04-18,US0079031078,AMD,2026-07-17,call,310.0,19.0,18.85,19.4,0.5571028176879884,58,1377
2026-04-18,US0079031078,AMD,2026-07-17,call,320.0,16.2,15.75,16.8,0.5561567822265626,51,1473
2026-04-18,US0079031078,AMD,2026-07-17,call,330.0,14.0,13.5,14.45,0.5588423022460938,651,850
2026-04-18,US0079031078,AMD,2026-07-17,call,340.0,11.87,11.45,12.3,0.5590864404296876,43,692
2026-04-18,US0079031078,AMD,2026-07-17,call,350.0,10.1,9.75,10.1,0.5561567822265626,74,4072
2026-04-18,US0079031078,AMD,2026-07-17,call,360.0,8.74,8.3,8.85,0.5611616149902343,16,922
2026-04-18,US0079031078,AMD,2026-07-17,call,370.0,7.25,7.15,7.8,0.5675397250366211,6,452
2026-04-18,US0079031078,AMD,2026-07-17,call,380.0,6.3,5.8,6.3,0.5601240277099608,39,228
2026-04-18,US0079031078,AMD,2026-07-17,call,390.0,5.3,5.05,5.7,0.5694012786865235,11,281
2026-04-18,US0079031078,AMD,2026-07-17,call,400.0,4.5,4.4,4.65,0.5694012786865235,139,390
2026-04-18,US0079031078,AMD,2026-07-17,call,410.0,3.8,3.7,4.2,0.5748943878173829,2,36
2026-04-18,US0079031078,AMD,2026-07-17,call,420.0,3.29,3.25,3.5,0.5769695623779296,2,126
2026-04-18,US0079031078,AMD,2026-07-17,call,430.0,3.0,2.75,3.15,0.5819133605957032,1,424
2026-04-18,US0079031078,AMD,2026-07-17,call,440.0,2.54,2.35,2.77,0.5856364678955077,11,536
2026-04-18,US0079031078,AMD,2026-07-17,call,450.0,2.0,1.95,2.4,0.5865519860839843,33,156
2026-04-18,US0079031078,AMD,2026-07-17,call,460.0,2.02,1.68,2.12,0.5905802661132813,21,39
2026-04-18,US0079031078,AMD,2026-07-17,call,470.0,1.7,1.4,1.91,0.5939982006835938,18,243
2026-04-18,US0079031078,AMD,2026-07-17,call,480.0,1.35,1.29,1.56,0.5959513061523438,243,88
2026-04-18,US0079031078,AMD,2026-07-17,call,490.0,1.15,1.06,1.54,0.603763728027344,12,111
2026-04-18,US0079031078,AMD,2026-07-17,call,500.0,1.07,0.93,1.28,0.6040078662109377,10,1169
2026-04-18,US0079031078,AMD,2026-07-17,put,100.0,0.15,0.1,0.45,0.8955088574218748,4,242
2026-04-18,US0079031078,AMD,2026-07-17,put,105.0,0.24,0.09,0.39,0.8398453515625,8,698
2026-04-18,US0079031078,AMD,2026-07-17,put,110.0,0.24,0.13,0.4,0.8125018749999999,4,948
2026-04-18,US0079031078,AMD,2026-07-17,put,115.0,0.32,0.12,0.42,0.778322529296875,28,337
2026-04-18,US0079031078,AMD,2026-07-17,put,120.0,0.37,0.28,0.49,0.7807639111328125,2,567
2026-04-18,US0079031078,AMD,2026-07-17,put,125.0,0.43,0.42,0.67,0.7851583984375,1,595
2026-04-18,US0079031078,AMD,2026-07-17,put,130.0,0.53,0.39,0.67,0.7465845654296875,263,1385
2026-04-18,US0079031078,AMD,2026-07-17,put,135.0,0.72,0.62,0.81,0.7480493945312501,133,996
2026-04-18,US0079031078,AMD,2026-07-17,put,140.0,0.82,0.72,0.91,0.7299831689453125,90,1267
2026-04-18,US0079031078,AMD,2026-07-17,put,145.0,0.8,0.64,1.07,0.7026396923828125,7,1616
2026-04-18,US0079031078,AMD,2026-07-17,put,150.0,0.98,0.85,1.14,0.6884796777343751,44,4783
2026-04-18,US0079031078,AMD,2026-07-17,put,155.0,1.19,0.96,1.42,0.6787141503906251,13,381
2026-04-18,US0079031078,AMD,2026-07-17,put,160.0,1.4,1.18,1.48,0.6611362011718751,28,2824
2026-04-18,US0079031078,AMD,2026-07-17,put,165.0,1.51,1.53,1.72,0.6557651611328126,34,1782
2026-04-18,US0079031078,AMD,2026-07-17,put,170.0,1.89,1.78,1.9,0.6409948010253907,677,2850
2026-04-18,US0079031078,AMD,2026-07-17,put,175.0,2.2,2.02,2.34,0.6334265173339844,32,2033
2026-04-18,US0079031078,AMD,2026-07-17,put,180.0,2.5,2.41,2.73,0.6259803027343751,106,5971
2026-04-18,US0079031078,AMD,2026-07-17,put,185.0,2.87,2.68,2.99,0.6088906298828126,37,1422
2026-04-18,US0079031078,AMD,2026-07-17,put,190.0,3.2,3.2,3.5,0.6033975207519533,74,2136
2026-04-18,US0079031078,AMD,2026-07-17,put,195.0,3.95,3.7,4.0,0.5942423388671876,41,1608
2026-04-18,US0079031078,AMD,2026-07-17,put,200.0,4.4,4.4,4.5,0.5868571588134766,96,8777
2026-04-18,US0079031078,AMD,2026-07-17,put,210.0,5.93,5.75,6.0,0.5725750750732423,119,4155
2026-04-18,US0079031078,AMD,2026-07-17,put,220.0,7.85,7.7,7.85,0.5628705822753908,132,4901
2026-04-18,US0079031078,AMD,2026-07-17,put,230.0,10.1,9.85,10.3,0.5531050549316407,79,1691
2026-04-18,US0079031078,AMD,2026-07-17,put,240.0,12.75,12.6,13.25,0.5457809094238282,87,1791
2026-04-18,US0079031078,AMD,2026-07-17,put,250.0,16.1,16.05,16.45,0.5380295220947267,702,1079
2026-04-18,US0079031078,AMD,2026-07-17,put,260.0,20.25,19.8,20.2,0.5285691674804689,100,1395
2026-04-18,US0079031078,AMD,2026-07-17,put,270.0,24.5,24.3,25.0,0.5261583029174804,86,544
2026-04-18,US0079031078,AMD,2026-07-17,put,280.0,29.47,28.95,29.95,0.5164232928466796,55,204
2026-04-18,US0079031078,AMD,2026-07-17,put,290.0,35.45,34.75,36.05,0.5178881219482423,80,84
2026-04-18,US0079031078,AMD,2026-07-17,put,300.0,41.48,41.05,42.15,0.5146227737426757,33,243
2026-04-18,US0079031078,AMD,2026-07-17,put,310.0,63.71,47.6,49.1,0.5126696682739257,4,83
2026-04-18,US0079031078,AMD,2026-07-17,put,320.0,56.1,54.7,56.3,0.509892596435547,3,46
2026-04-18,US0079031078,AMD,2026-07-17,put,330.0,62.4,62.05,64.05,0.5070239727783203,9,18
2026-04-18,US0079031078,AMD,2026-07-17,put,340.0,71.45,69.95,71.4,0.5139208764648437,3,18
2026-04-18,US0079031078,AMD,2026-07-17,put,350.0,78.55,78.35,80.35,0.5048267291259765,6,25
2026-04-18,US0079031078,AMD,2026-07-17,put,360.0,87.1,87.0,89.0,0.5056201782226561,3,2
2026-04-18,US0079031078,AMD,2026-07-17,put,370.0,125.38,95.6,97.8,0.5012867254638673,2,0
2026-04-18,US0079031078,AMD,2026-07-17,put,440.0,163.35,161.3,163.55,0.5533491931152343,2,2
2026-04-18,US0079031078,AMD,2026-07-17,put,450.0,205.5,255.95,258.55,2.325992954559325,25,0
2026-04-18,US0079031078,AMD,2026-07-17,put,470.0,209.82,265.95,269.7,2.211491287689208,12,0
2026-04-18,US0079031078,AMD,2026-07-17,put,490.0,297.68,295.95,298.55,2.435855961151123,,0
2026-04-18,US0079031078,AMD,2026-07-17,put,500.0,293.1,305.55,308.55,2.4576454574584963,1,0
2026-04-18,US0079031078,AMD,2026-08-21,call,5.0,194.17,271.65,275.25,2.60156599609375,3,281
2026-04-18,US0079031078,AMD,2026-08-21,call,10.0,184.53,266.7,270.3,2.2460981347656244,,1
2026-04-18,US0079031078,AMD,2026-08-21,call,20.0,196.15,0.0,0.0,1.0000000000000003e-05,20,0
2026-04-18,US0079031078,AMD,2026-08-21,call,90.0,109.05,188.0,191.65,1.0771530517578127,1,137
2026-04-18,US0079031078,AMD,2026-08-21,call,95.0,160.23,183.95,186.2,1.0610398510742187,3,25
2026-04-18,US0079031078,AMD,2026-08-21,call,100.0,179.46,179.0,181.35,1.0256396374511718,1,43
2026-04-18,US0079031078,AMD,2026-08-21,call,105.0,173.4,174.1,176.7,1.0046436486816406,2,42
2026-04-18,US0079031078,AMD,2026-08-21,call,110.0,128.17,169.35,171.65,0.9707034179687499,1,37
2026-04-18,US0079031078,AMD,2026-08-21,call,115.0,164.53,164.55,166.8,0.9445806323242187,10,52
2026-04-18,US0079031078,AMD,2026-08-21,call,120.0,160.6,158.85,161.5,0.8588881298828125,3,66
2026-04-18,US0079031078,AMD,2026-08-21,call,125.0,155.0,154.8,157.25,0.8927012683105469,7,67
2026-04-18,US0079031078,AMD,2026-08-21,call,130.0,152.38,150.1,152.25,0.865113653564453,4,89
2026-04-18,US0079031078,AMD,2026-08-21,call,135.0,123.7,145.35,147.5,0.8447281152343749,1,93
2026-04-18,US0079031078,AMD,2026-08-21,call,140.0,137.96,140.6,142.75,0.8237322314453124,1,72
2026-04-18,US0079031078,AMD,2026-08-21,call,145.0,137.77,135.9,137.8,0.7980977221679688,3,175
2026-04-18,US0079031078,AMD,2026-08-21,call,150.0,131.0,131.5,133.4,0.7951680639648437,3,304
2026-04-18,US0079031078,AMD,2026-08-21,call,155.0,128.75,126.65,128.5,0.7663597583007813,2,294
2026-04-18,US0079031078,AMD,2026-08-21,call,160.0,123.75,122.0,123.8,0.7474390490722658,2,1114
2026-04-18,US0079031078,AMD,2026-08-21,call,165.0,119.2,117.45,119.65,0.7417628363037108,6,726
2026-04-18,US0079031078,AMD,2026-08-21,call,170.0,112.55,113.0,115.2,0.729922134399414,4,353
2026-04-18,US0079031078,AMD,2026-08-21,call,175.0,110.33,108.5,110.45,0.7103300451660157,2,608
2026-04-18,US0079031078,AMD,2026-08-21,call,180.0,105.0,104.55,106.35,0.7107572869873047,6,623
2026-04-18,US0079031078,AMD,2026-08-21,call,185.0,100.57,100.3,102.05,0.7004424487304688,1,208
2026-04-18,US0079031078,AMD,2026-08-21,call,190.0,96.18,95.55,97.55,0.6782258740234376,2,494
2026-04-18,US0079031078,AMD,2026-08-21,call,195.0,93.21,91.95,93.65,0.6804841522216798,8,401
2026-04-18,US0079031078,AMD,2026-08-21,call,200.0,88.11,87.9,89.5,0.6707186248779298,24,1374
2026-04-18,US0079031078,AMD,2026-08-21,call,210.0,80.0,79.5,81.3,0.6446263565063476,46,2670
2026-04-18,US0079031078,AMD,2026-08-21,call,220.0,72.95,72.05,73.7,0.6310461700439454,110,2442
2026-04-18,US0079031078,AMD,2026-08-21,call,230.0,65.95,65.05,66.6,0.6204871936035157,55,2241
2026-04-18,US0079031078,AMD,2026-08-21,call,240.0,59.47,58.75,60.2,0.6161537408447266,178,1887
2026-04-18,US0079031078,AMD,2026-08-21,call,250.0,53.15,52.5,54.05,0.607273214416504,267,2854
2026-04-18,US0079031078,AMD,2026-08-21,call,260.0,47.47,46.95,48.05,0.5990030334472658,129,2631
2026-04-18,US0079031078,AMD,2026-08-21,call,270.0,42.04,41.9,43.2,0.5975382043457032,229,3000
2026-04-18,US0079031078,AMD,2026-08-21,call,280.0,37.85,37.4,38.2,0.5927469924926759,284,1532
2026-04-18,US0079031078,AMD,2026-08-21,call,290.0,33.32,32.95,33.75,0.5865519860839843,266,1438
2026-04-18,US0079031078,AMD,2026-08-21,call,300.0,29.58,29.3,29.85,0.5849345706176757,207,8586
2026-04-18,US0079031078,AMD,2026-08-21,call,310.0,26.32,25.65,26.7,0.5835612933349608,52,6136
2026-04-18,US0079031078,AMD,2026-08-21,call,320.0,22.95,22.6,23.7,0.5827678442382812,154,2991
2026-04-18,US0079031078,AMD,2026-08-21,call,330.0,20.2,20.05,20.7,0.5810283596801759,246,932
2026-04-18,US0079031078,AMD,2026-08-21,call,340.0,17.14,17.7,18.6,0.5836223278808592,11,663
2026-04-18,US0079031078,AMD,2026-08-21,call,350.0,15.65,15.45,16.3,0.5810588769531251,103,548
2026-04-18,US0079031078,AMD,2026-08-21,call,360.0,14.02,13.25,14.65,0.5803874969482423,19,345
2026-04-18,US0079031078,AMD,2026-08-21,call,370.0,12.3,11.85,12.5,0.5784649087524415,81,1477
2026-04-18,US0079031078,AMD,2026-08-21,call,380.0,10.99,10.35,11.55,0.5835612933349608,112,708
2026-04-18,US0079031078,AMD,2026-08-21,call,390.0,10.0,9.2,10.05,0.5835002587890624,16,165
2026-04-18,US0079031078,AMD,2026-08-21,call,400.0,8.45,8.35,8.7,0.5850261224365234,67,2378
2026-04-18,US0079031078,AMD,2026-08-21,call,410.0,7.7,7.3,8.1,0.5900309552001954,15,283
2026-04-18,US0079031078,AMD,2026-08-21,call,420.0,6.95,6.5,7.05,0.5900919897460939,40,398
2026-04-18,US0079031078,AMD,2026-08-21,call,430.0,6.05,5.65,6.2,0.5891764715576173,2,204
2026-04-18,US0079031078,AMD,2026-08-21,call,440.0,5.35,4.95,5.75,0.5934488897705079,28,228
2026-04-18,US0079031078,AMD,2026-08-21,call,450.0,5.05,4.45,5.0,0.5939982006835938,87,2441
2026-04-18,US0079031078,AMD,2026-08-21,call,460.0,4.55,3.9,4.4,0.5938150970458984,1,79
2026-04-18,US0079031078,AMD,2026-08-21,call,470.0,3.8,3.5,4.1,0.5993082061767578,12,163
2026-04-18,US0079031078,AMD,2026-08-21,call,480.0,3.35,3.3,3.7,0.6052285571289064,5,143
2026-04-18,US0079031078,AMD,2026-08-21,call,490.0,2.93,2.8,3.3,0.6035195898437502,3,128
2026-04-18,US0079031078,AMD,2026-08-21,call,500.0,2.76,2.54,2.98,0.6066933862304689,23,492
2026-04-18,US0079031078,AMD,2026-08-21,call,510.0,2.36,2.27,2.76,0.6104164935302736,33,143
2026-04-18,US0079031078,AMD,2026-08-21,call,520.0,2.39,2.04,2.52,0.6132851171875001,27,370
2026-04-18,US0079031078,AMD,2026-08-21,call,530.0,2.04,1.95,2.16,0.615360291748047,99,2010
2026-04-18,US0079031078,AMD,2026-08-21,put,5.0,0.1,0.0,0.15,2.6718783203125005,5,8
2026-04-18,US0079031078,AMD,2026-08-21,put,15.0,0.1,0.0,0.16,1.8828130859374999,,1
2026-04-18,US0079031078,AMD,2026-08-21,put,20.0,0.04,0.0,0.45,1.8984380078125,2,94
2026-04-18,US0079031078,AMD,2026-08-21,put,90.0,0.32,0.11,0.48,0.8422867333984375,1,756
2026-04-18,US0079031078,AMD,2026-08-21,put,95.0,0.33,0.15,0.53,0.8193377441406249,1,492
2026-04-18,US0079031078,AMD,2026-08-21,put,100.0,0.38,0.2,0.63,0.804689453125,1,236
2026-04-18,US0079031078,AMD,2026-08-21,put,105.0,0.47,0.27,0.58,0.77148666015625,31,343
2026-04-18,US0079031078,AMD,2026-08-21,put,110.0,0.58,0.52,0.75,0.7827170166015626,1,1144
2026-04-18,US0079031078,AMD,2026-08-21,put,115.0,0.76,0.45,0.74,0.7404811108398437,10,1553
2026-04-18,US0079031078,AMD,2026-08-21,put,120.0,0.83,0.62,0.94,0.7390162817382812,1,521
2026-04-18,US0079031078,AMD,2026-08-21,put,125.0,0.92,0.93,0.98,0.7312038598632812,11,1546
2026-04-18,US0079031078,AMD,2026-08-21,put,130.0,1.08,0.85,1.24,0.709963837890625,12,2939
2026-04-18,US0079031078,AMD,2026-08-21,put,135.0,1.29,1.05,1.51,0.7043486596679689,5,622
2026-04-18,US0079031078,AMD,2026-08-21,put,140.0,1.49,1.25,1.69,0.6911651977539064,8,4470
2026-04-18,US0079031078,AMD,2026-08-21,put,145.0,1.69,1.48,1.85,0.6770051831054689,8,991
2026-04-18,US0079031078,AMD,2026-08-21,put,150.0,2.0,1.8,2.03,0.6657748266601564,79,4208
2026-04-18,US0079031078,AMD,2026-08-21,put,155.0,2.26,2.08,2.48,0.660281717529297,31,1732
2026-04-18,US0079031078,AMD,2026-08-21,put,160.0,2.65,2.42,2.73,0.6480748083496093,19,3785
2026-04-18,US0079031078,AMD,2026-08-21,put,165.0,2.91,2.84,3.2,0.6423375610351563,51,1531
2026-04-18,US0079031078,AMD,2026-08-21,put,170.0,3.39,3.25,3.6,0.6322058264160157,114,3196
2026-04-18,US0079031078,AMD,2026-08-21,put,175.0,3.88,3.75,4.1,0.6246375427246094,138,1635
2026-04-18,US0079031078,AMD,2026-08-21,put,180.0,4.45,4.3,4.7,0.6179847772216798,85,3092
2026-04-18,US0079031078,AMD,2026-08-21,put,185.0,5.15,4.85,5.35,0.6101723553466798,30,1649
2026-04-18,US0079031078,AMD,2026-08-21,put,190.0,5.87,5.65,6.0,0.6046792462158206,25,2306
2026-04-18,US0079031078,AMD,2026-08-21,put,195.0,6.7,6.45,6.8,0.5993082061767578,37,1845
2026-04-18,US0079031078,AMD,2026-08-21,put,200.0,7.43,7.3,7.65,0.5932657861328126,99,4371
2026-04-18,US0079031078,AMD,2026-08-21,put,210.0,9.2,9.15,9.75,0.5824016369628906,48,3134
2026-04-18,US0079031078,AMD,2026-08-21,put,220.0,11.85,11.7,12.1,0.5747112841796875,31,2934
2026-04-18,US0079031078,AMD,2026-08-21,put,230.0,14.75,14.3,15.05,0.5657392059326172,18,887
2026-04-18,US0079031078,AMD,2026-08-21,put,240.0,18.06,17.7,18.3,0.5596357513427734,53,1765
2026-04-18,US0079031078,AMD,2026-08-21,put,250.0,21.7,21.05,21.9,0.5485884985351563,452,2695
2026-04-18,US0079031078,AMD,2026-08-21,put,260.0,26.0,25.7,26.35,0.5484969467163087,55,487
2026-04-18,US0079031078,AMD,2026-08-21,put,270.0,30.9,30.05,31.1,0.540867628479004,119,338
2026-04-18,US0079031078,AMD,2026-08-21,put,280.0,36.3,35.5,36.25,0.5381210739135743,48,669
2026-04-18,US0079031078,AMD,2026-08-21,put,290.0,41.6,40.85,41.8,0.5309800320434571,80,258
2026-04-18,US0079031078,AMD,2026-08-21,put,300.0,47.6,47.25,47.9,0.5296677893066408,131,100
2026-04-18,US0079031078,AMD,2026-08-21,put,310.0,53.0,53.65,54.95,0.5295762374877931,4,72
2026-04-18,US0079031078,AMD,2026-08-21,put,320.0,65.67,60.25,61.8,0.5236253692626953,10,26
2026-04-18,US0079031078,AMD,2026-08-21,put,330.0,68.08,67.5,69.25,0.5220995056152342,5,42
2026-04-18,US0079031078,AMD,2026-08-21,put,340.0,101.15,74.75,76.95,0.5172777764892578,8,46
2026-04-18,US0079031078,AMD,2026-08-21,put,350.0,91.1,82.55,84.95,0.514653291015625,15,21
2026-04-18,US0079031078,AMD,2026-08-21,put,360.0,155.9,90.9,93.2,0.514653291015625,,0
2026-04-18,US0079031078,AMD,2026-08-21,put,370.0,100.6,99.0,101.6,0.5088855264282227,15,15
2026-04-18,US0079031078,AMD,2026-08-21,put,380.0,165.05,0.0,0.0,1.0000000000000003e-05,2,0
2026-04-18,US0079031078,AMD,2026-08-21,put,390.0,127.0,116.35,119.05,0.5026294854736328,3,6
2026-04-18,US0079031078,AMD,2026-08-21,put,400.0,128.95,125.6,127.45,0.5204210556030272,6,3
2026-04-18,US0079031078,AMD,2026-08-21,put,410.0,136.8,134.8,137.1,0.501103621826172,3,5
2026-04-18,US0079031078,AMD,2026-08-21,put,420.0,144.25,143.9,146.45,0.5375412457275393,6,3
2026-04-18,US0079031078,AMD,2026-08-21,put,430.0,153.4,153.3,155.75,0.5366867620849609,3,0
2026-04-18,US0079031078,AMD,2026-08-21,put,440.0,168.14,162.45,165.2,0.5377243493652344,12,12
2026-04-18,US0079031078,AMD,2026-08-21,put,450.0,251.0,234.1,236.9,1.6419390461730958,1,0
2026-04-18,US0079031078,AMD,2026-08-21,put,470.0,234.05,275.85,278.55,2.024144343948364,15,0
2026-04-18,US0079031078,AMD,2026-08-21,put,480.0,234.31,276.5,279.35,1.9040532141113284,21,0
2026-04-18,US0079031078,AMD,2026-08-21,put,490.0,211.45,211.05,213.35,0.541264353027344,15,15
2026-04-18,US0079031078,AMD,2026-08-21,put,500.0,302.7,284.15,286.7,1.75644042678833,1,0
2026-04-18,US0079031078,AMD,2026-08-21,put,510.0,259.35,305.5,309.75,1.964569268951416,20,0
2026-04-18,US0079031078,AMD,2026-08-21,put,520.0,262.1,304.1,306.75,1.7980051603698728,,0
2026-04-18,US0079031078,AMD,2026-09-18,call,5.0,239.52,272.3,274.85,2.71094072265625,6,208
2026-04-18,US0079031078,AMD,2026-09-18,call,10.0,212.5,202.25,206.1,1.0000000000000003e-05,70,66
2026-04-18,US0079031078,AMD,2026-09-18,call,15.0,200.72,222.95,226.05,1.0000000000000003e-05,,6
2026-04-18,US0079031078,AMD,2026-09-18,call,20.0,184.0,172.05,174.7,1.0000000000000003e-05,20,12
2026-04-18,US0079031078,AMD,2026-09-18,call,25.0,197.2,187.95,191.45,1.0000000000000003e-05,1,49
2026-04-18,US0079031078,AMD,2026-09-18,call,30.0,165.77,162.3,165.55,1.0000000000000003e-05,20,21
2026-04-18,US0079031078,AMD,2026-09-18,call,35.0,170.49,242.9,245.2,1.5532248901367183,2,5
2026-04-18,US0079031078,AMD,2026-09-18,call,40.0,205.81,237.9,240.3,1.466799541015625,1,25
2026-04-18,US0079031078,AMD,2026-09-18,call,45.0,152.0,0.0,0.0,1.0000000000000003e-05,1,0
2026-04-18,US0079031078,AMD,2026-09-18,call,50.0,224.79,228.1,230.7,1.3730500097656249,1,23
2026-04-18,US0079031078,AMD,2026-09-18,call,55.0,166.63,162.1,165.5,1.0000000000000003e-05,1,1
2026-04-18,US0079031078,AMD,2026-09-18,call,60.0,141.21,218.35,220.9,1.2719762963867183,1,40
2026-04-18,US0079031078,AMD,2026-09-18,call,65.0,160.05,170.1,173.8,1.0000000000000003e-05,2,9
2026-04-18,US0079031078,AMD,2026-09-18,call,70.0,153.3,208.55,210.95,1.1672404919433594,20,27
2026-04-18,US0079031078,AMD,2026-09-18,call,75.0,128.6,0.0,0.0,1.0000000000000003e-05,1,0
2026-04-18,US0079031078,AMD,2026-09-18,call,80.0,127.1,114.6,116.9,1.0000000000000003e-05,2,177
2026-04-18,US0079031078,AMD,2026-09-18,call,85.0,115.55,0.0,0.0,1.0000000000000003e-05,1,0
2026-04-18,US0079031078,AMD,2026-09-18,call,90.0,112.92,189.2,191.5,1.0346727954101564,1,115
2026-04-18,US0079031078,AMD,2026-09-18,call,95.0,179.68,184.4,186.7,1.0083057397460937,2,76
2026-04-18,US0079031078,AMD,2026-09-18,call,100.0,176.68,179.55,181.75,0.9732668688964843,2,241
2026-04-18,US0079031078,AMD,2026-09-18,call,105.0,114.13,174.75,177.05,0.952026846923828,1,209
2026-04-18,US0079031078,AMD,2026-09-18,call,110.0,145.48,169.9,172.3,0.9265144067382812,1,637
2026-04-18,US0079031078,AMD,2026-09-18,call,115.0,166.45,165.15,167.5,0.9028330029296875,1,277
2026-04-18,US0079031078,AMD,2026-09-18,call,120.0,161.54,160.35,162.55,0.8726819372558592,15,374
2026-04-18,US0079031078,AMD,2026-09-18,call,125.0,155.96,155.6,157.85,0.852662606201172,6,692
2026-04-18,US0079031078,AMD,2026-09-18,call,130.0,152.0,150.9,153.15,0.8336198278808591,4,482
2026-04-18,US0079031078,AMD,2026-09-18,call,135.0,147.94,146.2,148.15,0.8062153167724608,3,343
2026-04-18,US0079031078,AMD,2026-09-18,call,140.0,143.5,141.55,143.65,0.7930928894042968,3,672
2026-04-18,US0079031078,AMD,2026-09-18,call,145.0,138.35,136.9,138.9,0.7730735583496093,1,836
2026-04-18,US0079031078,AMD,2026-09-18,call,150.0,133.1,132.35,134.3,0.7582421636962893,9,1263
2026-04-18,US0079031078,AMD,2026-09-18,call,155.0,127.2,127.85,130.05,0.7504907763671875,4,1344
2026-04-18,US0079031078,AMD,2026-09-18,call,160.0,124.85,123.35,125.5,0.7354762780761719,56,1359
2026-04-18,US0079031078,AMD,2026-09-18,call,165.0,119.14,118.85,121.2,0.7240017834472656,1,729
2026-04-18,US0079031078,AMD,2026-09-18,call,170.0,114.7,114.45,116.75,0.7106352178955078,1,1737
2026-04-18,US0079031078,AMD,2026-09-18,call,175.0,112.04,110.15,112.0,0.6932403723144531,5,560
2026-04-18,US0079031078,AMD,2026-09-18,call,180.0,108.03,105.9,108.15,0.6890900231933594,18,1275
2026-04-18,US0079031078,AMD,2026-09-18,call,185.0,103.65,101.75,103.95,0.6796907031250001,18,1381
2026-04-18,US0079031078,AMD,2026-09-18,call,190.0,98.0,97.6,99.85,0.6702303485107424,7,721
2026-04-18,US0079031078,AMD,2026-09-18,call,195.0,94.26,94.0,95.4,0.6619906848144532,21,811
2026-04-18,US0079031078,AMD,2026-09-18,call,200.0,90.9,90.2,91.9,0.6608920629882813,43,2070
2026-04-18,US0079031078,AMD,2026-09-18,call,210.0,83.07,82.3,84.05,0.6411779046630859,35,1459
2026-04-18,US0079031078,AMD,2026-09-18,call,220.0,76.0,75.45,77.5,0.6392858337402343,47,4861
2026-04-18,US0079031078,AMD,2026-09-18,call,230.0,68.0,68.1,70.2,0.6197242617797852,15,2931
2026-04-18,US0079031078,AMD,2026-09-18,call,240.0,62.7,61.95,63.45,0.6102639071655275,148,1780
2026-04-18,US0079031078,AMD,2026-09-18,call,250.0,56.85,56.1,57.4,0.6032144171142579,734,3505
2026-04-18,US0079031078,AMD,2026-09-18,call,260.0,51.46,50.95,52.4,0.603763728027344,68,6942
2026-04-18,US0079031078,AMD,2026-09-18,call,270.0,46.2,45.95,47.1,0.5975992388916016,88,2202
2026-04-18,US0079031078,AMD,2026-09-18,call,280.0,41.8,41.2,42.15,0.5906107833862305,457,2162
2026-04-18,US0079031078,AMD,2026-09-18,call,290.0,37.4,37.1,37.85,0.5878642288208008,116,1131
2026-04-18,US0079031078,AMD,2026-09-18,call,300.0,33.56,33.15,33.9,0.583866466064453,210,3172
2026-04-18,US0079031078,AMD,2026-09-18,call,310.0,30.03,29.6,30.4,0.5812267219543459,175,1154
2026-04-18,US0079031078,AMD,2026-09-18,call,320.0,26.87,26.35,27.35,0.5795330133056642,212,2144
2026-04-18,US0079031078,AMD,2026-09-18,call,330.0,23.95,23.65,24.45,0.5787700814819335,122,960
2026-04-18,US0079031078,AMD,2026-09-18,call,340.0,21.95,21.05,21.9,0.5773968041992188,70,1434
2026-04-18,US0079031078,AMD,2026-09-18,call,350.0,19.1,18.9,19.6,0.5776104251098633,81,1786
2026-04-18,US0079031078,AMD,2026-09-18,call,360.0,17.33,17.1,17.65,0.5798381860351562,481,2479
2026-04-18,US0079031078,AMD,2026-09-18,call,370.0,15.65,15.25,16.2,0.5826457751464844,38,1038
2026-04-18,US0079031078,AMD,2026-09-18,call,380.0,13.93,13.5,14.3,0.5795940478515625,469,3100
2026-04-18,US0079031078,AMD,2026-09-18,call,390.0,12.6,12.3,13.05,0.5839580178833007,120,639
2026-04-18,US0079031078,AMD,2026-09-18,call,400.0,11.1,10.85,11.5,0.5808147387695313,44,1184
2026-04-18,US0079031078,AMD,2026-09-18,call,410.0,10.25,9.85,10.55,0.584965087890625,7,933
2026-04-18,US0079031078,AMD,2026-09-18,call,420.0,9.12,8.9,9.35,0.5849345706176757,15,623
2026-04-18,US0079031078,AMD,2026-09-18,call,430.0,8.2,7.95,8.6,0.5874064697265625,147,467
2026-04-18,US0079031078,AMD,2026-09-18,call,440.0,7.5,7.1,7.9,0.5895426788330078,11,342
2026-04-18,US0079031078,AMD,2026-09-18,call,450.0,6.75,6.5,6.95,0.5897868170166016,39,840
2026-04-18,US0079031078,AMD,2026-09-18,call,460.0,6.23,5.75,6.45,0.5918009570312501,6,367
2026-04-18,US0079031078,AMD,2026-09-18,call,470.0,5.45,5.3,5.85,0.5947916497802734,8,286
2026-04-18,US0079031078,AMD,2026-09-18,call,480.0,5.13,4.6,5.4,0.5947916497802734,5,875
2026-04-18,US0079031078,AMD,2026-09-18,call,490.0,4.28,4.25,4.8,0.5960733752441407,1,414
2026-04-18,US0079031078,AMD,2026-09-18,call,500.0,4.13,4.0,4.4,0.6006509661865236,154,1085
2026-04-18,US0079031078,AMD,2026-09-18,call,510.0,3.6,3.6,3.95,0.600712000732422,3,616
2026-04-18,US0079031078,AMD,2026-09-18,call,520.0,3.45,3.15,3.7,0.6019326916503909,40,282
2026-04-18,US0079031078,AMD,2026-09-18,call,530.0,3.15,3.0,3.25,0.6037026934814456,460,4538
2026-04-18,US0079031078,AMD,2026-09-18,put,5.0,0.02,0.0,0.46,2.7968780078125004,1,36
2026-04-18,US0079031078,AMD,2026-09-18,put,10.0,0.01,0.0,0.16,1.9609376953125,10,11
2026-04-18,US0079031078,AMD,2026-09-18,put,15.0,0.02,0.0,0.17,1.7109389453125,,5
2026-04-18,US0079031078,AMD,2026-09-18,put,20.0,0.1,0.0,0.18,1.54297103515625,2,11
2026-04-18,US0079031078,AMD,2026-09-18,put,25.0,0.05,0.0,0.48,1.5761739941406248,1,19
2026-04-18,US0079031078,AMD,2026-09-18,put,30.0,0.08,0.0,0.47,1.4482449462890625,11,94
2026-04-18,US0079031078,AMD,2026-09-18,put,35.0,0.06,0.0,0.0,0.500005,28,0
2026-04-18,US0079031078,AMD,2026-09-18,put,40.0,0.05,0.0,0.2,1.138676181640625,7,532
2026-04-18,US0079031078,AMD,2026-09-18,put,45.0,0.1,0.05,0.17,1.0800827246093752,1,118
2026-04-18,US0079031078,AMD,2026-09-18,put,50.0,0.11,0.05,0.2,1.0322314013671878,24,366
2026-04-18,US0079031078,AMD,2026-09-18,put,55.0,0.09,0.07,0.26,1.0068409033203123,7,492
2026-04-18,US0079031078,AMD,2026-09-18,put,60.0,0.25,0.1,0.44,1.0127002490234376,1,408
2026-04-18,US0079031078,AMD,2026-09-18,put,65.0,0.13,0.0,0.24,0.8730481445312499,2,236
2026-04-18,US0079031078,AMD,2026-09-18,put,70.0,0.31,0.05,0.44,0.9023447265625,8,192
2026-04-18,US0079031078,AMD,2026-09-18,put,75.0,0.35,0.01,0.49,0.860352958984375,2,306
2026-04-18,US0079031078,AMD,2026-09-18,put,80.0,0.66,0.01,0.57,0.8359391406249999,1,209
2026-04-18,US0079031078,AMD,2026-09-18,put,85.0,0.77,0.03,0.65,0.813478427734375,1,326
2026-04-18,US0079031078,AMD,2026-09-18,put,90.0,0.38,0.11,0.67,0.79101771484375,13,270
2026-04-18,US0079031078,AMD,2026-09-18,put,95.0,0.5,0.15,0.71,0.7656273437500001,1,405
2026-04-18,US0079031078,AMD,2026-09-18,put,100.0,0.54,0.52,0.74,0.7739280419921876,3,4304
2026-04-18,US0079031078,AMD,2026-09-18,put,105.0,0.65,0.58,0.97,0.7644066528320312,105,862
2026-04-18,US0079031078,AMD,2026-09-18,put,110.0,0.81,0.71,0.99,0.7419459399414061,2,2444
2026-04-18,US0079031078,AMD,2026-09-18,put,115.0,0.93,0.8,1.04,0.7189969506835938,9,2205
2026-04-18,US0079031078,AMD,2026-09-18,put,120.0,1.17,0.96,1.28,0.7114286669921875,7,2915
2026-04-18,US0079031078,AMD,2026-09-18,put,125.0,1.11,1.05,1.53,0.6981231359863282,1,1721
2026-04-18,US0079031078,AMD,2026-09-18,put,130.0,1.47,1.26,1.72,0.6861603649902344,39,3129
2026-04-18,US0079031078,AMD,2026-09-18,put,135.0,1.89,1.45,1.99,0.6750520776367189,3,1451
2026-04-18,US0079031078,AMD,2026-09-18,put,140.0,1.96,1.71,2.15,0.6608920629882813,11,16570
2026-04-18,US0079031078,AMD,2026-09-18,put,145.0,2.3,2.11,2.43,0.6541782629394532,7,8112
2026-04-18,US0079031078,AMD,2026-09-18,put,150.0,2.66,2.47,2.88,0.6488072229003907,98,7512
2026-04-18,US0079031078,AMD,2026-09-18,put,155.0,3.05,2.89,3.3,0.6418492846679689,41,3561
2026-04-18,US0079031078,AMD,2026-09-18,put,160.0,3.45,3.25,3.65,0.6297644445800781,16,13335
2026-04-18,US0079031078,AMD,2026-09-18,put,165.0,3.79,3.75,4.0,0.6196327099609377,25,3838
2026-04-18,US0079031078,AMD,2026-09-18,put,170.0,4.3,4.2,4.7,0.613956497192383,17,7648
2026-04-18,US0079031078,AMD,2026-09-18,put,175.0,5.15,4.95,5.3,0.6098061480712893,13,3914
2026-04-18,US0079031078,AMD,2026-09-18,put,180.0,5.75,5.5,5.9,0.6002237243652344,215,10823
2026-04-18,US0079031078,AMD,2026-09-18,put,185.0,6.3,6.25,6.65,0.5946085461425781,6,1814
2026-04-18,US0079031078,AMD,2026-09-18,put,190.0,7.4,7.15,7.5,0.5906413006591797,28,2011
2026-04-18,US0079031078,AMD,2026-09-18,put,195.0,8.04,7.9,8.5,0.5847209497070311,20,1693
2026-04-18,US0079031078,AMD,2026-09-18,put,200.0,9.4,8.95,9.6,0.5819743951416017,486,10092
2026-04-18,US0079031078,AMD,2026-09-18,put,210.0,11.6,11.3,11.8,0.5733380068969728,33,5643
2026-04-18,US0079031078,AMD,2026-09-18,put,220.0,14.22,13.95,14.4,0.5649152395629884,24,4077
2026-04-18,US0079031078,AMD,2026-09-18,put,230.0,17.37,17.0,17.5,0.5581098876953126,45,3237
2026-04-18,US0079031078,AMD,2026-09-18,put,240.0,20.72,20.3,21.25,0.5523726403808593,132,1403
2026-04-18,US0079031078,AMD,2026-09-18,put,250.0,24.57,24.4,25.1,0.5473678076171876,312,2078
2026-04-18,US0079031078,AMD,2026-09-18,put,260.0,29.1,28.8,29.55,0.5429122857666018,69,2007
2026-04-18,US0079031078,AMD,2026-09-18,put,270.0,33.75,33.6,34.3,0.5376327975463868,188,832
2026-04-18,US0079031078,AMD,2026-09-18,put,280.0,39.05,38.8,39.55,0.5330246893310546,187,312
2026-04-18,US0079031078,AMD,2026-09-18,put,290.0,44.8,43.8,45.3,0.5250291638183593,82,115
2026-04-18,US0079031078,AMD,2026-09-18,put,300.0,49.76,50.35,51.5,0.5256395092773438,40,719
2026-04-18,US0079031078,AMD,2026-09-18,put,310.0,57.4,56.6,58.2,0.5226182992553711,18,65
2026-04-18,US0079031078,AMD,2026-09-18,put,320.0,69.8,63.25,65.05,0.5186205364990235,2,51
2026-04-18,US0079031078,AMD,2026-09-18,put,330.0,112.35,70.35,72.2,0.5153399296569823,1,46
2026-04-18,US0079031078,AMD,2026-09-18,put,340.0,81.05,77.5,79.75,0.5108996664428712,15,41
2026-04-18,US0079031078,AMD,2026-09-18,put,350.0,104.5,85.35,87.55,0.5094653546142578,2,57
2026-04-18,US0079031078,AMD,2026-09-18,put,360.0,129.55,93.05,95.6,0.5047351773071288,1,43
2026-04-18,US0079031078,AMD,2026-09-18,put,370.0,136.75,101.2,103.9,0.5018360363769532,1,0
2026-04-18,US0079031078,AMD,2026-09-18,put,380.0,134.3,110.1,112.35,0.5034229345703125,3,4
2026-04-18,US0079031078,AMD,2026-09-18,put,390.0,140.8,118.6,121.0,0.5235643347167969,43,20
2026-04-18,US0079031078,AMD,2026-09-18,put,400.0,139.03,127.25,129.8,0.5225877819824218,3,6
2026-04-18,US0079031078,AMD,2026-09-18,put,410.0,157.88,136.15,138.75,0.5217943328857422,1,1
2026-04-18,US0079031078,AMD,2026-09-18,put,420.0,149.6,144.95,147.85,0.5215807119750976,1,1
2026-04-18,US0079031078,AMD,2026-09-18,put,430.0,155.05,154.5,157.05,0.5211229528808592,1,4
2026-04-18,US0079031078,AMD,2026-09-18,put,440.0,164.35,163.75,166.35,0.5206957110595702,4,3
2026-04-18,US0079031078,AMD,2026-09-18,put,450.0,198.0,234.1,236.8,1.484545423965454,10,0
2026-04-18,US0079031078,AMD,2026-09-18,put,460.0,209.04,255.95,259.75,1.6788956484985351,2,0
2026-04-18,US0079031078,AMD,2026-09-18,put,470.0,250.95,230.75,233.6,1.2012826801300047,4,0
2026-04-18,US0079031078,AMD,2026-09-18,put,480.0,248.6,276.0,279.75,1.7216353029632567,1,0
2026-04-18,US0079031078,AMD,2026-09-18,put,490.0,253.75,286.35,289.35,1.7415174057006833,26,0
2026-04-18,US0079031078,AMD,2026-09-18,put,500.0,224.9,221.2,223.7,0.5205126074218749,20,20
2026-04-18,US0079031078,AMD,2026-09-18,put,530.0,280.4,326.2,329.35,1.8157052671813962,30,0
2026-04-18,US0079031078,AMD,2026-10-16,call,100.0,180.55,180.0,182.45,0.9401861450195312,80,1
2026-04-18,US0079031078,AMD,2026-10-16,call,110.0,95.61,170.35,172.95,0.8887950573730468,5,11
2026-04-18,US0079031078,AMD,2026-10-16,call,115.0,100.2,165.55,168.5,0.8732922827148437,,1
2026-04-18,US0079031078,AMD,2026-10-16,call,120.0,138.24,161.0,164.0,0.8620619262695313,5,6
2026-04-18,US0079031078,AMD,2026-10-16,call,125.0,78.38,156.35,158.6,0.8244646459960936,1,3
2026-04-18,US0079031078,AMD,2026-10-16,call,130.0,153.88,151.7,154.0,0.8077411804199219,2,41
2026-04-18,US0079031078,AMD,2026-10-16,call,135.0,148.05,147.0,149.5,0.7915059912109376,1,50
2026-04-18,US0079031078,AMD,2026-10-16,call,140.0,110.94,142.45,144.85,0.7747214910888673,1,40
2026-04-18,US0079031078,AMD,2026-10-16,call,145.0,139.22,137.9,140.35,0.7603783728027345,4,4
2026-04-18,US0079031078,AMD,2026-10-16,call,150.0,132.77,133.4,136.1,0.7506128454589844,51,62
2026-04-18,US0079031078,AMD,2026-10-16,call,155.0,128.9,128.9,131.45,0.7329738616943358,2,26
2026-04-18,US0079031078,AMD,2026-10-16,call,160.0,125.12,124.55,127.05,0.7213162634277344,2,54
2026-04-18,US0079031078,AMD,2026-10-16,call,165.0,119.95,120.25,122.75,0.7108793560791016,2,37
2026-04-18,US0079031078,AMD,2026-10-16,call,170.0,94.3,116.0,118.45,0.7001372760009765,2,65
2026-04-18,US0079031078,AMD,2026-10-16,call,175.0,114.15,111.8,114.3,0.690982094116211,8,67
2026-04-18,US0079031078,AMD,2026-10-16,call,180.0,87.32,107.65,110.15,0.6813386358642579,2,69
2026-04-18,US0079031078,AMD,2026-10-16,call,185.0,103.69,103.6,106.0,0.6718172467041017,1,66
2026-04-18,US0079031078,AMD,2026-10-16,call,190.0,99.74,99.65,102.15,0.665713792114258,2,866
2026-04-18,US0079031078,AMD,2026-10-16,call,195.0,98.0,95.75,97.9,0.6545749874877932,50,93
2026-04-18,US0079031078,AMD,2026-10-16,call,200.0,93.4,91.9,94.25,0.6491123956298828,1,118
2026-04-18,US0079031078,AMD,2026-10-16,call,210.0,85.85,84.6,86.9,0.6376073837280273,2,543
2026-04-18,US0079031078,AMD,2026-10-16,call,220.0,78.95,77.65,80.1,0.6289709954833984,110,162
2026-04-18,US0079031078,AMD,2026-10-16,call,230.0,71.48,71.1,73.5,0.6201515036010744,2,560
2026-04-18,US0079031078,AMD,2026-10-16,call,240.0,65.55,64.9,66.4,0.6055032125854494,31,228
2026-04-18,US0079031078,AMD,2026-10-16,call,250.0,60.21,59.6,61.25,0.6071206280517578,15,1147
2026-04-18,US0079031078,AMD,2026-10-16,call,260.0,54.47,53.9,55.95,0.5997812239074709,26,423
2026-04-18,US0079031078,AMD,2026-10-16,call,270.0,49.81,49.0,50.9,0.5950815638732911,75,577
2026-04-18,US0079031078,AMD,2026-10-16,call,280.0,45.09,44.5,46.15,0.5906413006591797,233,811
2026-04-18,US0079031078,AMD,2026-10-16,call,290.0,41.45,40.3,41.9,0.587192848815918,26,259
2026-04-18,US0079031078,AMD,2026-10-16,call,300.0,37.46,36.9,38.05,0.5874369869995117,163,899
2026-04-18,US0079031078,AMD,2026-10-16,call,310.0,33.57,33.15,34.6,0.5842021560668945,50,500
2026-04-18,US0079031078,AMD,2026-10-16,call,320.0,30.63,29.85,31.4,0.5818218087768555,79,266
2026-04-18,US0079031078,AMD,2026-10-16,call,330.0,27.65,27.05,28.45,0.580906290588379,95,519
2026-04-18,US0079031078,AMD,2026-10-16,call,340.0,25.15,24.5,25.7,0.5796855996704101,47,378
2026-04-18,US0079031078,AMD,2026-10-16,put,100.0,0.81,0.5,1.07,0.737307314453125,1,362
2026-04-18,US0079031078,AMD,2026-10-16,put,105.0,0.98,0.88,1.19,0.7380397290039062,10,88
2026-04-18,US0079031078,AMD,2026-10-16,put,110.0,1.14,0.91,1.34,0.7161893615722656,10,436
2026-04-18,US0079031078,AMD,2026-10-16,put,115.0,1.3,0.99,1.54,0.6995879650878907,21,31
2026-04-18,US0079031078,AMD,2026-10-16,put,120.0,1.89,1.12,1.81,0.6877472631835939,3,868
2026-04-18,US0079031078,AMD,2026-10-16,put,125.0,1.77,1.43,1.83,0.6716341430664063,2,251
2026-04-18,US0079031078,AMD,2026-10-16,put,130.0,1.9,1.86,2.07,0.6673617248535157,3,223
2026-04-18,US0079031078,AMD,2026-10-16,put,135.0,2.47,1.97,2.5,0.6560092993164064,4,142
2026-04-18,US0079031078,AMD,2026-10-16,put,140.0,2.6,2.46,2.74,0.6489292919921875,2,328
2026-04-18,US0079031078,AMD,2026-10-16,put,145.0,3.18,2.66,3.2,0.6380041082763672,5,332
2026-04-18,US0079031078,AMD,2026-10-16,put,150.0,3.3,2.94,3.45,0.6228065063476562,1,1990
2026-04-18,US0079031078,AMD,2026-10-16,put,155.0,6.2,3.6,4.05,0.6229285754394531,5,104
2026-04-18,US0079031078,AMD,2026-10-16,put,160.0,4.2,3.95,4.55,0.6120644262695314,26,2294
2026-04-18,US0079031078,AMD,2026-10-16,put,165.0,4.95,4.7,5.0,0.6064492480468751,17,645
2026-04-18,US0079031078,AMD,2026-10-16,put,170.0,5.65,5.35,5.75,0.6022988989257814,20,232
2026-04-18,US0079031078,AMD,2026-10-16,put,175.0,6.3,5.95,6.35,0.5932047515869141,3,500
2026-04-18,US0079031078,AMD,2026-10-16,put,180.0,7.1,6.65,7.15,0.5871012969970704,31,552
2026-04-18,US0079031078,AMD,2026-10-16,put,185.0,7.75,7.65,8.0,0.5840495697021484,10,205
2026-04-18,US0079031078,AMD,2026-10-16,put,190.0,8.6,8.5,8.95,0.5784343914794923,12,139
2026-04-18,US0079031078,AMD,2026-10-16,put,195.0,9.9,9.55,10.0,0.574772318725586,27,433
2026-04-18,US0079031078,AMD,2026-10-16,put,200.0,10.95,10.55,11.3,0.5715374877929689,61,1432
2026-04-18,US0079031078,AMD,2026-10-16,put,210.0,13.2,13.1,13.55,0.5621381677246093,31,553
2026-04-18,US0079031078,AMD,2026-10-16,put,220.0,16.5,16.0,16.45,0.5559431613159181,182,547
2026-04-18,US0079031078,AMD,2026-10-16,put,230.0,19.2,19.0,19.95,0.5495650512695314,281,286
2026-04-18,US0079031078,AMD,2026-10-16,put,240.0,23.35,22.85,23.95,0.5478255667114259,57,202
2026-04-18,US0079031078,AMD,2026-10-16,put,250.0,26.91,26.6,28.05,0.540287800292969,47,296
2026-04-18,US0079031078,AMD,2026-10-16,put,260.0,31.9,31.05,32.8,0.5369919348144532,300,55
2026-04-18,US0079031078,AMD,2026-10-16,put,270.0,36.86,36.3,37.7,0.5348557257080078,44,73
2026-04-18,US0079031078,AMD,2026-10-16,put,280.0,41.36,41.35,42.55,0.5261888201904297,76,49
2026-04-18,US0079031078,AMD,2026-10-16,put,290.0,47.75,47.25,48.8,0.5273789938354493,26,5
2026-04-18,US0079031078,AMD,2026-10-16,put,300.0,52.8,52.95,54.85,0.5215044187927245,165,17
2026-04-18,US0079031078,AMD,2026-10-16,put,310.0,60.2,59.15,61.3,0.5170946728515625,2,3
2026-04-18,US0079031078,AMD,2026-10-16,put,320.0,66.95,65.85,67.75,0.5117236328125,3,2
2026-04-18,US0079031078,AMD,2026-10-16,put,340.0,81.05,80.55,82.6,0.5108081146240235,2,18
2026-04-18,US0079031078,AMD,2026-11-20,call,100.0,115.5,180.55,183.5,0.9117440466308593,2,19
2026-04-18,US0079031078,AMD,2026-11-20,call,105.0,111.0,175.8,178.8,0.8880626428222655,1,7
2026-04-18,US0079031078,AMD,2026-11-20,call,110.0,150.7,171.25,173.75,0.8607191662597657,1,4
2026-04-18,US0079031078,AMD,2026-11-20,call,115.0,166.83,166.55,169.0,0.8378922460937499,10,35
2026-04-18,US0079031078,AMD,2026-11-20,call,120.0,84.22,161.95,164.45,0.822145333251953,1,5
2026-04-18,US0079031078,AMD,2026-11-20,call,125.0,85.6,157.35,159.9,0.8058491094970703,2,23
2026-04-18,US0079031078,AMD,2026-11-20,call,130.0,129.42,152.8,155.35,0.790041162109375,1,20
2026-04-18,US0079031078,AMD,2026-11-20,call,135.0,77.14,148.25,150.85,0.7746604565429689,2,31
2026-04-18,US0079031078,AMD,2026-11-20,call,140.0,117.01,143.75,146.4,0.7605004418945314,5,329
2026-04-18,US0079031078,AMD,2026-11-20,call,145.0,140.1,139.35,142.0,0.7481104290771485,1,138
2026-04-18,US0079031078,AMD,2026-11-20,call,150.0,134.56,134.95,137.7,0.7365138653564454,2,286
2026-04-18,US0079031078,AMD,2026-11-20,call,155.0,119.68,130.65,133.35,0.7247952325439453,1,137
2026-04-18,US0079031078,AMD,2026-11-20,call,160.0,124.33,126.4,129.1,0.714297290649414,12,103
2026-04-18,US0079031078,AMD,2026-11-20,call,165.0,122.85,122.2,124.95,0.7047759014892578,1,194
2026-04-18,US0079031078,AMD,2026-11-20,call,170.0,120.25,118.1,120.75,0.6949493395996094,6,71
2026-04-18,US0079031078,AMD,2026-11-20,call,175.0,114.82,114.1,116.8,0.6881745050048829,4,48
2026-04-18,US0079031078,AMD,2026-11-20,call,180.0,110.2,110.1,112.85,0.6802094967651369,2,126
2026-04-18,US0079031078,AMD,2026-11-20,call,185.0,106.18,106.2,108.6,0.6692537957763673,1,84
2026-04-18,US0079031078,AMD,2026-11-20,call,190.0,103.3,102.4,105.15,0.6662936203002933,1,99
2026-04-18,US0079031078,AMD,2026-11-20,call,195.0,99.46,98.65,101.3,0.6587253366088868,1,353
2026-04-18,US0079031078,AMD,2026-11-20,call,200.0,96.29,95.05,97.8,0.6546360220336916,4,411
2026-04-18,US0079031078,AMD,2026-11-20,call,210.0,88.88,88.1,90.8,0.6450230810546875,19,316
2026-04-18,US0079031078,AMD,2026-11-20,call,220.0,81.65,82.2,83.8,0.6392247991943358,6,955
2026-04-18,US0079031078,AMD,2026-11-20,call,230.0,76.97,75.25,77.75,0.6283148741149902,31,1128
2026-04-18,US0079031078,AMD,2026-11-20,call,240.0,70.65,69.3,71.95,0.6222571954345704,91,16932
2026-04-18,US0079031078,AMD,2026-11-20,call,250.0,65.05,63.75,65.8,0.6125832199096681,19,909
2026-04-18,US0079031078,AMD,2026-11-20,call,260.0,59.68,58.8,60.85,0.6106911489868166,15,9724
2026-04-18,US0079031078,AMD,2026-11-20,call,270.0,55.45,53.95,55.65,0.6040383834838869,15,664
2026-04-18,US0079031078,AMD,2026-11-20,call,280.0,50.53,49.65,51.1,0.601139242553711,72,1381
2026-04-18,US0079031078,AMD,2026-11-20,call,290.0,46.3,45.35,46.85,0.5965921688842774,113,470
2026-04-18,US0079031078,AMD,2026-11-20,call,300.0,42.45,42.1,43.65,0.6011087252807619,22,1233
2026-04-18,US0079031078,AMD,2026-11-20,call,310.0,39.25,38.15,40.25,0.5972177729797363,52,647
2026-04-18,US0079031078,AMD,2026-11-20,call,320.0,36.0,35.0,36.2,0.5912516461181643,16,362
2026-04-18,US0079031078,AMD,2026-11-20,call,330.0,32.7,32.05,33.2,0.5898173342895509,12,369
2026-04-18,US0079031078,AMD,2026-11-20,call,340.0,29.95,29.2,31.25,0.5925638888549806,57,268
2026-04-18,US0079031078,AMD,2026-11-20,call,350.0,27.72,26.85,28.7,0.5922892333984376,75,798
2026-04-18,US0079031078,AMD,2026-11-20,call,360.0,25.4,24.4,26.35,0.59024457611084,4,441
2026-04-18,US0079031078,AMD,2026-11-20,call,370.0,23.73,22.65,24.05,0.5906107833862305,19,408
2026-04-18,US0079031078,AMD,2026-11-20,call,380.0,21.5,20.55,21.7,0.5862773306274415,85,395
2026-04-18,US0079031078,AMD,2026-11-20,call,390.0,19.49,18.75,20.5,0.5893290579223633,12,371
2026-04-18,US0079031078,AMD,2026-11-20,call,400.0,18.12,17.75,18.65,0.591648370666504,100,636
2026-04-18,US0079031078,AMD,2026-11-20,call,410.0,16.67,16.35,17.25,0.592624923400879,29,304
2026-04-18,US0079031078,AMD,2026-11-20,call,420.0,14.6,14.75,15.65,0.588993367919922,49,219
2026-04-18,US0079031078,AMD,2026-11-20,call,430.0,13.67,13.55,14.5,0.5898783688354493,4,86
2026-04-18,US0079031078,AMD,2026-11-20,call,440.0,12.65,12.4,13.55,0.591221128845215,18,62
2026-04-18,US0079031078,AMD,2026-11-20,call,450.0,12.0,11.65,12.4,0.5927775097656252,21,66
2026-04-18,US0079031078,AMD,2026-11-20,call,460.0,5.43,10.55,11.55,0.5925638888549806,1,181
2026-04-18,US0079031078,AMD,2026-11-20,call,470.0,5.3,9.7,10.8,0.594028717956543,2,33
2026-04-18,US0079031078,AMD,2026-11-20,call,480.0,5.52,9.0,10.15,0.5966226861572266,1,214
2026-04-18,US0079031078,AMD,2026-11-20,call,490.0,7.26,8.55,9.15,0.5971719970703125,6,63
2026-04-18,US0079031078,AMD,2026-11-20,call,500.0,8.03,7.85,8.5,0.5975687216186524,269,769
2026-04-18,US0079031078,AMD,2026-11-20,put,100.0,1.16,0.82,1.21,0.7048369360351563,12,733
2026-04-18,US0079031078,AMD,2026-11-20,put,105.0,1.2,1.06,1.5,0.7020293469238281,2,196
2026-04-18,US0079031078,AMD,2026-11-20,put,110.0,1.55,1.23,1.72,0.6893341613769532,3,335
2026-04-18,US0079031078,AMD,2026-11-20,put,115.0,1.81,1.52,2.03,0.6835969140625001,11,145
2026-04-18,US0079031078,AMD,2026-11-20,put,120.0,2.03,1.81,2.31,0.6741975939941409,12,421
2026-04-18,US0079031078,AMD,2026-11-20,put,125.0,2.34,2.3,2.55,0.668094139404297,8,489
2026-04-18,US0079031078,AMD,2026-11-20,put,130.0,2.75,2.5,2.87,0.6540561938476563,1,1846
2026-04-18,US0079031078,AMD,2026-11-20,put,135.0,4.2,2.75,3.25,0.6420934228515626,3,660
2026-04-18,US0079031078,AMD,2026-11-20,put,140.0,3.37,3.1,3.75,0.6343420355224609,6,2841
2026-04-18,US0079031078,AMD,2026-11-20,put,145.0,3.85,3.75,4.25,0.6312292736816407,2,344
2026-04-18,US0079031078,AMD,2026-11-20,put,150.0,4.43,4.1,4.65,0.618289949951172,13,4018
2026-04-18,US0079031078,AMD,2026-11-20,put,155.0,5.08,4.8,5.2,0.6135292553710938,6,1305
2026-04-18,US0079031078,AMD,2026-11-20,put,160.0,5.63,5.5,5.9,0.6093178717041017,24,3890
2026-04-18,US0079031078,AMD,2026-11-20,put,165.0,6.45,6.1,6.65,0.6026040716552736,2,1754
2026-04-18,US0079031078,AMD,2026-11-20,put,170.0,7.05,6.95,7.4,0.5979044116210939,1,748
2026-04-18,US0079031078,AMD,2026-11-20,put,175.0,7.74,7.8,8.15,0.5916178533935548,3,631
2026-04-18,US0079031078,AMD,2026-11-20,put,180.0,8.86,8.6,9.1,0.5858195715332031,6,952
2026-04-18,US0079031078,AMD,2026-11-20,put,185.0,9.81,9.6,10.05,0.5809368078613282,1,916
2026-04-18,US0079031078,AMD,2026-11-20,put,190.0,11.08,10.75,11.15,0.5777935287475585,39,5025
2026-04-18,US0079031078,AMD,2026-11-20,put,195.0,11.84,11.9,12.35,0.5741009387207032,3,1210
2026-04-18,US0079031078,AMD,2026-11-20,put,200.0,13.65,13.15,13.8,0.5722699023437501,18,4073
2026-04-18,US0079031078,AMD,2026-11-20,put,210.0,16.26,15.9,16.4,0.5636945486450197,8,4712
2026-04-18,US0079031078,AMD,2026-11-20,put,220.0,19.4,18.95,19.9,0.5597273031616211,17,1248
2026-04-18,US0079031078,AMD,2026-11-20,put,230.0,22.6,22.55,23.4,0.5545698840332032,5,381
2026-04-18,US0079031078,AMD,2026-11-20,put,240.0,26.85,26.35,27.45,0.549778672180176,1004,142
2026-04-18,US0079031078,AMD,2026-11-20,put,250.0,30.8,30.5,31.6,0.54337004486084,402,1266
2026-04-18,US0079031078,AMD,2026-11-20,put,260.0,35.59,35.0,36.35,0.5387009020996094,7,299
2026-04-18,US0079031078,AMD,2026-11-20,put,270.0,40.04,39.95,41.2,0.5331925343322754,7,65
2026-04-18,US0079031078,AMD,2026-11-20,put,280.0,45.12,45.35,46.3,0.5278977874755859,5,28
2026-04-18,US0079031078,AMD,2026-11-20,put,290.0,53.72,50.8,52.45,0.5252122674560546,70,69
2026-04-18,US0079031078,AMD,2026-11-20,put,300.0,58.27,57.3,59.1,0.5278367529296876,1,17
2026-04-18,US0079031078,AMD,2026-11-20,put,310.0,69.1,63.0,65.05,0.5181322601318359,10,17
2026-04-18,US0079031078,AMD,2026-11-20,put,320.0,71.37,69.8,72.15,0.5181932946777343,3,56
2026-04-18,US0079031078,AMD,2026-11-20,put,330.0,107.0,76.75,79.1,0.5150500155639649,2,19
2026-04-18,US0079031078,AMD,2026-11-20,put,340.0,127.41,83.65,86.35,0.5102588037109376,1,41
2026-04-18,US0079031078,AMD,2026-11-20,put,350.0,106.35,91.1,93.9,0.5076343182373046,2,57
2026-04-18,US0079031078,AMD,2026-11-20,put,360.0,105.0,98.9,101.65,0.5056506954956054,3,24
2026-04-18,US0079031078,AMD,2026-11-20,put,370.0,129.8,106.5,109.6,0.5008594836425782,2,9
2026-04-18,US0079031078,AMD,2026-11-20,put,380.0,142.45,114.6,117.75,0.5199938137817383,,3
2026-04-18,US0079031078,AMD,2026-11-20,put,390.0,151.75,122.95,126.1,0.5188036401367188,,5
2026-04-18,US0079031078,AMD,2026-11-20,put,400.0,134.9,131.4,134.6,0.5175219146728516,20,20
2026-04-18,US0079031078,AMD,2026-11-20,put,410.0,151.15,139.85,143.2,0.5155382919311523,3,6
2026-04-18,US0079031078,AMD,2026-11-20,put,420.0,173.75,148.6,151.9,0.512974841003418,3,3
2026-04-18,US0079031078,AMD,2026-11-20,put,430.0,169.65,158.05,160.8,0.5116931155395508,3,1
2026-04-18,US0079031078,AMD,2026-12-18,call,5.0,238.64,272.05,275.4,2.3515666210937494,20,1383
2026-04-18,US0079031078,AMD,2026-12-18,call,10.0,213.45,227.35,231.05,1.0000000000000003e-05,,3
2026-04-18,US0079031078,AMD,2026-12-18,call,20.0,216.15,257.5,260.85,1.636232287597656,2,952
2026-04-18,US0079031078,AMD,2026-12-18,call,25.0,177.77,252.9,255.6,1.5078149609375,25,215
2026-04-18,US0079031078,AMD,2026-12-18,call,30.0,164.23,247.95,250.75,1.4116240356445315,1,15
2026-04-18,US0079031078,AMD,2026-12-18,call,35.0,189.52,199.05,203.0,1.0000000000000003e-05,4,9
2026-04-18,US0079031078,AMD,2026-12-18,call,40.0,168.66,238.25,241.05,1.281009454345703,1,17
2026-04-18,US0079031078,AMD,2026-12-18,call,45.0,149.28,0.0,0.0,1.0000000000000003e-05,1,0
2026-04-18,US0079031078,AMD,2026-12-18,call,50.0,157.6,143.55,146.4,1.0000000000000003e-05,5,208
2026-04-18,US0079031078,AMD,2026-12-18,call,55.0,183.99,153.35,156.85,1.0000000000000003e-05,10,51
2026-04-18,US0079031078,AMD,2026-12-18,call,60.0,145.93,219.15,221.8,1.11328568359375,1,163
2026-04-18,US0079031078,AMD,2026-12-18,call,65.0,190.75,214.35,217.0,1.076420633544922,5,225
2026-04-18,US0079031078,AMD,2026-12-18,call,70.0,154.56,209.55,212.1,1.0369921197509768,20,342
2026-04-18,US0079031078,AMD,2026-12-18,call,75.0,175.8,204.75,207.45,1.01013678527832,1,294
2026-04-18,US0079031078,AMD,2026-12-18,call,80.0,176.77,200.0,202.6,0.9781496325683594,1,218
2026-04-18,US0079031078,AMD,2026-12-18,call,85.0,121.5,0.0,0.0,1.0000000000000003e-05,1,0
2026-04-18,US0079031078,AMD,2026-12-18,call,90.0,190.35,190.55,193.3,0.9321295849609376,1,630
2026-04-18,US0079031078,AMD,2026-12-18,call,95.0,186.66,185.8,188.5,0.90429783203125,1,1208
2026-04-18,US0079031078,AMD,2026-12-18,call,100.0,182.0,181.15,183.45,0.8732922827148437,3,1941
2026-04-18,US0079031078,AMD,2026-12-18,call,105.0,178.05,176.45,179.0,0.85742330078125,1,483
2026-04-18,US0079031078,AMD,2026-12-18,call,110.0,172.9,171.8,174.35,0.8374650042724607,1,1065
2026-04-18,US0079031078,AMD,2026-12-18,call,115.0,169.45,167.2,169.75,0.8196429168701171,1,754
2026-04-18,US0079031078,AMD,2026-12-18,call,120.0,162.83,162.65,165.0,0.7995625512695312,1,1040
2026-04-18,US0079031078,AMD,2026-12-18,call,125.0,154.16,158.1,160.5,0.784303914794922,3,1143
2026-04-18,US0079031078,AMD,2026-12-18,call,130.0,150.0,153.6,156.15,0.7720970056152343,24,2187
2026-04-18,US0079031078,AMD,2026-12-18,call,135.0,149.74,149.15,151.95,0.762392512817383,15,3898
2026-04-18,US0079031078,AMD,2026-12-18,call,140.0,146.24,144.75,147.55,0.7492700854492188,1,5094
2026-04-18,US0079031078,AMD,2026-12-18,call,145.0,141.0,140.45,142.9,0.7334621380615234,9,2051
2026-04-18,US0079031078,AMD,2026-12-18,call,150.0,138.7,136.25,138.95,0.7281521325683593,1,1984
2026-04-18,US0079031078,AMD,2026-12-18,call,155.0,129.25,131.85,134.45,0.711916943359375,30,926
2026-04-18,US0079031078,AMD,2026-12-18,call,160.0,128.97,127.75,129.95,0.6991607232666017,3,1063
2026-04-18,US0079031078,AMD,2026-12-18,call,165.0,125.0,123.6,126.15,0.6933014068603516,2,1615
2026-04-18,US0079031078,AMD,2026-12-18,call,170.0,121.0,119.6,122.2,0.6862824340820313,1,1220
2026-04-18,US0079031078,AMD,2026-12-18,call,175.0,115.67,115.65,118.0,0.6761506994628907,2,703
2026-04-18,US0079031078,AMD,2026-12-18,call,180.0,114.5,111.85,114.15,0.6702303485107424,9,1108
2026-04-18,US0079031078,AMD,2026-12-18,call,185.0,111.0,107.95,110.45,0.6636996520996095,6,999
2026-04-18,US0079031078,AMD,2026-12-18,call,190.0,105.35,104.25,106.8,0.6584201638793946,35,1938
2026-04-18,US0079031078,AMD,2026-12-18,call,195.0,101.76,100.65,103.5,0.6559177474975587,4,1375
2026-04-18,US0079031078,AMD,2026-12-18,call,200.0,98.6,97.1,99.6,0.647739118347168,50,3493
2026-04-18,US0079031078,AMD,2026-12-18,call,210.0,91.5,90.3,92.7,0.6382482464599608,35,2221
2026-04-18,US0079031078,AMD,2026-12-18,call,220.0,85.25,83.8,86.1,0.6293372027587891,54,2127
2026-04-18,US0079031078,AMD,2026-12-18,call,230.0,78.7,77.65,80.0,0.6225318508911133,28,2310
2026-04-18,US0079031078,AMD,2026-12-18,call,240.0,73.47,71.9,74.55,0.6188087435913087,37,2749
2026-04-18,US0079031078,AMD,2026-12-18,call,250.0,67.75,67.1,68.5,0.6135292553710938,116,3309
2026-04-18,US0079031078,AMD,2026-12-18,call,260.0,61.9,61.5,63.6,0.6069680416870118,90,2426
2026-04-18,US0079031078,AMD,2026-12-18,call,270.0,57.21,56.85,58.6,0.6021463125610352,51,2438
2026-04-18,US0079031078,AMD,2026-12-18,call,280.0,53.18,53.05,54.25,0.6026803648376466,69,2325
2026-04-18,US0079031078,AMD,2026-12-18,call,290.0,49.0,48.65,50.0,0.5973245834350586,57,1686
2026-04-18,US0079031078,AMD,2026-12-18,call,300.0,45.64,45.25,45.8,0.5949289775085449,657,5020
2026-04-18,US0079031078,AMD,2026-12-18,call,310.0,41.7,41.6,42.85,0.5952951847839354,39,2534
2026-04-18,US0079031078,AMD,2026-12-18,call,320.0,38.38,38.25,39.4,0.5919535433959963,136,1074
2026-04-18,US0079031078,AMD,2026-12-18,call,330.0,36.06,35.25,36.35,0.5902750933837893,611,1266
2026-04-18,US0079031078,AMD,2026-12-18,call,340.0,32.91,32.7,33.6,0.5903971624755859,7,1642
2026-04-18,US0079031078,AMD,2026-12-18,call,350.0,30.53,30.05,31.2,0.5897410411071777,448,5033
2026-04-18,US0079031078,AMD,2026-12-18,call,360.0,28.24,27.6,29.05,0.5895426788330078,136,1335
2026-04-18,US0079031078,AMD,2026-12-18,call,370.0,26.2,25.65,27.0,0.5908549215698243,15,1518
2026-04-18,US0079031078,AMD,2026-12-18,call,380.0,24.6,23.85,24.7,0.5897562997436524,77,1974
2026-04-18,US0079031078,AMD,2026-12-18,call,390.0,22.25,21.75,22.85,0.5877116424560547,428,4986
2026-04-18,US0079031078,AMD,2026-12-18,call,400.0,20.5,20.35,21.05,0.5885661260986328,225,2586
2026-04-18,US0079031078,AMD,2026-12-18,call,410.0,19.19,18.7,19.75,0.5894206097412109,37,510
2026-04-18,US0079031078,AMD,2026-12-18,call,420.0,17.51,17.15,18.1,0.5871318142700196,22,536
2026-04-18,US0079031078,AMD,2026-12-18,call,430.0,16.46,16.0,16.95,0.5893900924682618,23,503
2026-04-18,US0079031078,AMD,2026-12-18,call,440.0,15.03,14.75,15.55,0.58789474609375,27,335
2026-04-18,US0079031078,AMD,2026-12-18,call,450.0,13.75,13.85,14.5,0.5900614724731447,43,1578
2026-04-18,US0079031078,AMD,2026-12-18,call,460.0,12.6,12.55,13.45,0.5880473324584962,110,212
2026-04-18,US0079031078,AMD,2026-12-18,call,470.0,11.75,11.9,12.6,0.5913126806640626,3,95
2026-04-18,US0079031078,AMD,2026-12-18,call,480.0,11.44,11.1,11.7,0.5920145779418947,72,1800
2026-04-18,US0079031078,AMD,2026-12-18,call,490.0,10.53,9.95,11.05,0.5907938870239259,5,77
2026-04-18,US0079031078,AMD,2026-12-18,call,500.0,9.8,9.65,10.35,0.5953714779663085,15,746
2026-04-18,US0079031078,AMD,2026-12-18,call,510.0,9.3,8.95,9.35,0.5929300961303713,1,247
2026-04-18,US0079031078,AMD,2026-12-18,call,520.0,8.73,8.2,8.95,0.5944864770507813,250,405
2026-04-18,US0079031078,AMD,2026-12-18,call,530.0,7.95,7.75,8.35,0.5961649270629883,101,1791
2026-04-18,US0079031078,AMD,2026-12-18,put,5.0,0.01,0.0,0.65,2.339847900390624,,2
2026-04-18,US0079031078,AMD,2026-12-18,put,10.0,0.06,0.0,0.49,1.78515732421875,2,2
2026-04-18,US0079031078,AMD,2026-12-18,put,15.0,0.16,0.0,0.63,1.5957051464843748,2,200
2026-04-18,US0079031078,AMD,2026-12-18,put,20.0,0.05,0.0,0.26,1.2734411328124997,1,525
2026-04-18,US0079031078,AMD,2026-12-18,put,25.0,0.07,0.01,0.1,1.05859845703125,2,847
2026-04-18,US0079031078,AMD,2026-12-18,put,30.0,0.19,0.05,0.17,1.05078599609375,1,184
2026-04-18,US0079031078,AMD,2026-12-18,put,35.0,0.11,0.05,0.17,0.9765627343750001,1,489
2026-04-18,US0079031078,AMD,2026-12-18,put,40.0,0.24,0.1,0.36,0.9941406835937501,5,255
2026-04-18,US0079031078,AMD,2026-12-18,put,45.0,0.27,0.1,0.24,0.8994150683593749,1,726
2026-04-18,US0079031078,AMD,2026-12-18,put,50.0,0.18,0.11,0.37,0.883790224609375,12,741
2026-04-18,US0079031078,AMD,2026-12-18,put,55.0,0.29,0.14,0.34,0.8349625878906248,1,1565
2026-04-18,US0079031078,AMD,2026-12-18,put,60.0,0.33,0.3,0.54,0.851563984375,38,1418
2026-04-18,US0079031078,AMD,2026-12-18,put,65.0,0.47,0.2,0.61,0.8042011767578124,20,531
2026-04-18,US0079031078,AMD,2026-12-18,put,70.0,0.48,0.35,0.57,0.7778342529296876,31,1111
2026-04-18,US0079031078,AMD,2026-12-18,put,75.0,0.71,0.37,0.65,0.7514673291015624,3,1375
2026-04-18,US0079031078,AMD,2026-12-18,put,80.0,0.7,0.65,0.9,0.7634301000976562,46,2120
2026-04-18,US0079031078,AMD,2026-12-18,put,85.0,0.83,0.67,1.05,0.7404811108398437,12,1532
2026-04-18,US0079031078,AMD,2026-12-18,put,90.0,1.0,0.95,1.21,0.73437765625,25,4142
2026-04-18,US0079031078,AMD,2026-12-18,put,95.0,1.14,1.08,1.43,0.7204617797851562,4,1320
2026-04-18,US0079031078,AMD,2026-12-18,put,100.0,1.37,1.2,1.59,0.7020293469238281,29,10765
2026-04-18,US0079031078,AMD,2026-12-18,put,105.0,1.52,1.49,1.72,0.6893341613769532,4,1069
2026-04-18,US0079031078,AMD,2026-12-18,put,110.0,1.81,1.73,1.92,0.6761506994628907,25,3208
2026-04-18,US0079031078,AMD,2026-12-18,put,115.0,2.15,1.88,2.25,0.6634555139160159,28,2003
2026-04-18,US0079031078,AMD,2026-12-18,put,120.0,2.28,2.31,2.63,0.6596103375244142,32,5805
2026-04-18,US0079031078,AMD,2026-12-18,put,125.0,2.63,2.6,3.0,0.6492954992675781,10,2177
2026-04-18,US0079031078,AMD,2026-12-18,put,130.0,3.0,3.0,3.35,0.6398961791992188,17,2786
2026-04-18,US0079031078,AMD,2026-12-18,put,135.0,3.6,3.45,3.8,0.6325720336914062,14,1952
2026-04-18,US0079031078,AMD,2026-12-18,put,140.0,4.05,3.8,4.15,0.6197547790527345,200,7188
2026-04-18,US0079031078,AMD,2026-12-18,put,145.0,4.6,4.5,4.8,0.618289949951172,77,2170
2026-04-18,US0079031078,AMD,2026-12-18,put,150.0,5.25,5.1,5.4,0.6119423571777345,59,3787
2026-04-18,US0079031078,AMD,2026-12-18,put,155.0,5.71,5.7,6.1,0.6057168334960938,3,1645
2026-04-18,US0079031078,AMD,2026-12-18,put,160.0,6.37,6.3,6.65,0.5960123406982423,65,4717
2026-04-18,US0079031078,AMD,2026-12-18,put,165.0,7.35,7.2,7.45,0.5926859579467775,25,1622
2026-04-18,US0079031078,AMD,2026-12-18,put,170.0,7.85,8.05,8.35,0.5883219879150392,3,11545
2026-04-18,US0079031078,AMD,2026-12-18,put,175.0,8.8,8.95,9.25,0.5830730169677734,2,2140
2026-04-18,US0079031078,AMD,2026-12-18,put,180.0,10.13,9.85,10.25,0.5776409423828125,5,4120
2026-04-18,US0079031078,AMD,2026-12-18,put,185.0,11.26,10.95,11.35,0.5740093869018555,23,1494
2026-04-18,US0079031078,AMD,2026-12-18,put,190.0,12.46,11.95,12.55,0.5690045541381835,19,4207
2026-04-18,US0079031078,AMD,2026-12-18,put,195.0,13.2,13.25,13.8,0.565983344116211,12,1008
2026-04-18,US0079031078,AMD,2026-12-18,put,200.0,15.15,14.8,15.3,0.5659528268432618,71,3924
2026-04-18,US0079031078,AMD,2026-12-18,put,210.0,17.97,17.7,18.1,0.5582319567871095,11,2286
2026-04-18,US0079031078,AMD,2026-12-18,put,220.0,21.2,20.85,21.6,0.5530745376586915,45,1984
2026-04-18,US0079031078,AMD,2026-12-18,put,230.0,24.9,24.5,25.3,0.5481307394409182,42,1379
2026-04-18,US0079031078,AMD,2026-12-18,put,240.0,28.8,28.5,29.1,0.5418441812133791,66,658
2026-04-18,US0079031078,AMD,2026-12-18,put,250.0,32.7,32.85,33.65,0.5383346948242189,129,2163
2026-04-18,US0079031078,AMD,2026-12-18,put,260.0,37.55,37.55,38.3,0.5335129656982422,26,987
2026-04-18,US0079031078,AMD,2026-12-18,put,270.0,43.3,42.15,43.8,0.5292710647583009,13,203
2026-04-18,US0079031078,AMD,2026-12-18,put,280.0,48.59,48.05,48.8,0.5259446820068359,11,777
2026-04-18,US0079031078,AMD,2026-12-18,put,290.0,53.92,53.35,55.1,0.52304554107666,58,348
2026-04-18,US0079031078,AMD,2026-12-18,put,300.0,59.85,59.8,60.7,0.5193224337768555,19,603
2026-04-18,US0079031078,AMD,2026-12-18,put,310.0,66.7,66.0,67.3,0.5165453619384766,2,120
2026-04-18,US0079031078,AMD,2026-12-18,put,320.0,76.5,72.7,74.5,0.5168200173950196,1,160
2026-04-18,US0079031078,AMD,2026-12-18,put,330.0,123.25,78.3,80.8,0.5030262100219728,2,69
2026-04-18,US0079031078,AMD,2026-12-18,put,340.0,87.18,86.05,88.65,0.5071765591430665,1,45
2026-04-18,US0079031078,AMD,2026-12-18,put,350.0,103.19,93.95,95.95,0.506566213684082,2,17
2026-04-18,US0079031078,AMD,2026-12-18,put,360.0,130.04,100.85,103.55,0.5153857055664062,4,29
2026-04-18,US0079031078,AMD,2026-12-18,put,370.0,123.65,108.55,111.5,0.5144091528320311,50,121
2026-04-18,US0079031078,AMD,2026-12-18,put,380.0,120.83,116.55,119.7,0.5143786355590819,1,24
2026-04-18,US0079031078,AMD,2026-12-18,put,390.0,127.81,125.15,127.9,0.5122424264526367,2,42
2026-04-18,US0079031078,AMD,2026-12-18,put,400.0,134.9,133.6,136.3,0.5106555282592774,10,20
2026-04-18,US0079031078,AMD,2026-12-18,put,420.0,167.35,150.3,153.5,0.5072681109619142,2,1
2026-04-18,US0079031078,AMD,2026-12-18,put,430.0,199.2,223.7,225.3,1.2394142033386228,1,15
2026-04-18,US0079031078,AMD,2026-12-18,put,440.0,170.74,167.75,171.15,0.503209313659668,24,31
2026-04-18,US0079031078,AMD,2026-12-18,put,450.0,177.07,177.1,180.1,0.5005237936401368,5,4
2026-04-18,US0079031078,AMD,2026-12-18,put,460.0,231.75,230.0,230.6,1.027318095855713,,4
2026-04-18,US0079031078,AMD,2026-12-18,put,470.0,241.3,261.5,266.5,1.30585063873291,2,2
2026-04-18,US0079031078,AMD,2026-12-18,put,480.0,231.14,263.35,267.55,1.2284279301452636,,0
2026-04-18,US0079031078,AMD,2026-12-18,put,490.0,216.75,213.65,217.0,0.49359637268066414,2,1
2026-04-18,US0079031078,AMD,2026-12-18,put,500.0,245.0,223.65,226.4,0.49170430175781255,1,0
2026-04-18,US0079031078,AMD,2026-12-18,put,510.0,290.1,270.5,274.1,1.0159961309814454,,0
2026-04-18,US0079031078,AMD,2026-12-18,put,520.0,293.25,303.7,307.75,1.2928807328796386,3,0
2026-04-18,US0079031078,AMD,2026-12-18,put,530.0,300.48,251.65,254.95,0.48627222717285157,6,0
2026-04-18,US0079031078,AMD,2027-01-15,call,5.0,271.91,272.35,275.25,2.3046917382812495,4,4902
2026-04-18,US0079031078,AMD,2027-01-15,call,10.0,221.0,191.0,195.5,1.0000000000000003e-05,1,33
2026-04-18,US0079031078,AMD,2027-01-15,call,15.0,202.0,222.7,226.5,1.0000000000000003e-05,,3
2026-04-18,US0079031078,AMD,2027-01-15,call,20.0,173.93,257.65,260.9,1.5820333398437496,1,36
2026-04-18,US0079031078,AMD,2027-01-15,call,25.0,254.25,252.9,255.85,1.4619167529296875,1,327
2026-04-18,US0079031078,AMD,2027-01-15,call,30.0,224.71,248.05,251.2,1.3984405078125,1,198
2026-04-18,US0079031078,AMD,2027-01-15,call,35.0,171.7,243.25,246.4,1.3325228686523434,2,119
2026-04-18,US0079031078,AMD,2027-01-15,call,40.0,161.32,238.55,241.4,1.2666052294921872,10,131
2026-04-18,US0079031078,AMD,2027-01-15,call,45.0,162.75,233.75,236.55,1.2116738635253905,1,34
2026-04-18,US0079031078,AMD,2027-01-15,call,50.0,162.73,228.95,231.8,1.1679729101562502,1,699
2026-04-18,US0079031078,AMD,2027-01-15,call,55.0,141.48,224.2,227.0,1.1272016296386718,1,59
2026-04-18,US0079031078,AMD,2027-01-15,call,60.0,213.8,219.4,222.2,1.0866744885253907,2,188
2026-04-18,US0079031078,AMD,2027-01-15,call,65.0,144.5,214.65,217.35,1.0488328808593752,1,600
2026-04-18,US0079031078,AMD,2027-01-15,call,70.0,210.04,209.9,212.75,1.0228320343017578,2,5183
2026-04-18,US0079031078,AMD,2027-01-15,call,75.0,207.66,205.15,208.2,0.9989013781738281,1,1947
2026-04-18,US0079031078,AMD,2027-01-15,call,80.0,199.7,200.45,203.3,0.9653323779296875,10,1336
2026-04-18,US0079031078,AMD,2027-01-15,call,85.0,196.85,195.75,197.35,0.9007578283691406,1,292
2026-04-18,US0079031078,AMD,2027-01-15,call,90.0,192.5,191.05,193.95,0.9156502575683594,5,9226
2026-04-18,US0079031078,AMD,2027-01-15,call,95.0,189.0,186.35,189.1,0.8870860900878905,2,1514
2026-04-18,US0079031078,AMD,2027-01-15,call,100.0,183.33,181.7,184.7,0.8714612463378906,9,8325
2026-04-18,US0079031078,AMD,2027-01-15,call,105.0,180.05,177.1,179.9,0.847535704345703,3,1023
2026-04-18,US0079031078,AMD,2027-01-15,call,110.0,174.5,172.5,175.15,0.8251970605468748,3,2929
2026-04-18,US0079031078,AMD,2027-01-15,call,115.0,157.25,167.95,170.45,0.8051777294921875,3,2162
2026-04-18,US0079031078,AMD,2027-01-15,call,120.0,164.5,163.45,166.55,0.8004780694580078,45,1753
2026-04-18,US0079031078,AMD,2027-01-15,call,125.0,159.0,159.0,161.85,0.7816183947753907,7,1771
2026-04-18,US0079031078,AMD,2027-01-15,call,130.0,156.23,154.55,157.05,0.7612328564453126,3,1557
2026-04-18,US0079031078,AMD,2027-01-15,call,135.0,147.95,150.15,152.65,0.7477442218017578,11,1646
2026-04-18,US0079031078,AMD,2027-01-15,call,140.0,146.77,145.85,148.3,0.7359035198974608,7,1980
2026-04-18,US0079031078,AMD,2027-01-15,call,145.0,143.48,141.55,144.55,0.7312038598632812,1,1157
2026-04-18,US0079031078,AMD,2027-01-15,call,150.0,139.0,137.85,140.0,0.7226590234375,37,4369
2026-04-18,US0079031078,AMD,2027-01-15,call,155.0,134.44,133.3,135.95,0.7091703887939453,11,1316
2026-04-18,US0079031078,AMD,2027-01-15,call,160.0,130.82,129.35,131.8,0.7008086560058593,11,1197
2026-04-18,US0079031078,AMD,2027-01-15,call,165.0,127.9,125.15,127.6,0.6884796777343751,7,899
2026-04-18,US0079031078,AMD,2027-01-15,call,170.0,123.3,121.15,124.25,0.6860993304443359,10,1455
2026-04-18,US0079031078,AMD,2027-01-15,call,175.0,118.5,117.3,120.25,0.6776765631103516,15,1203
2026-04-18,US0079031078,AMD,2027-01-15,call,180.0,116.0,113.55,116.0,0.6671786212158206,35,3375
2026-04-18,US0079031078,AMD,2027-01-15,call,185.0,111.1,109.75,112.9,0.6655612057495119,41,1462
2026-04-18,US0079031078,AMD,2027-01-15,call,190.0,107.06,106.15,108.6,0.6544834356689455,12,1478
2026-04-18,US0079031078,AMD,2027-01-15,call,195.0,103.53,103.65,105.4,0.6603122348022462,35,836
2026-04-18,US0079031078,AMD,2027-01-15,call,200.0,100.45,99.15,101.4,0.6431310101318359,132,9518
2026-04-18,US0079031078,AMD,2027-01-15,call,210.0,93.82,93.45,95.4,0.6463048065185546,91,2239
2026-04-18,US0079031078,AMD,2027-01-15,call,220.0,87.52,86.15,88.0,0.6246375427246094,75,4470
2026-04-18,US0079031078,AMD,2027-01-15,call,230.0,81.35,80.15,82.35,0.6204566763305664,28,3100
2026-04-18,US0079031078,AMD,2027-01-15,call,240.0,75.85,74.65,76.65,0.6155128781127931,257,4652
2026-04-18,US0079031078,AMD,2027-01-15,call,250.0,70.5,70.3,71.25,0.6157570162963868,262,13465
2026-04-18,US0079031078,AMD,2027-01-15,call,260.0,66.03,65.3,66.25,0.6112099426269533,116,3580
2026-04-18,US0079031078,AMD,2027-01-15,call,270.0,60.8,59.7,61.9,0.6040536421203615,70,5329
2026-04-18,US0079031078,AMD,2027-01-15,call,280.0,56.45,56.1,57.15,0.6028329512023929,186,2920
2026-04-18,US0079031078,AMD,2027-01-15,call,290.0,52.39,51.7,52.9,0.5972635488891601,159,7033
2026-04-18,US0079031078,AMD,2027-01-15,call,300.0,48.55,48.1,49.3,0.5968057897949219,925,10761
2026-04-18,US0079031078,AMD,2027-01-15,call,310.0,45.0,44.4,45.45,0.5920603538513185,107,4877
2026-04-18,US0079031078,AMD,2027-01-15,call,320.0,41.15,40.95,42.2,0.5894206097412109,79,2313
2026-04-18,US0079031078,AMD,2027-01-15,call,330.0,39.09,38.75,39.55,0.5941965629577637,186,2443
2026-04-18,US0079031078,AMD,2027-01-15,call,340.0,35.95,35.15,36.45,0.5872233660888673,15,724
2026-04-18,US0079031078,AMD,2027-01-15,call,350.0,33.5,32.95,33.85,0.5882304360961915,288,2306
2026-04-18,US0079031078,AMD,2027-01-15,call,360.0,31.5,30.5,32.0,0.5900614724731447,40,1222
2026-04-18,US0079031078,AMD,2027-01-15,call,370.0,29.3,28.1,29.2,0.5852702606201172,72,2372
2026-04-18,US0079031078,AMD,2027-01-15,call,380.0,26.26,26.45,27.25,0.5874980215454101,3,1115
2026-04-18,US0079031078,AMD,2027-01-15,call,390.0,24.7,24.4,25.3,0.585941640625,79,231
2026-04-18,US0079031078,AMD,2027-01-15,call,400.0,23.0,22.9,23.9,0.5891459542846681,167,6319
2026-04-18,US0079031078,AMD,2027-01-15,call,410.0,22.0,20.85,21.9,0.5842326733398437,34,635
2026-04-18,US0079031078,AMD,2027-01-15,call,420.0,20.29,19.5,20.4,0.584965087890625,75,605
2026-04-18,US0079031078,AMD,2027-01-15,call,430.0,18.29,18.25,19.45,0.5884745742797851,167,414
2026-04-18,US0079031078,AMD,2027-01-15,call,440.0,17.48,16.85,18.15,0.5877116424560547,34,322
2026-04-18,US0079031078,AMD,2027-01-15,call,450.0,16.05,15.8,16.8,0.5876506079101562,15,2584
2026-04-18,US0079031078,AMD,2027-01-15,call,460.0,15.0,14.55,15.8,0.5874675042724609,164,224
2026-04-18,US0079031078,AMD,2027-01-15,call,470.0,13.5,13.9,14.6,0.5889628506469727,2,633
2026-04-18,US0079031078,AMD,2027-01-15,call,480.0,12.8,12.85,13.75,0.5891459542846681,6,683
2026-04-18,US0079031078,AMD,2027-01-15,call,490.0,12.35,12.0,12.85,0.5894511270141601,1,194
2026-04-18,US0079031078,AMD,2027-01-15,call,500.0,11.5,11.4,12.0,0.5910990597534181,50,4188
2026-04-18,US0079031078,AMD,2027-01-15,call,510.0,10.3,10.6,11.3,0.5915568188476563,1,274
2026-04-18,US0079031078,AMD,2027-01-15,call,520.0,9.77,9.8,10.55,0.5907023352050782,21,751
2026-04-18,US0079031078,AMD,2027-01-15,call,530.0,9.5,9.4,9.75,0.5919535433959963,168,2756
2026-04-18,US0079031078,AMD,2027-01-15,put,5.0,0.03,0.0,0.45,2.0937547656249995,3683,3700
2026-04-18,US0079031078,AMD,2027-01-15,put,10.0,0.02,0.0,0.0,0.500005,,0
2026-04-18,US0079031078,AMD,2027-01-15,put,15.0,0.04,0.01,0.19,1.3085972070312497,2,1
2026-04-18,US0079031078,AMD,2027-01-15,put,20.0,0.09,0.0,0.15,1.1367230664062502,1,62
2026-04-18,US0079031078,AMD,2027-01-15,put,25.0,0.18,0.05,0.16,1.0742233789062503,1,761
2026-04-18,US0079031078,AMD,2027-01-15,put,30.0,0.15,0.05,0.47,1.1015669921875002,2,379
2026-04-18,US0079031078,AMD,2027-01-15,put,35.0,0.19,0.1,0.67,1.0781296093750001,2,234
2026-04-18,US0079031078,AMD,2027-01-15,put,40.0,0.25,0.1,0.54,0.98242205078125,4,404
2026-04-18,US0079031078,AMD,2027-01-15,put,45.0,0.23,0.1,0.29,0.866212275390625,5,1097
2026-04-18,US0079031078,AMD,2027-01-15,put,50.0,0.25,0.19,0.31,0.84179845703125,1,5440
2026-04-18,US0079031078,AMD,2027-01-15,put,55.0,0.33,0.23,0.38,0.815431533203125,20,3102
2026-04-18,US0079031078,AMD,2027-01-15,put,60.0,0.41,0.14,0.58,0.790041162109375,41,4190
2026-04-18,US0079031078,AMD,2027-01-15,put,65.0,0.47,0.33,0.7,0.788088056640625,20,610
2026-04-18,US0079031078,AMD,2027-01-15,put,70.0,0.57,0.44,0.66,0.7563500927734376,10,6997
2026-04-18,US0079031078,AMD,2027-01-15,put,75.0,0.78,0.46,0.77,0.7319362744140624,2,5465
2026-04-18,US0079031078,AMD,2027-01-15,put,80.0,0.8,0.76,1.05,0.7417018017578124,1,6026
2026-04-18,US0079031078,AMD,2027-01-15,put,85.0,0.97,0.89,1.16,0.7224148852539063,2,3822
2026-04-18,US0079031078,AMD,2027-01-15,put,90.0,1.8,0.91,1.42,0.7050810742187501,4,10064
2026-04-18,US0079031078,AMD,2027-01-15,put,95.0,1.37,1.28,1.63,0.70117486328125,25,3388
2026-04-18,US0079031078,AMD,2027-01-15,put,100.0,1.63,1.51,1.73,0.6840851904296876,878,12004
2026-04-18,US0079031078,AMD,2027-01-15,put,105.0,1.81,1.68,2.12,0.6750520776367189,36,7167
2026-04-18,US0079031078,AMD,2027-01-15,put,110.0,2.15,1.96,2.39,0.6639437902832033,12,7209
2026-04-18,US0079031078,AMD,2027-01-15,put,115.0,2.48,2.35,2.66,0.6549106774902345,9,2795
2026-04-18,US0079031078,AMD,2027-01-15,put,120.0,2.88,2.62,3.05,0.6443517010498048,79,16537
2026-04-18,US0079031078,AMD,2027-01-15,put,125.0,3.17,3.1,3.45,0.6379430737304688,14,3034
2026-04-18,US0079031078,AMD,2027-01-15,put,130.0,3.55,3.55,3.8,0.6280554772949221,6,6181
2026-04-18,US0079031078,AMD,2027-01-15,put,135.0,4.15,4.05,4.35,0.622074091796875,24,2339
2026-04-18,US0079031078,AMD,2027-01-15,put,140.0,4.72,4.45,4.95,0.6135902899169923,107,8587
2026-04-18,US0079031078,AMD,2027-01-15,put,145.0,5.28,5.05,5.45,0.6056557989501954,38,4046
2026-04-18,US0079031078,AMD,2027-01-15,put,150.0,5.82,5.8,6.05,0.6003457934570313,119,16744
2026-04-18,US0079031078,AMD,2027-01-15,put,155.0,6.63,6.45,6.75,0.593601476135254,46,2481
2026-04-18,US0079031078,AMD,2027-01-15,put,160.0,7.45,7.3,7.55,0.5895426788330078,863,5865
2026-04-18,US0079031078,AMD,2027-01-15,put,165.0,8.34,8.15,8.45,0.5852092260742188,125,3881
2026-04-18,US0079031078,AMD,2027-01-15,put,170.0,9.0,9.05,9.35,0.5800518069458008,38,4582
2026-04-18,US0079031078,AMD,2027-01-15,put,175.0,10.16,10.05,10.4,0.5762981823730469,73,2871
2026-04-18,US0079031078,AMD,2027-01-15,put,180.0,11.22,11.05,11.45,0.5712323150634766,127,5873
2026-04-18,US0079031078,AMD,2027-01-15,put,185.0,12.16,12.2,12.65,0.5678448977661132,67,2923
2026-04-18,US0079031078,AMD,2027-01-15,put,190.0,13.15,13.35,14.05,0.5649457568359376,80,2296
2026-04-18,US0079031078,AMD,2027-01-15,put,195.0,14.75,14.85,15.4,0.5632978240966797,116,1905
2026-04-18,US0079031078,AMD,2027-01-15,put,200.0,16.47,16.25,16.8,0.5599409240722657,171,6639
2026-04-18,US0079031078,AMD,2027-01-15,put,210.0,19.54,19.15,19.75,0.551762294921875,47,5002
2026-04-18,US0079031078,AMD,2027-01-15,put,220.0,23.02,22.65,23.2,0.5472152212524416,81,3805
2026-04-18,US0079031078,AMD,2027-01-15,put,230.0,26.6,26.35,27.2,0.5433395275878907,45,3557
2026-04-18,US0079031078,AMD,2027-01-15,put,240.0,30.8,30.0,31.35,0.5360764166259766,78,1639
2026-04-18,US0079031078,AMD,2027-01-15,put,250.0,35.36,34.65,35.8,0.5329026202392577,50,3237
2026-04-18,US0079031078,AMD,2027-01-15,put,260.0,39.47,39.75,40.9,0.5322464988708495,9,619
2026-04-18,US0079031078,AMD,2027-01-15,put,270.0,44.75,44.55,45.6,0.5242204560852051,61,733
2026-04-18,US0079031078,AMD,2027-01-15,put,280.0,50.5,49.9,50.9,0.5192766578674317,121,914
2026-04-18,US0079031078,AMD,2027-01-15,put,290.0,55.9,55.55,57.4,0.5191393301391601,58,1725
2026-04-18,US0079031078,AMD,2027-01-15,put,300.0,62.7,62.15,63.2,0.5172472592163085,91,1875
2026-04-18,US0079031078,AMD,2027-01-15,put,310.0,68.85,68.45,69.45,0.5133105310058592,211,122
2026-04-18,US0079031078,AMD,2027-01-15,put,320.0,75.0,74.4,76.55,0.5092517337036133,80,181
2026-04-18,US0079031078,AMD,2027-01-15,put,330.0,81.9,80.7,83.25,0.5022632781982423,2,102
2026-04-18,US0079031078,AMD,2027-01-15,put,340.0,100.99,87.4,90.1,0.5100451828002931,2,60
2026-04-18,US0079031078,AMD,2027-01-15,put,350.0,103.91,95.25,97.25,0.5051471604919433,2,214
2026-04-18,US0079031078,AMD,2027-01-15,put,360.0,111.35,102.35,104.8,0.5022937954711916,20,163
2026-04-18,US0079031078,AMD,2027-01-15,put,370.0,127.5,110.65,113.55,0.5108996664428712,1,633
2026-04-18,US0079031078,AMD,2027-01-15,put,380.0,125.95,118.4,121.5,0.5086108709716797,20,70
2026-04-18,US0079031078,AMD,2027-01-15,put,390.0,135.7,126.7,129.7,0.5073291455078125,2,22
2026-04-18,US0079031078,AMD,2027-01-15,put,400.0,136.15,134.7,137.7,0.5016529327392578,1,66
2026-04-18,US0079031078,AMD,2027-01-15,put,410.0,160.07,142.9,146.5,0.5042774182128906,13,38
2026-04-18,US0079031078,AMD,2027-01-15,put,420.0,155.5,151.6,153.9,0.4862111926269531,26,23
2026-04-18,US0079031078,AMD,2027-01-15,put,430.0,180.05,160.15,163.75,0.5001881036376954,40,20
2026-04-18,US0079031078,AMD,2027-01-15,put,440.0,175.85,169.55,172.3,0.4943898217773438,8,4
2026-04-18,US0079031078,AMD,2027-01-15,put,450.0,196.05,177.85,181.45,0.49597671997070314,2,1
2026-04-18,US0079031078,AMD,2027-01-15,put,460.0,191.0,187.0,190.3,0.49136861175537117,46,26
2026-04-18,US0079031078,AMD,2027-01-15,put,470.0,207.3,196.25,199.45,0.4901174035644532,40,20
2026-04-18,US0079031078,AMD,2027-01-15,put,480.0,274.95,205.5,208.6,0.48743188354492195,1,0
2026-04-18,US0079031078,AMD,2027-01-15,put,490.0,240.04,273.3,277.5,1.1784403871154783,,0
2026-04-18,US0079031078,AMD,2027-01-15,put,500.0,245.0,283.1,287.9,1.1942331548309326,,0
2026-04-18,US0079031078,AMD,2027-01-15,put,520.0,298.8,280.4,284.2,0.9761354925537109,1,0
2026-04-18,US0079031078,AMD,2027-01-15,put,530.0,332.8,252.5,255.65,0.4796804962158203,1,0
2026-04-18,US0079031078,AMD,2027-03-19,call,25.0,196.01,253.0,256.35,1.3833038647460936,,1
2026-04-18,US0079031078,AMD,2027-03-19,call,45.0,153.32,0.0,0.0,1.0000000000000003e-05,,0
2026-04-18,US0079031078,AMD,2027-03-19,call,50.0,152.72,229.25,232.65,1.1101118713378906,1,3
2026-04-18,US0079031078,AMD,2027-03-19,call,55.0,167.09,224.55,228.0,1.0756882153320313,,2
2026-04-18,US0079031078,AMD,2027-03-19,call,70.0,132.85,210.45,213.95,0.9791261853027344,,1
2026-04-18,US0079031078,AMD,2027-03-19,call,80.0,199.99,201.25,204.1,0.9144295666503908,2,9
2026-04-18,US0079031078,AMD,2027-03-19,call,85.0,121.92,196.65,199.8,0.8999033447265624,1,1
2026-04-18,US0079031078,AMD,2027-03-19,call,90.0,162.0,192.05,195.5,0.8844005700683593,1,11
2026-04-18,US0079031078,AMD,2027-03-19,call,100.0,183.07,182.95,186.0,0.8366715551757811,5,33
2026-04-18,US0079031078,AMD,2027-03-19,call,105.0,149.0,178.45,181.45,0.818239122314453,1,17
2026-04-18,US0079031078,AMD,2027-03-19,call,110.0,96.9,174.0,177.0,0.8024311749267576,2,10
2026-04-18,US0079031078,AMD,2027-03-19,call,115.0,113.42,169.6,172.5,0.7863790893554687,1,3
2026-04-18,US0079031078,AMD,2027-03-19,call,120.0,166.93,165.25,168.25,0.7745994219970704,1,34
2026-04-18,US0079031078,AMD,2027-03-19,call,125.0,104.08,160.9,163.95,0.7614769946289064,1,17
2026-04-18,US0079031078,AMD,2027-03-19,call,130.0,112.0,156.65,159.75,0.750551810913086,4,8
2026-04-18,US0079031078,AMD,2027-03-19,call,135.0,151.8,152.4,155.55,0.7390162817382812,1,37
2026-04-18,US0079031078,AMD,2027-03-19,call,140.0,147.35,148.3,151.45,0.7298610998535155,16,39
2026-04-18,US0079031078,AMD,2027-03-19,call,145.0,103.14,144.2,147.4,0.7204922970581055,1,34
2026-04-18,US0079031078,AMD,2027-03-19,call,150.0,141.89,140.2,143.3,0.7110014251708985,15,37
2026-04-18,US0079031078,AMD,2027-03-19,call,155.0,136.39,136.25,139.4,0.7033721069335939,1,77
2026-04-18,US0079031078,AMD,2027-03-19,call,160.0,134.21,132.45,135.85,0.6995574478149414,2,64
2026-04-18,US0079031078,AMD,2027-03-19,call,165.0,123.75,128.55,131.55,0.6872284695434571,15,58
2026-04-18,US0079031078,AMD,2027-03-19,call,170.0,122.2,125.15,128.0,0.6851838122558593,2,43
2026-04-18,US0079031078,AMD,2027-03-19,call,175.0,113.99,121.15,123.95,0.673098972167969,4,27
2026-04-18,US0079031078,AMD,2027-03-19,call,180.0,119.27,118.2,120.75,0.675479319458008,5,58
2026-04-18,US0079031078,AMD,2027-03-19,call,185.0,114.73,114.1,116.95,0.6634860311889651,2,43
2026-04-18,US0079031078,AMD,2027-03-19,call,190.0,113.0,110.85,114.0,0.6634249966430666,5,277
2026-04-18,US0079031078,AMD,2027-03-19,call,195.0,109.0,107.2,110.5,0.6556888679504396,6,137
2026-04-18,US0079031078,AMD,2027-03-19,call,200.0,105.0,103.85,107.25,0.651096018371582,17,361
2026-04-18,US0079031078,AMD,2027-03-19,call,210.0,99.55,98.4,100.65,0.6470829969787597,17,237
2026-04-18,US0079031078,AMD,2027-03-19,call,220.0,93.45,92.15,94.75,0.6393010923767088,13,427
2026-04-18,US0079031078,AMD,2027-03-19,call,230.0,88.2,86.0,89.0,0.6303442727661133,55,546
2026-04-18,US0079031078,AMD,2027-03-19,call,240.0,81.79,80.45,83.7,0.6247596118164063,2,318
2026-04-18,US0079031078,AMD,2027-03-19,call,250.0,77.9,75.5,78.65,0.6211280563354493,51,996
2026-04-18,US0079031078,AMD,2027-03-19,call,260.0,72.35,70.75,73.75,0.6168098622131348,35,1113
2026-04-18,US0079031078,AMD,2027-03-19,call,270.0,67.5,67.1,69.15,0.6171455522155762,15,208
2026-04-18,US0079031078,AMD,2027-03-19,call,280.0,63.15,62.1,64.9,0.6102181312561037,85,723
2026-04-18,US0079031078,AMD,2027-03-19,call,290.0,59.74,58.1,60.3,0.6044198493957522,61,357
2026-04-18,US0079031078,AMD,2027-03-19,call,300.0,55.9,54.55,57.05,0.6052132984924319,39,1306
2026-04-18,US0079031078,AMD,2027-03-19,call,310.0,51.75,50.9,53.65,0.6028482098388674,79,272
2026-04-18,US0079031078,AMD,2027-03-19,call,320.0,49.15,47.7,50.35,0.6012002770996094,6,209
2026-04-18,US0079031078,AMD,2027-03-19,call,330.0,46.1,44.65,46.85,0.597583980255127,44,135
2026-04-18,US0079031078,AMD,2027-03-19,call,340.0,42.85,42.05,44.25,0.5986368261718751,43,310
2026-04-18,US0079031078,AMD,2027-03-19,call,350.0,40.25,39.4,41.2,0.5957529438781739,205,229
2026-04-18,US0079031078,AMD,2027-03-19,call,360.0,37.8,37.2,38.45,0.5949137188720703,93,630
2026-04-18,US0079031078,AMD,2027-03-19,call,370.0,34.64,35.1,36.1,0.5950205293273927,5,176
2026-04-18,US0079031078,AMD,2027-03-19,call,380.0,32.7,31.95,33.95,0.5896647479248047,14,76
2026-04-18,US0079031078,AMD,2027-03-19,call,390.0,32.05,30.6,32.5,0.5951883743286133,23,157
2026-04-18,US0079031078,AMD,2027-03-19,call,400.0,29.47,28.5,30.05,0.5908854388427736,79,542
2026-04-18,US0079031078,AMD,2027-03-19,put,25.0,0.24,0.0,0.69,1.1201215869140624,,11
2026-04-18,US0079031078,AMD,2027-03-19,put,30.0,0.14,0.0,0.0,0.500005,,0
2026-04-18,US0079031078,AMD,2027-03-19,put,45.0,0.65,0.1,0.73,0.86132951171875,4,56
2026-04-18,US0079031078,AMD,2027-03-19,put,50.0,0.44,0.01,0.97,0.8305681005859374,1,60
2026-04-18,US0079031078,AMD,2027-03-19,put,55.0,0.79,0.17,0.9,0.7949239257812499,2,14
2026-04-18,US0079031078,AMD,2027-03-19,put,60.0,0.79,0.17,1.0,0.762697685546875,1,5
2026-04-18,US0079031078,AMD,2027-03-19,put,65.0,0.83,0.17,1.13,0.7355983471679688,2,7
2026-04-18,US0079031078,AMD,2027-03-19,put,70.0,0.85,0.68,0.97,0.7258328198242188,7,88
2026-04-18,US0079031078,AMD,2027-03-19,put,75.0,1.02,0.7,1.13,0.7026396923828125,1,11
2026-04-18,US0079031078,AMD,2027-03-19,put,80.0,1.26,1.1,1.62,0.7172879833984375,1,41
2026-04-18,US0079031078,AMD,2027-03-19,put,85.0,1.58,1.33,1.82,0.703250037841797,1,45
2026-04-18,US0079031078,AMD,2027-03-19,put,90.0,1.65,1.46,1.9,0.679812772216797,1,129
2026-04-18,US0079031078,AMD,2027-03-19,put,95.0,3.9,1.5,2.24,0.663333444824219,30,134
2026-04-18,US0079031078,AMD,2027-03-19,put,100.0,2.2,2.17,2.54,0.6649203430175783,1,126
2026-04-18,US0079031078,AMD,2027-03-19,put,105.0,4.07,2.3,2.93,0.6506382592773439,1,30
2026-04-18,US0079031078,AMD,2027-03-19,put,110.0,3.27,2.77,3.6,0.6508823974609376,10,103
2026-04-18,US0079031078,AMD,2027-03-19,put,115.0,3.35,3.0,4.05,0.6382482464599608,10,224
2026-04-18,US0079031078,AMD,2027-03-19,put,120.0,3.78,3.5,4.1,0.6224402990722657,4,325
2026-04-18,US0079031078,AMD,2027-03-19,put,125.0,5.0,3.9,5.05,0.6214027117919922,16,102
2026-04-18,US0079031078,AMD,2027-03-19,put,130.0,4.9,4.8,5.5,0.6179847772216798,12,2065
2026-04-18,US0079031078,AMD,2027-03-19,put,135.0,5.52,5.5,6.05,0.6113320117187502,11,408
2026-04-18,US0079031078,AMD,2027-03-19,put,140.0,6.23,5.9,6.95,0.604190969848633,1,363
2026-04-18,US0079031078,AMD,2027-03-19,put,145.0,6.9,6.65,7.35,0.5941202697753907,105,1689
2026-04-18,US0079031078,AMD,2027-03-19,put,150.0,7.75,7.6,8.4,0.5936930279541017,35,1534
2026-04-18,US0079031078,AMD,2027-03-19,put,155.0,8.65,8.6,9.05,0.5875285388183593,1,326
2026-04-18,US0079031078,AMD,2027-03-19,put,160.0,9.8,9.55,10.1,0.5840800869750976,7,1708
2026-04-18,US0079031078,AMD,2027-03-19,put,165.0,10.72,10.35,11.9,0.5852702606201172,1,502
2026-04-18,US0079031078,AMD,2027-03-19,put,170.0,11.9,11.35,12.4,0.574497663269043,24,4028
2026-04-18,US0079031078,AMD,2027-03-19,put,175.0,14.1,12.85,13.65,0.5743450769042968,15,524
2026-04-18,US0079031078,AMD,2027-03-19,put,180.0,14.03,14.1,14.9,0.5706830041503907,40,687
2026-04-18,US0079031078,AMD,2027-03-19,put,185.0,15.5,15.05,16.05,0.5628095477294923,16,161
2026-04-18,US0079031078,AMD,2027-03-19,put,190.0,17.1,16.05,17.85,0.5596357513427734,19,87
2026-04-18,US0079031078,AMD,2027-03-19,put,195.0,18.32,17.9,19.35,0.5594526477050781,5,243
2026-04-18,US0079031078,AMD,2027-03-19,put,200.0,19.88,19.4,20.6,0.5538679867553712,52,1573
2026-04-18,US0079031078,AMD,2027-03-19,put,210.0,23.08,23.15,23.9,0.5505721212768556,59,415
2026-04-18,US0079031078,AMD,2027-03-19,put,220.0,27.3,26.8,27.9,0.5471541867065431,9,1290
2026-04-18,US0079031078,AMD,2027-03-19,put,230.0,30.85,30.1,32.1,0.5394027993774416,10,319
2026-04-18,US0079031078,AMD,2027-03-19,put,240.0,34.72,34.7,36.4,0.5364121066284181,28,297
2026-04-18,US0079031078,AMD,2027-03-19,put,250.0,39.2,39.4,40.5,0.5297593411254884,14,300
2026-04-18,US0079031078,AMD,2027-03-19,put,260.0,44.62,44.3,45.55,0.5262498547363281,3,241
2026-04-18,US0079031078,AMD,2027-03-19,put,270.0,50.3,49.7,51.35,0.5261125270080567,2,232
2026-04-18,US0079031078,AMD,2027-03-19,put,280.0,55.47,54.7,56.9,0.5200701069641114,1,151
2026-04-18,US0079031078,AMD,2027-03-19,put,290.0,61.85,60.15,62.05,0.5118457019042968,113,69
2026-04-18,US0079031078,AMD,2027-03-19,put,300.0,66.95,66.15,69.05,0.5126391510009765,17,531
2026-04-18,US0079031078,AMD,2027-03-19,put,310.0,73.3,72.4,75.35,0.5089465609741212,4,78
2026-04-18,US0079031078,AMD,2027-03-19,put,320.0,79.4,78.95,81.05,0.5016376741027833,23,76
2026-04-18,US0079031078,AMD,2027-03-19,put,330.0,87.25,85.8,88.7,0.502782071838379,34,20
2026-04-18,US0079031078,AMD,2027-03-19,put,340.0,104.6,93.55,95.95,0.5043384527587891,2,26
2026-04-18,US0079031078,AMD,2027-03-19,put,350.0,106.82,100.75,102.35,0.5049793154907226,1,65
2026-04-18,US0079031078,AMD,2027-03-19,put,360.0,153.0,107.0,110.65,0.5107165628051759,2,59
2026-04-18,US0079031078,AMD,2027-03-19,put,370.0,168.15,115.65,117.95,0.5050098327636718,12,8
2026-04-18,US0079031078,AMD,2027-03-19,put,380.0,178.6,122.7,126.35,0.5086566468811036,,14
2026-04-18,US0079031078,AMD,2027-03-19,put,390.0,165.4,130.8,133.05,0.4931996481323243,,4
2026-04-18,US0079031078,AMD,2027-03-19,put,400.0,139.18,138.85,141.1,0.48993429992675785,2,19
2026-04-18,US0079031078,AMD,2027-06-17,call,25.0,223.35,189.55,194.45,1.0000000000000003e-05,2,43
2026-04-18,US0079031078,AMD,2027-06-17,call,30.0,194.5,204.8,209.5,1.0000000000000003e-05,42,39
2026-04-18,US0079031078,AMD,2027-06-17,call,35.0,189.96,200.25,204.5,1.0000000000000003e-05,,21
2026-04-18,US0079031078,AMD,2027-06-17,call,40.0,158.52,0.0,0.0,1.0000000000000003e-05,1,0
2026-04-18,US0079031078,AMD,2027-06-17,call,45.0,180.92,191.25,195.5,1.0000000000000003e-05,2,2
2026-04-18,US0079031078,AMD,2027-06-17,call,50.0,203.0,229.75,233.9,1.0532273901367186,1,34
2026-04-18,US0079031078,AMD,2027-06-17,call,55.0,127.0,108.95,111.35,1.0000000000000003e-05,2,4
2026-04-18,US0079031078,AMD,2027-06-17,call,60.0,161.62,0.0,0.0,1.0000000000000003e-05,1,0
2026-04-18,US0079031078,AMD,2027-06-17,call,65.0,160.85,215.95,219.5,0.9440923559570311,1,8
2026-04-18,US0079031078,AMD,2027-06-17,call,70.0,131.95,0.0,0.0,1.0000000000000003e-05,1,0
2026-04-18,US0079031078,AMD,2027-06-17,call,75.0,135.4,207.0,210.45,0.9010630010986327,10,43
2026-04-18,US0079031078,AMD,2027-06-17,call,80.0,174.26,202.6,205.5,0.8727429718017576,2,56
2026-04-18,US0079031078,AMD,2027-06-17,call,85.0,197.7,198.05,201.0,0.8516250189208985,3,10
2026-04-18,US0079031078,AMD,2027-06-17,call,90.0,193.8,193.7,196.5,0.8345353460693357,1,118
2026-04-18,US0079031078,AMD,2027-06-17,call,95.0,145.23,189.25,192.0,0.815736705932617,2,173
2026-04-18,US0079031078,AMD,2027-06-17,call,100.0,187.6,185.0,187.5,0.800233931274414,1,213
2026-04-18,US0079031078,AMD,2027-06-17,call,105.0,182.63,180.65,183.5,0.7903463348388673,1,3493
2026-04-18,US0079031078,AMD,2027-06-17,call,110.0,174.0,176.4,179.5,0.7810080493164062,1,145
2026-04-18,US0079031078,AMD,2027-06-17,call,115.0,142.75,172.2,175.45,0.7708457974243165,1,194
2026-04-18,US0079031078,AMD,2027-06-17,call,120.0,169.54,168.1,171.4,0.7612328564453126,1,2385
2026-04-18,US0079031078,AMD,2027-06-17,call,125.0,121.0,164.0,167.25,0.7499109481811524,1,253
2026-04-18,US0079031078,AMD,2027-06-17,call,130.0,161.45,160.0,163.2,0.7402674899291991,2,426
2026-04-18,US0079031078,AMD,2027-06-17,call,135.0,145.52,156.05,159.25,0.7315700671386718,1,411
2026-04-18,US0079031078,AMD,2027-06-17,call,140.0,154.12,152.15,155.4,0.7237271279907226,1,592
2026-04-18,US0079031078,AMD,2027-06-17,call,145.0,148.57,148.3,151.55,0.7156705679321288,2,198
2026-04-18,US0079031078,AMD,2027-06-17,call,150.0,146.4,144.4,148.05,0.7096281478881835,12,878
2026-04-18,US0079031078,AMD,2027-06-17,call,155.0,141.0,140.85,144.0,0.7012358978271485,2,261
2026-04-18,US0079031078,AMD,2027-06-17,call,160.0,138.0,137.05,140.7,0.6962310650634767,7,350
2026-04-18,US0079031078,AMD,2027-06-17,call,165.0,134.95,133.8,136.55,0.6882965740966798,2,452
2026-04-18,US0079031078,AMD,2027-06-17,call,170.0,132.11,130.25,133.3,0.6841767422485353,3,473
2026-04-18,US0079031078,AMD,2027-06-17,call,175.0,128.65,127.2,130.3,0.6844819149780274,3,455
2026-04-18,US0079031078,AMD,2027-06-17,call,180.0,123.5,123.65,126.85,0.6775239767456055,32,651
2026-04-18,US0079031078,AMD,2027-06-17,call,185.0,122.15,119.95,123.35,0.6687807780456543,1,736
2026-04-18,US0079031078,AMD,2027-06-17,call,190.0,117.79,117.0,119.9,0.6646762048339845,5,355
2026-04-18,US0079031078,AMD,2027-06-17,call,195.0,115.22,114.2,117.0,0.6641574111938479,28,383
2026-04-18,US0079031078,AMD,2027-06-17,call,200.0,112.12,111.2,113.5,0.6581912843322755,43,2628
2026-04-18,US0079031078,AMD,2027-06-17,call,210.0,104.95,104.85,108.0,0.6512638633728027,11,1150
2026-04-18,US0079031078,AMD,2027-06-17,call,220.0,100.56,98.95,102.6,0.6450688569641114,37,2771
2026-04-18,US0079031078,AMD,2027-06-17,call,230.0,95.2,94.55,96.4,0.6403081623840332,31,1055
2026-04-18,US0079031078,AMD,2027-06-17,call,240.0,89.7,88.6,92.1,0.63516600189209,65,826
2026-04-18,US0079031078,AMD,2027-06-17,call,250.0,85.45,84.3,86.35,0.6290625473022461,31,2658
2026-04-18,US0079031078,AMD,2027-06-17,call,260.0,81.0,79.3,81.65,0.622775989074707,12,685
2026-04-18,US0079031078,AMD,2027-06-17,call,270.0,77.17,74.8,77.75,0.6206550386047365,27,519
2026-04-18,US0079031078,AMD,2027-06-17,call,280.0,72.28,70.8,73.8,0.6187477090454102,12,866
2026-04-18,US0079031078,AMD,2027-06-17,call,290.0,68.68,66.8,69.95,0.6155891712951662,16,366
2026-04-18,US0079031078,AMD,2027-06-17,call,300.0,64.75,63.35,65.6,0.6111031321716309,53,3267
2026-04-18,US0079031078,AMD,2027-06-17,call,310.0,61.32,59.65,62.1,0.6077004562377931,8,298
2026-04-18,US0079031078,AMD,2027-06-17,call,320.0,58.01,56.45,59.05,0.6068917485046388,9,641
2026-04-18,US0079031078,AMD,2027-06-17,call,330.0,54.8,54.4,56.6,0.6120339089965822,20,405
2026-04-18,US0079031078,AMD,2027-06-17,call,340.0,52.05,51.5,53.35,0.6089669230651855,4,463
2026-04-18,US0079031078,AMD,2027-06-17,call,350.0,49.0,48.7,50.05,0.6049081257629396,6,1043
2026-04-18,US0079031078,AMD,2027-06-17,call,360.0,46.44,46.25,47.5,0.6042825216674806,4,2390
2026-04-18,US0079031078,AMD,2027-06-17,call,370.0,44.17,43.85,45.95,0.6069375244140626,6,519
2026-04-18,US0079031078,AMD,2027-06-17,call,380.0,42.15,41.6,42.75,0.6022683816528321,3,435
2026-04-18,US0079031078,AMD,2027-06-17,call,390.0,39.8,38.35,40.65,0.5969736347961427,24,218
2026-04-18,US0079031078,AMD,2027-06-17,call,400.0,37.73,37.1,38.6,0.5994302752685547,201,876
2026-04-18,US0079031078,AMD,2027-06-17,call,410.0,35.6,34.95,36.65,0.5975534629821777,119,509
2026-04-18,US0079031078,AMD,2027-06-17,call,420.0,34.1,33.75,35.75,0.6035348484802248,2,468
2026-04-18,US0079031078,AMD,2027-06-17,call,430.0,31.65,32.25,33.2,0.6002084657287599,1,579
2026-04-18,US0079031078,AMD,2027-06-17,call,440.0,31.2,30.25,32.05,0.6000406207275393,41,557
2026-04-18,US0079031078,AMD,2027-06-17,call,450.0,29.85,28.65,30.2,0.5977518252563477,52,451
2026-04-18,US0079031078,AMD,2027-06-17,call,460.0,28.2,27.75,28.95,0.6006967420959475,2,430
2026-04-18,US0079031078,AMD,2027-06-17,call,470.0,26.9,26.45,27.35,0.5995218270874024,20,280
2026-04-18,US0079031078,AMD,2027-06-17,call,480.0,25.6,24.1,26.8,0.5976450148010255,62,484
2026-04-18,US0079031078,AMD,2027-06-17,call,490.0,24.25,23.75,25.2,0.5996896720886231,49,404
2026-04-18,US0079031078,AMD,2027-06-17,call,500.0,22.66,22.2,24.5,0.5997049307250978,4,341
2026-04-18,US0079031078,AMD,2027-06-17,call,510.0,21.93,21.0,22.9,0.5963785479736328,4,468
2026-04-18,US0079031078,AMD,2027-06-17,call,520.0,20.97,20.2,22.0,0.5980112220764162,27,470
2026-04-18,US0079031078,AMD,2027-06-17,call,530.0,20.35,19.7,20.95,0.5999490689086916,373,2091
2026-04-18,US0079031078,AMD,2027-06-17,put,25.0,0.25,0.1,0.87,1.0444383715820313,2,197
2026-04-18,US0079031078,AMD,2027-06-17,put,30.0,0.31,0.0,0.0,0.500005,1,0
2026-04-18,US0079031078,AMD,2027-06-17,put,35.0,0.39,0.1,0.86,0.8906260937499999,27,83
2026-04-18,US0079031078,AMD,2027-06-17,put,40.0,0.54,0.35,0.63,0.8344743115234373,2,19
2026-04-18,US0079031078,AMD,2027-06-17,put,45.0,0.83,0.0,0.0,0.2500075,2,0
2026-04-18,US0079031078,AMD,2027-06-17,put,50.0,0.71,0.01,1.01,0.7419459399414061,40,69
2026-04-18,US0079031078,AMD,2027-06-17,put,55.0,0.98,1.13,1.54,0.8190936059570311,15,35
2026-04-18,US0079031078,AMD,2027-06-17,put,60.0,1.2,0.62,1.01,0.7131376342773439,6,125
2026-04-18,US0079031078,AMD,2027-06-17,put,65.0,1.68,0.77,1.33,0.7058134887695313,5,544
2026-04-18,US0079031078,AMD,2027-06-17,put,70.0,1.34,1.1,1.48,0.6955596850585939,1,351
2026-04-18,US0079031078,AMD,2027-06-17,put,75.0,1.53,1.2,1.83,0.681887946777344,1,154
2026-04-18,US0079031078,AMD,2027-06-17,put,80.0,2.64,1.65,1.92,0.6705355212402344,1,136
2026-04-18,US0079031078,AMD,2027-06-17,put,85.0,2.14,1.62,2.43,0.6560092993164064,3,157
2026-04-18,US0079031078,AMD,2027-06-17,put,90.0,3.25,2.15,2.94,0.6569858520507813,1,236
2026-04-18,US0079031078,AMD,2027-06-17,put,95.0,5.42,2.57,3.1,0.6428258374023439,1,341
2026-04-18,US0079031078,AMD,2027-06-17,put,100.0,3.3,3.15,3.45,0.6363561755371094,33,1142
2026-04-18,US0079031078,AMD,2027-06-17,put,105.0,3.8,3.65,4.95,0.6491734301757812,2,134
2026-04-18,US0079031078,AMD,2027-06-17,put,110.0,4.2,3.8,4.7,0.6197547790527345,1,761
2026-04-18,US0079031078,AMD,2027-06-17,put,115.0,4.82,4.4,5.15,0.6116371844482424,1,1752
2026-04-18,US0079031078,AMD,2027-06-17,put,120.0,5.75,5.35,5.95,0.6131630480957033,40,14748
2026-04-18,US0079031078,AMD,2027-06-17,put,125.0,6.15,6.15,6.8,0.6108437353515627,12,1015
2026-04-18,US0079031078,AMD,2027-06-17,put,130.0,6.95,6.9,7.3,0.601810622558594,2,1246
2026-04-18,US0079031078,AMD,2027-06-17,put,135.0,8.0,7.75,9.0,0.6074258007812501,218,594
2026-04-18,US0079031078,AMD,2027-06-17,put,140.0,8.59,8.6,9.4,0.5963175134277343,1,4197
2026-04-18,US0079031078,AMD,2027-06-17,put,145.0,9.8,9.55,10.45,0.5925944061279298,54,1175
2026-04-18,US0079031078,AMD,2027-06-17,put,150.0,10.75,10.55,11.0,0.5834087069702149,2,1532
2026-04-18,US0079031078,AMD,2027-06-17,put,155.0,12.0,11.0,12.6,0.5783123223876954,6,429
2026-04-18,US0079031078,AMD,2027-06-17,put,160.0,12.9,12.35,13.55,0.5745281805419922,11,926
2026-04-18,US0079031078,AMD,2027-06-17,put,165.0,14.44,13.35,14.55,0.5672955868530273,1,397
2026-04-18,US0079031078,AMD,2027-06-17,put,170.0,15.37,15.3,16.35,0.5730328341674805,16,5143
2026-04-18,US0079031078,AMD,2027-06-17,put,175.0,16.93,16.55,17.7,0.5685467950439453,1,2117
2026-04-18,US0079031078,AMD,2027-06-17,put,180.0,18.75,18.15,19.15,0.5664411032104493,6,2626
2026-04-18,US0079031078,AMD,2027-06-17,put,185.0,19.9,19.55,20.6,0.5620771331787109,403,2305
2026-04-18,US0079031078,AMD,2027-06-17,put,190.0,21.28,21.0,21.95,0.5566450585937501,3,304
2026-04-18,US0079031078,AMD,2027-06-17,put,195.0,23.0,22.9,23.75,0.5562025581359864,3,595
2026-04-18,US0079031078,AMD,2027-06-17,put,200.0,24.94,23.85,25.7,0.5500228103637697,4,1407
2026-04-18,US0079031078,AMD,2027-06-17,put,210.0,29.2,28.1,29.6,0.5493361717224123,132,1403
2026-04-18,US0079031078,AMD,2027-06-17,put,220.0,32.25,31.4,33.0,0.5376938320922852,37,1451
2026-04-18,US0079031078,AMD,2027-06-17,put,230.0,36.49,36.5,38.25,0.5425460784912111,3,286
2026-04-18,US0079031078,AMD,2027-06-17,put,240.0,41.1,40.05,42.35,0.5310410665893556,3,556
2026-04-18,US0079031078,AMD,2027-06-17,put,250.0,45.73,44.6,46.7,0.5235490760803223,10,643
2026-04-18,US0079031078,AMD,2027-06-17,put,260.0,50.5,49.85,51.95,0.5212450219726561,53,221
2026-04-18,US0079031078,AMD,2027-06-17,put,270.0,55.85,55.9,57.8,0.5228471788024902,2,264
2026-04-18,US0079031078,AMD,2027-06-17,put,280.0,61.75,61.1,63.55,0.5180864842224122,3,314
2026-04-18,US0079031078,AMD,2027-06-17,put,290.0,68.1,66.55,69.6,0.5137377728271484,5,91
2026-04-18,US0079031078,AMD,2027-06-17,put,300.0,73.05,72.8,75.4,0.5098620791625977,2,172
2026-04-18,US0079031078,AMD,2027-06-17,put,310.0,82.4,79.7,81.35,0.507542766418457,5,45
2026-04-18,US0079031078,AMD,2027-06-17,put,320.0,89.0,85.3,88.7,0.5039112109375,5,158
2026-04-18,US0079031078,AMD,2027-06-17,put,330.0,93.0,92.0,95.85,0.5023853472900393,1,43
2026-04-18,US0079031078,AMD,2027-06-17,put,340.0,118.25,146.65,149.25,0.896241271972656,7,17
2026-04-18,US0079031078,AMD,2027-06-17,put,350.0,109.0,106.2,108.6,0.5015918981933594,6,76
2026-04-18,US0079031078,AMD,2027-06-17,put,360.0,114.5,113.5,115.7,0.496999048614502,2,187
2026-04-18,US0079031078,AMD,2027-06-17,put,370.0,122.55,120.9,123.85,0.500005,6,440
2026-04-18,US0079031078,AMD,2027-06-17,put,380.0,142.3,128.55,131.35,0.4961445649719239,50,31
2026-04-18,US0079031078,AMD,2027-06-17,put,390.0,190.59,136.15,139.9,0.5002796554565431,14,26
2026-04-18,US0079031078,AMD,2027-06-17,put,400.0,201.25,144.25,147.8,0.49753310089111336,1,83
2026-04-18,US0079031078,AMD,2027-06-17,put,410.0,210.05,152.25,155.95,0.49588516815185546,268,112
2026-04-18,US0079031078,AMD,2027-06-17,put,420.0,166.3,160.45,164.0,0.49217731948852544,2,40
2026-04-18,US0079031078,AMD,2027-06-17,put,430.0,228.05,168.65,172.3,0.48969016174316415,941,426
2026-04-18,US0079031078,AMD,2027-06-17,put,440.0,231.1,177.05,180.55,0.48558558853149414,2,228
2026-04-18,US0079031078,AMD,2027-06-17,put,450.0,246.05,185.45,189.15,0.4839223971557618,2,182
2026-04-18,US0079031078,AMD,2027-06-17,put,460.0,256.8,194.15,197.6,0.4796499789428711,,11
2026-04-18,US0079031078,AMD,2027-06-17,put,470.0,209.5,202.8,206.3,0.47699497619628906,20,10
2026-04-18,US0079031078,AMD,2027-06-17,put,480.0,275.45,211.5,215.05,0.4738822143554688,2,0
2026-04-18,US0079031078,AMD,2027-06-17,put,490.0,243.9,274.4,278.2,0.9510350355529784,,0
2026-04-18,US0079031078,AMD,2027-06-17,put,500.0,231.15,229.2,232.8,0.46753462158203124,6,3
2026-04-18,US0079031078,AMD,2027-06-17,put,530.0,296.75,313.0,317.95,0.9894105062866211,,0
2026-04-18,US0079031078,AMD,2027-09-17,call,45.0,164.2,235.0,239.0,1.027836892089844,,1
2026-04-18,US0079031078,AMD,2027-09-17,call,55.0,149.4,226.1,230.0,0.9714358325195311,2,1
2026-04-18,US0079031078,AMD,2027-09-17,call,60.0,148.0,221.6,225.5,0.9438482177734374,1,3
2026-04-18,US0079031078,AMD,2027-09-17,call,65.0,143.7,217.15,220.5,0.9075936975097656,1,2
2026-04-18,US0079031078,AMD,2027-09-17,call,80.0,144.85,204.0,207.0,0.8436905279541016,2,3
2026-04-18,US0079031078,AMD,2027-09-17,call,85.0,199.35,199.8,202.5,0.8264177514648436,3,4
2026-04-18,US0079031078,AMD,2027-09-17,call,90.0,150.72,195.6,198.5,0.8165911895751952,4,5
2026-04-18,US0079031078,AMD,2027-09-17,call,95.0,122.2,191.4,194.0,0.7990742749023438,14,8
2026-04-18,US0079031078,AMD,2027-09-17,call,100.0,186.1,187.25,190.0,0.7888815057373046,1,1
2026-04-18,US0079031078,AMD,2027-09-17,call,105.0,115.03,183.15,186.0,0.7786277020263672,102,54
2026-04-18,US0079031078,AMD,2027-09-17,call,110.0,149.9,179.1,182.0,0.7683738983154298,1,2
2026-04-18,US0079031078,AMD,2027-09-17,call,115.0,177.75,175.1,178.5,0.7634606173706054,4,23
2026-04-18,US0079031078,AMD,2027-09-17,call,120.0,96.8,171.2,174.65,0.7550073327636719,5,15
2026-04-18,US0079031078,AMD,2027-09-17,call,125.0,93.05,167.3,170.55,0.7436854244995117,3,11
2026-04-18,US0079031078,AMD,2027-09-17,call,130.0,97.9,163.5,166.95,0.7374293835449219,,6
2026-04-18,US0079031078,AMD,2027-09-17,call,135.0,94.55,159.75,163.2,0.7296474789428712,12,7
2026-04-18,US0079031078,AMD,2027-09-17,call,140.0,151.32,156.05,159.5,0.7221707470703125,3,12
2026-04-18,US0079031078,AMD,2027-09-17,call,145.0,147.5,152.4,155.9,0.7153653952026368,3,19
2026-04-18,US0079031078,AMD,2027-09-17,call,150.0,147.8,148.85,152.35,0.7091398715209961,6,21
2026-04-18,US0079031078,AMD,2027-09-17,call,155.0,79.51,145.35,148.85,0.7030669342041016,2,7
2026-04-18,US0079031078,AMD,2027-09-17,call,160.0,124.02,141.95,145.4,0.6975127905273439,42,34
2026-04-18,US0079031078,AMD,2027-09-17,call,165.0,78.55,138.6,142.05,0.6924164059448242,10,15
2026-04-18,US0079031078,AMD,2027-09-17,call,170.0,110.0,135.3,138.8,0.6877320045471194,1,15
2026-04-18,US0079031078,AMD,2027-09-17,call,175.0,86.2,132.1,135.65,0.6837189831542969,1,17
2026-04-18,US0079031078,AMD,2027-09-17,call,180.0,131.55,129.1,132.4,0.6797517376708986,1,17
2026-04-18,US0079031078,AMD,2027-09-17,call,185.0,127.05,125.8,129.3,0.6744112149047853,1,23
2026-04-18,US0079031078,AMD,2027-09-17,call,190.0,125.8,122.8,125.75,0.6677889666748049,1,59
2026-04-18,US0079031078,AMD,2027-09-17,call,195.0,120.89,119.8,123.15,0.6659731889343263,1,101
2026-04-18,US0079031078,AMD,2027-09-17,call,200.0,118.05,116.95,119.8,0.6604190452575684,5,225
2026-04-18,US0079031078,AMD,2027-09-17,call,210.0,111.0,111.95,114.25,0.6574893870544434,1,179
2026-04-18,US0079031078,AMD,2027-09-17,call,220.0,107.17,105.95,109.5,0.6515232601928712,5,105
2026-04-18,US0079031078,AMD,2027-09-17,call,230.0,102.05,100.95,104.25,0.6461979960632322,12,173
2026-04-18,US0079031078,AMD,2027-09-17,call,240.0,95.91,96.0,99.5,0.6416966983032227,10,83
2026-04-18,US0079031078,AMD,2027-09-17,call,250.0,92.3,91.35,94.7,0.6367071241760254,57,369
2026-04-18,US0079031078,AMD,2027-09-17,call,260.0,86.5,86.95,90.35,0.63321289642334,94,204
2026-04-18,US0079031078,AMD,2027-09-17,call,270.0,83.72,82.95,85.5,0.6278723736572267,23,278
2026-04-18,US0079031078,AMD,2027-09-17,call,280.0,80.55,78.8,82.2,0.6268958209228517,12,156
2026-04-18,US0079031078,AMD,2027-09-17,call,290.0,76.27,75.05,78.5,0.6245307322692872,7,73
2026-04-18,US0079031078,AMD,2027-09-17,call,300.0,72.97,72.6,74.6,0.6252326295471193,18,214
2026-04-18,US0079031078,AMD,2027-09-17,call,310.0,69.46,69.15,71.25,0.6229438340759277,2,72
2026-04-18,US0079031078,AMD,2027-09-17,call,320.0,66.2,66.05,68.1,0.6216315913391115,6,128
2026-04-18,US0079031078,AMD,2027-09-17,call,330.0,63.3,62.65,64.65,0.6169624485778809,50,60
2026-04-18,US0079031078,AMD,2027-09-17,call,340.0,59.28,59.9,61.5,0.6149025326538086,1,149
2026-04-18,US0079031078,AMD,2027-09-17,call,350.0,57.6,57.45,58.6,0.613956497192383,4,170
2026-04-18,US0079031078,AMD,2027-09-17,call,360.0,53.77,53.45,56.5,0.6092415785217287,1,88
2026-04-18,US0079031078,AMD,2027-09-17,call,370.0,52.65,51.45,54.35,0.6110115803527834,14,86
2026-04-18,US0079031078,AMD,2027-09-17,call,380.0,50.01,49.85,52.05,0.612880763320923,2,51
2026-04-18,US0079031078,AMD,2027-09-17,call,390.0,47.92,46.85,49.55,0.6078835598754884,1,1317
2026-04-18,US0079031078,AMD,2027-09-17,call,400.0,45.7,45.5,47.35,0.6095314926147463,120,2638
2026-04-18,US0079031078,AMD,2027-09-17,call,410.0,43.9,43.5,45.1,0.6077767494201662,125,65
2026-04-18,US0079031078,AMD,2027-09-17,call,420.0,41.2,41.1,43.8,0.6074410594177246,1,241
2026-04-18,US0079031078,AMD,2027-09-17,call,430.0,40.37,39.1,41.8,0.6052590744018557,17,2
2026-04-18,US0079031078,AMD,2027-09-17,call,440.0,38.96,38.2,40.1,0.6078988185119629,7,7
2026-04-18,US0079031078,AMD,2027-09-17,call,450.0,37.02,36.7,38.0,0.6060372648620607,6,44
2026-04-18,US0079031078,AMD,2027-09-17,call,460.0,34.35,34.3,36.25,0.6013376048278809,6,8
2026-04-18,US0079031078,AMD,2027-09-17,call,470.0,29.52,33.1,35.05,0.6030618307495119,2,51
2026-04-18,US0079031078,AMD,2027-09-17,call,480.0,23.4,31.4,33.4,0.6004068280029298,2,90
2026-04-18,US0079031078,AMD,2027-09-17,call,490.0,13.69,30.0,32.0,0.599460792541504,2,208
2026-04-18,US0079031078,AMD,2027-09-17,call,500.0,30.34,29.75,30.7,0.6032296757507325,3,379
2026-04-18,US0079031078,AMD,2027-09-17,put,25.0,0.32,0.01,0.68,0.9023447265625,30,30
2026-04-18,US0079031078,AMD,2027-09-17,put,35.0,0.7,0.1,0.86,0.807619111328125,2,14
2026-04-18,US0079031078,AMD,2027-09-17,put,40.0,0.91,0.17,0.94,0.770510107421875,2,16
2026-04-18,US0079031078,AMD,2027-09-17,put,45.0,0.98,0.09,1.15,0.735354208984375,2,8
2026-04-18,US0079031078,AMD,2027-09-17,put,50.0,0.69,0.68,1.26,0.7438990454101562,1,10
2026-04-18,US0079031078,AMD,2027-09-17,put,55.0,0.96,0.8,1.15,0.7033721069335939,1,10
2026-04-18,US0079031078,AMD,2027-09-17,put,60.0,1.35,0.79,1.71,0.6953155468750001,8,27
2026-04-18,US0079031078,AMD,2027-09-17,put,65.0,1.49,1.17,1.86,0.6832307067871095,1,56
2026-04-18,US0079031078,AMD,2027-09-17,put,70.0,1.74,1.36,1.96,0.6607699938964844,1,13
2026-04-18,US0079031078,AMD,2027-09-17,put,75.0,2.03,1.89,2.48,0.6641879284667971,12,52
2026-04-18,US0079031078,AMD,2027-09-17,put,80.0,2.45,2.19,2.86,0.6525913647460939,1,72
2026-04-18,US0079031078,AMD,2027-09-17,put,85.0,2.86,2.46,3.7,0.650516190185547,2,75
2026-04-18,US0079031078,AMD,2027-09-17,put,90.0,3.52,2.85,4.65,0.65039412109375,11,152
2026-04-18,US0079031078,AMD,2027-09-17,put,95.0,3.94,3.7,4.65,0.6383092810058593,1,61
2026-04-18,US0079031078,AMD,2027-09-17,put,100.0,4.29,4.15,5.2,0.6282996154785156,1,28
2026-04-18,US0079031078,AMD,2027-09-17,put,105.0,5.69,4.5,5.45,0.6112099426269533,1,48
2026-04-18,US0079031078,AMD,2027-09-17,put,110.0,5.67,4.65,6.95,0.6101113208007813,1,92
2026-04-18,US0079031078,AMD,2027-09-17,put,115.0,6.43,5.4,6.8,0.5928385443115236,1,116
2026-04-18,US0079031078,AMD,2027-09-17,put,120.0,8.3,7.1,7.7,0.6011697598266602,1,49
2026-04-18,US0079031078,AMD,2027-09-17,put,125.0,8.2,7.95,9.55,0.6073037316894532,133,452
2026-04-18,US0079031078,AMD,2027-09-17,put,130.0,12.3,8.8,9.9,0.5952188916015625,2,34
2026-04-18,US0079031078,AMD,2027-09-17,put,135.0,18.88,9.0,11.3,0.5869792279052735,1,178
2026-04-18,US0079031078,AMD,2027-09-17,put,140.0,11.05,10.95,11.5,0.583286637878418,10,388
2026-04-18,US0079031078,AMD,2027-09-17,put,145.0,12.2,11.65,12.85,0.5777630114746093,11,81
2026-04-18,US0079031078,AMD,2027-09-17,put,150.0,13.45,13.35,14.4,0.581333532409668,2,1005
2026-04-18,US0079031078,AMD,2027-09-17,put,155.0,16.65,14.6,15.3,0.5747418014526368,1,154
2026-04-18,US0079031078,AMD,2027-09-17,put,160.0,16.21,15.8,17.3,0.5753216296386718,2,218
2026-04-18,US0079031078,AMD,2027-09-17,put,165.0,17.53,16.85,19.35,0.5740093869018555,1,110
2026-04-18,US0079031078,AMD,2027-09-17,put,170.0,21.09,17.65,20.8,0.5660748959350587,8,657
2026-04-18,US0079031078,AMD,2027-09-17,put,175.0,20.2,20.3,21.5,0.5648236877441408,21,270
2026-04-18,US0079031078,AMD,2027-09-17,put,180.0,22.3,21.9,22.95,0.5608411836242677,49,128
2026-04-18,US0079031078,AMD,2027-09-17,put,185.0,31.8,22.9,24.95,0.5559431613159181,17,48
2026-04-18,US0079031078,AMD,2027-09-17,put,190.0,31.16,24.9,26.6,0.5542341940307618,4,24
2026-04-18,US0079031078,AMD,2027-09-17,put,195.0,27.6,27.0,28.55,0.5539900558471681,2,30
2026-04-18,US0079031078,AMD,2027-09-17,put,200.0,29.35,28.7,30.4,0.5502669485473634,3,177
2026-04-18,US0079031078,AMD,2027-09-17,put,210.0,33.06,32.5,34.1,0.5432632344055177,11,72
2026-04-18,US0079031078,AMD,2027-09-17,put,220.0,37.7,36.4,38.05,0.5358780543518067,2,108
2026-04-18,US0079031078,AMD,2027-09-17,put,230.0,42.47,40.7,42.45,0.530476497039795,2,150
2026-04-18,US0079031078,AMD,2027-09-17,put,240.0,46.55,45.75,47.7,0.5301408070373537,4,40
2026-04-18,US0079031078,AMD,2027-09-17,put,250.0,52.03,51.2,52.25,0.5263108892822266,21,1277
2026-04-18,US0079031078,AMD,2027-09-17,put,260.0,58.15,55.4,57.4,0.5179491564941407,30,27
2026-04-18,US0079031078,AMD,2027-09-17,put,270.0,62.06,61.65,63.5,0.520161658782959,1,127
2026-04-18,US0079031078,AMD,2027-09-17,put,280.0,67.4,66.8,68.6,0.512150874633789,1,10
2026-04-18,US0079031078,AMD,2027-09-17,put,290.0,78.86,72.65,75.3,0.5116320809936524,1,19
2026-04-18,US0079031078,AMD,2027-09-17,put,300.0,79.39,78.95,80.9,0.5070087141418458,1,8
2026-04-18,US0079031078,AMD,2027-09-17,put,310.0,86.32,84.8,87.8,0.504185866394043,1,12
2026-04-18,US0079031078,AMD,2027-09-17,put,330.0,118.2,146.0,149.5,0.8711255563354492,,25
2026-04-18,US0079031078,AMD,2027-09-17,put,340.0,116.65,105.0,107.95,0.5065967309570312,80,43
2026-04-18,US0079031078,AMD,2027-09-17,put,350.0,124.2,112.0,115.1,0.504384228668213,2,40
2026-04-18,US0079031078,AMD,2027-09-17,put,370.0,177.29,126.5,128.85,0.4922536126708985,2,22
2026-04-18,US0079031078,AMD,2027-09-17,put,380.0,188.89,133.8,137.35,0.49704482452392584,,69
2026-04-18,US0079031078,AMD,2027-09-17,put,390.0,178.95,141.4,144.95,0.49387102813720707,20,71
2026-04-18,US0079031078,AMD,2027-09-17,put,400.0,180.75,149.2,152.8,0.4916585258483887,1,149
2026-04-18,US0079031078,AMD,2027-09-17,put,410.0,170.68,157.1,159.8,0.4815725671386719,2,546
2026-04-18,US0079031078,AMD,2027-09-17,put,420.0,205.75,165.05,168.6,0.48512782943725585,20,49
2026-04-18,US0079031078,AMD,2027-09-17,put,430.0,234.5,173.1,176.7,0.48209136077880865,,145
2026-04-18,US0079031078,AMD,2027-09-17,put,440.0,237.1,181.3,185.0,0.47983308258056634,,3
2026-04-18,US0079031078,AMD,2027-09-17,put,450.0,247.11,189.5,193.4,0.47757480438232425,,160
2026-04-18,US0079031078,AMD,2027-09-17,put,470.0,222.05,266.95,270.65,0.9346625186157226,2,0
2026-04-18,US0079031078,AMD,2027-09-17,put,490.0,259.55,295.1,298.7,1.0186664057159422,,1
2026-04-18,US0079031078,AMD,2027-12-17,call,5.0,272.61,272.5,277.0,1.9970703271484376,11,4393
2026-04-18,US0079031078,AMD,2027-12-17,call,10.0,206.35,228.4,232.3,1.0000000000000003e-05,4,95
2026-04-18,US0079031078,AMD,2027-12-17,call,15.0,242.6,199.5,204.3,1.0000000000000003e-05,,1
2026-04-18,US0079031078,AMD,2027-12-17,call,25.0,255.95,254.0,258.5,1.2177773486328123,1,368
2026-04-18,US0079031078,AMD,2027-12-17,call,30.0,195.46,185.2,189.15,1.0000000000000003e-05,5,69
2026-04-18,US0079031078,AMD,2027-12-17,call,35.0,160.9,0.0,0.0,1.0000000000000003e-05,2,0
2026-04-18,US0079031078,AMD,2027-12-17,call,40.0,170.5,156.05,159.95,1.0000000000000003e-05,5,161
2026-04-18,US0079031078,AMD,2027-12-17,call,45.0,205.2,235.5,240.0,0.9934082690429689,1,13
2026-04-18,US0079031078,AMD,2027-12-17,call,50.0,209.14,231.0,235.5,0.9602054760742187,4,395
2026-04-18,US0079031078,AMD,2027-12-17,call,55.0,199.74,227.0,231.0,0.9411626977539063,2,469
2026-04-18,US0079031078,AMD,2027-12-17,call,60.0,181.7,222.5,226.0,0.9008798974609374,1,182
2026-04-18,US0079031078,AMD,2027-12-17,call,65.0,191.0,218.35,222.0,0.8903209210205076,1,395
2026-04-18,US0079031078,AMD,2027-12-17,call,70.0,213.89,214.0,217.5,0.866212275390625,3,974
2026-04-18,US0079031078,AMD,2027-12-17,call,75.0,133.18,209.85,213.0,0.8464370825195311,1,184
2026-04-18,US0079031078,AMD,2027-12-17,call,80.0,195.78,205.65,208.5,0.8264177514648436,1,437
2026-04-18,US0079031078,AMD,2027-12-17,call,85.0,177.99,201.6,204.5,0.8159198095703124,1,403
2026-04-18,US0079031078,AMD,2027-12-17,call,90.0,198.97,197.55,200.0,0.7983418603515625,1,614
2026-04-18,US0079031078,AMD,2027-12-17,call,95.0,137.35,193.5,196.5,0.7930318548583983,1,583
2026-04-18,US0079031078,AMD,2027-12-17,call,100.0,192.0,189.35,192.5,0.7799094274902343,11,1266
2026-04-18,US0079031078,AMD,2027-12-17,call,105.0,168.0,185.75,189.0,0.7775595974731445,1,786
2026-04-18,US0079031078,AMD,2027-12-17,call,110.0,173.9,181.65,185.0,0.7641625146484375,2,613
2026-04-18,US0079031078,AMD,2027-12-17,call,115.0,171.65,177.85,181.55,0.7586083709716798,1,649
2026-04-18,US0079031078,AMD,2027-12-17,call,120.0,154.5,174.15,177.8,0.7505212936401368,2,1015
2026-04-18,US0079031078,AMD,2027-12-17,call,125.0,147.9,170.4,174.1,0.7419459399414061,7,887
2026-04-18,US0079031078,AMD,2027-12-17,call,130.0,169.0,166.85,170.2,0.7330348962402342,3,662
2026-04-18,US0079031078,AMD,2027-12-17,call,135.0,154.86,163.55,166.75,0.7290371334838868,1,536
2026-04-18,US0079031078,AMD,2027-12-17,call,140.0,162.36,159.75,163.4,0.7214688497924805,1,992
2026-04-18,US0079031078,AMD,2027-12-17,call,145.0,157.78,156.4,159.75,0.7145719461059571,2,635
2026-04-18,US0079031078,AMD,2027-12-17,call,150.0,156.2,153.05,156.35,0.708910991973877,3,2904
2026-04-18,US0079031078,AMD,2027-12-17,call,155.0,148.19,149.75,153.05,0.7037535728454589,40,602
2026-04-18,US0079031078,AMD,2027-12-17,call,160.0,149.5,146.65,149.8,0.6996489996337891,1,921
2026-04-18,US0079031078,AMD,2027-12-17,call,165.0,145.5,143.65,146.6,0.6959258923339844,1,974
2026-04-18,US0079031078,AMD,2027-12-17,call,170.0,142.75,140.3,143.5,0.6902496795654298,3,1361
2026-04-18,US0079031078,AMD,2027-12-17,call,175.0,137.67,137.35,140.6,0.6875336422729493,11,812
2026-04-18,US0079031078,AMD,2027-12-17,call,180.0,135.0,134.45,137.3,0.6824067404174806,1,1512
2026-04-18,US0079031078,AMD,2027-12-17,call,185.0,131.6,132.15,134.35,0.6819032054138185,1,415
2026-04-18,US0079031078,AMD,2027-12-17,call,190.0,131.0,128.35,131.45,0.6733888862609865,2,473
2026-04-18,US0079031078,AMD,2027-12-17,call,195.0,128.0,126.3,128.75,0.6744112149047853,1,2874
2026-04-18,US0079031078,AMD,2027-12-17,call,200.0,125.0,123.55,125.95,0.670947504425049,34,4657
2026-04-18,US0079031078,AMD,2027-12-17,call,210.0,118.4,117.55,120.5,0.6612430116271975,7,1561
2026-04-18,US0079031078,AMD,2027-12-17,call,220.0,113.94,112.85,115.4,0.6577182666015625,17,800
2026-04-18,US0079031078,AMD,2027-12-17,call,230.0,108.93,108.5,110.6,0.6554294711303713,80,995
2026-04-18,US0079031078,AMD,2027-12-17,call,240.0,103.98,102.8,105.9,0.646411616973877,65,713
2026-04-18,US0079031078,AMD,2027-12-17,call,250.0,100.0,98.4,101.5,0.6428258374023439,19,1248
2026-04-18,US0079031078,AMD,2027-12-17,call,260.0,95.36,94.0,97.65,0.6401555760192872,35,1788
2026-04-18,US0079031078,AMD,2027-12-17,call,270.0,92.0,90.65,93.0,0.6372106591796876,71,739
2026-04-18,US0079031078,AMD,2027-12-17,call,280.0,87.87,86.0,89.8,0.6336859141540527,18,1112
2026-04-18,US0079031078,AMD,2027-12-17,call,290.0,84.12,82.6,85.45,0.629459271850586,6,509
2026-04-18,US0079031078,AMD,2027-12-17,call,300.0,81.14,80.15,82.35,0.6323126368713379,32,2211
2026-04-18,US0079031078,AMD,2027-12-17,call,310.0,77.18,75.85,79.1,0.6268195277404787,6,802
2026-04-18,US0079031078,AMD,2027-12-17,call,320.0,74.95,73.55,75.95,0.627979184112549,36,1032
2026-04-18,US0079031078,AMD,2027-12-17,call,330.0,71.15,70.4,73.0,0.6258734922790528,17,951
2026-04-18,US0079031078,AMD,2027-12-17,call,340.0,69.03,67.8,69.4,0.6225928854370117,6,316
2026-04-18,US0079031078,AMD,2027-12-17,call,350.0,65.88,64.8,67.05,0.6214942636108399,46,877
2026-04-18,US0079031078,AMD,2027-12-17,call,360.0,63.05,62.3,64.3,0.619968399963379,34,1678
2026-04-18,US0079031078,AMD,2027-12-17,call,370.0,60.0,59.6,61.65,0.6173591731262209,263,1201
2026-04-18,US0079031078,AMD,2027-12-17,call,380.0,58.18,56.7,59.45,0.6149177912902832,2,301
2026-04-18,US0079031078,AMD,2027-12-17,call,390.0,56.13,54.85,57.5,0.616336844482422,3,466
2026-04-18,US0079031078,AMD,2027-12-17,call,400.0,54.25,53.35,54.7,0.6153755503845215,39,1036
2026-04-18,US0079031078,AMD,2027-12-17,call,410.0,50.74,51.3,53.0,0.6157264990234376,5,269
2026-04-18,US0079031078,AMD,2027-12-17,call,420.0,49.82,49.15,50.95,0.6139107212829591,50,267
2026-04-18,US0079031078,AMD,2027-12-17,call,430.0,47.5,46.9,48.95,0.6113472703552247,21,292
2026-04-18,US0079031078,AMD,2027-12-17,call,440.0,44.3,45.7,47.05,0.6123085644531252,127,302
2026-04-18,US0079031078,AMD,2027-12-17,call,450.0,44.1,43.75,45.4,0.6109963217163087,2,468
2026-04-18,US0079031078,AMD,2027-12-17,call,460.0,42.68,42.0,43.8,0.6100655448913574,1,166
2026-04-18,US0079031078,AMD,2027-12-17,call,470.0,40.04,40.2,42.95,0.6111946839904787,5,351
2026-04-18,US0079031078,AMD,2027-12-17,call,480.0,39.85,38.9,40.8,0.6089669230651855,1,387
2026-04-18,US0079031078,AMD,2027-12-17,call,490.0,38.75,38.3,40.0,0.6138039108276369,1,130
2026-04-18,US0079031078,AMD,2027-12-17,call,500.0,36.75,37.25,38.9,0.6155281367492678,1,855
2026-04-18,US0079031078,AMD,2027-12-17,call,510.0,24.54,36.0,36.7,0.6120491676330568,13,972
2026-04-18,US0079031078,AMD,2027-12-17,call,520.0,19.25,34.65,35.75,0.6124611508178713,109,921
2026-04-18,US0079031078,AMD,2027-12-17,call,530.0,33.83,33.6,34.75,0.6134529621887208,125,1569
2026-04-18,US0079031078,AMD,2027-12-17,put,5.0,0.03,0.0,0.0,0.500005,46,0
2026-04-18,US0079031078,AMD,2027-12-17,put,10.0,0.02,0.0,0.84,1.2255898095703124,55,189
2026-04-18,US0079031078,AMD,2027-12-17,put,15.0,0.08,0.0,0.0,0.500005,6,0
2026-04-18,US0079031078,AMD,2027-12-17,put,20.0,0.18,0.02,0.3,0.8281267187499999,1,353
2026-04-18,US0079031078,AMD,2027-12-17,put,25.0,0.35,0.1,0.44,0.8051777294921875,2,358
2026-04-18,US0079031078,AMD,2027-12-17,put,30.0,0.57,0.1,1.18,0.8383805224609374,1,615
2026-04-18,US0079031078,AMD,2027-12-17,put,35.0,0.61,0.1,0.75,0.7319362744140624,1,110
2026-04-18,US0079031078,AMD,2027-12-17,put,40.0,0.63,0.53,1.02,0.7482935327148439,1,0
2026-04-18,US0079031078,AMD,2027-12-17,put,45.0,0.84,0.73,1.18,0.726565234375,1,284
2026-04-18,US0079031078,AMD,2027-12-17,put,50.0,1.3,0.96,1.32,0.7053252124023439,41,463
2026-04-18,US0079031078,AMD,2027-12-17,put,55.0,1.51,1.22,1.81,0.70117486328125,5,284
2026-04-18,US0079031078,AMD,2027-12-17,put,60.0,1.7,1.52,1.81,0.6759065612792969,2,417
2026-04-18,US0079031078,AMD,2027-12-17,put,65.0,1.95,1.73,2.27,0.6647982739257814,2,237
2026-04-18,US0079031078,AMD,2027-12-17,put,70.0,2.38,1.77,2.5,0.6403844555664062,2,2183
2026-04-18,US0079031078,AMD,2027-12-17,put,75.0,2.93,2.45,3.45,0.6530796411132813,12,1173
2026-04-18,US0079031078,AMD,2027-12-17,put,80.0,3.7,3.05,4.3,0.6547886083984377,1,428
2026-04-18,US0079031078,AMD,2027-12-17,put,85.0,3.85,3.2,4.55,0.6328772064208985,1,3032
2026-04-18,US0079031078,AMD,2027-12-17,put,90.0,4.45,3.9,4.9,0.6237830590820312,3,1464
2026-04-18,US0079031078,AMD,2027-12-17,put,95.0,5.1,4.5,5.3,0.6130409790039064,13,2011
2026-04-18,US0079031078,AMD,2027-12-17,put,100.0,5.82,5.35,6.5,0.6171913281250001,4,3466
2026-04-18,US0079031078,AMD,2027-12-17,put,105.0,6.55,6.35,6.75,0.60782252532959,20,854
2026-04-18,US0079031078,AMD,2027-12-17,put,110.0,7.2,7.1,8.1,0.6082802844238282,1,917
2026-04-18,US0079031078,AMD,2027-12-17,put,115.0,8.33,8.1,8.5,0.5990030334472658,7,2249
2026-04-18,US0079031078,AMD,2027-12-17,put,120.0,9.1,8.9,9.5,0.5934488897705079,1,2445
2026-04-18,US0079031078,AMD,2027-12-17,put,125.0,9.99,10.05,11.2,0.5972330316162109,350,560
2026-04-18,US0079031078,AMD,2027-12-17,put,130.0,11.45,10.75,12.05,0.587314917907715,7,8492
2026-04-18,US0079031078,AMD,2027-12-17,put,135.0,12.2,11.7,13.0,0.5801128414916993,5,2180
2026-04-18,US0079031078,AMD,2027-12-17,put,140.0,13.5,13.5,14.35,0.5824931887817383,5,2530
2026-04-18,US0079031078,AMD,2027-12-17,put,145.0,15.17,13.85,16.6,0.5791973233032227,2,653
2026-04-18,US0079031078,AMD,2027-12-17,put,150.0,16.02,15.8,16.95,0.5729412823486328,18,2586
2026-04-18,US0079031078,AMD,2027-12-17,put,155.0,17.5,17.5,18.0,0.5692486923217773,2,561
2026-04-18,US0079031078,AMD,2027-12-17,put,160.0,18.9,18.7,19.85,0.5668378277587891,13,1170
2026-04-18,US0079031078,AMD,2027-12-17,put,165.0,20.85,19.65,21.45,0.5605207522583008,6,2344
2026-04-18,US0079031078,AMD,2027-12-17,put,170.0,22.1,21.9,23.2,0.5625043750000001,12,1708
2026-04-18,US0079031078,AMD,2027-12-17,put,175.0,23.76,23.1,24.65,0.5556685058593751,7,1542
2026-04-18,US0079031078,AMD,2027-12-17,put,180.0,26.1,24.65,26.7,0.5537764349365235,8,1677
2026-04-18,US0079031078,AMD,2027-12-17,put,185.0,27.2,26.75,28.0,0.5501143621826172,7,1076
2026-04-18,US0079031078,AMD,2027-12-17,put,190.0,29.57,28.4,30.35,0.549076774902344,15,1114
2026-04-18,US0079031078,AMD,2027-12-17,put,195.0,35.38,30.95,32.45,0.5506331558227541,3,548
2026-04-18,US0079031078,AMD,2027-12-17,put,200.0,32.95,33.05,33.75,0.5452926330566408,4,3206
2026-04-18,US0079031078,AMD,2027-12-17,put,210.0,37.4,36.55,38.65,0.5409439216613772,10,1653
2026-04-18,US0079031078,AMD,2027-12-17,put,220.0,42.0,41.4,43.0,0.5381515911865236,28,1080
2026-04-18,US0079031078,AMD,2027-12-17,put,230.0,46.68,46.3,47.15,0.5327652925109863,5,2133
2026-04-18,US0079031078,AMD,2027-12-17,put,240.0,51.75,50.7,52.5,0.5285844261169435,2,416
2026-04-18,US0079031078,AMD,2027-12-17,put,250.0,56.62,55.75,57.7,0.5247545083618165,11,1512
2026-04-18,US0079031078,AMD,2027-12-17,put,260.0,62.07,61.6,63.15,0.5233964897155761,4,127
2026-04-18,US0079031078,AMD,2027-12-17,put,270.0,67.55,66.25,68.8,0.5166979483032227,9,499
2026-04-18,US0079031078,AMD,2027-12-17,put,280.0,73.0,71.95,74.55,0.5129443237304687,59,812
2026-04-18,US0079031078,AMD,2027-12-17,put,290.0,78.75,78.55,79.8,0.5093127682495118,2,92
2026-04-18,US0079031078,AMD,2027-12-17,put,300.0,85.3,84.3,85.65,0.5035144863891602,137,390
2026-04-18,US0079031078,AMD,2027-12-17,put,310.0,91.7,91.5,91.95,0.5032245722961426,164,255
2026-04-18,US0079031078,AMD,2027-12-17,put,320.0,97.55,97.5,99.2,0.5008442250061036,5,69
2026-04-18,US0079031078,AMD,2027-12-17,put,330.0,105.45,103.45,105.7,0.5023853472900393,2,190
2026-04-18,US0079031078,AMD,2027-12-17,put,340.0,110.74,110.15,111.95,0.49515275360107425,1,49
2026-04-18,US0079031078,AMD,2027-12-17,put,350.0,128.65,116.9,120.25,0.501179915008545,10,73
2026-04-18,US0079031078,AMD,2027-12-17,put,360.0,124.55,124.3,127.45,0.4985554295349121,4,64
2026-04-18,US0079031078,AMD,2027-12-17,put,370.0,144.1,131.4,133.65,0.4879506771850587,50,366
2026-04-18,US0079031078,AMD,2027-12-17,put,380.0,188.13,138.85,141.9,0.4908193008422852,6,33
2026-04-18,US0079031078,AMD,2027-12-17,put,390.0,196.1,146.3,149.8,0.49039205902099614,2,77
2026-04-18,US0079031078,AMD,2027-12-17,put,400.0,202.45,154.05,157.6,0.4884236949157716,2,72
2026-04-18,US0079031078,AMD,2027-12-17,put,410.0,198.75,161.45,165.3,0.4848989498901367,2,70
2026-04-18,US0079031078,AMD,2027-12-17,put,420.0,207.7,169.5,173.4,0.48351041397094735,2,380
2026-04-18,US0079031078,AMD,2027-12-17,put,430.0,223.55,177.65,180.35,0.47269204071044923,2,149
2026-04-18,US0079031078,AMD,2027-12-17,put,440.0,240.44,185.6,188.45,0.46962505477905275,2,605
2026-04-18,US0079031078,AMD,2027-12-17,put,450.0,244.05,193.7,197.6,0.47401954208374025,10,489
2026-04-18,US0079031078,AMD,2027-12-17,put,460.0,262.75,202.35,205.8,0.470357469329834,6,50
2026-04-18,US0079031078,AMD,2027-12-17,put,470.0,213.71,210.95,214.4,0.4691825543212891,4,153
2026-04-18,US0079031078,AMD,2027-12-17,put,480.0,277.12,218.9,222.8,0.46570358520507815,42,20
2026-04-18,US0079031078,AMD,2027-12-17,put,500.0,299.15,0.0,0.0,1.0000000000000003e-05,1,0
2026-04-18,US0079031078,AMD,2027-12-17,put,510.0,269.0,306.3,310.2,0.8983774810791014,,10
2026-04-18,US0079031078,AMD,2027-12-17,put,530.0,268.3,262.5,266.35,0.4513909841918946,5,5
2026-04-18,US0079031078,AMD,2028-01-21,call,5.0,226.02,272.5,277.5,2.03906740234375,337,10115
2026-04-18,US0079031078,AMD,2028-01-21,call,10.0,245.0,192.1,197.0,1.0000000000000003e-05,5,107
2026-04-18,US0079031078,AMD,2028-01-21,call,15.0,265.0,263.0,268.0,1.3879425134277343,9,10
2026-04-18,US0079031078,AMD,2028-01-21,call,20.0,240.5,195.1,199.95,1.0000000000000003e-05,,1
2026-04-18,US0079031078,AMD,2028-01-21,call,25.0,229.81,178.5,183.5,1.0000000000000003e-05,2,57
2026-04-18,US0079031078,AMD,2028-01-21,call,30.0,209.5,205.5,210.5,1.0000000000000003e-05,,3
2026-04-18,US0079031078,AMD,2028-01-21,call,35.0,196.69,184.0,187.9,1.0000000000000003e-05,,43
2026-04-18,US0079031078,AMD,2028-01-21,call,40.0,242.2,240.5,245.0,1.0325976104736332,7,189
2026-04-18,US0079031078,AMD,2028-01-21,call,45.0,237.7,236.0,240.0,0.9799806689453125,7,137
2026-04-18,US0079031078,AMD,2028-01-21,call,50.0,156.1,0.0,0.0,1.0000000000000003e-05,30,0
2026-04-18,US0079031078,AMD,2028-01-21,call,55.0,165.94,188.55,192.45,1.0000000000000003e-05,2,142
2026-04-18,US0079031078,AMD,2028-01-21,call,60.0,226.15,223.0,226.5,0.8963633410644529,1,130
2026-04-18,US0079031078,AMD,2028-01-21,call,65.0,140.4,218.95,222.0,0.8767102172851562,1,5
2026-04-18,US0079031078,AMD,2028-01-21,call,70.0,202.72,140.65,144.05,1.0000000000000003e-05,1,248
2026-04-18,US0079031078,AMD,2028-01-21,call,75.0,135.02,210.0,213.5,0.8331315515136717,1,100
2026-04-18,US0079031078,AMD,2028-01-21,call,80.0,162.83,206.4,209.0,0.8214739532470703,1,100
2026-04-18,US0079031078,AMD,2028-01-21,call,85.0,155.7,202.3,205.0,0.8092060095214844,3,150
2026-04-18,US0079031078,AMD,2028-01-21,call,90.0,199.75,198.25,201.0,0.7971822039794922,2,258
2026-04-18,US0079031078,AMD,2028-01-21,call,95.0,172.23,194.3,197.0,0.7859518475341796,3,131
2026-04-18,US0079031078,AMD,2028-01-21,call,100.0,191.58,190.6,193.5,0.782350809326172,4,1209
2026-04-18,US0079031078,AMD,2028-01-21,call,105.0,116.0,186.65,190.0,0.7750266638183594,1,400
2026-04-18,US0079031078,AMD,2028-01-21,call,110.0,179.6,182.85,186.4,0.7674888973999024,5,255
2026-04-18,US0079031078,AMD,2028-01-21,call,115.0,136.1,179.1,182.65,0.7585168191528321,4,226
2026-04-18,US0079031078,AMD,2028-01-21,call,120.0,177.12,175.4,178.95,0.7500025,22,206
2026-04-18,US0079031078,AMD,2028-01-21,call,125.0,173.35,171.65,175.2,0.7402980072021483,8,258
2026-04-18,US0079031078,AMD,2028-01-21,call,130.0,167.0,168.2,171.45,0.7326381716918945,3,307
2026-04-18,US0079031078,AMD,2028-01-21,call,135.0,165.64,164.55,168.15,0.7264126480102538,10,131
2026-04-18,US0079031078,AMD,2028-01-21,call,140.0,162.5,161.2,164.7,0.7207364352416993,1,260
2026-04-18,US0079031078,AMD,2028-01-21,call,145.0,116.2,158.15,161.3,0.7168912588500976,1,152
2026-04-18,US0079031078,AMD,2028-01-21,call,150.0,156.35,154.4,157.8,0.7073393524169922,1,1121
2026-04-18,US0079031078,AMD,2028-01-21,call,155.0,131.14,151.25,154.65,0.70352469329834,2,205
2026-04-18,US0079031078,AMD,2028-01-21,call,160.0,150.65,147.95,151.0,0.6952850296020509,3,396
2026-04-18,US0079031078,AMD,2028-01-21,call,165.0,120.49,144.8,147.0,0.685672088623047,3,186
2026-04-18,US0079031078,AMD,2028-01-21,call,170.0,144.64,141.85,145.2,0.6893341613769532,3,754
2026-04-18,US0079031078,AMD,2028-01-21,call,175.0,140.87,138.9,142.2,0.6856110540771485,2,433
2026-04-18,US0079031078,AMD,2028-01-21,call,180.0,138.0,135.95,139.4,0.6824982922363283,6,441
2026-04-18,US0079031078,AMD,2028-01-21,call,185.0,116.07,133.05,136.5,0.6786683744812012,32,129
2026-04-18,US0079031078,AMD,2028-01-21,call,190.0,131.69,130.45,133.4,0.6749452671813967,4,463
2026-04-18,US0079031078,AMD,2028-01-21,call,195.0,130.05,127.55,130.9,0.6722902644348148,1,560
2026-04-18,US0079031078,AMD,2028-01-21,call,200.0,125.44,124.75,127.9,0.6673312075805665,51,4555
2026-04-18,US0079031078,AMD,2028-01-21,call,210.0,121.55,119.4,122.7,0.6613193048095705,17,788
2026-04-18,US0079031078,AMD,2028-01-21,call,220.0,117.41,114.6,117.45,0.6560855924987794,86,1086
2026-04-18,US0079031078,AMD,2028-01-21,call,230.0,112.0,109.85,112.65,0.6516148120117189,34,1273
2026-04-18,US0079031078,AMD,2028-01-21,call,240.0,107.25,105.7,108.45,0.6506992938232423,23,1329
2026-04-18,US0079031078,AMD,2028-01-21,call,250.0,102.45,100.9,103.6,0.6432378205871583,80,4380
2026-04-18,US0079031078,AMD,2028-01-21,call,260.0,98.35,96.5,99.5,0.6392247991943358,11,2738
2026-04-18,US0079031078,AMD,2028-01-21,call,270.0,94.22,92.5,95.95,0.6376836769104004,57,608
2026-04-18,US0079031078,AMD,2028-01-21,call,280.0,90.84,89.05,92.0,0.6355627264404298,14,523
2026-04-18,US0079031078,AMD,2028-01-21,call,290.0,87.5,85.25,88.2,0.6316717741394042,41,698
2026-04-18,US0079031078,AMD,2028-01-21,call,300.0,83.6,82.2,84.5,0.629886513671875,158,3185
2026-04-18,US0079031078,AMD,2028-01-21,call,310.0,80.2,78.3,81.2,0.6255759488677979,1,840
2026-04-18,US0079031078,AMD,2028-01-21,call,320.0,77.34,75.15,78.55,0.6253241813659669,10,818
2026-04-18,US0079031078,AMD,2028-01-21,call,330.0,72.8,73.4,75.25,0.6267890104675293,49,364
2026-04-18,US0079031078,AMD,2028-01-21,call,340.0,71.69,70.55,72.4,0.6251868536376954,3,433
2026-04-18,US0079031078,AMD,2028-01-21,call,350.0,69.33,67.3,69.35,0.6207618490600587,17,1848
2026-04-18,US0079031078,AMD,2028-01-21,call,360.0,65.45,64.9,67.05,0.6210822804260254,7,307
2026-04-18,US0079031078,AMD,2028-01-21,call,370.0,63.49,61.6,64.9,0.6181602515411379,3,200
2026-04-18,US0079031078,AMD,2028-01-21,call,380.0,60.8,60.5,61.85,0.618991847229004,2,305
2026-04-18,US0079031078,AMD,2028-01-21,call,390.0,58.49,57.75,59.75,0.6168098622131348,1,363
2026-04-18,US0079031078,AMD,2028-01-21,call,400.0,56.52,55.85,57.85,0.61758805267334,71,1654
2026-04-18,US0079031078,AMD,2028-01-21,call,410.0,50.0,54.1,56.15,0.6189765885925294,1,979
2026-04-18,US0079031078,AMD,2028-01-21,call,420.0,52.3,51.4,54.2,0.6157417576599122,4,529
2026-04-18,US0079031078,AMD,2028-01-21,call,430.0,49.9,49.7,51.75,0.6136665830993653,2,245
2026-04-18,US0079031078,AMD,2028-01-21,call,440.0,47.85,47.9,50.55,0.6150246017456055,20,445
2026-04-18,US0079031078,AMD,2028-01-21,call,450.0,47.5,46.35,48.45,0.61368184173584,57,1769
2026-04-18,US0079031078,AMD,2028-01-21,call,460.0,38.25,44.8,47.15,0.6146278771972657,1,588
2026-04-18,US0079031078,AMD,2028-01-21,call,470.0,44.45,43.4,45.2,0.6134071862792969,2,177
2026-04-18,US0079031078,AMD,2028-01-21,call,480.0,43.3,41.15,44.1,0.6117592535400393,2,1072
2026-04-18,US0079031078,AMD,2028-01-21,call,490.0,41.0,40.05,42.05,0.6103707176208497,11,399
2026-04-18,US0079031078,AMD,2028-01-21,call,500.0,39.15,38.8,40.7,0.6105538212585451,1,1447
2026-04-18,US0079031078,AMD,2028-01-21,call,510.0,37.7,38.0,39.05,0.6108895112609865,1,360
2026-04-18,US0079031078,AMD,2028-01-21,call,520.0,37.8,36.25,37.75,0.6086922676086428,6,570
2026-04-18,US0079031078,AMD,2028-01-21,call,530.0,35.7,34.55,36.7,0.6072121798706055,190,3598
2026-04-18,US0079031078,AMD,2028-01-21,put,5.0,0.02,0.0,0.04,1.0312548437500002,20,233
2026-04-18,US0079031078,AMD,2028-01-21,put,10.0,0.07,0.0,0.0,0.500005,2,0
2026-04-18,US0079031078,AMD,2028-01-21,put,15.0,0.1,0.0,0.0,0.500005,2,0
2026-04-18,US0079031078,AMD,2028-01-21,put,20.0,0.21,0.0,0.0,0.500005,2,0
2026-04-18,US0079031078,AMD,2028-01-21,put,25.0,0.36,0.1,0.45,0.7851583984375,1,204
2026-04-18,US0079031078,AMD,2028-01-21,put,30.0,0.65,0.1,0.75,0.7670921728515626,1,45
2026-04-18,US0079031078,AMD,2028-01-21,put,35.0,0.82,0.0,0.0,0.2500075,1,0
2026-04-18,US0079031078,AMD,2028-01-21,put,40.0,0.99,0.45,1.0,0.7202176416015625,1,122
2026-04-18,US0079031078,AMD,2028-01-21,put,45.0,1.45,0.0,0.0,0.2500075,1,0
2026-04-18,US0079031078,AMD,2028-01-21,put,50.0,2.01,0.83,1.52,0.6894562304687502,1,86
2026-04-18,US0079031078,AMD,2028-01-21,put,55.0,1.6,1.17,1.62,0.6716341430664063,1,65
2026-04-18,US0079031078,AMD,2028-01-21,put,60.0,1.89,1.36,2.16,0.664309997558594,1,66
2026-04-18,US0079031078,AMD,2028-01-21,put,65.0,2.1,2.0,2.4,0.6590610266113281,1,62
2026-04-18,US0079031078,AMD,2028-01-21,put,70.0,2.71,2.35,2.78,0.6469761865234375,2,48
2026-04-18,US0079031078,AMD,2028-01-21,put,75.0,3.7,2.8,3.8,0.6513706738281251,10,51
2026-04-18,US0079031078,AMD,2028-01-21,put,80.0,6.56,2.84,4.35,0.6334265173339844,15,247
2026-04-18,US0079031078,AMD,2028-01-21,put,85.0,4.47,3.05,5.0,0.6211585736083984,10,803
2026-04-18,US0079031078,AMD,2028-01-21,put,90.0,4.9,4.4,4.85,0.6143227044677735,6,73
2026-04-18,US0079031078,AMD,2028-01-21,put,95.0,5.48,5.0,6.2,0.6176185699462893,1,44
2026-04-18,US0079031078,AMD,2028-01-21,put,100.0,6.3,5.7,6.75,0.6084633880615236,2,1187
2026-04-18,US0079031078,AMD,2028-01-21,put,105.0,6.95,6.0,7.6,0.5974771697998047,36,807
2026-04-18,US0079031078,AMD,2028-01-21,put,110.0,8.0,7.4,8.5,0.5996744134521486,12,2192
2026-04-18,US0079031078,AMD,2028-01-21,put,115.0,9.65,7.7,10.15,0.5959513061523438,2,205
2026-04-18,US0079031078,AMD,2028-01-21,put,120.0,9.65,9.35,10.1,0.5876811251831054,1,1272
2026-04-18,US0079031078,AMD,2028-01-21,put,125.0,10.85,10.25,11.85,0.5886881951904297,8,403
2026-04-18,US0079031078,AMD,2028-01-21,put,130.0,12.22,11.3,12.45,0.5794719787597657,2,6710
2026-04-18,US0079031078,AMD,2028-01-21,put,135.0,13.43,12.9,14.65,0.5874980215454101,3,289
2026-04-18,US0079031078,AMD,2028-01-21,put,140.0,14.3,14.0,15.3,0.5776714596557617,13,2337
2026-04-18,US0079031078,AMD,2028-01-21,put,145.0,16.0,15.35,16.9,0.5764202514648438,2,475
2026-04-18,US0079031078,AMD,2028-01-21,put,150.0,16.98,16.45,18.05,0.569340244140625,1,2817
2026-04-18,US0079031078,AMD,2028-01-21,put,155.0,18.7,18.1,19.3,0.5661969650268556,1,380
2026-04-18,US0079031078,AMD,2028-01-21,put,160.0,19.65,19.35,21.05,0.5629621340942383,10,2701
2026-04-18,US0079031078,AMD,2028-01-21,put,165.0,23.94,20.4,22.15,0.553913762664795,1,725
2026-04-18,US0079031078,AMD,2028-01-21,put,170.0,23.3,22.65,23.75,0.5546004013061524,35,2329
2026-04-18,US0079031078,AMD,2028-01-21,put,175.0,24.8,24.55,25.9,0.5554854022216797,5,894
2026-04-18,US0079031078,AMD,2028-01-21,put,180.0,26.35,26.1,27.75,0.5520064331054688,22,3158
2026-04-18,US0079031078,AMD,2028-01-21,put,185.0,31.44,27.0,30.45,0.5490462576293947,1,156
2026-04-18,US0079031078,AMD,2028-01-21,put,190.0,30.35,29.95,31.8,0.549076774902344,20,696
2026-04-18,US0079031078,AMD,2028-01-21,put,195.0,32.1,31.75,33.65,0.5452315985107423,2,1280
2026-04-18,US0079031078,AMD,2028-01-21,put,200.0,34.5,34.0,35.55,0.5433242689514162,7,4705
2026-04-18,US0079031078,AMD,2028-01-21,put,210.0,38.39,37.75,40.75,0.5408981457519533,5,895
2026-04-18,US0079031078,AMD,2028-01-21,put,220.0,43.45,42.9,44.4,0.5357712438964843,14,841
2026-04-18,US0079031078,AMD,2028-01-21,put,230.0,48.45,47.3,48.5,0.5277604597473147,24,1031
2026-04-18,US0079031078,AMD,2028-01-21,put,240.0,53.77,51.9,53.9,0.524342525177002,46,1602
2026-04-18,US0079031078,AMD,2028-01-21,put,250.0,58.31,57.05,58.6,0.518757864227295,52,2249
2026-04-18,US0079031078,AMD,2028-01-21,put,260.0,63.45,62.1,64.5,0.5158892405700684,2,590
2026-04-18,US0079031078,AMD,2028-01-21,put,270.0,69.3,67.7,69.75,0.5112200978088379,21,410
2026-04-18,US0079031078,AMD,2028-01-21,put,280.0,74.6,73.35,75.45,0.5070544900512696,50,590
2026-04-18,US0079031078,AMD,2028-01-21,put,290.0,80.79,79.6,81.65,0.505490479812622,52,79
2026-04-18,US0079031078,AMD,2028-01-21,put,300.0,88.15,85.5,87.95,0.5017902604675293,4,317
2026-04-18,US0079031078,AMD,2028-01-21,put,310.0,93.97,91.95,94.95,0.5012256909179689,13,107
2026-04-18,US0079031078,AMD,2028-01-21,put,320.0,104.92,99.1,100.25,0.5000202586364746,20,642
2026-04-18,US0079031078,AMD,2028-01-21,put,330.0,107.25,104.8,107.8,0.5028278477478028,24,198
2026-04-18,US0079031078,AMD,2028-01-21,put,340.0,157.13,111.85,114.6,0.4994862063598633,36,125
2026-04-18,US0079031078,AMD,2028-01-21,put,350.0,130.05,119.6,122.15,0.5002643968200684,2,784
2026-04-18,US0079031078,AMD,2028-01-21,put,360.0,154.2,125.85,128.85,0.49434404586791997,20,110
2026-04-18,US0079031078,AMD,2028-01-21,put,370.0,150.85,132.65,136.1,0.49125417198181154,2,113
2026-04-18,US0079031078,AMD,2028-01-21,put,380.0,151.85,140.25,143.3,0.48694360717773444,10,108
2026-04-18,US0079031078,AMD,2028-01-21,put,390.0,198.65,147.55,151.3,0.48729455581665043,6,149
2026-04-18,US0079031078,AMD,2028-01-21,put,400.0,157.41,155.4,158.95,0.4844259321594238,11,97
2026-04-18,US0079031078,AMD,2028-01-21,put,410.0,176.08,162.9,166.8,0.4821829125976563,2,114
2026-04-18,US0079031078,AMD,2028-01-21,put,420.0,184.9,170.75,174.65,0.4791769612121582,5,138
2026-04-18,US0079031078,AMD,2028-01-21,put,430.0,181.1,178.85,182.55,0.47577428527832033,2,64
2026-04-18,US0079031078,AMD,2028-01-21,put,440.0,194.0,187.0,190.85,0.4745688529968262,5,231
2026-04-18,US0079031078,AMD,2028-01-21,put,450.0,197.65,195.25,198.55,0.46817548431396483,5,729
2026-04-18,US0079031078,AMD,2028-01-21,put,460.0,244.52,203.55,206.85,0.4655357402038575,2,155
2026-04-18,US0079031078,AMD,2028-01-21,put,470.0,226.74,211.0,216.0,0.4688773815917969,2,42
2026-04-18,US0079031078,AMD,2028-01-21,put,480.0,280.0,219.0,224.0,0.46259082336425783,1,34
2026-04-18,US0079031078,AMD,2028-01-21,put,490.0,284.85,228.65,232.5,0.4595848719787598,4,1
2026-04-18,US0079031078,AMD,2028-01-21,put,500.0,239.8,236.5,241.15,0.45715874877929696,4,39
2026-04-18,US0079031078,AMD,2028-01-21,put,520.0,317.45,286.2,289.55,0.6752199226379396,,10
2026-04-18,US0079031078,AMD,2028-01-21,put,530.0,266.15,263.5,267.35,0.4483087396240234,25,33
2026-04-18,US0079031078,AMD,2028-06-16,call,115.0,154.3,182.75,187.5,0.7504297418212891,,3
2026-04-18,US0079031078,AMD,2028-06-16,call,200.0,113.67,132.5,136.5,0.6722139712524416,12,11
2026-04-18,US0079031078,AMD,2028-06-16,call,210.0,127.3,127.5,131.7,0.6669497416687014,45,25
2026-04-18,US0079031078,AMD,2028-06-16,call,240.0,115.5,114.35,117.8,0.653796797027588,7,13
2026-04-18,US0079031078,AMD,2028-06-16,call,260.0,106.76,106.1,109.5,0.6455876506042479,31,39
2026-04-18,US0079031078,AMD,2028-06-16,call,270.0,104.58,102.15,105.8,0.6423604489898682,15,27
2026-04-18,US0079031078,AMD,2028-06-16,call,290.0,96.58,95.65,98.7,0.6391637646484375,8,5
2026-04-18,US0079031078,AMD,2028-06-16,call,300.0,94.07,91.75,95.25,0.6345403977966309,7,13
2026-04-18,US0079031078,AMD,2028-06-16,call,310.0,89.05,88.55,93.2,0.6360738907623291,10,42
2026-04-18,US0079031078,AMD,2028-06-16,call,320.0,89.65,85.55,88.95,0.6304053073120117,2,29
2026-04-18,US0079031078,AMD,2028-06-16,call,350.0,78.92,78.3,80.85,0.6300085827636719,8,10
2026-04-18,US0079031078,AMD,2028-06-16,call,380.0,72.1,71.05,73.9,0.6278571150207521,5,1
2026-04-18,US0079031078,AMD,2028-06-16,call,470.0,55.06,53.85,55.4,0.6176490872192384,6,34
2026-04-18,US0079031078,AMD,2028-06-16,put,70.0,4.21,2.09,4.95,0.6265906481933594,,1
2026-04-18,US0079031078,AMD,2028-06-16,put,120.0,14.8,11.2,12.9,0.5706524868774415,,1
2026-04-18,US0079031078,AMD,2028-06-16,put,155.0,23.45,20.25,24.7,0.55508867767334,2,2
2026-04-18,US0079031078,AMD,2028-06-16,put,160.0,28.2,23.15,26.5,0.5596967858886719,,1
2026-04-18,US0079031078,AMD,2028-06-16,put,200.0,39.65,39.25,41.15,0.5365646929931642,3,10
2026-04-18,US0079031078,AMD,2028-06-16,put,210.0,50.9,42.85,45.3,0.5272264074707032,,3
2026-04-18,US0079031078,AMD,2028-06-16,put,220.0,49.4,47.0,50.45,0.5228166615295411,12,29
2026-04-18,US0079031078,AMD,2028-06-16,put,230.0,53.73,52.1,55.25,0.5192461405944824,1,20
2026-04-18,US0079031078,AMD,2028-06-16,put,250.0,64.58,62.65,65.7,0.512349236907959,1,34
2026-04-18,US0079031078,AMD,2028-06-16,put,260.0,69.98,68.7,72.2,0.5140582041931152,3,5
2026-04-18,US0079031078,AMD,2028-06-16,put,270.0,76.37,73.5,77.85,0.5073749214172363,3,47
2026-04-18,US0079031078,AMD,2028-06-16,put,280.0,81.17,79.9,82.45,0.5015461222839355,3,1
2026-04-18,US0079031078,AMD,2028-06-16,put,410.0,171.7,168.5,173.5,0.47736118347167966,2,1
2026-04-18,US0079031078,AMD,2028-12-15,call,5.0,254.34,273.5,278.5,1.970703271484375,601,16527
2026-04-18,US0079031078,AMD,2028-12-15,call,10.0,272.0,269.0,274.0,1.5007349182128906,8,0
2026-04-18,US0079031078,AMD,2028-12-15,call,15.0,198.62,179.0,184.0,1.0000000000000003e-05,3,4
2026-04-18,US0079031078,AMD,2028-12-15,call,20.0,197.9,0.0,0.0,1.0000000000000003e-05,,0
2026-04-18,US0079031078,AMD,2028-12-15,call,25.0,193.02,216.0,220.9,1.0000000000000003e-05,,4
2026-04-18,US0079031078,AMD,2028-12-15,call,30.0,171.56,0.0,0.0,1.0000000000000003e-05,2,0
2026-04-18,US0079031078,AMD,2028-12-15,call,35.0,163.55,0.0,0.0,1.0000000000000003e-05,,0
2026-04-18,US0079031078,AMD,2028-12-15,call,40.0,171.94,243.5,247.0,0.9546513323974608,2,30
2026-04-18,US0079031078,AMD,2028-12-15,call,45.0,193.15,239.0,243.0,0.9201057794189453,1,2
2026-04-18,US0079031078,AMD,2028-12-15,call,50.0,194.0,235.0,238.5,0.8889781610107421,2,11
2026-04-18,US0079031078,AMD,2028-12-15,call,60.0,230.3,227.0,230.5,0.848512257080078,1,9
2026-04-18,US0079031078,AMD,2028-12-15,call,65.0,224.95,223.5,226.5,0.8358781060791014,1,5
2026-04-18,US0079031078,AMD,2028-12-15,call,70.0,221.27,219.5,222.5,0.8170794659423828,1,2
2026-04-18,US0079031078,AMD,2028-12-15,call,75.0,217.05,216.0,218.5,0.8045063494873046,1,5
2026-04-18,US0079031078,AMD,2028-12-15,call,80.0,213.4,212.0,215.0,0.7918721984863282,1,0
2026-04-18,US0079031078,AMD,2028-12-15,call,85.0,189.07,208.5,211.5,0.7839377075195313,3,25
2026-04-18,US0079031078,AMD,2028-12-15,call,90.0,202.26,205.0,208.5,0.7799094274902343,1,47
2026-04-18,US0079031078,AMD,2028-12-15,call,95.0,202.77,201.5,205.0,0.7708457974243165,1,33
2026-04-18,US0079031078,AMD,2028-12-15,call,100.0,199.59,198.0,202.0,0.7654442401123047,2,286
2026-04-18,US0079031078,AMD,2028-12-15,call,105.0,196.0,194.5,199.0,0.7594628546142579,2,129
2026-04-18,US0079031078,AMD,2028-12-15,call,110.0,163.0,191.5,196.0,0.7565331964111328,7,257
2026-04-18,US0079031078,AMD,2028-12-15,call,115.0,147.94,188.0,193.0,0.7495599995422364,2,28
2026-04-18,US0079031078,AMD,2028-12-15,call,120.0,155.1,185.0,190.0,0.745516460876465,1,67
2026-04-18,US0079031078,AMD,2028-12-15,call,125.0,185.2,182.0,185.35,0.7308071353149413,2,65
2026-04-18,US0079031078,AMD,2028-12-15,call,130.0,181.0,178.55,183.5,0.7304104107666016,4,86
2026-04-18,US0079031078,AMD,2028-12-15,call,135.0,179.1,175.5,180.5,0.7250393707275391,18,51
2026-04-18,US0079031078,AMD,2028-12-15,call,140.0,175.45,172.5,177.2,0.7179898806762696,6,181
2026-04-18,US0079031078,AMD,2028-12-15,call,145.0,172.62,170.0,174.5,0.7166166033935546,7,91
2026-04-18,US0079031078,AMD,2028-12-15,call,150.0,168.96,167.0,171.5,0.7106199592590332,19,657
2026-04-18,US0079031078,AMD,2028-12-15,call,155.0,166.7,164.0,168.5,0.7044402114868166,4,114
2026-04-18,US0079031078,AMD,2028-12-15,call,160.0,141.54,161.5,166.0,0.7029143478393555,3,185
2026-04-18,US0079031078,AMD,2028-12-15,call,165.0,161.56,158.6,163.5,0.699069171447754,3,70
2026-04-18,US0079031078,AMD,2028-12-15,call,170.0,158.2,156.0,160.35,0.6933777000427246,41,135
2026-04-18,US0079031078,AMD,2028-12-15,call,175.0,155.82,153.5,157.85,0.6908600250244141,30,155
2026-04-18,US0079031078,AMD,2028-12-15,call,180.0,153.24,150.55,155.5,0.6867096759033204,33,313
2026-04-18,US0079031078,AMD,2028-12-15,call,185.0,149.08,148.2,152.75,0.6832001895141603,59,270
2026-04-18,US0079031078,AMD,2028-12-15,call,190.0,149.31,146.0,150.3,0.6813233772277834,96,435
2026-04-18,US0079031078,AMD,2028-12-15,call,195.0,145.3,143.5,148.0,0.6785310467529297,2,556
2026-04-18,US0079031078,AMD,2028-12-15,call,200.0,143.51,141.05,145.65,0.6755098367309572,34,1362
2026-04-18,US0079031078,AMD,2028-12-15,call,210.0,139.38,136.5,140.95,0.67012353805542,23,990
2026-04-18,US0079031078,AMD,2028-12-15,call,220.0,134.75,132.1,136.5,0.6653781021118167,5,726
2026-04-18,US0079031078,AMD,2028-12-15,call,230.0,129.46,128.05,132.35,0.6621127539062501,8,708
2026-04-18,US0079031078,AMD,2028-12-15,call,240.0,126.35,124.1,128.15,0.6581607670593261,2,420
2026-04-18,US0079031078,AMD,2028-12-15,call,250.0,123.78,120.25,123.5,0.6522861920166017,163,1455
2026-04-18,US0079031078,AMD,2028-12-15,call,260.0,119.62,116.55,120.6,0.6520420538330078,15,632
2026-04-18,US0079031078,AMD,2028-12-15,call,270.0,115.25,113.15,117.0,0.6496922238159181,31,463
2026-04-18,US0079031078,AMD,2028-12-15,call,280.0,111.6,109.85,113.25,0.64648791015625,38,127
2026-04-18,US0079031078,AMD,2028-12-15,call,290.0,108.49,106.6,110.45,0.645786012878418,7,487
2026-04-18,US0079031078,AMD,2028-12-15,call,300.0,105.53,105.2,106.5,0.6465718326568604,144,1294
2026-04-18,US0079031078,AMD,2028-12-15,call,310.0,102.67,100.8,104.45,0.6433751483154297,8,185
2026-04-18,US0079031078,AMD,2028-12-15,call,320.0,99.35,97.95,101.35,0.641155016708374,14,314
2026-04-18,US0079031078,AMD,2028-12-15,call,330.0,97.29,94.5,98.8,0.63827876373291,4,258
2026-04-18,US0079031078,AMD,2028-12-15,call,340.0,92.55,91.7,95.95,0.635944192352295,81,307
2026-04-18,US0079031078,AMD,2028-12-15,call,350.0,92.07,89.75,92.95,0.63516600189209,11,784
2026-04-18,US0079031078,AMD,2028-12-15,call,360.0,87.25,86.85,89.1,0.628780262527466,1,217
2026-04-18,US0079031078,AMD,2028-12-15,call,370.0,85.5,84.65,88.6,0.633518069152832,3,189
2026-04-18,US0079031078,AMD,2028-12-15,call,380.0,83.53,82.6,85.65,0.6312903082275392,30,192
2026-04-18,US0079031078,AMD,2028-12-15,call,390.0,80.1,81.0,84.5,0.6349828982543947,22,212
2026-04-18,US0079031078,AMD,2028-12-15,call,400.0,79.45,79.15,80.0,0.6281928050231935,28,639
2026-04-18,US0079031078,AMD,2028-12-15,call,410.0,72.7,76.4,79.0,0.6283301327514649,2,111
2026-04-18,US0079031078,AMD,2028-12-15,call,420.0,75.45,73.95,77.15,0.6265830188751221,22,255
2026-04-18,US0079031078,AMD,2028-12-15,call,430.0,73.6,72.95,75.5,0.6290778059387208,2,320
2026-04-18,US0079031078,AMD,2028-12-15,call,440.0,72.29,70.05,74.5,0.627780821838379,7,148
2026-04-18,US0079031078,AMD,2028-12-15,call,450.0,70.5,68.4,71.8,0.6249427154541016,151,801
2026-04-18,US0079031078,AMD,2028-12-15,call,460.0,65.8,66.7,70.45,0.6253928452301027,40,77
2026-04-18,US0079031078,AMD,2028-12-15,call,470.0,66.65,65.3,68.05,0.6234931449890138,2,27
2026-04-18,US0079031078,AMD,2028-12-15,call,480.0,65.55,63.2,66.7,0.6222877127075196,2,354
2026-04-18,US0079031078,AMD,2028-12-15,call,490.0,64.25,62.35,64.6,0.6221961608886719,37,281
2026-04-18,US0079031078,AMD,2028-12-15,call,500.0,61.89,60.45,63.15,0.620746590423584,245,2799
2026-04-18,US0079031078,AMD,2028-12-15,put,5.0,0.13,0.01,0.25,1.0293017285156252,1,40
2026-04-18,US0079031078,AMD,2028-12-15,put,10.0,0.15,0.01,2.99,1.2329139916992187,2,5
2026-04-18,US0079031078,AMD,2028-12-15,put,15.0,0.36,0.01,3.4,1.0756882153320313,2,22
2026-04-18,US0079031078,AMD,2028-12-15,put,20.0,0.36,0.1,2.62,0.9079599047851561,3,65
2026-04-18,US0079031078,AMD,2028-12-15,put,25.0,0.75,0.1,0.85,0.6889679541015626,9,41
2026-04-18,US0079031078,AMD,2028-12-15,put,30.0,1.11,0.52,1.18,0.694338994140625,4,46
2026-04-18,US0079031078,AMD,2028-12-15,put,35.0,1.55,0.01,2.01,0.6628451684570313,6,37
2026-04-18,US0079031078,AMD,2028-12-15,put,40.0,1.55,1.37,1.79,0.6707796594238282,2,127
2026-04-18,US0079031078,AMD,2028-12-15,put,45.0,2.62,1.42,2.52,0.6566196447753907,9,71
2026-04-18,US0079031078,AMD,2028-12-15,put,50.0,2.75,2.16,2.99,0.653445848388672,4,108
2026-04-18,US0079031078,AMD,2028-12-15,put,55.0,3.45,2.42,4.6,0.6614413739013674,3,29
2026-04-18,US0079031078,AMD,2028-12-15,put,60.0,4.06,2.88,4.85,0.6405675592041016,6,62
2026-04-18,US0079031078,AMD,2028-12-15,put,65.0,5.03,3.9,5.0,0.6290930645751953,2,29
2026-04-18,US0079031078,AMD,2028-12-15,put,70.0,5.25,4.1,5.5,0.6095620098876955,6,82
2026-04-18,US0079031078,AMD,2028-12-15,put,75.0,6.25,4.2,6.5,0.5969888934326173,2,133
2026-04-18,US0079031078,AMD,2028-12-15,put,80.0,6.65,5.1,7.5,0.5950357879638672,10,240
2026-04-18,US0079031078,AMD,2028-12-15,put,85.0,7.67,7.0,8.6,0.6042520043945314,10,534
2026-04-18,US0079031078,AMD,2028-12-15,put,90.0,9.45,7.95,9.8,0.6007425180053713,1,150
2026-04-18,US0079031078,AMD,2028-12-15,put,95.0,9.39,8.9,10.2,0.5881388842773438,2,86
2026-04-18,US0079031078,AMD,2028-12-15,put,100.0,10.36,9.9,11.1,0.5808147387695313,9,2621
2026-04-18,US0079031078,AMD,2028-12-15,put,105.0,11.69,11.15,13.15,0.5849956051635742,10,109
2026-04-18,US0079031078,AMD,2028-12-15,put,110.0,12.95,11.45,13.85,0.5689130023193358,1,279
2026-04-18,US0079031078,AMD,2028-12-15,put,115.0,14.25,13.8,15.7,0.5775493905639649,34,151
2026-04-18,US0079031078,AMD,2028-12-15,put,120.0,15.0,14.95,16.4,0.5674481732177734,1,731
2026-04-18,US0079031078,AMD,2028-12-15,put,125.0,16.85,16.3,19.5,0.5746807669067383,3,226
2026-04-18,US0079031078,AMD,2028-12-15,put,130.0,18.46,17.45,19.45,0.5590559231567384,6,2281
2026-04-18,US0079031078,AMD,2028-12-15,put,135.0,19.85,19.3,22.3,0.5656476541137696,68,779
2026-04-18,US0079031078,AMD,2028-12-15,put,140.0,21.55,20.9,22.8,0.5558516094970705,1,604
2026-04-18,US0079031078,AMD,2028-12-15,put,145.0,22.6,21.7,24.45,0.5479934117126466,90,932
2026-04-18,US0079031078,AMD,2028-12-15,put,150.0,24.92,22.7,26.45,0.5429122857666018,7,1367
2026-04-18,US0079031078,AMD,2028-12-15,put,155.0,26.57,26.2,27.7,0.5463759962463379,560,1147
2026-04-18,US0079031078,AMD,2028-12-15,put,160.0,28.8,28.4,30.25,0.5488936712646486,23,2469
2026-04-18,US0079031078,AMD,2028-12-15,put,165.0,29.8,29.55,32.1,0.5423477162170411,90,944
2026-04-18,US0079031078,AMD,2028-12-15,put,170.0,32.59,32.3,33.1,0.5390518507385256,49,1452
2026-04-18,US0079031078,AMD,2028-12-15,put,175.0,34.2,33.2,35.9,0.5351608984375,16,452
2026-04-18,US0079031078,AMD,2028-12-15,put,180.0,36.67,34.9,37.85,0.5307206352233886,52,434
2026-04-18,US0079031078,AMD,2028-12-15,put,185.0,38.46,36.55,39.4,0.5241594215393066,25,76
2026-04-18,US0079031078,AMD,2028-12-15,put,190.0,42.21,38.7,43.05,0.5279435633850098,48,998
2026-04-18,US0079031078,AMD,2028-12-15,put,195.0,43.0,42.25,44.7,0.5286912365722658,6,403
2026-04-18,US0079031078,AMD,2028-12-15,put,200.0,44.67,43.7,47.6,0.5256852851867677,63,2475
2026-04-18,US0079031078,AMD,2028-12-15,put,210.0,49.9,49.4,51.4,0.5217485569763183,25,1095
2026-04-18,US0079031078,AMD,2028-12-15,put,220.0,54.95,52.95,55.75,0.5109301837158204,44,616
2026-04-18,US0079031078,AMD,2028-12-15,put,230.0,59.56,58.6,61.05,0.5098010446166993,34,270
2026-04-18,US0079031078,AMD,2028-12-15,put,240.0,65.25,63.3,66.7,0.5054370745849608,99,402
2026-04-18,US0079031078,AMD,2028-12-15,put,250.0,70.83,69.5,72.1,0.5040790559387207,38,232
2026-04-18,US0079031078,AMD,2028-12-15,put,260.0,76.15,74.2,78.8,0.5009968113708496,33,120
2026-04-18,US0079031078,AMD,2028-12-15,put,270.0,82.46,80.75,83.7,0.506116083908081,2,168
2026-04-18,US0079031078,AMD,2028-12-15,put,280.0,87.9,86.0,90.65,0.5085498364257812,53,111
2026-04-18,US0079031078,AMD,2028-12-15,put,290.0,95.27,92.6,95.85,0.49965405136108404,121,107
2026-04-18,US0079031078,AMD,2028-12-15,put,300.0,99.69,98.85,102.05,0.4959614613342285,34,185
2026-04-18,US0079031078,AMD,2028-12-15,put,310.0,107.35,106.0,108.85,0.49497727928161617,22,16
2026-04-18,US0079031078,AMD,2028-12-15,put,320.0,112.9,112.7,115.9,0.4946415892791748,36,65
2026-04-18,US0079031078,AMD,2028-12-15,put,330.0,123.75,118.15,122.5,0.4910481803894043,3,49
2026-04-18,US0079031078,AMD,2028-12-15,put,340.0,142.75,124.7,129.5,0.4890492990112305,2,13
2026-04-18,US0079031078,AMD,2028-12-15,put,350.0,132.71,131.5,136.5,0.4864095549011231,4,48
2026-04-18,US0079031078,AMD,2028-12-15,put,360.0,140.0,138.5,143.45,0.4828848098754883,36,51
2026-04-18,US0079031078,AMD,2028-12-15,put,370.0,148.7,145.8,150.4,0.4787878659820557,2,72
2026-04-18,US0079031078,AMD,2028-12-15,put,380.0,156.7,153.0,158.0,0.47770450279235843,40,47
2026-04-18,US0079031078,AMD,2028-12-15,put,390.0,174.04,160.5,165.3,0.4744238959503174,5,25
2026-04-18,US0079031078,AMD,2028-12-15,put,400.0,170.33,167.5,172.5,0.4700522966003418,2,26
2026-04-18,US0079031078,AMD,2028-12-15,put,410.0,188.57,175.5,180.0,0.4668250949859619,1,6
2026-04-18,US0079031078,AMD,2028-12-15,put,420.0,185.33,183.0,188.0,0.4658866888427735,3,11
2026-04-18,US0079031078,AMD,2028-12-15,put,430.0,209.5,190.5,195.5,0.4616600465393067,1,50
2026-04-18,US0079031078,AMD,2028-12-15,put,440.0,233.9,198.5,203.5,0.45976797561645505,2,2
2026-04-18,US0079031078,AMD,2028-12-15,put,450.0,208.8,206.5,211.5,0.4574181455993653,3,9
2026-04-18,US0079031078,AMD,2028-12-15,put,460.0,216.5,214.5,219.5,0.4546258151245117,40,38
2026-04-18,US0079031078,AMD,2028-12-15,put,470.0,259.4,222.5,227.5,0.45137572555542,40,21
2026-04-18,US0079031078,AMD,2028-12-15,put,480.0,270.3,230.5,235.5,0.44766787689208976,2,7
2026-04-18,US0079031078,AMD,2028-12-15,put,490.0,291.15,239.0,243.5,0.44350226913452145,2,1
2026-04-18,US0079031078,AMD,2028-12-15,put,500.0,249.0,247.0,252.0,0.4419153709411621,10,144
2026-04-18,US0090661010,ABNB,2026-04-24,call,95.0,46.61,45.6,48.7,1.759766826171875,1,1
2026-04-18,US0090661010,ABNB,2026-04-24,call,110.0,23.61,30.75,33.65,1.23047259765625,2,2
2026-04-18,US0090661010,ABNB,2026-04-24,call,115.0,15.1,25.8,27.4,0.6679720703125002,12,23
2026-04-18,US0090661010,ABNB,2026-04-24,call,120.0,22.25,21.45,23.7,0.9995117236328125,6,172
2026-04-18,US0090661010,ABNB,2026-04-24,call,121.0,13.06,20.2,22.7,0.9267585449218749,9,15
2026-04-18,US0090661010,ABNB,2026-04-24,call,123.0,11.45,17.9,19.45,0.5468795312500001,12,13
2026-04-18,US0090661010,ABNB,2026-04-24,call,124.0,10.55,17.35,19.75,0.8452163916015624,4,4
2026-04-18,US0090661010,ABNB,2026-04-24,call,125.0,17.44,15.95,18.15,0.6650424121093752,2,25
2026-04-18,US0090661010,ABNB,2026-04-24,call,126.0,16.3,14.85,17.8,0.7138700488281251,8,53
2026-04-18,US0090661010,ABNB,2026-04-24,call,127.0,15.53,13.8,16.9,0.6850617431640625,1,82
2026-04-18,US0090661010,ABNB,2026-04-24,call,128.0,14.37,13.5,15.0,0.6235389208984375,4,633
2026-04-18,US0090661010,ABNB,2026-04-24,call,129.0,14.2,12.3,14.2,0.5888712988281251,6,33
2026-04-18,US0090661010,ABNB,2026-04-24,call,130.0,12.2,11.3,12.85,0.5083056982421875,9,114
2026-04-18,US0090661010,ABNB,2026-04-24,call,131.0,11.3,10.8,12.35,0.5905802661132813,10,103
2026-04-18,US0090661010,ABNB,2026-04-24,call,132.0,10.93,9.25,11.1,0.6513706738281251,12,68
2026-04-18,US0090661010,ABNB,2026-04-24,call,133.0,9.5,8.5,10.8,0.5283250292968751,9,89
2026-04-18,US0090661010,ABNB,2026-04-24,call,134.0,8.5,7.5,9.35,0.6084023535156251,28,26
2026-04-18,US0090661010,ABNB,2026-04-24,call,135.0,7.8,7.2,8.2,0.5400436621093752,10,227
2026-04-18,US0090661010,ABNB,2026-04-24,call,136.0,6.73,5.8,7.8,0.585941640625,6,51
2026-04-18,US0090661010,ABNB,2026-04-24,call,137.0,5.86,5.4,6.4,0.4792532543945312,32,48
2026-04-18,US0090661010,ABNB,2026-04-24,call,138.0,4.89,4.75,5.3,0.4167538793945312,11,44
2026-04-18,US0090661010,ABNB,2026-04-24,call,139.0,4.55,4.05,4.6,0.40820904296875,11,85
2026-04-18,US0090661010,ABNB,2026-04-24,call,140.0,3.6,3.4,3.7,0.36743796630859377,111,427
2026-04-18,US0090661010,ABNB,2026-04-24,call,141.0,3.2,2.77,3.35,0.3930724755859375,53,1083
2026-04-18,US0090661010,ABNB,2026-04-24,call,142.0,2.81,2.18,2.75,0.37915659912109373,56,534
2026-04-18,US0090661010,ABNB,2026-04-24,call,143.0,2.22,1.92,2.34,0.38281867187499996,144,60
2026-04-18,US0090661010,ABNB,2026-04-24,call,144.0,1.89,1.52,1.91,0.37720349365234374,611,48
2026-04-18,US0090661010,ABNB,2026-04-24,call,145.0,1.45,1.22,1.58,0.37842418457031246,92,1101
2026-04-18,US0090661010,ABNB,2026-04-24,call,146.0,1.09,0.93,1.39,0.39331661376953125,31,501
2026-04-18,US0090661010,ABNB,2026-04-24,call,147.0,0.98,0.58,0.88,0.35156898437499995,9,36
2026-04-18,US0090661010,ABNB,2026-04-24,call,148.0,0.68,0.46,0.82,0.375982802734375,663,33
2026-04-18,US0090661010,ABNB,2026-04-24,call,150.0,0.32,0.33,0.45,0.3627993408203125,39,73
2026-04-18,US0090661010,ABNB,2026-04-24,call,155.0,0.09,0.0,0.18,0.4023497265625,12,94
2026-04-18,US0090661010,ABNB,2026-04-24,call,160.0,0.12,0.0,0.12,0.47461462890625,1,1
2026-04-18,US0090661010,ABNB,2026-04-24,put,90.0,0.09,0.0,2.13,2.216801333007812,1,4
2026-04-18,US0090661010,ABNB,2026-04-24,put,95.0,0.06,0.0,2.13,1.9970703271484376,,1
2026-04-18,US0090661010,ABNB,2026-04-24,put,100.0,0.54,0.0,2.13,1.787110439453125,1,23
2026-04-18,US0090661010,ABNB,2026-04-24,put,105.0,0.04,0.0,0.76,1.26172244140625,4,12
2026-04-18,US0090661010,ABNB,2026-04-24,put,110.0,0.05,0.0,2.14,1.3911163256835937,2,107
2026-04-18,US0090661010,ABNB,2026-04-24,put,111.0,0.37,0.0,2.15,1.3540071362304684,2,5
2026-04-18,US0090661010,ABNB,2026-04-24,put,112.0,0.21,0.0,2.15,1.3154331103515622,1,8
2026-04-18,US0090661010,ABNB,2026-04-24,put,113.0,0.19,0.0,1.99,1.2509803076171875,2,17
2026-04-18,US0090661010,ABNB,2026-04-24,put,114.0,0.26,0.0,2.16,1.2412147314453121,3,5
2026-04-18,US0090661010,ABNB,2026-04-24,put,115.0,0.03,0.02,0.05,0.6367223828125,21,343
2026-04-18,US0090661010,ABNB,2026-04-24,put,116.0,0.09,0.0,1.64,1.08203583984375,3,13
2026-04-18,US0090661010,ABNB,2026-04-24,put,117.0,0.04,0.01,0.24,0.70898728515625,6,22
2026-04-18,US0090661010,ABNB,2026-04-24,put,118.0,0.97,0.0,1.6,1.003422951660156,3,66
2026-04-18,US0090661010,ABNB,2026-04-24,put,119.0,0.21,0.0,0.43,0.72070591796875,2,304
2026-04-18,US0090661010,ABNB,2026-04-24,put,120.0,0.14,0.01,0.3,0.6513706738281251,43,96
2026-04-18,US0090661010,ABNB,2026-04-24,put,121.0,0.15,0.03,0.34,0.6445348046875,34,41
2026-04-18,US0090661010,ABNB,2026-04-24,put,122.0,0.1,0.07,0.1,0.5390671093750001,3,41
2026-04-18,US0090661010,ABNB,2026-04-24,put,123.0,0.29,0.05,0.15,0.5273484765625001,20,102
2026-04-18,US0090661010,ABNB,2026-04-24,put,124.0,0.27,0.0,0.22,0.5097705273437501,26,24
2026-04-18,US0090661010,ABNB,2026-04-24,put,125.0,0.15,0.04,0.15,0.5117236328125,17,58
2026-04-18,US0090661010,ABNB,2026-04-24,put,126.0,0.15,0.1,0.23,0.5273484765625001,30,28
2026-04-18,US0090661010,ABNB,2026-04-24,put,127.0,0.15,0.0,0.3,0.5283250292968751,8,31
2026-04-18,US0090661010,ABNB,2026-04-24,put,128.0,0.21,0.15,0.25,0.47852083984375,26,51
2026-04-18,US0090661010,ABNB,2026-04-24,put,129.0,0.22,0.16,0.28,0.46094289062500005,13,41
2026-04-18,US0090661010,ABNB,2026-04-24,put,130.0,0.25,0.02,0.7,0.5537154003906251,6,35
2026-04-18,US0090661010,ABNB,2026-04-24,put,131.0,0.35,0.23,0.53,0.4760794580078125,14,6
2026-04-18,US0090661010,ABNB,2026-04-24,put,132.0,0.35,0.18,0.53,0.442388388671875,13,29
2026-04-18,US0090661010,ABNB,2026-04-24,put,133.0,0.49,0.36,0.53,0.40820904296875,4,33
2026-04-18,US0090661010,ABNB,2026-04-24,put,134.0,0.5,0.44,0.77,0.42529871582031253,7,14
2026-04-18,US0090661010,ABNB,2026-04-24,put,135.0,0.7,0.5,0.81,0.39551385742187506,84,43
2026-04-18,US0090661010,ABNB,2026-04-24,put,137.0,1.16,0.8,1.11,0.3667055517578125,4,9
2026-04-18,US0090661010,ABNB,2026-04-24,put,138.0,1.23,1.07,1.38,0.3632876171875,20,7
2026-04-18,US0090661010,ABNB,2026-04-24,put,139.0,1.55,1.32,1.65,0.3532779516601562,21,6
2026-04-18,US0090661010,ABNB,2026-04-24,put,140.0,1.75,1.75,2.11,0.362311064453125,29,26
2026-04-18,US0090661010,ABNB,2026-04-24,put,141.0,2.32,2.12,2.45,0.3481510498046875,81,1
2026-04-18,US0090661010,ABNB,2026-04-24,put,142.0,2.49,2.57,2.9,0.340826904296875,222,5
2026-04-18,US0090661010,ABNB,2026-04-24,put,143.0,3.3,3.05,3.45,0.33887379882812496,109,7
2026-04-18,US0090661010,ABNB,2026-05-01,call,119.0,16.1,22.3,24.15,0.6547886083984377,,
2026-04-18,US0090661010,ABNB,2026-05-01,call,120.0,12.18,21.45,23.2,0.6538120556640626,1,2
2026-04-18,US0090661010,ABNB,2026-05-01,call,123.0,7.94,18.45,20.3,0.5893595751953126,1,1
2026-04-18,US0090661010,ABNB,2026-05-01,call,124.0,7.75,17.5,19.3,0.569340244140625,2,2
2026-04-18,US0090661010,ABNB,2026-05-01,call,125.0,13.2,16.65,18.35,0.5625043750000001,2,13
2026-04-18,US0090661010,ABNB,2026-05-01,call,126.0,5.99,15.6,17.45,0.541264353027344,2,2
2026-04-18,US0090661010,ABNB,2026-05-01,call,127.0,5.15,14.75,16.7,0.5481002221679689,6,10
2026-04-18,US0090661010,ABNB,2026-05-01,call,128.0,11.6,13.7,15.55,0.5053760400390624,2,18
2026-04-18,US0090661010,ABNB,2026-05-01,call,129.0,7.87,12.9,14.65,0.5014698291015626,2,22
2026-04-18,US0090661010,ABNB,2026-05-01,call,130.0,12.95,12.25,13.75,0.5053760400390624,3,60
2026-04-18,US0090661010,ABNB,2026-05-01,call,131.0,3.65,11.15,12.85,0.5827678442382812,2,6
2026-04-18,US0090661010,ABNB,2026-05-01,call,132.0,5.4,10.45,12.0,0.5681195532226562,10,171
2026-04-18,US0090661010,ABNB,2026-05-01,call,133.0,10.04,9.65,10.75,0.5074512145996093,23,9
2026-04-18,US0090661010,ABNB,2026-05-01,call,134.0,9.62,8.65,9.95,0.49707534179687507,7,14
2026-04-18,US0090661010,ABNB,2026-05-01,call,135.0,8.39,8.15,8.95,0.463872548828125,20,46
2026-04-18,US0090661010,ABNB,2026-05-01,call,136.0,7.65,7.2,8.05,0.4401911450195312,17,258
2026-04-18,US0090661010,ABNB,2026-05-01,call,137.0,7.48,6.55,7.5,0.4497125341796875,13,23
2026-04-18,US0090661010,ABNB,2026-05-01,call,138.0,6.87,5.85,6.65,0.4270076831054688,9,233
2026-04-18,US0090661010,ABNB,2026-05-01,call,139.0,5.6,5.35,5.9,0.4116269775390625,12,40
2026-04-18,US0090661010,ABNB,2026-05-01,call,140.0,5.09,4.75,5.0,0.3800110827636719,110,302
2026-04-18,US0090661010,ABNB,2026-05-01,call,141.0,4.65,4.0,5.1,0.43677321044921874,15,11
2026-04-18,US0090661010,ABNB,2026-05-01,call,142.0,4.0,3.25,4.5,0.42627526855468756,37,11
2026-04-18,US0090661010,ABNB,2026-05-01,call,143.0,3.6,3.2,3.8,0.40381455566406255,12,10
2026-04-18,US0090661010,ABNB,2026-05-01,call,144.0,3.05,2.64,2.96,0.36475244628906256,22,10
2026-04-18,US0090661010,ABNB,2026-05-01,call,145.0,2.5,2.24,2.59,0.36499658447265626,38,197
2026-04-18,US0090661010,ABNB,2026-05-01,call,146.0,2.36,1.98,2.25,0.36475244628906256,3,3
2026-04-18,US0090661010,ABNB,2026-05-01,call,155.0,0.62,0.37,0.7,0.3986876538085938,19,15
2026-04-18,US0090661010,ABNB,2026-05-01,call,160.0,0.29,0.13,0.32,0.4062559375,13,1
2026-04-18,US0090661010,ABNB,2026-05-01,call,165.0,0.14,0.0,0.1,0.39160764648437496,,4
2026-04-18,US0090661010,ABNB,2026-05-01,put,70.0,2.11,0.0,2.13,2.2773480566406246,,1
2026-04-18,US0090661010,ABNB,2026-05-01,put,85.0,0.22,0.0,0.82,1.4277372363281249,,159
2026-04-18,US0090661010,ABNB,2026-05-01,put,100.0,0.19,0.0,0.75,1.0107471337890623,1,16
2026-04-18,US0090661010,ABNB,2026-05-01,put,105.0,0.17,0.0,0.74,0.8876964355468748,2,278
2026-04-18,US0090661010,ABNB,2026-05-01,put,110.0,0.29,0.0,0.88,0.79883013671875,26,27
2026-04-18,US0090661010,ABNB,2026-05-01,put,114.0,0.21,0.0,1.19,0.754885263671875,7,6
2026-04-18,US0090661010,ABNB,2026-05-01,put,115.0,0.39,0.0,0.15,0.5556685058593751,85,386
2026-04-18,US0090661010,ABNB,2026-05-01,put,116.0,0.31,0.0,0.95,0.6704134521484376,12,17
2026-04-18,US0090661010,ABNB,2026-05-01,put,117.0,0.28,0.0,1.15,0.676761044921875,1,8
2026-04-18,US0090661010,ABNB,2026-05-01,put,118.0,0.37,0.0,0.75,0.5927775097656252,1,16
2026-04-18,US0090661010,ABNB,2026-05-01,put,119.0,0.36,0.0,0.75,0.570316796875,2,37
2026-04-18,US0090661010,ABNB,2026-05-01,put,120.0,0.2,0.1,0.51,0.524418818359375,13,128
2026-04-18,US0090661010,ABNB,2026-05-01,put,121.0,0.39,0.05,0.67,0.5214891601562499,2,15
2026-04-18,US0090661010,ABNB,2026-05-01,put,122.0,0.55,0.02,0.76,0.508793974609375,1,13
2026-04-18,US0090661010,ABNB,2026-05-01,put,123.0,0.59,0.0,2.38,0.65820654296875,32,13
2026-04-18,US0090661010,ABNB,2026-05-01,put,124.0,0.3,0.01,0.69,0.5366257275390626,1,11
2026-04-18,US0090661010,ABNB,2026-05-01,put,125.0,0.65,0.11,0.81,0.5363815893554689,31,62
2026-04-18,US0090661010,ABNB,2026-05-01,put,126.0,0.55,0.4,0.72,0.49414568359375005,6,19
2026-04-18,US0090661010,ABNB,2026-05-01,put,127.0,0.45,0.24,0.75,0.47510290527343746,7,43
2026-04-18,US0090661010,ABNB,2026-05-01,put,128.0,0.63,0.5,0.76,0.45215391601562505,47,32
2026-04-18,US0090661010,ABNB,2026-05-01,put,129.0,0.61,0.53,0.86,0.44434149414062496,52,19
2026-04-18,US0090661010,ABNB,2026-05-01,put,130.0,0.74,0.58,0.98,0.437505625,9,26
2026-04-18,US0090661010,ABNB,2026-05-01,put,131.0,0.88,0.76,0.91,0.40039662109375,4,28
2026-04-18,US0090661010,ABNB,2026-05-01,put,132.0,0.95,0.8,1.06,0.39551385742187506,16,12
2026-04-18,US0090661010,ABNB,2026-05-08,call,113.0,15.22,28.7,31.3,0.8029804858398437,5,5
2026-04-18,US0090661010,ABNB,2026-05-08,call,114.0,14.57,27.6,30.35,0.7756370092773439,6,8
2026-04-18,US0090661010,ABNB,2026-05-08,call,115.0,14.41,26.9,29.4,0.7797873583984375,1,19
2026-04-18,US0090661010,ABNB,2026-05-08,call,116.0,13.61,25.85,28.45,0.7563500927734376,1,19
2026-04-18,US0090661010,ABNB,2026-05-08,call,117.0,17.59,24.45,27.6,0.7143583251953125,1,22
2026-04-18,US0090661010,ABNB,2026-05-08,call,118.0,16.99,23.85,26.6,0.7202176416015625,1,22
2026-04-18,US0090661010,ABNB,2026-05-08,call,120.0,10.82,22.5,24.75,0.7253445434570311,8,6
2026-04-18,US0090661010,ABNB,2026-05-08,call,123.0,9.65,19.4,21.5,0.63086306640625,1,1
2026-04-18,US0090661010,ABNB,2026-05-08,call,124.0,9.05,18.6,20.25,0.603763728027344,2,2
2026-04-18,US0090661010,ABNB,2026-05-08,call,125.0,19.66,18.0,20.35,0.6634555139160159,3,2
2026-04-18,US0090661010,ABNB,2026-05-08,call,126.0,7.2,16.85,19.5,0.637698935546875,2,1
2026-04-18,US0090661010,ABNB,2026-05-08,call,127.0,13.4,15.95,18.65,0.6245154736328126,1,8
2026-04-18,US0090661010,ABNB,2026-05-08,call,128.0,7.3,15.4,17.85,0.6301306518554688,2,12
2026-04-18,US0090661010,ABNB,2026-05-08,call,129.0,15.48,14.5,16.35,0.5839885351562499,7,184
2026-04-18,US0090661010,ABNB,2026-05-08,call,130.0,14.37,14.0,15.5,0.5875285388183593,5,13
2026-04-18,US0090661010,ABNB,2026-05-08,call,131.0,14.18,13.1,14.9,0.5825237060546875,1,3
2026-04-18,US0090661010,ABNB,2026-05-08,call,132.0,13.51,12.35,14.05,0.5717816259765626,1,9
2026-04-18,US0090661010,ABNB,2026-05-08,call,133.0,5.25,11.8,12.95,0.5577436804199221,5,8
2026-04-18,US0090661010,ABNB,2026-05-08,call,134.0,11.2,10.8,11.9,0.5261277856445312,6,17
2026-04-18,US0090661010,ABNB,2026-05-08,call,135.0,11.33,10.25,11.4,0.5349167602539062,4,27
2026-04-18,US0090661010,ABNB,2026-05-08,call,136.0,10.65,9.65,10.95,0.5416305603027345,2,24
2026-04-18,US0090661010,ABNB,2026-05-08,call,137.0,10.22,8.7,9.85,0.5073291455078125,3,36
2026-04-18,US0090661010,ABNB,2026-05-08,call,138.0,6.45,8.5,10.7,0.5758099060058592,2,73
2026-04-18,US0090661010,ABNB,2026-05-08,call,139.0,8.33,7.8,8.4,0.503056727294922,2,18
2026-04-18,US0090661010,ABNB,2026-05-08,call,140.0,7.7,7.15,7.95,0.501103621826172,98,208
2026-04-18,US0090661010,ABNB,2026-05-08,call,141.0,6.72,6.85,7.1,0.5048877636718749,1,13
2026-04-18,US0090661010,ABNB,2026-05-08,call,142.0,6.65,6.35,6.8,0.5013477600097658,10,19
2026-04-18,US0090661010,ABNB,2026-05-08,call,143.0,6.2,5.85,6.1,0.4997608618164063,5,11
2026-04-18,US0090661010,ABNB,2026-05-08,call,144.0,4.25,5.4,6.3,0.5131884619140624,16,22
2026-04-18,US0090661010,ABNB,2026-05-08,call,145.0,5.16,4.95,5.2,0.4952443054199219,60,77
2026-04-18,US0090661010,ABNB,2026-05-08,call,146.0,4.96,4.4,4.95,0.5053760400390624,1,24
2026-04-18,US0090661010,ABNB,2026-05-08,call,147.0,4.35,4.05,4.4,0.49133809448242194,7,160
2026-04-18,US0090661010,ABNB,2026-05-08,call,150.0,3.45,3.15,3.35,0.48438015625,85,40
2026-04-18,US0090661010,ABNB,2026-05-08,call,160.0,1.31,1.09,1.57,0.5148974291992188,13,13
2026-04-18,US0090661010,ABNB,2026-05-08,put,85.0,0.14,0.0,1.15,1.241703010253906,5,0
2026-04-18,US0090661010,ABNB,2026-05-08,put,90.0,0.57,0.05,0.95,1.091801416015625,10,10
2026-04-18,US0090661010,ABNB,2026-05-08,put,95.0,0.06,0.0,0.95,0.9702151416015624,1,11
2026-04-18,US0090661010,ABNB,2026-05-08,put,100.0,0.24,0.05,0.71,0.8271501660156249,2,321
2026-04-18,US0090661010,ABNB,2026-05-08,put,105.0,0.61,0.0,0.4,0.649417568359375,5,260
2026-04-18,US0090661010,ABNB,2026-05-08,put,110.0,0.35,0.23,0.48,0.6245154736328126,12,289
2026-04-18,US0090661010,ABNB,2026-05-08,put,112.0,0.56,0.12,0.8,0.6196327099609377,5,19
2026-04-18,US0090661010,ABNB,2026-05-08,put,113.0,0.48,0.29,0.74,0.6157264990234376,3,111
2026-04-18,US0090661010,ABNB,2026-05-08,put,114.0,0.57,0.2,1.15,0.6347692773437501,1,39
2026-04-18,US0090661010,ABNB,2026-05-08,put,115.0,0.5,0.46,0.7,0.5927775097656252,95,347
2026-04-18,US0090661010,ABNB,2026-05-08,put,116.0,0.88,0.15,1.09,0.5825237060546875,2,48
2026-04-18,US0090661010,ABNB,2026-05-08,put,117.0,1.01,0.24,1.3,0.5939982006835938,1,180
2026-04-18,US0090661010,ABNB,2026-05-08,put,118.0,0.98,0.44,1.09,0.5727581787109376,7,27
2026-04-18,US0090661010,ABNB,2026-05-08,put,119.0,0.72,0.63,1.1,0.5708050732421875,2,44
2026-04-18,US0090661010,ABNB,2026-05-08,put,120.0,1.05,0.6,1.27,0.5620160986328125,4,60
2026-04-18,US0090661010,ABNB,2026-05-08,put,121.0,2.04,0.88,2.02,0.6191444335937502,2,42
2026-04-18,US0090661010,ABNB,2026-05-08,put,122.0,2.17,0.98,1.79,0.5874064697265625,8,16
2026-04-18,US0090661010,ABNB,2026-05-08,put,123.0,1.47,0.97,2.06,0.5820354296875,9,343
2026-04-18,US0090661010,ABNB,2026-05-08,put,124.0,1.43,1.16,1.67,0.5461471166992189,2,19
2026-04-18,US0090661010,ABNB,2026-05-08,put,125.0,1.5,1.2,1.98,0.5454147021484376,14,63
2026-04-18,US0090661010,ABNB,2026-05-08,put,126.0,1.57,1.21,2.25,0.5388229711914063,6,26
2026-04-18,US0090661010,ABNB,2026-05-08,put,127.0,1.67,1.54,1.88,0.5127001855468749,30,33
2026-04-18,US0090661010,ABNB,2026-05-08,put,128.0,1.83,1.76,2.05,0.5105029418945313,31,17
2026-04-18,US0090661010,ABNB,2026-05-08,put,129.0,2.11,1.89,2.23,0.5024463818359376,11,13
2026-04-18,US0090661010,ABNB,2026-05-08,put,130.0,2.33,2.19,2.46,0.5041553491210937,28,25
2026-04-18,US0090661010,ABNB,2026-05-08,put,131.0,2.5,2.3,2.68,0.5119677709960937,106,50
2026-04-18,US0090661010,ABNB,2026-05-08,put,133.0,2.93,2.8,3.2,0.5040332800292968,78,7
2026-04-18,US0090661010,ABNB,2026-05-08,put,140.0,5.52,5.3,5.75,0.48242705078125003,288,1
2026-04-18,US0090661010,ABNB,2026-05-08,put,141.0,6.0,5.75,6.3,0.48633326171875,118,1
2026-04-18,US0090661010,ABNB,2026-05-15,call,65.0,67.2,75.6,78.5,1.5195336523437497,,1
2026-04-18,US0090661010,ABNB,2026-05-15,call,70.0,60.05,70.0,73.8,1.3066440917968747,,5
2026-04-18,US0090661010,ABNB,2026-05-15,call,85.0,47.6,55.7,58.4,1.0468797656250002,,1
2026-04-18,US0090661010,ABNB,2026-05-15,call,95.0,47.79,45.85,48.5,0.8872081591796874,2,1
2026-04-18,US0090661010,ABNB,2026-05-15,call,100.0,42.71,41.0,43.55,0.8168963623046874,4,190
2026-04-18,US0090661010,ABNB,2026-05-15,call,105.0,37.94,36.8,39.15,0.8559584716796875,3,6
2026-04-18,US0090661010,ABNB,2026-05-15,call,110.0,33.13,31.85,34.35,0.7709983837890625,2,19
2026-04-18,US0090661010,ABNB,2026-05-15,call,115.0,28.59,27.0,29.6,0.6948272705078126,5,31
2026-04-18,US0090661010,ABNB,2026-05-15,call,120.0,23.8,22.3,23.95,0.5710492114257812,4,63
2026-04-18,US0090661010,ABNB,2026-05-15,call,125.0,19.01,18.2,19.5,0.543949873046875,33,220
2026-04-18,US0090661010,ABNB,2026-05-15,call,130.0,15.5,14.25,15.35,0.5128222546386718,25,624
2026-04-18,US0090661010,ABNB,2026-05-15,call,135.0,11.53,11.15,11.95,0.5139208764648437,69,777
2026-04-18,US0090661010,ABNB,2026-05-15,call,140.0,8.4,8.1,8.3,0.48242705078125003,129,2580
2026-04-18,US0090661010,ABNB,2026-05-15,call,145.0,5.93,5.65,5.8,0.46753462158203124,166,1572
2026-04-18,US0090661010,ABNB,2026-05-15,call,150.0,3.95,3.75,3.9,0.4577690942382813,257,1762
2026-04-18,US0090661010,ABNB,2026-05-15,call,155.0,2.46,2.39,2.54,0.45227598510742195,69,1790
2026-04-18,US0090661010,ABNB,2026-05-15,call,160.0,1.6,1.52,1.62,0.4506890869140625,427,590
2026-04-18,US0090661010,ABNB,2026-05-15,call,165.0,1.0,0.86,1.13,0.4655815161132813,8,232
2026-04-18,US0090661010,ABNB,2026-05-15,call,170.0,0.7,0.52,0.65,0.4572808178710938,284,175
2026-04-18,US0090661010,ABNB,2026-05-15,call,175.0,0.35,0.11,0.47,0.47559118164062497,4,187
2026-04-18,US0090661010,ABNB,2026-05-15,call,180.0,0.09,0.04,0.34,0.49219257812500006,20,193
2026-04-18,US0090661010,ABNB,2026-05-15,call,190.0,0.07,0.0,0.22,0.5376022802734376,1,7
2026-04-18,US0090661010,ABNB,2026-05-15,put,75.0,0.13,,1.99,1.7089858300781249,,3
2026-04-18,US0090661010,ABNB,2026-05-15,put,80.0,0.25,0.0,1.77,1.2919957275390623,1,13
2026-04-18,US0090661010,ABNB,2026-05-15,put,85.0,0.16,0.0,0.16,0.789064609375,100,275
2026-04-18,US0090661010,ABNB,2026-05-15,put,90.0,0.7,0.0,0.23,0.74414318359375,3,47
2026-04-18,US0090661010,ABNB,2026-05-15,put,95.0,0.12,0.0,0.19,0.648441015625,10,655
2026-04-18,US0090661010,ABNB,2026-05-15,put,100.0,0.17,0.15,0.2,0.6269568554687501,8,655
2026-04-18,US0090661010,ABNB,2026-05-15,put,105.0,0.23,0.17,0.31,0.5800823242187501,2,602
2026-04-18,US0090661010,ABNB,2026-05-15,put,110.0,0.44,0.39,0.5,0.5664105859375,39,1495
2026-04-18,US0090661010,ABNB,2026-05-15,put,115.0,0.74,0.64,0.9,0.5498091894531252,35,963
2026-04-18,US0090661010,ABNB,2026-05-15,put,120.0,1.17,0.99,1.36,0.5205126074218749,19,1271
2026-04-18,US0090661010,ABNB,2026-05-15,put,125.0,1.82,1.8,1.86,0.5004932763671875,31,1282
2026-04-18,US0090661010,ABNB,2026-05-15,put,130.0,2.88,2.67,2.88,0.48291532714843755,85,1668
2026-04-18,US0090661010,ABNB,2026-05-15,put,135.0,4.15,4.05,4.4,0.4721732470703125,40,865
2026-04-18,US0090661010,ABNB,2026-05-15,put,140.0,6.1,5.95,6.4,0.4598442687988281,104,348
2026-04-18,US0090661010,ABNB,2026-05-15,put,145.0,8.58,8.4,9.1,0.4580132324218751,15,140
2026-04-18,US0090661010,ABNB,2026-05-15,put,150.0,11.78,11.45,12.2,0.44751529052734373,28,104
2026-04-18,US0090661010,ABNB,2026-05-15,put,155.0,15.5,14.95,16.05,0.45715874877929696,2,1
2026-04-18,US0090661010,ABNB,2026-05-15,put,160.0,33.89,18.45,20.1,0.45386288330078123,,2
2026-04-18,US0090661010,ABNB,2026-05-22,call,118.0,13.65,24.6,27.05,0.6198768481445314,1,1
2026-04-18,US0090661010,ABNB,2026-05-22,call,125.0,19.87,18.5,20.85,0.5544478149414063,1,2
2026-04-18,US0090661010,ABNB,2026-05-22,call,127.0,18.58,17.05,18.9,0.5354050366210938,2,25
2026-04-18,US0090661010,ABNB,2026-05-22,call,128.0,17.73,16.15,18.25,0.5306443420410156,1,26
2026-04-18,US0090661010,ABNB,2026-05-22,call,129.0,16.68,15.75,17.65,0.5441940112304688,4,3
2026-04-18,US0090661010,ABNB,2026-05-22,call,130.0,15.81,14.85,16.75,0.5285691674804689,4,11
2026-04-18,US0090661010,ABNB,2026-05-22,call,131.0,15.17,14.05,15.6,0.5075732836914062,1,22
2026-04-18,US0090661010,ABNB,2026-05-22,call,132.0,14.13,13.6,14.85,0.5109912182617188,1,24
2026-04-18,US0090661010,ABNB,2026-05-22,call,133.0,9.87,12.7,14.75,0.5194139855957032,1,15
2026-04-18,US0090661010,ABNB,2026-05-22,call,134.0,10.87,11.85,13.4,0.537236072998047,1,16
2026-04-18,US0090661010,ABNB,2026-05-22,call,135.0,12.72,11.5,12.9,0.5427291821289064,4,19
2026-04-18,US0090661010,ABNB,2026-05-22,call,136.0,4.75,10.8,12.4,0.5468795312500001,17,6
2026-04-18,US0090661010,ABNB,2026-05-22,call,138.0,7.89,9.65,10.65,0.507817421875,16,9
2026-04-18,US0090661010,ABNB,2026-05-22,call,139.0,7.53,9.2,10.5,0.5296677893066408,2,3
2026-04-18,US0090661010,ABNB,2026-05-22,call,140.0,9.4,8.5,9.4,0.495122236328125,6,24
2026-04-18,US0090661010,ABNB,2026-05-22,call,145.0,4.95,6.0,7.25,0.5015918981933594,2,123
2026-04-18,US0090661010,ABNB,2026-05-22,call,150.0,4.82,4.25,5.15,0.4854787780761719,28,131
2026-04-18,US0090661010,ABNB,2026-05-22,call,155.0,3.0,2.77,3.25,0.45361874511718747,11,76
2026-04-18,US0090661010,ABNB,2026-05-22,put,95.0,0.84,0.0,0.58,0.6870148486328126,,250
2026-04-18,US0090661010,ABNB,2026-05-22,put,100.0,0.4,0.2,0.36,0.6064492480468751,24,319
2026-04-18,US0090661010,ABNB,2026-05-22,put,105.0,1.64,0.2,0.57,0.5659223095703125,2,352
2026-04-18,US0090661010,ABNB,2026-05-22,put,110.0,0.7,0.48,0.87,0.5551802294921876,4,53
2026-04-18,US0090661010,ABNB,2026-05-22,put,112.0,2.01,0.25,2.75,0.64648791015625,1,29
2026-04-18,US0090661010,ABNB,2026-05-22,put,113.0,1.42,0.33,1.59,0.5542036767578126,250,52
2026-04-18,US0090661010,ABNB,2026-05-22,put,114.0,1.09,0.65,1.49,0.5537154003906251,1,15
2026-04-18,US0090661010,ABNB,2026-05-22,put,115.0,1.44,0.71,1.29,0.5268602001953125,252,18
2026-04-18,US0090661010,ABNB,2026-05-22,put,120.0,1.5,1.15,1.69,0.5229539892578124,3,10
2026-04-18,US0090661010,ABNB,2026-05-22,put,122.0,3.32,0.9,2.16,0.5319871020507813,10,10
2026-04-18,US0090661010,ABNB,2026-05-22,put,123.0,3.58,0.49,3.55,0.500005,10,6
2026-04-18,US0090661010,ABNB,2026-05-22,put,124.0,2.66,1.41,2.64,0.5351608984375,1,1
2026-04-18,US0090661010,ABNB,2026-05-22,put,125.0,2.22,1.72,2.73,0.5227098510742187,3,3
2026-04-18,US0090661010,ABNB,2026-05-22,put,126.0,2.61,2.11,3.15,0.5356491748046875,3,1
2026-04-18,US0090661010,ABNB,2026-05-22,put,127.0,4.67,1.9,3.9,0.5708050732421875,2,6
2026-04-18,US0090661010,ABNB,2026-05-22,put,128.0,3.6,1.51,4.15,0.5666547241210937,1,1
2026-04-18,US0090661010,ABNB,2026-05-22,put,129.0,3.77,2.48,3.35,0.48730981445312505,1,1
2026-04-18,US0090661010,ABNB,2026-05-22,put,130.0,4.18,2.55,3.65,0.4870656762695313,1,6
2026-04-18,US0090661010,ABNB,2026-05-29,call,127.0,12.32,16.55,19.6,0.5959513061523438,1,0
2026-04-18,US0090661010,ABNB,2026-05-29,call,131.0,7.92,14.45,16.0,0.5344284838867188,,1
2026-04-18,US0090661010,ABNB,2026-05-29,call,132.0,9.0,13.95,15.2,0.5240526110839843,6,4
2026-04-18,US0090661010,ABNB,2026-05-29,call,145.0,6.89,6.6,7.3,0.46045461425781253,1,105
2026-04-18,US0090661010,ABNB,2026-05-29,call,147.0,5.9,5.65,6.75,0.4727835925292969,10,154
2026-04-18,US0090661010,ABNB,2026-05-29,call,150.0,5.17,4.6,5.45,0.4596001306152344,18,81
2026-04-18,US0090661010,ABNB,2026-05-29,put,119.0,1.85,1.27,2.41,0.5085498364257812,250,6
2026-04-18,US0090661010,ABNB,2026-05-29,put,120.0,2.17,1.37,2.51,0.5008594836425782,4,12
2026-04-18,US0090661010,ABNB,2026-05-29,put,128.0,3.9,2.46,3.5,0.47449255981445315,10,8
2026-04-18,US0090661010,ABNB,2026-05-29,put,129.0,4.12,2.7,3.5,0.45483943603515625,11,4
2026-04-18,US0090661010,ABNB,2026-05-29,put,130.0,3.24,2.97,3.9,0.46057668334960944,1,13
2026-04-18,US0090661010,ABNB,2026-06-18,call,60.0,60.05,77.15,79.25,1.0000000000000003e-05,2,12
2026-04-18,US0090661010,ABNB,2026-06-18,call,65.0,66.8,64.75,67.85,1.0000000000000003e-05,1,0
2026-04-18,US0090661010,ABNB,2026-06-18,call,70.0,68.69,59.95,63.0,1.0000000000000003e-05,1,2
2026-04-18,US0090661010,ABNB,2026-06-18,call,75.0,53.2,41.45,43.1,1.0000000000000003e-05,2,39
2026-04-18,US0090661010,ABNB,2026-06-18,call,80.0,38.85,0.0,0.0,1.0000000000000003e-05,2,0
2026-04-18,US0090661010,ABNB,2026-06-18,call,85.0,40.75,46.0,48.7,1.0000000000000003e-05,2,3
2026-04-18,US0090661010,ABNB,2026-06-18,call,90.0,53.0,51.25,54.0,0.7460962890625,1,80
2026-04-18,US0090661010,ABNB,2026-06-18,call,95.0,26.19,0.0,0.0,1.0000000000000003e-05,2,0
2026-04-18,US0090661010,ABNB,2026-06-18,call,100.0,43.8,41.3,44.75,0.6525913647460939,4,47
2026-04-18,US0090661010,ABNB,2026-06-18,call,105.0,31.65,0.0,0.0,1.0000000000000003e-05,9,0
2026-04-18,US0090661010,ABNB,2026-06-18,call,110.0,33.91,32.7,34.95,0.5841106042480468,6,101
2026-04-18,US0090661010,ABNB,2026-06-18,call,115.0,24.64,28.6,30.15,0.5511519494628907,6,175
2026-04-18,US0090661010,ABNB,2026-06-18,call,120.0,25.0,24.0,26.65,0.5356491748046875,7,673
2026-04-18,US0090661010,ABNB,2026-06-18,call,125.0,15.5,20.2,22.45,0.5103808728027344,17,554
2026-04-18,US0090661010,ABNB,2026-06-18,call,130.0,16.82,16.3,17.55,0.48511257080078124,9,898
2026-04-18,US0090661010,ABNB,2026-06-18,call,135.0,14.5,13.2,13.9,0.4534966760253906,24,670
2026-04-18,US0090661010,ABNB,2026-06-18,call,140.0,10.65,10.35,10.65,0.42627526855468756,113,1826
2026-04-18,US0090661010,ABNB,2026-06-18,call,145.0,8.14,7.9,8.15,0.4155331884765625,350,1885
2026-04-18,US0090661010,ABNB,2026-06-18,call,150.0,6.22,5.8,6.1,0.407232490234375,104,1467
2026-04-18,US0090661010,ABNB,2026-06-18,call,155.0,4.35,4.25,4.45,0.39990834472656256,46,1186
2026-04-18,US0090661010,ABNB,2026-06-18,call,160.0,3.1,3.0,3.2,0.39539178833007815,55,1010
2026-04-18,US0090661010,ABNB,2026-06-18,call,165.0,2.18,2.13,2.24,0.39063109375,31,1126
2026-04-18,US0090661010,ABNB,2026-06-18,call,170.0,1.56,1.47,1.71,0.3996642065429688,19,1068
2026-04-18,US0090661010,ABNB,2026-06-18,call,175.0,1.01,0.92,1.26,0.40418076293945315,2,659
2026-04-18,US0090661010,ABNB,2026-06-18,call,180.0,0.66,0.61,0.88,0.4035704174804688,22,744
2026-04-18,US0090661010,ABNB,2026-06-18,call,185.0,0.14,0.43,0.6,0.40210558837890625,2,232
2026-04-18,US0090661010,ABNB,2026-06-18,call,190.0,0.13,0.05,0.44,0.407232490234375,8,303
2026-04-18,US0090661010,ABNB,2026-06-18,call,195.0,0.13,0.0,0.55,0.45386288330078123,6,247
2026-04-18,US0090661010,ABNB,2026-06-18,call,200.0,0.11,0.0,0.94,0.5366257275390626,1,257
2026-04-18,US0090661010,ABNB,2026-06-18,call,210.0,0.25,0.0,0.0,0.2500075,4,0
2026-04-18,US0090661010,ABNB,2026-06-18,put,55.0,0.12,0.0,0.4,1.056645341796875,1,61
2026-04-18,US0090661010,ABNB,2026-06-18,put,60.0,0.03,0.01,0.15,0.85742330078125,1,17
2026-04-18,US0090661010,ABNB,2026-06-18,put,65.0,0.52,0.0,0.0,0.500005,100,0
2026-04-18,US0090661010,ABNB,2026-06-18,put,70.0,0.11,0.0,0.29,0.7695335546875001,1,0
2026-04-18,US0090661010,ABNB,2026-06-18,put,75.0,0.33,0.0,0.0,0.2500075,1,0
2026-04-18,US0090661010,ABNB,2026-06-18,put,80.0,0.11,0.1,0.23,0.648441015625,2,187
2026-04-18,US0090661010,ABNB,2026-06-18,put,85.0,0.2,0.01,0.32,0.585941640625,1,1324
2026-04-18,US0090661010,ABNB,2026-06-18,put,90.0,0.66,0.08,0.53,0.5810588769531251,2,380
2026-04-18,US0090661010,ABNB,2026-06-18,put,95.0,0.37,0.32,0.55,0.5551802294921876,1,1993
2026-04-18,US0090661010,ABNB,2026-06-18,put,100.0,0.5,0.4,0.88,0.5346726220703125,29,2614
2026-04-18,US0090661010,ABNB,2026-06-18,put,105.0,0.81,0.43,0.79,0.4953663745117188,1,1444
2026-04-18,US0090661010,ABNB,2026-06-18,put,110.0,1.07,0.84,1.33,0.49597671997070314,61,1846
2026-04-18,US0090661010,ABNB,2026-06-18,put,115.0,1.57,1.5,1.7,0.4626518579101563,111,1427
2026-04-18,US0090661010,ABNB,2026-06-18,put,120.0,2.25,2.1,2.42,0.4470270141601562,53,1493
2026-04-18,US0090661010,ABNB,2026-06-18,put,125.0,3.2,3.1,3.3,0.4270076831054688,4,2311
2026-04-18,US0090661010,ABNB,2026-06-18,put,130.0,4.13,4.3,4.5,0.4100400793457031,8,1020
2026-04-18,US0090661010,ABNB,2026-06-18,put,135.0,6.0,5.95,6.15,0.3986266192626954,32,1144
2026-04-18,US0090661010,ABNB,2026-06-18,put,140.0,7.92,7.95,8.2,0.38733522827148437,148,454
2026-04-18,US0090661010,ABNB,2026-06-18,put,145.0,10.4,10.3,10.7,0.37695935546875,40,505
2026-04-18,US0090661010,ABNB,2026-06-18,put,150.0,12.95,13.3,13.65,0.3670717590332031,99,527
2026-04-18,US0090661010,ABNB,2026-06-18,put,155.0,39.15,0.0,0.0,1.0000000000000003e-05,3,0
2026-04-18,US0090661010,ABNB,2026-06-18,put,160.0,20.36,20.05,21.1,0.36524072265625,2,29
2026-04-18,US0090661010,ABNB,2026-06-18,put,165.0,45.4,39.3,42.8,1.113590857849121,2,2
2026-04-18,US0090661010,ABNB,2026-06-18,put,170.0,47.45,50.9,54.2,1.4536160131835936,2,2
2026-04-18,US0090661010,ABNB,2026-06-18,put,175.0,54.85,53.35,55.8,1.3824493768310544,7,7
2026-04-18,US0090661010,ABNB,2026-06-18,put,200.0,71.0,77.4,79.45,1.575075366821289,1,0
2026-04-18,US0090661010,ABNB,2026-07-17,call,60.0,53.87,77.3,81.05,1.0000000000000003e-05,,1
2026-04-18,US0090661010,ABNB,2026-07-17,call,70.0,61.09,71.2,74.4,0.9248054394531251,1,10
2026-04-18,US0090661010,ABNB,2026-07-17,call,75.0,57.5,58.5,61.4,1.0000000000000003e-05,1,3
2026-04-18,US0090661010,ABNB,2026-07-17,call,80.0,49.4,61.1,64.15,0.747072841796875,2,3
2026-04-18,US0090661010,ABNB,2026-07-17,call,90.0,54.31,52.2,54.55,0.70312796875,1,3
2026-04-18,US0090661010,ABNB,2026-07-17,call,95.0,37.22,47.3,50.1,0.6660189648437502,2,13
2026-04-18,US0090661010,ABNB,2026-07-17,call,100.0,34.73,0.0,0.0,1.0000000000000003e-05,1,0
2026-04-18,US0090661010,ABNB,2026-07-17,call,105.0,26.25,38.05,40.75,0.5867961242675781,1,17
2026-04-18,US0090661010,ABNB,2026-07-17,call,110.0,34.95,33.5,36.2,0.5493209130859377,1,34
2026-04-18,US0090661010,ABNB,2026-07-17,call,115.0,26.29,29.55,31.95,0.5327805511474608,8,27
2026-04-18,US0090661010,ABNB,2026-07-17,call,120.0,23.15,25.05,26.6,0.5053150054931641,5,159
2026-04-18,US0090661010,ABNB,2026-07-17,call,125.0,22.76,21.05,23.8,0.5293015820312501,2,81
2026-04-18,US0090661010,ABNB,2026-07-17,call,130.0,19.2,17.6,19.85,0.4926198199462891,11,294
2026-04-18,US0090661010,ABNB,2026-07-17,call,135.0,15.29,14.65,16.0,0.4530694342041016,1,302
2026-04-18,US0090661010,ABNB,2026-07-17,call,140.0,12.1,11.95,12.35,0.4128476684570312,56,499
2026-04-18,US0090661010,ABNB,2026-07-17,call,145.0,9.62,9.1,9.8,0.40155627746582034,29,128
2026-04-18,US0090661010,ABNB,2026-07-17,call,150.0,7.58,7.35,7.65,0.39258419921875,79,396
2026-04-18,US0090661010,ABNB,2026-07-17,call,155.0,6.25,5.55,5.95,0.38812867736816403,7,208
2026-04-18,US0090661010,ABNB,2026-07-17,call,160.0,4.4,4.2,4.5,0.38172005004882803,22,219
2026-04-18,US0090661010,ABNB,2026-07-17,call,165.0,3.35,3.15,3.5,0.383245913696289,11,116
2026-04-18,US0090661010,ABNB,2026-07-17,call,170.0,0.9,2.3,2.57,0.37781383911132804,3,69
2026-04-18,US0090661010,ABNB,2026-07-17,call,175.0,1.91,1.67,2.15,0.39050902465820314,2,22
2026-04-18,US0090661010,ABNB,2026-07-17,call,180.0,1.37,1.15,1.6,0.3885559191894531,1,23
2026-04-18,US0090661010,ABNB,2026-07-17,call,185.0,0.9,0.83,1.15,0.3845276391601562,1,29
2026-04-18,US0090661010,ABNB,2026-07-17,call,190.0,1.0,0.0,1.41,0.4331111376953125,1,3
2026-04-18,US0090661010,ABNB,2026-07-17,call,195.0,0.11,0.44,0.75,0.3986876538085938,9,10
2026-04-18,US0090661010,ABNB,2026-07-17,call,200.0,0.31,0.3,0.62,0.4067442138671875,2,13
2026-04-18,US0090661010,ABNB,2026-07-17,put,60.0,0.18,0.07,0.63,0.8676771044921875,10,30
2026-04-18,US0090661010,ABNB,2026-07-17,put,65.0,0.57,0.06,0.63,0.7919942675781251,10,10
2026-04-18,US0090661010,ABNB,2026-07-17,put,70.0,0.11,0.0,0.27,0.629886513671875,2,28
2026-04-18,US0090661010,ABNB,2026-07-17,put,75.0,0.16,0.02,0.31,0.5888712988281251,2,9
2026-04-18,US0090661010,ABNB,2026-07-17,put,80.0,0.22,0.0,0.36,0.5419967675781252,1,26
2026-04-18,US0090661010,ABNB,2026-07-17,put,85.0,0.41,0.15,0.46,0.532231240234375,2,168
2026-04-18,US0090661010,ABNB,2026-07-17,put,90.0,0.51,0.27,0.69,0.5205126074218749,1,273
2026-04-18,US0090661010,ABNB,2026-07-17,put,95.0,0.8,0.3,0.8,0.5190477783203125,4,190
2026-04-18,US0090661010,ABNB,2026-07-17,put,100.0,0.81,0.67,1.01,0.48950705810546885,1,130
2026-04-18,US0090661010,ABNB,2026-07-17,put,105.0,1.12,0.98,1.43,0.4753470434570312,5,104
2026-04-18,US0090661010,ABNB,2026-07-17,put,110.0,1.62,1.24,2.0,0.46252978881835943,1,502
2026-04-18,US0090661010,ABNB,2026-07-17,put,115.0,2.72,1.8,2.43,0.43079182495117196,13,89
2026-04-18,US0090661010,ABNB,2026-07-17,put,120.0,2.91,2.94,3.15,0.40955180297851557,31,226
2026-04-18,US0090661010,ABNB,2026-07-17,put,125.0,4.02,4.0,4.2,0.395086615600586,11,153
2026-04-18,US0090661010,ABNB,2026-07-17,put,130.0,6.3,5.3,5.65,0.38623660644531244,2,100
2026-04-18,US0090661010,ABNB,2026-07-17,put,135.0,7.75,6.95,7.3,0.37256486816406253,5,111
2026-04-18,US0090661010,ABNB,2026-07-17,put,140.0,9.1,9.0,9.45,0.3645083081054688,49,43
2026-04-18,US0090661010,ABNB,2026-07-17,put,145.0,11.75,11.4,11.85,0.351996226196289,27,53
2026-04-18,US0090661010,ABNB,2026-09-18,call,60.0,74.25,73.55,77.7,1.0000000000000003e-05,1,3
2026-04-18,US0090661010,ABNB,2026-09-18,call,70.0,57.97,57.2,60.45,1.0000000000000003e-05,1,6
2026-04-18,US0090661010,ABNB,2026-09-18,call,75.0,47.4,63.7,66.4,1.0000000000000003e-05,2,1
2026-04-18,US0090661010,ABNB,2026-09-18,call,80.0,49.38,63.2,65.55,0.7348659326171875,5,21
2026-04-18,US0090661010,ABNB,2026-09-18,call,85.0,36.99,0.0,0.0,1.0000000000000003e-05,2,0
2026-04-18,US0090661010,ABNB,2026-09-18,call,90.0,42.1,53.35,56.2,0.63867548828125,1,45
2026-04-18,US0090661010,ABNB,2026-09-18,call,95.0,36.43,48.9,51.7,0.6107216662597659,5,27
2026-04-18,US0090661010,ABNB,2026-09-18,call,100.0,30.35,44.65,47.15,0.5837443969726561,1,49
2026-04-18,US0090661010,ABNB,2026-09-18,call,105.0,34.1,0.0,0.0,1.0000000000000003e-05,1,0
2026-04-18,US0090661010,ABNB,2026-09-18,call,110.0,37.18,36.05,38.65,0.5316208947753907,2,0
2026-04-18,US0090661010,ABNB,2026-09-18,call,115.0,33.6,32.15,34.55,0.5109912182617188,1,55
2026-04-18,US0090661010,ABNB,2026-09-18,call,120.0,29.82,28.15,30.85,0.5369919348144532,2,130
2026-04-18,US0090661010,ABNB,2026-09-18,call,125.0,26.09,24.9,26.55,0.4951832708740235,1,542
2026-04-18,US0090661010,ABNB,2026-09-18,call,130.0,21.9,21.75,22.5,0.45856254333496105,6,549
2026-04-18,US0090661010,ABNB,2026-09-18,call,135.0,19.45,18.4,20.2,0.46845013977050787,2,481
2026-04-18,US0090661010,ABNB,2026-09-18,call,140.0,16.22,15.7,16.3,0.4265194067382813,15,658
2026-04-18,US0090661010,ABNB,2026-09-18,call,145.0,13.72,13.5,13.8,0.4177304321289062,11,387
2026-04-18,US0090661010,ABNB,2026-09-18,call,150.0,11.59,11.3,11.55,0.4091245611572265,50,1727
2026-04-18,US0090661010,ABNB,2026-09-18,call,155.0,9.58,9.35,9.7,0.40491317749023437,3,260
2026-04-18,US0090661010,ABNB,2026-09-18,call,160.0,7.9,7.55,8.05,0.399969379272461,24,1721
2026-04-18,US0090661010,ABNB,2026-09-18,call,165.0,6.6,6.35,6.7,0.39765006652832036,11,598
2026-04-18,US0090661010,ABNB,2026-09-18,call,170.0,5.35,5.2,5.55,0.39563592651367196,58,413
2026-04-18,US0090661010,ABNB,2026-09-18,call,175.0,4.4,4.3,4.55,0.39301144104003904,15,276
2026-04-18,US0090661010,ABNB,2026-09-18,call,180.0,3.6,3.5,3.7,0.390203851928711,8,266
2026-04-18,US0090661010,ABNB,2026-09-18,call,185.0,2.9,2.81,3.1,0.3922179919433594,1,429
2026-04-18,US0090661010,ABNB,2026-09-18,call,190.0,2.36,2.16,2.55,0.3920959228515625,7,122
2026-04-18,US0090661010,ABNB,2026-09-18,call,195.0,1.88,1.77,2.04,0.3892883337402344,2,23
2026-04-18,US0090661010,ABNB,2026-09-18,call,200.0,1.5,1.42,1.73,0.3929504064941406,2,140
2026-04-18,US0090661010,ABNB,2026-09-18,call,210.0,0.98,0.92,1.07,0.3864807446289062,2,40
2026-04-18,US0090661010,ABNB,2026-09-18,put,60.0,0.02,0.0,0.28,0.5839885351562499,5,136
2026-04-18,US0090661010,ABNB,2026-09-18,put,65.0,0.21,0.1,0.39,0.577152666015625,1,46
2026-04-18,US0090661010,ABNB,2026-09-18,put,70.0,0.39,0.2,0.47,0.5537154003906251,2,21
2026-04-18,US0090661010,ABNB,2026-09-18,put,75.0,0.5,0.41,0.59,0.5407760766601564,2,95
2026-04-18,US0090661010,ABNB,2026-09-18,put,80.0,0.58,0.58,0.71,0.516606396484375,5,61
2026-04-18,US0090661010,ABNB,2026-09-18,put,85.0,1.02,0.68,1.13,0.5031787963867188,58,357
2026-04-18,US0090661010,ABNB,2026-09-18,put,90.0,1.3,0.68,1.52,0.5153857055664062,2,1352
2026-04-18,US0090661010,ABNB,2026-09-18,put,95.0,1.76,1.22,1.54,0.4670463452148438,2,100
2026-04-18,US0090661010,ABNB,2026-09-18,put,100.0,1.9,1.84,2.11,0.4585015087890626,2,1317
2026-04-18,US0090661010,ABNB,2026-09-18,put,105.0,2.5,2.34,2.51,0.4325007922363281,29,536
2026-04-18,US0090661010,ABNB,2026-09-18,put,110.0,3.2,3.15,3.25,0.4200497448730469,38,645
2026-04-18,US0090661010,ABNB,2026-09-18,put,115.0,6.6,3.8,4.5,0.42200285034179685,24,831
2026-04-18,US0090661010,ABNB,2026-09-18,put,120.0,5.19,5.1,5.4,0.40143420837402344,23,889
2026-04-18,US0090661010,ABNB,2026-09-18,put,125.0,6.25,6.45,6.85,0.3939269592285156,1,321
2026-04-18,US0090661010,ABNB,2026-09-18,put,130.0,8.2,8.05,8.4,0.38184211914062494,4,480
2026-04-18,US0090661010,ABNB,2026-09-18,put,135.0,10.2,9.9,10.35,0.3742128009033203,11,230
2026-04-18,US0090661010,ABNB,2026-09-18,put,140.0,12.25,12.0,12.4,0.3617007189941406,2,223
2026-04-18,US0090661010,ABNB,2026-09-18,put,145.0,24.94,14.25,15.1,0.35925933715820313,1,71
2026-04-18,US0090661010,ABNB,2026-09-18,put,150.0,17.27,17.15,17.85,0.35028725891113277,14,208
2026-04-18,US0090661010,ABNB,2026-09-18,put,155.0,27.8,0.0,0.0,1.0000000000000003e-05,1,0
2026-04-18,US0090661010,ABNB,2026-09-18,put,160.0,30.95,0.0,0.0,1.0000000000000003e-05,1,0
2026-04-18,US0090661010,ABNB,2026-09-18,put,165.0,33.07,26.3,28.05,0.3319158605957031,2,1
2026-04-18,US0090661010,ABNB,2026-09-18,put,170.0,38.6,0.0,0.0,1.0000000000000003e-05,1,0
2026-04-18,US0090661010,ABNB,2026-09-18,put,175.0,38.2,51.7,52.35,0.8072834213256835,1,6
2026-04-18,US0090661010,ABNB,2026-09-18,put,180.0,51.27,38.1,40.4,0.3165961895751953,1,1
2026-04-18,US0090661010,ABNB,2026-09-18,put,185.0,60.8,42.55,44.95,0.31677929321289056,1,1
2026-04-18,US0090661010,ABNB,2026-10-16,call,70.0,65.35,71.7,75.65,0.743166630859375,1,0
2026-04-18,US0090661010,ABNB,2026-10-16,call,105.0,42.38,41.1,43.8,0.5481612567138674,1,1
2026-04-18,US0090661010,ABNB,2026-10-16,call,120.0,24.45,29.35,31.85,0.5246629565429688,1,0
2026-04-18,US0090661010,ABNB,2026-10-16,call,125.0,17.3,25.95,28.25,0.5047046600341796,9,191
2026-04-18,US0090661010,ABNB,2026-10-16,call,130.0,15.5,22.45,25.05,0.49182637084960945,11,44
2026-04-18,US0090661010,ABNB,2026-10-16,call,135.0,18.35,19.95,21.85,0.4743094561767578,1,19
2026-04-18,US0090661010,ABNB,2026-10-16,call,140.0,15.15,17.15,17.75,0.4293269958496094,1,6
2026-04-18,US0090661010,ABNB,2026-10-16,call,145.0,15.14,14.55,15.2,0.4194393994140625,4,110
2026-04-18,US0090661010,ABNB,2026-10-16,call,150.0,10.2,12.3,12.95,0.41153542572021484,1,715
2026-04-18,US0090661010,ABNB,2026-10-16,call,155.0,10.92,10.35,11.0,0.40570662658691403,2,21
2026-04-18,US0090661010,ABNB,2026-10-16,call,160.0,9.24,8.8,9.3,0.4008848974609375,7,15
2026-04-18,US0090661010,ABNB,2026-10-16,call,165.0,7.87,7.3,7.8,0.39609368560791025,6,94
2026-04-18,US0090661010,ABNB,2026-10-16,call,170.0,6.14,6.05,6.6,0.39453730468750003,1,35
2026-04-18,US0090661010,ABNB,2026-10-16,call,175.0,5.38,4.95,5.45,0.3897155755615235,1,40
2026-04-18,US0090661010,ABNB,2026-10-16,call,180.0,2.82,4.05,4.5,0.386175571899414,12,25
2026-04-18,US0090661010,ABNB,2026-10-16,call,185.0,1.87,3.1,3.95,0.392034888305664,1,2
2026-04-18,US0090661010,ABNB,2026-10-16,call,200.0,1.44,1.33,2.3,0.38977661010742193,1,2
2026-04-18,US0090661010,ABNB,2026-10-16,put,70.0,1.27,0.11,0.68,0.523442265625,2,7
2026-04-18,US0090661010,ABNB,2026-10-16,put,80.0,1.38,0.52,1.04,0.5246629565429688,11,26
2026-04-18,US0090661010,ABNB,2026-10-16,put,85.0,1.45,0.94,1.47,0.5178270874023438,10,40
2026-04-18,US0090661010,ABNB,2026-10-16,put,90.0,1.55,1.13,1.71,0.4887746435546876,1,65
2026-04-18,US0090661010,ABNB,2026-10-16,put,95.0,3.25,1.64,2.18,0.4730277307128906,1,1
2026-04-18,US0090661010,ABNB,2026-10-16,put,100.0,2.84,2.13,2.77,0.45898978515625005,5,26
2026-04-18,US0090661010,ABNB,2026-10-16,put,105.0,2.91,2.7,3.35,0.4391535577392578,1,22
2026-04-18,US0090661010,ABNB,2026-10-16,put,110.0,3.7,3.6,4.0,0.41834077758789057,3,9
2026-04-18,US0090661010,ABNB,2026-10-16,put,115.0,4.7,4.65,5.15,0.41211525390625,3,20
2026-04-18,US0090661010,ABNB,2026-10-16,put,120.0,5.9,5.85,6.25,0.39740592834472654,6,63
2026-04-18,US0090661010,ABNB,2026-10-16,put,125.0,7.35,7.3,7.65,0.3864197100830078,2,30
2026-04-18,US0090661010,ABNB,2026-10-16,put,130.0,9.05,8.85,9.35,0.3777528045654296,2,20
2026-04-18,US0090661010,ABNB,2026-10-16,put,135.0,11.0,10.8,11.25,0.3679262426757813,1,33
2026-04-18,US0090661010,ABNB,2026-10-16,put,140.0,13.95,12.5,13.4,0.35816071533203125,1,14
2026-04-18,US0090661010,ABNB,2026-10-16,put,145.0,25.2,14.85,15.9,0.35053139709472647,1,3
2026-04-18,US0090661010,ABNB,2026-10-16,put,150.0,26.1,17.55,18.65,0.3424748370361328,,2
2026-04-18,US0090661010,ABNB,2026-12-18,call,55.0,85.88,71.8,72.95,1.0000000000000003e-05,,1
2026-04-18,US0090661010,ABNB,2026-12-18,call,60.0,68.85,0.0,0.0,1.0000000000000003e-05,4,0
2026-04-18,US0090661010,ABNB,2026-12-18,call,65.0,59.45,52.3,55.15,1.0000000000000003e-05,3,21
2026-04-18,US0090661010,ABNB,2026-12-18,call,70.0,57.65,58.85,61.8,1.0000000000000003e-05,14,27
2026-04-18,US0090661010,ABNB,2026-12-18,call,75.0,69.35,69.4,71.0,0.6859162268066408,1,7
2026-04-18,US0090661010,ABNB,2026-12-18,call,80.0,44.42,0.0,0.0,1.0000000000000003e-05,7,0
2026-04-18,US0090661010,ABNB,2026-12-18,call,85.0,48.82,60.0,62.0,0.6167640863037109,4,31
2026-04-18,US0090661010,ABNB,2026-12-18,call,90.0,53.16,55.6,57.6,0.5908244042968751,1,63
2026-04-18,US0090661010,ABNB,2026-12-18,call,95.0,49.24,51.6,53.3,0.5730633514404297,2,18
2026-04-18,US0090661010,ABNB,2026-12-18,call,100.0,38.1,47.4,48.55,0.5407760766601564,3,393
2026-04-18,US0090661010,ABNB,2026-12-18,call,105.0,33.14,43.1,45.15,0.528447098388672,2,36
2026-04-18,US0090661010,ABNB,2026-12-18,call,110.0,40.0,39.7,40.8,0.5116015637207032,6,101
2026-04-18,US0090661010,ABNB,2026-12-18,call,115.0,30.85,36.05,37.6,0.5043384527587891,4,276
2026-04-18,US0090661010,ABNB,2026-12-18,call,120.0,27.06,32.5,34.1,0.5109912182617188,1,295
2026-04-18,US0090661010,ABNB,2026-12-18,call,125.0,29.42,29.25,30.6,0.4930470617675782,1,177
2026-04-18,US0090661010,ABNB,2026-12-18,call,130.0,23.07,25.75,27.75,0.4874929180908204,25,223
2026-04-18,US0090661010,ABNB,2026-12-18,call,135.0,23.65,23.15,24.1,0.4598442687988281,3,1315
2026-04-18,US0090661010,ABNB,2026-12-18,call,140.0,19.83,20.6,22.05,0.4649101361083985,2,309
2026-04-18,US0090661010,ABNB,2026-12-18,call,145.0,17.59,17.9,19.55,0.4559380578613281,1,315
2026-04-18,US0090661010,ABNB,2026-12-18,call,150.0,16.5,15.85,16.7,0.4357356231689453,113,835
2026-04-18,US0090661010,ABNB,2026-12-18,call,155.0,14.25,13.6,14.5,0.4259395785522462,3,170
2026-04-18,US0090661010,ABNB,2026-12-18,call,160.0,12.46,11.85,13.3,0.43420975952148444,14,608
2026-04-18,US0090661010,ABNB,2026-12-18,call,165.0,10.94,10.3,11.15,0.41809663940429687,90,428
2026-04-18,US0090661010,ABNB,2026-12-18,call,170.0,9.02,8.45,9.9,0.41855439849853515,1,288
2026-04-18,US0090661010,ABNB,2026-12-18,call,175.0,8.07,7.55,8.6,0.41464818756103516,12,209
2026-04-18,US0090661010,ABNB,2026-12-18,call,180.0,6.91,6.45,7.05,0.4010069665527344,18,203
2026-04-18,US0090661010,ABNB,2026-12-18,call,185.0,5.5,5.5,6.05,0.3975890319824219,10,116
2026-04-18,US0090661010,ABNB,2026-12-18,call,190.0,5.0,4.65,5.2,0.395086615600586,1,217
2026-04-18,US0090661010,ABNB,2026-12-18,call,195.0,2.31,4.0,4.75,0.40161731201171874,18,70
2026-04-18,US0090661010,ABNB,2026-12-18,call,200.0,2.7,2.97,4.0,0.3967345483398438,30,647
2026-04-18,US0090661010,ABNB,2026-12-18,call,210.0,2.68,2.45,2.88,0.3909973010253906,20,895
2026-04-18,US0090661010,ABNB,2026-12-18,call,220.0,1.25,1.47,2.28,0.39624627197265627,1,204
2026-04-18,US0090661010,ABNB,2026-12-18,call,230.0,1.1,0.8,1.8,0.40039662109375,2,370
2026-04-18,US0090661010,ABNB,2026-12-18,call,240.0,0.92,0.73,1.21,0.39087523193359375,3,197
2026-04-18,US0090661010,ABNB,2026-12-18,call,250.0,0.73,0.64,0.82,0.3839172937011719,1,426
2026-04-18,US0090661010,ABNB,2026-12-18,put,55.0,0.64,0.0,0.0,0.2500075,1,0
2026-04-18,US0090661010,ABNB,2026-12-18,put,60.0,0.56,0.12,0.64,0.5358933129882812,2,503
2026-04-18,US0090661010,ABNB,2026-12-18,put,65.0,0.8,0.46,0.83,0.5378464184570313,2,229
2026-04-18,US0090661010,ABNB,2026-12-18,put,70.0,0.89,0.71,1.11,0.5268602001953125,2,370
2026-04-18,US0090661010,ABNB,2026-12-18,put,75.0,1.12,0.89,1.37,0.5046436254882812,2,133
2026-04-18,US0090661010,ABNB,2026-12-18,put,80.0,1.41,1.27,1.6,0.5001270690917969,2,593
2026-04-18,US0090661010,ABNB,2026-12-18,put,85.0,1.8,1.64,1.9,0.4766898034667969,16,978
2026-04-18,US0090661010,ABNB,2026-12-18,put,90.0,2.23,1.97,2.4,0.46289599609375004,2,609
2026-04-18,US0090661010,ABNB,2026-12-18,put,95.0,4.52,2.46,3.05,0.45203184692382814,10,792
2026-04-18,US0090661010,ABNB,2026-12-18,put,100.0,3.6,3.4,3.7,0.4364070031738281,3,1758
2026-04-18,US0090661010,ABNB,2026-12-18,put,105.0,4.32,4.15,4.65,0.4283504431152344,1,620
2026-04-18,US0090661010,ABNB,2026-12-18,put,110.0,6.05,4.95,5.7,0.418401812133789,43,3828
2026-04-18,US0090661010,ABNB,2026-12-18,put,115.0,7.5,6.1,7.2,0.4170590521240234,5,558
2026-04-18,US0090661010,ABNB,2026-12-18,put,120.0,9.05,7.5,8.95,0.4165097412109374,11,733
2026-04-18,US0090661010,ABNB,2026-12-18,put,125.0,10.75,8.95,10.25,0.3990233438110352,5,592
2026-04-18,US0090661010,ABNB,2026-12-18,put,130.0,16.2,11.1,12.65,0.4039976593017578,2,427
2026-04-18,US0090661010,ABNB,2026-12-18,put,135.0,14.75,13.15,14.7,0.39539178833007815,11,1348
2026-04-18,US0090661010,ABNB,2026-12-18,put,140.0,19.0,15.25,16.8,0.3834290173339844,7,470
2026-04-18,US0090661010,ABNB,2026-12-18,put,145.0,26.76,17.05,19.3,0.3757691818237304,14,51
2026-04-18,US0090661010,ABNB,2026-12-18,put,150.0,21.0,20.45,21.45,0.35596347167968745,1,39
2026-04-18,US0090661010,ABNB,2026-12-18,put,155.0,31.22,23.05,24.3,0.34656415161132803,1,18
2026-04-18,US0090661010,ABNB,2026-12-18,put,160.0,41.75,36.3,39.1,0.5637861004638673,1,37
2026-04-18,US0090661010,ABNB,2026-12-18,put,165.0,48.27,50.65,52.45,0.7875997802734375,1,10
2026-04-18,US0090661010,ABNB,2026-12-18,put,170.0,54.85,0.0,0.0,1.0000000000000003e-05,2,0
2026-04-18,US0090661010,ABNB,2026-12-18,put,175.0,53.54,36.25,38.25,0.31873239868164055,1,9
2026-04-18,US0090661010,ABNB,2026-12-18,put,180.0,46.8,49.5,53.0,0.5382736602783205,14,31
2026-04-18,US0090661010,ABNB,2026-12-18,put,185.0,51.8,0.0,0.0,1.0000000000000003e-05,3,0
2026-04-18,US0090661010,ABNB,2026-12-18,put,190.0,65.56,58.5,62.0,0.5629621340942383,2,3
2026-04-18,US0090661010,ABNB,2026-12-18,put,195.0,78.85,0.0,0.0,1.0000000000000003e-05,,0
2026-04-18,US0090661010,ABNB,2026-12-18,put,200.0,63.62,68.0,71.65,0.5959513061523438,4,5
2026-04-18,US0090661010,ABNB,2026-12-18,put,220.0,99.47,91.5,96.5,0.7716087292480469,4,15
2026-04-18,US0090661010,ABNB,2026-12-18,put,240.0,112.37,96.35,99.8,0.4007628283691406,1,0
2026-04-18,US0090661010,ABNB,2026-12-18,put,250.0,122.35,107.25,109.6,0.4102842175292969,1,8
2026-04-18,US0090661010,ABNB,2027-01-15,call,55.0,64.45,0.0,0.0,1.0000000000000003e-05,4,0
2026-04-18,US0090661010,ABNB,2027-01-15,call,60.0,78.0,0.0,0.0,1.0000000000000003e-05,2,0
2026-04-18,US0090661010,ABNB,2027-01-15,call,65.0,77.0,78.6,81.25,0.7500025,5,22
2026-04-18,US0090661010,ABNB,2027-01-15,call,70.0,62.66,73.85,76.65,0.7095976306152343,1,27
2026-04-18,US0090661010,ABNB,2027-01-15,call,75.0,58.55,58.05,61.25,1.0000000000000003e-05,2,26
2026-04-18,US0090661010,ABNB,2027-01-15,call,80.0,62.5,0.0,0.0,1.0000000000000003e-05,1,0
2026-04-18,US0090661010,ABNB,2027-01-15,call,85.0,54.0,0.0,0.0,1.0000000000000003e-05,1,0
2026-04-18,US0090661010,ABNB,2027-01-15,call,90.0,49.05,56.45,58.8,0.6004678625488282,2,53
2026-04-18,US0090661010,ABNB,2027-01-15,call,95.0,44.66,51.95,54.6,0.5727581787109376,3,25
2026-04-18,US0090661010,ABNB,2027-01-15,call,100.0,36.5,48.2,50.5,0.5578657495117189,1,221
2026-04-18,US0090661010,ABNB,2027-01-15,call,105.0,38.45,0.0,0.0,1.0000000000000003e-05,3,0
2026-04-18,US0090661010,ABNB,2027-01-15,call,110.0,40.2,40.05,42.75,0.5170336383056642,2,105
2026-04-18,US0090661010,ABNB,2027-01-15,call,115.0,33.77,36.55,39.0,0.5026294854736328,1,154
2026-04-18,US0090661010,ABNB,2027-01-15,call,120.0,35.0,33.5,34.55,0.495122236328125,6,483
2026-04-18,US0090661010,ABNB,2027-01-15,call,125.0,31.35,30.15,32.0,0.49966930999755865,6,247
2026-04-18,US0090661010,ABNB,2027-01-15,call,130.0,27.16,27.15,28.3,0.4740653179931641,1,775
2026-04-18,US0090661010,ABNB,2027-01-15,call,135.0,25.3,24.0,26.05,0.4776053216552735,1,915
2026-04-18,US0090661010,ABNB,2027-01-15,call,140.0,22.05,21.65,22.45,0.4487970159912109,108,8425
2026-04-18,US0090661010,ABNB,2027-01-15,call,145.0,19.82,18.85,20.5,0.4515435705566406,4,1618
2026-04-18,US0090661010,ABNB,2027-01-15,call,150.0,17.12,16.95,17.65,0.4322566540527344,409,1118
2026-04-18,US0090661010,ABNB,2027-01-15,call,155.0,15.45,14.55,15.85,0.431219066772461,1,2246
2026-04-18,US0090661010,ABNB,2027-01-15,call,160.0,13.25,13.0,13.65,0.4186154330444336,30,1097
2026-04-18,US0090661010,ABNB,2027-01-15,call,165.0,11.75,11.2,12.05,0.4151364639282227,5,338
2026-04-18,US0090661010,ABNB,2027-01-15,call,170.0,10.06,9.75,10.3,0.4052183502197265,14,1513
2026-04-18,US0090661010,ABNB,2027-01-15,call,175.0,7.6,8.45,9.2,0.4063474893188477,5,497
2026-04-18,US0090661010,ABNB,2027-01-15,call,180.0,7.75,7.2,7.95,0.4012511047363281,8,918
2026-04-18,US0090661010,ABNB,2027-01-15,call,185.0,6.8,6.15,8.15,0.428014753112793,5,259
2026-04-18,US0090661010,ABNB,2027-01-15,call,190.0,5.25,5.4,6.1,0.3980773083496094,10,831
2026-04-18,US0090661010,ABNB,2027-01-15,call,195.0,5.0,4.5,5.1,0.3903259210205078,1,45
2026-04-18,US0090661010,ABNB,2027-01-15,call,200.0,4.2,3.8,4.55,0.39234006103515623,23,987
2026-04-18,US0090661010,ABNB,2027-01-15,call,210.0,3.13,2.69,3.45,0.3903259210205078,1,1326
2026-04-18,US0090661010,ABNB,2027-01-15,call,220.0,1.61,1.79,2.73,0.3934386828613281,2,421
2026-04-18,US0090661010,ABNB,2027-01-15,call,230.0,1.59,1.31,2.13,0.3947204083251954,6,660
2026-04-18,US0090661010,ABNB,2027-01-15,call,240.0,1.3,0.82,2.24,0.42389492126464845,2,600
2026-04-18,US0090661010,ABNB,2027-01-15,put,55.0,0.44,0.22,0.57,0.5581098876953126,13,394
2026-04-18,US0090661010,ABNB,2027-01-15,put,60.0,0.74,0.57,0.91,0.5708050732421875,6,254
2026-04-18,US0090661010,ABNB,2027-01-15,put,65.0,0.78,0.52,0.91,0.5195360546875,4,238
2026-04-18,US0090661010,ABNB,2027-01-15,put,70.0,1.16,0.89,1.4,0.5239305419921875,70,135
2026-04-18,US0090661010,ABNB,2027-01-15,put,75.0,1.35,1.01,1.65,0.5220995056152342,10,140
2026-04-18,US0090661010,ABNB,2027-01-15,put,80.0,1.61,1.12,1.76,0.4852346398925781,10,706
2026-04-18,US0090661010,ABNB,2027-01-15,put,85.0,1.95,1.82,2.32,0.4769339416503906,151,474
2026-04-18,US0090661010,ABNB,2027-01-15,put,90.0,2.54,2.23,3.0,0.4690604852294922,291,994
2026-04-18,US0090661010,ABNB,2027-01-15,put,95.0,3.3,2.52,3.45,0.44605046142578125,11,2196
2026-04-18,US0090661010,ABNB,2027-01-15,put,100.0,3.95,3.85,4.25,0.4348201049804688,9,6454
2026-04-18,US0090661010,ABNB,2027-01-15,put,105.0,4.8,4.45,5.0,0.4177914666748046,1,2508
2026-04-18,US0090661010,ABNB,2027-01-15,put,110.0,5.85,5.7,6.25,0.4131528411865234,2,2858
2026-04-18,US0090661010,ABNB,2027-01-15,put,115.0,7.05,6.95,7.5,0.4033873138427735,33,680
2026-04-18,US0090661010,ABNB,2027-01-15,put,120.0,8.9,8.35,8.9,0.39331661376953125,3,6387
2026-04-18,US0090661010,ABNB,2027-01-15,put,125.0,10.03,9.85,10.65,0.3875183319091796,1,1836
2026-04-18,US0090661010,ABNB,2027-01-15,put,130.0,14.6,11.75,12.55,0.38049935913085936,3,807
2026-04-18,US0090661010,ABNB,2027-01-15,put,135.0,17.5,13.6,15.25,0.38635867553710934,1,3116
2026-04-18,US0090661010,ABNB,2027-01-15,put,140.0,17.0,15.85,16.7,0.3611514080810546,50,839
2026-04-18,US0090661010,ABNB,2027-01-15,put,145.0,19.09,18.4,19.35,0.3570010589599609,1,887
2026-04-18,US0090661010,ABNB,2027-01-15,put,150.0,30.9,21.0,22.05,0.34955484436035156,5,344
2026-04-18,US0090661010,ABNB,2027-01-15,put,155.0,30.0,0.0,0.0,1.0000000000000003e-05,7,0
2026-04-18,US0090661010,ABNB,2027-01-15,put,160.0,39.78,26.75,28.3,0.33924000610351557,14,43
2026-04-18,US0090661010,ABNB,2027-01-15,put,165.0,34.1,30.3,31.2,0.3225470578002929,2,27
2026-04-18,US0090661010,ABNB,2027-01-15,put,170.0,37.85,33.85,35.0,0.32126533233642574,6,20
2026-04-18,US0090661010,ABNB,2027-01-15,put,175.0,39.75,55.0,58.15,0.7000152069091796,5,11
2026-04-18,US0090661010,ABNB,2027-01-15,put,180.0,45.85,40.8,42.9,0.3143073941040039,7,13
2026-04-18,US0090661010,ABNB,2027-01-15,put,185.0,69.86,47.5,51.5,0.4259700958251954,2,0
2026-04-18,US0090661010,ABNB,2027-01-15,put,190.0,71.69,52.75,55.55,0.4237423348999023,2,7
2026-04-18,US0090661010,ABNB,2027-01-15,put,195.0,59.48,0.0,0.0,1.0000000000000003e-05,4,0
2026-04-18,US0090661010,ABNB,2027-01-15,put,230.0,109.5,107.0,111.5,0.877656252746582,,0
2026-04-18,US0090661010,ABNB,2027-01-15,put,240.0,137.86,109.7,116.35,0.7728904547119142,,0
2026-04-18,US0090661010,ABNB,2027-03-19,call,85.0,47.75,61.3,64.8,0.6054726953125001,8,9
2026-04-18,US0090661010,ABNB,2027-03-19,call,90.0,51.5,57.0,60.5,0.5797161169433593,1,1
2026-04-18,US0090661010,ABNB,2027-03-19,call,95.0,47.85,53.05,56.5,0.5632367895507813,,11
2026-04-18,US0090661010,ABNB,2027-03-19,call,100.0,46.0,48.0,51.25,0.510869149169922,1,18
2026-04-18,US0090661010,ABNB,2027-03-19,call,125.0,33.0,32.55,34.0,0.4922536126708985,50,64
2026-04-18,US0090661010,ABNB,2027-03-19,call,130.0,21.15,29.7,31.7,0.495671547241211,3,78
2026-04-18,US0090661010,ABNB,2027-03-19,call,135.0,18.15,26.0,29.4,0.49573258178710944,1,4
2026-04-18,US0090661010,ABNB,2027-03-19,call,140.0,19.95,24.2,26.5,0.4814199807739258,1,66
2026-04-18,US0090661010,ABNB,2027-03-19,call,145.0,22.35,21.9,23.2,0.45737236968994144,2,35
2026-04-18,US0090661010,ABNB,2027-03-19,call,150.0,20.2,17.55,21.2,0.45526667785644537,2,10
2026-04-18,US0090661010,ABNB,2027-03-19,call,155.0,17.0,16.85,18.55,0.4385432122802735,5,41
2026-04-18,US0090661010,ABNB,2027-03-19,call,160.0,16.8,15.2,18.5,0.4673210006713867,6,38
2026-04-18,US0090661010,ABNB,2027-03-19,call,165.0,14.52,13.7,14.95,0.42886923675537114,1,12
2026-04-18,US0090661010,ABNB,2027-03-19,call,170.0,12.66,12.35,13.25,0.422155436706543,5,6
2026-04-18,US0090661010,ABNB,2027-03-19,call,175.0,7.4,10.3,12.7,0.4352473468017578,1,5
2026-04-18,US0090661010,ABNB,2027-03-19,call,180.0,9.97,9.6,10.5,0.4140073248291015,1,60
2026-04-18,US0090661010,ABNB,2027-03-19,call,185.0,7.01,7.7,10.2,0.42847251220703125,1,4
2026-04-18,US0090661010,ABNB,2027-03-19,call,190.0,4.7,6.15,9.85,0.44067942138671873,2,18
2026-04-18,US0090661010,ABNB,2027-03-19,call,195.0,4.0,6.0,7.2,0.40155627746582034,1,19
2026-04-18,US0090661010,ABNB,2027-03-19,call,200.0,3.4,4.55,6.5,0.4021971401977539,4,10
2026-04-18,US0090661010,ABNB,2027-03-19,put,80.0,2.17,1.95,2.46,0.47839877075195314,5,231
2026-04-18,US0090661010,ABNB,2027-03-19,put,85.0,2.76,2.48,2.85,0.45642633422851564,2,1
2026-04-18,US0090661010,ABNB,2027-03-19,put,90.0,4.8,2.85,3.55,0.446294599609375,,31
2026-04-18,US0090661010,ABNB,2027-03-19,put,95.0,6.1,3.35,5.5,0.47614049255371094,,2
2026-04-18,US0090661010,ABNB,2027-03-19,put,100.0,7.2,3.35,5.5,0.4331111376953125,1,180
2026-04-18,US0090661010,ABNB,2027-03-19,put,105.0,6.77,5.85,6.35,0.4167538793945312,2,2
2026-04-18,US0090661010,ABNB,2027-03-19,put,110.0,7.3,6.85,7.9,0.4163876721191406,1,20
2026-04-18,US0090661010,ABNB,2027-03-19,put,115.0,9.65,7.5,9.15,0.4039366247558594,2,6
2026-04-18,US0090661010,ABNB,2027-03-19,put,120.0,12.0,9.6,10.65,0.39420161468505865,1,70
2026-04-18,US0090661010,ABNB,2027-03-19,put,125.0,13.35,10.9,12.85,0.39597161651611334,4,90
2026-04-18,US0090661010,ABNB,2027-03-19,put,130.0,13.95,13.6,15.0,0.3923705783081054,2,91
2026-04-18,US0090661010,ABNB,2027-03-19,put,135.0,17.85,15.65,17.2,0.3860840200805663,3,62
2026-04-18,US0090661010,ABNB,2027-03-19,put,140.0,20.15,17.3,19.85,0.3848938464355468,5,77
2026-04-18,US0090661010,ABNB,2027-03-19,put,145.0,27.2,19.75,22.05,0.37189348815917966,5,5
2026-04-18,US0090661010,ABNB,2027-06-17,call,70.0,60.7,75.8,79.0,0.6611362011718751,6,24
2026-04-18,US0090661010,ABNB,2027-06-17,call,85.0,44.0,0.0,0.0,1.0000000000000003e-05,3,0
2026-04-18,US0090661010,ABNB,2027-06-17,call,90.0,43.92,0.0,0.0,1.0000000000000003e-05,,0
2026-04-18,US0090661010,ABNB,2027-06-17,call,95.0,40.5,0.0,0.0,1.0000000000000003e-05,,0
2026-04-18,US0090661010,ABNB,2027-06-17,call,100.0,45.98,51.15,54.9,0.538639867553711,1,3
2026-04-18,US0090661010,ABNB,2027-06-17,call,110.0,30.39,0.0,0.0,1.0000000000000003e-05,,0
2026-04-18,US0090661010,ABNB,2027-06-17,call,115.0,30.85,41.8,44.25,0.5100146655273439,1,1
2026-04-18,US0090661010,ABNB,2027-06-17,call,120.0,38.0,38.25,41.1,0.5235643347167969,1,10
2026-04-18,US0090661010,ABNB,2027-06-17,call,125.0,36.31,35.35,37.6,0.5039722454833984,1,7
2026-04-18,US0090661010,ABNB,2027-06-17,call,130.0,28.1,32.7,34.8,0.49573258178710944,6,25
2026-04-18,US0090661010,ABNB,2027-06-17,call,135.0,31.11,29.75,32.15,0.4881032635498047,2,23
2026-04-18,US0090661010,ABNB,2027-06-17,call,140.0,25.3,27.45,30.25,0.4913075772094727,8,16
2026-04-18,US0090661010,ABNB,2027-06-17,call,145.0,25.9,23.7,27.25,0.4737296279907227,2,10
2026-04-18,US0090661010,ABNB,2027-06-17,call,150.0,23.67,22.3,24.9,0.46533737792968755,2,5
2026-04-18,US0090661010,ABNB,2027-06-17,call,155.0,21.5,20.0,21.9,0.4443720114135742,2,18
2026-04-18,US0090661010,ABNB,2027-06-17,call,160.0,19.82,18.25,21.0,0.4559990924072266,1,12
2026-04-18,US0090661010,ABNB,2027-06-17,call,165.0,17.75,17.0,19.45,0.45514460876464846,4,3
2026-04-18,US0090661010,ABNB,2027-06-17,call,170.0,16.0,14.85,17.65,0.4484002914428711,20,34
2026-04-18,US0090661010,ABNB,2027-06-17,call,175.0,14.25,13.3,16.0,0.4423578713989258,1,3
2026-04-18,US0090661010,ABNB,2027-06-17,call,180.0,7.95,12.6,13.7,0.42343716217041016,1,24
2026-04-18,US0090661010,ABNB,2027-06-17,call,190.0,6.35,9.55,11.95,0.4293269958496094,1,3
2026-04-18,US0090661010,ABNB,2027-06-17,call,195.0,5.75,8.5,10.05,0.4114743911743164,1,72
2026-04-18,US0090661010,ABNB,2027-06-17,call,200.0,8.52,8.25,9.95,0.42529871582031253,2,9
2026-04-18,US0090661010,ABNB,2027-06-17,put,65.0,2.06,0.17,2.14,0.5301560656738282,108,37
2026-04-18,US0090661010,ABNB,2027-06-17,put,70.0,2.64,1.02,3.95,0.5065967309570312,10,15
2026-04-18,US0090661010,ABNB,2027-06-17,put,75.0,4.1,1.37,3.8,0.5271043383789062,1,11
2026-04-18,US0090661010,ABNB,2027-06-17,put,80.0,4.3,0.0,0.0,0.12500875,1,0
2026-04-18,US0090661010,ABNB,2027-06-17,put,85.0,4.1,2.47,5.0,0.4875539526367188,1,10
2026-04-18,US0090661010,ABNB,2027-06-17,put,90.0,5.8,2.48,7.0,0.5091601818847658,10,32
2026-04-18,US0090661010,ABNB,2027-06-17,put,100.0,6.4,6.0,7.0,0.42578699218750005,1,510
2026-04-18,US0090661010,ABNB,2027-06-17,put,105.0,8.46,7.5,8.0,0.41138283935546877,1,319
2026-04-18,US0090661010,ABNB,2027-06-17,put,110.0,8.99,8.6,9.4,0.40405869384765625,1,30
2026-04-18,US0090661010,ABNB,2027-06-17,put,115.0,9.7,10.25,10.9,0.395788512878418,2,25
2026-04-18,US0090661010,ABNB,2027-06-17,put,120.0,11.92,11.2,12.55,0.3877319528198242,1,209
2026-04-18,US0090661010,ABNB,2027-06-17,put,125.0,13.9,13.8,14.95,0.390905749206543,50,55
2026-04-18,US0090661010,ABNB,2027-06-17,put,130.0,16.0,15.4,16.35,0.37259538543701176,2,38
2026-04-18,US0090661010,ABNB,2027-06-17,put,135.0,19.6,16.8,18.6,0.36701072448730465,6,47
2026-04-18,US0090661010,ABNB,2027-06-17,put,140.0,22.05,19.45,22.5,0.3864197100830078,1,121
2026-04-18,US0090661010,ABNB,2027-06-17,put,145.0,22.12,21.95,24.0,0.3625246853637696,1,59
2026-04-18,US0090661010,ABNB,2027-06-17,put,165.0,38.25,38.15,42.0,0.44067942138671873,,0
2026-04-18,US0090661010,ABNB,2027-12-17,call,60.0,68.0,71.4,75.0,1.0000000000000003e-05,1,1
2026-04-18,US0090661010,ABNB,2027-12-17,call,65.0,63.25,67.5,71.0,1.0000000000000003e-05,1,4
2026-04-18,US0090661010,ABNB,2027-12-17,call,70.0,68.95,78.4,81.5,0.6345861737060547,1,19
2026-04-18,US0090661010,ABNB,2027-12-17,call,75.0,55.25,69.5,72.75,0.5206957110595702,1,16
2026-04-18,US0090661010,ABNB,2027-12-17,call,80.0,67.35,54.5,57.9,1.0000000000000003e-05,1,93
2026-04-18,US0090661010,ABNB,2027-12-17,call,85.0,60.2,66.4,69.65,0.5752605950927734,1,34
2026-04-18,US0090661010,ABNB,2027-12-17,call,90.0,46.75,48.7,52.25,0.215828154296875,10,56
2026-04-18,US0090661010,ABNB,2027-12-17,call,95.0,49.2,40.0,42.5,1.0000000000000003e-05,3,18
2026-04-18,US0090661010,ABNB,2027-12-17,call,100.0,49.0,55.35,58.9,0.532231240234375,1,63
2026-04-18,US0090661010,ABNB,2027-12-17,call,105.0,54.0,51.95,55.4,0.5192308819580078,1,16
2026-04-18,US0090661010,ABNB,2027-12-17,call,110.0,43.5,49.25,52.3,0.5148058773803711,1,16
2026-04-18,US0090661010,ABNB,2027-12-17,call,115.0,30.35,41.0,43.8,0.4396418341064453,10,16
2026-04-18,US0090661010,ABNB,2027-12-17,call,120.0,36.2,42.95,46.4,0.5236864038085938,1,67
2026-04-18,US0090661010,ABNB,2027-12-17,call,125.0,38.5,39.0,44.0,0.521367091064453,1,56
2026-04-18,US0090661010,ABNB,2027-12-17,call,130.0,29.0,37.2,40.6,0.5021717263793947,3,131
2026-04-18,US0090661010,ABNB,2027-12-17,call,135.0,30.11,34.7,37.95,0.493443786315918,2,76
2026-04-18,US0090661010,ABNB,2027-12-17,call,140.0,32.46,33.1,34.0,0.4646965151977539,2,551
2026-04-18,US0090661010,ABNB,2027-12-17,call,145.0,29.12,30.9,33.9,0.4901174035644532,2,61
2026-04-18,US0090661010,ABNB,2027-12-17,call,150.0,29.2,28.4,30.65,0.4691825543212891,2,136
2026-04-18,US0090661010,ABNB,2027-12-17,call,155.0,27.4,25.95,28.25,0.45914237152099613,2,25
2026-04-18,US0090661010,ABNB,2027-12-17,call,160.0,25.31,24.85,26.95,0.4630485824584961,4,209
2026-04-18,US0090661010,ABNB,2027-12-17,call,165.0,23.82,22.6,24.8,0.4540154696655273,1,80
2026-04-18,US0090661010,ABNB,2027-12-17,call,170.0,21.87,20.55,22.85,0.44653873779296877,94,271
2026-04-18,US0090661010,ABNB,2027-12-17,call,175.0,20.23,19.35,20.9,0.4378718322753906,14,130
2026-04-18,US0090661010,ABNB,2027-12-17,call,180.0,12.5,17.05,20.45,0.4487664987182617,2,96
2026-04-18,US0090661010,ABNB,2027-12-17,call,185.0,17.31,16.8,17.8,0.42804527038574225,19,45
2026-04-18,US0090661010,ABNB,2027-12-17,call,190.0,11.65,14.75,17.85,0.4440363214111328,13,85
2026-04-18,US0090661010,ABNB,2027-12-17,call,195.0,10.31,12.55,16.85,0.4444025286865234,6,244
2026-04-18,US0090661010,ABNB,2027-12-17,call,200.0,9.05,13.1,14.15,0.41919526123046874,38,468
2026-04-18,US0090661010,ABNB,2027-12-17,call,210.0,11.45,11.1,13.1,0.4290523403930664,1,917
2026-04-18,US0090661010,ABNB,2027-12-17,put,60.0,1.93,0.59,0.0,0.12500875,2,0
2026-04-18,US0090661010,ABNB,2027-12-17,put,65.0,3.2,2.16,2.61,0.46722944885253903,3,11
2026-04-18,US0090661010,ABNB,2027-12-17,put,70.0,2.65,1.5,5.3,0.5343674493408204,1,16
2026-04-18,US0090661010,ABNB,2027-12-17,put,75.0,3.8,1.5,4.8,0.4758963543701171,100,19
2026-04-18,US0090661010,ABNB,2027-12-17,put,80.0,5.7,0.0,0.0,0.12500875,2,0
2026-04-18,US0090661010,ABNB,2027-12-17,put,85.0,6.9,0.0,0.0,0.062509375,4,0
2026-04-18,US0090661010,ABNB,2027-12-17,put,90.0,7.55,5.95,7.15,0.4296321685791016,1,70
2026-04-18,US0090661010,ABNB,2027-12-17,put,95.0,9.15,5.0,10.0,0.45825737060546884,24,56
2026-04-18,US0090661010,ABNB,2027-12-17,put,100.0,9.3,8.0,9.15,0.40265489929199216,13,360
2026-04-18,US0090661010,ABNB,2027-12-17,put,105.0,10.24,8.95,10.65,0.39691765197753903,1,646
2026-04-18,US0090661010,ABNB,2027-12-17,put,110.0,13.55,11.35,12.65,0.39789420471191406,1,155
2026-04-18,US0090661010,ABNB,2027-12-17,put,115.0,13.69,12.8,14.6,0.39493402923583987,1,52
2026-04-18,US0090661010,ABNB,2027-12-17,put,120.0,16.15,13.0,16.55,0.38959350646972657,2,295
2026-04-18,US0090661010,ABNB,2027-12-17,put,125.0,23.65,15.7,18.35,0.37985849639892577,51,131
2026-04-18,US0090661010,ABNB,2027-12-17,put,130.0,20.4,18.2,20.15,0.36844503631591796,54,247
2026-04-18,US0090661010,ABNB,2027-12-17,put,135.0,21.35,20.0,22.15,0.35834381896972656,1,217
2026-04-18,US0090661010,ABNB,2027-12-17,put,140.0,27.0,23.1,25.1,0.35999175170898434,1,120
2026-04-18,US0090661010,ABNB,2027-12-17,put,145.0,29.7,24.0,27.6,0.35321691711425773,2,23
2026-04-18,US0090661010,ABNB,2027-12-17,put,150.0,37.5,0.0,0.0,1.0000000000000003e-05,52,0
2026-04-18,US0090661010,ABNB,2027-12-17,put,155.0,36.75,30.35,34.0,0.35346105529785155,40,43
2026-04-18,US0090661010,ABNB,2027-12-17,put,160.0,37.2,37.45,39.9,0.38788453918457033,30,30
2026-04-18,US0090661010,ABNB,2027-12-17,put,165.0,51.73,52.7,56.5,0.5417831466674806,,1
2026-04-18,US0090661010,ABNB,2027-12-17,put,190.0,70.28,0.0,0.0,1.0000000000000003e-05,,0
2026-04-18,US0090661010,ABNB,2028-01-21,call,60.0,77.82,86.5,90.0,0.6635775830078127,2,9
2026-04-18,US0090661010,ABNB,2028-01-21,call,65.0,73.5,68.0,71.5,1.0000000000000003e-05,4,8
2026-04-18,US0090661010,ABNB,2028-01-21,call,70.0,69.54,70.5,75.0,0.45203184692382814,1,1
2026-04-18,US0090661010,ABNB,2028-01-21,call,75.0,68.5,74.5,78.0,0.6059609716796877,1,10
2026-04-18,US0090661010,ABNB,2028-01-21,call,80.0,64.3,71.15,73.8,0.5910990597534181,1,35
2026-04-18,US0090661010,ABNB,2028-01-21,call,85.0,49.93,0.0,0.0,1.0000000000000003e-05,1,0
2026-04-18,US0090661010,ABNB,2028-01-21,call,90.0,55.0,63.0,66.5,0.5543867803955078,1,33
2026-04-18,US0090661010,ABNB,2028-01-21,call,95.0,47.5,0.0,0.0,1.0000000000000003e-05,1,0
2026-04-18,US0090661010,ABNB,2028-01-21,call,100.0,45.75,56.0,59.15,0.5261583029174804,1,37
2026-04-18,US0090661010,ABNB,2028-01-21,call,105.0,44.51,53.45,56.5,0.5283860638427735,1,9
2026-04-18,US0090661010,ABNB,2028-01-21,call,110.0,39.88,49.5,52.25,0.5023243127441408,2,5
2026-04-18,US0090661010,ABNB,2028-01-21,call,115.0,48.5,46.65,50.0,0.5018665536499024,2,42
2026-04-18,US0090661010,ABNB,2028-01-21,call,120.0,33.65,43.5,46.65,0.5131884619140624,1,42
2026-04-18,US0090661010,ABNB,2028-01-21,call,125.0,42.61,41.65,44.05,0.5077563873291016,1,80
2026-04-18,US0090661010,ABNB,2028-01-21,call,130.0,40.21,39.05,40.95,0.49350482086181646,1,28
2026-04-18,US0090661010,ABNB,2028-01-21,call,135.0,34.15,36.45,39.15,0.4971363763427735,2,27
2026-04-18,US0090661010,ABNB,2028-01-21,call,140.0,35.5,34.2,36.4,0.48566188171386715,1,582
2026-04-18,US0090661010,ABNB,2028-01-21,call,145.0,31.64,31.7,34.5,0.48492946716308594,2,50
2026-04-18,US0090661010,ABNB,2028-01-21,call,150.0,30.2,29.0,31.65,0.4698844515991212,5,344
2026-04-18,US0090661010,ABNB,2028-01-21,call,155.0,27.85,26.35,29.05,0.4572655592346192,10,134
2026-04-18,US0090661010,ABNB,2028-01-21,call,160.0,25.64,25.35,27.6,0.45898978515625005,2,38
2026-04-18,US0090661010,ABNB,2028-01-21,call,165.0,24.55,23.25,24.9,0.4428461477661133,2,44
2026-04-18,US0090661010,ABNB,2028-01-21,call,170.0,22.55,21.65,23.7,0.44556218505859374,2,291
2026-04-18,US0090661010,ABNB,2028-01-21,call,175.0,20.15,19.95,22.4,0.44586735778808595,2,321
2026-04-18,US0090661010,ABNB,2028-01-21,call,180.0,20.0,18.15,20.9,0.44241890594482425,1,215
2026-04-18,US0090661010,ABNB,2028-01-21,call,185.0,18.5,16.0,18.75,0.4291744094848633,4,43
2026-04-18,US0090661010,ABNB,2028-01-21,call,190.0,14.0,15.5,18.25,0.43726148681640625,1,270
2026-04-18,US0090661010,ABNB,2028-01-21,call,195.0,11.5,15.15,17.0,0.43424027679443367,16,59
2026-04-18,US0090661010,ABNB,2028-01-21,call,200.0,14.36,13.5,14.6,0.41403784210205075,39,706
2026-04-18,US0090661010,ABNB,2028-01-21,put,60.0,2.1,1.18,2.51,0.48907981628417974,1,58
2026-04-18,US0090661010,ABNB,2028-01-21,put,65.0,3.2,0.0,0.0,0.12500875,4,0
2026-04-18,US0090661010,ABNB,2028-01-21,put,70.0,3.2,3.1,4.5,0.49182637084960945,2,57
2026-04-18,US0090661010,ABNB,2028-01-21,put,75.0,4.19,2.92,4.3,0.44611149597167965,5,12
2026-04-18,US0090661010,ABNB,2028-01-21,put,80.0,6.08,4.3,6.1,0.46411668701171876,1,440
2026-04-18,US0090661010,ABNB,2028-01-21,put,85.0,6.61,0.0,0.0,0.062509375,2,0
2026-04-18,US0090661010,ABNB,2028-01-21,put,90.0,7.7,0.0,0.0,0.062509375,2,0
2026-04-18,US0090661010,ABNB,2028-01-21,put,95.0,7.87,7.5,9.3,0.4306087213134766,2,275
2026-04-18,US0090661010,ABNB,2028-01-21,put,100.0,9.17,7.0,11.5,0.43884838500976564,1,50
2026-04-18,US0090661010,ABNB,2028-01-21,put,105.0,12.65,10.15,10.95,0.3916686810302734,152,189
2026-04-18,US0090661010,ABNB,2028-01-21,put,110.0,12.85,11.8,12.95,0.3922179919433594,1,71
2026-04-18,US0090661010,ABNB,2028-01-21,put,115.0,14.55,13.25,14.75,0.3865722964477538,8,175
2026-04-18,US0090661010,ABNB,2028-01-21,put,120.0,15.4,14.65,16.7,0.3812317736816406,1,909
2026-04-18,US0090661010,ABNB,2028-01-21,put,125.0,17.7,17.2,18.3,0.3686281399536133,1,224
2026-04-18,US0090661010,ABNB,2028-01-21,put,130.0,19.6,18.4,21.15,0.37283952362060546,1,586
2026-04-18,US0090661010,ABNB,2028-01-21,put,135.0,23.13,21.35,22.6,0.3548343325805663,10,94
2026-04-18,US0090661010,ABNB,2028-01-21,put,140.0,24.45,23.05,24.9,0.3473270834350586,2,531
2026-04-18,US0090661010,ABNB,2028-01-21,put,145.0,28.45,26.3,28.2,0.3516300189208984,44,136
2026-04-18,US0090661010,ABNB,2028-01-21,put,150.0,31.45,28.4,30.15,0.3358220715332031,2,54
2026-04-18,US0090661010,ABNB,2028-01-21,put,155.0,42.25,31.25,34.1,0.3450688052368164,21,22
2026-04-18,US0090661010,ABNB,2028-01-21,put,160.0,42.7,34.25,36.65,0.33386896606445315,18,6
2026-04-18,US0090661010,ABNB,2028-01-21,put,170.0,44.05,40.35,42.95,0.322424988708496,1,3
2026-04-18,US0090661010,ABNB,2028-01-21,put,190.0,64.5,62.25,64.55,0.4081785256958008,,2
2026-04-18,US0090661010,ABNB,2028-01-21,put,195.0,63.22,0.0,0.0,1.0000000000000003e-05,,0
2026-04-18,US0090661010,ABNB,2028-01-21,put,200.0,76.0,62.7,64.25,0.2789683920288085,1,11
2026-04-18,US11135F1012,AVGO,2026-04-20,call,275.0,52.75,129.5,133.55,2.7304719238281248,2,1
2026-04-18,US11135F1012,AVGO,2026-04-20,call,290.0,55.85,114.55,118.4,2.3803751428222655,72,6
2026-04-18,US11135F1012,AVGO,2026-04-20,call,292.5,53.46,112.05,116.0,2.357425981445312,,6
2026-04-18,US11135F1012,AVGO,2026-04-20,call,300.0,97.49,104.55,108.45,2.1958052917480466,1,21
2026-04-18,US11135F1012,AVGO,2026-04-20,call,302.5,96.27,102.05,105.3,1.9658204833984376,3,17
2026-04-18,US11135F1012,AVGO,2026-04-20,call,305.0,49.2,99.55,102.8,1.920410554199219,50,7
2026-04-18,US11135F1012,AVGO,2026-04-20,call,307.5,46.87,97.1,100.3,1.875000625,,7
2026-04-18,US11135F1012,AVGO,2026-04-20,call,310.0,84.73,94.6,97.8,1.8300789746093749,1,9
2026-04-18,US11135F1012,AVGO,2026-04-20,call,312.5,42.03,92.2,95.3,1.78515732421875,,5
2026-04-18,US11135F1012,AVGO,2026-04-20,call,315.0,88.55,89.55,93.55,0.92187578125,3,14
2026-04-18,US11135F1012,AVGO,2026-04-20,call,317.5,87.47,87.05,91.0,1.8706061157226563,1,8
2026-04-18,US11135F1012,AVGO,2026-04-20,call,320.0,83.63,84.75,87.8,1.65234548828125,11,67
2026-04-18,US11135F1012,AVGO,2026-04-20,call,322.5,34.53,82.05,85.3,1.6084003955078123,,14
2026-04-18,US11135F1012,AVGO,2026-04-20,call,325.0,68.27,79.55,83.5,1.7290052612304687,8,26
2026-04-18,US11135F1012,AVGO,2026-04-20,call,327.5,76.65,77.2,80.3,1.5214867675781247,13,14
2026-04-18,US11135F1012,AVGO,2026-04-20,call,330.0,73.57,74.6,77.8,1.4780299536132815,3,47
2026-04-18,US11135F1012,AVGO,2026-04-20,call,332.5,64.42,72.15,76.0,0.8359391406249999,2,161
2026-04-18,US11135F1012,AVGO,2026-04-20,call,335.0,71.26,69.7,72.8,1.3916046044921875,70,97
2026-04-18,US11135F1012,AVGO,2026-04-20,call,337.5,65.66,67.2,70.3,1.3486360693359374,1,4
2026-04-18,US11135F1012,AVGO,2026-04-20,call,340.0,63.47,64.65,67.8,1.3056675341796873,11,93
2026-04-18,US11135F1012,AVGO,2026-04-20,call,342.5,63.96,62.05,66.1,0.726565234375,18,59
2026-04-18,US11135F1012,AVGO,2026-04-20,call,345.0,58.35,59.6,62.85,1.2314491552734375,4,69
2026-04-18,US11135F1012,AVGO,2026-04-20,call,347.5,56.16,57.25,60.35,1.1887247595214845,11,83
2026-04-18,US11135F1012,AVGO,2026-04-20,call,350.0,53.55,54.7,58.6,0.737307314453125,16,83
2026-04-18,US11135F1012,AVGO,2026-04-20,call,352.5,51.13,52.25,55.35,1.1032759680175785,10,76
2026-04-18,US11135F1012,AVGO,2026-04-20,call,355.0,48.62,49.75,52.45,0.97460962890625,1,114
2026-04-18,US11135F1012,AVGO,2026-04-20,call,357.5,45.76,47.25,49.6,0.8437515624999999,5,111
2026-04-18,US11135F1012,AVGO,2026-04-20,call,360.0,44.38,44.6,47.85,0.9753420434570312,2,61
2026-04-18,US11135F1012,AVGO,2026-04-20,call,362.5,34.85,42.3,45.35,0.9326178613281251,1,99
2026-04-18,US11135F1012,AVGO,2026-04-20,call,365.0,38.97,39.65,42.9,0.8986826538085937,11,68
2026-04-18,US11135F1012,AVGO,2026-04-20,call,367.5,32.0,37.3,39.75,0.7304714453125,9,13
2026-04-18,US11135F1012,AVGO,2026-04-20,call,370.0,36.06,35.15,37.9,0.8125018749999999,51,190
2026-04-18,US11135F1012,AVGO,2026-04-20,call,372.5,30.73,32.15,36.1,0.8686536572265625,10,210
2026-04-18,US11135F1012,AVGO,2026-04-20,call,375.0,29.73,29.9,32.9,0.725588681640625,107,122
2026-04-18,US11135F1012,AVGO,2026-04-20,call,377.5,25.88,27.2,30.45,0.6887238159179689,2,43
2026-04-18,US11135F1012,AVGO,2026-04-20,call,380.0,27.17,25.55,27.7,0.6088906298828126,152,219
2026-04-18,US11135F1012,AVGO,2026-04-20,call,385.0,21.0,20.45,22.0,0.40869731933593745,165,174
2026-04-18,US11135F1012,AVGO,2026-04-20,put,275.0,1.33,0.0,2.0,2.381839982910156,,4
2026-04-18,US11135F1012,AVGO,2026-04-20,put,280.0,0.1,0.0,0.15,1.5937520312499998,2,4
2026-04-18,US11135F1012,AVGO,2026-04-20,put,285.0,0.16,,2.0,2.5200232312011717,10,11
2026-04-18,US11135F1012,AVGO,2026-04-20,put,287.5,0.23,,2.0,2.468753828125,,1
2026-04-18,US11135F1012,AVGO,2026-04-20,put,290.0,0.54,0.0,0.2,1.50390873046875,10,7
2026-04-18,US11135F1012,AVGO,2026-04-20,put,292.5,0.28,0.0,2.0,2.057622043457031,,
2026-04-18,US11135F1012,AVGO,2026-04-20,put,295.0,0.02,0.0,1.99,2.010747160644531,2,8
2026-04-18,US11135F1012,AVGO,2026-04-20,put,297.5,0.3,0.0,1.98,1.9643556469726562,1,18
2026-04-18,US11135F1012,AVGO,2026-04-20,put,300.0,0.49,0.0,0.4,1.4902369238281248,10,39
2026-04-18,US11135F1012,AVGO,2026-04-20,put,302.5,0.37,0.0,1.97,1.8740240673828126,1,2
2026-04-18,US11135F1012,AVGO,2026-04-20,put,305.0,0.03,0.0,0.16,1.2656286718749998,37,20
2026-04-18,US11135F1012,AVGO,2026-04-20,put,307.5,0.13,0.01,0.04,1.09375453125,69,3
2026-04-18,US11135F1012,AVGO,2026-04-20,put,310.0,0.28,0.0,1.93,1.736329443359375,1,164
2026-04-18,US11135F1012,AVGO,2026-04-20,put,312.5,0.14,0.0,1.91,1.689454677734375,1,3
2026-04-18,US11135F1012,AVGO,2026-04-20,put,315.0,0.05,0.0,1.82,1.6318377783203122,7,18
2026-04-18,US11135F1012,AVGO,2026-04-20,put,317.5,0.17,0.0,1.87,1.5976582617187498,1,6
2026-04-18,US11135F1012,AVGO,2026-04-20,put,320.0,0.1,0.0,0.1,1.01953615234375,2,130
2026-04-18,US11135F1012,AVGO,2026-04-20,put,325.0,0.1,0.0,0.33,1.109379453125,42,40
2026-04-18,US11135F1012,AVGO,2026-04-20,put,327.5,0.24,0.0,0.24,1.0312548437500002,1,40
2026-04-18,US11135F1012,AVGO,2026-04-20,put,330.0,0.01,0.0,0.22,0.9882813671875,2,59
2026-04-18,US11135F1012,AVGO,2026-04-20,put,332.5,0.02,0.01,0.2,0.9492192578124999,134,43
2026-04-18,US11135F1012,AVGO,2026-04-20,put,335.0,0.03,0.0,0.21,0.9179695703125,65,111
2026-04-18,US11135F1012,AVGO,2026-04-20,put,337.5,0.22,0.0,0.22,0.89257919921875,2,92
2026-04-18,US11135F1012,AVGO,2026-04-20,put,340.0,0.03,0.02,0.03,0.726565234375,66,75
2026-04-18,US11135F1012,AVGO,2026-04-20,put,342.5,0.1,0.0,0.11,0.7617211328125001,7,37
2026-04-18,US11135F1012,AVGO,2026-04-20,put,345.0,0.15,0.01,0.16,0.773439765625,3,139
2026-04-18,US11135F1012,AVGO,2026-04-20,put,347.5,0.01,0.01,0.2,0.76367423828125,2,128
2026-04-18,US11135F1012,AVGO,2026-04-20,put,350.0,0.04,0.01,0.23,0.7460962890625,40,270
2026-04-18,US11135F1012,AVGO,2026-04-20,put,352.5,0.03,0.01,0.1,0.648441015625,48,68
2026-04-18,US11135F1012,AVGO,2026-04-20,put,355.0,0.07,0.01,0.15,0.648441015625,6,160
2026-04-18,US11135F1012,AVGO,2026-04-20,put,357.5,0.06,0.01,0.21,0.6455113574218749,9,71
2026-04-18,US11135F1012,AVGO,2026-04-20,put,360.0,0.05,0.02,0.15,0.5937540625000001,39,65
2026-04-18,US11135F1012,AVGO,2026-04-20,put,362.5,0.15,0.02,0.22,0.5918009570312501,7,84
2026-04-18,US11135F1012,AVGO,2026-04-20,put,365.0,0.1,0.05,0.26,0.5830119824218749,2074,128
2026-04-18,US11135F1012,AVGO,2026-04-20,put,367.5,0.07,0.07,0.29,0.5644574804687501,11,73
2026-04-18,US11135F1012,AVGO,2026-04-20,put,370.0,0.09,0.05,0.1,0.48633326171875,272,223
2026-04-18,US11135F1012,AVGO,2026-04-20,put,372.5,0.11,0.05,0.36,0.5107470800781251,12,674
2026-04-18,US11135F1012,AVGO,2026-04-20,put,375.0,0.12,0.1,0.31,0.5151415673828125,80,527
2026-04-18,US11135F1012,AVGO,2026-04-20,put,377.5,0.12,0.07,0.39,0.5029346582031251,91,155
2026-04-18,US11135F1012,AVGO,2026-04-20,put,380.0,0.17,0.11,0.21,0.41358008300781246,267,295
2026-04-18,US11135F1012,AVGO,2026-04-20,put,385.0,0.25,0.2,0.29,0.36963520996093746,457,114
2026-04-18,US11135F1012,AVGO,2026-04-22,call,275.0,71.55,129.8,132.85,1.9399417065429687,,1
2026-04-18,US11135F1012,AVGO,2026-04-22,call,277.5,69.2,127.3,130.35,1.9013676806640625,,6
2026-04-18,US11135F1012,AVGO,2026-04-22,call,280.0,72.25,124.65,128.5,1.140629296875,,8
2026-04-18,US11135F1012,AVGO,2026-04-22,call,282.5,64.3,122.1,126.0,0.992187578125,,16
2026-04-18,US11135F1012,AVGO,2026-04-22,call,287.5,59.95,117.25,121.0,1.1679729101562502,,5
2026-04-18,US11135F1012,AVGO,2026-04-22,call,290.0,60.81,114.6,118.5,0.92187578125,,40
2026-04-18,US11135F1012,AVGO,2026-04-22,call,292.5,54.4,112.3,116.0,1.150394873046875,,60
2026-04-18,US11135F1012,AVGO,2026-04-22,call,295.0,51.2,109.8,112.85,1.6420916333007813,,129
2026-04-18,US11135F1012,AVGO,2026-04-22,call,297.5,52.9,107.1,111.0,0.85937640625,,7
2026-04-18,US11135F1012,AVGO,2026-04-22,call,300.0,78.08,104.8,108.5,1.0703171484375003,3,13
2026-04-18,US11135F1012,AVGO,2026-04-22,call,302.5,48.84,102.3,106.0,1.0429735351562504,,1
2026-04-18,US11135F1012,AVGO,2026-04-22,call,305.0,92.23,99.9,102.85,1.4992700817871092,1,5
2026-04-18,US11135F1012,AVGO,2026-04-22,call,307.5,90.62,97.3,100.35,1.4638698681640623,1,1
2026-04-18,US11135F1012,AVGO,2026-04-22,call,310.0,48.15,94.6,98.55,0.851563984375,,2
2026-04-18,US11135F1012,AVGO,2026-04-22,call,312.5,39.75,92.1,96.05,0.8281267187499999,,95
2026-04-18,US11135F1012,AVGO,2026-04-22,call,315.0,80.18,89.7,93.55,0.8867198828124999,2,9
2026-04-18,US11135F1012,AVGO,2026-04-22,call,317.5,77.87,87.15,91.05,0.8281267187499999,1,1
2026-04-18,US11135F1012,AVGO,2026-04-22,call,320.0,70.8,84.6,87.9,1.3007847460937496,1,6
2026-04-18,US11135F1012,AVGO,2026-04-22,call,322.5,56.1,82.45,85.4,1.2666052294921872,4,4
2026-04-18,US11135F1012,AVGO,2026-04-22,call,325.0,70.52,79.85,83.55,0.8554701953125,3,52
2026-04-18,US11135F1012,AVGO,2026-04-22,call,330.0,74.34,74.8,77.9,1.1640666796875,1,17
2026-04-18,US11135F1012,AVGO,2026-04-22,call,332.5,48.22,72.15,76.1,0.71679970703125,50,5
2026-04-18,US11135F1012,AVGO,2026-04-22,call,335.0,68.78,69.85,72.9,1.0961959252929687,2,32
2026-04-18,US11135F1012,AVGO,2026-04-22,call,337.5,60.37,67.85,70.4,0.6699251757812501,4,5
2026-04-18,US11135F1012,AVGO,2026-04-22,call,340.0,40.34,64.7,68.6,0.6669955175781253,34,11
2026-04-18,US11135F1012,AVGO,2026-04-22,call,342.5,64.12,62.5,65.45,1.0039112304687499,6,17
2026-04-18,US11135F1012,AVGO,2026-04-22,call,345.0,58.6,59.9,62.95,0.9704592797851561,2,144
2026-04-18,US11135F1012,AVGO,2026-04-22,call,347.5,56.22,57.4,60.45,0.9370123486328125,1,82
2026-04-18,US11135F1012,AVGO,2026-04-22,call,350.0,53.79,54.95,57.95,0.903321279296875,9,67
2026-04-18,US11135F1012,AVGO,2026-04-22,call,352.5,42.88,52.45,55.5,0.8774426318359375,1,308
2026-04-18,US11135F1012,AVGO,2026-04-22,call,355.0,49.55,49.95,53.0,0.8437515624999999,17,325
2026-04-18,US11135F1012,AVGO,2026-04-22,call,357.5,42.11,47.45,50.55,0.8171405004882811,1,119
2026-04-18,US11135F1012,AVGO,2026-04-22,call,360.0,43.48,44.85,48.75,0.5429733203125001,6,132
2026-04-18,US11135F1012,AVGO,2026-04-22,call,362.5,40.25,42.5,45.6,0.7561059545898439,2,104
2026-04-18,US11135F1012,AVGO,2026-04-22,call,365.0,38.03,40.15,43.15,0.7282742016601562,5,99
2026-04-18,US11135F1012,AVGO,2026-04-22,call,367.5,32.06,37.6,40.7,0.6997100341796876,1,50
2026-04-18,US11135F1012,AVGO,2026-04-22,call,370.0,33.9,35.2,38.25,0.6709017285156251,9,64
2026-04-18,US11135F1012,AVGO,2026-04-22,call,372.5,23.8,32.7,35.85,0.6467320483398438,4,86
2026-04-18,US11135F1012,AVGO,2026-04-22,call,375.0,31.08,30.3,33.4,0.6164589135742189,7,249
2026-04-18,US11135F1012,AVGO,2026-04-22,call,377.5,27.27,27.85,31.7,0.6546665393066409,1,27
2026-04-18,US11135F1012,AVGO,2026-04-22,call,380.0,25.1,25.7,28.65,0.5676312768554688,13,215
2026-04-18,US11135F1012,AVGO,2026-04-22,call,385.0,20.01,20.9,24.05,0.52539537109375,24,100
2026-04-18,US11135F1012,AVGO,2026-04-22,put,275.0,0.22,,1.83,2.0737352844238277,,25
2026-04-18,US11135F1012,AVGO,2026-04-22,put,277.5,0.45,,1.81,2.029057661743164,,37
2026-04-18,US11135F1012,AVGO,2026-04-22,put,280.0,1.52,0.0,1.79,1.7373060009765624,,1
2026-04-18,US11135F1012,AVGO,2026-04-22,put,285.0,0.58,0.0,1.74,1.6582048339843751,,12
2026-04-18,US11135F1012,AVGO,2026-04-22,put,290.0,1.02,0.0,1.67,1.5771505517578124,,80
2026-04-18,US11135F1012,AVGO,2026-04-22,put,292.5,0.24,0.0,1.63,1.5361351318359375,,20
2026-04-18,US11135F1012,AVGO,2026-04-22,put,295.0,0.77,0.0,0.81,1.338870493164062,,147
2026-04-18,US11135F1012,AVGO,2026-04-22,put,297.5,0.92,0.0,1.55,1.455080849609375,,48
2026-04-18,US11135F1012,AVGO,2026-04-22,put,300.0,0.12,0.0,0.76,1.2646521142578124,1,376
2026-04-18,US11135F1012,AVGO,2026-04-22,put,302.5,0.4,0.0,0.74,1.2294960400390624,,254
2026-04-18,US11135F1012,AVGO,2026-04-22,put,305.0,0.87,0.0,0.71,1.1923868505859376,,245
2026-04-18,US11135F1012,AVGO,2026-04-22,put,307.5,0.64,0.0,0.54,1.1171919140625,,3
2026-04-18,US11135F1012,AVGO,2026-04-22,put,310.0,0.2,0.0,0.5,1.076176494140625,1,90
2026-04-18,US11135F1012,AVGO,2026-04-22,put,315.0,0.43,0.0,0.95,1.1264692114257815,1,2
2026-04-18,US11135F1012,AVGO,2026-04-22,put,320.0,0.03,0.0,0.24,0.8740246972656249,102,13
2026-04-18,US11135F1012,AVGO,2026-04-22,put,322.5,0.7,0.0,0.75,0.99804689453125,12,12
2026-04-18,US11135F1012,AVGO,2026-04-22,put,325.0,0.05,0.0,0.45,0.8964854101562498,10,305
2026-04-18,US11135F1012,AVGO,2026-04-22,put,327.5,0.46,0.0,0.75,0.940430283203125,1,2
2026-04-18,US11135F1012,AVGO,2026-04-22,put,330.0,0.05,0.04,0.21,0.7773459765625,104,496
2026-04-18,US11135F1012,AVGO,2026-04-22,put,332.5,0.1,0.01,0.23,0.7480493945312501,3,7
2026-04-18,US11135F1012,AVGO,2026-04-22,put,335.0,0.48,0.01,0.3,0.7500025,3,411
2026-04-18,US11135F1012,AVGO,2026-04-22,put,337.5,0.74,0.01,0.24,0.70312796875,1,8
2026-04-18,US11135F1012,AVGO,2026-04-22,put,340.0,0.14,0.01,0.24,0.6787141503906251,2,48
2026-04-18,US11135F1012,AVGO,2026-04-22,put,342.5,0.12,0.01,0.28,0.6679720703125002,1,15
2026-04-18,US11135F1012,AVGO,2026-04-22,put,345.0,0.12,0.01,0.24,0.629886513671875,2,36
2026-04-18,US11135F1012,AVGO,2026-04-22,put,347.5,0.77,0.01,0.33,0.632816171875,1,18
2026-04-18,US11135F1012,AVGO,2026-04-22,put,350.0,0.11,0.08,0.25,0.6044961425781252,37,107
2026-04-18,US11135F1012,AVGO,2026-04-22,put,352.5,0.38,0.04,0.26,0.5712933496093751,1,42
2026-04-18,US11135F1012,AVGO,2026-04-22,put,355.0,0.18,0.03,0.29,0.55273884765625,26,598
2026-04-18,US11135F1012,AVGO,2026-04-22,put,357.5,0.55,0.07,0.34,0.5478560839843751,10,77
2026-04-18,US11135F1012,AVGO,2026-04-22,put,360.0,0.29,0.16,0.42,0.5532271240234375,33,116
2026-04-18,US11135F1012,AVGO,2026-04-22,put,362.5,0.28,0.04,0.39,0.5009815527343751,6,336
2026-04-18,US11135F1012,AVGO,2026-04-22,put,365.0,0.28,0.2,0.45,0.5102588037109376,53,341
2026-04-18,US11135F1012,AVGO,2026-04-22,put,367.5,0.45,0.15,0.59,0.5437057348632813,3,410
2026-04-18,US11135F1012,AVGO,2026-04-22,put,370.0,0.4,0.27,0.5,0.49658706542968756,65,280
2026-04-18,US11135F1012,AVGO,2026-04-22,put,372.5,0.45,0.34,0.62,0.49023947265625006,33,353
2026-04-18,US11135F1012,AVGO,2026-04-22,put,375.0,0.64,0.47,0.67,0.4689994506835938,707,540
2026-04-18,US11135F1012,AVGO,2026-04-22,put,377.5,0.74,0.54,0.83,0.4621635815429688,35,140
2026-04-18,US11135F1012,AVGO,2026-04-22,put,380.0,0.86,0.63,0.95,0.446294599609375,87,201
2026-04-18,US11135F1012,AVGO,2026-04-22,put,385.0,1.23,1.02,1.4,0.42847251220703125,175,108
2026-04-18,US11135F1012,AVGO,2026-04-24,call,170.0,173.86,234.6,237.9,3.3359391601562494,,0
2026-04-18,US11135F1012,AVGO,2026-04-24,call,175.0,196.65,229.7,232.9,3.2353534741210934,2,0
2026-04-18,US11135F1012,AVGO,2026-04-24,call,185.0,155.97,219.7,222.9,3.041994582519531,,2
2026-04-18,US11135F1012,AVGO,2026-04-24,call,190.0,150.91,214.7,217.9,2.949221376953125,,4
2026-04-18,US11135F1012,AVGO,2026-04-24,call,195.0,145.99,209.65,212.9,2.858401291503906,,2
2026-04-18,US11135F1012,AVGO,2026-04-24,call,230.0,142.0,174.7,177.9,2.2822308569335936,4,5
2026-04-18,US11135F1012,AVGO,2026-04-24,call,235.0,88.7,169.75,172.95,2.221684133300781,1,1
2026-04-18,US11135F1012,AVGO,2026-04-24,call,240.0,109.14,164.75,167.95,2.1474655688476565,2,14
2026-04-18,US11135F1012,AVGO,2026-04-24,call,245.0,88.39,159.75,162.95,2.0742235644531246,48,50
2026-04-18,US11135F1012,AVGO,2026-04-24,call,250.0,123.4,154.7,158.65,1.4179716601562502,1,12
2026-04-18,US11135F1012,AVGO,2026-04-24,call,255.0,96.73,149.7,152.95,1.9326175244140624,2,8
2026-04-18,US11135F1012,AVGO,2026-04-24,call,260.0,97.33,144.7,147.95,1.86328193359375,2,17
2026-04-18,US11135F1012,AVGO,2026-04-24,call,265.0,109.49,139.7,143.55,1.197269638671875,2,14
2026-04-18,US11135F1012,AVGO,2026-04-24,call,270.0,110.14,134.75,138.65,1.2382850585937497,1,18
2026-04-18,US11135F1012,AVGO,2026-04-24,call,275.0,99.15,129.75,132.95,1.6628434826660157,21,138
2026-04-18,US11135F1012,AVGO,2026-04-24,call,280.0,122.53,124.8,128.0,1.6088886743164061,1,64
2026-04-18,US11135F1012,AVGO,2026-04-24,call,285.0,67.5,119.8,123.0,1.5449241503906248,11,25
2026-04-18,US11135F1012,AVGO,2026-04-24,call,290.0,81.32,114.8,118.0,1.4814479052734375,4,29
2026-04-18,US11135F1012,AVGO,2026-04-24,call,292.5,81.25,112.3,115.5,1.4499539221191409,1,17
2026-04-18,US11135F1012,AVGO,2026-04-24,call,295.0,108.67,109.75,113.7,1.0127002490234376,1,364
2026-04-18,US11135F1012,AVGO,2026-04-24,call,297.5,50.74,107.25,110.5,1.3876983740234374,15,28
2026-04-18,US11135F1012,AVGO,2026-04-24,call,300.0,103.65,104.7,108.7,0.94726615234375,10,285
2026-04-18,US11135F1012,AVGO,2026-04-24,call,302.5,56.58,102.25,105.5,1.3261752441406247,40,42
2026-04-18,US11135F1012,AVGO,2026-04-24,call,305.0,97.0,99.75,103.0,1.2959019580078124,3,260
2026-04-18,US11135F1012,AVGO,2026-04-24,call,307.5,49.67,97.25,100.5,1.2656286718749998,,20
2026-04-18,US11135F1012,AVGO,2026-04-24,call,310.0,96.3,95.2,98.0,0.7617211328125001,129,405
2026-04-18,US11135F1012,AVGO,2026-04-24,call,312.5,67.85,92.25,96.15,0.8330094824218748,1,22
2026-04-18,US11135F1012,AVGO,2026-04-24,call,315.0,88.43,89.75,93.05,1.1840861108398437,6,314
2026-04-18,US11135F1012,AVGO,2026-04-24,call,317.5,87.74,87.35,90.55,1.154301103515625,22,92
2026-04-18,US11135F1012,AVGO,2026-04-24,call,320.0,83.51,84.9,88.05,1.1245160961914062,28,316
2026-04-18,US11135F1012,AVGO,2026-04-24,call,322.5,79.55,82.4,85.5,1.0869186279296876,9,54
2026-04-18,US11135F1012,AVGO,2026-04-24,call,325.0,78.58,79.9,82.55,0.9785158398437501,38,573
2026-04-18,US11135F1012,AVGO,2026-04-24,call,327.5,75.11,77.35,80.55,1.0363817712402348,9,66
2026-04-18,US11135F1012,AVGO,2026-04-24,call,330.0,75.47,75.0,77.95,0.9916993017578125,34,582
2026-04-18,US11135F1012,AVGO,2026-04-24,call,332.5,72.58,72.2,75.55,0.9780275634765626,16,186
2026-04-18,US11135F1012,AVGO,2026-04-24,call,335.0,71.41,70.0,73.05,0.9489751196289062,115,2285
2026-04-18,US11135F1012,AVGO,2026-04-24,call,337.5,67.14,67.4,70.6,0.9270026831054687,8,58
2026-04-18,US11135F1012,AVGO,2026-04-24,call,340.0,66.18,65.1,68.1,0.523442265625,39,1156
2026-04-18,US11135F1012,AVGO,2026-04-24,call,342.5,63.7,62.4,65.65,0.8757336645507812,32,70
2026-04-18,US11135F1012,AVGO,2026-04-24,call,345.0,61.34,60.0,63.1,0.8403336279296875,78,554
2026-04-18,US11135F1012,AVGO,2026-04-24,call,347.5,55.78,57.45,60.7,0.8239763696289062,7,68
2026-04-18,US11135F1012,AVGO,2026-04-24,call,350.0,56.6,55.1,57.95,0.7634301000976562,37,1751
2026-04-18,US11135F1012,AVGO,2026-04-24,call,352.5,51.32,52.5,55.75,0.7717307983398438,3,317
2026-04-18,US11135F1012,AVGO,2026-04-24,call,355.0,49.5,50.3,53.25,0.7426783544921874,29,560
2026-04-18,US11135F1012,AVGO,2026-04-24,call,357.5,47.93,47.55,50.85,0.7243679907226561,299,135
2026-04-18,US11135F1012,AVGO,2026-04-24,call,360.0,45.87,45.65,48.35,0.5080615600585938,45,598
2026-04-18,US11135F1012,AVGO,2026-04-24,call,362.5,43.8,42.75,45.95,0.6755403540039064,6,265
2026-04-18,US11135F1012,AVGO,2026-04-24,call,365.0,42.05,41.05,43.55,0.5112353564453125,92,863
2026-04-18,US11135F1012,AVGO,2026-04-24,call,370.0,36.73,36.25,38.75,0.6124306335449221,166,1156
2026-04-18,US11135F1012,AVGO,2026-04-24,call,375.0,32.0,30.95,34.05,0.5742230078125,200,1230
2026-04-18,US11135F1012,AVGO,2026-04-24,call,380.0,28.0,27.1,28.8,0.49121602539062503,491,2126
2026-04-18,US11135F1012,AVGO,2026-04-24,call,385.0,23.75,22.6,24.85,0.49609878906250005,226,698
2026-04-18,US11135F1012,AVGO,2026-04-24,call,390.0,19.66,19.4,20.6,0.4674125524902344,466,1287
2026-04-18,US11135F1012,AVGO,2026-04-24,call,395.0,16.16,15.8,16.5,0.43604079589843747,556,2357
2026-04-18,US11135F1012,AVGO,2026-04-24,call,400.0,12.74,12.5,13.0,0.4205380212402344,1353,3595
2026-04-18,US11135F1012,AVGO,2026-04-24,call,405.0,9.8,9.6,10.0,0.41089456298828125,512,674
2026-04-18,US11135F1012,AVGO,2026-04-24,call,410.0,7.3,7.1,7.5,0.4046690393066406,2573,1495
2026-04-18,US11135F1012,AVGO,2026-04-24,call,415.0,5.48,5.25,5.5,0.40155627746582034,1257,598
2026-04-18,US11135F1012,AVGO,2026-04-24,call,420.0,3.91,3.7,4.0,0.40332627929687503,1776,502
2026-04-18,US11135F1012,AVGO,2026-04-24,call,425.0,2.69,2.57,2.77,0.40064075927734377,672,384
2026-04-18,US11135F1012,AVGO,2026-04-24,call,430.0,1.8,1.75,1.91,0.4019835192871094,1383,339
2026-04-18,US11135F1012,AVGO,2026-04-24,call,435.0,1.22,1.19,1.29,0.4035704174804688,820,234
2026-04-18,US11135F1012,AVGO,2026-04-24,call,440.0,0.84,0.79,0.89,0.4094297338867187,441,149
2026-04-18,US11135F1012,AVGO,2026-04-24,call,445.0,0.56,0.5,0.66,0.422857333984375,83,50
2026-04-18,US11135F1012,AVGO,2026-04-24,call,450.0,0.43,0.35,0.42,0.422857333984375,604,129
2026-04-18,US11135F1012,AVGO,2026-04-24,call,455.0,0.25,0.1,0.29,0.43018147949218755,63,40
2026-04-18,US11135F1012,AVGO,2026-04-24,call,460.0,0.14,0.13,0.4,0.4907277490234375,1,38
2026-04-18,US11135F1012,AVGO,2026-04-24,call,465.0,0.15,0.05,0.21,0.4726615234375,51,107
2026-04-18,US11135F1012,AVGO,2026-04-24,call,470.0,0.12,0.01,0.33,0.5410202148437502,24,81
2026-04-18,US11135F1012,AVGO,2026-04-24,call,475.0,0.05,0.03,0.16,0.514653291015625,102,30
2026-04-18,US11135F1012,AVGO,2026-04-24,call,480.0,0.05,0.01,0.11,0.51758294921875,519,9
2026-04-18,US11135F1012,AVGO,2026-04-24,call,485.0,0.23,0.02,0.14,0.524418818359375,1,16
2026-04-18,US11135F1012,AVGO,2026-04-24,call,490.0,0.08,0.0,0.14,0.5429733203125001,11,381
2026-04-18,US11135F1012,AVGO,2026-04-24,call,495.0,0.14,0.0,0.38,0.6435582519531251,,3
2026-04-18,US11135F1012,AVGO,2026-04-24,call,500.0,0.13,0.0,0.38,0.6709017285156251,20,35
2026-04-18,US11135F1012,AVGO,2026-04-24,put,165.0,0.01,0.0,0.01,1.875000625,32,255
2026-04-18,US11135F1012,AVGO,2026-04-24,put,170.0,0.01,0.0,0.01,1.8125009374999999,24,269
2026-04-18,US11135F1012,AVGO,2026-04-24,put,175.0,0.35,0.0,1.09,2.8066436083984376,1,22
2026-04-18,US11135F1012,AVGO,2026-04-24,put,180.0,0.03,0.0,0.29,2.3046917382812495,18,36
2026-04-18,US11135F1012,AVGO,2026-04-24,put,185.0,0.07,0.0,0.13,2.0546923632812497,56,49
2026-04-18,US11135F1012,AVGO,2026-04-24,put,190.0,0.15,0.0,1.0,2.5234411914062496,4,530
2026-04-18,US11135F1012,AVGO,2026-04-24,put,195.0,0.02,0.0,1.87,2.684573601074219,1,9
2026-04-18,US11135F1012,AVGO,2026-04-24,put,200.0,0.01,0.0,0.02,1.5937520312499998,18,255
2026-04-18,US11135F1012,AVGO,2026-04-24,put,205.0,0.35,0.0,1.99,2.545413792724609,1,21
2026-04-18,US11135F1012,AVGO,2026-04-24,put,210.0,0.05,0.01,0.12,1.7421887890624999,14,93
2026-04-18,US11135F1012,AVGO,2026-04-24,put,215.0,0.07,0.0,1.99,2.3867227832031244,6,37
2026-04-18,US11135F1012,AVGO,2026-04-24,put,220.0,0.05,0.0,0.54,1.9101566992187502,2,48
2026-04-18,US11135F1012,AVGO,2026-04-24,put,225.0,0.17,0.01,0.02,1.3750031249999999,3,45
2026-04-18,US11135F1012,AVGO,2026-04-24,put,230.0,0.1,0.01,0.02,1.3281283593749997,2,147
2026-04-18,US11135F1012,AVGO,2026-04-24,put,235.0,0.05,0.0,0.94,1.857422587890625,19,118
2026-04-18,US11135F1012,AVGO,2026-04-24,put,240.0,0.26,0.01,0.14,1.43359658203125,3,89
2026-04-18,US11135F1012,AVGO,2026-04-24,put,245.0,0.01,0.0,0.26,1.46484642578125,3,482
2026-04-18,US11135F1012,AVGO,2026-04-24,put,250.0,0.03,0.0,0.93,1.6669938525390626,22,3873
2026-04-18,US11135F1012,AVGO,2026-04-24,put,255.0,0.03,0.01,0.12,1.26172244140625,3,177
2026-04-18,US11135F1012,AVGO,2026-04-24,put,260.0,0.02,0.01,0.52,1.4296903515625,2009,2232
2026-04-18,US11135F1012,AVGO,2026-04-24,put,265.0,0.02,0.01,0.1,1.1445355273437499,19,356
2026-04-18,US11135F1012,AVGO,2026-04-24,put,270.0,0.01,0.01,0.02,0.9687503125,32,533
2026-04-18,US11135F1012,AVGO,2026-04-24,put,275.0,0.04,0.01,0.04,0.9765627343750001,42,141
2026-04-18,US11135F1012,AVGO,2026-04-24,put,280.0,0.04,0.02,0.05,0.9648441015625,10,532
2026-04-18,US11135F1012,AVGO,2026-04-24,put,285.0,0.04,0.03,0.04,0.92187578125,139,537
2026-04-18,US11135F1012,AVGO,2026-04-24,put,290.0,0.03,0.0,0.03,0.8125018749999999,32,1357
2026-04-18,US11135F1012,AVGO,2026-04-24,put,292.5,0.05,0.01,0.1,0.8984385156249999,400,60
2026-04-18,US11135F1012,AVGO,2026-04-24,put,295.0,0.03,0.0,0.03,0.773439765625,23,607
2026-04-18,US11135F1012,AVGO,2026-04-24,put,297.5,0.03,0.0,0.03,0.7578149218750001,1,18
2026-04-18,US11135F1012,AVGO,2026-04-24,put,300.0,0.03,0.0,0.09,0.8203142968749999,32,1004
2026-04-18,US11135F1012,AVGO,2026-04-24,put,302.5,0.37,0.0,0.33,0.92773509765625,20,25
2026-04-18,US11135F1012,AVGO,2026-04-24,put,305.0,0.11,0.01,0.28,0.8906260937499999,4,719
2026-04-18,US11135F1012,AVGO,2026-04-24,put,307.5,0.15,0.01,0.31,0.8789074609374999,1,17
2026-04-18,US11135F1012,AVGO,2026-04-24,put,310.0,0.01,0.0,0.06,0.7070341796875,15,355
2026-04-18,US11135F1012,AVGO,2026-04-24,put,312.5,0.15,0.0,0.29,0.823243955078125,2,58
2026-04-18,US11135F1012,AVGO,2026-04-24,put,315.0,0.06,0.01,0.08,0.6992217578125001,17,334
2026-04-18,US11135F1012,AVGO,2026-04-24,put,317.5,0.06,0.01,0.38,0.8105487695312499,91,55
2026-04-18,US11135F1012,AVGO,2026-04-24,put,320.0,0.06,0.06,0.07,0.6875031250000001,136,1839
2026-04-18,US11135F1012,AVGO,2026-04-24,put,322.5,0.02,0.05,0.07,0.6601596484375001,1,171
2026-04-18,US11135F1012,AVGO,2026-04-24,put,325.0,0.07,0.06,0.08,0.6523472265625001,19,441
2026-04-18,US11135F1012,AVGO,2026-04-24,put,327.5,0.17,0.02,0.1,0.6210975390625001,5,583
2026-04-18,US11135F1012,AVGO,2026-04-24,put,330.0,0.08,0.05,0.08,0.6074258007812501,138,438
2026-04-18,US11135F1012,AVGO,2026-04-24,put,332.5,0.1,0.01,0.25,0.639652041015625,9,1287
2026-04-18,US11135F1012,AVGO,2026-04-24,put,335.0,0.09,0.05,0.11,0.5820354296875,75,345
2026-04-18,US11135F1012,AVGO,2026-04-24,put,337.5,0.1,0.07,0.12,0.5742230078125,18,127
2026-04-18,US11135F1012,AVGO,2026-04-24,put,340.0,0.13,0.1,0.17,0.5800823242187501,63,1218
2026-04-18,US11135F1012,AVGO,2026-04-24,put,342.5,0.12,0.06,0.14,0.5371140039062501,14,474
2026-04-18,US11135F1012,AVGO,2026-04-24,put,345.0,0.17,0.11,0.16,0.5380905566406251,82,444
2026-04-18,US11135F1012,AVGO,2026-04-24,put,347.5,0.17,0.1,0.21,0.5273484765625001,21,117
2026-04-18,US11135F1012,AVGO,2026-04-24,put,350.0,0.19,0.16,0.23,0.523442265625,826,1944
2026-04-18,US11135F1012,AVGO,2026-04-24,put,352.5,0.22,0.16,0.25,0.50586431640625,286,64
2026-04-18,US11135F1012,AVGO,2026-04-24,put,355.0,0.27,0.2,0.3,0.500005,172,1090
2026-04-18,US11135F1012,AVGO,2026-04-24,put,357.5,0.32,0.31,0.41,0.508793974609375,61,156
2026-04-18,US11135F1012,AVGO,2026-04-24,put,360.0,0.37,0.36,0.48,0.5122119091796875,641,679
2026-04-18,US11135F1012,AVGO,2026-04-24,put,362.5,0.45,0.39,0.5,0.49219257812500006,209,343
2026-04-18,US11135F1012,AVGO,2026-04-24,put,365.0,0.55,0.5,0.69,0.5007374145507812,259,622
2026-04-18,US11135F1012,AVGO,2026-04-24,put,370.0,0.75,0.73,0.95,0.4848684326171875,517,1399
2026-04-18,US11135F1012,AVGO,2026-04-24,put,375.0,1.08,1.01,1.31,0.4699760034179688,1546,978
2026-04-18,US11135F1012,AVGO,2026-04-24,put,380.0,1.56,1.55,1.59,0.43774976318359377,2012,980
2026-04-18,US11135F1012,AVGO,2026-04-24,put,385.0,2.3,2.14,2.3,0.42969320312500003,485,275
2026-04-18,US11135F1012,AVGO,2026-04-24,put,390.0,3.1,3.0,3.25,0.4211483666992188,942,814
2026-04-18,US11135F1012,AVGO,2026-04-24,put,395.0,4.37,4.1,4.6,0.4177304321289062,318,138
2026-04-18,US11135F1012,AVGO,2026-04-24,put,400.0,6.0,5.8,6.15,0.4061338684082031,1005,657
2026-04-18,US11135F1012,AVGO,2026-04-24,put,405.0,8.0,7.9,8.5,0.4126645648193359,473,36
2026-04-18,US11135F1012,AVGO,2026-04-24,put,410.0,10.56,10.4,11.25,0.4176693975830078,100,57
2026-04-18,US11135F1012,AVGO,2026-04-24,put,415.0,15.5,13.15,14.35,0.41992767578125,1,30
2026-04-18,US11135F1012,AVGO,2026-04-24,put,420.0,17.12,16.6,17.85,0.4234676794433594,12,11
2026-04-18,US11135F1012,AVGO,2026-04-24,put,425.0,45.71,20.35,22.15,0.45386288330078123,1,1
2026-04-18,US11135F1012,AVGO,2026-04-24,put,480.0,139.85,71.55,75.5,0.8698743481445312,,0
2026-04-18,US11135F1012,AVGO,2026-04-24,put,490.0,148.04,81.7,84.7,0.8474136352539061,,0
2026-04-18,US11135F1012,AVGO,2026-04-24,put,500.0,100.05,91.7,94.7,0.9172371557617188,5,2
2026-04-18,US11135F1012,AVGO,2026-05-01,call,180.0,151.65,224.8,228.05,2.258793415527343,2,2
2026-04-18,US11135F1012,AVGO,2026-05-01,call,185.0,161.65,219.95,223.05,2.1904342114257807,1,0
2026-04-18,US11135F1012,AVGO,2026-05-01,call,195.0,131.05,209.95,213.05,2.059086883544922,,1
2026-04-18,US11135F1012,AVGO,2026-05-01,call,200.0,102.99,204.8,208.05,1.9956054907226561,15,16
2026-04-18,US11135F1012,AVGO,2026-05-01,call,205.0,98.86,200.0,203.1,1.0781296093750001,1,1
2026-04-18,US11135F1012,AVGO,2026-05-01,call,235.0,61.65,169.9,173.15,1.6103535107421876,10,10
2026-04-18,US11135F1012,AVGO,2026-05-01,call,240.0,157.83,164.9,168.15,1.5566428417968747,1,8
2026-04-18,US11135F1012,AVGO,2026-05-01,call,245.0,82.45,160.05,163.15,0.9531254687499999,1,21
2026-04-18,US11135F1012,AVGO,2026-05-01,call,250.0,146.1,154.9,158.15,1.4523953161621095,2,10
2026-04-18,US11135F1012,AVGO,2026-05-01,call,255.0,55.9,150.1,153.2,0.9414068359375,2,24
2026-04-18,US11135F1012,AVGO,2026-05-01,call,260.0,48.25,145.0,148.2,0.8476577734374999,2,2
2026-04-18,US11135F1012,AVGO,2026-05-01,call,265.0,64.96,140.15,143.2,0.89257919921875,1,11
2026-04-18,US11135F1012,AVGO,2026-05-01,call,270.0,128.75,135.0,138.25,0.8125018749999999,1,34
2026-04-18,US11135F1012,AVGO,2026-05-01,call,275.0,121.37,130.15,133.25,0.8388687988281249,10,10
2026-04-18,US11135F1012,AVGO,2026-05-01,call,280.0,95.06,125.05,128.3,0.78711150390625,2,28
2026-04-18,US11135F1012,AVGO,2026-05-01,call,285.0,118.31,120.2,123.3,0.79687703125,4,30
2026-04-18,US11135F1012,AVGO,2026-05-01,call,290.0,102.89,115.1,118.35,0.7500025,4,28
2026-04-18,US11135F1012,AVGO,2026-05-01,call,295.0,98.18,110.3,113.35,0.7592797509765626,1,47
2026-04-18,US11135F1012,AVGO,2026-05-01,call,300.0,104.07,105.3,108.4,0.7329128271484374,25,226
2026-04-18,US11135F1012,AVGO,2026-05-01,call,305.0,101.96,100.4,103.45,0.7211941943359376,16,74
2026-04-18,US11135F1012,AVGO,2026-05-01,call,310.0,93.85,95.4,98.5,0.692385888671875,1,203
2026-04-18,US11135F1012,AVGO,2026-05-01,call,315.0,92.05,90.3,93.55,0.65039412109375,16,232
2026-04-18,US11135F1012,AVGO,2026-05-01,call,320.0,84.94,85.55,88.4,0.6279334082031252,10,1079
2026-04-18,US11135F1012,AVGO,2026-05-01,call,325.0,82.12,80.7,83.55,0.624027197265625,25,573
2026-04-18,US11135F1012,AVGO,2026-05-01,call,330.0,75.55,75.5,78.8,0.5922892333984376,3,408
2026-04-18,US11135F1012,AVGO,2026-05-01,call,335.0,71.35,70.8,73.9,0.5874064697265625,30,559
2026-04-18,US11135F1012,AVGO,2026-05-01,call,340.0,64.91,65.8,69.0,0.5568891967773439,18,717
2026-04-18,US11135F1012,AVGO,2026-05-01,call,345.0,61.45,61.15,64.15,0.5489547058105471,42,347
2026-04-18,US11135F1012,AVGO,2026-05-01,call,350.0,57.49,56.6,59.35,0.5421188366699221,71,1290
2026-04-18,US11135F1012,AVGO,2026-05-01,call,355.0,52.26,52.3,54.65,0.5426071130371095,57,966
2026-04-18,US11135F1012,AVGO,2026-05-01,call,360.0,48.63,47.7,50.0,0.5266160620117188,75,710
2026-04-18,US11135F1012,AVGO,2026-05-01,call,365.0,42.35,42.8,45.3,0.5667767932128907,90,517
2026-04-18,US11135F1012,AVGO,2026-05-01,call,370.0,39.13,37.75,41.0,0.5532271240234375,268,1196
2026-04-18,US11135F1012,AVGO,2026-05-01,call,375.0,33.85,33.9,36.45,0.523320196533203,129,655
2026-04-18,US11135F1012,AVGO,2026-05-01,call,380.0,31.25,29.65,32.25,0.5047046600341796,227,1311
2026-04-18,US11135F1012,AVGO,2026-05-01,call,385.0,24.5,25.55,28.0,0.47900911621093745,188,1623
2026-04-18,US11135F1012,AVGO,2026-05-01,call,390.0,23.11,23.1,24.65,0.48053497985839844,741,1395
2026-04-18,US11135F1012,AVGO,2026-05-01,call,395.0,20.1,19.75,21.55,0.48187773986816407,334,686
2026-04-18,US11135F1012,AVGO,2026-05-01,call,400.0,17.16,16.75,17.7,0.45050598327636715,711,1123
2026-04-18,US11135F1012,AVGO,2026-05-01,call,405.0,14.3,14.05,14.55,0.4343318286132813,251,413
2026-04-18,US11135F1012,AVGO,2026-05-01,call,410.0,12.06,10.8,12.35,0.4393976959228516,439,671
2026-04-18,US11135F1012,AVGO,2026-05-01,call,415.0,9.64,9.4,10.0,0.4307307904052735,68,1671
2026-04-18,US11135F1012,AVGO,2026-05-01,call,420.0,7.8,7.55,8.0,0.42413905944824215,334,351
2026-04-18,US11135F1012,AVGO,2026-05-01,call,425.0,6.26,6.0,6.6,0.42889975402832037,165,71
2026-04-18,US11135F1012,AVGO,2026-05-01,call,430.0,5.01,4.75,5.8,0.4480646014404296,273,212
2026-04-18,US11135F1012,AVGO,2026-05-01,call,435.0,4.0,3.65,4.15,0.42664147583007817,19,1151
2026-04-18,US11135F1012,AVGO,2026-05-01,call,440.0,3.0,2.76,3.25,0.42639733764648446,128,115
2026-04-18,US11135F1012,AVGO,2026-05-01,call,445.0,2.3,2.17,2.75,0.4385432122802735,9,33
2026-04-18,US11135F1012,AVGO,2026-05-01,call,450.0,1.75,1.7,1.99,0.42969320312500003,130,204
2026-04-18,US11135F1012,AVGO,2026-05-01,call,455.0,1.2,1.25,1.54,0.4312801013183594,52,118
2026-04-18,US11135F1012,AVGO,2026-05-01,call,460.0,0.98,1.0,1.27,0.4401911450195312,11,44
2026-04-18,US11135F1012,AVGO,2026-05-01,call,465.0,0.76,0.57,0.99,0.44312080322265623,15,6
2026-04-18,US11135F1012,AVGO,2026-05-01,call,470.0,0.65,0.57,0.71,0.43921459228515625,8,9
2026-04-18,US11135F1012,AVGO,2026-05-01,call,475.0,0.45,0.17,0.9,0.4865773999023438,4,25
2026-04-18,US11135F1012,AVGO,2026-05-01,call,480.0,0.43,0.31,0.44,0.44873598144531246,7,151
2026-04-18,US11135F1012,AVGO,2026-05-01,call,485.0,0.28,0.19,0.39,0.4621635815429688,5,12
2026-04-18,US11135F1012,AVGO,2026-05-01,call,490.0,0.3,0.1,0.3,0.46484910156250003,1,4
2026-04-18,US11135F1012,AVGO,2026-05-01,call,495.0,0.2,0.15,0.23,0.4672904833984375,22,3
2026-04-18,US11135F1012,AVGO,2026-05-01,call,500.0,0.16,0.1,0.27,0.4985401708984375,6,19
2026-04-18,US11135F1012,AVGO,2026-05-01,put,170.0,0.09,0.01,0.17,1.65234548828125,28,140
2026-04-18,US11135F1012,AVGO,2026-05-01,put,175.0,0.03,0.01,0.17,1.5976582617187498,60,150
2026-04-18,US11135F1012,AVGO,2026-05-01,put,180.0,0.16,0.01,0.1,1.4765651171875,6,42
2026-04-18,US11135F1012,AVGO,2026-05-01,put,185.0,0.18,0.01,0.79,1.7861338818359376,9,32
2026-04-18,US11135F1012,AVGO,2026-05-01,put,190.0,0.02,0.0,1.92,1.9672853198242186,10,12
2026-04-18,US11135F1012,AVGO,2026-05-01,put,195.0,0.1,0.0,1.89,1.9018559594726563,1,2
2026-04-18,US11135F1012,AVGO,2026-05-01,put,200.0,0.03,0.0,1.85,1.8359383203124997,1,48
2026-04-18,US11135F1012,AVGO,2026-05-01,put,205.0,0.01,0.0,1.0,1.6201190869140625,1,5
2026-04-18,US11135F1012,AVGO,2026-05-01,put,210.0,0.08,0.0,1.72,1.7021499267578126,2,23
2026-04-18,US11135F1012,AVGO,2026-05-01,put,215.0,0.01,0.0,1.65,1.6372088452148437,2,25
2026-04-18,US11135F1012,AVGO,2026-05-01,put,220.0,0.1,0.0,1.56,1.5703146484375,3,28
2026-04-18,US11135F1012,AVGO,2026-05-01,put,225.0,0.3,0.01,1.17,1.455080849609375,2,65
2026-04-18,US11135F1012,AVGO,2026-05-01,put,230.0,0.08,0.0,1.29,1.425295842285156,1,194
2026-04-18,US11135F1012,AVGO,2026-05-01,put,235.0,0.29,0.0,0.65,1.2480506347656248,3,156
2026-04-18,US11135F1012,AVGO,2026-05-01,put,240.0,0.05,0.01,0.19,1.0429735351562504,3,140
2026-04-18,US11135F1012,AVGO,2026-05-01,put,245.0,0.21,0.0,0.57,1.1416058544921874,11,335
2026-04-18,US11135F1012,AVGO,2026-05-01,put,250.0,0.04,0.0,0.08,0.8828136718749999,1026,3123
2026-04-18,US11135F1012,AVGO,2026-05-01,put,255.0,0.06,0.01,0.1,0.87500125,2,190
2026-04-18,US11135F1012,AVGO,2026-05-01,put,260.0,0.05,0.01,0.09,0.8359391406249999,4,196
2026-04-18,US11135F1012,AVGO,2026-05-01,put,265.0,0.07,0.02,0.1,0.8164080859374999,13,113
2026-04-18,US11135F1012,AVGO,2026-05-01,put,270.0,0.11,0.04,0.12,0.8085956640624999,5,190
2026-04-18,US11135F1012,AVGO,2026-05-01,put,275.0,0.09,0.03,0.13,0.7753928710937501,15,1295
2026-04-18,US11135F1012,AVGO,2026-05-01,put,280.0,0.13,0.06,0.14,0.7617211328125001,24,293
2026-04-18,US11135F1012,AVGO,2026-05-01,put,285.0,0.1,0.04,0.17,0.7324245507812499,77,144
2026-04-18,US11135F1012,AVGO,2026-05-01,put,290.0,0.1,0.1,0.35,0.7695335546875001,15,521
2026-04-18,US11135F1012,AVGO,2026-05-01,put,295.0,0.14,0.08,0.2,0.6914093359375001,26,148
2026-04-18,US11135F1012,AVGO,2026-05-01,put,300.0,0.18,0.15,0.34,0.70898728515625,137,997
2026-04-18,US11135F1012,AVGO,2026-05-01,put,305.0,0.22,0.09,0.31,0.6562534375000001,16,933
2026-04-18,US11135F1012,AVGO,2026-05-01,put,310.0,0.31,0.2,0.48,0.6728548339843752,8,1146
2026-04-18,US11135F1012,AVGO,2026-05-01,put,315.0,0.29,0.14,0.39,0.6152382226562501,54,558
2026-04-18,US11135F1012,AVGO,2026-05-01,put,320.0,0.41,0.12,0.41,0.5820354296875,108,977
2026-04-18,US11135F1012,AVGO,2026-05-01,put,325.0,0.4,0.33,0.48,0.5864299169921875,59,606
2026-04-18,US11135F1012,AVGO,2026-05-01,put,330.0,0.65,0.43,0.64,0.5788616333007812,17,238
2026-04-18,US11135F1012,AVGO,2026-05-01,put,335.0,0.68,0.52,0.67,0.5542036767578126,65,337
2026-04-18,US11135F1012,AVGO,2026-05-01,put,340.0,0.75,0.59,0.81,0.5346726220703125,55,573
2026-04-18,US11135F1012,AVGO,2026-05-01,put,345.0,0.99,0.77,0.94,0.5192919165039063,93,220
2026-04-18,US11135F1012,AVGO,2026-05-01,put,350.0,1.12,1.04,1.16,0.5095263891601562,60,368
2026-04-18,US11135F1012,AVGO,2026-05-01,put,355.0,1.4,1.15,1.5,0.507817421875,123,465
2026-04-18,US11135F1012,AVGO,2026-05-01,put,360.0,1.75,1.51,1.8,0.4907277490234375,209,373
2026-04-18,US11135F1012,AVGO,2026-05-01,put,365.0,2.14,1.98,2.29,0.48169463623046876,55,328
2026-04-18,US11135F1012,AVGO,2026-05-01,put,370.0,2.72,2.48,2.88,0.4720511779785156,237,299
2026-04-18,US11135F1012,AVGO,2026-05-01,put,375.0,3.45,3.15,3.5,0.45740288696289066,91,405
2026-04-18,US11135F1012,AVGO,2026-05-01,put,380.0,4.3,4.0,4.45,0.4514825360107422,753,1440
2026-04-18,US11135F1012,AVGO,2026-05-01,put,385.0,5.29,5.05,5.7,0.4495904650878906,94,165
2026-04-18,US11135F1012,AVGO,2026-05-01,put,390.0,6.65,6.4,7.0,0.44086252502441403,677,393
2026-04-18,US11135F1012,AVGO,2026-05-01,put,395.0,8.82,7.85,8.65,0.4361628649902344,111,285
2026-04-18,US11135F1012,AVGO,2026-05-01,put,400.0,10.0,10.0,10.5,0.4292049267578125,260,830
2026-04-18,US11135F1012,AVGO,2026-05-01,put,410.0,17.09,14.45,15.35,0.4249325085449219,4,25
2026-04-18,US11135F1012,AVGO,2026-05-01,put,420.0,20.8,20.35,21.95,0.4405573522949219,20,16
2026-04-18,US11135F1012,AVGO,2026-05-01,put,425.0,28.65,23.65,25.5,0.44446356323242187,10,5
2026-04-18,US11135F1012,AVGO,2026-05-01,put,445.0,55.0,38.6,41.75,0.4660087579345704,4,4
2026-04-18,US11135F1012,AVGO,2026-05-01,put,460.0,113.88,52.45,55.4,0.4901174035644532,,
2026-04-18,US11135F1012,AVGO,2026-05-08,call,175.0,129.9,229.85,233.85,1.501955615234375,2,1
2026-04-18,US11135F1012,AVGO,2026-05-08,call,195.0,121.56,209.85,213.7,1.2773473632812498,,1
2026-04-18,US11135F1012,AVGO,2026-05-08,call,235.0,170.47,170.25,174.05,1.1147505200195313,2,1
2026-04-18,US11135F1012,AVGO,2026-05-08,call,250.0,155.8,154.95,159.1,0.9677737597656251,85,6
2026-04-18,US11135F1012,AVGO,2026-05-08,call,260.0,135.36,145.2,149.2,0.9423833886718749,2,14
2026-04-18,US11135F1012,AVGO,2026-05-08,call,265.0,125.69,140.2,144.2,0.9067392138671875,6,6
2026-04-18,US11135F1012,AVGO,2026-05-08,call,270.0,128.76,135.15,139.25,0.8720715917968749,1,11
2026-04-18,US11135F1012,AVGO,2026-05-08,call,275.0,60.1,130.25,134.3,0.8530288134765626,1,41
2026-04-18,US11135F1012,AVGO,2026-05-08,call,280.0,123.18,125.25,129.35,0.8237322314453124,1,9
2026-04-18,US11135F1012,AVGO,2026-05-08,call,285.0,48.0,120.3,124.35,0.7944356494140624,3,4
2026-04-18,US11135F1012,AVGO,2026-05-08,call,290.0,105.7,115.35,119.45,0.7731956274414062,1,32
2026-04-18,US11135F1012,AVGO,2026-05-08,call,295.0,104.17,110.4,114.55,0.7509790527343749,1,14
2026-04-18,US11135F1012,AVGO,2026-05-08,call,300.0,107.5,105.5,109.55,0.7246121289062499,1,21
2026-04-18,US11135F1012,AVGO,2026-05-08,call,305.0,75.77,100.85,103.95,0.674075524902344,11,97
2026-04-18,US11135F1012,AVGO,2026-05-08,call,310.0,88.35,95.9,99.05,0.6521030883789063,1,42
2026-04-18,US11135F1012,AVGO,2026-05-08,call,315.0,91.82,91.05,94.8,0.6709017285156251,1,83
2026-04-18,US11135F1012,AVGO,2026-05-08,call,320.0,77.89,86.1,89.9,0.6444127355957032,20,61
2026-04-18,US11135F1012,AVGO,2026-05-08,call,325.0,79.28,81.25,85.0,0.6218299536132813,6,88
2026-04-18,US11135F1012,AVGO,2026-05-08,call,330.0,74.57,76.45,79.55,0.5769085278320312,14,282
2026-04-18,US11135F1012,AVGO,2026-05-08,call,335.0,69.9,71.65,74.75,0.5600629931640625,21,472
2026-04-18,US11135F1012,AVGO,2026-05-08,call,340.0,64.98,66.9,70.0,0.5446822875976562,11,157
2026-04-18,US11135F1012,AVGO,2026-05-08,call,345.0,61.37,62.4,65.1,0.5301560656738282,844,173
2026-04-18,US11135F1012,AVGO,2026-05-08,call,350.0,56.76,57.45,60.6,0.5113574255371094,82,683
2026-04-18,US11135F1012,AVGO,2026-05-08,call,355.0,53.15,52.9,56.0,0.5730023168945313,14,180
2026-04-18,US11135F1012,AVGO,2026-05-08,call,360.0,47.6,48.75,51.15,0.539189178466797,34,201
2026-04-18,US11135F1012,AVGO,2026-05-08,call,365.0,43.37,44.4,47.05,0.534184345703125,10,201
2026-04-18,US11135F1012,AVGO,2026-05-08,call,370.0,41.43,39.8,42.45,0.5064746618652343,34,455
2026-04-18,US11135F1012,AVGO,2026-05-08,call,375.0,35.12,36.5,38.75,0.5073291455078125,9,243
2026-04-18,US11135F1012,AVGO,2026-05-08,call,380.0,33.28,32.0,34.5,0.48511257080078124,210,435
2026-04-18,US11135F1012,AVGO,2026-05-08,call,385.0,27.68,29.25,30.35,0.46271289245605474,10,287
2026-04-18,US11135F1012,AVGO,2026-05-08,call,390.0,25.1,25.05,26.8,0.45380184875488283,84,548
2026-04-18,US11135F1012,AVGO,2026-05-08,call,395.0,23.2,22.45,23.55,0.4478204632568359,558,122
2026-04-18,US11135F1012,AVGO,2026-05-08,call,400.0,20.0,19.65,20.9,0.45203184692382814,158,714
2026-04-18,US11135F1012,AVGO,2026-05-08,call,405.0,16.95,16.8,18.0,0.443639596862793,309,173
2026-04-18,US11135F1012,AVGO,2026-05-08,call,410.0,14.8,14.15,15.35,0.4359187268066406,74,133
2026-04-18,US11135F1012,AVGO,2026-05-08,call,415.0,11.95,12.1,12.6,0.4195614685058594,23,168
2026-04-18,US11135F1012,AVGO,2026-05-08,call,420.0,10.5,10.25,11.1,0.4297847549438477,343,1104
2026-04-18,US11135F1012,AVGO,2026-05-08,call,425.0,8.3,8.6,9.55,0.43329424133300787,83,142
2026-04-18,US11135F1012,AVGO,2026-05-08,call,430.0,7.35,6.8,7.5,0.4167538793945312,731,185
2026-04-18,US11135F1012,AVGO,2026-05-08,call,435.0,5.5,5.9,6.65,0.4294490649414063,4,102
2026-04-18,US11135F1012,AVGO,2026-05-08,call,440.0,4.62,4.7,5.2,0.4181576739501953,25,129
2026-04-18,US11135F1012,AVGO,2026-05-08,call,445.0,3.56,3.9,4.25,0.41736422485351554,7,77
2026-04-18,US11135F1012,AVGO,2026-05-08,call,450.0,3.15,3.05,3.5,0.41870698486328123,119,108
2026-04-18,US11135F1012,AVGO,2026-05-08,call,455.0,2.37,2.55,2.86,0.41968353759765625,4,122
2026-04-18,US11135F1012,AVGO,2026-05-08,call,460.0,1.9,1.96,2.5,0.4294490649414063,55,64
2026-04-18,US11135F1012,AVGO,2026-05-08,call,465.0,1.64,1.38,1.94,0.4249325085449219,84,84
2026-04-18,US11135F1012,AVGO,2026-05-08,call,470.0,1.11,1.29,1.48,0.42017181396484377,22,9
2026-04-18,US11135F1012,AVGO,2026-05-08,call,475.0,1.03,0.99,1.2,0.42236905761718746,22,127
2026-04-18,US11135F1012,AVGO,2026-05-08,put,180.0,0.1,0.0,0.3,1.3359408203124996,1,31
2026-04-18,US11135F1012,AVGO,2026-05-08,put,200.0,0.09,0.0,1.56,1.4594753588867184,10,17
2026-04-18,US11135F1012,AVGO,2026-05-08,put,210.0,0.27,0.0,1.31,1.3325228686523434,6,31
2026-04-18,US11135F1012,AVGO,2026-05-08,put,215.0,0.94,0.0,1.16,1.2666052294921872,1,11
2026-04-18,US11135F1012,AVGO,2026-05-08,put,220.0,0.09,0.0,0.99,1.197269638671875,1,12
2026-04-18,US11135F1012,AVGO,2026-05-08,put,225.0,0.26,0.0,0.6,1.0800827246093752,2,21
2026-04-18,US11135F1012,AVGO,2026-05-08,put,230.0,0.08,0.01,0.81,1.0888717431640624,1,14
2026-04-18,US11135F1012,AVGO,2026-05-08,put,235.0,0.18,0.0,0.82,1.0517625537109376,8,22
2026-04-18,US11135F1012,AVGO,2026-05-08,put,240.0,0.09,0.0,0.52,0.95507857421875,27,39
2026-04-18,US11135F1012,AVGO,2026-05-08,put,245.0,0.14,0.08,0.12,0.82226740234375,4,2561
2026-04-18,US11135F1012,AVGO,2026-05-08,put,250.0,0.11,0.05,0.12,0.7773459765625,69,385
2026-04-18,US11135F1012,AVGO,2026-05-08,put,255.0,0.2,0.01,0.17,0.7539087109375,2,124
2026-04-18,US11135F1012,AVGO,2026-05-08,put,260.0,0.53,0.04,0.19,0.74414318359375,3,105
2026-04-18,US11135F1012,AVGO,2026-05-08,put,265.0,0.15,0.02,0.21,0.7158231542968749,9,129
2026-04-18,US11135F1012,AVGO,2026-05-08,put,270.0,0.17,0.11,0.24,0.7226590234375,9,180
2026-04-18,US11135F1012,AVGO,2026-05-08,put,275.0,0.24,0.15,0.28,0.711916943359375,3,125
2026-04-18,US11135F1012,AVGO,2026-05-08,put,280.0,0.22,0.18,0.32,0.6962920996093751,32,537
2026-04-18,US11135F1012,AVGO,2026-05-08,put,285.0,0.32,0.06,0.58,0.6899445068359377,2,696
2026-04-18,US11135F1012,AVGO,2026-05-08,put,290.0,0.37,0.3,0.42,0.6718782812500002,5,464
2026-04-18,US11135F1012,AVGO,2026-05-08,put,295.0,0.33,0.32,0.46,0.649417568359375,3,117
2026-04-18,US11135F1012,AVGO,2026-05-08,put,300.0,0.45,0.33,0.62,0.6391637646484375,16,221
2026-04-18,US11135F1012,AVGO,2026-05-08,put,305.0,0.64,0.1,0.85,0.6088906298828126,10,55
2026-04-18,US11135F1012,AVGO,2026-05-08,put,310.0,0.58,0.55,0.73,0.6088906298828126,4,99
2026-04-18,US11135F1012,AVGO,2026-05-08,put,315.0,0.7,0.59,0.73,0.5813030151367188,36,100
2026-04-18,US11135F1012,AVGO,2026-05-08,put,320.0,0.79,0.7,0.86,0.5681195532226562,40,146
2026-04-18,US11135F1012,AVGO,2026-05-08,put,325.0,0.85,0.71,0.97,0.5446822875976562,14,131
2026-04-18,US11135F1012,AVGO,2026-05-08,put,330.0,1.0,0.96,1.11,0.5358933129882812,82,279
2026-04-18,US11135F1012,AVGO,2026-05-08,put,335.0,1.32,1.11,1.26,0.5190477783203125,14,213
2026-04-18,US11135F1012,AVGO,2026-05-08,put,340.0,1.45,1.25,1.49,0.503056727294922,83,601
2026-04-18,US11135F1012,AVGO,2026-05-08,put,345.0,1.88,1.55,1.78,0.5012256909179689,65,83
2026-04-18,US11135F1012,AVGO,2026-05-08,put,350.0,2.11,1.89,2.22,0.49561051269531253,93,1430
2026-04-18,US11135F1012,AVGO,2026-05-08,put,355.0,2.6,2.25,2.72,0.488408436279297,11,869
2026-04-18,US11135F1012,AVGO,2026-05-08,put,360.0,2.95,2.83,3.05,0.46832807067871096,43,861
2026-04-18,US11135F1012,AVGO,2026-05-08,put,365.0,3.5,3.3,3.75,0.46234668518066413,89,94
2026-04-18,US11135F1012,AVGO,2026-05-08,put,370.0,4.47,4.15,4.55,0.45526667785644537,52,173
2026-04-18,US11135F1012,AVGO,2026-05-08,put,375.0,5.19,5.0,5.45,0.4467828759765625,80,690
2026-04-18,US11135F1012,AVGO,2026-05-08,put,380.0,6.18,5.9,6.55,0.43994700683593746,31,176
2026-04-18,US11135F1012,AVGO,2026-05-08,put,385.0,7.67,7.3,7.9,0.43543045043945316,13,91
2026-04-18,US11135F1012,AVGO,2026-05-08,put,390.0,9.16,8.7,9.4,0.4294490649414063,48,87
2026-04-18,US11135F1012,AVGO,2026-05-08,put,400.0,13.0,12.5,13.15,0.4202938830566406,22,71
2026-04-18,US11135F1012,AVGO,2026-05-08,put,405.0,15.66,14.6,15.45,0.4176388803100586,42,144
2026-04-18,US11135F1012,AVGO,2026-05-08,put,430.0,33.17,29.6,31.3,0.42676354492187507,2,7
2026-04-18,US11135F1012,AVGO,2026-05-15,call,125.0,273.12,279.85,283.8,1.767579287109375,6,5
2026-04-18,US11135F1012,AVGO,2026-05-15,call,135.0,178.52,186.2,189.45,1.0000000000000003e-05,32,34
2026-04-18,US11135F1012,AVGO,2026-05-15,call,150.0,249.3,255.0,258.9,1.5781271093749998,1,1023
2026-04-18,US11135F1012,AVGO,2026-05-15,call,155.0,166.35,249.95,253.9,1.5166039794921873,1,7
2026-04-18,US11135F1012,AVGO,2026-05-15,call,160.0,156.3,245.05,248.95,1.5048852880859376,6,39
2026-04-18,US11135F1012,AVGO,2026-05-15,call,170.0,164.6,0.0,0.0,1.0000000000000003e-05,3,0
2026-04-18,US11135F1012,AVGO,2026-05-15,call,175.0,166.36,230.1,234.0,1.3896514892578122,2,23
2026-04-18,US11135F1012,AVGO,2026-05-15,call,180.0,202.44,225.05,229.0,1.337405656738281,17,41
2026-04-18,US11135F1012,AVGO,2026-05-15,call,185.0,190.5,220.1,224.05,1.3139682739257812,5,19
2026-04-18,US11135F1012,AVGO,2026-05-15,call,190.0,114.33,215.2,219.05,1.2895543334960937,1,17
2026-04-18,US11135F1012,AVGO,2026-05-15,call,195.0,200.4,210.1,214.1,1.2412147314453121,1,16
2026-04-18,US11135F1012,AVGO,2026-05-15,call,200.0,204.08,205.15,209.1,1.2099648876953122,8,169
2026-04-18,US11135F1012,AVGO,2026-05-15,call,210.0,171.4,195.2,199.15,1.147953479003906,12,174
2026-04-18,US11135F1012,AVGO,2026-05-15,call,220.0,153.4,185.25,189.15,1.0815475610351561,8,180
2026-04-18,US11135F1012,AVGO,2026-05-15,call,230.0,169.5,175.35,179.25,1.0336962377929688,15,91
2026-04-18,US11135F1012,AVGO,2026-05-15,call,240.0,135.13,165.45,169.35,0.98437515625,4,152
2026-04-18,US11135F1012,AVGO,2026-05-15,call,250.0,154.29,155.5,159.4,0.9260261303710937,11,639
2026-04-18,US11135F1012,AVGO,2026-05-15,call,260.0,146.6,145.55,148.8,0.8110370458984374,2,247
2026-04-18,US11135F1012,AVGO,2026-05-15,call,270.0,137.0,136.05,138.0,0.7194852270507812,7,363
2026-04-18,US11135F1012,AVGO,2026-05-15,call,280.0,119.02,125.85,129.1,0.7395045581054687,34,935
2026-04-18,US11135F1012,AVGO,2026-05-15,call,290.0,114.78,116.0,119.2,0.6955596850585939,9,627
2026-04-18,US11135F1012,AVGO,2026-05-15,call,300.0,108.0,107.0,109.4,0.6969024450683594,101,1214
2026-04-18,US11135F1012,AVGO,2026-05-15,call,310.0,97.95,96.95,99.0,0.6152382226562501,35,1582
2026-04-18,US11135F1012,AVGO,2026-05-15,call,320.0,88.1,87.35,89.8,0.6019326916503909,113,3213
2026-04-18,US11135F1012,AVGO,2026-05-15,call,330.0,78.5,78.5,79.9,0.5786174951171875,361,3270
2026-04-18,US11135F1012,AVGO,2026-05-15,call,340.0,69.0,68.55,70.2,0.5240526110839843,423,6235
2026-04-18,US11135F1012,AVGO,2026-05-15,call,350.0,60.34,59.6,60.95,0.5008594836425782,378,4632
2026-04-18,US11135F1012,AVGO,2026-05-15,call,360.0,51.57,50.95,51.9,0.4939015454101563,209,5131
2026-04-18,US11135F1012,AVGO,2026-05-15,call,370.0,43.4,42.9,43.8,0.4801077380371094,556,7608
2026-04-18,US11135F1012,AVGO,2026-05-15,call,380.0,35.57,35.2,36.1,0.46307909973144534,2349,5144
2026-04-18,US11135F1012,AVGO,2026-05-15,call,390.0,28.75,28.25,29.15,0.45001770690917964,492,3788
2026-04-18,US11135F1012,AVGO,2026-05-15,call,400.0,22.5,22.35,22.7,0.43231768859863284,1550,11205
2026-04-18,US11135F1012,AVGO,2026-05-15,call,410.0,17.55,17.05,17.65,0.428716650390625,3579,5519
2026-04-18,US11135F1012,AVGO,2026-05-15,call,420.0,13.0,12.95,13.35,0.42377285217285154,1552,7396
2026-04-18,US11135F1012,AVGO,2026-05-15,call,430.0,9.6,9.55,9.85,0.41925629577636714,713,4761
2026-04-18,US11135F1012,AVGO,2026-05-15,call,440.0,7.0,6.9,7.15,0.41687594848632803,659,4603
2026-04-18,US11135F1012,AVGO,2026-05-15,call,450.0,4.8,4.85,5.05,0.41394629028320307,1249,8261
2026-04-18,US11135F1012,AVGO,2026-05-15,call,460.0,3.5,3.4,3.6,0.41571629211425776,357,864
2026-04-18,US11135F1012,AVGO,2026-05-15,call,470.0,2.46,2.33,2.5,0.41608249938964836,199,718
2026-04-18,US11135F1012,AVGO,2026-05-15,call,480.0,1.68,1.61,1.75,0.4188290539550781,175,597
2026-04-18,US11135F1012,AVGO,2026-05-15,call,490.0,1.39,1.07,1.25,0.4243221630859375,204,526
2026-04-18,US11135F1012,AVGO,2026-05-15,call,500.0,0.8,0.61,0.97,0.43677321044921874,320,1734
2026-04-18,US11135F1012,AVGO,2026-05-15,call,510.0,0.6,0.38,0.64,0.43555251953125,74,2216
2026-04-18,US11135F1012,AVGO,2026-05-15,call,520.0,0.47,0.17,0.61,0.46191944335937507,3,553
2026-04-18,US11135F1012,AVGO,2026-05-15,call,530.0,0.31,0.14,0.52,0.47852083984375,1,952
2026-04-18,US11135F1012,AVGO,2026-05-15,call,540.0,0.21,0.21,0.26,0.4580132324218751,34,2230
2026-04-18,US11135F1012,AVGO,2026-05-15,call,560.0,0.15,0.01,0.15,0.47363807617187503,4,536
2026-04-18,US11135F1012,AVGO,2026-05-15,call,570.0,0.22,0.01,0.12,0.48340360351562506,1,100
2026-04-18,US11135F1012,AVGO,2026-05-15,call,580.0,0.08,0.02,0.17,0.5258836474609375,2,227
2026-04-18,US11135F1012,AVGO,2026-05-15,call,590.0,0.06,0.01,0.32,0.5459029785156251,2,199
2026-04-18,US11135F1012,AVGO,2026-05-15,call,600.0,0.05,0.01,0.07,0.516606396484375,7,2431
2026-04-18,US11135F1012,AVGO,2026-05-15,put,125.0,0.03,0.0,0.1,1.47265888671875,2,2739
2026-04-18,US11135F1012,AVGO,2026-05-15,put,130.0,0.17,0.0,1.2,1.8857427587890623,24,562
2026-04-18,US11135F1012,AVGO,2026-05-15,put,135.0,0.15,0.0,1.0,1.78125109375,2,145
2026-04-18,US11135F1012,AVGO,2026-05-15,put,140.0,0.14,0.0,0.15,1.3867218164062498,1,72
2026-04-18,US11135F1012,AVGO,2026-05-15,put,145.0,0.07,0.0,0.24,1.41015919921875,1,46
2026-04-18,US11135F1012,AVGO,2026-05-15,put,150.0,0.04,0.0,0.76,1.5625021874999998,20,385
2026-04-18,US11135F1012,AVGO,2026-05-15,put,155.0,0.04,0.0,0.2,1.2968785156249998,1,60
2026-04-18,US11135F1012,AVGO,2026-05-15,put,160.0,0.02,0.01,0.02,1.0625046875000002,36,266
2026-04-18,US11135F1012,AVGO,2026-05-15,put,165.0,0.03,0.0,0.49,1.3457063964843747,8,82
2026-04-18,US11135F1012,AVGO,2026-05-15,put,170.0,0.11,0.0,0.83,1.39453427734375,1,249
2026-04-18,US11135F1012,AVGO,2026-05-15,put,175.0,0.17,0.0,0.19,1.1367230664062502,1,385
2026-04-18,US11135F1012,AVGO,2026-05-15,put,180.0,0.05,0.0,0.2,1.107426337890625,1,108
2026-04-18,US11135F1012,AVGO,2026-05-15,put,185.0,0.05,0.0,0.35,1.1396527392578126,1,304
2026-04-18,US11135F1012,AVGO,2026-05-15,put,190.0,0.05,0.0,0.33,1.0957076464843751,5,211
2026-04-18,US11135F1012,AVGO,2026-05-15,put,195.0,0.06,0.01,0.06,0.9062509375,2,378
2026-04-18,US11135F1012,AVGO,2026-05-15,put,200.0,0.02,0.0,0.23,0.9863282617187501,1,1418
2026-04-18,US11135F1012,AVGO,2026-05-15,put,210.0,0.19,0.05,0.33,0.9785158398437501,1,1095
2026-04-18,US11135F1012,AVGO,2026-05-15,put,220.0,0.11,0.08,0.14,0.85937640625,9,1703
2026-04-18,US11135F1012,AVGO,2026-05-15,put,230.0,0.12,0.1,0.16,0.8164080859374999,2228,2228
2026-04-18,US11135F1012,AVGO,2026-05-15,put,240.0,0.21,0.15,0.39,0.831056376953125,59,6901
2026-04-18,US11135F1012,AVGO,2026-05-15,put,250.0,0.24,0.2,0.31,0.7666038964843751,225,4407
2026-04-18,US11135F1012,AVGO,2026-05-15,put,260.0,0.3,0.1,0.35,0.6992217578125001,242,5929
2026-04-18,US11135F1012,AVGO,2026-05-15,put,270.0,0.39,0.34,0.49,0.7036162451171876,59,5924
2026-04-18,US11135F1012,AVGO,2026-05-15,put,280.0,0.48,0.45,0.48,0.659183095703125,111,5008
2026-04-18,US11135F1012,AVGO,2026-05-15,put,290.0,0.6,0.57,0.71,0.6367223828125,141,5304
2026-04-18,US11135F1012,AVGO,2026-05-15,put,300.0,0.82,0.72,0.88,0.6042520043945314,616,8643
2026-04-18,US11135F1012,AVGO,2026-05-15,put,310.0,0.97,0.93,1.08,0.5727581787109376,198,4661
2026-04-18,US11135F1012,AVGO,2026-05-15,put,320.0,1.25,1.11,1.4,0.5405319384765627,921,7064
2026-04-18,US11135F1012,AVGO,2026-05-15,put,330.0,1.52,1.55,1.69,0.5117236328125,601,4548
2026-04-18,US11135F1012,AVGO,2026-05-15,put,340.0,2.17,2.11,2.22,0.4904836108398438,576,3938
2026-04-18,US11135F1012,AVGO,2026-05-15,put,350.0,3.0,2.9,3.1,0.4726615234375,751,3650
2026-04-18,US11135F1012,AVGO,2026-05-15,put,360.0,4.18,4.0,4.45,0.46106495971679695,457,3155
2026-04-18,US11135F1012,AVGO,2026-05-15,put,370.0,5.84,5.75,5.95,0.43994700683593746,462,3967
2026-04-18,US11135F1012,AVGO,2026-05-15,put,380.0,8.1,7.95,8.25,0.4280757876586915,618,1900
2026-04-18,US11135F1012,AVGO,2026-05-15,put,390.0,11.18,10.85,11.35,0.41962250305175786,315,1835
2026-04-18,US11135F1012,AVGO,2026-05-15,put,400.0,15.07,14.6,15.55,0.4185238812255859,376,1486
2026-04-18,US11135F1012,AVGO,2026-05-15,put,410.0,19.87,19.4,20.2,0.4085447329711914,317,178
2026-04-18,US11135F1012,AVGO,2026-05-15,put,420.0,27.2,25.0,26.6,0.41904267486572266,38,71
2026-04-18,US11135F1012,AVGO,2026-05-15,put,430.0,34.05,31.65,32.95,0.4105283557128906,8,25
2026-04-18,US11135F1012,AVGO,2026-05-15,put,440.0,40.07,38.9,40.7,0.41937836486816404,30,31
2026-04-18,US11135F1012,AVGO,2026-05-15,put,450.0,48.05,45.9,48.65,0.4184628466796875,35,13
2026-04-18,US11135F1012,AVGO,2026-05-15,put,460.0,59.4,54.35,57.3,0.4246883703613281,8,0
2026-04-18,US11135F1012,AVGO,2026-05-15,put,470.0,155.85,0.0,0.0,1.0000000000000003e-05,6,0
2026-04-18,US11135F1012,AVGO,2026-05-15,put,480.0,137.74,72.75,75.65,0.44287666503906253,2,0
2026-04-18,US11135F1012,AVGO,2026-05-15,put,490.0,84.95,82.35,85.2,0.45667047241210945,20,4
2026-04-18,US11135F1012,AVGO,2026-05-15,put,500.0,159.07,0.0,0.0,1.0000000000000003e-05,10,0
2026-04-18,US11135F1012,AVGO,2026-05-15,put,510.0,181.9,0.0,0.0,1.0000000000000003e-05,15,0
2026-04-18,US11135F1012,AVGO,2026-05-15,put,520.0,183.85,0.0,0.0,1.0000000000000003e-05,,0
2026-04-18,US11135F1012,AVGO,2026-05-15,put,530.0,194.33,0.0,0.0,1.0000000000000003e-05,1,0
2026-04-18,US11135F1012,AVGO,2026-05-15,put,570.0,245.25,0.0,0.0,1.0000000000000003e-05,,0
2026-04-18,US11135F1012,AVGO,2026-05-22,call,200.0,112.3,205.25,209.25,1.1137739624023437,,2
2026-04-18,US11135F1012,AVGO,2026-05-22,call,210.0,144.28,195.4,199.35,1.0712937060546879,,1
2026-04-18,US11135F1012,AVGO,2026-05-22,call,240.0,114.86,165.6,169.6,0.9123543920898438,,1
2026-04-18,US11135F1012,AVGO,2026-05-22,call,250.0,97.82,155.7,159.7,0.8640150317382812,,2
2026-04-18,US11135F1012,AVGO,2026-05-22,call,255.0,63.4,150.8,154.8,0.8461929443359374,,2
2026-04-18,US11135F1012,AVGO,2026-05-22,call,265.0,54.57,140.85,144.95,0.7973653076171875,5,5
2026-04-18,US11135F1012,AVGO,2026-05-22,call,270.0,129.34,135.9,140.0,0.7729514892578125,10,8
2026-04-18,US11135F1012,AVGO,2026-05-22,call,280.0,101.63,126.3,129.7,0.7193631579589843,20,21
2026-04-18,US11135F1012,AVGO,2026-05-22,call,285.0,65.1,121.4,124.8,0.6999541723632813,,49
2026-04-18,US11135F1012,AVGO,2026-05-22,call,295.0,98.13,111.65,115.05,0.6636996520996095,30,34
2026-04-18,US11135F1012,AVGO,2026-05-22,call,300.0,104.86,106.8,110.2,0.646365841064453,14,31
2026-04-18,US11135F1012,AVGO,2026-05-22,call,305.0,99.5,101.95,105.35,0.6281775463867189,20,36
2026-04-18,US11135F1012,AVGO,2026-05-22,call,310.0,99.0,97.15,100.55,0.6125527026367189,3,121
2026-04-18,US11135F1012,AVGO,2026-05-22,call,315.0,90.16,92.35,95.65,0.5928995788574221,1,35
2026-04-18,US11135F1012,AVGO,2026-05-22,call,320.0,80.84,87.6,91.0,0.5808147387695313,6,292
2026-04-18,US11135F1012,AVGO,2026-05-22,call,325.0,81.52,82.9,86.3,0.5670819659423829,2,49
2026-04-18,US11135F1012,AVGO,2026-05-22,call,330.0,77.45,78.2,81.6,0.5518843640136719,7,85
2026-04-18,US11135F1012,AVGO,2026-05-22,call,335.0,72.49,73.65,76.95,0.539616420288086,10,121
2026-04-18,US11135F1012,AVGO,2026-05-22,call,340.0,68.57,69.1,72.45,0.5285691674804689,13,223
2026-04-18,US11135F1012,AVGO,2026-05-22,call,345.0,65.72,64.6,67.95,0.5163622583007812,37,104
2026-04-18,US11135F1012,AVGO,2026-05-22,call,350.0,59.55,60.3,63.55,0.5073291455078125,13,302
2026-04-18,US11135F1012,AVGO,2026-05-22,call,355.0,55.18,56.0,59.25,0.5468184967041017,90,135
2026-04-18,US11135F1012,AVGO,2026-05-22,call,360.0,50.63,51.8,55.05,0.5343674493408204,14,252
2026-04-18,US11135F1012,AVGO,2026-05-22,call,365.0,47.4,47.7,51.5,0.536839348449707,34,198
2026-04-18,US11135F1012,AVGO,2026-05-22,call,370.0,43.39,43.8,46.9,0.5095263891601562,110,432
2026-04-18,US11135F1012,AVGO,2026-05-22,call,375.0,41.77,40.0,42.8,0.4931996481323243,11,214
2026-04-18,US11135F1012,AVGO,2026-05-22,call,380.0,36.4,36.35,39.7,0.49762465270996104,16,343
2026-04-18,US11135F1012,AVGO,2026-05-22,call,385.0,32.0,33.8,35.9,0.48282377532958987,4,95
2026-04-18,US11135F1012,AVGO,2026-05-22,call,390.0,30.7,29.85,32.5,0.4740653179931641,77,272
2026-04-18,US11135F1012,AVGO,2026-05-22,call,395.0,26.8,27.25,29.8,0.47675083801269535,11,113
2026-04-18,US11135F1012,AVGO,2026-05-22,call,400.0,25.45,24.95,26.85,0.47079996978759764,246,2244
2026-04-18,US11135F1012,AVGO,2026-05-22,call,405.0,21.9,22.0,23.75,0.45862357788085945,62,143
2026-04-18,US11135F1012,AVGO,2026-05-22,call,410.0,19.9,19.8,21.1,0.45215391601562505,32,324
2026-04-18,US11135F1012,AVGO,2026-05-22,call,415.0,16.88,17.35,18.55,0.4442804595947265,29,247
2026-04-18,US11135F1012,AVGO,2026-05-22,call,420.0,15.44,14.7,16.85,0.4499871896362304,44,2137
2026-04-18,US11135F1012,AVGO,2026-05-22,call,425.0,13.13,13.2,15.15,0.45252012329101565,19,370
2026-04-18,US11135F1012,AVGO,2026-05-22,call,430.0,11.3,11.1,13.25,0.447698394165039,61,367
2026-04-18,US11135F1012,AVGO,2026-05-22,call,435.0,10.74,10.0,11.55,0.4436701141357422,3,49
2026-04-18,US11135F1012,AVGO,2026-05-22,call,440.0,9.33,8.75,10.0,0.4395197650146484,1801,609
2026-04-18,US11135F1012,AVGO,2026-05-22,call,445.0,7.55,7.45,8.95,0.4436701141357422,10,36
2026-04-18,US11135F1012,AVGO,2026-05-22,call,450.0,7.02,6.6,7.5,0.4350947604370118,169,372
2026-04-18,US11135F1012,AVGO,2026-05-22,call,455.0,5.7,5.7,6.85,0.4436701141357422,1,49
2026-04-18,US11135F1012,AVGO,2026-05-22,call,460.0,5.27,4.8,5.95,0.4431818377685547,25,482
2026-04-18,US11135F1012,AVGO,2026-05-22,call,465.0,4.17,3.7,4.85,0.43353837951660157,11,81
2026-04-18,US11135F1012,AVGO,2026-05-22,call,470.0,3.7,3.5,4.3,0.437505625,165,201
2026-04-18,US11135F1012,AVGO,2026-05-22,put,170.0,0.02,,1.18,1.456789825439453,,5
2026-04-18,US11135F1012,AVGO,2026-05-22,put,195.0,0.5,0.0,0.97,1.0883834643554686,,1
2026-04-18,US11135F1012,AVGO,2026-05-22,put,205.0,0.51,0.0,0.99,1.0234423828125,1,5
2026-04-18,US11135F1012,AVGO,2026-05-22,put,210.0,0.3,0.0,0.57,0.91992267578125,10,346
2026-04-18,US11135F1012,AVGO,2026-05-22,put,215.0,0.14,0.0,1.0,0.9599613378906249,4,2
2026-04-18,US11135F1012,AVGO,2026-05-22,put,220.0,0.14,0.0,1.02,0.9311530322265625,2,7
2026-04-18,US11135F1012,AVGO,2026-05-22,put,225.0,0.32,0.0,1.04,0.9028330029296875,3,12
2026-04-18,US11135F1012,AVGO,2026-05-22,put,230.0,0.24,0.0,0.85,0.8476577734374999,33,126
2026-04-18,US11135F1012,AVGO,2026-05-22,put,235.0,0.68,0.0,0.95,0.8320329296874999,1,55
2026-04-18,US11135F1012,AVGO,2026-05-22,put,240.0,0.32,0.2,0.58,0.7812521875,18,58
2026-04-18,US11135F1012,AVGO,2026-05-22,put,245.0,0.42,0.0,1.17,0.799806689453125,62,12
2026-04-18,US11135F1012,AVGO,2026-05-22,put,250.0,0.37,0.15,0.63,0.726565234375,55,77
2026-04-18,US11135F1012,AVGO,2026-05-22,put,255.0,0.38,0.0,0.71,0.6909210595703126,4,93
2026-04-18,US11135F1012,AVGO,2026-05-22,put,260.0,0.42,0.32,0.69,0.700198310546875,35,75
2026-04-18,US11135F1012,AVGO,2026-05-22,put,265.0,0.58,0.01,1.11,0.684573466796875,49,48
2026-04-18,US11135F1012,AVGO,2026-05-22,put,270.0,0.59,0.4,0.9,0.6743196630859377,419,97
2026-04-18,US11135F1012,AVGO,2026-05-22,put,275.0,0.71,0.42,0.94,0.6525913647460939,98,138
2026-04-18,US11135F1012,AVGO,2026-05-22,put,280.0,0.68,0.16,1.27,0.631839619140625,3,58
2026-04-18,US11135F1012,AVGO,2026-05-22,put,285.0,0.8,0.23,1.22,0.6071816625976563,1,22
2026-04-18,US11135F1012,AVGO,2026-05-22,put,290.0,1.02,0.75,1.15,0.6098671826171876,72,80
2026-04-18,US11135F1012,AVGO,2026-05-22,put,295.0,1.09,0.57,1.2,0.57617611328125,13,139
2026-04-18,US11135F1012,AVGO,2026-05-22,put,300.0,1.26,1.1,1.3,0.5832561206054687,226,285
2026-04-18,US11135F1012,AVGO,2026-05-22,put,305.0,1.39,1.28,1.76,0.5844768115234374,81,96
2026-04-18,US11135F1012,AVGO,2026-05-22,put,310.0,1.45,1.32,1.95,0.5661664477539063,55,144
2026-04-18,US11135F1012,AVGO,2026-05-22,put,315.0,1.71,1.45,1.91,0.5422409057617189,8,72
2026-04-18,US11135F1012,AVGO,2026-05-22,put,320.0,2.03,1.63,2.02,0.5250291638183593,27,421
2026-04-18,US11135F1012,AVGO,2026-05-22,put,325.0,2.24,1.91,2.57,0.5230760583496092,12,127
2026-04-18,US11135F1012,AVGO,2026-05-22,put,330.0,2.61,2.22,2.84,0.510869149169922,366,220
2026-04-18,US11135F1012,AVGO,2026-05-22,put,335.0,2.95,2.55,3.2,0.5148974291992188,16,89
2026-04-18,US11135F1012,AVGO,2026-05-22,put,340.0,3.46,3.0,3.85,0.5131274273681641,43,116
2026-04-18,US11135F1012,AVGO,2026-05-22,put,345.0,3.66,3.3,4.2,0.4964039617919922,14,78
2026-04-18,US11135F1012,AVGO,2026-05-22,put,350.0,4.47,3.9,4.85,0.48895774719238294,33,245
2026-04-18,US11135F1012,AVGO,2026-05-22,put,355.0,5.02,4.7,5.35,0.4739432489013672,38,99
2026-04-18,US11135F1012,AVGO,2026-05-22,put,360.0,5.71,5.2,6.1,0.4647270324707031,29,128
2026-04-18,US11135F1012,AVGO,2026-05-22,put,365.0,6.65,6.1,7.0,0.4570977142333985,23,15
2026-04-18,US11135F1012,AVGO,2026-05-22,put,370.0,7.65,7.35,8.05,0.45050598327636715,30,1678
2026-04-18,US11135F1012,AVGO,2026-05-22,put,375.0,9.04,8.2,9.85,0.4592339233398438,40,1472
2026-04-18,US11135F1012,AVGO,2026-05-22,put,380.0,11.48,9.7,11.35,0.45618219604492194,53,1621
2026-04-18,US11135F1012,AVGO,2026-05-22,put,385.0,12.9,11.25,12.4,0.43967235137939453,2,60
2026-04-18,US11135F1012,AVGO,2026-05-22,put,400.0,19.62,16.4,18.25,0.42914389221191407,76,1998
2026-04-18,US11135F1012,AVGO,2026-05-22,put,410.0,22.8,21.4,23.65,0.43411820770263676,4,10
2026-04-18,US11135F1012,AVGO,2026-05-22,put,415.0,25.6,24.15,26.3,0.4301509622192383,2,2
2026-04-18,US11135F1012,AVGO,2026-05-22,put,420.0,28.55,27.15,28.8,0.4195614685058594,2,1
2026-04-18,US11135F1012,AVGO,2026-05-22,put,425.0,68.6,30.25,32.25,0.42462733581542966,,
2026-04-18,US11135F1012,AVGO,2026-05-22,put,430.0,57.0,32.85,35.25,0.4168454312133788,1,1
2026-04-18,US11135F1012,AVGO,2026-05-22,put,435.0,83.75,36.4,38.8,0.4172116384887695,,1
2026-04-18,US11135F1012,AVGO,2026-05-29,call,200.0,175.23,205.3,209.45,1.0424852563476565,,1
2026-04-18,US11135F1012,AVGO,2026-05-29,call,300.0,105.39,107.55,110.7,0.6291540991210938,11,13
2026-04-18,US11135F1012,AVGO,2026-05-29,call,310.0,91.24,97.75,101.15,0.5920450952148439,1,4
2026-04-18,US11135F1012,AVGO,2026-05-29,call,320.0,65.83,88.35,91.75,0.565556102294922,1,11
2026-04-18,US11135F1012,AVGO,2026-05-29,call,325.0,74.83,83.65,87.1,0.5515181567382813,2,244
2026-04-18,US11135F1012,AVGO,2026-05-29,call,330.0,78.52,79.05,82.5,0.5393112475585939,1,93
2026-04-18,US11135F1012,AVGO,2026-05-29,call,335.0,73.62,74.7,77.95,0.5309495147705079,6,19
2026-04-18,US11135F1012,AVGO,2026-05-29,call,340.0,69.58,70.4,73.95,0.5305222729492188,31,60
2026-04-18,US11135F1012,AVGO,2026-05-29,call,345.0,64.3,65.85,69.1,0.5100146655273439,3,24
2026-04-18,US11135F1012,AVGO,2026-05-29,call,350.0,61.22,61.55,64.8,0.5004932763671875,1,325
2026-04-18,US11135F1012,AVGO,2026-05-29,call,355.0,58.62,57.35,59.9,0.5164232928466796,48,98
2026-04-18,US11135F1012,AVGO,2026-05-29,call,360.0,52.23,53.15,56.5,0.5239305419921875,80,159
2026-04-18,US11135F1012,AVGO,2026-05-29,call,365.0,48.87,49.65,52.05,0.503056727294922,1,205
2026-04-18,US11135F1012,AVGO,2026-05-29,call,370.0,45.8,45.4,48.7,0.5056812127685546,6,106
2026-04-18,US11135F1012,AVGO,2026-05-29,call,375.0,41.0,42.35,44.7,0.49121602539062503,11,296
2026-04-18,US11135F1012,AVGO,2026-05-29,call,380.0,38.27,38.2,41.0,0.4810842907714844,15,110
2026-04-18,US11135F1012,AVGO,2026-05-29,call,385.0,35.76,35.35,37.3,0.46866376068115234,6,167
2026-04-18,US11135F1012,AVGO,2026-05-29,call,390.0,33.26,32.35,34.2,0.4655815161132813,31,117
2026-04-18,US11135F1012,AVGO,2026-05-29,call,395.0,29.15,29.95,30.95,0.4568535760498047,149,263
2026-04-18,US11135F1012,AVGO,2026-05-29,call,400.0,27.3,26.6,28.1,0.45288633056640626,97,179
2026-04-18,US11135F1012,AVGO,2026-05-29,call,405.0,24.86,24.35,25.5,0.45062805236816406,77,71
2026-04-18,US11135F1012,AVGO,2026-05-29,call,410.0,20.96,21.6,23.2,0.45093322509765627,34,159
2026-04-18,US11135F1012,AVGO,2026-05-29,call,415.0,18.44,19.25,21.05,0.45111632873535157,30,45
2026-04-18,US11135F1012,AVGO,2026-05-29,call,420.0,17.15,17.4,18.6,0.4429682168579102,52,801
2026-04-18,US11135F1012,AVGO,2026-05-29,call,425.0,14.5,15.15,16.45,0.4373835559082031,23,687
2026-04-18,US11135F1012,AVGO,2026-05-29,call,430.0,12.95,13.35,15.05,0.443090285949707,54,110
2026-04-18,US11135F1012,AVGO,2026-05-29,call,435.0,12.35,11.7,13.0,0.43362993133544925,19,292
2026-04-18,US11135F1012,AVGO,2026-05-29,call,440.0,11.0,10.35,11.25,0.426885614013672,45,100
2026-04-18,US11135F1012,AVGO,2026-05-29,call,445.0,9.05,9.4,10.0,0.42746544219970706,95,24
2026-04-18,US11135F1012,AVGO,2026-05-29,call,450.0,8.5,7.9,8.8,0.4265194067382813,54,81
2026-04-18,US11135F1012,AVGO,2026-05-29,call,460.0,6.2,6.15,6.95,0.4296321685791016,129,157
2026-04-18,US11135F1012,AVGO,2026-05-29,call,470.0,4.61,4.2,5.3,0.42828940856933595,4,54
2026-04-18,US11135F1012,AVGO,2026-05-29,put,180.0,0.25,0.01,1.09,1.111820847167969,1,6
2026-04-18,US11135F1012,AVGO,2026-05-29,put,215.0,0.15,0.07,0.42,0.79687703125,4,9
2026-04-18,US11135F1012,AVGO,2026-05-29,put,235.0,0.22,0.11,0.48,0.7114286669921875,18,51
2026-04-18,US11135F1012,AVGO,2026-05-29,put,240.0,0.29,0.21,0.66,0.7241238525390624,108,85
2026-04-18,US11135F1012,AVGO,2026-05-29,put,245.0,0.41,0.11,0.68,0.6894562304687502,28,28
2026-04-18,US11135F1012,AVGO,2026-05-29,put,250.0,0.43,0.35,0.7,0.6928741650390625,46,37
2026-04-18,US11135F1012,AVGO,2026-05-29,put,255.0,0.48,0.41,0.77,0.6796907031250001,15,8
2026-04-18,US11135F1012,AVGO,2026-05-29,put,260.0,0.48,0.26,0.78,0.6420934228515626,1,19
2026-04-18,US11135F1012,AVGO,2026-05-29,put,265.0,0.7,0.45,0.88,0.6423375610351563,50,71
2026-04-18,US11135F1012,AVGO,2026-05-29,put,270.0,0.81,0.56,0.92,0.6286658227539064,60,131
2026-04-18,US11135F1012,AVGO,2026-05-29,put,280.0,0.89,0.69,1.03,0.5952188916015625,13,57
2026-04-18,US11135F1012,AVGO,2026-05-29,put,285.0,1.14,0.85,1.28,0.5935099243164064,13,81
2026-04-18,US11135F1012,AVGO,2026-05-29,put,290.0,1.12,0.96,1.35,0.5775188732910157,23,36
2026-04-18,US11135F1012,AVGO,2026-05-29,put,295.0,1.37,1.16,1.58,0.5717816259765626,5,23
2026-04-18,US11135F1012,AVGO,2026-05-29,put,300.0,1.44,1.32,1.75,0.5598188549804688,49,60
2026-04-18,US11135F1012,AVGO,2026-05-29,put,305.0,1.67,1.45,1.8,0.541264353027344,45,23
2026-04-18,US11135F1012,AVGO,2026-05-29,put,310.0,1.91,1.65,1.97,0.5285691674804689,20,44
2026-04-18,US11135F1012,AVGO,2026-05-29,put,315.0,2.13,1.95,2.2,0.5195360546875,62,61
2026-04-18,US11135F1012,AVGO,2026-05-29,put,320.0,2.41,2.3,2.54,0.5129443237304687,44,130
2026-04-18,US11135F1012,AVGO,2026-05-29,put,325.0,2.79,2.56,2.89,0.5020191400146485,24,82
2026-04-18,US11135F1012,AVGO,2026-05-29,put,330.0,3.08,2.81,3.2,0.4970143072509766,29,87
2026-04-18,US11135F1012,AVGO,2026-05-29,put,335.0,3.64,3.35,3.75,0.49231464721679696,63,129
2026-04-18,US11135F1012,AVGO,2026-05-29,put,340.0,3.96,3.95,4.35,0.4867605035400391,29,83
2026-04-18,US11135F1012,AVGO,2026-05-29,put,345.0,4.83,4.45,4.85,0.4753470434570312,35,115
2026-04-18,US11135F1012,AVGO,2026-05-29,put,350.0,5.36,5.1,5.55,0.46832807067871096,53,315
2026-04-18,US11135F1012,AVGO,2026-05-29,put,355.0,6.57,5.85,6.25,0.4588677160644532,65,387
2026-04-18,US11135F1012,AVGO,2026-05-29,put,360.0,7.29,6.75,7.35,0.4579216806030274,32,152
2026-04-18,US11135F1012,AVGO,2026-05-29,put,365.0,8.33,7.45,8.4,0.4524590887451172,108,154
2026-04-18,US11135F1012,AVGO,2026-05-29,put,370.0,9.78,8.75,9.55,0.44659977233886716,45,179
2026-04-18,US11135F1012,AVGO,2026-05-29,put,375.0,10.5,9.85,10.85,0.44135080139160154,47,311
2026-04-18,US11135F1012,AVGO,2026-05-29,put,400.0,21.43,18.55,20.7,0.4370478659057617,13,454
2026-04-18,US11135F1012,AVGO,2026-05-29,put,405.0,22.5,21.0,22.7,0.42767906311035164,4,29
2026-04-18,US11135F1012,AVGO,2026-05-29,put,410.0,24.5,23.45,25.5,0.4299373413085938,9,22
2026-04-18,US11135F1012,AVGO,2026-06-18,call,70.0,334.05,334.95,338.9,1.8203133984375,1,51
2026-04-18,US11135F1012,AVGO,2026-06-18,call,75.0,296.5,329.95,333.9,1.75000125,9,11
2026-04-18,US11135F1012,AVGO,2026-06-18,call,80.0,262.23,262.5,264.95,1.0000000000000003e-05,7,18
2026-04-18,US11135F1012,AVGO,2026-06-18,call,85.0,287.15,320.15,324.0,1.6933609082031251,4,22
2026-04-18,US11135F1012,AVGO,2026-06-18,call,90.0,247.65,240.5,244.05,1.0000000000000003e-05,9,437
2026-04-18,US11135F1012,AVGO,2026-06-18,call,95.0,217.88,310.1,314.05,1.5751974365234374,2,73
2026-04-18,US11135F1012,AVGO,2026-06-18,call,100.0,217.75,305.2,309.1,1.5488303808593749,2,173
2026-04-18,US11135F1012,AVGO,2026-06-18,call,105.0,266.6,300.25,304.15,1.513186027832031,67,75
2026-04-18,US11135F1012,AVGO,2026-06-18,call,110.0,287.94,295.25,299.15,1.4628933105468749,8,44
2026-04-18,US11135F1012,AVGO,2026-06-18,call,115.0,199.1,290.55,294.2,1.46484642578125,9,46
2026-04-18,US11135F1012,AVGO,2026-06-18,call,120.0,227.0,285.3,289.25,1.3911163256835937,2,71
2026-04-18,US11135F1012,AVGO,2026-06-18,call,125.0,179.1,280.35,284.25,1.3535188574218748,2,57
2026-04-18,US11135F1012,AVGO,2026-06-18,call,130.0,241.8,275.45,279.35,1.334964262695312,31,127
2026-04-18,US11135F1012,AVGO,2026-06-18,call,135.0,179.55,270.5,274.4,1.3046909765624997,2,27
2026-04-18,US11135F1012,AVGO,2026-06-18,call,140.0,264.5,265.55,269.45,1.2749059692382811,2,93
2026-04-18,US11135F1012,AVGO,2026-06-18,call,145.0,253.6,260.6,264.5,1.245365101318359,1,33
2026-04-18,US11135F1012,AVGO,2026-06-18,call,150.0,257.3,255.6,259.55,1.2119180029296874,4,268
2026-04-18,US11135F1012,AVGO,2026-06-18,call,155.0,226.93,250.65,254.6,1.1838419714355468,10,43
2026-04-18,US11135F1012,AVGO,2026-06-18,call,160.0,195.7,245.7,249.65,1.15625421875,1,218
2026-04-18,US11135F1012,AVGO,2026-06-18,call,165.0,230.25,240.75,244.7,1.129154744873047,1,36
2026-04-18,US11135F1012,AVGO,2026-06-18,call,170.0,225.8,235.85,239.8,1.1098677319335937,3,702
2026-04-18,US11135F1012,AVGO,2026-06-18,call,175.0,229.82,230.9,234.85,1.0832565368652345,1,483
2026-04-18,US11135F1012,AVGO,2026-06-18,call,180.0,216.0,225.95,229.9,1.0571336206054687,2,349
2026-04-18,US11135F1012,AVGO,2026-06-18,call,185.0,209.38,221.0,225.0,1.0344286560058595,1,145
2026-04-18,US11135F1012,AVGO,2026-06-18,call,190.0,205.77,216.1,220.05,1.0119678308105469,10,501
2026-04-18,US11135F1012,AVGO,2026-06-18,call,195.0,204.97,211.2,215.15,0.992187578125,10,186
2026-04-18,US11135F1012,AVGO,2026-06-18,call,200.0,208.2,206.25,210.25,0.9697268652343749,11,1839
2026-04-18,US11135F1012,AVGO,2026-06-18,call,210.0,184.81,196.55,200.4,0.9322516540527344,2,3056
2026-04-18,US11135F1012,AVGO,2026-06-18,call,220.0,187.0,186.7,190.6,0.8896495410156249,6,1395
2026-04-18,US11135F1012,AVGO,2026-06-18,call,230.0,175.63,176.9,180.85,0.8511977770996093,7,443
2026-04-18,US11135F1012,AVGO,2026-06-18,call,240.0,160.15,167.15,170.45,0.7912618530273439,4,576
2026-04-18,US11135F1012,AVGO,2026-06-18,call,250.0,155.0,157.7,160.55,0.7606225109863283,3,1869
2026-04-18,US11135F1012,AVGO,2026-06-18,call,260.0,146.34,147.8,151.15,0.729616961669922,1,1152
2026-04-18,US11135F1012,AVGO,2026-06-18,call,270.0,139.22,138.55,141.6,0.7095976306152343,5,1925
2026-04-18,US11135F1012,AVGO,2026-06-18,call,280.0,130.0,128.8,132.1,0.6755403540039064,8,885
2026-04-18,US11135F1012,AVGO,2026-06-18,call,290.0,118.75,119.45,123.05,0.6572910247802735,72,1273
2026-04-18,US11135F1012,AVGO,2026-06-18,call,300.0,109.36,110.3,113.5,0.6293982373046876,189,5193
2026-04-18,US11135F1012,AVGO,2026-06-18,call,310.0,100.65,101.4,104.45,0.6107216662597659,42,1582
2026-04-18,US11135F1012,AVGO,2026-06-18,call,320.0,94.02,92.65,95.05,0.584843018798828,220,3362
2026-04-18,US11135F1012,AVGO,2026-06-18,call,330.0,85.15,84.25,86.95,0.5763592169189453,58,5351
2026-04-18,US11135F1012,AVGO,2026-06-18,call,340.0,76.85,76.2,78.2,0.5579878186035157,49,4229
2026-04-18,US11135F1012,AVGO,2026-06-18,call,350.0,69.3,68.85,69.5,0.5423934921264649,419,3917
2026-04-18,US11135F1012,AVGO,2026-06-18,call,360.0,61.95,61.15,63.05,0.5390671093750001,230,9466
2026-04-18,US11135F1012,AVGO,2026-06-18,call,370.0,54.25,53.0,54.9,0.5097094927978516,193,6107
2026-04-18,US11135F1012,AVGO,2026-06-18,call,380.0,48.1,47.25,48.85,0.5130053582763672,428,6469
2026-04-18,US11135F1012,AVGO,2026-06-18,call,390.0,42.15,41.55,42.35,0.5052234536743164,668,7955
2026-04-18,US11135F1012,AVGO,2026-06-18,call,400.0,36.44,36.0,36.8,0.5050098327636718,1309,9767
2026-04-18,US11135F1012,AVGO,2026-06-18,call,410.0,31.4,30.85,32.0,0.5029041409301759,1080,4381
2026-04-18,US11135F1012,AVGO,2026-06-18,call,420.0,26.88,26.45,27.3,0.4953663745117188,1119,6112
2026-04-18,US11135F1012,AVGO,2026-06-18,call,430.0,23.0,22.45,23.65,0.4968617208862305,198,3404
2026-04-18,US11135F1012,AVGO,2026-06-18,call,440.0,19.0,19.15,20.25,0.4957020645141602,1966,7083
2026-04-18,US11135F1012,AVGO,2026-06-18,call,450.0,16.55,16.25,16.8,0.48730981445312505,638,3063
2026-04-18,US11135F1012,AVGO,2026-06-18,call,460.0,13.87,13.75,14.4,0.48978171356201183,214,2079
2026-04-18,US11135F1012,AVGO,2026-06-18,call,470.0,11.9,11.5,11.85,0.48376981079101566,2189,1708
2026-04-18,US11135F1012,AVGO,2026-06-18,call,480.0,9.8,9.55,9.95,0.4836477416992188,271,2529
2026-04-18,US11135F1012,AVGO,2026-06-18,call,490.0,7.91,8.0,8.35,0.4841970526123047,654,2780
2026-04-18,US11135F1012,AVGO,2026-06-18,call,500.0,6.82,6.65,7.05,0.4862111926269531,289,6384
2026-04-18,US11135F1012,AVGO,2026-06-18,call,510.0,5.55,5.55,5.75,0.4833425689697266,24,1852
2026-04-18,US11135F1012,AVGO,2026-06-18,call,520.0,4.55,4.6,4.85,0.48590601989746096,60,1094
2026-04-18,US11135F1012,AVGO,2026-06-18,call,530.0,3.9,3.75,4.0,0.4857229162597656,40,1390
2026-04-18,US11135F1012,AVGO,2026-06-18,call,540.0,3.25,3.1,3.6,0.4964039617919922,46,1000
2026-04-18,US11135F1012,AVGO,2026-06-18,call,560.0,2.17,1.97,2.36,0.49231464721679696,44,970
2026-04-18,US11135F1012,AVGO,2026-06-18,call,570.0,1.75,1.79,1.99,0.495122236328125,8,206
2026-04-18,US11135F1012,AVGO,2026-06-18,call,580.0,1.45,1.29,1.8,0.5045215563964844,222,201
2026-04-18,US11135F1012,AVGO,2026-06-18,call,590.0,1.23,1.25,1.49,0.5051319018554687,2,192
2026-04-18,US11135F1012,AVGO,2026-06-18,call,600.0,1.18,1.06,1.23,0.5054981091308592,72,2725
2026-04-18,US11135F1012,AVGO,2026-06-18,put,70.0,0.03,0.0,0.0,0.500005,6,0
2026-04-18,US11135F1012,AVGO,2026-06-18,put,75.0,0.08,0.0,0.1,1.40625296875,33,135
2026-04-18,US11135F1012,AVGO,2026-06-18,put,80.0,0.04,0.01,0.1,1.3671906640625,16,260
2026-04-18,US11135F1012,AVGO,2026-06-18,put,85.0,0.12,0.0,0.1,1.3046909765624997,2,283
2026-04-18,US11135F1012,AVGO,2026-06-18,put,90.0,0.04,0.0,0.1,1.2578162109375,6,199
2026-04-18,US11135F1012,AVGO,2026-06-18,put,95.0,0.05,0.01,0.1,1.22266013671875,26,245
2026-04-18,US11135F1012,AVGO,2026-06-18,put,100.0,0.05,0.0,0.1,1.171879140625,2,254
2026-04-18,US11135F1012,AVGO,2026-06-18,put,105.0,0.05,0.0,0.1,1.12891060546875,4,20
2026-04-18,US11135F1012,AVGO,2026-06-18,put,110.0,0.05,0.0,0.1,1.09375453125,8,619
2026-04-18,US11135F1012,AVGO,2026-06-18,put,115.0,0.12,0.0,0.1,1.0546922265625,10,101
2026-04-18,US11135F1012,AVGO,2026-06-18,put,120.0,0.05,0.01,0.1,1.0312548437500002,9,968
2026-04-18,US11135F1012,AVGO,2026-06-18,put,125.0,0.06,0.0,0.1,0.9882813671875,2,2722
2026-04-18,US11135F1012,AVGO,2026-06-18,put,130.0,0.02,0.0,0.36,1.08984830078125,1,689
2026-04-18,US11135F1012,AVGO,2026-06-18,put,135.0,0.06,0.0,0.1,0.9257819921875,1,446
2026-04-18,US11135F1012,AVGO,2026-06-18,put,140.0,0.08,0.0,0.34,1.015629921875,1,1540
2026-04-18,US11135F1012,AVGO,2026-06-18,put,145.0,0.1,0.0,0.35,0.9873048144531251,1,1315
2026-04-18,US11135F1012,AVGO,2026-06-18,put,150.0,0.09,0.01,0.37,0.9648441015625,1,562
2026-04-18,US11135F1012,AVGO,2026-06-18,put,155.0,0.09,0.03,0.39,0.946289599609375,2,405
2026-04-18,US11135F1012,AVGO,2026-06-18,put,160.0,0.23,0.01,0.35,0.9003916210937499,1,1423
2026-04-18,US11135F1012,AVGO,2026-06-18,put,165.0,0.17,0.05,0.27,0.86132951171875,1,2496
2026-04-18,US11135F1012,AVGO,2026-06-18,put,170.0,0.28,0.04,0.39,0.8632826171875,20,1891
2026-04-18,US11135F1012,AVGO,2026-06-18,put,175.0,0.25,0.16,0.37,0.85742330078125,2472,1182
2026-04-18,US11135F1012,AVGO,2026-06-18,put,180.0,0.25,0.1,0.45,0.8349625878906248,2,5161
2026-04-18,US11135F1012,AVGO,2026-06-18,put,185.0,0.28,0.21,0.56,0.8442398388671875,1,758
2026-04-18,US11135F1012,AVGO,2026-06-18,put,190.0,0.25,0.21,0.51,0.8105487695312499,6,1355
2026-04-18,US11135F1012,AVGO,2026-06-18,put,195.0,0.33,0.15,0.56,0.7836935693359376,1,936
2026-04-18,US11135F1012,AVGO,2026-06-18,put,200.0,0.46,0.23,0.52,0.764650791015625,121,3938
2026-04-18,US11135F1012,AVGO,2026-06-18,put,210.0,0.64,0.35,0.78,0.7587914746093751,1,1867
2026-04-18,US11135F1012,AVGO,2026-06-18,put,220.0,0.72,0.58,0.79,0.7312038598632812,26,13617
2026-04-18,US11135F1012,AVGO,2026-06-18,put,230.0,0.88,0.67,0.96,0.7026396923828125,104,5109
2026-04-18,US11135F1012,AVGO,2026-06-18,put,240.0,1.14,0.87,1.15,0.6799348413085939,24,6940
2026-04-18,US11135F1012,AVGO,2026-06-18,put,250.0,1.33,1.28,1.54,0.673098972167969,108,6650
2026-04-18,US11135F1012,AVGO,2026-06-18,put,260.0,1.64,1.55,1.73,0.6447789428710937,137,8530
2026-04-18,US11135F1012,AVGO,2026-06-18,put,270.0,2.0,1.8,2.13,0.6210975390625001,68,11337
2026-04-18,US11135F1012,AVGO,2026-06-18,put,280.0,2.48,2.31,2.55,0.6024209680175783,354,7859
2026-04-18,US11135F1012,AVGO,2026-06-18,put,290.0,3.0,2.9,3.1,0.5844157769775391,97,13147
2026-04-18,US11135F1012,AVGO,2026-06-18,put,300.0,3.67,3.55,3.85,0.567265069580078,312,12962
2026-04-18,US11135F1012,AVGO,2026-06-18,put,310.0,4.6,4.35,4.75,0.5506636730957033,280,3932
2026-04-18,US11135F1012,AVGO,2026-06-18,put,320.0,5.67,5.55,5.85,0.5382736602783205,271,7992
2026-04-18,US11135F1012,AVGO,2026-06-18,put,330.0,7.0,6.75,7.0,0.5205736419677733,491,5952
2026-04-18,US11135F1012,AVGO,2026-06-18,put,340.0,8.86,8.4,8.85,0.5115405291748047,374,6826
2026-04-18,US11135F1012,AVGO,2026-06-18,put,350.0,10.59,10.5,10.9,0.5025379336547852,374,2740
2026-04-18,US11135F1012,AVGO,2026-06-18,put,360.0,13.07,12.85,13.3,0.496648099975586,139,1833
2026-04-18,US11135F1012,AVGO,2026-06-18,put,370.0,15.85,15.65,16.05,0.48599757171630864,114,1931
2026-04-18,US11135F1012,AVGO,2026-06-18,put,380.0,19.75,18.95,19.45,0.4792532543945312,350,888
2026-04-18,US11135F1012,AVGO,2026-06-18,put,390.0,23.4,22.8,23.6,0.4769339416503906,396,941
2026-04-18,US11135F1012,AVGO,2026-06-18,put,400.0,27.5,26.85,27.6,0.4646659979248047,600,756
2026-04-18,US11135F1012,AVGO,2026-06-18,put,410.0,32.83,32.0,33.2,0.46915203704833985,268,625
2026-04-18,US11135F1012,AVGO,2026-06-18,put,420.0,38.57,37.25,38.75,0.46533737792968755,36,436
2026-04-18,US11135F1012,AVGO,2026-06-18,put,430.0,44.27,43.25,44.45,0.45645685150146487,28,95
2026-04-18,US11135F1012,AVGO,2026-06-18,put,440.0,51.07,49.75,50.85,0.45096374237060544,368,46
2026-04-18,US11135F1012,AVGO,2026-06-18,put,450.0,58.17,56.65,58.45,0.4577996115112305,210,13
2026-04-18,US11135F1012,AVGO,2026-06-18,put,460.0,65.55,64.2,66.05,0.45868461242675784,219,3
2026-04-18,US11135F1012,AVGO,2026-06-18,put,470.0,74.2,72.0,73.8,0.4559380578613281,36,1
2026-04-18,US11135F1012,AVGO,2026-06-18,put,480.0,82.45,80.15,81.9,0.45358822784423825,35,2
2026-04-18,US11135F1012,AVGO,2026-06-18,put,490.0,139.49,87.45,90.35,0.4524590887451172,1,1
2026-04-18,US11135F1012,AVGO,2026-06-18,put,500.0,174.87,0.0,0.0,1.0000000000000003e-05,10,0
2026-04-18,US11135F1012,AVGO,2026-06-18,put,510.0,107.65,105.25,107.95,0.44965149963378903,3,0
2026-04-18,US11135F1012,AVGO,2026-06-18,put,520.0,170.9,114.2,117.25,0.45465633239746095,1,0
2026-04-18,US11135F1012,AVGO,2026-06-18,put,530.0,126.85,123.7,126.4,0.4500787414550781,2,10
2026-04-18,US11135F1012,AVGO,2026-06-18,put,540.0,147.45,133.0,135.9,0.4534356414794922,2,1
2026-04-18,US11135F1012,AVGO,2026-06-18,put,560.0,233.7,227.3,230.35,1.802491221923828,2,0
2026-04-18,US11135F1012,AVGO,2026-06-18,put,570.0,199.25,162.1,165.0,0.4715629016113281,45,0
2026-04-18,US11135F1012,AVGO,2026-06-18,put,580.0,181.85,247.55,250.65,1.8680121345520022,,0
2026-04-18,US11135F1012,AVGO,2026-06-18,put,600.0,261.5,252.55,256.45,1.705079599609375,1,0
2026-04-18,US11135F1012,AVGO,2026-07-17,call,155.0,162.4,250.85,254.45,0.9807130834960938,13,13
2026-04-18,US11135F1012,AVGO,2026-07-17,call,160.0,166.3,245.9,249.8,0.9772951489257813,8,8
2026-04-18,US11135F1012,AVGO,2026-07-17,call,165.0,150.9,0.0,0.0,1.0000000000000003e-05,,0
2026-04-18,US11135F1012,AVGO,2026-07-17,call,170.0,164.87,236.15,239.9,0.9389654541015625,2,10
2026-04-18,US11135F1012,AVGO,2026-07-17,call,175.0,152.95,231.25,235.0,0.9211433666992188,1,11
2026-04-18,US11135F1012,AVGO,2026-07-17,call,180.0,197.92,226.4,230.1,0.9057626611328125,1,15
2026-04-18,US11135F1012,AVGO,2026-07-17,call,185.0,185.9,221.3,225.25,0.8806164282226561,1,5
2026-04-18,US11135F1012,AVGO,2026-07-17,call,190.0,186.3,216.4,220.35,0.8627943408203125,6,37
2026-04-18,US11135F1012,AVGO,2026-07-17,call,195.0,159.35,211.5,215.45,0.8449722534179687,4,11
2026-04-18,US11135F1012,AVGO,2026-07-17,call,200.0,183.0,206.8,210.55,0.8349625878906248,6,30
2026-04-18,US11135F1012,AVGO,2026-07-17,call,210.0,100.85,197.1,200.75,0.8018818640136718,2,22
2026-04-18,US11135F1012,AVGO,2026-07-17,call,220.0,185.0,187.5,190.6,0.7607445800781252,1,53
2026-04-18,US11135F1012,AVGO,2026-07-17,call,230.0,142.0,177.75,181.0,0.7320583435058592,2,49
2026-04-18,US11135F1012,AVGO,2026-07-17,call,240.0,165.0,168.2,171.45,0.7086210778808593,1,62
2026-04-18,US11135F1012,AVGO,2026-07-17,call,250.0,158.0,158.75,161.95,0.6864045031738282,2,278
2026-04-18,US11135F1012,AVGO,2026-07-17,call,260.0,146.39,149.3,152.4,0.6609530975341797,1,100
2026-04-18,US11135F1012,AVGO,2026-07-17,call,270.0,139.54,139.85,143.2,0.6400792828369142,2,131
2026-04-18,US11135F1012,AVGO,2026-07-17,call,280.0,129.53,130.55,134.0,0.6190833990478517,6,97
2026-04-18,US11135F1012,AVGO,2026-07-17,call,290.0,115.52,121.55,125.1,0.6040689007568361,5,150
2026-04-18,US11135F1012,AVGO,2026-07-17,call,300.0,113.0,112.9,116.0,0.5872844006347657,67,675
2026-04-18,US11135F1012,AVGO,2026-07-17,call,310.0,104.2,104.45,107.25,0.5734905932617188,16,526
2026-04-18,US11135F1012,AVGO,2026-07-17,call,320.0,96.0,95.8,98.75,0.5564009204101563,15,896
2026-04-18,US11135F1012,AVGO,2026-07-17,call,330.0,88.3,87.8,89.25,0.5327195166015625,41,987
2026-04-18,US11135F1012,AVGO,2026-07-17,call,340.0,80.62,80.0,82.45,0.5316819293212891,23,1111
2026-04-18,US11135F1012,AVGO,2026-07-17,call,350.0,72.0,71.95,74.85,0.5164843273925781,49,1181
2026-04-18,US11135F1012,AVGO,2026-07-17,call,360.0,64.6,65.4,67.45,0.5100451828002931,5107,31906
2026-04-18,US11135F1012,AVGO,2026-07-17,call,370.0,59.79,59.15,60.0,0.5004627590942383,25,2071
2026-04-18,US11135F1012,AVGO,2026-07-17,call,380.0,53.77,52.9,54.3,0.5072681109619142,67,2161
2026-04-18,US11135F1012,AVGO,2026-07-17,call,390.0,47.64,47.0,48.8,0.5053760400390624,105,2508
2026-04-18,US11135F1012,AVGO,2026-07-17,call,400.0,42.5,41.65,42.6,0.48969016174316415,876,5297
2026-04-18,US11135F1012,AVGO,2026-07-17,call,410.0,36.76,36.7,37.75,0.4863027444458008,628,2781
2026-04-18,US11135F1012,AVGO,2026-07-17,call,420.0,31.55,32.0,33.8,0.48918662673950203,276,1988
2026-04-18,US11135F1012,AVGO,2026-07-17,call,430.0,28.5,28.25,29.65,0.48492946716308594,179,1138
2026-04-18,US11135F1012,AVGO,2026-07-17,call,440.0,24.05,24.35,26.15,0.48422756988525395,79,1028
2026-04-18,US11135F1012,AVGO,2026-07-17,call,450.0,20.9,21.25,22.05,0.4713492807006836,257,3213
2026-04-18,US11135F1012,AVGO,2026-07-17,call,460.0,18.23,18.35,19.45,0.4734549725341797,93,936
2026-04-18,US11135F1012,AVGO,2026-07-17,call,470.0,16.16,15.9,17.0,0.47363807617187503,496,468
2026-04-18,US11135F1012,AVGO,2026-07-17,call,480.0,13.99,13.75,14.95,0.47568273345947265,96,1582
2026-04-18,US11135F1012,AVGO,2026-07-17,call,490.0,11.9,11.85,12.85,0.4732718688964844,116,280
2026-04-18,US11135F1012,AVGO,2026-07-17,call,500.0,10.6,10.3,10.95,0.4701285897827149,127,348
2026-04-18,US11135F1012,AVGO,2026-07-17,call,510.0,9.1,8.75,9.35,0.46817548431396483,39,155
2026-04-18,US11135F1012,AVGO,2026-07-17,call,520.0,7.05,7.5,8.2,0.47095255615234377,11,95
2026-04-18,US11135F1012,AVGO,2026-07-17,call,530.0,6.55,6.45,7.2,0.4738822143554688,2,126
2026-04-18,US11135F1012,AVGO,2026-07-17,call,540.0,5.6,5.6,6.15,0.47290566162109376,2,72
2026-04-18,US11135F1012,AVGO,2026-07-17,call,550.0,4.95,4.55,5.3,0.4733939379882813,710,145
2026-04-18,US11135F1012,AVGO,2026-07-17,call,560.0,4.25,4.1,4.55,0.4735770416259766,1,450
2026-04-18,US11135F1012,AVGO,2026-07-17,call,570.0,3.65,3.4,3.85,0.4722953161621094,51,331
2026-04-18,US11135F1012,AVGO,2026-07-17,call,580.0,3.07,3.05,3.35,0.4743094561767578,2,77
2026-04-18,US11135F1012,AVGO,2026-07-17,call,590.0,2.65,2.67,2.96,0.4777884252929688,5,176
2026-04-18,US11135F1012,AVGO,2026-07-17,call,600.0,2.45,2.33,2.52,0.47748325256347657,256,978
2026-04-18,US11135F1012,AVGO,2026-07-17,put,155.0,0.22,0.01,0.45,0.789064609375,2,189
2026-04-18,US11135F1012,AVGO,2026-07-17,put,160.0,0.38,0.01,0.88,0.8315446533203124,1,98
2026-04-18,US11135F1012,AVGO,2026-07-17,put,165.0,0.85,0.01,0.71,0.7836935693359376,2,134
2026-04-18,US11135F1012,AVGO,2026-07-17,put,170.0,0.46,0.15,0.61,0.764650791015625,1,352
2026-04-18,US11135F1012,AVGO,2026-07-17,put,175.0,0.38,0.18,0.55,0.737307314453125,27,226
2026-04-18,US11135F1012,AVGO,2026-07-17,put,180.0,0.45,0.36,0.68,0.7495142236328125,1,183
2026-04-18,US11135F1012,AVGO,2026-07-17,put,185.0,0.41,0.3,0.61,0.7128934960937501,1,139
2026-04-18,US11135F1012,AVGO,2026-07-17,put,190.0,0.54,0.4,0.86,0.7233914379882812,11,197
2026-04-18,US11135F1012,AVGO,2026-07-17,put,195.0,0.78,0.38,1.01,0.7111845288085938,3,282
2026-04-18,US11135F1012,AVGO,2026-07-17,put,200.0,0.64,0.53,1.02,0.7004424487304688,5,2222
2026-04-18,US11135F1012,AVGO,2026-07-17,put,210.0,0.95,0.88,1.23,0.6904327832031252,1,375
2026-04-18,US11135F1012,AVGO,2026-07-17,put,220.0,1.29,1.1,1.49,0.6704134521484376,100,911
2026-04-18,US11135F1012,AVGO,2026-07-17,put,230.0,1.57,1.4,1.56,0.6429479064941408,119,5250
2026-04-18,US11135F1012,AVGO,2026-07-17,put,240.0,1.91,1.7,1.95,0.6257361645507813,16,2756
2026-04-18,US11135F1012,AVGO,2026-07-17,put,250.0,2.31,2.04,2.49,0.6104775280761721,98,4061
2026-04-18,US11135F1012,AVGO,2026-07-17,put,260.0,2.75,2.51,2.81,0.5892375061035158,25,4124
2026-04-18,US11135F1012,AVGO,2026-07-17,put,270.0,3.3,3.15,3.3,0.5730023168945313,598,4365
2026-04-18,US11135F1012,AVGO,2026-07-17,put,280.0,3.95,3.75,4.1,0.5583540258789064,677,4381
2026-04-18,US11135F1012,AVGO,2026-07-17,put,290.0,4.7,4.55,4.85,0.5423629748535157,171,2212
2026-04-18,US11135F1012,AVGO,2026-07-17,put,300.0,5.81,5.45,5.8,0.5272264074707032,187,5054
2026-04-18,US11135F1012,AVGO,2026-07-17,put,310.0,7.1,6.8,7.05,0.5177660528564454,138,2149
2026-04-18,US11135F1012,AVGO,2026-07-17,put,320.0,8.6,8.2,8.5,0.5062000064086914,322,2038
2026-04-18,US11135F1012,AVGO,2026-07-17,put,330.0,10.2,9.85,10.35,0.5015308636474609,138,980
2026-04-18,US11135F1012,AVGO,2026-07-17,put,340.0,12.3,11.85,12.45,0.4929860272216797,346,1736
2026-04-18,US11135F1012,AVGO,2026-07-17,put,350.0,14.45,14.25,14.65,0.4810842907714844,345,904
2026-04-18,US11135F1012,AVGO,2026-07-17,put,360.0,17.3,16.95,17.4,0.4730277307128906,335,709
2026-04-18,US11135F1012,AVGO,2026-07-17,put,370.0,20.44,19.75,20.6,0.46631393066406257,260,1115
2026-04-18,US11135F1012,AVGO,2026-07-17,put,380.0,24.95,23.5,24.85,0.4684806570434571,60,261
2026-04-18,US11135F1012,AVGO,2026-07-17,put,390.0,28.71,27.5,28.7,0.4596001306152344,107,141
2026-04-18,US11135F1012,AVGO,2026-07-17,put,400.0,33.2,32.2,33.25,0.4545037460327148,242,304
2026-04-18,US11135F1012,AVGO,2026-07-17,put,410.0,37.33,37.3,37.95,0.44603520278930664,11,78
2026-04-18,US11135F1012,AVGO,2026-07-17,put,420.0,43.55,42.5,43.8,0.44656925506591794,143,56
2026-04-18,US11135F1012,AVGO,2026-07-17,put,430.0,50.5,48.4,49.75,0.44324287231445314,1,50
2026-04-18,US11135F1012,AVGO,2026-07-17,put,440.0,56.05,54.85,56.55,0.44562321960449214,6,20
2026-04-18,US11135F1012,AVGO,2026-07-17,put,450.0,63.86,60.6,63.3,0.44266304412841795,28,16
2026-04-18,US11135F1012,AVGO,2026-07-17,put,460.0,80.4,67.85,70.4,0.4396418341064453,5,43
2026-04-18,US11135F1012,AVGO,2026-07-17,put,470.0,148.82,75.0,77.9,0.43753614227294924,1,0
2026-04-18,US11135F1012,AVGO,2026-07-17,put,480.0,86.5,83.7,85.7,0.4353694158935547,1,1
2026-04-18,US11135F1012,AVGO,2026-07-17,put,490.0,147.25,90.65,94.5,0.44492132232666015,5,0
2026-04-18,US11135F1012,AVGO,2026-07-17,put,500.0,131.2,99.15,102.1,0.43079182495117196,2,1
2026-04-18,US11135F1012,AVGO,2026-07-17,put,510.0,190.45,0.0,0.0,1.0000000000000003e-05,28,0
2026-04-18,US11135F1012,AVGO,2026-07-17,put,520.0,200.15,0.0,0.0,1.0000000000000003e-05,22,0
2026-04-18,US11135F1012,AVGO,2026-07-17,put,530.0,140.39,198.9,201.65,1.423525831604004,,2
2026-04-18,US11135F1012,AVGO,2026-07-17,put,540.0,219.6,0.0,0.0,1.0000000000000003e-05,2,0
2026-04-18,US11135F1012,AVGO,2026-07-17,put,550.0,171.33,144.05,147.1,0.430242514038086,2,2
2026-04-18,US11135F1012,AVGO,2026-07-17,put,560.0,158.37,153.55,156.3,0.42365078308105464,10,39
2026-04-18,US11135F1012,AVGO,2026-07-17,put,590.0,274.45,0.0,0.0,1.0000000000000003e-05,2,0
2026-04-18,US11135F1012,AVGO,2026-08-21,call,150.0,233.18,256.55,260.1,0.9320075158691408,10,34
2026-04-18,US11135F1012,AVGO,2026-08-21,call,155.0,188.0,179.35,182.15,1.0000000000000003e-05,1,2
2026-04-18,US11135F1012,AVGO,2026-08-21,call,160.0,180.16,0.0,0.0,1.0000000000000003e-05,36,0
2026-04-18,US11135F1012,AVGO,2026-08-21,call,165.0,183.0,170.1,173.15,1.0000000000000003e-05,,16
2026-04-18,US11135F1012,AVGO,2026-08-21,call,170.0,129.45,237.0,240.85,0.8710950390625,8,9
2026-04-18,US11135F1012,AVGO,2026-08-21,call,175.0,172.45,216.55,220.1,1.0000000000000003e-05,1,1
2026-04-18,US11135F1012,AVGO,2026-08-21,call,180.0,202.0,227.3,231.15,0.8393570751953124,1,18
2026-04-18,US11135F1012,AVGO,2026-08-21,call,185.0,212.1,222.6,226.35,0.8294694787597656,3,7
2026-04-18,US11135F1012,AVGO,2026-08-21,call,190.0,169.64,217.65,221.55,0.8117694604492187,2,27
2026-04-18,US11135F1012,AVGO,2026-08-21,call,195.0,142.28,212.95,216.7,0.7995625512695312,3,20
2026-04-18,US11135F1012,AVGO,2026-08-21,call,200.0,206.4,208.0,211.9,0.7819235675048828,2,60
2026-04-18,US11135F1012,AVGO,2026-08-21,call,210.0,190.7,198.45,202.35,0.7562890582275392,1,24
2026-04-18,US11135F1012,AVGO,2026-08-21,call,220.0,181.3,188.9,192.85,0.7305935144042968,1,31
2026-04-18,US11135F1012,AVGO,2026-08-21,call,230.0,172.3,179.5,183.4,0.7076445251464845,1,52
2026-04-18,US11135F1012,AVGO,2026-08-21,call,240.0,168.5,170.25,173.5,0.6782869085693359,3,229
2026-04-18,US11135F1012,AVGO,2026-08-21,call,250.0,154.0,160.9,164.25,0.6571079211425781,5,82
2026-04-18,US11135F1012,AVGO,2026-08-21,call,260.0,108.0,151.75,155.1,0.6384313500976562,1,68
2026-04-18,US11135F1012,AVGO,2026-08-21,call,270.0,141.71,142.8,146.05,0.6214637463378907,2,145
2026-04-18,US11135F1012,AVGO,2026-08-21,call,280.0,133.26,133.75,137.15,0.602787175292969,5,287
2026-04-18,US11135F1012,AVGO,2026-08-21,call,290.0,123.5,125.05,128.4,0.5872844006347657,6,104
2026-04-18,US11135F1012,AVGO,2026-08-21,call,300.0,116.0,116.9,119.3,0.5712017977905274,2,452
2026-04-18,US11135F1012,AVGO,2026-08-21,call,310.0,108.85,108.55,111.5,0.5621992022705078,7,462
2026-04-18,US11135F1012,AVGO,2026-08-21,call,320.0,98.89,100.6,103.45,0.5509078112792969,13,1389
2026-04-18,US11135F1012,AVGO,2026-08-21,call,330.0,90.35,92.9,95.55,0.5395248684692384,2,401
2026-04-18,US11135F1012,AVGO,2026-08-21,call,340.0,86.5,85.55,87.4,0.5257615783691407,48,1117
2026-04-18,US11135F1012,AVGO,2026-08-21,call,350.0,79.8,78.8,80.0,0.5179491564941407,41,2085
2026-04-18,US11135F1012,AVGO,2026-08-21,call,360.0,71.43,71.4,73.0,0.5051319018554687,80,950
2026-04-18,US11135F1012,AVGO,2026-08-21,call,370.0,65.41,65.15,66.5,0.5069019036865234,42,1251
2026-04-18,US11135F1012,AVGO,2026-08-21,call,380.0,60.22,59.65,61.1,0.5078784564208985,42,1694
2026-04-18,US11135F1012,AVGO,2026-08-21,call,390.0,52.75,53.95,54.8,0.495122236328125,10,1517
2026-04-18,US11135F1012,AVGO,2026-08-21,call,400.0,49.15,48.6,49.7,0.49207050903320315,183,2625
2026-04-18,US11135F1012,AVGO,2026-08-21,call,410.0,44.2,44.05,44.85,0.48813378082275394,281,1441
2026-04-18,US11135F1012,AVGO,2026-08-21,call,420.0,39.65,39.25,40.95,0.49075826629638675,90,841
2026-04-18,US11135F1012,AVGO,2026-08-21,call,430.0,35.97,35.35,36.6,0.48528041580200193,179,853
2026-04-18,US11135F1012,AVGO,2026-08-21,call,440.0,31.75,31.45,32.65,0.48073334213256835,182,1530
2026-04-18,US11135F1012,AVGO,2026-08-21,call,450.0,27.68,28.0,29.05,0.4766898034667969,47,974
2026-04-18,US11135F1012,AVGO,2026-08-21,call,460.0,25.55,25.3,25.95,0.4749350602722168,68,1448
2026-04-18,US11135F1012,AVGO,2026-08-21,call,470.0,22.38,22.3,23.55,0.4780173048400879,31,531
2026-04-18,US11135F1012,AVGO,2026-08-21,call,480.0,19.82,19.95,20.6,0.4720511779785156,49,725
2026-04-18,US11135F1012,AVGO,2026-08-21,call,490.0,17.8,17.2,18.9,0.4780020462036133,14,388
2026-04-18,US11135F1012,AVGO,2026-08-21,call,500.0,15.92,15.85,16.35,0.4711051425170898,63,750
2026-04-18,US11135F1012,AVGO,2026-08-21,call,510.0,14.2,13.75,14.85,0.47485876708984376,55,151
2026-04-18,US11135F1012,AVGO,2026-08-21,call,520.0,12.25,12.25,12.95,0.47095255615234377,10,191
2026-04-18,US11135F1012,AVGO,2026-08-21,call,530.0,11.0,10.85,11.6,0.4722953161621094,6,410
2026-04-18,US11135F1012,AVGO,2026-08-21,call,540.0,9.75,9.15,10.4,0.47379066253662117,11,242
2026-04-18,US11135F1012,AVGO,2026-08-21,call,560.0,7.8,7.35,7.85,0.467778759765625,5,259
2026-04-18,US11135F1012,AVGO,2026-08-21,call,570.0,6.5,6.7,7.35,0.4754996298217773,3,91
2026-04-18,US11135F1012,AVGO,2026-08-21,call,580.0,5.8,5.95,6.45,0.4742484216308594,1,100
2026-04-18,US11135F1012,AVGO,2026-08-21,call,590.0,5.29,5.25,5.8,0.4762320443725586,56,269
2026-04-18,US11135F1012,AVGO,2026-08-21,call,600.0,4.85,4.7,5.0,0.4731497998046875,145,1558
2026-04-18,US11135F1012,AVGO,2026-08-21,put,150.0,0.32,0.11,0.65,0.7368190380859375,1,294
2026-04-18,US11135F1012,AVGO,2026-08-21,put,155.0,0.4,0.01,0.75,0.7138700488281251,1,157
2026-04-18,US11135F1012,AVGO,2026-08-21,put,160.0,0.46,0.05,0.8,0.702151416015625,1,155
2026-04-18,US11135F1012,AVGO,2026-08-21,put,165.0,0.8,0.34,0.68,0.6977569287109376,10,299
2026-04-18,US11135F1012,AVGO,2026-08-21,put,170.0,0.4,0.57,0.8,0.7053252124023439,1,183
2026-04-18,US11135F1012,AVGO,2026-08-21,put,175.0,0.8,0.44,0.94,0.684573466796875,1,87
2026-04-18,US11135F1012,AVGO,2026-08-21,put,180.0,0.85,0.79,1.04,0.6926300268554688,5,559
2026-04-18,US11135F1012,AVGO,2026-08-21,put,185.0,0.96,0.86,1.11,0.6794465649414063,4,238
2026-04-18,US11135F1012,AVGO,2026-08-21,put,190.0,1.0,0.94,1.13,0.6638217211914064,25,391
2026-04-18,US11135F1012,AVGO,2026-08-21,put,195.0,1.0,1.1,1.36,0.662234822998047,1,93
2026-04-18,US11135F1012,AVGO,2026-08-21,put,200.0,1.33,1.24,1.58,0.657229990234375,23,405
2026-04-18,US11135F1012,AVGO,2026-08-21,put,210.0,1.71,1.35,1.79,0.6290320300292969,22,671
2026-04-18,US11135F1012,AVGO,2026-08-21,put,220.0,2.02,1.84,2.1,0.6159706372070313,12,2592
2026-04-18,US11135F1012,AVGO,2026-08-21,put,230.0,2.49,2.17,2.48,0.5968057897949219,301,2843
2026-04-18,US11135F1012,AVGO,2026-08-21,put,240.0,2.99,2.76,3.1,0.5871012969970704,113,2980
2026-04-18,US11135F1012,AVGO,2026-08-21,put,250.0,3.75,3.35,3.6,0.5708661077880859,103,1568
2026-04-18,US11135F1012,AVGO,2026-08-21,put,260.0,4.3,3.95,4.35,0.5565229895019532,357,2697
2026-04-18,US11135F1012,AVGO,2026-08-21,put,270.0,5.1,4.9,5.15,0.5453536676025392,103,2270
2026-04-18,US11135F1012,AVGO,2026-08-21,put,280.0,6.1,5.75,6.1,0.5313157220458984,98,2142
2026-04-18,US11135F1012,AVGO,2026-08-21,put,290.0,7.32,7.0,7.35,0.5225877819824218,88,1679
2026-04-18,US11135F1012,AVGO,2026-08-21,put,300.0,8.65,8.35,8.6,0.5110827700805664,230,4144
2026-04-18,US11135F1012,AVGO,2026-08-21,put,310.0,10.02,9.9,10.15,0.5009510354614258,80,2452
2026-04-18,US11135F1012,AVGO,2026-08-21,put,320.0,12.12,11.65,11.95,0.49371844177246105,72,986
2026-04-18,US11135F1012,AVGO,2026-08-21,put,330.0,14.2,13.65,14.05,0.48520412261962886,42,1170
2026-04-18,US11135F1012,AVGO,2026-08-21,put,340.0,16.28,16.0,16.45,0.47730014892578126,32,995
2026-04-18,US11135F1012,AVGO,2026-08-21,put,350.0,19.3,18.55,19.2,0.47031169342041024,151,464
2026-04-18,US11135F1012,AVGO,2026-08-21,put,360.0,22.82,22.0,22.3,0.46381151428222656,332,554
2026-04-18,US11135F1012,AVGO,2026-08-21,put,370.0,26.8,25.1,25.75,0.45761650787353525,283,1151
2026-04-18,US11135F1012,AVGO,2026-08-21,put,380.0,29.9,29.0,30.35,0.4605461660766602,20,997
2026-04-18,US11135F1012,AVGO,2026-08-21,put,390.0,34.0,33.4,34.2,0.45084167327880864,144,158
2026-04-18,US11135F1012,AVGO,2026-08-21,put,400.0,38.85,37.9,38.95,0.44717960052490235,470,425
2026-04-18,US11135F1012,AVGO,2026-08-21,put,410.0,43.88,42.95,43.9,0.4417475259399414,19,137
2026-04-18,US11135F1012,AVGO,2026-08-21,put,420.0,50.13,47.65,50.3,0.44775942871093743,6,191
2026-04-18,US11135F1012,AVGO,2026-08-21,put,430.0,56.25,53.95,56.1,0.4437769245910644,5,113
2026-04-18,US11135F1012,AVGO,2026-08-21,put,440.0,62.5,60.4,62.25,0.439885972290039,5,67
2026-04-18,US11135F1012,AVGO,2026-08-21,put,450.0,75.74,66.25,68.25,0.43076130767822274,19,61
2026-04-18,US11135F1012,AVGO,2026-08-21,put,460.0,76.34,72.85,75.65,0.4334468276977539,1,30
2026-04-18,US11135F1012,AVGO,2026-08-21,put,470.0,83.59,81.15,82.85,0.4307002731323243,1,39
2026-04-18,US11135F1012,AVGO,2026-08-21,put,480.0,179.47,87.7,90.3,0.4276180285644532,1,16
2026-04-18,US11135F1012,AVGO,2026-08-21,put,490.0,135.78,95.3,98.05,0.4249325085449219,1,1
2026-04-18,US11135F1012,AVGO,2026-08-21,put,500.0,203.0,103.15,106.1,0.4230099203491211,1,0
2026-04-18,US11135F1012,AVGO,2026-08-21,put,510.0,165.95,111.4,114.3,0.42008026214599614,1,0
2026-04-18,US11135F1012,AVGO,2026-08-21,put,520.0,195.86,119.8,122.75,0.4177304321289062,1,0
2026-04-18,US11135F1012,AVGO,2026-08-21,put,530.0,177.65,197.35,200.15,1.1937906521606445,5,22
2026-04-18,US11135F1012,AVGO,2026-08-21,put,540.0,170.05,137.3,140.2,0.4131528411865234,2,1
2026-04-18,US11135F1012,AVGO,2026-08-21,put,560.0,244.65,0.0,0.0,1.0000000000000003e-05,12,0
2026-04-18,US11135F1012,AVGO,2026-08-21,put,570.0,237.75,0.0,0.0,1.0000000000000003e-05,2,0
2026-04-18,US11135F1012,AVGO,2026-08-21,put,600.0,261.75,0.0,0.0,1.0000000000000003e-05,,0
2026-04-18,US11135F1012,AVGO,2026-09-18,call,70.0,284.25,272.2,275.7,1.0000000000000003e-05,7,14
2026-04-18,US11135F1012,AVGO,2026-09-18,call,75.0,179.47,213.2,215.1,1.0000000000000003e-05,1,1
2026-04-18,US11135F1012,AVGO,2026-09-18,call,80.0,191.77,255.65,259.0,1.0000000000000003e-05,1,10
2026-04-18,US11135F1012,AVGO,2026-09-18,call,85.0,233.8,236.4,239.9,1.0000000000000003e-05,10,26
2026-04-18,US11135F1012,AVGO,2026-09-18,call,90.0,85.2,119.75,121.5,1.0000000000000003e-05,,0
2026-04-18,US11135F1012,AVGO,2026-09-18,call,95.0,224.32,310.8,314.6,1.1198774475097655,1,1
2026-04-18,US11135F1012,AVGO,2026-09-18,call,100.0,299.04,305.9,309.7,1.0959517858886718,1,20
2026-04-18,US11135F1012,AVGO,2026-09-18,call,105.0,243.9,246.95,250.55,1.0000000000000003e-05,1,48
2026-04-18,US11135F1012,AVGO,2026-09-18,call,110.0,222.77,221.95,225.15,1.0000000000000003e-05,5,15
2026-04-18,US11135F1012,AVGO,2026-09-18,call,115.0,262.85,291.2,295.0,1.0269824041748048,1,35
2026-04-18,US11135F1012,AVGO,2026-09-18,call,120.0,205.95,286.35,290.15,1.0100147155761716,1,81
2026-04-18,US11135F1012,AVGO,2026-09-18,call,125.0,201.2,281.45,285.0,0.975586181640625,1,19
2026-04-18,US11135F1012,AVGO,2026-09-18,call,130.0,215.1,276.65,280.4,0.9732668688964843,1,9
2026-04-18,US11135F1012,AVGO,2026-09-18,call,135.0,202.83,0.0,0.0,1.0000000000000003e-05,7,0
2026-04-18,US11135F1012,AVGO,2026-09-18,call,140.0,192.35,206.55,210.9,1.0000000000000003e-05,1,28
2026-04-18,US11135F1012,AVGO,2026-09-18,call,145.0,203.0,200.9,204.1,1.0000000000000003e-05,1,7
2026-04-18,US11135F1012,AVGO,2026-09-18,call,150.0,233.0,257.2,261.0,0.9022226574707031,1,49
2026-04-18,US11135F1012,AVGO,2026-09-18,call,155.0,197.2,180.3,182.95,1.0000000000000003e-05,2,4
2026-04-18,US11135F1012,AVGO,2026-09-18,call,160.0,237.3,247.35,251.2,0.8601088208007812,3,16
2026-04-18,US11135F1012,AVGO,2026-09-18,call,165.0,232.0,242.5,246.55,0.84961087890625,1,30
2026-04-18,US11135F1012,AVGO,2026-09-18,call,170.0,130.95,237.7,241.75,0.8355729333496091,10,68
2026-04-18,US11135F1012,AVGO,2026-09-18,call,175.0,187.0,233.0,236.95,0.8239763696289062,1,219
2026-04-18,US11135F1012,AVGO,2026-09-18,call,180.0,142.05,0.0,0.0,1.0000000000000003e-05,11,0
2026-04-18,US11135F1012,AVGO,2026-09-18,call,185.0,117.9,223.7,226.8,0.789064609375,1,44
2026-04-18,US11135F1012,AVGO,2026-09-18,call,190.0,128.72,218.8,222.05,0.7736839038085939,25,177
2026-04-18,US11135F1012,AVGO,2026-09-18,call,195.0,125.21,214.2,217.3,0.764650791015625,1,117
2026-04-18,US11135F1012,AVGO,2026-09-18,call,200.0,211.06,209.3,212.6,0.7500025,1,221
2026-04-18,US11135F1012,AVGO,2026-09-18,call,210.0,190.7,199.85,203.2,0.7271755798339843,1,224
2026-04-18,US11135F1012,AVGO,2026-09-18,call,220.0,166.4,190.55,193.9,0.7072172833251953,1,611
2026-04-18,US11135F1012,AVGO,2026-09-18,call,230.0,114.55,181.45,184.65,0.6893951959228517,7,376
2026-04-18,US11135F1012,AVGO,2026-09-18,call,240.0,172.96,172.35,175.5,0.671023797607422,3,495
2026-04-18,US11135F1012,AVGO,2026-09-18,call,250.0,165.2,163.25,166.45,0.652194640197754,11,371
2026-04-18,US11135F1012,AVGO,2026-09-18,call,260.0,154.5,154.35,158.2,0.642703768310547,100,456
2026-04-18,US11135F1012,AVGO,2026-09-18,call,270.0,143.95,145.7,148.7,0.6202430554199221,6,414
2026-04-18,US11135F1012,AVGO,2026-09-18,call,280.0,135.37,137.0,140.4,0.6074258007812501,5,273
2026-04-18,US11135F1012,AVGO,2026-09-18,call,290.0,128.0,128.6,131.45,0.589268023376465,3,444
2026-04-18,US11135F1012,AVGO,2026-09-18,call,300.0,119.6,121.1,123.8,0.5867045724487304,6,681
2026-04-18,US11135F1012,AVGO,2026-09-18,call,310.0,113.5,113.05,115.6,0.5725140405273439,13,982
2026-04-18,US11135F1012,AVGO,2026-09-18,call,320.0,106.0,105.45,108.15,0.564304894104004,7,1248
2026-04-18,US11135F1012,AVGO,2026-09-18,call,330.0,97.79,98.0,100.4,0.5523726403808593,32,1333
2026-04-18,US11135F1012,AVGO,2026-09-18,call,340.0,91.47,90.95,93.55,0.5458724612426759,18,1289
2026-04-18,US11135F1012,AVGO,2026-09-18,call,350.0,85.25,84.15,86.0,0.533909690246582,290,2100
2026-04-18,US11135F1012,AVGO,2026-09-18,call,360.0,77.46,77.85,79.65,0.5288590815734864,35,4017
2026-04-18,US11135F1012,AVGO,2026-09-18,call,370.0,72.0,70.6,74.1,0.5201006242370605,42,1013
2026-04-18,US11135F1012,AVGO,2026-09-18,call,380.0,66.23,66.0,67.7,0.5178576046752931,47,2424
2026-04-18,US11135F1012,AVGO,2026-09-18,call,390.0,61.45,60.8,61.95,0.5129138064575195,43,1409
2026-04-18,US11135F1012,AVGO,2026-09-18,call,400.0,56.27,55.55,56.8,0.5078784564208985,282,3665
2026-04-18,US11135F1012,AVGO,2026-09-18,call,410.0,50.98,51.05,51.95,0.505162419128418,237,2295
2026-04-18,US11135F1012,AVGO,2026-09-18,call,420.0,46.5,46.65,47.9,0.5040027627563476,513,2123
2026-04-18,US11135F1012,AVGO,2026-09-18,call,430.0,42.7,42.3,43.25,0.5020954331970215,73,1414
2026-04-18,US11135F1012,AVGO,2026-09-18,call,440.0,38.89,38.35,39.45,0.4997761204528809,204,1543
2026-04-18,US11135F1012,AVGO,2026-09-18,call,450.0,35.0,34.85,36.15,0.49974560317993166,259,2608
2026-04-18,US11135F1012,AVGO,2026-09-18,call,460.0,31.0,31.6,32.65,0.49541215042114256,92,678
2026-04-18,US11135F1012,AVGO,2026-09-18,call,470.0,28.6,28.6,29.75,0.49457292541503906,118,904
2026-04-18,US11135F1012,AVGO,2026-09-18,call,480.0,26.7,26.0,27.25,0.4955494781494141,76,1243
2026-04-18,US11135F1012,AVGO,2026-09-18,call,490.0,23.95,23.65,24.5,0.49182637084960945,160,712
2026-04-18,US11135F1012,AVGO,2026-09-18,call,500.0,22.0,21.4,22.25,0.4911855081176758,97,1699
2026-04-18,US11135F1012,AVGO,2026-09-18,call,510.0,19.6,19.35,20.2,0.4906972317504883,85,495
2026-04-18,US11135F1012,AVGO,2026-09-18,call,520.0,17.71,17.55,18.75,0.49513749496459963,64,451
2026-04-18,US11135F1012,AVGO,2026-09-18,call,530.0,16.35,16.1,16.7,0.4909413699340821,61,346
2026-04-18,US11135F1012,AVGO,2026-09-18,call,540.0,14.26,14.55,15.15,0.490788783569336,142,395
2026-04-18,US11135F1012,AVGO,2026-09-18,call,560.0,12.2,11.9,12.75,0.4946339599609375,59,556
2026-04-18,US11135F1012,AVGO,2026-09-18,call,570.0,10.65,10.6,11.55,0.4943593045043946,55,109
2026-04-18,US11135F1012,AVGO,2026-09-18,call,580.0,9.55,9.55,10.4,0.49326068267822276,11,118
2026-04-18,US11135F1012,AVGO,2026-09-18,call,590.0,9.07,8.7,9.5,0.49445085632324226,17,195
2026-04-18,US11135F1012,AVGO,2026-09-18,call,600.0,8.3,8.05,8.45,0.4917958535766602,64,2148
2026-04-18,US11135F1012,AVGO,2026-09-18,put,70.0,0.36,0.0,0.36,1.0556687841796877,1,106
2026-04-18,US11135F1012,AVGO,2026-09-18,put,75.0,0.14,0.0,0.65,1.0869186279296876,4,78
2026-04-18,US11135F1012,AVGO,2026-09-18,put,80.0,0.13,0.0,0.0,0.500005,13,0
2026-04-18,US11135F1012,AVGO,2026-09-18,put,85.0,0.23,0.01,0.44,0.963867548828125,2,159
2026-04-18,US11135F1012,AVGO,2026-09-18,put,90.0,0.09,0.0,0.4,0.9169930175781251,12,85
2026-04-18,US11135F1012,AVGO,2026-09-18,put,95.0,0.24,0.01,0.73,0.9526371923828124,2,85
2026-04-18,US11135F1012,AVGO,2026-09-18,put,100.0,0.44,0.0,0.0,0.500005,1,0
2026-04-18,US11135F1012,AVGO,2026-09-18,put,105.0,0.3,0.01,0.79,0.8979502392578124,1,85
2026-04-18,US11135F1012,AVGO,2026-09-18,put,110.0,0.4,0.01,0.82,0.8720715917968749,2,154
2026-04-18,US11135F1012,AVGO,2026-09-18,put,115.0,0.35,0.01,0.4,0.7744163183593751,97,132
2026-04-18,US11135F1012,AVGO,2026-09-18,put,120.0,0.34,0.01,0.86,0.8212908496093749,1,134
2026-04-18,US11135F1012,AVGO,2026-09-18,put,125.0,0.3,0.01,0.75,0.7812521875,1,40
2026-04-18,US11135F1012,AVGO,2026-09-18,put,130.0,0.02,0.01,0.75,0.7563500927734376,1,105
2026-04-18,US11135F1012,AVGO,2026-09-18,put,135.0,0.45,0.01,0.76,0.7338893798828124,1,55
2026-04-18,US11135F1012,AVGO,2026-09-18,put,140.0,0.53,0.07,1.0,0.7426783544921874,3,213
2026-04-18,US11135F1012,AVGO,2026-09-18,put,145.0,0.62,0.14,1.05,0.7304714453125,9,128
2026-04-18,US11135F1012,AVGO,2026-09-18,put,150.0,0.65,0.4,0.79,0.708010732421875,3,619
2026-04-18,US11135F1012,AVGO,2026-09-18,put,155.0,1.01,0.46,0.88,0.6980010668945313,1,104
2026-04-18,US11135F1012,AVGO,2026-09-18,put,160.0,0.78,0.71,0.99,0.70117486328125,27,292
2026-04-18,US11135F1012,AVGO,2026-09-18,put,165.0,1.4,0.65,1.49,0.7048369360351563,1,151
2026-04-18,US11135F1012,AVGO,2026-09-18,put,170.0,3.9,0.79,1.4,0.6860382958984376,115,259
2026-04-18,US11135F1012,AVGO,2026-09-18,put,175.0,1.76,1.0,1.53,0.6813996704101564,1,605
2026-04-18,US11135F1012,AVGO,2026-09-18,put,180.0,1.44,1.25,1.69,0.6779817358398439,1,1368
2026-04-18,US11135F1012,AVGO,2026-09-18,put,185.0,1.8,1.28,1.86,0.6651644812011721,3,540
2026-04-18,US11135F1012,AVGO,2026-09-18,put,190.0,2.32,1.35,2.01,0.6528355029296876,10,392
2026-04-18,US11135F1012,AVGO,2026-09-18,put,195.0,2.49,1.63,2.17,0.6475865319824219,1,1122
2026-04-18,US11135F1012,AVGO,2026-09-18,put,200.0,1.83,1.91,2.39,0.6429479064941408,5,2087
2026-04-18,US11135F1012,AVGO,2026-09-18,put,210.0,2.59,2.33,2.63,0.6217078845214845,130,3249
2026-04-18,US11135F1012,AVGO,2026-09-18,put,220.0,2.71,2.78,3.35,0.6105385626220705,1,3828
2026-04-18,US11135F1012,AVGO,2026-09-18,put,230.0,3.55,3.45,3.8,0.5949747534179688,10,4542
2026-04-18,US11135F1012,AVGO,2026-09-18,put,240.0,4.2,4.1,4.5,0.5809978424072266,57,4463
2026-04-18,US11135F1012,AVGO,2026-09-18,put,250.0,5.25,4.85,5.3,0.5674481732177734,199,10618
2026-04-18,US11135F1012,AVGO,2026-09-18,put,260.0,6.3,5.75,6.3,0.5560041958618166,31,3831
2026-04-18,US11135F1012,AVGO,2026-09-18,put,270.0,7.3,6.95,7.55,0.5480391876220705,163,3076
2026-04-18,US11135F1012,AVGO,2026-09-18,put,280.0,8.6,8.05,8.75,0.5350388293457031,171,8313
2026-04-18,US11135F1012,AVGO,2026-09-18,put,290.0,10.09,9.55,10.2,0.5257005438232423,94,3234
2026-04-18,US11135F1012,AVGO,2026-09-18,put,300.0,11.95,11.25,11.9,0.5171251901245117,159,6879
2026-04-18,US11135F1012,AVGO,2026-09-18,put,310.0,13.4,13.25,13.75,0.5089160437011719,93,4106
2026-04-18,US11135F1012,AVGO,2026-09-18,put,320.0,16.06,15.35,16.05,0.5015613809204101,67,6155
2026-04-18,US11135F1012,AVGO,2026-09-18,put,330.0,18.21,17.8,18.45,0.49826551544189457,116,2164
2026-04-18,US11135F1012,AVGO,2026-09-18,put,340.0,21.3,20.35,21.2,0.49136861175537117,57,2017
2026-04-18,US11135F1012,AVGO,2026-09-18,put,350.0,24.25,23.3,24.4,0.4865773999023438,478,3792
2026-04-18,US11135F1012,AVGO,2026-09-18,put,360.0,28.05,26.55,27.7,0.47961946166992186,128,2792
2026-04-18,US11135F1012,AVGO,2026-09-18,put,370.0,31.38,30.2,31.45,0.4744010079956055,47,873
2026-04-18,US11135F1012,AVGO,2026-09-18,put,380.0,35.98,34.2,35.85,0.4726767820739746,36,2122
2026-04-18,US11135F1012,AVGO,2026-09-18,put,390.0,40.0,38.75,39.95,0.4647270324707031,110,364
2026-04-18,US11135F1012,AVGO,2026-09-18,put,400.0,44.79,43.85,44.75,0.4606529765319825,127,519
2026-04-18,US11135F1012,AVGO,2026-09-18,put,410.0,50.05,48.35,50.25,0.46024099334716795,93,1377
2026-04-18,US11135F1012,AVGO,2026-09-18,put,420.0,55.55,53.65,55.5,0.45441219421386714,101,813
2026-04-18,US11135F1012,AVGO,2026-09-18,put,430.0,62.25,59.9,61.3,0.4509027078247071,9,68
2026-04-18,US11135F1012,AVGO,2026-09-18,put,440.0,66.55,66.25,67.4,0.4473627041625976,2,101
2026-04-18,US11135F1012,AVGO,2026-09-18,put,450.0,74.4,71.9,74.3,0.44873598144531246,3,110
2026-04-18,US11135F1012,AVGO,2026-09-18,put,460.0,80.65,78.45,81.05,0.4460199441528321,40,14
2026-04-18,US11135F1012,AVGO,2026-09-18,put,470.0,87.45,85.45,88.0,0.4426325268554688,36,13
2026-04-18,US11135F1012,AVGO,2026-09-18,put,480.0,95.05,92.6,95.3,0.4402216622924804,33,24
2026-04-18,US11135F1012,AVGO,2026-09-18,put,490.0,102.6,100.65,102.8,0.4373682972717285,17,32
2026-04-18,US11135F1012,AVGO,2026-09-18,put,500.0,111.5,108.2,110.55,0.434774329071045,34,25
2026-04-18,US11135F1012,AVGO,2026-09-18,put,510.0,118.45,116.0,118.55,0.432622861328125,306,0
2026-04-18,US11135F1012,AVGO,2026-09-18,put,520.0,127.81,124.1,126.75,0.4305171694946289,52,47
2026-04-18,US11135F1012,AVGO,2026-09-18,put,530.0,136.26,132.95,135.1,0.428014753112793,140,17
2026-04-18,US11135F1012,AVGO,2026-09-18,put,540.0,144.94,140.85,143.65,0.42590906127929695,48,0
2026-04-18,US11135F1012,AVGO,2026-09-18,put,560.0,162.3,158.3,161.2,0.4217281948852539,2,0
2026-04-18,US11135F1012,AVGO,2026-09-18,put,600.0,268.8,0.0,0.0,1.0000000000000003e-05,15,0
2026-04-18,US11135F1012,AVGO,2026-10-16,call,165.0,183.77,242.95,246.85,0.8010273803710937,,0
2026-04-18,US11135F1012,AVGO,2026-10-16,call,170.0,178.18,238.3,242.05,0.7906515075683593,8,33
2026-04-18,US11135F1012,AVGO,2026-10-16,call,175.0,202.18,233.4,237.3,0.7752708020019532,2,2
2026-04-18,US11135F1012,AVGO,2026-10-16,call,180.0,197.38,228.85,232.0,0.7556787127685547,2,43
2026-04-18,US11135F1012,AVGO,2026-10-16,call,185.0,192.95,224.15,227.85,0.756960438232422,2,17
2026-04-18,US11135F1012,AVGO,2026-10-16,call,190.0,116.25,219.45,222.65,0.7365748999023438,5,5
2026-04-18,US11135F1012,AVGO,2026-10-16,call,195.0,132.65,214.75,217.95,0.7258938543701172,20,30
2026-04-18,US11135F1012,AVGO,2026-10-16,call,200.0,154.0,210.1,213.3,0.7166166033935546,1,64
2026-04-18,US11135F1012,AVGO,2026-10-16,call,210.0,199.79,200.8,204.05,0.6975738250732424,1,28
2026-04-18,US11135F1012,AVGO,2026-10-16,call,220.0,161.31,191.6,194.9,0.6799348413085939,4,25
2026-04-18,US11135F1012,AVGO,2026-10-16,call,230.0,168.07,182.5,185.85,0.6631503411865236,3,34
2026-04-18,US11135F1012,AVGO,2026-10-16,call,240.0,173.55,173.55,176.8,0.64648791015625,1,30
2026-04-18,US11135F1012,AVGO,2026-10-16,call,250.0,139.8,164.7,167.95,0.6313513427734375,6,40
2026-04-18,US11135F1012,AVGO,2026-10-16,call,260.0,156.2,156.05,159.25,0.617740639038086,2,22
2026-04-18,US11135F1012,AVGO,2026-10-16,call,270.0,141.06,147.5,150.75,0.6048013153076173,2,33
2026-04-18,US11135F1012,AVGO,2026-10-16,call,280.0,113.02,139.15,142.4,0.5926554406738282,2,54
2026-04-18,US11135F1012,AVGO,2026-10-16,call,290.0,128.05,131.0,134.2,0.5810588769531251,1,48
2026-04-18,US11135F1012,AVGO,2026-10-16,call,300.0,120.0,123.1,126.25,0.5708355905151368,1,93
2026-04-18,US11135F1012,AVGO,2026-10-16,call,310.0,113.81,115.45,118.65,0.5622144609069823,2,244
2026-04-18,US11135F1012,AVGO,2026-10-16,call,320.0,107.28,108.1,111.15,0.5536543658447266,1,114
2026-04-18,US11135F1012,AVGO,2026-10-16,call,330.0,99.0,100.75,103.85,0.5438888385009766,5,489
2026-04-18,US11135F1012,AVGO,2026-10-16,call,340.0,92.69,94.1,96.45,0.5351914157104493,1,84
2026-04-18,US11135F1012,AVGO,2026-10-16,call,350.0,86.85,87.5,90.55,0.5322922747802734,758,932
2026-04-18,US11135F1012,AVGO,2026-10-16,call,360.0,81.5,81.15,83.95,0.5244340769958495,1,124
2026-04-18,US11135F1012,AVGO,2026-10-16,call,370.0,74.75,75.15,78.0,0.5191088128662109,82,185
2026-04-18,US11135F1012,AVGO,2026-10-16,call,380.0,68.2,69.55,72.7,0.5163012237548827,23,213
2026-04-18,US11135F1012,AVGO,2026-10-16,call,390.0,64.77,64.25,66.7,0.5091754405212403,31,258
2026-04-18,US11135F1012,AVGO,2026-10-16,call,400.0,60.45,59.8,61.85,0.5087634573364258,100,760
2026-04-18,US11135F1012,AVGO,2026-10-16,call,410.0,55.57,55.15,56.4,0.5023853472900393,791,493
2026-04-18,US11135F1012,AVGO,2026-10-16,call,420.0,49.39,50.1,52.8,0.5001575863647462,28,153
2026-04-18,US11135F1012,AVGO,2026-10-16,call,430.0,47.35,46.05,47.95,0.5028888822937012,127,180
2026-04-18,US11135F1012,AVGO,2026-10-16,call,440.0,42.2,42.7,44.7,0.5056506954956054,36,154
2026-04-18,US11135F1012,AVGO,2026-10-16,call,450.0,39.7,39.65,40.45,0.4975636181640626,37,426
2026-04-18,US11135F1012,AVGO,2026-10-16,call,460.0,36.4,35.8,37.15,0.4957936163330079,7,97
2026-04-18,US11135F1012,AVGO,2026-10-16,call,470.0,33.5,32.8,34.1,0.4942830113220215,10,236
2026-04-18,US11135F1012,AVGO,2026-10-16,call,480.0,30.19,30.2,31.85,0.4981739636230469,17,103
2026-04-18,US11135F1012,AVGO,2026-10-16,call,490.0,27.55,27.4,29.25,0.49715163497924814,39,215
2026-04-18,US11135F1012,AVGO,2026-10-16,call,500.0,26.05,25.65,26.45,0.492467233581543,43,294
2026-04-18,US11135F1012,AVGO,2026-10-16,put,155.0,0.95,0.94,1.26,0.6928741650390625,4,73
2026-04-18,US11135F1012,AVGO,2026-10-16,put,160.0,1.1,1.06,1.28,0.6784700122070313,10,405
2026-04-18,US11135F1012,AVGO,2026-10-16,put,165.0,1.32,1.17,1.5,0.6726106958007814,1,154
2026-04-18,US11135F1012,AVGO,2026-10-16,put,170.0,1.65,1.18,2.27,0.6822541540527345,10,125
2026-04-18,US11135F1012,AVGO,2026-10-16,put,175.0,1.6,1.47,1.69,0.6513706738281251,3,143
2026-04-18,US11135F1012,AVGO,2026-10-16,put,180.0,1.72,1.55,1.86,0.6403844555664062,14,242
2026-04-18,US11135F1012,AVGO,2026-10-16,put,185.0,2.5,1.82,2.26,0.6422154919433594,3,37
2026-04-18,US11135F1012,AVGO,2026-10-16,put,190.0,4.21,2.02,2.41,0.6326941027832031,11,127
2026-04-18,US11135F1012,AVGO,2026-10-16,put,195.0,2.25,2.24,2.64,0.6254920263671876,1,27
2026-04-18,US11135F1012,AVGO,2026-10-16,put,200.0,2.68,2.47,2.88,0.6180458117675782,22,370
2026-04-18,US11135F1012,AVGO,2026-10-16,put,210.0,3.38,3.0,3.65,0.6087075262451174,1,298
2026-04-18,US11135F1012,AVGO,2026-10-16,put,220.0,3.9,3.6,4.05,0.5903971624755859,1,1310
2026-04-18,US11135F1012,AVGO,2026-10-16,put,230.0,4.55,4.35,4.75,0.5779461151123046,95,797
2026-04-18,US11135F1012,AVGO,2026-10-16,put,240.0,5.07,5.1,5.4,0.5622602368164062,11,2146
2026-04-18,US11135F1012,AVGO,2026-10-16,put,250.0,6.4,6.1,6.7,0.5560041958618166,93,1762
2026-04-18,US11135F1012,AVGO,2026-10-16,put,260.0,7.4,7.2,7.6,0.5428817684936526,50,572
2026-04-18,US11135F1012,AVGO,2026-10-16,put,270.0,8.7,8.45,8.9,0.5331162411499023,10,392
2026-04-18,US11135F1012,AVGO,2026-10-16,put,280.0,10.25,9.9,10.35,0.5238389901733399,191,2611
2026-04-18,US11135F1012,AVGO,2026-10-16,put,290.0,11.86,11.55,12.1,0.5159655337524415,14,123
2026-04-18,US11135F1012,AVGO,2026-10-16,put,300.0,13.95,13.45,14.35,0.5108081146240235,15,653
2026-04-18,US11135F1012,AVGO,2026-10-16,put,310.0,16.1,15.55,16.15,0.5007984490966797,72,417
2026-04-18,US11135F1012,AVGO,2026-10-16,put,320.0,18.45,18.05,18.85,0.501683450012207,404,1618
2026-04-18,US11135F1012,AVGO,2026-10-16,put,330.0,21.55,20.2,21.75,0.49762465270996104,89,429
2026-04-18,US11135F1012,AVGO,2026-10-16,put,340.0,24.3,23.25,24.8,0.4922536126708985,162,641
2026-04-18,US11135F1012,AVGO,2026-10-16,put,350.0,27.65,26.15,27.8,0.4835714485168458,59,190
2026-04-18,US11135F1012,AVGO,2026-10-16,put,360.0,30.95,30.25,31.15,0.4760031648254394,74,1034
2026-04-18,US11135F1012,AVGO,2026-10-16,put,370.0,35.0,34.2,34.9,0.4697928997802735,39,102
2026-04-18,US11135F1012,AVGO,2026-10-16,put,380.0,39.7,37.7,39.65,0.470357469329834,28,749
2026-04-18,US11135F1012,AVGO,2026-10-16,put,390.0,44.15,42.0,43.7,0.46164478790283214,75,175
2026-04-18,US11135F1012,AVGO,2026-10-16,put,400.0,48.25,47.05,49.4,0.46524582611083987,92,81
2026-04-18,US11135F1012,AVGO,2026-10-16,put,420.0,59.85,57.35,59.5,0.45297788238525394,5,100
2026-04-18,US11135F1012,AVGO,2026-10-16,put,440.0,99.2,69.65,71.75,0.4497430514526367,4,4
2026-04-18,US11135F1012,AVGO,2026-10-16,put,460.0,90.35,82.2,84.8,0.4441583905029296,5,9
2026-04-18,US11135F1012,AVGO,2026-10-16,put,470.0,91.0,89.45,91.05,0.43539993316650394,2,3
2026-04-18,US11135F1012,AVGO,2026-10-16,put,480.0,98.1,97.05,98.8,0.4381922636413575,30,1
2026-04-18,US11135F1012,AVGO,2026-10-16,put,490.0,174.65,103.25,106.15,0.4352320881652832,2,1
2026-04-18,US11135F1012,AVGO,2026-10-16,put,500.0,183.5,111.35,113.75,0.43259234405517577,6,4
2026-04-18,US11135F1012,AVGO,2026-11-20,call,155.0,219.8,253.5,257.3,0.8028584167480468,4,13
2026-04-18,US11135F1012,AVGO,2026-11-20,call,160.0,188.75,0.0,0.0,1.0000000000000003e-05,4,0
2026-04-18,US11135F1012,AVGO,2026-11-20,call,165.0,159.55,0.0,0.0,1.0000000000000003e-05,10,0
2026-04-18,US11135F1012,AVGO,2026-11-20,call,170.0,147.75,239.45,242.75,0.7619652709960938,2,23
2026-04-18,US11135F1012,AVGO,2026-11-20,call,175.0,149.65,234.75,238.0,0.7498804309082032,2,16
2026-04-18,US11135F1012,AVGO,2026-11-20,call,180.0,197.55,230.1,233.3,0.7393824890136718,2,9
2026-04-18,US11135F1012,AVGO,2026-11-20,call,185.0,195.07,225.45,228.65,0.7293728234863281,2,14
2026-04-18,US11135F1012,AVGO,2026-11-20,call,190.0,138.8,220.8,224.05,0.7199124688720704,2,15
2026-04-18,US11135F1012,AVGO,2026-11-20,call,195.0,157.95,0.0,0.0,1.0000000000000003e-05,,0
2026-04-18,US11135F1012,AVGO,2026-11-20,call,200.0,201.74,211.55,214.8,0.6999541723632813,1,18
2026-04-18,US11135F1012,AVGO,2026-11-20,call,210.0,123.75,202.4,205.65,0.6815217395019533,2,30
2026-04-18,US11135F1012,AVGO,2026-11-20,call,220.0,105.9,193.4,196.6,0.6648287911987306,1,102
2026-04-18,US11135F1012,AVGO,2026-11-20,call,230.0,113.78,184.45,187.7,0.6488682574462892,1,59
2026-04-18,US11135F1012,AVGO,2026-11-20,call,240.0,172.65,175.7,178.9,0.6344030700683594,1,80
2026-04-18,US11135F1012,AVGO,2026-11-20,call,250.0,160.7,167.05,170.2,0.620090469055176,5,73
2026-04-18,US11135F1012,AVGO,2026-11-20,call,260.0,150.1,158.6,161.65,0.6071206280517578,1,38
2026-04-18,US11135F1012,AVGO,2026-11-20,call,270.0,149.0,150.3,153.2,0.5943338906860353,2,230
2026-04-18,US11135F1012,AVGO,2026-11-20,call,280.0,116.71,142.15,145.3,0.5848125015258788,1,80
2026-04-18,US11135F1012,AVGO,2026-11-20,call,290.0,132.83,134.25,137.2,0.5735821450805664,1,118
2026-04-18,US11135F1012,AVGO,2026-11-20,call,300.0,119.55,126.55,129.7,0.5654340332031251,1,246
2026-04-18,US11135F1012,AVGO,2026-11-20,call,310.0,112.93,119.1,122.35,0.5574995422363282,8,560
2026-04-18,US11135F1012,AVGO,2026-11-20,call,320.0,110.79,111.9,114.45,0.5459029785156251,2,737
2026-04-18,US11135F1012,AVGO,2026-11-20,call,330.0,104.8,104.95,108.1,0.5418899571228029,1,843
2026-04-18,US11135F1012,AVGO,2026-11-20,call,340.0,97.5,98.25,101.5,0.53555762298584,2,434
2026-04-18,US11135F1012,AVGO,2026-11-20,call,350.0,90.13,91.8,95.15,0.5295152029418947,2,622
2026-04-18,US11135F1012,AVGO,2026-11-20,call,360.0,85.5,85.85,88.6,0.5228014028930664,2,1248
2026-04-18,US11135F1012,AVGO,2026-11-20,call,370.0,80.29,79.9,82.95,0.5180864842224122,5,622
2026-04-18,US11135F1012,AVGO,2026-11-20,call,380.0,74.11,74.4,77.55,0.5143176010131835,11,200
2026-04-18,US11135F1012,AVGO,2026-11-20,call,390.0,69.88,69.1,72.45,0.5106097523498536,35,564
2026-04-18,US11135F1012,AVGO,2026-11-20,call,400.0,65.63,64.2,67.0,0.5051319018554687,97,472
2026-04-18,US11135F1012,AVGO,2026-11-20,call,410.0,58.0,59.65,61.9,0.5006000868225098,73,367
2026-04-18,US11135F1012,AVGO,2026-11-20,call,420.0,56.26,56.25,57.5,0.5016224154663086,40,311
2026-04-18,US11135F1012,AVGO,2026-11-20,call,430.0,51.25,51.4,53.45,0.5045520736694337,13,589
2026-04-18,US11135F1012,AVGO,2026-11-20,call,440.0,48.04,47.35,49.95,0.5050556086730957,6,198
2026-04-18,US11135F1012,AVGO,2026-11-20,call,450.0,44.17,43.95,46.65,0.5054523332214353,5,292
2026-04-18,US11135F1012,AVGO,2026-11-20,call,460.0,41.3,41.45,42.7,0.49895215408325194,6,230
2026-04-18,US11135F1012,AVGO,2026-11-20,call,470.0,37.7,37.35,39.55,0.4972431867980958,6,209
2026-04-18,US11135F1012,AVGO,2026-11-20,call,480.0,35.24,34.6,36.6,0.49561051269531253,3,130
2026-04-18,US11135F1012,AVGO,2026-11-20,call,490.0,32.35,32.1,33.8,0.4936879244995118,2,348
2026-04-18,US11135F1012,AVGO,2026-11-20,call,500.0,30.35,29.9,31.65,0.4957936163330079,21,513
2026-04-18,US11135F1012,AVGO,2026-11-20,put,155.0,1.25,1.09,1.4,0.647464462890625,5,120
2026-04-18,US11135F1012,AVGO,2026-11-20,put,160.0,1.96,1.22,1.83,0.6499058447265625,27,83
2026-04-18,US11135F1012,AVGO,2026-11-20,put,165.0,1.6,1.35,2.02,0.6414830773925781,3,169
2026-04-18,US11135F1012,AVGO,2026-11-20,put,170.0,1.83,1.65,2.0,0.6312292736816407,11,282
2026-04-18,US11135F1012,AVGO,2026-11-20,put,175.0,4.3,1.7,2.39,0.6253699572753908,11,491
2026-04-18,US11135F1012,AVGO,2026-11-20,put,180.0,3.3,2.09,2.73,0.6262244409179689,1,94
2026-04-18,US11135F1012,AVGO,2026-11-20,put,185.0,2.41,2.1,2.84,0.6104775280761721,1,87
2026-04-18,US11135F1012,AVGO,2026-11-20,put,190.0,3.27,2.33,3.25,0.6069985589599609,1,20
2026-04-18,US11135F1012,AVGO,2026-11-20,put,195.0,2.94,2.58,3.5,0.5994913098144532,7,367
2026-04-18,US11135F1012,AVGO,2026-11-20,put,200.0,3.05,3.0,3.45,0.5888712988281251,4,315
2026-04-18,US11135F1012,AVGO,2026-11-20,put,210.0,4.24,3.6,4.15,0.5770916314697265,2,866
2026-04-18,US11135F1012,AVGO,2026-11-20,put,220.0,4.43,4.35,4.9,0.5658002404785156,1,418
2026-04-18,US11135F1012,AVGO,2026-11-20,put,230.0,5.46,5.25,5.75,0.5553938504028321,1,2058
2026-04-18,US11135F1012,AVGO,2026-11-20,put,240.0,6.5,6.2,6.7,0.5442550457763673,51,586
2026-04-18,US11135F1012,AVGO,2026-11-20,put,250.0,7.58,7.35,7.85,0.5350998638916016,41,1015
2026-04-18,US11135F1012,AVGO,2026-11-20,put,260.0,8.86,8.5,9.2,0.5253343365478516,1,1989
2026-04-18,US11135F1012,AVGO,2026-11-20,put,270.0,10.29,10.0,10.75,0.5179186392211915,6,491
2026-04-18,US11135F1012,AVGO,2026-11-20,put,280.0,12.2,11.65,12.45,0.5101977691650392,14,667
2026-04-18,US11135F1012,AVGO,2026-11-20,put,290.0,13.95,13.4,14.4,0.5024768991088868,5,779
2026-04-18,US11135F1012,AVGO,2026-11-20,put,300.0,16.25,15.65,16.25,0.4988758609008789,3,3269
2026-04-18,US11135F1012,AVGO,2026-11-20,put,310.0,18.6,17.75,18.9,0.4959462026977539,12,505
2026-04-18,US11135F1012,AVGO,2026-11-20,put,320.0,22.48,20.65,21.75,0.4923604231262208,475,2682
2026-04-18,US11135F1012,AVGO,2026-11-20,put,330.0,23.73,23.5,24.75,0.48767602172851565,4,1008
2026-04-18,US11135F1012,AVGO,2026-11-20,put,340.0,27.35,26.6,28.0,0.4829916203308106,6,213
2026-04-18,US11135F1012,AVGO,2026-11-20,put,350.0,30.55,29.85,31.2,0.47543859527587884,5,893
2026-04-18,US11135F1012,AVGO,2026-11-20,put,360.0,34.7,33.8,34.7,0.46849591567993165,37,1026
2026-04-18,US11135F1012,AVGO,2026-11-20,put,370.0,38.35,37.5,39.4,0.4699912620544434,9,45
2026-04-18,US11135F1012,AVGO,2026-11-20,put,380.0,42.93,41.85,43.1,0.4603020278930664,12,57
2026-04-18,US11135F1012,AVGO,2026-11-20,put,390.0,47.35,46.45,47.8,0.45700616241455083,2,327
2026-04-18,US11135F1012,AVGO,2026-11-20,put,400.0,52.3,51.25,53.2,0.4572197833251954,71,19
2026-04-18,US11135F1012,AVGO,2026-11-20,put,410.0,57.55,56.4,58.4,0.4535271932983398,19,9
2026-04-18,US11135F1012,AVGO,2026-11-20,put,420.0,90.65,61.7,64.0,0.45093322509765627,4,18
2026-04-18,US11135F1012,AVGO,2026-11-20,put,430.0,75.25,67.45,69.35,0.4442652009582519,2,28
2026-04-18,US11135F1012,AVGO,2026-11-20,put,440.0,76.3,73.55,75.85,0.444768735961914,65,10
2026-04-18,US11135F1012,AVGO,2026-11-20,put,450.0,84.95,80.25,82.15,0.44170175003051754,1,3
2026-04-18,US11135F1012,AVGO,2026-11-20,put,460.0,94.87,86.65,88.75,0.43912304046630857,2,46
2026-04-18,US11135F1012,AVGO,2026-11-20,put,470.0,145.99,92.8,95.5,0.43588820953369145,1,35
2026-04-18,US11135F1012,AVGO,2026-11-20,put,480.0,121.94,99.8,102.55,0.43327898269653325,4,16
2026-04-18,US11135F1012,AVGO,2026-11-20,put,490.0,108.9,107.2,109.85,0.43100544586181644,30,53
2026-04-18,US11135F1012,AVGO,2026-11-20,put,500.0,123.65,114.65,117.35,0.428716650390625,2,52
2026-04-18,US11135F1012,AVGO,2026-12-18,call,66.0,243.8,339.6,343.2,1.0576218994140625,10,163
2026-04-18,US11135F1012,AVGO,2026-12-18,call,68.0,279.49,337.55,341.15,1.0307665649414064,2,19
2026-04-18,US11135F1012,AVGO,2026-12-18,call,70.0,244.9,0.0,0.0,1.0000000000000003e-05,1,0
2026-04-18,US11135F1012,AVGO,2026-12-18,call,72.0,243.05,0.0,0.0,1.0000000000000003e-05,1,0
2026-04-18,US11135F1012,AVGO,2026-12-18,call,74.0,241.35,0.0,0.0,1.0000000000000003e-05,1,0
2026-04-18,US11135F1012,AVGO,2026-12-18,call,75.0,244.65,330.2,334.5,0.9741213525390625,14,39
2026-04-18,US11135F1012,AVGO,2026-12-18,call,76.0,305.16,329.75,333.5,1.0107471337890623,3,52
2026-04-18,US11135F1012,AVGO,2026-12-18,call,78.0,272.18,252.7,256.55,1.0000000000000003e-05,10,29
2026-04-18,US11135F1012,AVGO,2026-12-18,call,80.0,318.63,325.9,329.6,0.9973144799804687,1,167
2026-04-18,US11135F1012,AVGO,2026-12-18,call,82.0,299.25,324.0,327.7,0.9951172363281251,1,20
2026-04-18,US11135F1012,AVGO,2026-12-18,call,84.0,237.95,322.1,325.6,0.9802248071289064,1,108
2026-04-18,US11135F1012,AVGO,2026-12-18,call,85.0,230.85,0.0,0.0,1.0000000000000003e-05,1,0
2026-04-18,US11135F1012,AVGO,2026-12-18,call,86.0,266.85,320.15,323.85,0.9835206726074219,14,28
2026-04-18,US11135F1012,AVGO,2026-12-18,call,88.0,265.3,298.75,302.5,1.0000000000000003e-05,6,21
2026-04-18,US11135F1012,AVGO,2026-12-18,call,90.0,231.02,316.4,320.0,0.9765627343750001,9,473
2026-04-18,US11135F1012,AVGO,2026-12-18,call,92.0,93.03,146.75,149.2,1.0000000000000003e-05,15,28
2026-04-18,US11135F1012,AVGO,2026-12-18,call,94.0,289.2,251.05,254.4,1.0000000000000003e-05,2,12
2026-04-18,US11135F1012,AVGO,2026-12-18,call,95.0,258.48,236.55,241.0,1.0000000000000003e-05,5,149
2026-04-18,US11135F1012,AVGO,2026-12-18,call,96.0,275.0,248.9,252.55,1.0000000000000003e-05,10,469
2026-04-18,US11135F1012,AVGO,2026-12-18,call,98.0,253.28,254.5,258.0,1.0000000000000003e-05,56,299
2026-04-18,US11135F1012,AVGO,2026-12-18,call,100.0,274.0,306.65,310.35,0.9372564868164062,2,609
2026-04-18,US11135F1012,AVGO,2026-12-18,call,102.0,232.0,221.05,224.55,1.0000000000000003e-05,1,38
2026-04-18,US11135F1012,AVGO,2026-12-18,call,104.0,212.9,0.0,0.0,1.0000000000000003e-05,1,0
2026-04-18,US11135F1012,AVGO,2026-12-18,call,105.0,209.82,301.85,305.45,0.9180916394042968,2,5
2026-04-18,US11135F1012,AVGO,2026-12-18,call,106.0,220.25,300.9,304.6,0.9198006066894531,1,9
2026-04-18,US11135F1012,AVGO,2026-12-18,call,108.0,274.39,298.95,302.65,0.9113778393554688,1,23
2026-04-18,US11135F1012,AVGO,2026-12-18,call,110.0,216.5,297.15,300.7,0.9084481811523437,1,123
2026-04-18,US11135F1012,AVGO,2026-12-18,call,112.0,234.25,221.05,224.95,1.0000000000000003e-05,17,45
2026-04-18,US11135F1012,AVGO,2026-12-18,call,114.0,78.45,124.8,126.75,1.0000000000000003e-05,1,13
2026-04-18,US11135F1012,AVGO,2026-12-18,call,115.0,261.77,292.25,295.9,0.8894054028320311,1,20
2026-04-18,US11135F1012,AVGO,2026-12-18,call,116.0,71.27,76.65,78.15,1.0000000000000003e-05,10,10
2026-04-18,US11135F1012,AVGO,2026-12-18,call,118.0,209.0,289.4,293.05,0.8820812573242187,1,34
2026-04-18,US11135F1012,AVGO,2026-12-18,call,120.0,251.6,287.6,291.1,0.8785412536621093,20,252
2026-04-18,US11135F1012,AVGO,2026-12-18,call,122.0,226.05,231.5,236.5,1.0000000000000003e-05,2,10
2026-04-18,US11135F1012,AVGO,2026-12-18,call,124.0,233.9,283.6,287.3,0.862428133544922,4,7
2026-04-18,US11135F1012,AVGO,2026-12-18,call,125.0,232.7,282.7,286.35,0.86132951171875,100,56
2026-04-18,US11135F1012,AVGO,2026-12-18,call,126.0,207.0,0.0,0.0,1.0000000000000003e-05,1,0
2026-04-18,US11135F1012,AVGO,2026-12-18,call,128.0,220.75,226.0,231.0,1.0000000000000003e-05,1,29
2026-04-18,US11135F1012,AVGO,2026-12-18,call,130.0,189.4,277.95,281.55,0.8470474279785156,1,113
2026-04-18,US11135F1012,AVGO,2026-12-18,call,132.0,112.59,128.3,130.25,1.0000000000000003e-05,1,53
2026-04-18,US11135F1012,AVGO,2026-12-18,call,134.0,222.8,212.6,216.5,1.0000000000000003e-05,1,236
2026-04-18,US11135F1012,AVGO,2026-12-18,call,135.0,205.55,0.0,0.0,1.0000000000000003e-05,1,0
2026-04-18,US11135F1012,AVGO,2026-12-18,call,136.0,248.6,272.25,275.85,0.8313005151367187,1,16
2026-04-18,US11135F1012,AVGO,2026-12-18,call,138.0,246.69,270.35,274.0,0.8272722351074218,1,250
2026-04-18,US11135F1012,AVGO,2026-12-18,call,140.0,242.0,268.6,272.1,0.8254411987304686,1,172
2026-04-18,US11135F1012,AVGO,2026-12-18,call,142.0,170.35,266.65,269.95,0.8130511859130858,2,168
2026-04-18,US11135F1012,AVGO,2026-12-18,call,144.0,214.22,192.6,195.4,1.0000000000000003e-05,2,89
2026-04-18,US11135F1012,AVGO,2026-12-18,call,145.0,196.55,0.0,0.0,1.0000000000000003e-05,1,0
2026-04-18,US11135F1012,AVGO,2026-12-18,call,146.0,190.67,0.0,0.0,1.0000000000000003e-05,10,0
2026-04-18,US11135F1012,AVGO,2026-12-18,call,148.0,170.45,260.9,264.5,0.8014546221923828,3,39
2026-04-18,US11135F1012,AVGO,2026-12-18,call,150.0,251.0,259.0,262.45,0.7928487512207032,3,367
2026-04-18,US11135F1012,AVGO,2026-12-18,call,152.0,210.9,257.2,260.75,0.7936422003173829,2,289
2026-04-18,US11135F1012,AVGO,2026-12-18,call,154.0,207.0,255.25,258.8,0.7861349511718749,4,112
2026-04-18,US11135F1012,AVGO,2026-12-18,call,155.0,175.39,254.3,257.9,0.7844259838867188,1,101
2026-04-18,US11135F1012,AVGO,2026-12-18,call,156.0,241.97,253.35,256.95,0.7816794293212892,1,48
2026-04-18,US11135F1012,AVGO,2026-12-18,call,158.0,166.53,0.0,0.0,1.0000000000000003e-05,100,0
2026-04-18,US11135F1012,AVGO,2026-12-18,call,160.0,200.0,249.7,253.25,0.7753928710937501,1,404
2026-04-18,US11135F1012,AVGO,2026-12-18,call,162.0,232.35,247.9,251.25,0.7698387274169922,1,89
2026-04-18,US11135F1012,AVGO,2026-12-18,call,164.0,157.1,165.25,168.65,1.0000000000000003e-05,2,110
2026-04-18,US11135F1012,AVGO,2026-12-18,call,165.0,234.87,245.1,248.5,0.7641625146484375,1,223
2026-04-18,US11135F1012,AVGO,2026-12-18,call,166.0,188.6,244.15,247.55,0.7613549255371095,1,242
2026-04-18,US11135F1012,AVGO,2026-12-18,call,168.0,165.0,242.3,245.7,0.7574487145996094,2,129
2026-04-18,US11135F1012,AVGO,2026-12-18,call,170.0,238.6,240.4,243.85,0.7526880200195312,25,724
2026-04-18,US11135F1012,AVGO,2026-12-18,call,172.0,177.65,238.55,242.0,0.7487207745361328,2,282
2026-04-18,US11135F1012,AVGO,2026-12-18,call,174.0,155.0,236.7,239.95,0.7415186981201172,5,95
2026-04-18,US11135F1012,AVGO,2026-12-18,call,175.0,220.35,235.8,239.05,0.7403590417480468,1,132
2026-04-18,US11135F1012,AVGO,2026-12-18,call,176.0,86.9,112.5,115.25,1.0000000000000003e-05,5,320
2026-04-18,US11135F1012,AVGO,2026-12-18,call,178.0,150.65,0.0,0.0,1.0000000000000003e-05,2,0
2026-04-18,US11135F1012,AVGO,2026-12-18,call,180.0,222.0,231.15,234.4,0.7293728234863281,5,624
2026-04-18,US11135F1012,AVGO,2026-12-18,call,182.0,197.0,229.3,232.6,0.7260159234619141,1,277
2026-04-18,US11135F1012,AVGO,2026-12-18,call,184.0,93.21,122.8,123.55,1.0000000000000003e-05,1,560
2026-04-18,US11135F1012,AVGO,2026-12-18,call,185.0,144.8,226.55,229.6,0.7168607415771484,2,224
2026-04-18,US11135F1012,AVGO,2026-12-18,call,186.0,216.3,225.65,228.7,0.7155179815673829,3,68
2026-04-18,US11135F1012,AVGO,2026-12-18,call,188.0,148.0,223.8,227.05,0.7140531524658205,2,125
2026-04-18,US11135F1012,AVGO,2026-12-18,call,190.0,139.92,221.95,224.95,0.7063627996826172,10,312
2026-04-18,US11135F1012,AVGO,2026-12-18,call,192.0,140.3,142.35,144.6,1.0000000000000003e-05,1,224
2026-04-18,US11135F1012,AVGO,2026-12-18,call,194.0,167.3,218.3,221.55,0.7024260714721681,1,412
2026-04-18,US11135F1012,AVGO,2026-12-18,call,195.0,188.05,217.4,220.85,0.7034331414794923,2,75
2026-04-18,US11135F1012,AVGO,2026-12-18,call,196.0,187.28,216.5,219.6,0.697390721435547,2,42
2026-04-18,US11135F1012,AVGO,2026-12-18,call,198.0,160.95,157.5,160.95,1.0000000000000003e-05,10,120
2026-04-18,US11135F1012,AVGO,2026-12-18,call,200.0,210.0,212.85,216.25,0.6934845104980469,2,1127
2026-04-18,US11135F1012,AVGO,2026-12-18,call,205.0,207.0,208.35,211.8,0.685672088623047,1,152
2026-04-18,US11135F1012,AVGO,2026-12-18,call,210.0,201.29,203.9,207.3,0.6774934594726563,1,639
2026-04-18,US11135F1012,AVGO,2026-12-18,call,215.0,194.0,199.4,202.9,0.6694979339599609,1,339
2026-04-18,US11135F1012,AVGO,2026-12-18,call,220.0,187.27,195.05,198.5,0.662662064819336,1,348
2026-04-18,US11135F1012,AVGO,2026-12-18,call,225.0,189.12,190.6,193.95,0.6530186065673829,22,2428
2026-04-18,US11135F1012,AVGO,2026-12-18,call,230.0,187.0,186.3,189.5,0.6454808401489257,1,294
2026-04-18,US11135F1012,AVGO,2026-12-18,call,235.0,153.4,181.95,185.4,0.6402623864746093,1,433
2026-04-18,US11135F1012,AVGO,2026-12-18,call,240.0,176.7,177.65,180.9,0.631564963684082,1,832
2026-04-18,US11135F1012,AVGO,2026-12-18,call,245.0,173.24,173.35,176.85,0.6263159927368166,1,349
2026-04-18,US11135F1012,AVGO,2026-12-18,call,250.0,170.0,169.25,172.45,0.619388571777344,2,464
2026-04-18,US11135F1012,AVGO,2026-12-18,call,255.0,165.34,165.0,168.3,0.6128578753662111,1,1211
2026-04-18,US11135F1012,AVGO,2026-12-18,call,260.0,159.55,160.9,164.4,0.6088906298828126,1,547
2026-04-18,US11135F1012,AVGO,2026-12-18,call,265.0,155.25,157.05,160.35,0.6050454534912111,2,330
2026-04-18,US11135F1012,AVGO,2026-12-18,call,270.0,142.0,152.8,156.3,0.5979654461669923,1,385
2026-04-18,US11135F1012,AVGO,2026-12-18,call,275.0,147.35,148.85,152.0,0.5908854388427736,2,613
2026-04-18,US11135F1012,AVGO,2026-12-18,call,280.0,139.5,144.95,148.05,0.5860026751708984,1,304
2026-04-18,US11135F1012,AVGO,2026-12-18,call,290.0,130.25,137.65,140.4,0.5794109442138673,1,350
2026-04-18,US11135F1012,AVGO,2026-12-18,call,300.0,130.0,129.85,132.9,0.5687909332275392,5,1356
2026-04-18,US11135F1012,AVGO,2026-12-18,call,310.0,118.2,122.55,125.65,0.5605817868041992,4,2431
2026-04-18,US11135F1012,AVGO,2026-12-18,call,320.0,116.0,116.0,118.65,0.5556074713134767,8,1221
2026-04-18,US11135F1012,AVGO,2026-12-18,call,330.0,109.0,108.85,111.9,0.5469558244323731,7,1574
2026-04-18,US11135F1012,AVGO,2026-12-18,call,340.0,101.58,102.4,105.5,0.5414627153015139,14,924
2026-04-18,US11135F1012,AVGO,2026-12-18,call,350.0,96.65,96.15,98.5,0.5323380506896973,23,1404
2026-04-18,US11135F1012,AVGO,2026-12-18,call,360.0,91.5,90.25,93.3,0.5308121870422364,17,1600
2026-04-18,US11135F1012,AVGO,2026-12-18,call,370.0,84.0,84.55,87.6,0.5260209751892089,5,1624
2026-04-18,US11135F1012,AVGO,2026-12-18,call,380.0,78.93,79.1,82.1,0.52129079788208,23,1061
2026-04-18,US11135F1012,AVGO,2026-12-18,call,390.0,75.5,74.05,77.15,0.5185900192260743,66,760
2026-04-18,US11135F1012,AVGO,2026-12-18,call,400.0,70.48,69.2,71.6,0.512578116455078,80,3107
2026-04-18,US11135F1012,AVGO,2026-12-18,call,410.0,65.42,64.45,67.6,0.5112658737182617,71,511
2026-04-18,US11135F1012,AVGO,2026-12-18,call,420.0,61.83,60.8,62.5,0.5082751809692383,34,2836
2026-04-18,US11135F1012,AVGO,2026-12-18,call,430.0,57.26,56.8,59.15,0.5089618196105958,57,549
2026-04-18,US11135F1012,AVGO,2026-12-18,call,440.0,52.45,52.9,55.3,0.5065509550476073,291,475
2026-04-18,US11135F1012,AVGO,2026-12-18,call,450.0,50.18,49.5,50.85,0.5022480195617678,227,1743
2026-04-18,US11135F1012,AVGO,2026-12-18,call,460.0,45.3,46.1,47.5,0.5006153454589843,44,641
2026-04-18,US11135F1012,AVGO,2026-12-18,call,470.0,43.18,42.85,44.9,0.5009662940979005,75,636
2026-04-18,US11135F1012,AVGO,2026-12-18,call,480.0,39.01,39.95,41.4,0.5034229345703125,11,696
2026-04-18,US11135F1012,AVGO,2026-12-18,call,490.0,37.5,37.6,39.15,0.5003712072753908,23,532
2026-04-18,US11135F1012,AVGO,2026-12-18,call,500.0,35.3,34.95,36.0,0.5010883631896974,78,1118
2026-04-18,US11135F1012,AVGO,2026-12-18,call,510.0,30.47,32.15,34.2,0.5052234536743164,9,386
2026-04-18,US11135F1012,AVGO,2026-12-18,call,520.0,31.05,30.2,31.6,0.5018360363769532,54,457
2026-04-18,US11135F1012,AVGO,2026-12-18,call,530.0,28.0,27.9,29.85,0.5042316423034667,25,807
2026-04-18,US11135F1012,AVGO,2026-12-18,call,540.0,26.11,26.4,27.7,0.5022785368347169,27,538
2026-04-18,US11135F1012,AVGO,2026-12-18,call,560.0,22.69,22.7,23.9,0.499379395904541,2,563
2026-04-18,US11135F1012,AVGO,2026-12-18,call,570.0,21.22,21.4,22.75,0.5031635377502441,10,225
2026-04-18,US11135F1012,AVGO,2026-12-18,call,580.0,18.71,19.9,21.2,0.5024768991088868,12,206
2026-04-18,US11135F1012,AVGO,2026-12-18,call,590.0,17.35,18.55,19.85,0.5027515545654297,2,268
2026-04-18,US11135F1012,AVGO,2026-12-18,call,600.0,18.0,17.15,18.4,0.5011951736450196,47,1408
2026-04-18,US11135F1012,AVGO,2026-12-18,call,660.0,1101.2,1066.0,1086.0,0.0,15,5
2026-04-18,US11135F1012,AVGO,2026-12-18,call,700.0,1057.0,1034.0,1052.0,0.0,1,3
2026-04-18,US11135F1012,AVGO,2026-12-18,call,720.0,740.92,1022.0,1042.0,0.0,1,1
2026-04-18,US11135F1012,AVGO,2026-12-18,call,740.0,1055.8,1000.0,1020.0,0.0,1,2
2026-04-18,US11135F1012,AVGO,2026-12-18,call,760.0,915.33,984.0,1002.0,0.0,2,2
2026-04-18,US11135F1012,AVGO,2026-12-18,call,780.0,1018.0,968.0,988.0,0.0,1,1
2026-04-18,US11135F1012,AVGO,2026-12-18,call,800.0,1002.0,952.0,970.0,0.0,1,16
2026-04-18,US11135F1012,AVGO,2026-12-18,call,840.0,650.63,928.0,946.0,0.0,10,8
2026-04-18,US11135F1012,AVGO,2026-12-18,call,900.0,938.0,876.0,894.0,0.0,1,3
2026-04-18,US11135F1012,AVGO,2026-12-18,call,920.0,860.0,860.0,878.0,0.0,1,2
2026-04-18,US11135F1012,AVGO,2026-12-18,call,940.0,832.48,846.0,864.0,0.0,1,1
2026-04-18,US11135F1012,AVGO,2026-12-18,call,980.0,920.05,816.0,834.0,0.0,,2
2026-04-18,US11135F1012,AVGO,2026-12-18,call,1000.0,813.87,802.0,820.0,0.0,1,12
2026-04-18,US11135F1012,AVGO,2026-12-18,call,1040.0,838.02,774.0,792.0,0.0,3,0
2026-04-18,US11135F1012,AVGO,2026-12-18,call,1060.0,678.33,760.0,778.0,0.0,1,1
2026-04-18,US11135F1012,AVGO,2026-12-18,call,1080.0,648.5,746.0,766.0,0.0,,0
2026-04-18,US11135F1012,AVGO,2026-12-18,call,1100.0,795.28,734.0,752.0,0.0,3,16
2026-04-18,US11135F1012,AVGO,2026-12-18,call,1140.0,718.0,706.0,726.0,0.0,,1
2026-04-18,US11135F1012,AVGO,2026-12-18,call,1160.0,667.0,694.0,714.0,0.0,,1
2026-04-18,US11135F1012,AVGO,2026-12-18,call,1200.0,608.0,668.0,688.0,0.0,4,3
2026-04-18,US11135F1012,AVGO,2026-12-18,call,1280.0,436.49,630.0,648.0,0.0,1,1
2026-04-18,US11135F1012,AVGO,2026-12-18,call,1300.0,626.6,610.0,627.6,0.0,1,8
2026-04-18,US11135F1012,AVGO,2026-12-18,call,1320.0,335.0,0.0,0.0,0.2500075,1,1
2026-04-18,US11135F1012,AVGO,2026-12-18,call,1340.0,595.0,586.0,606.0,0.0,1,23
2026-04-18,US11135F1012,AVGO,2026-12-18,call,1360.0,333.0,590.0,610.0,0.0,,1
2026-04-18,US11135F1012,AVGO,2026-12-18,call,1380.0,579.0,564.0,581.6,0.0,1,4
2026-04-18,US11135F1012,AVGO,2026-12-18,call,1400.0,565.0,554.0,574.0,0.0,2,11
2026-04-18,US11135F1012,AVGO,2026-12-18,call,1420.0,575.0,544.0,561.8,0.0,2,13
2026-04-18,US11135F1012,AVGO,2026-12-18,call,1440.0,562.0,534.0,551.8,0.0,1,4
2026-04-18,US11135F1012,AVGO,2026-12-18,call,1460.0,458.82,524.0,542.0,0.0,3,3
2026-04-18,US11135F1012,AVGO,2026-12-18,call,1480.0,518.11,514.0,532.0,0.0,2,2
2026-04-18,US11135F1012,AVGO,2026-12-18,call,1500.0,538.95,504.0,521.9,0.0,1,17
2026-04-18,US11135F1012,AVGO,2026-12-18,call,1540.0,475.55,484.0,501.6,0.0,5,8
2026-04-18,US11135F1012,AVGO,2026-12-18,call,1560.0,501.25,474.2,491.4,0.0,2,1
2026-04-18,US11135F1012,AVGO,2026-12-18,call,1580.0,494.5,466.1,483.6,0.0,2,22
2026-04-18,US11135F1012,AVGO,2026-12-18,call,1600.0,465.0,456.0,473.8,0.0,3,30
2026-04-18,US11135F1012,AVGO,2026-12-18,call,1620.0,475.1,448.2,465.4,0.0,2,4
2026-04-18,US11135F1012,AVGO,2026-12-18,call,1640.0,460.0,440.1,455.8,0.0,1,5
2026-04-18,US11135F1012,AVGO,2026-12-18,call,1660.0,462.03,430.0,447.4,0.0,3,18
2026-04-18,US11135F1012,AVGO,2026-12-18,call,1680.0,453.13,422.0,439.8,0.0,4,11
2026-04-18,US11135F1012,AVGO,2026-12-18,call,1700.0,425.0,414.1,431.1,0.0,5,92
2026-04-18,US11135F1012,AVGO,2026-12-18,call,1720.0,433.1,406.2,423.2,0.0,1,27
2026-04-18,US11135F1012,AVGO,2026-12-18,call,1740.0,441.0,398.0,416.0,0.0,3,10
2026-04-18,US11135F1012,AVGO,2026-12-18,call,1760.0,404.0,390.0,408.0,6.357423928222656,6,18
2026-04-18,US11135F1012,AVGO,2026-12-18,call,1780.0,400.0,384.1,402.0,5.8547390097045895,11,25
2026-04-18,US11135F1012,AVGO,2026-12-18,call,1800.0,400.0,376.0,394.0,5.423648239974974,1,58
2026-04-18,US11135F1012,AVGO,2026-12-18,call,1820.0,388.49,370.1,386.0,5.15393422164917,12,21
2026-04-18,US11135F1012,AVGO,2026-12-18,call,1840.0,387.0,362.0,379.7,4.928775811691283,2,57
2026-04-18,US11135F1012,AVGO,2026-12-18,call,1860.0,379.6,356.0,371.3,4.73962809890747,2,5
2026-04-18,US11135F1012,AVGO,2026-12-18,call,1880.0,367.49,348.1,364.5,4.572391979827881,3,17
2026-04-18,US11135F1012,AVGO,2026-12-18,call,1900.0,360.8,342.0,357.8,4.443363820800781,1,21
2026-04-18,US11135F1012,AVGO,2026-12-18,call,1920.0,282.21,334.0,350.8,4.305973855819701,1,2
2026-04-18,US11135F1012,AVGO,2026-12-18,call,1940.0,371.12,328.0,345.9,4.215580902404785,1,6
2026-04-18,US11135F1012,AVGO,2026-12-18,call,1960.0,368.0,322.0,340.0,4.122868615951538,1,4
2026-04-18,US11135F1012,AVGO,2026-12-18,call,1980.0,368.0,316.0,332.3,4.022496426963807,3,9
2026-04-18,US11135F1012,AVGO,2026-12-18,call,2000.0,335.1,310.1,326.0,3.9391786188507076,2,67
2026-04-18,US11135F1012,AVGO,2026-12-18,call,2050.0,345.3,296.0,311.3,3.7598577780914306,3,6
2026-04-18,US11135F1012,AVGO,2026-12-18,call,2100.0,330.0,282.0,299.9,3.618714332122803,1,89
2026-04-18,US11135F1012,AVGO,2026-12-18,call,2200.0,276.01,256.0,274.0,3.3628098205184935,2,28
2026-04-18,US11135F1012,AVGO,2026-12-18,call,2250.0,220.3,244.0,261.9,3.256166410369873,2,2
2026-04-18,US11135F1012,AVGO,2026-12-18,call,2300.0,260.71,234.0,249.9,3.1646291636276245,2,8
2026-04-18,US11135F1012,AVGO,2026-12-18,call,2350.0,267.0,222.0,239.9,3.076952380867004,5,7
2026-04-18,US11135F1012,AVGO,2026-12-18,call,2400.0,247.8,212.0,229.9,3.001085871315002,1,4
2026-04-18,US11135F1012,AVGO,2026-12-18,call,2450.0,307.25,202.1,217.4,2.917498433799744,,3
2026-04-18,US11135F1012,AVGO,2026-12-18,call,2500.0,209.3,194.0,208.1,2.856616017646789,1,31
2026-04-18,US11135F1012,AVGO,2026-12-18,call,2550.0,201.76,185.0,199.9,2.797701980361939,1,2
2026-04-18,US11135F1012,AVGO,2026-12-18,call,2600.0,160.75,177.0,192.0,2.744860925941467,,0
2026-04-18,US11135F1012,AVGO,2026-12-18,call,2650.0,180.0,169.0,184.0,2.6922792702865603,1,0
2026-04-18,US11135F1012,AVGO,2026-12-18,call,2700.0,181.75,161.0,176.0,2.6402469296646123,2,5
2026-04-18,US11135F1012,AVGO,2026-12-18,call,2750.0,191.1,154.0,169.0,2.5962254332733155,1,28
2026-04-18,US11135F1012,AVGO,2026-12-18,put,66.0,0.01,0.05,0.12,0.799806689453125,25,922
2026-04-18,US11135F1012,AVGO,2026-12-18,put,68.0,0.1,0.01,0.39,0.86132951171875,1,212
2026-04-18,US11135F1012,AVGO,2026-12-18,put,70.0,0.11,0.01,0.3,0.823243955078125,4,966
2026-04-18,US11135F1012,AVGO,2026-12-18,put,72.0,0.22,0.0,0.92,0.922852333984375,13,178
2026-04-18,US11135F1012,AVGO,2026-12-18,put,74.0,0.15,0.0,0.93,0.9091805957031249,6,97
2026-04-18,US11135F1012,AVGO,2026-12-18,put,75.0,0.3,0.0,0.94,0.903321279296875,1,45
2026-04-18,US11135F1012,AVGO,2026-12-18,put,76.0,0.47,0.05,0.59,0.8535170898437501,4,54
2026-04-18,US11135F1012,AVGO,2026-12-18,put,78.0,0.39,0.0,0.64,0.840821904296875,1,116
2026-04-18,US11135F1012,AVGO,2026-12-18,put,80.0,0.28,0.1,0.5,0.8212908496093749,10,205
2026-04-18,US11135F1012,AVGO,2026-12-18,put,82.0,0.37,0.0,0.0,0.500005,9,0
2026-04-18,US11135F1012,AVGO,2026-12-18,put,84.0,0.4,0.01,1.01,0.8530288134765626,8,61
2026-04-18,US11135F1012,AVGO,2026-12-18,put,85.0,0.3,0.1,0.66,0.81445498046875,1,1567
2026-04-18,US11135F1012,AVGO,2026-12-18,put,86.0,0.54,0.21,0.77,0.8359391406249999,1,62
2026-04-18,US11135F1012,AVGO,2026-12-18,put,88.0,0.24,0.01,0.55,0.7675804492187501,27,94
2026-04-18,US11135F1012,AVGO,2026-12-18,put,90.0,0.35,0.01,0.66,0.7729514892578125,10,1273
2026-04-18,US11135F1012,AVGO,2026-12-18,put,92.0,0.51,0.01,0.73,0.77148666015625,10,641
2026-04-18,US11135F1012,AVGO,2026-12-18,put,94.0,0.65,0.01,0.99,0.79101771484375,6,132
2026-04-18,US11135F1012,AVGO,2026-12-18,put,95.0,0.29,0.02,0.62,0.7417018017578124,27,946
2026-04-18,US11135F1012,AVGO,2026-12-18,put,96.0,0.75,0.0,0.0,0.2500075,1,0
2026-04-18,US11135F1012,AVGO,2026-12-18,put,98.0,0.77,0.01,0.75,0.7421900781249999,34,100
2026-04-18,US11135F1012,AVGO,2026-12-18,put,100.0,0.54,0.08,0.54,0.7133817724609376,1,1505
2026-04-18,US11135F1012,AVGO,2026-12-18,put,102.0,0.5,0.04,0.5,0.6918976123046876,1,190
2026-04-18,US11135F1012,AVGO,2026-12-18,put,104.0,0.67,0.01,0.8,0.717776259765625,2,150
2026-04-18,US11135F1012,AVGO,2026-12-18,put,105.0,0.9,0.01,0.85,0.7182645361328125,1,251
2026-04-18,US11135F1012,AVGO,2026-12-18,put,106.0,0.87,0.0,0.0,0.2500075,3,0
2026-04-18,US11135F1012,AVGO,2026-12-18,put,108.0,0.56,0.17,0.9,0.7248562670898437,1,115
2026-04-18,US11135F1012,AVGO,2026-12-18,put,110.0,0.58,0.31,0.94,0.7307155834960937,2,461
2026-04-18,US11135F1012,AVGO,2026-12-18,put,112.0,1.04,0.24,0.95,0.7160672924804687,3,211
2026-04-18,US11135F1012,AVGO,2026-12-18,put,114.0,0.9,0.07,1.0,0.6962920996093751,2,136
2026-04-18,US11135F1012,AVGO,2026-12-18,put,115.0,0.71,0.4,0.82,0.7043486596679689,70,237
2026-04-18,US11135F1012,AVGO,2026-12-18,put,116.0,1.75,1.31,1.82,0.8098163549804687,3,216
2026-04-18,US11135F1012,AVGO,2026-12-18,put,118.0,0.96,0.44,1.08,0.7128934960937501,1,340
2026-04-18,US11135F1012,AVGO,2026-12-18,put,120.0,0.67,0.48,1.06,0.7048369360351563,9,1067
2026-04-18,US11135F1012,AVGO,2026-12-18,put,122.0,0.69,0.2,1.15,0.6826203613281252,9,247
2026-04-18,US11135F1012,AVGO,2026-12-18,put,124.0,0.94,0.56,0.96,0.68555001953125,1,162
2026-04-18,US11135F1012,AVGO,2026-12-18,put,125.0,0.7,0.58,0.97,0.6831086376953126,1,74
2026-04-18,US11135F1012,AVGO,2026-12-18,put,126.0,1.06,0.57,1.25,0.6953155468750001,2,220
2026-04-18,US11135F1012,AVGO,2026-12-18,put,128.0,1.79,0.0,0.0,0.2500075,1,0
2026-04-18,US11135F1012,AVGO,2026-12-18,put,130.0,1.22,0.63,1.33,0.68555001953125,12,982
2026-04-18,US11135F1012,AVGO,2026-12-18,put,132.0,1.25,0.72,1.4,0.6853058813476562,2,119
2026-04-18,US11135F1012,AVGO,2026-12-18,put,134.0,2.16,0.78,1.38,0.6787141503906251,13,710
2026-04-18,US11135F1012,AVGO,2026-12-18,put,135.0,0.98,0.94,1.15,0.6709017285156251,2,474
2026-04-18,US11135F1012,AVGO,2026-12-18,put,136.0,1.0,0.84,1.54,0.6806672558593752,1,553
2026-04-18,US11135F1012,AVGO,2026-12-18,put,138.0,1.2,0.88,1.31,0.663333444824219,1,381
2026-04-18,US11135F1012,AVGO,2026-12-18,put,140.0,1.14,0.94,1.55,0.6687044848632814,4,1386
2026-04-18,US11135F1012,AVGO,2026-12-18,put,142.0,1.36,1.0,1.71,0.6699251757812501,5,672
2026-04-18,US11135F1012,AVGO,2026-12-18,put,144.0,2.86,1.03,1.74,0.6640658593750002,26,523
2026-04-18,US11135F1012,AVGO,2026-12-18,put,145.0,2.46,1.08,1.77,0.6630893066406252,19,845
2026-04-18,US11135F1012,AVGO,2026-12-18,put,146.0,3.0,1.1,1.98,0.6678500012207034,11,140
2026-04-18,US11135F1012,AVGO,2026-12-18,put,148.0,1.76,1.18,1.71,0.652469295654297,1,128
2026-04-18,US11135F1012,AVGO,2026-12-18,put,150.0,1.37,1.3,1.69,0.6481968774414062,1,390
2026-04-18,US11135F1012,AVGO,2026-12-18,put,152.0,1.89,1.31,1.98,0.6510044665527344,3,542
2026-04-18,US11135F1012,AVGO,2026-12-18,put,154.0,4.35,0.0,0.0,0.2500075,25,0
2026-04-18,US11135F1012,AVGO,2026-12-18,put,155.0,2.14,1.33,2.11,0.6442906665039063,3,137
2026-04-18,US11135F1012,AVGO,2026-12-18,put,156.0,1.98,1.37,2.58,0.6566196447753907,3,117
2026-04-18,US11135F1012,AVGO,2026-12-18,put,158.0,3.72,1.52,2.23,0.6424596301269532,1,505
2026-04-18,US11135F1012,AVGO,2026-12-18,put,160.0,1.72,1.64,2.3,0.6405065246582031,2,765
2026-04-18,US11135F1012,AVGO,2026-12-18,put,162.0,4.85,1.7,2.5,0.6402623864746093,67,241
2026-04-18,US11135F1012,AVGO,2026-12-18,put,164.0,4.45,1.62,2.44,0.6285437536621095,78,556
2026-04-18,US11135F1012,AVGO,2026-12-18,put,165.0,2.58,1.64,2.5,0.6269568554687501,1,386
2026-04-18,US11135F1012,AVGO,2026-12-18,put,166.0,2.2,1.83,2.55,0.629886513671875,1,109
2026-04-18,US11135F1012,AVGO,2026-12-18,put,168.0,2.22,1.9,2.62,0.6260413372802736,2,64
2026-04-18,US11135F1012,AVGO,2026-12-18,put,170.0,2.39,1.98,2.7,0.6226844372558593,1,625
2026-04-18,US11135F1012,AVGO,2026-12-18,put,172.0,4.77,2.07,2.78,0.6195106408691409,1,346
2026-04-18,US11135F1012,AVGO,2026-12-18,put,174.0,3.14,2.16,2.87,0.6164589135742189,2,386
2026-04-18,US11135F1012,AVGO,2026-12-18,put,175.0,2.49,2.24,2.92,0.6158485681152344,1,194
2026-04-18,US11135F1012,AVGO,2026-12-18,put,176.0,3.36,2.41,3.15,0.6214637463378907,2,156
2026-04-18,US11135F1012,AVGO,2026-12-18,put,178.0,6.1,2.31,3.2,0.6127968408203126,1,381
2026-04-18,US11135F1012,AVGO,2026-12-18,put,180.0,2.85,2.45,3.2,0.6085854571533205,1,328
2026-04-18,US11135F1012,AVGO,2026-12-18,put,182.0,3.64,2.53,3.35,0.6062051098632814,2,214
2026-04-18,US11135F1012,AVGO,2026-12-18,put,184.0,3.65,2.72,3.5,0.6060830407714846,1,501
2026-04-18,US11135F1012,AVGO,2026-12-18,put,185.0,6.92,2.85,3.5,0.6051064880371095,2,122
2026-04-18,US11135F1012,AVGO,2026-12-18,put,186.0,8.5,7.6,8.55,0.7547937118530273,1,30
2026-04-18,US11135F1012,AVGO,2026-12-18,put,188.0,3.1,3.1,3.65,0.6020547607421877,14,49
2026-04-18,US11135F1012,AVGO,2026-12-18,put,190.0,4.45,2.95,3.8,0.5948526843261719,4,100
2026-04-18,US11135F1012,AVGO,2026-12-18,put,192.0,4.36,3.15,3.9,0.5932657861328126,3,68
2026-04-18,US11135F1012,AVGO,2026-12-18,put,194.0,4.63,3.15,4.15,0.5907023352050782,2,66
2026-04-18,US11135F1012,AVGO,2026-12-18,put,195.0,4.62,3.35,3.9,0.5862468133544922,152,255
2026-04-18,US11135F1012,AVGO,2026-12-18,put,196.0,4.82,3.4,4.0,0.5853923297119141,1,139
2026-04-18,US11135F1012,AVGO,2026-12-18,put,198.0,5.85,3.6,4.1,0.5835002587890624,9,202
2026-04-18,US11135F1012,AVGO,2026-12-18,put,200.0,3.95,3.85,4.4,0.5856975024414062,44,1957
2026-04-18,US11135F1012,AVGO,2026-12-18,put,205.0,4.24,4.1,4.6,0.5753216296386718,1,266
2026-04-18,US11135F1012,AVGO,2026-12-18,put,210.0,4.64,4.35,5.2,0.5706830041503907,5,428
2026-04-18,US11135F1012,AVGO,2026-12-18,put,215.0,5.08,4.95,5.65,0.5681195532226562,1,438
2026-04-18,US11135F1012,AVGO,2026-12-18,put,220.0,5.63,5.35,6.0,0.5607038558959961,5,3189
2026-04-18,US11135F1012,AVGO,2026-12-18,put,225.0,6.11,6.1,6.5,0.5589643713378907,10,722
2026-04-18,US11135F1012,AVGO,2026-12-18,put,230.0,6.6,6.35,7.0,0.5506026385498048,4,1551
2026-04-18,US11135F1012,AVGO,2026-12-18,put,235.0,7.82,6.75,7.65,0.5452010812377931,10,381
2026-04-18,US11135F1012,AVGO,2026-12-18,put,240.0,8.62,7.55,8.1,0.5412948703002932,1,1802
2026-04-18,US11135F1012,AVGO,2026-12-18,put,245.0,8.2,8.15,8.7,0.536259520263672,38,648
2026-04-18,US11135F1012,AVGO,2026-12-18,put,250.0,9.25,8.75,9.55,0.532933137512207,4,3269
2026-04-18,US11135F1012,AVGO,2026-12-18,put,255.0,9.82,9.45,9.95,0.5258531301879883,1,624
2026-04-18,US11135F1012,AVGO,2026-12-18,put,260.0,10.66,10.2,10.9,0.523442265625,8,1000
2026-04-18,US11135F1012,AVGO,2026-12-18,put,265.0,12.35,10.9,11.75,0.5191088128662109,1,774
2026-04-18,US11135F1012,AVGO,2026-12-18,put,270.0,12.33,11.8,12.55,0.5153246710205077,16,2074
2026-04-18,US11135F1012,AVGO,2026-12-18,put,275.0,13.03,12.8,13.55,0.5131274273681641,52,913
2026-04-18,US11135F1012,AVGO,2026-12-18,put,280.0,14.05,13.7,14.1,0.5063831100463867,174,3457
2026-04-18,US11135F1012,AVGO,2026-12-18,put,290.0,16.06,15.75,16.25,0.5002491381835938,54,1419
2026-04-18,US11135F1012,AVGO,2026-12-18,put,300.0,18.0,18.05,18.6,0.49768568725585943,97,4407
2026-04-18,US11135F1012,AVGO,2026-12-18,put,310.0,21.17,20.6,21.05,0.4907277490234375,90,1620
2026-04-18,US11135F1012,AVGO,2026-12-18,put,320.0,24.15,23.4,24.45,0.4915364567565918,182,1359
2026-04-18,US11135F1012,AVGO,2026-12-18,put,330.0,27.1,26.45,27.6,0.4870046417236329,23,1512
2026-04-18,US11135F1012,AVGO,2026-12-18,put,340.0,30.45,29.45,31.1,0.48352567260742196,27,1880
2026-04-18,US11135F1012,AVGO,2026-12-18,put,350.0,34.58,32.9,34.6,0.47781894256591795,19,2155
2026-04-18,US11135F1012,AVGO,2026-12-18,put,360.0,38.23,36.9,38.4,0.4726767820739746,22,836
2026-04-18,US11135F1012,AVGO,2026-12-18,put,370.0,41.83,40.9,42.45,0.46761091476440425,19,886
2026-04-18,US11135F1012,AVGO,2026-12-18,put,380.0,46.52,45.75,47.25,0.46663436203002934,13,458
2026-04-18,US11135F1012,AVGO,2026-12-18,put,390.0,51.1,50.35,51.75,0.4611717701721192,229,590
2026-04-18,US11135F1012,AVGO,2026-12-18,put,400.0,57.05,55.4,57.05,0.4600426310729981,27,357
2026-04-18,US11135F1012,AVGO,2026-12-18,put,410.0,62.29,59.8,62.35,0.4569451278686524,2,115
2026-04-18,US11135F1012,AVGO,2026-12-18,put,420.0,67.75,65.4,67.6,0.4516046051025391,57,257
2026-04-18,US11135F1012,AVGO,2026-12-18,put,430.0,73.61,71.35,73.35,0.44823244644165033,6,155
2026-04-18,US11135F1012,AVGO,2026-12-18,put,440.0,85.01,77.2,78.85,0.44121347366333,1,354
2026-04-18,US11135F1012,AVGO,2026-12-18,put,450.0,86.23,83.85,85.95,0.4444940805053711,5,64
2026-04-18,US11135F1012,AVGO,2026-12-18,put,460.0,98.55,90.45,92.45,0.44157968093872074,1,37
2026-04-18,US11135F1012,AVGO,2026-12-18,put,470.0,99.45,97.05,99.15,0.4385432122802735,11,37
2026-04-18,US11135F1012,AVGO,2026-12-18,put,480.0,127.64,103.55,106.2,0.43659010681152344,2,50
2026-04-18,US11135F1012,AVGO,2026-12-18,put,490.0,187.55,0.0,0.0,1.0000000000000003e-05,7,0
2026-04-18,US11135F1012,AVGO,2026-12-18,put,500.0,121.33,117.75,120.7,0.4312038081359864,5,57
2026-04-18,US11135F1012,AVGO,2026-12-18,put,510.0,150.47,125.3,128.3,0.4290828576660156,1,51
2026-04-18,US11135F1012,AVGO,2026-12-18,put,520.0,184.2,0.0,0.0,1.0000000000000003e-05,2,0
2026-04-18,US11135F1012,AVGO,2026-12-18,put,530.0,214.82,141.1,144.0,0.4247646635437012,12,60
2026-04-18,US11135F1012,AVGO,2026-12-18,put,540.0,151.68,149.15,152.05,0.4222469885253906,2,25
2026-04-18,US11135F1012,AVGO,2026-12-18,put,560.0,243.94,165.9,169.25,0.42383388671875,13,0
2026-04-18,US11135F1012,AVGO,2026-12-18,put,570.0,253.3,174.55,177.2,0.4161130166625976,1,0
2026-04-18,US11135F1012,AVGO,2026-12-18,put,580.0,258.34,182.75,186.3,0.41914948532104496,1,0
2026-04-18,US11135F1012,AVGO,2026-12-18,put,590.0,273.84,191.45,194.45,0.41039102798461913,13,0
2026-04-18,US11135F1012,AVGO,2026-12-18,put,600.0,217.75,200.25,203.3,0.4081480084228516,2,5
2026-04-18,US11135F1012,AVGO,2026-12-18,put,660.0,12.5,12.5,18.0,1.0000000000000003e-05,1,33
2026-04-18,US11135F1012,AVGO,2026-12-18,put,680.0,14.47,10.0,18.9,1.0000000000000003e-05,10,14
2026-04-18,US11135F1012,AVGO,2026-12-18,put,700.0,15.0,11.0,20.0,1.0000000000000003e-05,4,13
2026-04-18,US11135F1012,AVGO,2026-12-18,put,720.0,16.0,13.0,23.0,1.0000000000000003e-05,1,8
2026-04-18,US11135F1012,AVGO,2026-12-18,put,740.0,19.5,14.0,24.0,1.0000000000000003e-05,2,5
2026-04-18,US11135F1012,AVGO,2026-12-18,put,760.0,20.0,16.0,26.0,1.0000000000000003e-05,1,4
2026-04-18,US11135F1012,AVGO,2026-12-18,put,800.0,28.2,21.0,28.7,1.0000000000000003e-05,1,6
2026-04-18,US11135F1012,AVGO,2026-12-18,put,820.0,32.9,23.0,32.0,1.0000000000000003e-05,1,2
2026-04-18,US11135F1012,AVGO,2026-12-18,put,860.0,36.0,28.0,37.0,1.0000000000000003e-05,,4
2026-04-18,US11135F1012,AVGO,2026-12-18,put,880.0,42.92,31.0,40.0,1.0000000000000003e-05,4,8
2026-04-18,US11135F1012,AVGO,2026-12-18,put,900.0,37.9,36.5,42.1,1.0000000000000003e-05,10,15
2026-04-18,US11135F1012,AVGO,2026-12-18,put,940.0,45.5,40.0,48.4,1.0000000000000003e-05,2,1
2026-04-18,US11135F1012,AVGO,2026-12-18,put,960.0,58.45,43.0,53.0,1.0000000000000003e-05,,8
2026-04-18,US11135F1012,AVGO,2026-12-18,put,980.0,52.0,47.0,55.8,1.0000000000000003e-05,1,5
2026-04-18,US11135F1012,AVGO,2026-12-18,put,1000.0,55.35,51.0,59.2,1.0000000000000003e-05,1,27
2026-04-18,US11135F1012,AVGO,2026-12-18,put,1020.0,57.5,55.0,63.5,1.0000000000000003e-05,2,0
2026-04-18,US11135F1012,AVGO,2026-12-18,put,1040.0,70.0,59.0,69.0,1.0000000000000003e-05,,5
2026-04-18,US11135F1012,AVGO,2026-12-18,put,1060.0,61.1,63.1,72.9,1.0000000000000003e-05,,1
2026-04-18,US11135F1012,AVGO,2026-12-18,put,1080.0,77.0,68.0,78.0,1.0000000000000003e-05,1,3
2026-04-18,US11135F1012,AVGO,2026-12-18,put,1100.0,75.85,73.0,82.0,1.0000000000000003e-05,4,2
2026-04-18,US11135F1012,AVGO,2026-12-18,put,1120.0,98.9,78.0,87.0,1.0000000000000003e-05,13,13
2026-04-18,US11135F1012,AVGO,2026-12-18,put,1140.0,84.0,83.0,93.0,1.0000000000000003e-05,2,10
2026-04-18,US11135F1012,AVGO,2026-12-18,put,1160.0,113.4,88.0,98.0,1.0000000000000003e-05,2,9
2026-04-18,US11135F1012,AVGO,2026-12-18,put,1180.0,99.5,94.0,102.3,1.0000000000000003e-05,1,28
2026-04-18,US11135F1012,AVGO,2026-12-18,put,1200.0,97.5,100.0,109.0,1.0000000000000003e-05,21,41
2026-04-18,US11135F1012,AVGO,2026-12-18,put,1220.0,110.21,103.0,117.9,1.0000000000000003e-05,20,18
2026-04-18,US11135F1012,AVGO,2026-12-18,put,1240.0,108.28,109.0,124.0,1.0000000000000003e-05,20,20
2026-04-18,US11135F1012,AVGO,2026-12-18,put,1260.0,113.35,115.0,131.0,1.0000000000000003e-05,50,44
2026-04-18,US11135F1012,AVGO,2026-12-18,put,1280.0,118.95,122.0,137.0,1.0000000000000003e-05,31,17
2026-04-18,US11135F1012,AVGO,2026-12-18,put,1300.0,132.0,129.1,144.0,1.0000000000000003e-05,1,31
2026-04-18,US11135F1012,AVGO,2026-12-18,put,1320.0,133.59,136.0,151.0,1.0000000000000003e-05,20,20
2026-04-18,US11135F1012,AVGO,2026-12-18,put,1340.0,139.68,143.0,157.9,1.0000000000000003e-05,20,43
2026-04-18,US11135F1012,AVGO,2026-12-18,put,1360.0,150.0,150.1,161.2,1.0000000000000003e-05,5,42
2026-04-18,US11135F1012,AVGO,2026-12-18,put,1380.0,156.16,158.0,168.6,1.0000000000000003e-05,20,59
2026-04-18,US11135F1012,AVGO,2026-12-18,put,1400.0,176.7,165.0,176.3,1.0000000000000003e-05,1,54
2026-04-18,US11135F1012,AVGO,2026-12-18,put,1420.0,173.49,173.0,184.0,1.0000000000000003e-05,20,38
2026-04-18,US11135F1012,AVGO,2026-12-18,put,1440.0,180.0,181.0,196.0,1.0000000000000003e-05,8,66
2026-04-18,US11135F1012,AVGO,2026-12-18,put,1460.0,228.5,189.0,203.9,1.0000000000000003e-05,2,7
2026-04-18,US11135F1012,AVGO,2026-12-18,put,1480.0,201.0,198.0,213.0,1.0000000000000003e-05,5,32
2026-04-18,US11135F1012,AVGO,2026-12-18,put,1500.0,215.4,206.1,217.5,1.0000000000000003e-05,1,33
2026-04-18,US11135F1012,AVGO,2026-12-18,put,1520.0,212.36,214.0,232.0,1.0000000000000003e-05,1,34
2026-04-18,US11135F1012,AVGO,2026-12-18,put,1540.0,267.7,222.0,235.5,1.0000000000000003e-05,2,27
2026-04-18,US11135F1012,AVGO,2026-12-18,put,1560.0,239.25,232.0,244.6,1.0000000000000003e-05,1,9
2026-04-18,US11135F1012,AVGO,2026-12-18,put,1580.0,290.05,242.0,253.7,1.0000000000000003e-05,1,41
2026-04-18,US11135F1012,AVGO,2026-12-18,put,1600.0,267.01,250.0,263.5,1.0000000000000003e-05,2,17
2026-04-18,US11135F1012,AVGO,2026-12-18,put,1620.0,267.0,260.0,273.4,1.0000000000000003e-05,1,15
2026-04-18,US11135F1012,AVGO,2026-12-18,put,1640.0,291.52,270.0,283.2,1.0000000000000003e-05,10,42
2026-04-18,US11135F1012,AVGO,2026-12-18,put,1660.0,323.82,280.0,297.6,1.0000000000000003e-05,,1
2026-04-18,US11135F1012,AVGO,2026-12-18,put,1700.0,310.15,302.0,314.1,1.0000000000000003e-05,2,31
2026-04-18,US11135F1012,AVGO,2026-12-18,put,1720.0,315.0,312.0,325.0,1.0000000000000003e-05,1,2
2026-04-18,US11135F1012,AVGO,2026-12-18,put,1740.0,330.0,322.0,335.5,1.0000000000000003e-05,1,46
2026-04-18,US11135F1012,AVGO,2026-12-18,put,1760.0,330.0,334.0,346.6,1.0000000000000003e-05,,10
2026-04-18,US11135F1012,AVGO,2026-12-18,put,1780.0,344.0,344.0,358.2,1.0000000000000003e-05,1,1
2026-04-18,US11135F1012,AVGO,2026-12-18,put,1800.0,353.0,358.1,372.1,1.0000000000000003e-05,1,2
2026-04-18,US11135F1012,AVGO,2026-12-18,put,1820.0,355.0,368.0,383.9,1.0000000000000003e-05,1,9
2026-04-18,US11135F1012,AVGO,2026-12-18,put,1840.0,374.0,380.1,393.8,1.0000000000000003e-05,,2
2026-04-18,US11135F1012,AVGO,2026-12-18,put,1900.0,385.16,416.0,433.3,1.0000000000000003e-05,,1
2026-04-18,US11135F1012,AVGO,2026-12-18,put,1920.0,434.7,428.0,445.7,1.0000000000000003e-05,2,2
2026-04-18,US11135F1012,AVGO,2026-12-18,put,2000.0,480.0,478.0,497.5,1.0000000000000003e-05,1,10
2026-04-18,US11135F1012,AVGO,2026-12-18,put,2200.0,672.0,616.0,636.0,1.0000000000000003e-05,,1
2026-04-18,US11135F1012,AVGO,2027-01-15,call,70.0,257.0,0.0,0.0,1.0000000000000003e-05,2,0
2026-04-18,US11135F1012,AVGO,2027-01-15,call,75.0,325.3,256.05,259.8,1.0000000000000003e-05,10,108
2026-04-18,US11135F1012,AVGO,2027-01-15,call,80.0,251.0,325.95,329.6,0.9477544287109375,10,121
2026-04-18,US11135F1012,AVGO,2027-01-15,call,85.0,245.8,321.15,324.95,0.9438482177734374,5,189
2026-04-18,US11135F1012,AVGO,2027-01-15,call,90.0,234.64,232.55,235.95,1.0000000000000003e-05,1,124
2026-04-18,US11135F1012,AVGO,2027-01-15,call,95.0,238.0,256.0,261.0,1.0000000000000003e-05,15,37
2026-04-18,US11135F1012,AVGO,2027-01-15,call,100.0,300.26,306.85,310.5,0.9018564501953125,1,1921
2026-04-18,US11135F1012,AVGO,2027-01-15,call,105.0,212.5,301.95,305.7,0.882691602783203,2,39
2026-04-18,US11135F1012,AVGO,2027-01-15,call,110.0,208.65,297.25,300.9,0.8707288317871094,28,251
2026-04-18,US11135F1012,AVGO,2027-01-15,call,115.0,211.0,209.15,212.65,1.0000000000000003e-05,1,42
2026-04-18,US11135F1012,AVGO,2027-01-15,call,120.0,212.46,287.7,291.3,0.8409439733886719,2,540
2026-04-18,US11135F1012,AVGO,2027-01-15,call,125.0,257.92,282.95,286.6,0.8294694787597656,1,285
2026-04-18,US11135F1012,AVGO,2027-01-15,call,130.0,270.0,278.2,281.85,0.8162860168457031,1,68
2026-04-18,US11135F1012,AVGO,2027-01-15,call,135.0,184.4,273.35,277.15,0.8018208294677733,10,75
2026-04-18,US11135F1012,AVGO,2027-01-15,call,140.0,187.0,268.75,272.4,0.7918111639404297,1,184
2026-04-18,US11135F1012,AVGO,2027-01-15,call,145.0,193.8,0.0,0.0,1.0000000000000003e-05,10,0
2026-04-18,US11135F1012,AVGO,2027-01-15,call,150.0,260.0,258.95,263.0,0.7609887182617189,1,876
2026-04-18,US11135F1012,AVGO,2027-01-15,call,155.0,229.0,254.7,258.3,0.7577538873291016,1,159
2026-04-18,US11135F1012,AVGO,2027-01-15,call,160.0,240.1,250.1,253.35,0.743166630859375,1,388
2026-04-18,US11135F1012,AVGO,2027-01-15,call,165.0,220.35,245.45,248.75,0.7337062762451172,1,154
2026-04-18,US11135F1012,AVGO,2027-01-15,call,170.0,229.55,240.85,243.85,0.7200345379638673,1,219
2026-04-18,US11135F1012,AVGO,2027-01-15,call,175.0,202.6,236.25,239.3,0.7116117706298828,6,279
2026-04-18,US11135F1012,AVGO,2027-01-15,call,180.0,229.0,231.65,234.95,0.7055693505859376,2,451
2026-04-18,US11135F1012,AVGO,2027-01-15,call,185.0,218.3,227.1,228.85,0.6763643203735353,1,205
2026-04-18,US11135F1012,AVGO,2027-01-15,call,190.0,210.0,222.55,225.7,0.6862213995361328,2,807
2026-04-18,US11135F1012,AVGO,2027-01-15,call,195.0,219.0,218.05,221.15,0.6777070803833009,2,1059
2026-04-18,US11135F1012,AVGO,2027-01-15,call,200.0,214.63,213.55,216.7,0.670047244873047,16,1911
2026-04-18,US11135F1012,AVGO,2027-01-15,call,210.0,197.95,204.7,208.1,0.6582675775146485,8,1104
2026-04-18,US11135F1012,AVGO,2027-01-15,call,220.0,193.97,195.9,199.0,0.6404454901123047,1,1255
2026-04-18,US11135F1012,AVGO,2027-01-15,call,230.0,185.25,187.35,190.35,0.6278723736572267,2,741
2026-04-18,US11135F1012,AVGO,2027-01-15,call,240.0,169.38,178.85,181.75,0.6145973599243165,6,1870
2026-04-18,US11135F1012,AVGO,2027-01-15,call,250.0,171.0,170.6,172.9,0.60001010345459,20,2500
2026-04-18,US11135F1012,AVGO,2027-01-15,call,260.0,162.0,162.5,165.4,0.594455959777832,3,917
2026-04-18,US11135F1012,AVGO,2027-01-15,call,270.0,157.51,154.5,157.45,0.5844768115234374,8,1440
2026-04-18,US11135F1012,AVGO,2027-01-15,call,280.0,147.75,147.05,148.95,0.5729107650756836,8,819
2026-04-18,US11135F1012,AVGO,2027-01-15,call,290.0,139.37,139.3,142.15,0.5677533459472657,3,619
2026-04-18,US11135F1012,AVGO,2027-01-15,call,300.0,133.19,132.0,133.65,0.5540358317565919,40,3696
2026-04-18,US11135F1012,AVGO,2027-01-15,call,310.0,126.0,124.9,127.7,0.5528609167480469,12,2700
2026-04-18,US11135F1012,AVGO,2027-01-15,call,320.0,118.05,118.25,120.25,0.5444991839599609,25,1889
2026-04-18,US11135F1012,AVGO,2027-01-15,call,330.0,110.27,111.6,113.75,0.5388687471008302,50,2605
2026-04-18,US11135F1012,AVGO,2027-01-15,call,340.0,106.0,105.35,107.0,0.5321702056884765,29,3193
2026-04-18,US11135F1012,AVGO,2027-01-15,call,350.0,100.0,99.3,101.3,0.5290879611206055,65,5138
2026-04-18,US11135F1012,AVGO,2027-01-15,call,360.0,94.74,93.6,95.3,0.5244035597229004,34,3495
2026-04-18,US11135F1012,AVGO,2027-01-15,call,370.0,89.25,87.9,90.3,0.5220079537963866,32,5658
2026-04-18,US11135F1012,AVGO,2027-01-15,call,380.0,83.9,82.25,85.0,0.5169573451232912,64,1872
2026-04-18,US11135F1012,AVGO,2027-01-15,call,390.0,77.35,77.55,80.45,0.5167284655761719,35,4232
2026-04-18,US11135F1012,AVGO,2027-01-15,call,400.0,74.05,72.7,74.9,0.5106097523498536,356,5787
2026-04-18,US11135F1012,AVGO,2027-01-15,call,410.0,69.34,68.35,70.2,0.5079547496032715,76,4834
2026-04-18,US11135F1012,AVGO,2027-01-15,call,420.0,65.45,64.8,66.0,0.5084888018798828,93,2866
2026-04-18,US11135F1012,AVGO,2027-01-15,call,430.0,60.11,60.25,61.75,0.503781512527466,22,1075
2026-04-18,US11135F1012,AVGO,2027-01-15,call,440.0,56.78,56.4,58.4,0.5033924172973633,10,880
2026-04-18,US11135F1012,AVGO,2027-01-15,call,450.0,53.6,52.75,55.1,0.5025379336547852,198,4921
2026-04-18,US11135F1012,AVGO,2027-01-15,call,460.0,50.2,49.75,51.0,0.5042774182128906,170,1942
2026-04-18,US11135F1012,AVGO,2027-01-15,call,470.0,46.13,46.15,48.25,0.5060321614074708,14,1683
2026-04-18,US11135F1012,AVGO,2027-01-15,call,480.0,42.99,43.2,44.7,0.5008289663696289,7,1094
2026-04-18,US11135F1012,AVGO,2027-01-15,call,490.0,40.05,40.8,42.6,0.5049335395812988,3,1717
2026-04-18,US11135F1012,AVGO,2027-01-15,call,500.0,38.4,38.4,40.05,0.5047046600341796,163,2472
2026-04-18,US11135F1012,AVGO,2027-01-15,call,510.0,35.37,35.45,36.95,0.49927258544921876,5,745
2026-04-18,US11135F1012,AVGO,2027-01-15,call,520.0,33.2,33.55,35.1,0.5021259504699709,70,936
2026-04-18,US11135F1012,AVGO,2027-01-15,call,530.0,32.0,31.15,32.3,0.4967396517944337,17,1819
2026-04-18,US11135F1012,AVGO,2027-01-15,call,540.0,28.7,29.0,30.7,0.4996235340881348,11,877
2026-04-18,US11135F1012,AVGO,2027-01-15,call,560.0,25.25,25.35,26.85,0.4975941354370118,60,1708
2026-04-18,US11135F1012,AVGO,2027-01-15,call,570.0,24.3,23.75,25.3,0.4983112913513184,18,305
2026-04-18,US11135F1012,AVGO,2027-01-15,call,580.0,22.92,22.85,23.6,0.49692275543212894,11,357
2026-04-18,US11135F1012,AVGO,2027-01-15,call,590.0,20.75,20.8,22.1,0.4964192204284668,6,707
2026-04-18,US11135F1012,AVGO,2027-01-15,call,600.0,20.55,20.0,20.7,0.49599197860717775,324,4585
2026-04-18,US11135F1012,AVGO,2027-01-15,put,70.0,0.16,0.01,0.2,0.7490259472656251,4,1382
2026-04-18,US11135F1012,AVGO,2027-01-15,put,75.0,0.27,0.07,0.47,0.7983418603515625,12,93
2026-04-18,US11135F1012,AVGO,2027-01-15,put,80.0,0.16,0.07,0.36,0.7480493945312501,12,933
2026-04-18,US11135F1012,AVGO,2027-01-15,put,85.0,0.31,0.05,0.37,0.7187528125,4,2947
2026-04-18,US11135F1012,AVGO,2027-01-15,put,90.0,0.26,0.04,0.59,0.726565234375,2,1175
2026-04-18,US11135F1012,AVGO,2027-01-15,put,95.0,0.85,0.1,0.78,0.7314479980468749,5,1847
2026-04-18,US11135F1012,AVGO,2027-01-15,put,100.0,0.52,0.38,0.67,0.7231472998046875,1,6035
2026-04-18,US11135F1012,AVGO,2027-01-15,put,105.0,0.59,0.06,1.03,0.7026396923828125,1,286
2026-04-18,US11135F1012,AVGO,2027-01-15,put,110.0,0.7,0.35,1.04,0.7026396923828125,3,361
2026-04-18,US11135F1012,AVGO,2027-01-15,put,115.0,0.71,0.56,1.04,0.6938507177734375,1,1629
2026-04-18,US11135F1012,AVGO,2027-01-15,put,120.0,0.89,0.68,1.02,0.6777375976562501,27,387
2026-04-18,US11135F1012,AVGO,2027-01-15,put,125.0,1.0,0.77,1.21,0.6716341430664063,5,834
2026-04-18,US11135F1012,AVGO,2027-01-15,put,130.0,1.15,0.89,1.55,0.6724886267089845,2,945
2026-04-18,US11135F1012,AVGO,2027-01-15,put,135.0,1.23,1.01,1.61,0.659183095703125,1,1596
2026-04-18,US11135F1012,AVGO,2027-01-15,put,140.0,1.36,1.21,1.75,0.6522251574707032,120,1751
2026-04-18,US11135F1012,AVGO,2027-01-15,put,145.0,1.53,1.38,1.87,0.6425816992187501,439,641
2026-04-18,US11135F1012,AVGO,2027-01-15,put,150.0,1.67,1.63,2.05,0.6369665209960937,202,1386
2026-04-18,US11135F1012,AVGO,2027-01-15,put,155.0,1.95,1.89,2.46,0.6372106591796876,2,780
2026-04-18,US11135F1012,AVGO,2027-01-15,put,160.0,2.18,2.04,2.51,0.6234168518066407,11,2848
2026-04-18,US11135F1012,AVGO,2027-01-15,put,165.0,2.24,2.26,2.71,0.6152382226562501,1,478
2026-04-18,US11135F1012,AVGO,2027-01-15,put,170.0,2.47,2.35,2.94,0.6043740734863283,2,1161
2026-04-18,US11135F1012,AVGO,2027-01-15,put,175.0,2.81,2.62,3.1,0.59570716796875,1,1723
2026-04-18,US11135F1012,AVGO,2027-01-15,put,180.0,3.2,3.05,3.3,0.5907633697509767,1,2049
2026-04-18,US11135F1012,AVGO,2027-01-15,put,185.0,3.8,3.35,3.7,0.5863078479003907,1,1240
2026-04-18,US11135F1012,AVGO,2027-01-15,put,190.0,3.7,3.65,4.05,0.580204393310547,1,1441
2026-04-18,US11135F1012,AVGO,2027-01-15,put,195.0,4.7,4.05,4.5,0.5766643896484375,14,2257
2026-04-18,US11135F1012,AVGO,2027-01-15,put,200.0,4.5,4.4,4.8,0.5692792095947266,18,4417
2026-04-18,US11135F1012,AVGO,2027-01-15,put,210.0,5.36,5.25,5.6,0.5581098876953126,50,1755
2026-04-18,US11135F1012,AVGO,2027-01-15,put,220.0,6.4,6.3,6.55,0.5488936712646486,134,3212
2026-04-18,US11135F1012,AVGO,2027-01-15,put,230.0,7.45,7.1,7.65,0.5363815893554689,4,3888
2026-04-18,US11135F1012,AVGO,2027-01-15,put,240.0,8.8,8.45,8.7,0.5269822692871093,101,3717
2026-04-18,US11135F1012,AVGO,2027-01-15,put,250.0,9.96,9.85,10.2,0.5197496755981444,320,4994
2026-04-18,US11135F1012,AVGO,2027-01-15,put,260.0,11.8,11.25,11.8,0.5109607009887696,49,2209
2026-04-18,US11135F1012,AVGO,2027-01-15,put,270.0,13.4,13.15,13.55,0.504765694580078,23,5830
2026-04-18,US11135F1012,AVGO,2027-01-15,put,280.0,15.35,15.1,15.5,0.5004322418212892,195,4991
2026-04-18,US11135F1012,AVGO,2027-01-15,put,290.0,17.7,17.3,17.75,0.49481706359863287,71,2781
2026-04-18,US11135F1012,AVGO,2027-01-15,put,300.0,20.0,19.7,20.15,0.4886678330993653,55,5414
2026-04-18,US11135F1012,AVGO,2027-01-15,put,310.0,23.04,22.35,22.8,0.4830679135131837,88,4355
2026-04-18,US11135F1012,AVGO,2027-01-15,put,320.0,25.65,25.1,25.75,0.4783224775695801,488,2941
2026-04-18,US11135F1012,AVGO,2027-01-15,put,330.0,29.05,28.05,28.9,0.4733634207153321,345,3170
2026-04-18,US11135F1012,AVGO,2027-01-15,put,340.0,32.35,31.8,32.35,0.4690604852294922,357,2526
2026-04-18,US11135F1012,AVGO,2027-01-15,put,350.0,36.38,35.35,36.1,0.4652763433837891,120,4099
2026-04-18,US11135F1012,AVGO,2027-01-15,put,360.0,40.0,39.0,40.05,0.46115651153564463,242,1422
2026-04-18,US11135F1012,AVGO,2027-01-15,put,370.0,44.27,43.65,44.4,0.458287887878418,16,1040
2026-04-18,US11135F1012,AVGO,2027-01-15,put,380.0,47.65,47.65,49.3,0.45770805969238293,21,1449
2026-04-18,US11135F1012,AVGO,2027-01-15,put,390.0,54.3,52.95,54.25,0.4555413333129883,273,308
2026-04-18,US11135F1012,AVGO,2027-01-15,put,400.0,58.98,57.9,59.6,0.4545037460327148,216,592
2026-04-18,US11135F1012,AVGO,2027-01-15,put,410.0,63.7,62.9,64.7,0.44988037918090823,26,438
2026-04-18,US11135F1012,AVGO,2027-01-15,put,420.0,69.3,68.9,70.0,0.44502813278198244,17,153
2026-04-18,US11135F1012,AVGO,2027-01-15,put,430.0,75.1,74.4,75.75,0.441762784576416,6,59
2026-04-18,US11135F1012,AVGO,2027-01-15,put,440.0,82.85,80.5,82.25,0.4422358023071289,4,264
2026-04-18,US11135F1012,AVGO,2027-01-15,put,450.0,92.56,86.3,88.4,0.43863476409912117,3,369
2026-04-18,US11135F1012,AVGO,2027-01-15,put,460.0,154.8,93.05,95.0,0.43672743453979496,18,51
2026-04-18,US11135F1012,AVGO,2027-01-15,put,470.0,161.9,0.0,0.0,1.0000000000000003e-05,5,0
2026-04-18,US11135F1012,AVGO,2027-01-15,put,480.0,114.0,106.15,108.55,0.43100544586181644,6,51
2026-04-18,US11135F1012,AVGO,2027-01-15,put,490.0,134.65,113.85,115.65,0.428365701751709,26,38
2026-04-18,US11135F1012,AVGO,2027-01-15,put,500.0,126.96,120.4,123.0,0.4262294926452637,1,151
2026-04-18,US11135F1012,AVGO,2027-01-15,put,510.0,184.95,0.0,0.0,1.0000000000000003e-05,9,0
2026-04-18,US11135F1012,AVGO,2027-01-15,put,520.0,182.05,135.6,138.3,0.42258267852783205,15,43
2026-04-18,US11135F1012,AVGO,2027-01-15,put,530.0,169.45,143.25,146.15,0.42043121078491213,3,149
2026-04-18,US11135F1012,AVGO,2027-01-15,put,540.0,213.3,200.7,203.55,0.7801688243103027,1,14
2026-04-18,US11135F1012,AVGO,2027-01-15,put,560.0,262.75,167.6,171.1,0.41870698486328123,1,51
2026-04-18,US11135F1012,AVGO,2027-01-15,put,570.0,272.85,176.2,178.85,0.41040628662109374,1,1
2026-04-18,US11135F1012,AVGO,2027-01-15,put,580.0,260.86,184.85,187.35,0.40782757705688477,2,0
2026-04-18,US11135F1012,AVGO,2027-01-15,put,590.0,292.85,193.15,196.6,0.4118558570861816,1,0
2026-04-18,US11135F1012,AVGO,2027-01-15,put,600.0,215.49,202.0,205.3,0.40927714752197264,4,55
2026-04-18,US11135F1012,AVGO,2027-03-19,call,155.0,146.5,256.5,259.65,0.7307155834960937,2,4
2026-04-18,US11135F1012,AVGO,2027-03-19,call,160.0,163.94,252.0,255.2,0.7236355761718749,2,42
2026-04-18,US11135F1012,AVGO,2027-03-19,call,170.0,242.0,242.95,246.3,0.7075224560546876,2,22
2026-04-18,US11135F1012,AVGO,2027-03-19,call,175.0,236.23,238.5,241.8,0.6992827923583984,1,6
2026-04-18,US11135F1012,AVGO,2027-03-19,call,180.0,130.25,234.0,237.35,0.6907379559326172,5,7
2026-04-18,US11135F1012,AVGO,2027-03-19,call,185.0,219.63,229.6,232.7,0.6809419113159182,1,13
2026-04-18,US11135F1012,AVGO,2027-03-19,call,190.0,151.3,225.15,228.5,0.6749910430908206,1,4
2026-04-18,US11135F1012,AVGO,2027-03-19,call,195.0,141.0,220.8,223.9,0.6657748266601564,2,8
2026-04-18,US11135F1012,AVGO,2027-03-19,call,200.0,214.81,216.45,219.6,0.6591525784301758,1,400
2026-04-18,US11135F1012,AVGO,2027-03-19,call,210.0,207.0,207.85,211.2,0.6474034283447265,1,24
2026-04-18,US11135F1012,AVGO,2027-03-19,call,220.0,198.2,199.4,202.7,0.634616690979004,1,117
2026-04-18,US11135F1012,AVGO,2027-03-19,call,230.0,185.17,191.1,194.35,0.622775989074707,1,45
2026-04-18,US11135F1012,AVGO,2027-03-19,call,240.0,174.23,182.9,186.1,0.6109963217163087,3,51
2026-04-18,US11135F1012,AVGO,2027-03-19,call,250.0,175.33,175.1,178.2,0.6026193302917482,2,314
2026-04-18,US11135F1012,AVGO,2027-03-19,call,260.0,168.71,167.25,170.45,0.5932657861328126,8,60
2026-04-18,US11135F1012,AVGO,2027-03-19,call,270.0,146.7,160.05,162.0,0.5823100851440429,1,69
2026-04-18,US11135F1012,AVGO,2027-03-19,call,280.0,151.23,152.3,155.75,0.5785717192077637,2,172
2026-04-18,US11135F1012,AVGO,2027-03-19,call,290.0,137.07,145.05,148.45,0.5703625727844239,6,88
2026-04-18,US11135F1012,AVGO,2027-03-19,call,300.0,137.7,138.1,141.5,0.5638013591003419,1,362
2026-04-18,US11135F1012,AVGO,2027-03-19,call,310.0,131.74,131.35,134.7,0.5573316972351074,1,322
2026-04-18,US11135F1012,AVGO,2027-03-19,call,320.0,123.63,124.8,128.2,0.5515639326477051,1,458
2026-04-18,US11135F1012,AVGO,2027-03-19,call,330.0,117.73,118.55,121.3,0.5440109075927735,6,894
2026-04-18,US11135F1012,AVGO,2027-03-19,call,340.0,110.8,112.45,115.85,0.5414169393920901,2,714
2026-04-18,US11135F1012,AVGO,2027-03-19,call,350.0,106.05,106.6,110.05,0.5369309002685547,5,637
2026-04-18,US11135F1012,AVGO,2027-03-19,call,360.0,102.5,101.0,104.25,0.5320176193237305,9,417
2026-04-18,US11135F1012,AVGO,2027-03-19,call,370.0,95.25,95.75,98.95,0.5288285643005373,2,278
2026-04-18,US11135F1012,AVGO,2027-03-19,call,380.0,90.02,90.6,93.15,0.5229387306213378,17,248
2026-04-18,US11135F1012,AVGO,2027-03-19,call,390.0,85.63,85.65,89.2,0.5228319201660157,34,133
2026-04-18,US11135F1012,AVGO,2027-03-19,call,400.0,81.85,81.05,84.3,0.519383468322754,90,488
2026-04-18,US11135F1012,AVGO,2027-03-19,call,410.0,77.0,76.9,79.1,0.51523311920166,38,178
2026-04-18,US11135F1012,AVGO,2027-03-19,call,420.0,72.55,72.35,74.75,0.5114032014465333,41,309
2026-04-18,US11135F1012,AVGO,2027-03-19,call,430.0,68.94,67.9,71.25,0.5095263891601562,11,249
2026-04-18,US11135F1012,AVGO,2027-03-19,call,440.0,66.33,64.65,67.8,0.5105639764404297,16,305
2026-04-18,US11135F1012,AVGO,2027-03-19,call,450.0,61.55,61.0,63.15,0.5053455227661132,11,372
2026-04-18,US11135F1012,AVGO,2027-03-19,call,460.0,58.2,57.9,60.9,0.5085650950622558,61,191
2026-04-18,US11135F1012,AVGO,2027-03-19,call,470.0,54.73,54.0,56.5,0.5012714668273928,13,142
2026-04-18,US11135F1012,AVGO,2027-03-19,call,480.0,51.1,52.0,53.35,0.5031482791137696,4,365
2026-04-18,US11135F1012,AVGO,2027-03-19,call,490.0,48.2,48.9,50.7,0.5021412091064454,4,362
2026-04-18,US11135F1012,AVGO,2027-03-19,call,500.0,46.41,46.25,47.75,0.500706897277832,100,441
2026-04-18,US11135F1012,AVGO,2027-03-19,call,510.0,43.77,44.1,45.3,0.5016681913757324,4,297
2026-04-18,US11135F1012,AVGO,2027-03-19,put,155.0,2.57,2.58,3.3,0.6094399407958986,1,279
2026-04-18,US11135F1012,AVGO,2027-03-19,put,160.0,3.04,2.67,3.25,0.5920450952148439,20,153
2026-04-18,US11135F1012,AVGO,2027-03-19,put,165.0,4.0,3.15,3.55,0.5895426788330078,39,48
2026-04-18,US11135F1012,AVGO,2027-03-19,put,170.0,3.9,3.45,3.9,0.5836223278808592,1,84
2026-04-18,US11135F1012,AVGO,2027-03-19,put,175.0,4.2,2.97,4.55,0.5692181750488281,121,157
2026-04-18,US11135F1012,AVGO,2027-03-19,put,180.0,4.65,4.15,4.55,0.5709881768798828,25,92
2026-04-18,US11135F1012,AVGO,2027-03-19,put,185.0,4.75,4.4,4.85,0.5621686849975586,14,48
2026-04-18,US11135F1012,AVGO,2027-03-19,put,190.0,5.05,4.55,5.6,0.5579267840576172,2,120
2026-04-18,US11135F1012,AVGO,2027-03-19,put,195.0,5.64,4.95,5.7,0.547978153076172,70,505
2026-04-18,US11135F1012,AVGO,2027-03-19,put,200.0,6.2,5.75,6.25,0.5481612567138674,17,577
2026-04-18,US11135F1012,AVGO,2027-03-19,put,210.0,7.2,6.6,7.3,0.5368698657226563,9,121
2026-04-18,US11135F1012,AVGO,2027-03-19,put,220.0,8.4,7.9,8.45,0.5292405474853517,44,1911
2026-04-18,US11135F1012,AVGO,2027-03-19,put,230.0,10.28,9.45,9.8,0.5232286447143554,8,1016
2026-04-18,US11135F1012,AVGO,2027-03-19,put,240.0,11.79,11.0,11.5,0.5175524319458008,53,1193
2026-04-18,US11135F1012,AVGO,2027-03-19,put,250.0,12.97,12.65,13.1,0.5096179409790039,6,1228
2026-04-18,US11135F1012,AVGO,2027-03-19,put,260.0,15.75,14.55,15.2,0.5047046600341796,1,1345
2026-04-18,US11135F1012,AVGO,2027-03-19,put,270.0,18.6,16.65,17.05,0.4996998272705079,44,2127
2026-04-18,US11135F1012,AVGO,2027-03-19,put,280.0,21.6,19.0,19.35,0.4940236145019532,2,434
2026-04-18,US11135F1012,AVGO,2027-03-19,put,290.0,22.2,21.1,21.85,0.488561022644043,9,411
2026-04-18,US11135F1012,AVGO,2027-03-19,put,300.0,24.7,24.1,24.8,0.48558558853149414,7,581
2026-04-18,US11135F1012,AVGO,2027-03-19,put,310.0,27.53,26.2,28.5,0.48734033172607427,1,804
2026-04-18,US11135F1012,AVGO,2027-03-19,put,320.0,31.05,29.45,30.7,0.4739279902648926,7,346
2026-04-18,US11135F1012,AVGO,2027-03-19,put,330.0,34.5,33.35,34.1,0.4694266925048829,18,215
2026-04-18,US11135F1012,AVGO,2027-03-19,put,340.0,38.35,37.2,37.9,0.46639022384643564,23,436
2026-04-18,US11135F1012,AVGO,2027-03-19,put,350.0,41.25,40.25,42.1,0.4646659979248047,21,336
2026-04-18,US11135F1012,AVGO,2027-03-19,put,360.0,46.51,44.9,45.95,0.45866935379028323,10,139
2026-04-18,US11135F1012,AVGO,2027-03-19,put,370.0,50.95,49.55,50.35,0.45514460876464846,22,26
2026-04-18,US11135F1012,AVGO,2027-03-19,put,380.0,55.3,53.8,55.0,0.45182585533142094,12,32
2026-04-18,US11135F1012,AVGO,2027-03-19,put,390.0,60.72,57.8,60.25,0.45107055282592773,3,31
2026-04-18,US11135F1012,AVGO,2027-03-19,put,400.0,65.07,64.15,65.1,0.4461420132446289,18,95
2026-04-18,US11135F1012,AVGO,2027-03-19,put,410.0,71.25,69.3,70.35,0.4424646818542481,7,25
2026-04-18,US11135F1012,AVGO,2027-03-19,put,420.0,76.4,74.3,76.65,0.44423468368530267,3,16
2026-04-18,US11135F1012,AVGO,2027-03-19,put,430.0,82.15,79.85,82.4,0.441060887298584,2,27
2026-04-18,US11135F1012,AVGO,2027-03-19,put,440.0,88.8,86.05,89.1,0.44267830276489256,2,34
2026-04-18,US11135F1012,AVGO,2027-03-19,put,450.0,95.45,92.35,95.45,0.44078623184204097,2,22
2026-04-18,US11135F1012,AVGO,2027-03-19,put,460.0,104.55,98.45,101.45,0.43541519180297855,40,37
2026-04-18,US11135F1012,AVGO,2027-03-19,put,470.0,113.1,105.05,108.7,0.4369105381774902,4,12
2026-04-18,US11135F1012,AVGO,2027-03-19,put,480.0,162.35,0.0,0.0,1.0000000000000003e-05,,0
2026-04-18,US11135F1012,AVGO,2027-03-19,put,490.0,168.8,119.05,122.15,0.42963979789733886,1,26
2026-04-18,US11135F1012,AVGO,2027-03-19,put,500.0,189.95,126.9,129.3,0.42709923492431645,14,31
2026-04-18,US11135F1012,AVGO,2027-03-19,put,510.0,169.5,133.85,136.9,0.42653466537475593,1,22
2026-04-18,US11135F1012,AVGO,2027-06-17,call,90.0,258.59,316.75,321.5,0.8031025549316406,1,47
2026-04-18,US11135F1012,AVGO,2027-06-17,call,95.0,290.24,251.5,255.4,1.0000000000000003e-05,9,14
2026-04-18,US11135F1012,AVGO,2027-06-17,call,100.0,200.16,307.5,312.3,0.7888204711914062,2,124
2026-04-18,US11135F1012,AVGO,2027-06-17,call,105.0,226.4,0.0,0.0,1.0000000000000003e-05,,0
2026-04-18,US11135F1012,AVGO,2027-06-17,call,110.0,209.78,0.0,0.0,1.0000000000000003e-05,,0
2026-04-18,US11135F1012,AVGO,2027-06-17,call,115.0,255.0,221.1,224.75,1.0000000000000003e-05,,1
2026-04-18,US11135F1012,AVGO,2027-06-17,call,120.0,214.6,289.05,293.95,0.7525049163818358,1,8
2026-04-18,US11135F1012,AVGO,2027-06-17,call,125.0,198.4,284.5,289.4,0.7440211145019531,30,34
2026-04-18,US11135F1012,AVGO,2027-06-17,call,130.0,181.75,280.0,284.85,0.7358424853515625,1,12
2026-04-18,US11135F1012,AVGO,2027-06-17,call,135.0,245.6,255.25,258.95,1.0000000000000003e-05,3,5
2026-04-18,US11135F1012,AVGO,2027-06-17,call,140.0,224.4,271.95,275.8,0.7315700671386718,10,12
2026-04-18,US11135F1012,AVGO,2027-06-17,call,145.0,263.7,195.65,199.3,1.0000000000000003e-05,2,2
2026-04-18,US11135F1012,AVGO,2027-06-17,call,150.0,233.45,262.05,266.85,0.7027922787475586,2,82
2026-04-18,US11135F1012,AVGO,2027-06-17,call,155.0,173.3,258.6,262.45,0.7065459033203125,10,36
2026-04-18,US11135F1012,AVGO,2027-06-17,call,160.0,171.92,0.0,0.0,1.0000000000000003e-05,1,0
2026-04-18,US11135F1012,AVGO,2027-06-17,call,165.0,189.58,0.0,0.0,1.0000000000000003e-05,2,0
2026-04-18,US11135F1012,AVGO,2027-06-17,call,170.0,169.0,245.45,249.3,0.6834443276977541,5,73
2026-04-18,US11135F1012,AVGO,2027-06-17,call,175.0,234.32,241.15,245.0,0.676761044921875,1,22
2026-04-18,US11135F1012,AVGO,2027-06-17,call,180.0,181.16,236.9,240.7,0.6702303485107424,1,37
2026-04-18,US11135F1012,AVGO,2027-06-17,call,185.0,223.18,232.65,236.4,0.6633639620971682,1,63
2026-04-18,US11135F1012,AVGO,2027-06-17,call,190.0,160.0,228.45,232.2,0.6574436111450196,1,101
2026-04-18,US11135F1012,AVGO,2027-06-17,call,195.0,199.53,224.3,227.3,0.6462742892456054,3,51
2026-04-18,US11135F1012,AVGO,2027-06-17,call,200.0,218.5,220.15,223.35,0.6421544573974609,1,1481
2026-04-18,US11135F1012,AVGO,2027-06-17,call,210.0,202.75,211.95,215.35,0.6326635855102539,1,1881
2026-04-18,US11135F1012,AVGO,2027-06-17,call,220.0,197.7,203.8,207.3,0.6218299536132813,1,172
2026-04-18,US11135F1012,AVGO,2027-06-17,call,230.0,188.04,195.95,199.1,0.6107827008056643,1,1723
2026-04-18,US11135F1012,AVGO,2027-06-17,call,240.0,165.55,188.2,190.0,0.594379666595459,2,1219
2026-04-18,US11135F1012,AVGO,2027-06-17,call,250.0,178.92,180.75,184.0,0.5951425984191896,2,605
2026-04-18,US11135F1012,AVGO,2027-06-17,call,260.0,171.74,173.2,176.65,0.5866893138122558,1,237
2026-04-18,US11135F1012,AVGO,2027-06-17,call,270.0,164.99,166.2,168.95,0.5780376669311523,10,118
2026-04-18,US11135F1012,AVGO,2027-06-17,call,280.0,159.9,159.1,163.0,0.5755047332763672,12,334
2026-04-18,US11135F1012,AVGO,2027-06-17,call,290.0,152.5,152.45,155.95,0.5687298986816407,3,120
2026-04-18,US11135F1012,AVGO,2027-06-17,call,300.0,143.85,146.0,149.4,0.5636182554626465,32,1185
2026-04-18,US11135F1012,AVGO,2027-06-17,call,310.0,138.51,139.65,143.0,0.558247215423584,7,541
2026-04-18,US11135F1012,AVGO,2027-06-17,call,320.0,128.31,133.45,137.0,0.553761176300049,2,436
2026-04-18,US11135F1012,AVGO,2027-06-17,call,330.0,126.17,127.6,130.7,0.5482985844421389,9,364
2026-04-18,US11135F1012,AVGO,2027-06-17,call,340.0,121.38,121.8,125.3,0.545048494873047,7,1697
2026-04-18,US11135F1012,AVGO,2027-06-17,call,350.0,116.46,116.35,119.2,0.5394943511962893,2,1104
2026-04-18,US11135F1012,AVGO,2027-06-17,call,360.0,109.8,111.2,114.15,0.5373276248168947,9,393
2026-04-18,US11135F1012,AVGO,2027-06-17,call,370.0,105.24,105.85,109.4,0.5343827079772949,2,406
2026-04-18,US11135F1012,AVGO,2027-06-17,call,380.0,101.0,101.8,104.5,0.5339707247924804,4,478
2026-04-18,US11135F1012,AVGO,2027-06-17,call,390.0,96.15,96.3,99.15,0.5267076138305665,13,2065
2026-04-18,US11135F1012,AVGO,2027-06-17,call,400.0,92.8,91.8,94.65,0.5241670508575439,65,2736
2026-04-18,US11135F1012,AVGO,2027-06-17,call,410.0,86.45,87.45,90.85,0.5231981274414061,14,3224
2026-04-18,US11135F1012,AVGO,2027-06-17,call,420.0,83.3,84.4,86.25,0.5227556269836426,7,751
2026-04-18,US11135F1012,AVGO,2027-06-17,call,430.0,79.5,80.2,82.5,0.5205278660583494,24,721
2026-04-18,US11135F1012,AVGO,2027-06-17,call,440.0,75.38,76.8,78.1,0.517880492630005,164,392
2026-04-18,US11135F1012,AVGO,2027-06-17,call,450.0,73.64,72.55,74.75,0.5149889810180664,90,743
2026-04-18,US11135F1012,AVGO,2027-06-17,call,460.0,69.0,69.05,71.25,0.5130129875946045,3,371
2026-04-18,US11135F1012,AVGO,2027-06-17,call,470.0,65.83,64.95,68.55,0.5108310025787355,13,425
2026-04-18,US11135F1012,AVGO,2027-06-17,call,480.0,60.74,62.75,65.45,0.512173762588501,10,652
2026-04-18,US11135F1012,AVGO,2027-06-17,call,490.0,58.02,60.2,63.05,0.5137911780548096,9,321
2026-04-18,US11135F1012,AVGO,2027-06-17,call,500.0,57.74,57.7,59.35,0.5111361753082275,304,1142
2026-04-18,US11135F1012,AVGO,2027-06-17,call,510.0,54.5,54.75,56.2,0.5080768186950684,5,284
2026-04-18,US11135F1012,AVGO,2027-06-17,call,520.0,51.0,51.8,53.75,0.5063525927734375,3,158
2026-04-18,US11135F1012,AVGO,2027-06-17,call,530.0,49.55,49.95,51.8,0.5086566468811036,23,437
2026-04-18,US11135F1012,AVGO,2027-06-17,call,540.0,46.75,47.95,48.95,0.5072986282348633,44,319
2026-04-18,US11135F1012,AVGO,2027-06-17,call,560.0,42.77,43.4,45.3,0.5072528523254396,501,772
2026-04-18,US11135F1012,AVGO,2027-06-17,call,570.0,39.59,41.15,43.15,0.5054981091308592,3,691
2026-04-18,US11135F1012,AVGO,2027-06-17,call,580.0,38.06,39.75,42.45,0.5102130278015138,2,379
2026-04-18,US11135F1012,AVGO,2027-06-17,call,590.0,35.96,37.85,39.25,0.5052387123107911,4,347
2026-04-18,US11135F1012,AVGO,2027-06-17,call,600.0,35.83,36.35,37.0,0.5038806936645508,530,1613
2026-04-18,US11135F1012,AVGO,2027-06-17,put,90.0,0.86,0.7,1.41,0.6877472631835939,3,96
2026-04-18,US11135F1012,AVGO,2027-06-17,put,95.0,1.04,0.63,1.6,0.6694368994140626,6,22
2026-04-18,US11135F1012,AVGO,2027-06-17,put,100.0,2.11,0.99,1.71,0.6668734484863283,20,64
2026-04-18,US11135F1012,AVGO,2027-06-17,put,105.0,1.56,0.9,1.92,0.6491734301757812,23,48
2026-04-18,US11135F1012,AVGO,2027-06-17,put,110.0,1.72,1.23,2.03,0.6434361828613282,5,116
2026-04-18,US11135F1012,AVGO,2027-06-17,put,115.0,1.94,1.52,2.31,0.6405065246582031,23,25
2026-04-18,US11135F1012,AVGO,2027-06-17,put,120.0,2.24,1.73,2.47,0.6305578936767577,1,40
2026-04-18,US11135F1012,AVGO,2027-06-17,put,125.0,2.15,1.97,2.75,0.624149266357422,1,54
2026-04-18,US11135F1012,AVGO,2027-06-17,put,130.0,2.59,2.14,3.05,0.6159096026611328,958,302
2026-04-18,US11135F1012,AVGO,2027-06-17,put,135.0,3.45,2.58,3.85,0.6231727136230469,11,156
2026-04-18,US11135F1012,AVGO,2027-06-17,put,140.0,3.22,2.76,3.5,0.6008951043701174,28,1417
2026-04-18,US11135F1012,AVGO,2027-06-17,put,145.0,3.7,3.15,3.65,0.5928385443115236,5,310
2026-04-18,US11135F1012,AVGO,2027-06-17,put,150.0,3.9,2.58,4.7,0.5835002587890624,1,156
2026-04-18,US11135F1012,AVGO,2027-06-17,put,155.0,4.58,3.8,4.45,0.5818523260498047,10,113
2026-04-18,US11135F1012,AVGO,2027-06-17,put,160.0,4.5,4.15,4.85,0.5758709405517577,479,218
2026-04-18,US11135F1012,AVGO,2027-06-17,put,165.0,5.6,4.6,5.35,0.5721478332519532,10,99
2026-04-18,US11135F1012,AVGO,2027-06-17,put,170.0,5.52,5.0,6.3,0.5727581787109376,1,372
2026-04-18,US11135F1012,AVGO,2027-06-17,put,175.0,6.1,5.45,6.25,0.5609174768066407,6,53
2026-04-18,US11135F1012,AVGO,2027-06-17,put,180.0,6.82,5.9,6.6,0.5537764349365235,2,169
2026-04-18,US11135F1012,AVGO,2027-06-17,put,185.0,6.71,6.45,7.2,0.5501753967285157,1,68
2026-04-18,US11135F1012,AVGO,2027-06-17,put,190.0,10.0,7.0,7.8,0.5459640130615235,1,818
2026-04-18,US11135F1012,AVGO,2027-06-17,put,195.0,13.58,7.2,8.4,0.5378769357299805,1,111
2026-04-18,US11135F1012,AVGO,2027-06-17,put,200.0,8.69,7.85,9.0,0.5337876211547851,6,2165
2026-04-18,US11135F1012,AVGO,2027-06-17,put,210.0,12.3,9.55,10.0,0.5258531301879883,301,1021
2026-04-18,US11135F1012,AVGO,2027-06-17,put,220.0,11.42,11.1,11.55,0.5191088128662109,1,1395
2026-04-18,US11135F1012,AVGO,2027-06-17,put,230.0,14.2,12.75,13.25,0.5122424264526367,1,818
2026-04-18,US11135F1012,AVGO,2027-06-17,put,240.0,15.1,14.1,15.1,0.5027210372924805,100,2835
2026-04-18,US11135F1012,AVGO,2027-06-17,put,250.0,17.95,16.55,17.15,0.5028125891113282,5,2727
2026-04-18,US11135F1012,AVGO,2027-06-17,put,260.0,20.33,18.85,19.35,0.49670913452148446,6,1433
2026-04-18,US11135F1012,AVGO,2027-06-17,put,270.0,21.88,20.8,21.9,0.4924977508544922,15,1332
2026-04-18,US11135F1012,AVGO,2027-06-17,put,280.0,24.54,23.9,25.0,0.4916432672119141,7,2845
2026-04-18,US11135F1012,AVGO,2027-06-17,put,290.0,27.55,26.75,27.35,0.48232024032592774,1,508
2026-04-18,US11135F1012,AVGO,2027-06-17,put,300.0,30.61,29.75,30.3,0.476918683013916,6,1466
2026-04-18,US11135F1012,AVGO,2027-06-17,put,310.0,34.01,33.0,33.7,0.47366859344482426,5,899
2026-04-18,US11135F1012,AVGO,2027-06-17,put,320.0,36.71,36.5,37.3,0.4704032452392578,36,890
2026-04-18,US11135F1012,AVGO,2027-06-17,put,330.0,40.56,39.9,40.95,0.4660697924804688,5,456
2026-04-18,US11135F1012,AVGO,2027-06-17,put,340.0,45.7,44.1,45.55,0.4669547933959961,15,505
2026-04-18,US11135F1012,AVGO,2027-06-17,put,350.0,49.16,47.55,49.0,0.45860831924438483,13,960
2026-04-18,US11135F1012,AVGO,2027-06-17,put,360.0,53.58,52.25,53.4,0.4554192642211914,32,183
2026-04-18,US11135F1012,AVGO,2027-06-17,put,370.0,60.45,56.0,58.0,0.4522454678344727,6,154
2026-04-18,US11135F1012,AVGO,2027-06-17,put,380.0,63.1,61.9,63.65,0.45432064239501957,6,90
2026-04-18,US11135F1012,AVGO,2027-06-17,put,390.0,68.75,65.75,68.1,0.44778994598388666,1,381
2026-04-18,US11135F1012,AVGO,2027-06-17,put,400.0,73.8,72.2,74.0,0.44884279190063475,118,564
2026-04-18,US11135F1012,AVGO,2027-06-17,put,410.0,82.2,76.7,79.45,0.44606572006225587,9,42
2026-04-18,US11135F1012,AVGO,2027-06-17,put,420.0,89.45,82.55,85.1,0.4433725707244873,20,84
2026-04-18,US11135F1012,AVGO,2027-06-17,put,430.0,137.95,87.9,90.85,0.4402140329742431,2,11
2026-04-18,US11135F1012,AVGO,2027-06-17,put,440.0,145.9,94.15,96.45,0.4351863122558594,2,58
2026-04-18,US11135F1012,AVGO,2027-06-17,put,450.0,101.66,100.15,102.45,0.4314632049560547,1,25
2026-04-18,US11135F1012,AVGO,2027-06-17,put,460.0,113.9,106.5,108.85,0.4290523403930664,28,96
2026-04-18,US11135F1012,AVGO,2027-06-17,put,470.0,116.5,112.85,115.45,0.4268245794677735,1,33
2026-04-18,US11135F1012,AVGO,2027-06-17,put,480.0,128.71,120.0,122.75,0.42769432174682626,5,50
2026-04-18,US11135F1012,AVGO,2027-06-17,put,490.0,135.84,126.45,130.1,0.4279994944763184,5,81
2026-04-18,US11135F1012,AVGO,2027-06-17,put,500.0,164.14,134.25,137.15,0.425710699005127,6,33
2026-04-18,US11135F1012,AVGO,2027-06-17,put,510.0,179.99,188.65,192.35,0.6889603247833254,166,214
2026-04-18,US11135F1012,AVGO,2027-06-17,put,520.0,157.0,148.45,151.7,0.42123228919982914,7,31
2026-04-18,US11135F1012,AVGO,2027-06-17,put,530.0,223.14,155.55,158.5,0.414846549835205,2,91
2026-04-18,US11135F1012,AVGO,2027-06-17,put,540.0,231.15,163.9,166.8,0.41679965530395496,2,84
2026-04-18,US11135F1012,AVGO,2027-06-17,put,560.0,238.4,178.55,182.4,0.4123288748168945,2,114
2026-04-18,US11135F1012,AVGO,2027-06-17,put,570.0,249.45,186.75,190.35,0.4099103809356689,2,10
2026-04-18,US11135F1012,AVGO,2027-06-17,put,580.0,261.5,194.85,198.45,0.40773602523803715,2,10
2026-04-18,US11135F1012,AVGO,2027-06-17,put,590.0,206.25,203.9,206.6,0.4051496863555908,4,18
2026-04-18,US11135F1012,AVGO,2027-06-17,put,600.0,214.55,211.1,215.05,0.403951883392334,4,10
2026-04-18,US11135F1012,AVGO,2027-09-17,call,155.0,193.55,260.9,264.75,0.6846650186157227,2,2
2026-04-18,US11135F1012,AVGO,2027-09-17,call,170.0,180.58,191.0,195.4,1.0000000000000003e-05,,1
2026-04-18,US11135F1012,AVGO,2027-09-17,call,180.0,176.39,0.0,0.0,1.0000000000000003e-05,1,0
2026-04-18,US11135F1012,AVGO,2027-09-17,call,190.0,136.58,231.95,235.5,0.6430699755859376,1,19
2026-04-18,US11135F1012,AVGO,2027-09-17,call,195.0,159.0,173.3,176.1,1.0000000000000003e-05,,4
2026-04-18,US11135F1012,AVGO,2027-09-17,call,200.0,195.64,223.95,227.4,0.6323584127807618,32,36
2026-04-18,US11135F1012,AVGO,2027-09-17,call,210.0,210.16,215.9,219.5,0.6215247808837892,9,16
2026-04-18,US11135F1012,AVGO,2027-09-17,call,220.0,195.75,207.25,211.85,0.6079445944213868,2,17
2026-04-18,US11135F1012,AVGO,2027-09-17,call,230.0,153.2,200.7,204.35,0.6052132984924319,2,3
2026-04-18,US11135F1012,AVGO,2027-09-17,call,240.0,122.3,193.35,196.5,0.5953409606933593,1,5
2026-04-18,US11135F1012,AVGO,2027-09-17,call,250.0,164.07,186.25,189.85,0.5911448356628419,1,13
2026-04-18,US11135F1012,AVGO,2027-09-17,call,260.0,153.36,179.4,182.4,0.583286637878418,2,14
2026-04-18,US11135F1012,AVGO,2027-09-17,call,270.0,129.65,172.6,176.0,0.5789379264831542,2,15
2026-04-18,US11135F1012,AVGO,2027-09-17,call,280.0,164.49,165.85,169.5,0.5732159378051759,1,26
2026-04-18,US11135F1012,AVGO,2027-09-17,call,290.0,137.8,159.45,163.05,0.5679517082214354,1,16
2026-04-18,US11135F1012,AVGO,2027-09-17,call,300.0,132.5,153.2,156.85,0.5631147204589844,1,76
2026-04-18,US11135F1012,AVGO,2027-09-17,call,310.0,141.72,147.3,151.0,0.5596815272521973,2,40
2026-04-18,US11135F1012,AVGO,2027-09-17,call,320.0,121.71,141.45,144.95,0.5547224703979493,1,83
2026-04-18,US11135F1012,AVGO,2027-09-17,call,330.0,112.09,135.75,139.3,0.5506331558227541,1,219
2026-04-18,US11135F1012,AVGO,2027-09-17,call,340.0,125.6,130.3,133.85,0.5470321176147462,1,261
2026-04-18,US11135F1012,AVGO,2027-09-17,call,350.0,124.0,124.9,128.55,0.5431411653137208,4,60
2026-04-18,US11135F1012,AVGO,2027-09-17,call,360.0,114.85,119.95,122.9,0.5387009020996094,5,281
2026-04-18,US11135F1012,AVGO,2027-09-17,call,370.0,110.67,116.0,118.55,0.5401046966552736,1,127
2026-04-18,US11135F1012,AVGO,2027-09-17,call,380.0,104.37,110.45,113.8,0.5348480963897705,10,59
2026-04-18,US11135F1012,AVGO,2027-09-17,call,390.0,98.54,105.7,109.25,0.5316666706848145,6,61
2026-04-18,US11135F1012,AVGO,2027-09-17,call,400.0,102.29,101.35,104.9,0.5293702458953858,10,2645
2026-04-18,US11135F1012,AVGO,2027-09-17,call,410.0,97.24,97.15,100.7,0.5271272263336182,4,94
2026-04-18,US11135F1012,AVGO,2027-09-17,call,420.0,92.84,93.1,96.7,0.5250901983642577,4,350
2026-04-18,US11135F1012,AVGO,2027-09-17,call,430.0,88.84,89.25,92.85,0.5232667913055419,65,89
2026-04-18,US11135F1012,AVGO,2027-09-17,call,440.0,82.05,85.6,89.2,0.5218019622039795,5,92
2026-04-18,US11135F1012,AVGO,2027-09-17,call,450.0,81.85,81.9,84.95,0.5179644151306153,4,199
2026-04-18,US11135F1012,AVGO,2027-09-17,call,460.0,78.46,79.9,81.9,0.5210542890167235,4,144
2026-04-18,US11135F1012,AVGO,2027-09-17,call,470.0,75.87,75.75,78.4,0.5167284655761719,5,115
2026-04-18,US11135F1012,AVGO,2027-09-17,call,480.0,72.2,72.4,75.5,0.5154391107940673,5,216
2026-04-18,US11135F1012,AVGO,2027-09-17,call,490.0,67.53,70.05,72.0,0.5145922564697265,10,297
2026-04-18,US11135F1012,AVGO,2027-09-17,call,500.0,67.14,67.5,69.9,0.5162859651184082,5,953
2026-04-18,US11135F1012,AVGO,2027-09-17,put,155.0,5.3,5.1,6.0,0.5654340332031251,20,58
2026-04-18,US11135F1012,AVGO,2027-09-17,put,160.0,7.8,5.55,6.4,0.5588423022460938,4,62
2026-04-18,US11135F1012,AVGO,2027-09-17,put,165.0,8.35,6.05,7.0,0.5547529876708985,17,73
2026-04-18,US11135F1012,AVGO,2027-09-17,put,170.0,8.2,6.25,7.5,0.5459640130615235,11,32
2026-04-18,US11135F1012,AVGO,2027-09-17,put,180.0,10.37,7.4,8.5,0.5353440020751954,55,79
2026-04-18,US11135F1012,AVGO,2027-09-17,put,185.0,8.68,8.45,9.1,0.5345200357055665,1,61
2026-04-18,US11135F1012,AVGO,2027-09-17,put,190.0,11.3,9.1,10.05,0.532505895690918,8,45
2026-04-18,US11135F1012,AVGO,2027-09-17,put,195.0,12.15,9.8,10.9,0.5294541683959962,11,82
2026-04-18,US11135F1012,AVGO,2027-09-17,put,200.0,13.24,10.2,11.6,0.5225877819824218,23,75
2026-04-18,US11135F1012,AVGO,2027-09-17,put,210.0,15.6,11.8,13.0,0.5138598419189453,86,75
2026-04-18,US11135F1012,AVGO,2027-09-17,put,220.0,15.2,13.95,15.1,0.511571046447754,1040,1313
2026-04-18,US11135F1012,AVGO,2027-09-17,put,230.0,19.85,16.05,17.9,0.5107318214416505,5,347
2026-04-18,US11135F1012,AVGO,2027-09-17,put,240.0,18.7,18.15,18.9,0.5021869850158693,5,1480
2026-04-18,US11135F1012,AVGO,2027-09-17,put,250.0,21.13,20.0,22.15,0.5053455227661132,2,517
2026-04-18,US11135F1012,AVGO,2027-09-17,put,260.0,28.02,22.9,24.35,0.49660232406616217,2,751
2026-04-18,US11135F1012,AVGO,2027-09-17,put,270.0,28.15,25.1,28.05,0.4996082754516602,5,200
2026-04-18,US11135F1012,AVGO,2027-09-17,put,280.0,29.75,28.6,30.65,0.49168904312133793,1,233
2026-04-18,US11135F1012,AVGO,2027-09-17,put,290.0,32.45,31.7,33.2,0.48245756805419926,1,160
2026-04-18,US11135F1012,AVGO,2027-09-17,put,300.0,38.25,34.95,36.55,0.4782614430236816,3,46
2026-04-18,US11135F1012,AVGO,2027-09-17,put,310.0,40.83,38.1,40.05,0.4738974729919434,1,215
2026-04-18,US11135F1012,AVGO,2027-09-17,put,320.0,44.6,41.75,43.9,0.4707389352416992,2,42
2026-04-18,US11135F1012,AVGO,2027-09-17,put,330.0,46.85,45.85,47.85,0.4670616038513184,1,63
2026-04-18,US11135F1012,AVGO,2027-09-17,put,340.0,51.6,50.2,52.0,0.463521600189209,2,105
2026-04-18,US11135F1012,AVGO,2027-09-17,put,350.0,58.2,54.55,56.35,0.46013418289184577,2,13
2026-04-18,US11135F1012,AVGO,2027-09-17,put,360.0,59.7,59.1,60.1,0.4522073212432862,36,3
2026-04-18,US11135F1012,AVGO,2027-09-17,put,370.0,64.46,62.8,65.65,0.4537865901184082,3,19
2026-04-18,US11135F1012,AVGO,2027-09-17,put,380.0,70.57,67.65,70.6,0.45082641464233403,24,122
2026-04-18,US11135F1012,AVGO,2027-09-17,put,390.0,78.75,72.65,75.7,0.4477365407562255,4,12
2026-04-18,US11135F1012,AVGO,2027-09-17,put,400.0,80.35,78.9,80.6,0.44265541481018067,165,37
2026-04-18,US11135F1012,AVGO,2027-09-17,put,410.0,86.22,84.5,86.2,0.4404658004760742,2,29
2026-04-18,US11135F1012,AVGO,2027-09-17,put,420.0,91.97,89.25,92.25,0.4397639031982422,4,59
2026-04-18,US11135F1012,AVGO,2027-09-17,put,430.0,150.0,94.75,97.7,0.43503372589111333,2,2
2026-04-18,US11135F1012,AVGO,2027-09-17,put,450.0,109.75,107.75,109.95,0.43016622085571293,3,2
2026-04-18,US11135F1012,AVGO,2027-09-17,put,460.0,161.75,114.25,116.3,0.42769432174682626,4,7
2026-04-18,US11135F1012,AVGO,2027-09-17,put,470.0,165.3,0.0,0.0,1.0000000000000003e-05,2,0
2026-04-18,US11135F1012,AVGO,2027-09-17,put,480.0,183.86,126.3,130.05,0.425886173324585,2,8
2026-04-18,US11135F1012,AVGO,2027-09-17,put,490.0,174.36,133.2,136.3,0.42062194374084483,,1
2026-04-18,US11135F1012,AVGO,2027-09-17,put,500.0,174.45,140.15,143.15,0.4177456907653808,2,10
2026-04-18,US11135F1012,AVGO,2027-12-17,call,70.0,330.0,336.2,341.0,0.7500025,10,209
2026-04-18,US11135F1012,AVGO,2027-12-17,call,75.0,273.92,331.5,336.5,0.7448755981445312,1,163
2026-04-18,US11135F1012,AVGO,2027-12-17,call,80.0,320.78,327.2,332.0,0.7480493945312501,1,200
2026-04-18,US11135F1012,AVGO,2027-12-17,call,85.0,324.45,322.7,327.5,0.7432886999511719,1,2576
2026-04-18,US11135F1012,AVGO,2027-12-17,call,90.0,309.55,318.25,323.0,0.7380397290039062,1,119
2026-04-18,US11135F1012,AVGO,2027-12-17,call,95.0,286.85,253.6,257.5,1.0000000000000003e-05,2,11
2026-04-18,US11135F1012,AVGO,2027-12-17,call,100.0,302.0,309.0,314.0,0.7185086743164062,3,591
2026-04-18,US11135F1012,AVGO,2027-12-17,call,105.0,237.98,237.85,241.4,1.0000000000000003e-05,5,297
2026-04-18,US11135F1012,AVGO,2027-12-17,call,110.0,195.58,300.5,305.0,0.7087431469726562,1,67
2026-04-18,US11135F1012,AVGO,2027-12-17,call,115.0,290.26,296.0,301.0,0.7058134887695313,1,88
2026-04-18,US11135F1012,AVGO,2027-12-17,call,120.0,202.21,292.85,296.5,0.712039012451172,1,65
2026-04-18,US11135F1012,AVGO,2027-12-17,call,125.0,210.1,288.5,292.0,0.7027617614746093,1,92
2026-04-18,US11135F1012,AVGO,2027-12-17,call,130.0,196.0,284.25,288.0,0.6996489996337891,1,53
2026-04-18,US11135F1012,AVGO,2027-12-17,call,135.0,191.5,279.95,283.5,0.6903717486572267,9,53
2026-04-18,US11135F1012,AVGO,2027-12-17,call,140.0,175.0,274.8,279.5,0.6777681149291993,1,97
2026-04-18,US11135F1012,AVGO,2027-12-17,call,145.0,163.95,271.6,275.5,0.6826813958740237,12,39
2026-04-18,US11135F1012,AVGO,2027-12-17,call,150.0,256.5,267.4,271.0,0.6736482830810548,1,563
2026-04-18,US11135F1012,AVGO,2027-12-17,call,155.0,238.93,263.25,267.0,0.6689486230468751,2,49
2026-04-18,US11135F1012,AVGO,2027-12-17,call,160.0,249.07,259.1,263.0,0.6638522384643556,1,91
2026-04-18,US11135F1012,AVGO,2027-12-17,call,165.0,248.06,254.1,258.9,0.6515537774658204,5,80
2026-04-18,US11135F1012,AVGO,2027-12-17,call,170.0,248.5,251.0,254.9,0.6533542965698244,2,194
2026-04-18,US11135F1012,AVGO,2027-12-17,call,175.0,175.99,0.0,0.0,1.0000000000000003e-05,1,0
2026-04-18,US11135F1012,AVGO,2027-12-17,call,180.0,159.1,243.05,246.9,0.6433598896789552,1,192
2026-04-18,US11135F1012,AVGO,2027-12-17,call,185.0,190.97,239.1,242.95,0.6384008328247069,1,115
2026-04-18,US11135F1012,AVGO,2027-12-17,call,190.0,227.9,235.15,239.0,0.6331823791503908,1,293
2026-04-18,US11135F1012,AVGO,2027-12-17,call,195.0,228.66,231.3,235.0,0.6280249600219728,1,314
2026-04-18,US11135F1012,AVGO,2027-12-17,call,200.0,227.0,227.45,231.35,0.6245459909057618,1,1916
2026-04-18,US11135F1012,AVGO,2027-12-17,call,210.0,192.16,219.95,223.85,0.6166572758483888,2,429
2026-04-18,US11135F1012,AVGO,2027-12-17,call,220.0,206.58,212.6,216.5,0.6091652853393555,2,1327
2026-04-18,US11135F1012,AVGO,2027-12-17,call,230.0,204.2,205.45,209.0,0.6008951043701174,2,1029
2026-04-18,US11135F1012,AVGO,2027-12-17,call,240.0,176.49,198.45,202.0,0.5945322529602051,1,591
2026-04-18,US11135F1012,AVGO,2027-12-17,call,250.0,185.35,191.6,195.45,0.5896037133789063,41,3280
2026-04-18,US11135F1012,AVGO,2027-12-17,call,260.0,174.61,184.85,188.8,0.5836223278808592,3,780
2026-04-18,US11135F1012,AVGO,2027-12-17,call,270.0,177.48,178.45,181.85,0.5769237864685057,3,544
2026-04-18,US11135F1012,AVGO,2027-12-17,call,280.0,171.3,172.15,175.5,0.5718731777954101,1,914
2026-04-18,US11135F1012,AVGO,2027-12-17,call,290.0,156.54,166.0,169.8,0.5686536054992677,4,618
2026-04-18,US11135F1012,AVGO,2027-12-17,call,300.0,160.4,160.2,163.5,0.5636335140991212,6,1575
2026-04-18,US11135F1012,AVGO,2027-12-17,call,310.0,152.8,154.3,157.95,0.5598646308898927,2,412
2026-04-18,US11135F1012,AVGO,2027-12-17,call,320.0,147.95,148.7,152.4,0.5561720408630373,2,592
2026-04-18,US11135F1012,AVGO,2027-12-17,call,330.0,137.0,143.2,147.05,0.5525404853820801,1,562
2026-04-18,US11135F1012,AVGO,2027-12-17,call,340.0,136.86,138.5,141.8,0.550732336959839,4,627
2026-04-18,US11135F1012,AVGO,2027-12-17,call,350.0,127.9,132.95,136.5,0.5455672885131836,10,3583
2026-04-18,US11135F1012,AVGO,2027-12-17,call,360.0,129.55,128.1,131.1,0.5414016807556155,4,534
2026-04-18,US11135F1012,AVGO,2027-12-17,call,370.0,122.95,123.4,127.0,0.5404709039306643,3,629
2026-04-18,US11135F1012,AVGO,2027-12-17,call,380.0,118.36,118.8,122.05,0.5367935725402833,3,871
2026-04-18,US11135F1012,AVGO,2027-12-17,call,390.0,113.84,114.3,117.5,0.5337723625183104,2,385
2026-04-18,US11135F1012,AVGO,2027-12-17,call,400.0,111.4,110.45,113.75,0.5338333970642088,21,1125
2026-04-18,US11135F1012,AVGO,2027-12-17,call,410.0,107.89,105.9,109.75,0.5307892990875245,5,537
2026-04-18,US11135F1012,AVGO,2027-12-17,call,420.0,102.28,102.2,105.75,0.5292786940765382,12,1087
2026-04-18,US11135F1012,AVGO,2027-12-17,call,430.0,98.29,99.05,102.05,0.5292558061218262,1,657
2026-04-18,US11135F1012,AVGO,2027-12-17,call,440.0,94.93,95.55,97.6,0.5259446820068359,25,308
2026-04-18,US11135F1012,AVGO,2027-12-17,call,450.0,91.11,92.0,94.0,0.5240373524475097,27,1125
2026-04-18,US11135F1012,AVGO,2027-12-17,call,460.0,88.15,88.55,91.3,0.5240068351745604,11,322
2026-04-18,US11135F1012,AVGO,2027-12-17,call,470.0,85.2,85.65,87.65,0.5224809715270995,4,291
2026-04-18,US11135F1012,AVGO,2027-12-17,call,480.0,77.49,82.5,84.45,0.5209245906066895,94,334
2026-04-18,US11135F1012,AVGO,2027-12-17,call,490.0,76.45,79.4,81.75,0.5201921760559083,2,288
2026-04-18,US11135F1012,AVGO,2027-12-17,call,500.0,77.62,76.75,78.45,0.5186281658172608,9,1034
2026-04-18,US11135F1012,AVGO,2027-12-17,call,510.0,73.0,72.6,76.65,0.516606396484375,1,297
2026-04-18,US11135F1012,AVGO,2027-12-17,call,520.0,71.2,71.45,73.4,0.5178347167205811,4,286
2026-04-18,US11135F1012,AVGO,2027-12-17,call,530.0,68.82,68.3,71.3,0.516606396484375,1,1095
2026-04-18,US11135F1012,AVGO,2027-12-17,call,540.0,67.25,66.45,69.1,0.5178347167205811,1,109
2026-04-18,US11135F1012,AVGO,2027-12-17,call,560.0,62.92,61.75,64.3,0.5157519128417969,1,628
2026-04-18,US11135F1012,AVGO,2027-12-17,call,570.0,59.34,59.95,62.8,0.5176516130828858,2,561
2026-04-18,US11135F1012,AVGO,2027-12-17,call,580.0,57.41,57.65,59.8,0.5143328596496581,5,980
2026-04-18,US11135F1012,AVGO,2027-12-17,call,590.0,56.64,55.2,58.3,0.5139437644195557,4,1469
2026-04-18,US11135F1012,AVGO,2027-12-17,call,600.0,54.55,53.5,56.1,0.5133334189605712,43,4218
2026-04-18,US11135F1012,AVGO,2027-12-17,put,70.0,1.17,0.52,1.17,0.6477086010742188,56,510
2026-04-18,US11135F1012,AVGO,2027-12-17,put,75.0,1.44,0.85,1.66,0.6618686157226563,13,146
2026-04-18,US11135F1012,AVGO,2027-12-17,put,80.0,1.67,1.06,1.77,0.6495396374511719,5,92
2026-04-18,US11135F1012,AVGO,2027-12-17,put,85.0,1.68,1.29,1.99,0.6414830773925781,30,264
2026-04-18,US11135F1012,AVGO,2027-12-17,put,90.0,1.88,1.54,2.37,0.6380041082763672,6,100
2026-04-18,US11135F1012,AVGO,2027-12-17,put,95.0,2.23,1.84,2.61,0.6304968591308593,20,449
2026-04-18,US11135F1012,AVGO,2027-12-17,put,100.0,2.5,2.06,2.7,0.6166420172119143,7,201
2026-04-18,US11135F1012,AVGO,2027-12-17,put,105.0,2.85,2.23,3.25,0.6124306335449221,26,703
2026-04-18,US11135F1012,AVGO,2027-12-17,put,110.0,3.01,2.59,3.6,0.6068764898681642,5,242
2026-04-18,US11135F1012,AVGO,2027-12-17,put,115.0,3.5,2.49,3.9,0.5910685424804689,20,186
2026-04-18,US11135F1012,AVGO,2027-12-17,put,120.0,3.85,3.35,4.2,0.5926554406738282,2,201
2026-04-18,US11135F1012,AVGO,2027-12-17,put,125.0,4.09,3.55,4.35,0.5797161169433593,26,132
2026-04-18,US11135F1012,AVGO,2027-12-17,put,130.0,4.79,4.15,5.0,0.5803874969482423,7,210
2026-04-18,US11135F1012,AVGO,2027-12-17,put,135.0,5.15,3.55,5.0,0.5541426422119142,3,273
2026-04-18,US11135F1012,AVGO,2027-12-17,put,140.0,5.39,4.6,5.6,0.5595136822509765,1,696
2026-04-18,US11135F1012,AVGO,2027-12-17,put,145.0,5.92,5.25,6.9,0.5661664477539063,44,278
2026-04-18,US11135F1012,AVGO,2027-12-17,put,150.0,6.4,6.0,6.9,0.5576826458740236,2,701
2026-04-18,US11135F1012,AVGO,2027-12-17,put,155.0,6.57,6.6,7.1,0.5496871203613283,10,329
2026-04-18,US11135F1012,AVGO,2027-12-17,put,160.0,7.4,6.85,7.7,0.5420578021240237,7,493
2026-04-18,US11135F1012,AVGO,2027-12-17,put,165.0,8.59,7.3,8.75,0.5403793521118166,5,213
2026-04-18,US11135F1012,AVGO,2027-12-17,put,170.0,8.99,8.4,9.65,0.5422409057617189,12,631
2026-04-18,US11135F1012,AVGO,2027-12-17,put,175.0,11.68,8.55,10.1,0.5316208947753907,1,1026
2026-04-18,US11135F1012,AVGO,2027-12-17,put,180.0,9.91,9.4,11.2,0.5317124465942383,3,323
2026-04-18,US11135F1012,AVGO,2027-12-17,put,185.0,11.45,9.15,11.9,0.519963296508789,5,275
2026-04-18,US11135F1012,AVGO,2027-12-17,put,190.0,11.87,11.1,12.95,0.5264329583740235,5,373
2026-04-18,US11135F1012,AVGO,2027-12-17,put,195.0,12.55,11.1,13.95,0.5182543292236328,1,481
2026-04-18,US11135F1012,AVGO,2027-12-17,put,200.0,13.67,12.55,13.65,0.5110522528076171,24,4160
2026-04-18,US11135F1012,AVGO,2027-12-17,put,210.0,15.62,14.8,16.75,0.5142718251037597,1,573
2026-04-18,US11135F1012,AVGO,2027-12-17,put,220.0,17.35,16.85,18.1,0.504185866394043,2,3688
2026-04-18,US11135F1012,AVGO,2027-12-17,put,230.0,19.75,19.0,19.9,0.5005085350036622,8,1722
2026-04-18,US11135F1012,AVGO,2027-12-17,put,240.0,23.34,21.0,22.85,0.5000660345458985,25,856
2026-04-18,US11135F1012,AVGO,2027-12-17,put,250.0,24.5,23.95,25.5,0.4951832708740235,6,1755
2026-04-18,US11135F1012,AVGO,2027-12-17,put,260.0,29.4,27.0,27.8,0.48624170989990234,16,420
2026-04-18,US11135F1012,AVGO,2027-12-17,put,270.0,30.28,29.55,31.3,0.48575343353271483,1,768
2026-04-18,US11135F1012,AVGO,2027-12-17,put,280.0,33.8,32.45,34.2,0.47937532348632805,36,693
2026-04-18,US11135F1012,AVGO,2027-12-17,put,290.0,37.12,35.7,37.8,0.47691105369567866,10,354
2026-04-18,US11135F1012,AVGO,2027-12-17,put,300.0,40.8,39.65,41.45,0.4735770416259766,25,1329
2026-04-18,US11135F1012,AVGO,2027-12-17,put,310.0,44.65,43.2,45.15,0.4694877270507813,1,311
2026-04-18,US11135F1012,AVGO,2027-12-17,put,320.0,48.5,47.35,48.5,0.46229327995300296,6,627
2026-04-18,US11135F1012,AVGO,2027-12-17,put,330.0,54.01,51.3,53.3,0.46291888404846193,6,884
2026-04-18,US11135F1012,AVGO,2027-12-17,put,340.0,57.15,55.7,57.6,0.4594933201599121,1,550
2026-04-18,US11135F1012,AVGO,2027-12-17,put,350.0,62.95,60.1,62.55,0.4587837935638428,2,634
2026-04-18,US11135F1012,AVGO,2027-12-17,put,360.0,68.86,63.7,66.75,0.45300839965820316,2,207
2026-04-18,US11135F1012,AVGO,2027-12-17,put,370.0,70.4,69.35,71.65,0.4502084398651123,1,364
2026-04-18,US11135F1012,AVGO,2027-12-17,put,380.0,78.5,74.25,76.65,0.4470880487060547,1,232
2026-04-18,US11135F1012,AVGO,2027-12-17,put,390.0,81.35,79.8,81.85,0.4441965370941161,2,270
2026-04-18,US11135F1012,AVGO,2027-12-17,put,400.0,85.75,83.75,87.05,0.4405192057037354,5,222
2026-04-18,US11135F1012,AVGO,2027-12-17,put,410.0,105.34,89.95,93.05,0.4400614466094971,3,334
2026-04-18,US11135F1012,AVGO,2027-12-17,put,420.0,108.0,94.9,98.45,0.43588058021545417,1,139
2026-04-18,US11135F1012,AVGO,2027-12-17,put,430.0,118.13,100.65,104.3,0.4331874308776856,1,640
2026-04-18,US11135F1012,AVGO,2027-12-17,put,440.0,147.44,107.45,110.0,0.429067599029541,2,126
2026-04-18,US11135F1012,AVGO,2027-12-17,put,450.0,116.3,113.7,116.3,0.4271602694702149,2,268
2026-04-18,US11135F1012,AVGO,2027-12-17,put,460.0,171.95,119.3,122.6,0.4245739305877686,2,28
2026-04-18,US11135F1012,AVGO,2027-12-17,put,470.0,144.02,125.8,129.25,0.4230022910308838,60,50
2026-04-18,US11135F1012,AVGO,2027-12-17,put,480.0,152.88,132.75,135.75,0.42007263282775886,2,54
2026-04-18,US11135F1012,AVGO,2027-12-17,put,490.0,158.42,139.2,142.6,0.41818819122314455,178,117
2026-04-18,US11135F1012,AVGO,2027-12-17,put,500.0,167.62,146.0,149.55,0.41617405120849604,1,104
2026-04-18,US11135F1012,AVGO,2027-12-17,put,510.0,173.96,153.2,156.85,0.4152585330200196,3,9
2026-04-18,US11135F1012,AVGO,2027-12-17,put,520.0,230.48,160.75,163.4,0.41011637252807615,25,87
2026-04-18,US11135F1012,AVGO,2027-12-17,put,530.0,216.05,0.0,0.0,1.0000000000000003e-05,53,0
2026-04-18,US11135F1012,AVGO,2027-12-17,put,540.0,191.5,175.0,179.0,0.41034525207519534,250,259
2026-04-18,US11135F1012,AVGO,2027-12-17,put,560.0,226.0,190.55,193.8,0.40447830635070803,1,121
2026-04-18,US11135F1012,AVGO,2027-12-17,put,570.0,216.83,197.9,201.5,0.4022429161071777,2,25
2026-04-18,US11135F1012,AVGO,2027-12-17,put,580.0,209.48,206.15,209.35,0.40027455200195317,4,44
2026-04-18,US11135F1012,AVGO,2027-12-17,put,590.0,216.45,214.05,217.25,0.3980467910766602,4,36
2026-04-18,US11135F1012,AVGO,2027-12-17,put,600.0,224.83,221.5,224.85,0.39367519172668464,4,49
2026-04-18,US11135F1012,AVGO,2028-01-21,call,155.0,263.0,263.75,267.5,0.6581455084228516,1,18
2026-04-18,US11135F1012,AVGO,2028-01-21,call,160.0,227.83,259.7,263.5,0.6535679174804689,1,11
2026-04-18,US11135F1012,AVGO,2028-01-21,call,165.0,194.3,254.65,259.5,0.6416661810302735,6,6
2026-04-18,US11135F1012,AVGO,2028-01-21,call,170.0,250.1,251.65,255.5,0.6436650624084475,1,140
2026-04-18,US11135F1012,AVGO,2028-01-21,call,175.0,247.2,247.7,251.5,0.6387670401000977,1,108
2026-04-18,US11135F1012,AVGO,2028-01-21,call,180.0,238.0,243.8,247.5,0.6338842764282228,1,34
2026-04-18,US11135F1012,AVGO,2028-01-21,call,185.0,173.0,238.9,243.5,0.6228675408935547,10,74
2026-04-18,US11135F1012,AVGO,2028-01-21,call,190.0,204.65,235.0,239.95,0.6202735726928713,1,37
2026-04-18,US11135F1012,AVGO,2028-01-21,call,195.0,230.71,232.2,236.0,0.6210670217895509,5,20
2026-04-18,US11135F1012,AVGO,2028-01-21,call,200.0,230.05,228.5,232.0,0.6162758099365235,25,402
2026-04-18,US11135F1012,AVGO,2028-01-21,call,210.0,211.67,221.05,224.95,0.6104470108032228,2,98
2026-04-18,US11135F1012,AVGO,2028-01-21,call,220.0,212.75,213.85,217.5,0.6027261407470705,4,137
2026-04-18,US11135F1012,AVGO,2028-01-21,call,230.0,204.85,206.9,210.5,0.5971262211608888,1,123
2026-04-18,US11135F1012,AVGO,2028-01-21,call,240.0,193.0,200.0,203.5,0.5906565592956543,2,195
2026-04-18,US11135F1012,AVGO,2028-01-21,call,250.0,184.45,193.2,196.95,0.5854075883483887,5,783
2026-04-18,US11135F1012,AVGO,2028-01-21,call,260.0,181.1,186.55,190.4,0.5797618928527832,1,848
2026-04-18,US11135F1012,AVGO,2028-01-21,call,270.0,175.26,180.15,184.0,0.5746502496337891,56,569
2026-04-18,US11135F1012,AVGO,2028-01-21,call,280.0,172.74,174.0,177.8,0.5702099864196777,2,271
2026-04-18,US11135F1012,AVGO,2028-01-21,call,290.0,169.0,168.0,171.75,0.5658689043426514,4,344
2026-04-18,US11135F1012,AVGO,2028-01-21,call,300.0,161.5,162.15,165.8,0.5614820463562011,10,1603
2026-04-18,US11135F1012,AVGO,2028-01-21,call,310.0,157.67,156.45,160.15,0.5576750165557863,5,587
2026-04-18,US11135F1012,AVGO,2028-01-21,call,320.0,151.0,150.95,154.65,0.554112124938965,1,757
2026-04-18,US11135F1012,AVGO,2028-01-21,call,330.0,146.88,145.7,149.3,0.5509306992340088,25,584
2026-04-18,US11135F1012,AVGO,2028-01-21,call,340.0,140.23,140.35,143.9,0.5465743585205078,19,1279
2026-04-18,US11135F1012,AVGO,2028-01-21,call,350.0,137.0,136.05,139.0,0.5457961680603027,22,6197
2026-04-18,US11135F1012,AVGO,2028-01-21,call,360.0,129.85,130.5,134.25,0.5412719823455813,2,1177
2026-04-18,US11135F1012,AVGO,2028-01-21,call,370.0,124.38,125.8,129.5,0.5383728414154054,2,404
2026-04-18,US11135F1012,AVGO,2028-01-21,call,380.0,122.23,121.4,125.05,0.5363663307189943,6,354
2026-04-18,US11135F1012,AVGO,2028-01-21,call,390.0,116.0,116.85,120.7,0.5335740002441407,94,467
2026-04-18,US11135F1012,AVGO,2028-01-21,call,400.0,114.69,113.7,116.45,0.5339173195648192,32,1834
2026-04-18,US11135F1012,AVGO,2028-01-21,call,410.0,110.12,108.7,112.4,0.5295380908966066,19,732
2026-04-18,US11135F1012,AVGO,2028-01-21,call,420.0,105.1,105.75,108.55,0.5301102897644043,13,1888
2026-04-18,US11135F1012,AVGO,2028-01-21,call,430.0,102.65,101.3,104.8,0.5266923551940919,4,1512
2026-04-18,US11135F1012,AVGO,2028-01-21,call,440.0,96.91,97.3,101.3,0.5244340769958495,8,387
2026-04-18,US11135F1012,AVGO,2028-01-21,call,450.0,94.91,94.1,97.9,0.5237855849456787,16,1114
2026-04-18,US11135F1012,AVGO,2028-01-21,call,460.0,92.4,91.55,93.6,0.5220232124328612,266,520
2026-04-18,US11135F1012,AVGO,2028-01-21,call,470.0,87.54,88.25,90.55,0.5209474785614013,111,205
2026-04-18,US11135F1012,AVGO,2028-01-21,call,480.0,81.63,84.8,87.35,0.5186892003631592,8,266
2026-04-18,US11135F1012,AVGO,2028-01-21,call,490.0,81.95,81.55,84.3,0.5167818708038331,2,305
2026-04-18,US11135F1012,AVGO,2028-01-21,call,500.0,80.29,78.75,81.45,0.5159426457977295,136,1154
2026-04-18,US11135F1012,AVGO,2028-01-21,call,510.0,71.53,77.0,78.8,0.5175676905822755,11,259
2026-04-18,US11135F1012,AVGO,2028-01-21,call,520.0,72.92,73.4,76.05,0.5142413078308103,32,721
2026-04-18,US11135F1012,AVGO,2028-01-21,call,540.0,68.87,68.75,71.8,0.5152026019287108,5,413
2026-04-18,US11135F1012,AVGO,2028-01-21,call,560.0,64.95,64.25,66.8,0.513257125778198,10,2029
2026-04-18,US11135F1012,AVGO,2028-01-21,call,570.0,63.34,61.75,64.25,0.5110293648529053,163,731
2026-04-18,US11135F1012,AVGO,2028-01-21,call,580.0,61.16,60.0,62.35,0.5117465207672119,236,645
2026-04-18,US11135F1012,AVGO,2028-01-21,call,590.0,57.9,58.75,60.5,0.5134402294158934,32,551
2026-04-18,US11135F1012,AVGO,2028-01-21,call,600.0,57.5,55.8,58.35,0.510068070755005,76,8984
2026-04-18,US11135F1012,AVGO,2028-01-21,put,155.0,7.15,6.95,8.4,0.5507247076416018,14,682
2026-04-18,US11135F1012,AVGO,2028-01-21,put,160.0,7.85,7.05,8.6,0.5374802111816408,16,97
2026-04-18,US11135F1012,AVGO,2028-01-21,put,165.0,8.61,7.6,9.35,0.5334214138793946,10,223
2026-04-18,US11135F1012,AVGO,2028-01-21,put,170.0,9.1,8.8,10.1,0.5342758975219727,12,461
2026-04-18,US11135F1012,AVGO,2028-01-21,put,175.0,9.9,9.8,10.05,0.5264329583740235,9,100
2026-04-18,US11135F1012,AVGO,2028-01-21,put,180.0,10.84,9.95,11.45,0.5230150238037108,23,181
2026-04-18,US11135F1012,AVGO,2028-01-21,put,185.0,11.63,10.55,12.3,0.5184679501342774,23,39
2026-04-18,US11135F1012,AVGO,2028-01-21,put,190.0,12.37,11.05,13.75,0.5169420864868165,2,325
2026-04-18,US11135F1012,AVGO,2028-01-21,put,195.0,13.93,12.55,15.0,0.5199022619628906,10,545
2026-04-18,US11135F1012,AVGO,2028-01-21,put,200.0,14.15,13.85,14.45,0.509892596435547,3,7160
2026-04-18,US11135F1012,AVGO,2028-01-21,put,210.0,16.65,15.5,16.65,0.5034534518432617,10,1041
2026-04-18,US11135F1012,AVGO,2028-01-21,put,220.0,17.85,17.75,19.4,0.5016224154663086,2,578
2026-04-18,US11135F1012,AVGO,2028-01-21,put,230.0,21.42,19.7,20.9,0.4962513754272462,2,2036
2026-04-18,US11135F1012,AVGO,2028-01-21,put,240.0,23.22,22.65,23.4,0.4911702494812012,1,1529
2026-04-18,US11135F1012,AVGO,2028-01-21,put,250.0,25.92,24.85,26.7,0.4914754222106934,1,2186
2026-04-18,US11135F1012,AVGO,2028-01-21,put,260.0,29.45,27.85,29.6,0.4869130899047852,2,1826
2026-04-18,US11135F1012,AVGO,2028-01-21,put,270.0,31.97,30.3,32.0,0.477544287109375,5,2105
2026-04-18,US11135F1012,AVGO,2028-01-21,put,280.0,34.8,33.4,35.3,0.4738974729919434,6,1459
2026-04-18,US11135F1012,AVGO,2028-01-21,put,290.0,38.43,37.75,39.4,0.47447730117797854,2,670
2026-04-18,US11135F1012,AVGO,2028-01-21,put,300.0,42.38,41.4,43.0,0.47044902114868165,10,2169
2026-04-18,US11135F1012,AVGO,2028-01-21,put,310.0,46.13,44.05,46.9,0.4673057420349121,2,456
2026-04-18,US11135F1012,AVGO,2028-01-21,put,320.0,50.3,49.1,50.25,0.4599358206176758,1,1526
2026-04-18,US11135F1012,AVGO,2028-01-21,put,330.0,54.5,52.75,54.95,0.45961538925170903,1,7546
2026-04-18,US11135F1012,AVGO,2028-01-21,put,340.0,58.23,57.15,59.25,0.45600672172546386,1,1122
2026-04-18,US11135F1012,AVGO,2028-01-21,put,350.0,63.25,61.95,63.8,0.45290158920288087,4,859
2026-04-18,US11135F1012,AVGO,2028-01-21,put,360.0,68.01,65.2,68.4,0.44922425781249997,24,611
2026-04-18,US11135F1012,AVGO,2028-01-21,put,370.0,73.05,70.15,72.8,0.4437311486816406,22,367
2026-04-18,US11135F1012,AVGO,2028-01-21,put,380.0,77.4,75.95,77.75,0.4403284727478027,3,278
2026-04-18,US11135F1012,AVGO,2028-01-21,put,390.0,83.31,81.2,83.25,0.4389094195556641,2,494
2026-04-18,US11135F1012,AVGO,2028-01-21,put,400.0,88.15,85.7,88.55,0.43571273521423337,6,1141
2026-04-18,US11135F1012,AVGO,2028-01-21,put,410.0,94.37,91.45,93.75,0.43131824790954587,1,217
2026-04-18,US11135F1012,AVGO,2028-01-21,put,420.0,110.44,96.85,99.9,0.43079182495117196,4,112
2026-04-18,US11135F1012,AVGO,2028-01-21,put,430.0,106.05,102.6,105.6,0.4274044076538086,21,165
2026-04-18,US11135F1012,AVGO,2028-01-21,put,440.0,112.05,109.25,111.55,0.4245281546783448,2,302
2026-04-18,US11135F1012,AVGO,2028-01-21,put,450.0,154.9,116.0,118.55,0.4259014319610597,4,161
2026-04-18,US11135F1012,AVGO,2028-01-21,put,460.0,123.32,122.4,124.15,0.42009552078247075,4,85
2026-04-18,US11135F1012,AVGO,2028-01-21,put,470.0,158.37,127.6,131.05,0.4197140548706054,1,94
2026-04-18,US11135F1012,AVGO,2028-01-21,put,480.0,163.56,135.05,137.65,0.4173337075805663,2,251
2026-04-18,US11135F1012,AVGO,2028-01-21,put,490.0,155.65,141.95,144.4,0.4150601707458496,3,422
2026-04-18,US11135F1012,AVGO,2028-01-21,put,500.0,163.35,148.65,151.25,0.4126645648193359,5,641
2026-04-18,US11135F1012,AVGO,2028-01-21,put,510.0,209.2,155.45,157.6,0.40735455932617193,5,151
2026-04-18,US11135F1012,AVGO,2028-01-21,put,520.0,171.2,162.65,165.4,0.408285336151123,5,183
2026-04-18,US11135F1012,AVGO,2028-01-21,put,540.0,183.24,176.7,179.9,0.4033873138427735,2,94
2026-04-18,US11135F1012,AVGO,2028-01-21,put,560.0,193.58,191.75,194.6,0.39729911788940425,2,67
2026-04-18,US11135F1012,AVGO,2028-01-21,put,570.0,209.2,199.8,203.15,0.39942006835937505,2,28
2026-04-18,US11135F1012,AVGO,2028-01-21,put,580.0,210.68,207.3,211.0,0.39761954925537113,4,44
2026-04-18,US11135F1012,AVGO,2028-01-21,put,590.0,218.25,215.55,219.0,0.3961165735626221,4,266
2026-04-18,US11135F1012,AVGO,2028-01-21,put,600.0,226.69,223.15,226.9,0.39362178649902346,5,101
2026-04-18,US11135F1012,AVGO,2028-06-16,call,155.0,175.9,266.0,270.5,0.6288031504821778,,1
2026-04-18,US11135F1012,AVGO,2028-06-16,call,160.0,172.45,262.5,267.5,0.6326635855102539,,2
2026-04-18,US11135F1012,AVGO,2028-06-16,call,165.0,168.55,258.5,263.5,0.6266822000122071,,1
2026-04-18,US11135F1012,AVGO,2028-06-16,call,195.0,183.05,236.5,241.5,0.6072121798706055,,1
2026-04-18,US11135F1012,AVGO,2028-06-16,call,200.0,210.53,233.0,238.0,0.6045419184875491,1,13
2026-04-18,US11135F1012,AVGO,2028-06-16,call,230.0,133.87,212.5,217.5,0.587192848815918,,7
2026-04-18,US11135F1012,AVGO,2028-06-16,call,240.0,199.05,206.0,211.0,0.5821422401428222,1,2
2026-04-18,US11135F1012,AVGO,2028-06-16,call,250.0,150.05,199.5,204.5,0.576252406463623,2,3
2026-04-18,US11135F1012,AVGO,2028-06-16,call,260.0,154.14,193.5,198.5,0.5729565409851074,3,3
2026-04-18,US11135F1012,AVGO,2028-06-16,call,270.0,123.48,187.5,192.5,0.5687909332275392,1,3
2026-04-18,US11135F1012,AVGO,2028-06-16,call,290.0,156.29,176.0,181.0,0.5612455374908447,2,9
2026-04-18,US11135F1012,AVGO,2028-06-16,call,300.0,171.1,170.5,175.5,0.5578428615570069,7,25
2026-04-18,US11135F1012,AVGO,2028-06-16,call,320.0,161.0,160.0,165.0,0.5517317776489258,7,5
2026-04-18,US11135F1012,AVGO,2028-06-16,call,330.0,136.69,155.0,160.0,0.5490309989929201,3,4
2026-04-18,US11135F1012,AVGO,2028-06-16,call,340.0,128.46,150.0,154.5,0.5444305200958253,1,2
2026-04-18,US11135F1012,AVGO,2028-06-16,call,350.0,145.19,145.5,150.5,0.5443008216857912,4,14
2026-04-18,US11135F1012,AVGO,2028-06-16,call,360.0,136.57,141.0,146.0,0.5422714230346681,1,2
2026-04-18,US11135F1012,AVGO,2028-06-16,call,370.0,127.13,136.5,141.5,0.5396850841522217,1,4
2026-04-18,US11135F1012,AVGO,2028-06-16,call,380.0,132.54,132.0,137.0,0.5365723223114015,10,4
2026-04-18,US11135F1012,AVGO,2028-06-16,call,390.0,125.23,128.0,133.0,0.5352829675292969,2,34
2026-04-18,US11135F1012,AVGO,2028-06-16,call,400.0,124.35,124.0,129.0,0.533482448425293,4,37
2026-04-18,US11135F1012,AVGO,2028-06-16,call,410.0,120.59,120.0,124.8,0.5307358938598633,7,48
2026-04-18,US11135F1012,AVGO,2028-06-16,call,420.0,113.98,116.5,121.5,0.5306672299957276,6,52
2026-04-18,US11135F1012,AVGO,2028-06-16,call,430.0,113.83,113.0,118.0,0.5296677893066408,2,29
2026-04-18,US11135F1012,AVGO,2028-06-16,call,440.0,109.58,109.5,113.8,0.5266923551940919,110,59
2026-04-18,US11135F1012,AVGO,2028-06-16,call,450.0,107.75,106.0,110.45,0.5251588622283935,7,52
2026-04-18,US11135F1012,AVGO,2028-06-16,call,460.0,104.93,103.0,107.2,0.5245103701782227,74,5
2026-04-18,US11135F1012,AVGO,2028-06-16,call,470.0,96.57,99.5,104.05,0.5225954113006591,1,2
2026-04-18,US11135F1012,AVGO,2028-06-16,call,480.0,98.81,96.8,101.05,0.5223283851623535,2,28
2026-04-18,US11135F1012,AVGO,2028-06-16,call,490.0,94.5,93.55,98.5,0.521466272201538,7,56
2026-04-18,US11135F1012,AVGO,2028-06-16,put,150.0,8.75,6.5,11.5,0.5347031393432617,2,7
2026-04-18,US11135F1012,AVGO,2028-06-16,put,165.0,16.1,8.55,13.5,0.5193376924133302,2,1
2026-04-18,US11135F1012,AVGO,2028-06-16,put,180.0,18.0,11.5,16.5,0.5136767382812499,,1
2026-04-18,US11135F1012,AVGO,2028-06-16,put,185.0,22.36,12.5,17.0,0.5080310427856446,,1
2026-04-18,US11135F1012,AVGO,2028-06-16,put,200.0,19.4,15.5,18.85,0.509190699157715,40,37
2026-04-18,US11135F1012,AVGO,2028-06-16,put,220.0,30.7,20.0,25.0,0.5094500959777832,,10
2026-04-18,US11135F1012,AVGO,2028-06-16,put,230.0,25.55,22.5,26.25,0.4922230953979493,64,31
2026-04-18,US11135F1012,AVGO,2028-06-16,put,240.0,29.04,26.9,30.5,0.4981587049865723,1,2
2026-04-18,US11135F1012,AVGO,2028-06-16,put,250.0,32.17,28.5,33.45,0.49261219062805184,1,4
2026-04-18,US11135F1012,AVGO,2028-06-16,put,270.0,41.5,35.0,40.0,0.48331968101501466,20,187
2026-04-18,US11135F1012,AVGO,2028-06-16,put,280.0,42.72,38.5,43.35,0.4778876064300537,1,5
2026-04-18,US11135F1012,AVGO,2028-06-16,put,290.0,45.46,42.0,47.0,0.47350837776184085,5,7
2026-04-18,US11135F1012,AVGO,2028-06-16,put,300.0,48.29,46.0,51.0,0.470357469329834,5,21
2026-04-18,US11135F1012,AVGO,2028-06-16,put,310.0,77.97,50.0,53.75,0.4594933201599121,,1
2026-04-18,US11135F1012,AVGO,2028-06-16,put,320.0,59.5,54.0,59.0,0.461667675857544,1,2
2026-04-18,US11135F1012,AVGO,2028-06-16,put,330.0,60.0,58.6,63.5,0.4588829747009278,1,1
2026-04-18,US11135F1012,AVGO,2028-06-16,put,340.0,66.8,63.0,68.0,0.45535822967529294,2,4
2026-04-18,US11135F1012,AVGO,2028-06-16,put,350.0,73.04,67.5,72.5,0.4511621046447754,4,8
2026-04-18,US11135F1012,AVGO,2028-06-16,put,360.0,75.85,72.5,77.4,0.44826296371459956,2,3
2026-04-18,US11135F1012,AVGO,2028-06-16,put,370.0,80.5,77.5,82.5,0.4456461075592041,2,1
2026-04-18,US11135F1012,AVGO,2028-06-16,put,380.0,88.49,82.5,87.5,0.44193062957763674,1,6
2026-04-18,US11135F1012,AVGO,2028-06-16,put,450.0,138.66,122.5,127.5,0.42213254875183104,2,3
2026-04-18,US11135F1012,AVGO,2028-06-16,put,490.0,177.89,149.0,153.5,0.41271034072875973,,2
2026-04-18,US11135F1012,AVGO,2028-12-15,call,155.0,264.7,270.45,275.0,0.6175270181274416,25,100
2026-04-18,US11135F1012,AVGO,2028-12-15,call,160.0,255.25,266.5,271.5,0.6135139967346193,2,27
2026-04-18,US11135F1012,AVGO,2028-12-15,call,165.0,240.25,263.0,268.0,0.6115303739929201,1,30
2026-04-18,US11135F1012,AVGO,2028-12-15,call,170.0,258.75,259.5,264.5,0.6091652853393555,4,190
2026-04-18,US11135F1012,AVGO,2028-12-15,call,175.0,258.72,256.0,260.5,0.6041299353027345,1,15
2026-04-18,US11135F1012,AVGO,2028-12-15,call,180.0,252.0,252.5,257.0,0.6012307943725587,1,72
2026-04-18,US11135F1012,AVGO,2028-12-15,call,185.0,249.5,249.0,254.0,0.600238983001709,1,17
2026-04-18,US11135F1012,AVGO,2028-12-15,call,190.0,198.47,245.5,250.5,0.5967752725219727,1,78
2026-04-18,US11135F1012,AVGO,2028-12-15,call,195.0,161.3,242.0,247.0,0.5931131997680664,3,43
2026-04-18,US11135F1012,AVGO,2028-12-15,call,200.0,241.0,239.0,243.5,0.5912516461181643,5,209
2026-04-18,US11135F1012,AVGO,2028-12-15,call,210.0,231.4,232.0,237.0,0.5848582774353026,1,27
2026-04-18,US11135F1012,AVGO,2028-12-15,call,220.0,224.97,226.0,231.0,0.5831035342407226,1,121
2026-04-18,US11135F1012,AVGO,2028-12-15,call,230.0,212.52,219.5,224.0,0.5752148191833495,1,163
2026-04-18,US11135F1012,AVGO,2028-12-15,call,240.0,185.55,213.5,218.5,0.5733074896240236,1,41
2026-04-18,US11135F1012,AVGO,2028-12-15,call,250.0,207.47,207.5,212.0,0.5674176559448242,11,133
2026-04-18,US11135F1012,AVGO,2028-12-15,call,260.0,201.0,202.0,207.0,0.566883603668213,1,67
2026-04-18,US11135F1012,AVGO,2028-12-15,call,270.0,190.03,196.5,201.5,0.5640302386474609,75,79
2026-04-18,US11135F1012,AVGO,2028-12-15,call,280.0,166.0,191.0,196.0,0.5604978643035888,1,91
2026-04-18,US11135F1012,AVGO,2028-12-15,call,290.0,184.93,185.5,190.5,0.5563704031372071,1,301
2026-04-18,US11135F1012,AVGO,2028-12-15,call,300.0,182.0,180.5,185.5,0.5542952285766601,25,530
2026-04-18,US11135F1012,AVGO,2028-12-15,call,310.0,176.7,175.5,180.5,0.5516097085571289,1,284
2026-04-18,US11135F1012,AVGO,2028-12-15,call,320.0,170.25,170.5,175.5,0.5483748776245119,2,179
2026-04-18,US11135F1012,AVGO,2028-12-15,call,330.0,168.0,166.0,171.0,0.547024488296509,3,318
2026-04-18,US11135F1012,AVGO,2028-12-15,call,340.0,162.96,161.5,164.55,0.5405853437042237,12,268
2026-04-18,US11135F1012,AVGO,2028-12-15,call,350.0,157.5,157.0,161.5,0.5415771550750733,25,3012
2026-04-18,US11135F1012,AVGO,2028-12-15,call,360.0,152.25,152.5,157.5,0.5398529291534425,1,396
2026-04-18,US11135F1012,AVGO,2028-12-15,call,370.0,148.65,148.55,152.95,0.5376633148193359,1,269
2026-04-18,US11135F1012,AVGO,2028-12-15,call,380.0,145.42,144.5,149.5,0.5372055557250978,6,171
2026-04-18,US11135F1012,AVGO,2028-12-15,call,390.0,140.99,140.5,145.5,0.5352219329833985,3,259
2026-04-18,US11135F1012,AVGO,2028-12-15,call,400.0,139.12,137.35,141.5,0.5346192168426515,46,638
2026-04-18,US11135F1012,AVGO,2028-12-15,call,410.0,133.8,133.05,136.9,0.5299882206726074,18,241
2026-04-18,US11135F1012,AVGO,2028-12-15,call,420.0,130.2,129.55,134.5,0.5311707649993898,66,253
2026-04-18,US11135F1012,AVGO,2028-12-15,call,430.0,125.32,126.0,131.0,0.5296143840789796,1,62
2026-04-18,US11135F1012,AVGO,2028-12-15,call,440.0,119.93,122.55,127.5,0.5279054167938232,80,206
2026-04-18,US11135F1012,AVGO,2028-12-15,call,450.0,121.52,120.05,124.0,0.5277528304290773,16,405
2026-04-18,US11135F1012,AVGO,2028-12-15,call,460.0,116.25,116.0,121.0,0.5251893795013427,7,177
2026-04-18,US11135F1012,AVGO,2028-12-15,call,470.0,110.7,113.0,117.5,0.5233964897155761,42,129
2026-04-18,US11135F1012,AVGO,2028-12-15,call,480.0,110.71,110.5,114.9,0.524022093811035,1,159
2026-04-18,US11135F1012,AVGO,2028-12-15,call,490.0,105.15,107.55,112.0,0.5228853253936768,2,71
2026-04-18,US11135F1012,AVGO,2028-12-15,call,500.0,105.62,104.85,108.9,0.5215654533386229,38,892
2026-04-18,US11135F1012,AVGO,2028-12-15,call,510.0,103.03,102.0,105.95,0.519963296508789,20,451
2026-04-18,US11135F1012,AVGO,2028-12-15,call,520.0,100.22,99.75,103.4,0.5200014430999755,36,1249
2026-04-18,US11135F1012,AVGO,2028-12-15,put,155.0,13.35,11.75,13.35,0.5164843273925781,232,1449
2026-04-18,US11135F1012,AVGO,2028-12-15,put,160.0,14.1,12.3,14.3,0.5109301837158204,1,174
2026-04-18,US11135F1012,AVGO,2028-12-15,put,165.0,15.06,11.5,15.3,0.5197191583251952,4,65
2026-04-18,US11135F1012,AVGO,2028-12-15,put,170.0,14.8,14.3,16.2,0.5044910391235352,2,3008
2026-04-18,US11135F1012,AVGO,2028-12-15,put,175.0,17.64,15.45,17.65,0.5042469009399414,78,345
2026-04-18,US11135F1012,AVGO,2028-12-15,put,180.0,17.25,15.55,18.4,0.508992336883545,10,214
2026-04-18,US11135F1012,AVGO,2028-12-15,put,185.0,21.54,16.0,20.5,0.5151110501098632,5,28
2026-04-18,US11135F1012,AVGO,2028-12-15,put,190.0,21.4,18.25,20.85,0.504185866394043,2,152
2026-04-18,US11135F1012,AVGO,2028-12-15,put,195.0,31.79,19.3,23.0,0.509495871887207,1,27
2026-04-18,US11135F1012,AVGO,2028-12-15,put,200.0,21.57,21.0,24.0,0.504185866394043,38,3059
2026-04-18,US11135F1012,AVGO,2028-12-15,put,210.0,24.14,23.45,25.5,0.48932395446777355,11,1092
2026-04-18,US11135F1012,AVGO,2028-12-15,put,220.0,27.41,25.85,28.5,0.4859365371704102,1,1579
2026-04-18,US11135F1012,AVGO,2028-12-15,put,230.0,30.02,27.5,32.5,0.4885152467346192,12,1087
2026-04-18,US11135F1012,AVGO,2028-12-15,put,240.0,33.65,31.65,35.45,0.48245756805419926,3,606
2026-04-18,US11135F1012,AVGO,2028-12-15,put,250.0,36.83,34.85,38.5,0.47638463073730464,3,2736
2026-04-18,US11135F1012,AVGO,2028-12-15,put,260.0,39.67,38.55,40.5,0.46335375518798827,1,1043
2026-04-18,US11135F1012,AVGO,2028-12-15,put,270.0,43.36,41.0,45.45,0.46736677658081055,8,1071
2026-04-18,US11135F1012,AVGO,2028-12-15,put,280.0,47.05,44.5,48.1,0.4572731885528565,8,395
2026-04-18,US11135F1012,AVGO,2028-12-15,put,290.0,53.25,48.95,53.0,0.4589211212921144,12,473
2026-04-18,US11135F1012,AVGO,2028-12-15,put,300.0,55.2,53.75,56.7,0.4533669776153565,37,2359
2026-04-18,US11135F1012,AVGO,2028-12-15,put,310.0,59.33,58.2,61.5,0.4527490028381348,35,349
2026-04-18,US11135F1012,AVGO,2028-12-15,put,320.0,64.38,62.0,64.45,0.4424494232177735,3,1404
2026-04-18,US11135F1012,AVGO,2028-12-15,put,330.0,68.5,66.4,70.45,0.4461801598358154,20,166
2026-04-18,US11135F1012,AVGO,2028-12-15,put,340.0,72.65,71.55,73.6,0.43600264930725097,3,86
2026-04-18,US11135F1012,AVGO,2028-12-15,put,350.0,77.46,76.1,78.05,0.43136402381896977,24,567
2026-04-18,US11135F1012,AVGO,2028-12-15,put,360.0,85.55,81.25,83.5,0.4305782040405274,2,57
2026-04-18,US11135F1012,AVGO,2028-12-15,put,370.0,87.55,86.15,88.35,0.4266185878753662,21,655
2026-04-18,US11135F1012,AVGO,2028-12-15,put,380.0,93.0,91.15,94.9,0.429265961303711,1,95
2026-04-18,US11135F1012,AVGO,2028-12-15,put,390.0,99.2,96.45,100.3,0.426511777420044,3,48
2026-04-18,US11135F1012,AVGO,2028-12-15,put,400.0,104.75,101.8,105.85,0.4238720333099365,7,151
2026-04-18,US11135F1012,AVGO,2028-12-15,put,410.0,111.85,107.8,110.65,0.41777620803833,20,58
2026-04-18,US11135F1012,AVGO,2028-12-15,put,420.0,118.02,113.55,116.4,0.4150372827911377,2,52
2026-04-18,US11135F1012,AVGO,2028-12-15,put,430.0,123.1,119.35,123.5,0.41712008666992184,6,91
2026-04-18,US11135F1012,AVGO,2028-12-15,put,440.0,130.75,125.4,128.35,0.40997141548156735,2,62
2026-04-18,US11135F1012,AVGO,2028-12-15,put,450.0,134.5,131.5,135.1,0.40976542388916015,1,154
2026-04-18,US11135F1012,AVGO,2028-12-15,put,460.0,149.55,137.75,142.0,0.40968150138854975,2,30
2026-04-18,US11135F1012,AVGO,2028-12-15,put,470.0,168.65,144.45,147.6,0.4042341681671143,2,205
2026-04-18,US11135F1012,AVGO,2028-12-15,put,480.0,152.2,150.75,153.6,0.39991597404479984,24,465
2026-04-18,US11135F1012,AVGO,2028-12-15,put,490.0,162.37,157.05,161.5,0.4024031317901612,2,495
2026-04-18,US11135F1012,AVGO,2028-12-15,put,500.0,171.1,163.55,168.5,0.4010908890533448,4,54
2026-04-18,US11135F1012,AVGO,2028-12-15,put,510.0,219.7,170.5,174.95,0.3973296351623535,10,17
2026-04-18,US11135F1012,AVGO,2028-12-15,put,520.0,183.04,177.5,181.25,0.3926299751281738,2,51
2026-04-18,US67066G1040,NVDA,2026-04-20,call,115.0,85.31,82.2,89.75,4.81836335205078,2,4
2026-04-18,US67066G1040,NVDA,2026-04-20,call,125.0,72.07,72.1,79.7,4.214848481445312,1,2
2026-04-18,US67066G1040,NVDA,2026-04-20,call,150.0,50.55,49.15,53.0,2.3222698193359372,10,36
2026-04-18,US67066G1040,NVDA,2026-04-20,call,155.0,43.42,42.15,49.6,2.6484408789062504,111,46
2026-04-18,US67066G1040,NVDA,2026-04-20,call,157.5,41.16,39.95,45.65,2.0727587243652343,1,2
2026-04-18,US67066G1040,NVDA,2026-04-20,call,160.0,41.45,38.2,42.95,1.896484892578125,6,33
2026-04-18,US67066G1040,NVDA,2026-04-20,call,165.0,35.66,33.4,37.95,1.699708532714844,43,94
2026-04-18,US67066G1040,NVDA,2026-04-20,call,167.5,33.6,30.05,35.5,1.619142529296875,4,16
2026-04-18,US67066G1040,NVDA,2026-04-20,call,170.0,31.4,30.3,32.6,1.3818390283203121,34,33
2026-04-18,US67066G1040,NVDA,2026-04-20,call,172.5,28.92,27.45,30.1,1.291019169921875,53,49
2026-04-18,US67066G1040,NVDA,2026-04-20,call,175.0,26.0,25.05,28.2,1.3842804223632812,134,310
2026-04-18,US67066G1040,NVDA,2026-04-20,call,177.5,24.06,23.45,24.3,0.7226590234375,56,74
2026-04-18,US67066G1040,NVDA,2026-04-20,call,180.0,21.7,20.25,21.8,0.6543003320312502,480,1121
2026-04-18,US67066G1040,NVDA,2026-04-20,call,182.5,19.35,19.0,19.35,0.6250037500000001,74,682
2026-04-18,US67066G1040,NVDA,2026-04-20,call,185.0,16.42,16.45,16.85,0.5546919531250001,674,1174
2026-04-18,US67066G1040,NVDA,2026-04-20,call,187.5,13.86,13.45,14.45,0.53320779296875,133,524
2026-04-18,US67066G1040,NVDA,2026-04-20,call,190.0,11.71,11.3,11.85,0.411138701171875,2359,2680
2026-04-18,US67066G1040,NVDA,2026-04-20,call,192.5,9.27,9.05,9.5,0.39453730468750003,1084,2265
2026-04-18,US67066G1040,NVDA,2026-04-20,call,195.0,6.9,6.75,6.95,0.29688203124999996,3949,4082
2026-04-18,US67066G1040,NVDA,2026-04-20,call,197.5,4.61,4.55,4.65,0.2573316455078125,9632,3877
2026-04-18,US67066G1040,NVDA,2026-04-20,call,200.0,2.62,2.6,2.64,0.229499892578125,84694,9189
2026-04-18,US67066G1040,NVDA,2026-04-20,call,202.5,1.22,1.21,1.24,0.2211991943359375,66567,4447
2026-04-18,US67066G1040,NVDA,2026-04-20,call,205.0,0.49,0.48,0.5,0.22534954345703123,75586,6043
2026-04-18,US67066G1040,NVDA,2026-04-20,call,210.0,0.08,0.07,0.08,0.256843369140625,24340,9734
2026-04-18,US67066G1040,NVDA,2026-04-20,call,215.0,0.03,0.02,0.03,0.32031929687499994,5930,4736
2026-04-18,US67066G1040,NVDA,2026-04-20,call,220.0,0.02,0.01,0.02,0.398443515625,2322,1569
2026-04-18,US67066G1040,NVDA,2026-04-20,call,225.0,0.01,0.0,0.01,0.45313046875,1022,1346
2026-04-18,US67066G1040,NVDA,2026-04-20,call,230.0,0.01,0.0,0.01,0.500005,223,1286
2026-04-18,US67066G1040,NVDA,2026-04-20,call,235.0,0.01,0.0,0.01,0.5625043750000001,110,1482
2026-04-18,US67066G1040,NVDA,2026-04-20,put,105.0,0.01,,0.01,2.3750040624999995,,19
2026-04-18,US67066G1040,NVDA,2026-04-20,put,110.0,0.48,0.0,0.01,2.0625048437499998,2,3
2026-04-18,US67066G1040,NVDA,2026-04-20,put,115.0,0.02,,0.01,2.0625048437499998,,9
2026-04-18,US67066G1040,NVDA,2026-04-20,put,120.0,0.01,0.0,0.01,1.8125009374999999,1,22
2026-04-18,US67066G1040,NVDA,2026-04-20,put,125.0,0.01,0.0,0.01,1.6875015625,50,102
2026-04-18,US67066G1040,NVDA,2026-04-20,put,130.0,0.01,0.0,0.01,1.5312523437499999,3,45
2026-04-18,US67066G1040,NVDA,2026-04-20,put,135.0,0.02,0.0,0.01,1.40625296875,20,44
2026-04-18,US67066G1040,NVDA,2026-04-20,put,140.0,0.01,0.0,0.01,1.3125034374999998,3,120
2026-04-18,US67066G1040,NVDA,2026-04-20,put,145.0,0.01,0.0,0.01,1.1875040625,4,159
2026-04-18,US67066G1040,NVDA,2026-04-20,put,150.0,0.01,0.0,0.01,1.0625046875000002,2,314
2026-04-18,US67066G1040,NVDA,2026-04-20,put,152.5,0.01,0.0,0.01,1.000005,11,557
2026-04-18,US67066G1040,NVDA,2026-04-20,put,155.0,0.01,0.0,0.01,0.937500625,2,386
2026-04-18,US67066G1040,NVDA,2026-04-20,put,157.5,0.01,0.0,0.01,0.9062509375,18,2036
2026-04-18,US67066G1040,NVDA,2026-04-20,put,160.0,0.01,0.0,0.01,0.8437515624999999,105,1020
2026-04-18,US67066G1040,NVDA,2026-04-20,put,162.5,0.01,0.0,0.02,0.8437515624999999,120,322
2026-04-18,US67066G1040,NVDA,2026-04-20,put,165.0,0.01,0.01,0.02,0.8281267187499999,26,933
2026-04-18,US67066G1040,NVDA,2026-04-20,put,167.5,0.01,0.01,0.02,0.7656273437500001,33,2192
2026-04-18,US67066G1040,NVDA,2026-04-20,put,170.0,0.01,0.0,0.02,0.6875031250000001,1727,1904
2026-04-18,US67066G1040,NVDA,2026-04-20,put,172.5,0.02,0.01,0.02,0.6562534375000001,533,979
2026-04-18,US67066G1040,NVDA,2026-04-20,put,175.0,0.02,0.01,0.02,0.6015664843750002,657,4491
2026-04-18,US67066G1040,NVDA,2026-04-20,put,177.5,0.02,0.01,0.03,0.5625043750000001,1751,805
2026-04-18,US67066G1040,NVDA,2026-04-20,put,180.0,0.02,0.02,0.03,0.523442265625,2384,2263
2026-04-18,US67066G1040,NVDA,2026-04-20,put,182.5,0.03,0.03,0.04,0.49609878906250005,923,3060
2026-04-18,US67066G1040,NVDA,2026-04-20,put,185.0,0.05,0.05,0.06,0.46484910156250003,2022,3043
2026-04-18,US67066G1040,NVDA,2026-04-20,put,187.5,0.05,0.06,0.07,0.41211525390625,1263,1464
2026-04-18,US67066G1040,NVDA,2026-04-20,put,190.0,0.08,0.08,0.09,0.3632876171875,11478,5090
2026-04-18,US67066G1040,NVDA,2026-04-20,put,192.5,0.12,0.12,0.13,0.3193427441406249,4716,2846
2026-04-18,US67066G1040,NVDA,2026-04-20,put,195.0,0.22,0.21,0.22,0.28125718749999995,12003,2942
2026-04-18,US67066G1040,NVDA,2026-04-20,put,197.5,0.43,0.42,0.44,0.25098405273437496,22953,2732
2026-04-18,US67066G1040,NVDA,2026-04-20,put,200.0,0.96,0.94,0.97,0.2309647216796875,28505,2841
2026-04-18,US67066G1040,NVDA,2026-04-20,put,205.0,3.8,3.8,3.9,0.2399978344726562,3656,129
2026-04-18,US67066G1040,NVDA,2026-04-20,put,230.0,33.15,27.1,29.95,0.7929708203125,1,1
2026-04-18,US67066G1040,NVDA,2026-04-22,call,135.0,57.52,62.0,69.75,2.858401291503906,1,2
2026-04-18,US67066G1040,NVDA,2026-04-22,call,140.0,60.4,57.0,64.75,2.657718199462891,1,1
2026-04-18,US67066G1040,NVDA,2026-04-22,call,150.0,47.94,47.0,54.75,2.2710004162597657,3,17
2026-04-18,US67066G1040,NVDA,2026-04-22,call,160.0,40.56,37.15,44.5,1.8491218481445313,1,27
2026-04-18,US67066G1040,NVDA,2026-04-22,call,162.5,37.98,34.7,42.3,1.8208016772460938,4,31
2026-04-18,US67066G1040,NVDA,2026-04-22,call,165.0,31.78,32.5,39.7,1.7109389453125,1,83
2026-04-18,US67066G1040,NVDA,2026-04-22,call,167.5,33.32,33.65,37.3,1.2475623559570312,10,5
2026-04-18,US67066G1040,NVDA,2026-04-22,call,170.0,31.54,31.25,32.95,0.8955088574218748,19,67
2026-04-18,US67066G1040,NVDA,2026-04-22,call,172.5,26.06,25.05,32.35,1.470705771484375,4,41
2026-04-18,US67066G1040,NVDA,2026-04-22,call,175.0,25.87,25.25,26.95,0.7050810742187501,69,131
2026-04-18,US67066G1040,NVDA,2026-04-22,call,177.5,24.06,23.25,24.45,0.64648791015625,402,198
2026-04-18,US67066G1040,NVDA,2026-04-22,call,180.0,21.21,21.15,21.95,0.5883830224609375,93,944
2026-04-18,US67066G1040,NVDA,2026-04-22,call,182.5,18.88,18.65,20.65,0.6001016552734376,122,249
2026-04-18,US67066G1040,NVDA,2026-04-22,call,185.0,16.72,16.65,17.0,0.4897511962890626,267,4381
2026-04-18,US67066G1040,NVDA,2026-04-22,call,187.5,13.96,13.85,14.6,0.45898978515625005,86,582
2026-04-18,US67066G1040,NVDA,2026-04-22,call,190.0,11.91,11.6,12.1,0.39502558105468755,530,1509
2026-04-18,US67066G1040,NVDA,2026-04-22,call,192.5,9.2,9.3,9.75,0.36133451171875,195,619
2026-04-18,US67066G1040,NVDA,2026-04-22,call,195.0,7.4,7.35,7.5,0.3315496533203125,1174,1649
2026-04-18,US67066G1040,NVDA,2026-04-22,call,197.5,5.34,5.3,5.45,0.3103096313476562,1298,1197
2026-04-18,US67066G1040,NVDA,2026-04-22,call,200.0,3.65,3.6,3.7,0.2963937548828125,12972,6385
2026-04-18,US67066G1040,NVDA,2026-04-22,call,202.5,2.29,2.26,2.3,0.28516339843749994,13810,2792
2026-04-18,US67066G1040,NVDA,2026-04-22,call,205.0,1.3,1.3,1.33,0.2810130493164062,16342,6550
2026-04-18,US67066G1040,NVDA,2026-04-22,call,210.0,0.37,0.37,0.38,0.2858958129882812,29046,9704
2026-04-18,US67066G1040,NVDA,2026-04-22,call,215.0,0.12,0.12,0.13,0.3154365332031249,2402,1362
2026-04-18,US67066G1040,NVDA,2026-04-22,call,220.0,0.06,0.05,0.07,0.36524072265625,3299,1045
2026-04-18,US67066G1040,NVDA,2026-04-22,call,225.0,0.04,0.03,0.04,0.4101621484375,434,180
2026-04-18,US67066G1040,NVDA,2026-04-22,put,105.0,0.02,,0.01,1.8437507812499998,3,5
2026-04-18,US67066G1040,NVDA,2026-04-22,put,110.0,0.01,0.0,0.01,1.625001875,3,4
2026-04-18,US67066G1040,NVDA,2026-04-22,put,115.0,0.02,0.0,0.01,1.5000025,,
2026-04-18,US67066G1040,NVDA,2026-04-22,put,120.0,0.01,0.0,0.01,1.3750031249999999,215,212
2026-04-18,US67066G1040,NVDA,2026-04-22,put,125.0,0.03,0.0,0.02,1.3750031249999999,5,15
2026-04-18,US67066G1040,NVDA,2026-04-22,put,130.0,0.02,0.0,0.02,1.2656286718749998,50,54
2026-04-18,US67066G1040,NVDA,2026-04-22,put,135.0,0.05,0.0,0.02,1.15625421875,28,54
2026-04-18,US67066G1040,NVDA,2026-04-22,put,140.0,0.01,0.0,0.01,1.000005,7,77
2026-04-18,US67066G1040,NVDA,2026-04-22,put,145.0,0.01,0.0,0.01,0.9062509375,13,64
2026-04-18,US67066G1040,NVDA,2026-04-22,put,150.0,0.01,0.0,0.02,0.87500125,23,145
2026-04-18,US67066G1040,NVDA,2026-04-22,put,155.0,0.02,0.01,0.02,0.8125018749999999,3,408
2026-04-18,US67066G1040,NVDA,2026-04-22,put,157.5,0.03,0.01,0.02,0.773439765625,13,19
2026-04-18,US67066G1040,NVDA,2026-04-22,put,160.0,0.02,0.01,0.03,0.7500025,77,950
2026-04-18,US67066G1040,NVDA,2026-04-22,put,162.5,0.03,0.02,0.03,0.7187528125,1,338
2026-04-18,US67066G1040,NVDA,2026-04-22,put,165.0,0.02,0.02,0.03,0.6718782812500002,314,398
2026-04-18,US67066G1040,NVDA,2026-04-22,put,167.5,0.04,0.03,0.04,0.6523472265625001,7,2108
2026-04-18,US67066G1040,NVDA,2026-04-22,put,170.0,0.05,0.04,0.05,0.6250037500000001,699,2432
2026-04-18,US67066G1040,NVDA,2026-04-22,put,172.5,0.05,0.05,0.06,0.5937540625000001,131,466
2026-04-18,US67066G1040,NVDA,2026-04-22,put,175.0,0.07,0.06,0.07,0.5585981640625001,12744,3506
2026-04-18,US67066G1040,NVDA,2026-04-22,put,177.5,0.07,0.07,0.09,0.52539537109375,101,343
2026-04-18,US67066G1040,NVDA,2026-04-22,put,180.0,0.09,0.09,0.11,0.500005,907,4735
2026-04-18,US67066G1040,NVDA,2026-04-22,put,182.5,0.11,0.11,0.12,0.45508357421875,696,1549
2026-04-18,US67066G1040,NVDA,2026-04-22,put,185.0,0.16,0.14,0.16,0.424810439453125,3257,2173
2026-04-18,US67066G1040,NVDA,2026-04-22,put,187.5,0.2,0.19,0.2,0.38672488281249995,547,1023
2026-04-18,US67066G1040,NVDA,2026-04-22,put,190.0,0.27,0.27,0.28,0.35645174804687496,2974,2037
2026-04-18,US67066G1040,NVDA,2026-04-22,put,192.5,0.44,0.42,0.44,0.33399103515625,2169,1067
2026-04-18,US67066G1040,NVDA,2026-04-22,put,195.0,0.7,0.69,0.71,0.3139717041015625,5430,1790
2026-04-18,US67066G1040,NVDA,2026-04-22,put,197.5,1.19,1.16,1.19,0.3002999658203125,2522,1799
2026-04-18,US67066G1040,NVDA,2026-04-22,put,200.0,1.91,1.92,1.95,0.28882547119140617,5205,372
2026-04-18,US67066G1040,NVDA,2026-04-22,put,202.5,3.05,3.0,3.1,0.2829661547851562,1209,176
2026-04-18,US67066G1040,NVDA,2026-04-22,put,205.0,4.65,4.55,4.7,0.2868723657226562,1437,86
2026-04-18,US67066G1040,NVDA,2026-04-22,put,210.0,8.87,8.55,8.75,0.2963937548828125,808,27
2026-04-18,US67066G1040,NVDA,2026-04-24,call,50.0,146.02,147.0,154.65,6.974610656738281,2,19
2026-04-18,US67066G1040,NVDA,2026-04-24,call,60.0,140.84,137.05,144.7,6.130861711425781,4,1
2026-04-18,US67066G1040,NVDA,2026-04-24,call,65.0,135.53,132.1,139.7,5.754885618896484,5,2
2026-04-18,US67066G1040,NVDA,2026-04-24,call,75.0,125.44,122.0,129.65,5.068851320190429,73,5
2026-04-18,US67066G1040,NVDA,2026-04-24,call,80.0,120.94,119.15,124.7,3.0156274609375,4,7
2026-04-18,US67066G1040,NVDA,2026-04-24,call,85.0,114.6,112.0,119.3,4.359867831420897,1,162
2026-04-18,US67066G1040,NVDA,2026-04-24,call,90.0,110.04,108.55,113.55,3.7968755078125005,11,246
2026-04-18,US67066G1040,NVDA,2026-04-24,call,95.0,103.75,102.25,109.7,4.0087940515136715,2,3
2026-04-18,US67066G1040,NVDA,2026-04-24,call,100.0,100.71,97.05,104.75,3.7919927075195314,1,19
2026-04-18,US67066G1040,NVDA,2026-04-24,call,105.0,95.54,92.2,99.7,3.554200333251953,4,9
2026-04-18,US67066G1040,NVDA,2026-04-24,call,110.0,91.42,89.3,93.1,2.7900420874023437,13,16
2026-04-18,US67066G1040,NVDA,2026-04-24,call,115.0,86.32,82.0,87.8,2.4868201892089847,3,31
2026-04-18,US67066G1040,NVDA,2026-04-24,call,120.0,80.06,77.0,82.85,2.3466838208007808,149,66
2026-04-18,US67066G1040,NVDA,2026-04-24,call,125.0,74.43,72.0,79.7,2.7592804455566404,10,9
2026-04-18,US67066G1040,NVDA,2026-04-24,call,130.0,70.59,67.0,73.35,2.2104536926269525,71,291
2026-04-18,US67066G1040,NVDA,2026-04-24,call,135.0,65.43,62.25,69.8,2.4272500256347658,1,136
2026-04-18,US67066G1040,NVDA,2026-04-24,call,140.0,61.4,60.85,63.4,1.4423856005859377,25,914
2026-04-18,US67066G1040,NVDA,2026-04-24,call,145.0,55.21,52.25,59.7,2.07031732421875,1,135
2026-04-18,US67066G1040,NVDA,2026-04-24,call,150.0,51.79,51.0,53.2,1.1943399658203124,15,228
2026-04-18,US67066G1040,NVDA,2026-04-24,call,152.5,42.65,45.05,52.2,1.8305672534179687,3,7
2026-04-18,US67066G1040,NVDA,2026-04-24,call,155.0,46.37,45.55,47.15,1.1049849438476564,148,315
2026-04-18,US67066G1040,NVDA,2026-04-24,call,157.5,30.55,40.1,47.2,1.6748063134765625,3,26
2026-04-18,US67066G1040,NVDA,2026-04-24,call,160.0,41.65,40.15,42.3,1.05078599609375,364,475
2026-04-18,US67066G1040,NVDA,2026-04-24,call,162.5,36.58,38.85,41.05,1.0419969775390627,5,99
2026-04-18,US67066G1040,NVDA,2026-04-24,call,165.0,36.62,35.75,39.6,1.0449266503906252,73,906
2026-04-18,US67066G1040,NVDA,2026-04-24,call,167.5,33.9,33.95,34.95,0.74414318359375,32,491
2026-04-18,US67066G1040,NVDA,2026-04-24,call,170.0,31.52,31.3,32.05,0.7377955908203124,360,3147
2026-04-18,US67066G1040,NVDA,2026-04-24,call,172.5,29.14,28.35,30.15,0.51758294921875,63,768
2026-04-18,US67066G1040,NVDA,2026-04-24,call,175.0,26.83,26.45,27.0,0.6162147753906251,757,5674
2026-04-18,US67066G1040,NVDA,2026-04-24,call,177.5,24.4,24.3,24.5,0.52539537109375,366,1156
2026-04-18,US67066G1040,NVDA,2026-04-24,call,180.0,22.0,21.85,22.0,0.514653291015625,1824,11827
2026-04-18,US67066G1040,NVDA,2026-04-24,call,182.5,19.47,19.4,20.9,0.6154823608398439,731,2180
2026-04-18,US67066G1040,NVDA,2026-04-24,call,185.0,17.05,16.95,17.1,0.4409235595703125,2166,12953
2026-04-18,US67066G1040,NVDA,2026-04-24,call,187.5,14.6,14.55,14.65,0.39893179199218753,2275,5117
2026-04-18,US67066G1040,NVDA,2026-04-24,call,190.0,12.28,12.2,12.35,0.3815979809570312,8862,26635
2026-04-18,US67066G1040,NVDA,2026-04-24,call,192.5,10.05,9.95,10.1,0.3591372680664062,1741,11484
2026-04-18,US67066G1040,NVDA,2026-04-24,call,195.0,7.9,7.85,7.95,0.3364324169921875,8065,25185
2026-04-18,US67066G1040,NVDA,2026-04-24,call,197.5,5.95,5.95,6.05,0.3244696459960937,3899,11616
2026-04-18,US67066G1040,NVDA,2026-04-24,call,200.0,4.35,4.3,4.4,0.3150703259277343,30016,39989
2026-04-18,US67066G1040,NVDA,2026-04-24,call,202.5,3.05,2.99,3.05,0.3086006640625,25354,64902
2026-04-18,US67066G1040,NVDA,2026-04-24,call,205.0,1.97,1.96,1.99,0.30225307128906254,36387,37864
2026-04-18,US67066G1040,NVDA,2026-04-24,call,210.0,0.75,0.74,0.76,0.30152065673828127,33304,22988
2026-04-18,US67066G1040,NVDA,2026-04-24,call,215.0,0.27,0.27,0.28,0.3129951513671875,7300,6577
2026-04-18,US67066G1040,NVDA,2026-04-24,call,220.0,0.12,0.12,0.13,0.34180345703125,6029,6041
2026-04-18,US67066G1040,NVDA,2026-04-24,call,225.0,0.06,0.06,0.08,0.38281867187499996,1113,4884
2026-04-18,US67066G1040,NVDA,2026-04-24,call,230.0,0.05,0.04,0.05,0.41797457031249996,2743,5897
2026-04-18,US67066G1040,NVDA,2026-04-24,call,235.0,0.02,0.02,0.03,0.44922425781249997,478,2009
2026-04-18,US67066G1040,NVDA,2026-04-24,call,240.0,0.02,0.01,0.02,0.4804739453125,404,1600
2026-04-18,US67066G1040,NVDA,2026-04-24,call,245.0,0.01,0.01,0.02,0.51562984375,5048,739
2026-04-18,US67066G1040,NVDA,2026-04-24,call,250.0,0.01,0.0,0.01,0.500005,472,3418
2026-04-18,US67066G1040,NVDA,2026-04-24,call,255.0,0.02,0.0,0.01,0.5468795312500001,1,85
2026-04-18,US67066G1040,NVDA,2026-04-24,call,260.0,0.01,0.0,0.01,0.5937540625000001,40,643
2026-04-18,US67066G1040,NVDA,2026-04-24,call,265.0,0.01,0.0,0.01,0.6250037500000001,1,265
2026-04-18,US67066G1040,NVDA,2026-04-24,call,270.0,0.01,0.0,0.01,0.6718782812500002,12,30
2026-04-18,US67066G1040,NVDA,2026-04-24,call,275.0,0.01,0.0,0.01,0.7187528125,24,28
2026-04-18,US67066G1040,NVDA,2026-04-24,call,280.0,0.01,0.0,0.01,0.7500025,1,6
2026-04-18,US67066G1040,NVDA,2026-04-24,call,285.0,0.01,0.0,0.01,0.7812521875,5,307
2026-04-18,US67066G1040,NVDA,2026-04-24,call,290.0,0.01,0.0,0.01,0.8125018749999999,,98
2026-04-18,US67066G1040,NVDA,2026-04-24,call,295.0,0.02,0.0,0.01,0.8437515624999999,1,1
2026-04-18,US67066G1040,NVDA,2026-04-24,call,300.0,0.01,0.0,0.01,0.87500125,12,46
2026-04-18,US67066G1040,NVDA,2026-04-24,call,305.0,0.01,0.0,0.01,0.9062509375,23,31
2026-04-18,US67066G1040,NVDA,2026-04-24,call,320.0,0.01,0.0,0.01,1.0312548437500002,2,1
2026-04-18,US67066G1040,NVDA,2026-04-24,call,330.0,0.01,0.0,0.01,1.0625046875000002,10,10
2026-04-18,US67066G1040,NVDA,2026-04-24,call,340.0,0.01,0.0,0.01,1.125004375,2,10
2026-04-18,US67066G1040,NVDA,2026-04-24,call,350.0,0.06,0.0,0.01,1.1875040625,,0
2026-04-18,US67066G1040,NVDA,2026-04-24,put,50.0,0.01,0.0,0.01,3.0000025,22,40
2026-04-18,US67066G1040,NVDA,2026-04-24,put,55.0,0.01,0.0,0.01,2.81250296875,1,5
2026-04-18,US67066G1040,NVDA,2026-04-24,put,60.0,0.01,0.0,0.01,2.6250034375,6,1082
2026-04-18,US67066G1040,NVDA,2026-04-24,put,65.0,0.01,0.0,0.01,2.50000375,26,416
2026-04-18,US67066G1040,NVDA,2026-04-24,put,70.0,0.01,0.0,0.01,2.3125042187499996,22,467
2026-04-18,US67066G1040,NVDA,2026-04-24,put,75.0,0.01,0.0,0.02,2.3125042187499996,2,1026
2026-04-18,US67066G1040,NVDA,2026-04-24,put,80.0,0.01,0.0,0.01,2.0625048437499998,100,1127
2026-04-18,US67066G1040,NVDA,2026-04-24,put,85.0,0.01,0.0,0.01,1.9375003125,13,80
2026-04-18,US67066G1040,NVDA,2026-04-24,put,90.0,0.01,0.0,0.01,1.8125009374999999,60,13525
2026-04-18,US67066G1040,NVDA,2026-04-24,put,95.0,0.01,0.0,0.01,1.6875015625,12,3356
2026-04-18,US67066G1040,NVDA,2026-04-24,put,100.0,0.01,0.0,0.01,1.5625021874999998,107,5298
2026-04-18,US67066G1040,NVDA,2026-04-24,put,105.0,0.01,0.0,0.02,1.5468772656249998,289,3727
2026-04-18,US67066G1040,NVDA,2026-04-24,put,110.0,0.01,0.0,0.01,1.3750031249999999,26,19905
2026-04-18,US67066G1040,NVDA,2026-04-24,put,115.0,0.01,0.0,0.01,1.2500037499999999,100,1145
2026-04-18,US67066G1040,NVDA,2026-04-24,put,120.0,0.01,0.0,0.01,1.1875040625,93,1319
2026-04-18,US67066G1040,NVDA,2026-04-24,put,125.0,0.02,0.0,0.01,1.09375453125,242,1836
2026-04-18,US67066G1040,NVDA,2026-04-24,put,130.0,0.02,0.0,0.02,1.0625046875000002,469,1467
2026-04-18,US67066G1040,NVDA,2026-04-24,put,135.0,0.01,0.0,0.02,0.98437515625,125,4423
2026-04-18,US67066G1040,NVDA,2026-04-24,put,140.0,0.01,0.01,0.03,0.9609378906249999,132,4097
2026-04-18,US67066G1040,NVDA,2026-04-24,put,145.0,0.02,0.02,0.03,0.8906260937499999,118,3036
2026-04-18,US67066G1040,NVDA,2026-04-24,put,150.0,0.03,0.02,0.03,0.8125018749999999,74,3392
2026-04-18,US67066G1040,NVDA,2026-04-24,put,152.5,0.02,0.02,0.03,0.7656273437500001,34,1985
2026-04-18,US67066G1040,NVDA,2026-04-24,put,155.0,0.03,0.03,0.04,0.7539087109375,300,14022
2026-04-18,US67066G1040,NVDA,2026-04-24,put,157.5,0.03,0.03,0.04,0.7148466015625,494,3275
2026-04-18,US67066G1040,NVDA,2026-04-24,put,160.0,0.04,0.04,0.05,0.6914093359375001,3198,6852
2026-04-18,US67066G1040,NVDA,2026-04-24,put,162.5,0.05,0.04,0.05,0.6523472265625001,1858,3464
2026-04-18,US67066G1040,NVDA,2026-04-24,put,165.0,0.05,0.05,0.06,0.6250037500000001,1836,7517
2026-04-18,US67066G1040,NVDA,2026-04-24,put,167.5,0.06,0.06,0.07,0.5976602734375001,964,4429
2026-04-18,US67066G1040,NVDA,2026-04-24,put,170.0,0.08,0.07,0.08,0.5664105859375,7287,14486
2026-04-18,US67066G1040,NVDA,2026-04-24,put,172.5,0.1,0.09,0.1,0.5419967675781252,828,6511
2026-04-18,US67066G1040,NVDA,2026-04-24,put,175.0,0.12,0.1,0.12,0.5097705273437501,3139,7793
2026-04-18,US67066G1040,NVDA,2026-04-24,put,177.5,0.13,0.13,0.14,0.485356708984375,5596,7202
2026-04-18,US67066G1040,NVDA,2026-04-24,put,180.0,0.16,0.15,0.16,0.450200810546875,4109,19246
2026-04-18,US67066G1040,NVDA,2026-04-24,put,182.5,0.19,0.19,0.2,0.42188078125,3817,64322
2026-04-18,US67066G1040,NVDA,2026-04-24,put,185.0,0.25,0.25,0.26,0.39551385742187506,8983,12904
2026-04-18,US67066G1040,NVDA,2026-04-24,put,187.5,0.34,0.34,0.35,0.3706117626953125,3775,17617
2026-04-18,US67066G1040,NVDA,2026-04-24,put,190.0,0.5,0.48,0.5,0.3501041552734374,17993,16177
2026-04-18,US67066G1040,NVDA,2026-04-24,put,192.5,0.73,0.72,0.74,0.3325262060546875,5714,5539
2026-04-18,US67066G1040,NVDA,2026-04-24,put,195.0,1.12,1.11,1.13,0.31958688232421867,11307,11172
2026-04-18,US67066G1040,NVDA,2026-04-24,put,197.5,1.71,1.71,1.72,0.30933307861328124,5555,3873
2026-04-18,US67066G1040,NVDA,2026-04-24,put,200.0,2.61,2.55,2.58,0.30225307128906254,15566,2996
2026-04-18,US67066G1040,NVDA,2026-04-24,put,202.5,3.77,3.7,3.75,0.297736514892578,8422,706
2026-04-18,US67066G1040,NVDA,2026-04-24,put,205.0,5.25,5.15,5.25,0.2963937548828125,1560,1457
2026-04-18,US67066G1040,NVDA,2026-04-24,put,210.0,9.0,8.95,9.05,0.2973703076171874,1285,149
2026-04-18,US67066G1040,NVDA,2026-04-24,put,215.0,13.55,13.5,13.6,0.3129951513671875,131,23
2026-04-18,US67066G1040,NVDA,2026-04-24,put,220.0,18.7,18.3,18.9,0.47070841796875,106,23
2026-04-18,US67066G1040,NVDA,2026-04-24,put,225.0,25.05,23.25,23.55,0.45703667968750006,2,1
2026-04-18,US67066G1040,NVDA,2026-04-24,put,230.0,28.85,28.0,30.0,0.6640658593750002,35,0
2026-04-18,US67066G1040,NVDA,2026-04-24,put,245.0,48.18,41.55,45.05,1.12109814453125,1,1
2026-04-18,US67066G1040,NVDA,2026-04-24,put,265.0,85.5,61.75,65.0,0.79687703125,,0
2026-04-18,US67066G1040,NVDA,2026-04-24,put,275.0,74.8,72.05,74.9,1.01172369140625,1,0
2026-04-18,US67066G1040,NVDA,2026-04-24,put,280.0,102.85,76.9,80.0,1.0371141894531253,,
2026-04-18,US67066G1040,NVDA,2026-04-24,put,285.0,102.7,81.9,85.05,1.109379453125,2,0
2026-04-18,US67066G1040,NVDA,2026-04-24,put,290.0,107.7,86.85,90.05,1.1308637207031251,2,0
2026-04-18,US67066G1040,NVDA,2026-04-24,put,300.0,98.75,96.9,100.05,1.2480506347656248,15,5
2026-04-18,US67066G1040,NVDA,2026-04-24,put,305.0,122.7,101.9,105.05,1.291019169921875,,0
2026-04-18,US67066G1040,NVDA,2026-05-01,call,50.0,138.34,147.0,154.45,4.8496133129882795,1,5
2026-04-18,US67066G1040,NVDA,2026-05-01,call,55.0,145.48,142.0,149.75,4.646488566894532,1,2
2026-04-18,US67066G1040,NVDA,2026-05-01,call,60.0,119.0,137.05,144.8,4.370121724853515,1,1
2026-04-18,US67066G1040,NVDA,2026-05-01,call,75.0,122.65,122.0,129.8,3.6284188977050786,4,5
2026-04-18,US67066G1040,NVDA,2026-05-01,call,80.0,118.73,117.0,124.8,3.416993645019531,4,4
2026-04-18,US67066G1040,NVDA,2026-05-01,call,90.0,111.77,107.6,114.5,2.957033857421875,28,30
2026-04-18,US67066G1040,NVDA,2026-05-01,call,95.0,73.39,102.25,109.35,2.7480500048828125,1,1
2026-04-18,US67066G1040,NVDA,2026-05-01,call,100.0,98.38,97.3,104.6,2.64697603881836,5,13
2026-04-18,US67066G1040,NVDA,2026-05-01,call,105.0,83.0,92.6,99.4,2.4462929467773433,4,7
2026-04-18,US67066G1040,NVDA,2026-05-01,call,110.0,91.44,87.6,94.6,2.3427775805664055,1,8
2026-04-18,US67066G1040,NVDA,2026-05-01,call,115.0,82.7,82.4,87.95,1.8051767553710936,2,8
2026-04-18,US67066G1040,NVDA,2026-05-01,call,120.0,79.78,77.65,83.25,1.7695324023437498,3,35
2026-04-18,US67066G1040,NVDA,2026-05-01,call,125.0,76.32,72.65,79.45,1.9052739111328125,6,53
2026-04-18,US67066G1040,NVDA,2026-05-01,call,130.0,72.14,68.5,73.4,1.57422087890625,6,140
2026-04-18,US67066G1040,NVDA,2026-05-01,call,135.0,62.6,64.25,68.15,1.4091826416015625,1,47
2026-04-18,US67066G1040,NVDA,2026-05-01,call,140.0,61.57,60.4,63.1,0.7773459765625,6,293
2026-04-18,US67066G1040,NVDA,2026-05-01,call,145.0,54.97,54.5,58.45,1.2607458837890624,3,105
2026-04-18,US67066G1040,NVDA,2026-05-01,call,150.0,51.75,51.2,52.15,0.8623060644531251,9,282
2026-04-18,US67066G1040,NVDA,2026-05-01,call,155.0,46.15,45.8,47.85,0.64062859375,12,206
2026-04-18,US67066G1040,NVDA,2026-05-01,call,160.0,41.64,41.0,42.2,0.7163114306640624,23,594
2026-04-18,US67066G1040,NVDA,2026-05-01,call,165.0,36.81,36.2,37.25,0.6499058447265625,37,915
2026-04-18,US67066G1040,NVDA,2026-05-01,call,170.0,32.06,31.9,32.2,0.5214891601562499,222,2449
2026-04-18,US67066G1040,NVDA,2026-05-01,call,175.0,27.05,27.15,27.25,0.4931691308593751,208,2901
2026-04-18,US67066G1040,NVDA,2026-05-01,call,180.0,22.37,22.3,22.4,0.44043528320312497,1369,12658
2026-04-18,US67066G1040,NVDA,2026-05-01,call,185.0,17.71,17.65,17.75,0.40430283203125,944,21140
2026-04-18,US67066G1040,NVDA,2026-05-01,call,190.0,13.3,13.25,13.4,0.3776917700195312,1739,22718
2026-04-18,US67066G1040,NVDA,2026-05-01,call,195.0,9.43,9.35,9.45,0.3532779516601562,2553,70833
2026-04-18,US67066G1040,NVDA,2026-05-01,call,200.0,6.1,6.1,6.15,0.33570000244140624,7758,18790
2026-04-18,US67066G1040,NVDA,2026-05-01,call,205.0,3.66,3.65,3.7,0.3267889587402344,7586,11055
2026-04-18,US67066G1040,NVDA,2026-05-01,call,210.0,2.0,1.98,2.01,0.319220675048828,9219,9159
2026-04-18,US67066G1040,NVDA,2026-05-01,call,215.0,1.01,1.0,1.02,0.317389638671875,4537,6585
2026-04-18,US67066G1040,NVDA,2026-05-01,call,220.0,0.51,0.51,0.53,0.32520206054687495,2778,7417
2026-04-18,US67066G1040,NVDA,2026-05-01,call,225.0,0.28,0.29,0.3,0.34058276611328125,856,2317
2026-04-18,US67066G1040,NVDA,2026-05-01,call,230.0,0.19,0.18,0.19,0.3618227880859375,3533,3424
2026-04-18,US67066G1040,NVDA,2026-05-01,call,235.0,0.12,0.12,0.13,0.3857483300781249,241,2321
2026-04-18,US67066G1040,NVDA,2026-05-01,call,240.0,0.09,0.08,0.09,0.407232490234375,78,642
2026-04-18,US67066G1040,NVDA,2026-05-01,call,245.0,0.06,0.06,0.08,0.44043528320312497,24,142
2026-04-18,US67066G1040,NVDA,2026-05-01,call,250.0,0.04,0.04,0.05,0.45313046875,73,466
2026-04-18,US67066G1040,NVDA,2026-05-01,call,255.0,0.04,0.04,0.05,0.48828636718750007,23,68
2026-04-18,US67066G1040,NVDA,2026-05-01,call,260.0,0.02,0.03,0.04,0.5039112109375,3,884
2026-04-18,US67066G1040,NVDA,2026-05-01,call,265.0,0.03,0.03,0.04,0.5351608984375,3715,238
2026-04-18,US67066G1040,NVDA,2026-05-01,call,270.0,0.02,0.01,0.03,0.5351608984375,62,36
2026-04-18,US67066G1040,NVDA,2026-05-01,call,275.0,0.02,0.01,0.02,0.5507857421875001,1100,14
2026-04-18,US67066G1040,NVDA,2026-05-01,call,280.0,0.02,0.01,0.03,0.5937540625000001,5,5
2026-04-18,US67066G1040,NVDA,2026-05-01,call,285.0,0.01,0.01,0.03,0.6250037500000001,3,250
2026-04-18,US67066G1040,NVDA,2026-05-01,call,290.0,0.02,0.01,0.02,0.632816171875,21,23
2026-04-18,US67066G1040,NVDA,2026-05-01,call,295.0,0.03,0.0,0.02,0.64062859375,,10
2026-04-18,US67066G1040,NVDA,2026-05-01,call,300.0,0.02,0.0,0.02,0.6640658593750002,20,26
2026-04-18,US67066G1040,NVDA,2026-05-01,call,310.0,0.01,0.0,0.02,0.710940390625,,90
2026-04-18,US67066G1040,NVDA,2026-05-01,call,320.0,0.01,0.0,0.02,0.7656273437500001,21,2
2026-04-18,US67066G1040,NVDA,2026-05-01,call,335.0,0.01,0.0,0.01,0.7812521875,,31
2026-04-18,US67066G1040,NVDA,2026-05-01,put,50.0,0.01,0.0,0.02,2.2500043749999996,30,34
2026-04-18,US67066G1040,NVDA,2026-05-01,put,55.0,0.02,0.0,0.02,2.1250046874999997,1,705
2026-04-18,US67066G1040,NVDA,2026-05-01,put,60.0,0.01,0.0,0.02,1.96875015625,1,279
2026-04-18,US67066G1040,NVDA,2026-05-01,put,65.0,0.02,0.0,0.02,1.8437507812499998,270,260
2026-04-18,US67066G1040,NVDA,2026-05-01,put,70.0,0.01,0.0,0.02,1.734376328125,26,18
2026-04-18,US67066G1040,NVDA,2026-05-01,put,75.0,0.01,0.0,0.02,1.625001875,5,363
2026-04-18,US67066G1040,NVDA,2026-05-01,put,80.0,0.02,0.0,0.02,1.5312523437499999,450,465
2026-04-18,US67066G1040,NVDA,2026-05-01,put,85.0,0.01,0.0,0.02,1.4375028125,12,2067
2026-04-18,US67066G1040,NVDA,2026-05-01,put,90.0,0.01,0.0,0.01,1.2500037499999999,4,7655
2026-04-18,US67066G1040,NVDA,2026-05-01,put,95.0,0.02,0.01,0.03,1.3281283593749997,20,1164
2026-04-18,US67066G1040,NVDA,2026-05-01,put,100.0,0.01,0.01,0.03,1.2421912890624998,32,6707
2026-04-18,US67066G1040,NVDA,2026-05-01,put,105.0,0.03,0.01,0.03,1.1640666796875,750,3684
2026-04-18,US67066G1040,NVDA,2026-05-01,put,110.0,0.02,0.01,0.03,1.0859420703125,190,1151
2026-04-18,US67066G1040,NVDA,2026-05-01,put,115.0,0.03,0.01,0.04,1.0312548437500002,750,3864
2026-04-18,US67066G1040,NVDA,2026-05-01,put,120.0,0.02,0.02,0.04,0.9765627343750001,1,1395
2026-04-18,US67066G1040,NVDA,2026-05-01,put,125.0,0.02,0.02,0.03,0.8906260937499999,506,1438
2026-04-18,US67066G1040,NVDA,2026-05-01,put,130.0,0.03,0.03,0.04,0.851563984375,24,2889
2026-04-18,US67066G1040,NVDA,2026-05-01,put,135.0,0.04,0.03,0.04,0.7812521875,84,1232
2026-04-18,US67066G1040,NVDA,2026-05-01,put,140.0,0.05,0.03,0.05,0.7304714453125,37,1887
2026-04-18,US67066G1040,NVDA,2026-05-01,put,145.0,0.06,0.05,0.06,0.6894562304687502,18,2522
2026-04-18,US67066G1040,NVDA,2026-05-01,put,150.0,0.06,0.06,0.07,0.63867548828125,305,68393
2026-04-18,US67066G1040,NVDA,2026-05-01,put,155.0,0.09,0.08,0.09,0.59570716796875,354,11701
2026-04-18,US67066G1040,NVDA,2026-05-01,put,160.0,0.12,0.11,0.12,0.5546919531250001,993,9667
2026-04-18,US67066G1040,NVDA,2026-05-01,put,165.0,0.14,0.14,0.15,0.506840869140625,1345,5701
2026-04-18,US67066G1040,NVDA,2026-05-01,put,170.0,0.21,0.2,0.21,0.46973186523437505,957,9532
2026-04-18,US67066G1040,NVDA,2026-05-01,put,175.0,0.28,0.28,0.3,0.43018147949218755,2126,6491
2026-04-18,US67066G1040,NVDA,2026-05-01,put,180.0,0.46,0.45,0.47,0.39649041015625003,1501,4445
2026-04-18,US67066G1040,NVDA,2026-05-01,put,185.0,0.79,0.78,0.8,0.370123486328125,4388,5305
2026-04-18,US67066G1040,NVDA,2026-05-01,put,190.0,1.4,1.38,1.41,0.34888346435546874,2934,3617
2026-04-18,US67066G1040,NVDA,2026-05-01,put,195.0,2.48,2.46,2.48,0.3320379296875,2469,11689
2026-04-18,US67066G1040,NVDA,2026-05-01,put,200.0,4.2,4.15,4.25,0.32166205688476557,3425,2427
2026-04-18,US67066G1040,NVDA,2026-05-01,put,205.0,6.83,6.7,6.8,0.31250687499999996,2203,225
2026-04-18,US67066G1040,NVDA,2026-05-01,put,210.0,10.1,10.05,10.15,0.30542686767578126,376,67
2026-04-18,US67066G1040,NVDA,2026-05-01,put,215.0,14.31,14.05,14.2,0.30249720947265624,367,24
2026-04-18,US67066G1040,NVDA,2026-05-01,put,220.0,21.29,18.6,18.75,0.3090889404296875,16,21
2026-04-18,US67066G1040,NVDA,2026-05-01,put,225.0,26.91,23.4,23.55,0.3232489550781249,1,7
2026-04-18,US67066G1040,NVDA,2026-05-01,put,230.0,29.29,27.65,29.35,0.5217332983398437,1,1
2026-04-18,US67066G1040,NVDA,2026-05-01,put,250.0,79.33,47.05,50.75,0.6596713720703126,,0
2026-04-18,US67066G1040,NVDA,2026-05-01,put,300.0,117.5,96.35,100.65,0.9003916210937499,,0
2026-04-18,US67066G1040,NVDA,2026-05-08,call,80.0,118.86,117.0,124.85,2.801272528076172,4,7
2026-04-18,US67066G1040,NVDA,2026-05-08,call,90.0,87.18,107.0,114.85,2.4873084692382816,,3
2026-04-18,US67066G1040,NVDA,2026-05-08,call,95.0,101.0,102.0,109.9,2.3532756011962883,1,3
2026-04-18,US67066G1040,NVDA,2026-05-08,call,105.0,78.88,92.0,99.9,2.087162985229491,10,14
2026-04-18,US67066G1040,NVDA,2026-05-08,call,110.0,90.23,87.0,94.95,1.9716798291015625,10,14
2026-04-18,US67066G1040,NVDA,2026-05-08,call,115.0,69.28,82.35,89.95,1.8527839392089844,3,4
2026-04-18,US67066G1040,NVDA,2026-05-08,call,120.0,68.8,77.0,85.0,1.7463391589355468,41,42
2026-04-18,US67066G1040,NVDA,2026-05-08,call,125.0,76.47,72.35,80.0,1.636232287597656,3,19
2026-04-18,US67066G1040,NVDA,2026-05-08,call,130.0,70.95,67.35,75.05,1.5366234106445313,1,27
2026-04-18,US67066G1040,NVDA,2026-05-08,call,135.0,69.65,62.05,70.05,1.43359658203125,5,5
2026-04-18,US67066G1040,NVDA,2026-05-08,call,140.0,61.4,57.05,65.1,1.3396029113769528,15,428
2026-04-18,US67066G1040,NVDA,2026-05-08,call,145.0,53.57,52.45,60.1,1.2419471496582029,5,51
2026-04-18,US67066G1040,NVDA,2026-05-08,call,150.0,51.85,49.25,55.0,0.6967803759765626,13,172
2026-04-18,US67066G1040,NVDA,2026-05-08,call,155.0,45.99,45.65,48.7,0.6440465283203125,6,130
2026-04-18,US67066G1040,NVDA,2026-05-08,call,160.0,41.3,42.0,43.0,0.6450230810546875,10,309
2026-04-18,US67066G1040,NVDA,2026-05-08,call,165.0,37.08,36.35,37.7,0.6071816625976563,5,474
2026-04-18,US67066G1040,NVDA,2026-05-08,call,170.0,32.35,32.35,32.5,0.5075732836914062,23,689
2026-04-18,US67066G1040,NVDA,2026-05-08,call,175.0,27.35,27.55,27.65,0.45972219970703126,185,744
2026-04-18,US67066G1040,NVDA,2026-05-08,call,180.0,22.9,22.9,23.0,0.4278621667480469,189,3833
2026-04-18,US67066G1040,NVDA,2026-05-08,call,185.0,18.31,18.4,18.55,0.40064075927734377,293,9867
2026-04-18,US67066G1040,NVDA,2026-05-08,call,190.0,14.3,14.25,14.35,0.3746400427246094,1676,16828
2026-04-18,US67066G1040,NVDA,2026-05-08,call,195.0,10.55,10.55,10.65,0.3580386462402344,2058,29209
2026-04-18,US67066G1040,NVDA,2026-05-08,call,200.0,7.43,7.4,7.5,0.3448551843261719,59154,9670
2026-04-18,US67066G1040,NVDA,2026-05-08,call,205.0,4.93,4.9,5.0,0.3354558642578125,5718,12500
2026-04-18,US67066G1040,NVDA,2026-05-08,call,210.0,3.05,3.05,3.1,0.32605654418945307,16052,20195
2026-04-18,US67066G1040,NVDA,2026-05-08,call,215.0,1.79,1.81,1.85,0.3227606787109374,1726,3681
2026-04-18,US67066G1040,NVDA,2026-05-08,call,220.0,1.05,1.04,1.07,0.3228827478027343,2215,1355
2026-04-18,US67066G1040,NVDA,2026-05-08,call,225.0,0.6,0.6,0.62,0.327155166015625,959,1569
2026-04-18,US67066G1040,NVDA,2026-05-08,call,230.0,0.37,0.36,0.38,0.336920693359375,596,2925
2026-04-18,US67066G1040,NVDA,2026-05-08,call,235.0,0.23,0.24,0.25,0.3505924316406249,42,405
2026-04-18,US67066G1040,NVDA,2026-05-08,call,240.0,0.18,0.17,0.18,0.36865865722656255,145,1855
2026-04-18,US67066G1040,NVDA,2026-05-08,call,245.0,0.12,0.12,0.13,0.38477177734374995,87,2420
2026-04-18,US67066G1040,NVDA,2026-05-08,call,250.0,0.1,0.1,0.11,0.40820904296875,525,2944
2026-04-18,US67066G1040,NVDA,2026-05-08,call,255.0,0.08,0.07,0.09,0.428716650390625,2,112
2026-04-18,US67066G1040,NVDA,2026-05-08,call,260.0,0.06,0.06,0.07,0.44434149414062496,20,19
2026-04-18,US67066G1040,NVDA,2026-05-08,call,265.0,0.04,0.04,0.06,0.46484910156250003,13,68
2026-04-18,US67066G1040,NVDA,2026-05-08,call,270.0,0.04,0.03,0.05,0.48242705078125003,2,6
2026-04-18,US67066G1040,NVDA,2026-05-08,call,285.0,0.03,0.01,0.03,0.507817421875,8,29
2026-04-18,US67066G1040,NVDA,2026-05-08,put,50.0,0.02,0.0,0.02,1.8437507812499998,,7
2026-04-18,US67066G1040,NVDA,2026-05-08,put,55.0,0.01,0.0,0.02,1.71875140625,8,2
2026-04-18,US67066G1040,NVDA,2026-05-08,put,60.0,0.02,0.0,0.02,1.625001875,1,3
2026-04-18,US67066G1040,NVDA,2026-05-08,put,65.0,0.01,0.0,0.02,1.5000025,22,5
2026-04-18,US67066G1040,NVDA,2026-05-08,put,70.0,0.02,0.0,0.02,1.40625296875,18,6
2026-04-18,US67066G1040,NVDA,2026-05-08,put,75.0,0.01,0.0,0.03,1.3750031249999999,17,35
2026-04-18,US67066G1040,NVDA,2026-05-08,put,80.0,0.01,0.0,0.03,1.2812535937499998,4,5
2026-04-18,US67066G1040,NVDA,2026-05-08,put,85.0,0.02,0.01,0.03,1.2343788281249999,2,24
2026-04-18,US67066G1040,NVDA,2026-05-08,put,90.0,0.01,0.01,0.03,1.15625421875,50,1450
2026-04-18,US67066G1040,NVDA,2026-05-08,put,95.0,0.01,0.01,0.04,1.109379453125,2,132
2026-04-18,US67066G1040,NVDA,2026-05-08,put,100.0,0.03,0.01,0.04,1.0390673046875003,1,3201
2026-04-18,US67066G1040,NVDA,2026-05-08,put,105.0,0.04,0.02,0.04,0.98437515625,5500,6063
2026-04-18,US67066G1040,NVDA,2026-05-08,put,110.0,0.02,0.02,0.04,0.92187578125,2733,1302
2026-04-18,US67066G1040,NVDA,2026-05-08,put,115.0,0.04,0.03,0.04,0.8710950390625,21,329
2026-04-18,US67066G1040,NVDA,2026-05-08,put,120.0,0.04,0.03,0.05,0.8203142968749999,437,1929
2026-04-18,US67066G1040,NVDA,2026-05-08,put,125.0,0.06,0.04,0.06,0.7812521875,186,620
2026-04-18,US67066G1040,NVDA,2026-05-08,put,130.0,0.06,0.05,0.07,0.7382838671874999,219,1534
2026-04-18,US67066G1040,NVDA,2026-05-08,put,135.0,0.07,0.06,0.08,0.6914093359375001,44,429
2026-04-18,US67066G1040,NVDA,2026-05-08,put,140.0,0.09,0.08,0.09,0.65039412109375,193,1237
2026-04-18,US67066G1040,NVDA,2026-05-08,put,145.0,0.11,0.1,0.11,0.6113320117187502,95,1507
2026-04-18,US67066G1040,NVDA,2026-05-08,put,150.0,0.13,0.13,0.14,0.5742230078125,178,2643
2026-04-18,US67066G1040,NVDA,2026-05-08,put,155.0,0.18,0.16,0.18,0.5361374511718751,323,1242
2026-04-18,US67066G1040,NVDA,2026-05-08,put,160.0,0.23,0.21,0.23,0.500005,305,2676
2026-04-18,US67066G1040,NVDA,2026-05-08,put,165.0,0.3,0.28,0.3,0.467778759765625,333,2018
2026-04-18,US67066G1040,NVDA,2026-05-08,put,170.0,0.4,0.4,0.41,0.43506424316406256,516,7169
2026-04-18,US67066G1040,NVDA,2026-05-08,put,175.0,0.59,0.57,0.6,0.4074766284179688,775,5806
2026-04-18,US67066G1040,NVDA,2026-05-08,put,180.0,0.9,0.89,0.9,0.3820862573242187,1654,4323
2026-04-18,US67066G1040,NVDA,2026-05-08,put,185.0,1.42,1.41,1.43,0.3635317553710938,1068,2065
2026-04-18,US67066G1040,NVDA,2026-05-08,put,190.0,2.26,2.24,2.27,0.34766277343749996,1577,8563
2026-04-18,US67066G1040,NVDA,2026-05-08,put,195.0,3.5,3.5,3.55,0.33411310424804685,10640,2937
2026-04-18,US67066G1040,NVDA,2026-05-08,put,200.0,5.35,5.35,5.4,0.3228827478027343,1896,2128
2026-04-18,US67066G1040,NVDA,2026-05-08,put,205.0,7.99,7.85,7.9,0.313483427734375,269,110
2026-04-18,US67066G1040,NVDA,2026-05-08,put,210.0,10.96,11.0,11.1,0.3073799731445312,586,214
2026-04-18,US67066G1040,NVDA,2026-05-08,put,215.0,14.9,14.75,14.9,0.30335169311523436,77,9
2026-04-18,US67066G1040,NVDA,2026-05-08,put,220.0,19.2,19.0,19.15,0.2995675512695312,21,0
2026-04-18,US67066G1040,NVDA,2026-05-15,call,2.5,195.59,195.6,202.2,0.0,1,10
2026-04-18,US67066G1040,NVDA,2026-05-15,call,5.0,171.26,193.2,199.65,11.96875251953125,1,56
2026-04-18,US67066G1040,NVDA,2026-05-15,call,15.0,185.29,184.9,188.3,5.855471430664062,20,454
2026-04-18,US67066G1040,NVDA,2026-05-15,call,20.0,176.28,178.25,184.75,5.9824243969726565,22,53
2026-04-18,US67066G1040,NVDA,2026-05-15,call,22.5,153.35,175.65,182.2,5.607424865722655,2,2
2026-04-18,US67066G1040,NVDA,2026-05-15,call,25.0,175.65,173.25,179.7,5.30566743041992,6,145
2026-04-18,US67066G1040,NVDA,2026-05-15,call,30.0,168.41,168.25,174.75,4.823246158447265,10,52
2026-04-18,US67066G1040,NVDA,2026-05-15,call,35.0,163.68,163.15,168.75,4.020512786865234,1,470
2026-04-18,US67066G1040,NVDA,2026-05-15,call,40.0,159.68,159.6,163.75,3.71093822265625,4,90
2026-04-18,US67066G1040,NVDA,2026-05-15,call,45.0,155.37,153.3,159.8,3.790039587402344,2,20
2026-04-18,US67066G1040,NVDA,2026-05-15,call,50.0,150.45,148.3,154.85,3.5439464526367184,4,67
2026-04-18,US67066G1040,NVDA,2026-05-15,call,55.0,145.39,144.65,148.75,1.5781271093749998,38,42
2026-04-18,US67066G1040,NVDA,2026-05-15,call,60.0,140.76,138.35,144.85,3.102541306152343,61,134
2026-04-18,US67066G1040,NVDA,2026-05-15,call,65.0,136.14,134.7,138.75,1.4960962695312499,22,72
2026-04-18,US67066G1040,NVDA,2026-05-15,call,70.0,131.06,128.35,134.0,2.5395544323730466,3,172
2026-04-18,US67066G1040,NVDA,2026-05-15,call,75.0,94.0,123.4,128.7,2.3154338989257806,1,69
2026-04-18,US67066G1040,NVDA,2026-05-15,call,80.0,118.23,118.4,124.85,2.425785185546875,20,68
2026-04-18,US67066G1040,NVDA,2026-05-15,call,85.0,111.5,113.45,119.95,1.0703171484375003,2,148
2026-04-18,US67066G1040,NVDA,2026-05-15,call,90.0,110.17,109.75,113.35,1.8515632421875,3,247
2026-04-18,US67066G1040,NVDA,2026-05-15,call,95.0,106.56,103.45,110.0,1.015629921875,3,52
2026-04-18,US67066G1040,NVDA,2026-05-15,call,100.0,101.6,99.9,103.3,1.6279315478515624,45,771
2026-04-18,US67066G1040,NVDA,2026-05-15,call,105.0,95.98,94.55,99.25,1.0781296093750001,30,425
2026-04-18,US67066G1040,NVDA,2026-05-15,call,110.0,89.01,89.8,93.7,0.8710950390625,8,331
2026-04-18,US67066G1040,NVDA,2026-05-15,call,115.0,84.82,83.55,90.1,0.8886729882812499,12,623
2026-04-18,US67066G1040,NVDA,2026-05-15,call,120.0,82.16,80.35,83.5,0.8906260937499999,87,524
2026-04-18,US67066G1040,NVDA,2026-05-15,call,125.0,75.51,73.6,77.6,1.041508698730469,4,376
2026-04-18,US67066G1040,NVDA,2026-05-15,call,130.0,71.75,71.25,72.95,0.8369156933593749,239,5353
2026-04-18,US67066G1040,NVDA,2026-05-15,call,135.0,66.8,65.4,67.5,0.8774426318359375,323,2750
2026-04-18,US67066G1040,NVDA,2026-05-15,call,140.0,61.72,61.8,62.65,0.7480493945312501,107,21661
2026-04-18,US67066G1040,NVDA,2026-05-15,call,145.0,55.91,56.8,58.05,0.7304714453125,40,2507
2026-04-18,US67066G1040,NVDA,2026-05-15,call,150.0,52.35,51.9,52.75,0.6481968774414062,377,8482
2026-04-18,US67066G1040,NVDA,2026-05-15,call,155.0,47.15,47.15,48.1,0.6394079028320312,97,1539
2026-04-18,US67066G1040,NVDA,2026-05-15,call,160.0,42.27,41.6,42.6,0.5734905932617188,278,7867
2026-04-18,US67066G1040,NVDA,2026-05-15,call,165.0,37.33,37.55,37.65,0.5124560473632812,123,3052
2026-04-18,US67066G1040,NVDA,2026-05-15,call,170.0,32.7,32.7,32.85,0.48169463623046876,604,11212
2026-04-18,US67066G1040,NVDA,2026-05-15,call,175.0,28.12,28.0,28.1,0.4437311486816406,681,16109
2026-04-18,US67066G1040,NVDA,2026-05-15,call,180.0,23.5,23.45,23.55,0.4157773266601562,2304,40398
2026-04-18,US67066G1040,NVDA,2026-05-15,call,185.0,19.13,19.1,19.2,0.39063109375,3059,34596
2026-04-18,US67066G1040,NVDA,2026-05-15,call,190.0,15.14,15.1,15.2,0.372076591796875,11110,62113
2026-04-18,US67066G1040,NVDA,2026-05-15,call,195.0,11.5,11.5,11.6,0.35645174804687496,14654,78735
2026-04-18,US67066G1040,NVDA,2026-05-15,call,200.0,8.45,8.4,8.5,0.34393966613769533,31041,136987
2026-04-18,US67066G1040,NVDA,2026-05-15,call,205.0,5.88,5.9,5.95,0.3336248278808594,10639,42556
2026-04-18,US67066G1040,NVDA,2026-05-15,call,210.0,3.95,3.9,4.0,0.32684999328613284,20241,70861
2026-04-18,US67066G1040,NVDA,2026-05-15,call,215.0,2.53,2.53,2.55,0.3205634350585937,19175,29793
2026-04-18,US67066G1040,NVDA,2026-05-15,call,220.0,1.59,1.57,1.6,0.319220675048828,10832,29377
2026-04-18,US67066G1040,NVDA,2026-05-15,call,225.0,0.96,0.96,0.98,0.3194648132324218,2889,6570
2026-04-18,US67066G1040,NVDA,2026-05-15,call,230.0,0.59,0.6,0.61,0.32349309326171866,2566,26466
2026-04-18,US67066G1040,NVDA,2026-05-15,call,235.0,0.38,0.39,0.4,0.3320379296875,206,1356
2026-04-18,US67066G1040,NVDA,2026-05-15,call,240.0,0.26,0.27,0.28,0.3437565625,1484,17971
2026-04-18,US67066G1040,NVDA,2026-05-15,call,245.0,0.21,0.2,0.21,0.3588931298828125,47,6331
2026-04-18,US67066G1040,NVDA,2026-05-15,call,250.0,0.15,0.15,0.16,0.37305314453125,1425,17797
2026-04-18,US67066G1040,NVDA,2026-05-15,call,255.0,0.11,0.12,0.13,0.39014281738281253,343,611
2026-04-18,US67066G1040,NVDA,2026-05-15,call,260.0,0.1,0.09,0.11,0.40820904296875,241,12003
2026-04-18,US67066G1040,NVDA,2026-05-15,call,265.0,0.08,0.07,0.09,0.422857333984375,582,270
2026-04-18,US67066G1040,NVDA,2026-05-15,call,270.0,0.06,0.06,0.08,0.4414118359375,403,10864
2026-04-18,US67066G1040,NVDA,2026-05-15,call,275.0,0.06,0.05,0.07,0.45703667968750006,9,854
2026-04-18,US67066G1040,NVDA,2026-05-15,call,280.0,0.04,0.04,0.05,0.46289599609375004,87,5933
2026-04-18,US67066G1040,NVDA,2026-05-15,call,285.0,0.04,0.03,0.05,0.48438015625,6,40
2026-04-18,US67066G1040,NVDA,2026-05-15,call,290.0,0.03,0.03,0.05,0.50586431640625,46,4124
2026-04-18,US67066G1040,NVDA,2026-05-15,call,295.0,0.03,0.02,0.04,0.500005,200,253
2026-04-18,US67066G1040,NVDA,2026-05-15,call,300.0,0.02,0.02,0.03,0.507817421875,56,5039
2026-04-18,US67066G1040,NVDA,2026-05-15,call,305.0,0.02,0.01,0.03,0.51562984375,1,1520
2026-04-18,US67066G1040,NVDA,2026-05-15,call,310.0,0.02,0.01,0.03,0.5351608984375,503,5688
2026-04-18,US67066G1040,NVDA,2026-05-15,call,320.0,0.01,0.01,0.02,0.5546919531250001,2,5277
2026-04-18,US67066G1040,NVDA,2026-05-15,call,330.0,0.02,0.0,0.02,0.570316796875,44,1787
2026-04-18,US67066G1040,NVDA,2026-05-15,call,335.0,0.01,0.0,0.02,0.585941640625,1,21
2026-04-18,US67066G1040,NVDA,2026-05-15,call,340.0,0.01,0.0,0.01,0.5625043750000001,111,2322
2026-04-18,US67066G1040,NVDA,2026-05-15,call,350.0,0.01,0.0,0.02,0.632816171875,55,6561
2026-04-18,US67066G1040,NVDA,2026-05-15,call,360.0,0.01,0.0,0.02,0.6562534375000001,1,1750
2026-04-18,US67066G1040,NVDA,2026-05-15,call,370.0,0.01,0.0,0.02,0.6875031250000001,7,1180
2026-04-18,US67066G1040,NVDA,2026-05-15,call,380.0,0.01,0.0,0.02,0.7187528125,25,2377
2026-04-18,US67066G1040,NVDA,2026-05-15,call,390.0,0.01,0.0,0.01,0.70312796875,1,1347
2026-04-18,US67066G1040,NVDA,2026-05-15,call,400.0,0.01,0.0,0.01,0.7187528125,10,3604
2026-04-18,US67066G1040,NVDA,2026-05-15,call,410.0,0.01,0.0,0.01,0.7500025,10,3873
2026-04-18,US67066G1040,NVDA,2026-05-15,call,420.0,0.01,0.0,0.01,0.7812521875,1,4507
2026-04-18,US67066G1040,NVDA,2026-05-15,put,2.5,0.01,0.0,0.01,5.000003749999999,1,33
2026-04-18,US67066G1040,NVDA,2026-05-15,put,5.0,0.02,0.0,0.01,4.12500484375,1,421
2026-04-18,US67066G1040,NVDA,2026-05-15,put,10.0,0.01,0.0,0.02,3.50000125,2,14
2026-04-18,US67066G1040,NVDA,2026-05-15,put,12.5,0.01,0.0,0.01,3.0000025,1,1
2026-04-18,US67066G1040,NVDA,2026-05-15,put,15.0,0.01,0.0,0.02,3.0000025,1,711
2026-04-18,US67066G1040,NVDA,2026-05-15,put,17.5,0.01,0.0,0.01,2.6250034375,405,495
2026-04-18,US67066G1040,NVDA,2026-05-15,put,20.0,0.01,0.0,0.01,2.50000375,16,3342
2026-04-18,US67066G1040,NVDA,2026-05-15,put,22.5,0.01,0.0,0.01,2.3750040624999995,73,73
2026-04-18,US67066G1040,NVDA,2026-05-15,put,25.0,0.01,0.0,0.0,0.500005,208,0
2026-04-18,US67066G1040,NVDA,2026-05-15,put,30.0,0.01,0.0,0.01,2.0625048437499998,1,5038
2026-04-18,US67066G1040,NVDA,2026-05-15,put,35.0,0.01,0.0,0.01,1.875000625,2,5662
2026-04-18,US67066G1040,NVDA,2026-05-15,put,40.0,0.01,0.0,0.01,1.75000125,10,6284
2026-04-18,US67066G1040,NVDA,2026-05-15,put,45.0,0.01,0.0,0.01,1.625001875,1,6860
2026-04-18,US67066G1040,NVDA,2026-05-15,put,50.0,0.01,0.0,0.01,1.5000025,1,1700
2026-04-18,US67066G1040,NVDA,2026-05-15,put,55.0,0.01,0.0,0.02,1.5000025,70,859
2026-04-18,US67066G1040,NVDA,2026-05-15,put,60.0,0.01,0.0,0.02,1.40625296875,5,602
2026-04-18,US67066G1040,NVDA,2026-05-15,put,65.0,0.01,0.01,0.02,1.359378203125,5,453
2026-04-18,US67066G1040,NVDA,2026-05-15,put,70.0,0.02,0.0,0.02,1.21875390625,8,681
2026-04-18,US67066G1040,NVDA,2026-05-15,put,75.0,0.03,0.01,0.02,1.1875040625,1,2272
2026-04-18,US67066G1040,NVDA,2026-05-15,put,80.0,0.02,0.01,0.03,1.140629296875,11,2215
2026-04-18,US67066G1040,NVDA,2026-05-15,put,85.0,0.03,0.01,0.04,1.09375453125,60,2558
2026-04-18,US67066G1040,NVDA,2026-05-15,put,90.0,0.03,0.02,0.04,1.0429735351562504,224,12434
2026-04-18,US67066G1040,NVDA,2026-05-15,put,95.0,0.03,0.02,0.05,0.992187578125,20,9206
2026-04-18,US67066G1040,NVDA,2026-05-15,put,100.0,0.03,0.03,0.04,0.929688203125,863,17086
2026-04-18,US67066G1040,NVDA,2026-05-15,put,105.0,0.05,0.04,0.05,0.8906260937499999,12859,9132
2026-04-18,US67066G1040,NVDA,2026-05-15,put,110.0,0.05,0.04,0.06,0.8398453515625,2053,10174
2026-04-18,US67066G1040,NVDA,2026-05-15,put,115.0,0.05,0.05,0.06,0.7929708203125,17,3170
2026-04-18,US67066G1040,NVDA,2026-05-15,put,120.0,0.06,0.06,0.07,0.7500025,2237,16415
2026-04-18,US67066G1040,NVDA,2026-05-15,put,125.0,0.07,0.07,0.09,0.7128934960937501,412,6726
2026-04-18,US67066G1040,NVDA,2026-05-15,put,130.0,0.09,0.09,0.1,0.6738313867187502,250,15385
2026-04-18,US67066G1040,NVDA,2026-05-15,put,135.0,0.11,0.11,0.12,0.637698935546875,376,22836
2026-04-18,US67066G1040,NVDA,2026-05-15,put,140.0,0.15,0.14,0.15,0.6044961425781252,941,46035
2026-04-18,US67066G1040,NVDA,2026-05-15,put,145.0,0.18,0.17,0.19,0.570316796875,689,24994
2026-04-18,US67066G1040,NVDA,2026-05-15,put,150.0,0.22,0.22,0.23,0.5371140039062501,7845,44127
2026-04-18,US67066G1040,NVDA,2026-05-15,put,155.0,0.28,0.27,0.29,0.5034229345703125,788,30171
2026-04-18,US67066G1040,NVDA,2026-05-15,put,160.0,0.35,0.35,0.36,0.4721732470703125,1676,45997
2026-04-18,US67066G1040,NVDA,2026-05-15,put,165.0,0.47,0.46,0.48,0.44360907958984375,8176,25892
2026-04-18,US67066G1040,NVDA,2026-05-15,put,170.0,0.63,0.62,0.64,0.4145566357421875,3176,34985
2026-04-18,US67066G1040,NVDA,2026-05-15,put,175.0,0.89,0.89,0.91,0.39160764648437496,3602,39658
2026-04-18,US67066G1040,NVDA,2026-05-15,put,180.0,1.31,1.3,1.33,0.3715883154296875,11356,56188
2026-04-18,US67066G1040,NVDA,2026-05-15,put,185.0,1.97,1.95,1.98,0.35474278076171867,5966,24166
2026-04-18,US67066G1040,NVDA,2026-05-15,put,190.0,2.93,2.93,2.96,0.34107104248046877,6738,17472
2026-04-18,US67066G1040,NVDA,2026-05-15,put,195.0,4.34,4.3,4.4,0.33130551513671874,3215,12994
2026-04-18,US67066G1040,NVDA,2026-05-15,put,200.0,6.17,6.2,6.3,0.32044136596679684,7001,9768
2026-04-18,US67066G1040,NVDA,2026-05-15,put,205.0,8.67,8.65,8.75,0.31012652770996096,543,1407
2026-04-18,US67066G1040,NVDA,2026-05-15,put,210.0,11.76,11.7,11.85,0.3039010040283203,1093,2943
2026-04-18,US67066G1040,NVDA,2026-05-15,put,215.0,15.39,15.3,15.45,0.2963937548828125,1577,683
2026-04-18,US67066G1040,NVDA,2026-05-15,put,220.0,19.62,19.4,19.55,0.2923654748535155,401,690
2026-04-18,US67066G1040,NVDA,2026-05-15,put,225.0,24.9,23.85,24.0,0.29004616210937495,16,19
2026-04-18,US67066G1040,NVDA,2026-05-15,put,230.0,28.77,28.5,28.65,0.2836985693359374,20,56
2026-04-18,US67066G1040,NVDA,2026-05-15,put,235.0,34.0,33.4,33.5,0.2876047802734374,51,27
2026-04-18,US67066G1040,NVDA,2026-05-15,put,240.0,38.84,37.55,39.4,0.4572808178710938,2,2
2026-04-18,US67066G1040,NVDA,2026-05-15,put,245.0,68.3,41.95,45.7,0.6149940844726562,,0
2026-04-18,US67066G1040,NVDA,2026-05-15,put,250.0,49.5,46.95,50.35,0.6278113391113282,3,1
2026-04-18,US67066G1040,NVDA,2026-05-15,put,255.0,55.58,51.35,55.6,0.6892120922851563,2,0
2026-04-18,US67066G1040,NVDA,2026-05-15,put,260.0,81.45,56.2,60.6,0.7280300634765625,1,1
2026-04-18,US67066G1040,NVDA,2026-05-15,put,265.0,69.3,61.2,65.6,0.7656273437500001,1,0
2026-04-18,US67066G1040,NVDA,2026-05-15,put,270.0,74.28,66.35,70.6,0.8017597949218749,1,2
2026-04-18,US67066G1040,NVDA,2026-05-15,put,275.0,105.25,71.2,75.6,0.8369156933593749,1,0
2026-04-18,US67066G1040,NVDA,2026-05-15,put,280.0,110.23,76.25,80.6,0.50586431640625,1,1
2026-04-18,US67066G1040,NVDA,2026-05-15,put,290.0,106.95,86.35,90.6,0.579105771484375,2,0
2026-04-18,US67066G1040,NVDA,2026-05-15,put,295.0,116.5,91.35,95.6,0.6025430371093752,,0
2026-04-18,US67066G1040,NVDA,2026-05-15,put,300.0,110.6,0.0,0.0,1.0000000000000003e-05,2,0
2026-04-18,US67066G1040,NVDA,2026-05-15,put,310.0,100.0,127.15,130.05,2.164555369873047,24,0
2026-04-18,US67066G1040,NVDA,2026-05-15,put,320.0,114.4,137.15,140.05,2.2383466893005366,34,0
2026-04-18,US67066G1040,NVDA,2026-05-15,put,330.0,125.5,147.3,149.9,2.3084759085083006,2,0
2026-04-18,US67066G1040,NVDA,2026-05-15,put,340.0,129.85,157.15,159.9,2.3717081723022453,14,0
2026-04-18,US67066G1040,NVDA,2026-05-15,put,365.0,175.82,161.3,165.6,0.860352958984375,,
2026-04-18,US67066G1040,NVDA,2026-05-15,put,370.0,189.3,181.15,183.9,2.2359663241577143,,0
2026-04-18,US67066G1040,NVDA,2026-05-15,put,380.0,195.67,191.2,193.9,2.291630247497558,,0
2026-04-18,US67066G1040,NVDA,2026-05-15,put,390.0,214.17,186.35,190.6,0.9599613378906249,1,0
2026-04-18,US67066G1040,NVDA,2026-05-15,put,400.0,211.1,196.35,200.6,0.991211025390625,1,1
2026-04-18,US67066G1040,NVDA,2026-05-15,put,410.0,215.92,0.0,0.0,1.0000000000000003e-05,1,0
2026-04-18,US67066G1040,NVDA,2026-05-15,put,420.0,232.5,228.45,231.0,2.319584279174804,,0
2026-04-18,US67066G1040,NVDA,2026-05-22,call,85.0,98.29,112.05,120.0,2.068852484130859,,20
2026-04-18,US67066G1040,NVDA,2026-05-22,call,90.0,111.35,107.05,115.0,1.949707282714844,10,10
2026-04-18,US67066G1040,NVDA,2026-05-22,call,115.0,82.85,82.2,90.15,1.4589870800781248,1,14
2026-04-18,US67066G1040,NVDA,2026-05-22,call,120.0,73.7,77.25,85.25,1.3808624707031247,1,2
2026-04-18,US67066G1040,NVDA,2026-05-22,call,125.0,76.06,72.6,80.3,1.2995640490722655,5,16
2026-04-18,US67066G1040,NVDA,2026-05-22,call,130.0,71.71,67.35,74.9,1.1745646740722657,5,30
2026-04-18,US67066G1040,NVDA,2026-05-22,call,135.0,66.59,62.8,69.95,1.1005904345703126,8,60
2026-04-18,US67066G1040,NVDA,2026-05-22,call,140.0,61.65,57.45,65.15,1.0422411169433596,5,90
2026-04-18,US67066G1040,NVDA,2026-05-22,call,145.0,55.49,56.55,58.4,0.6621127539062501,1,12
2026-04-18,US67066G1040,NVDA,2026-05-22,call,150.0,52.67,51.85,53.4,0.6286658227539064,16,12
2026-04-18,US67066G1040,NVDA,2026-05-22,call,155.0,47.24,46.95,48.5,0.5854533642578125,24,112
2026-04-18,US67066G1040,NVDA,2026-05-22,call,160.0,42.84,42.9,43.1,0.5607954077148438,21,316
2026-04-18,US67066G1040,NVDA,2026-05-22,call,165.0,37.7,38.2,38.4,0.5319871020507813,12,707
2026-04-18,US67066G1040,NVDA,2026-05-22,call,170.0,33.4,33.6,33.75,0.5035450036621094,33,798
2026-04-18,US67066G1040,NVDA,2026-05-22,call,175.0,29.2,29.15,29.3,0.4859670544433594,319,1369
2026-04-18,US67066G1040,NVDA,2026-05-22,call,180.0,24.83,24.9,25.1,0.4688773815917969,670,1533
2026-04-18,US67066G1040,NVDA,2026-05-22,call,185.0,20.95,20.9,21.1,0.4513604669189454,966,3450
2026-04-18,US67066G1040,NVDA,2026-05-22,call,190.0,17.24,17.25,17.4,0.4363459686279296,2287,7931
2026-04-18,US67066G1040,NVDA,2026-05-22,call,195.0,13.97,13.9,14.05,0.4234676794433594,1808,4093
2026-04-18,US67066G1040,NVDA,2026-05-22,call,200.0,11.08,10.95,11.1,0.4128476684570312,6386,10987
2026-04-18,US67066G1040,NVDA,2026-05-22,call,205.0,8.52,8.45,8.6,0.405279384765625,3025,7790
2026-04-18,US67066G1040,NVDA,2026-05-22,call,210.0,6.4,6.35,6.5,0.39826041198730466,1703,5448
2026-04-18,US67066G1040,NVDA,2026-05-22,call,215.0,4.66,4.65,4.8,0.3924621301269531,1415,6552
2026-04-18,US67066G1040,NVDA,2026-05-22,call,220.0,3.4,3.35,3.45,0.3869690209960937,1708,6128
2026-04-18,US67066G1040,NVDA,2026-05-22,call,225.0,2.4,2.4,2.49,0.38635867553710934,836,2763
2026-04-18,US67066G1040,NVDA,2026-05-22,call,230.0,1.7,1.68,1.73,0.3834290173339844,1074,2854
2026-04-18,US67066G1040,NVDA,2026-05-22,call,235.0,1.16,1.16,1.2,0.38281867187499996,606,885
2026-04-18,US67066G1040,NVDA,2026-05-22,call,240.0,0.8,0.8,0.84,0.38477177734374995,539,1457
2026-04-18,US67066G1040,NVDA,2026-05-22,call,245.0,0.57,0.57,0.6,0.3891662646484375,430,293
2026-04-18,US67066G1040,NVDA,2026-05-22,call,250.0,0.41,0.41,0.44,0.39551385742187506,367,605
2026-04-18,US67066G1040,NVDA,2026-05-22,call,255.0,0.31,0.31,0.33,0.40332627929687503,30,231
2026-04-18,US67066G1040,NVDA,2026-05-22,call,260.0,0.23,0.22,0.26,0.41358008300781246,69,35
2026-04-18,US67066G1040,NVDA,2026-05-22,call,265.0,0.18,0.17,0.21,0.424810439453125,12,7
2026-04-18,US67066G1040,NVDA,2026-05-22,call,275.0,0.13,0.11,0.14,0.446294599609375,14,1233
2026-04-18,US67066G1040,NVDA,2026-05-22,call,280.0,0.12,0.09,0.13,0.463872548828125,70,70
2026-04-18,US67066G1040,NVDA,2026-05-22,call,285.0,0.11,0.07,0.11,0.47461462890625,7,10
2026-04-18,US67066G1040,NVDA,2026-05-22,call,295.0,0.05,0.05,0.09,0.5019581054687501,,28
2026-04-18,US67066G1040,NVDA,2026-05-22,call,350.0,0.01,0.0,0.05,0.6093789062500001,18,22
2026-04-18,US67066G1040,NVDA,2026-05-22,put,50.0,0.01,0.0,0.04,1.5156274218749999,200,3
2026-04-18,US67066G1040,NVDA,2026-05-22,put,60.0,0.04,0.01,0.05,1.3750031249999999,,9
2026-04-18,US67066G1040,NVDA,2026-05-22,put,65.0,0.02,0.01,0.05,1.2890660546875,864,1
2026-04-18,US67066G1040,NVDA,2026-05-22,put,75.0,0.02,0.02,0.06,1.1640666796875,2,32
2026-04-18,US67066G1040,NVDA,2026-05-22,put,80.0,0.07,0.02,0.06,1.09375453125,,3
2026-04-18,US67066G1040,NVDA,2026-05-22,put,90.0,0.03,0.03,0.07,0.9804689453125001,55,1
2026-04-18,US67066G1040,NVDA,2026-05-22,put,95.0,0.15,0.04,0.07,0.929688203125,,1
2026-04-18,US67066G1040,NVDA,2026-05-22,put,100.0,0.04,0.04,0.08,0.8789074609374999,31,375
2026-04-18,US67066G1040,NVDA,2026-05-22,put,105.0,0.09,0.05,0.08,0.8281267187499999,3,7
2026-04-18,US67066G1040,NVDA,2026-05-22,put,110.0,0.08,0.06,0.09,0.78711150390625,3,47
2026-04-18,US67066G1040,NVDA,2026-05-22,put,115.0,0.08,0.07,0.1,0.74414318359375,7,132
2026-04-18,US67066G1040,NVDA,2026-05-22,put,120.0,0.11,0.08,0.12,0.7070341796875,41,690
2026-04-18,US67066G1040,NVDA,2026-05-22,put,125.0,0.13,0.1,0.14,0.6718782812500002,62,104
2026-04-18,US67066G1040,NVDA,2026-05-22,put,130.0,0.14,0.15,0.17,0.64648791015625,55,169
2026-04-18,US67066G1040,NVDA,2026-05-22,put,135.0,0.2,0.18,0.21,0.6132851171875001,27,165
2026-04-18,US67066G1040,NVDA,2026-05-22,put,140.0,0.25,0.23,0.27,0.585941640625,211,446
2026-04-18,US67066G1040,NVDA,2026-05-22,put,145.0,0.35,0.31,0.35,0.561527822265625,51,490
2026-04-18,US67066G1040,NVDA,2026-05-22,put,150.0,0.42,0.4,0.44,0.534184345703125,246,1031
2026-04-18,US67066G1040,NVDA,2026-05-22,put,155.0,0.56,0.53,0.57,0.5097705273437501,225,1167
2026-04-18,US67066G1040,NVDA,2026-05-22,put,160.0,0.75,0.73,0.76,0.49121602539062503,273,1298
2026-04-18,US67066G1040,NVDA,2026-05-22,put,165.0,1.0,0.98,1.03,0.4714408325195312,428,1979
2026-04-18,US67066G1040,NVDA,2026-05-22,put,170.0,1.37,1.35,1.4,0.45288633056640626,750,3797
2026-04-18,US67066G1040,NVDA,2026-05-22,put,175.0,1.91,1.87,1.93,0.43726148681640625,522,4907
2026-04-18,US67066G1040,NVDA,2026-05-22,put,180.0,2.64,2.62,2.67,0.42407802490234375,760,4528
2026-04-18,US67066G1040,NVDA,2026-05-22,put,185.0,3.71,3.6,3.7,0.4141904284667969,635,5219
2026-04-18,US67066G1040,NVDA,2026-05-22,put,190.0,4.9,4.9,5.0,0.40332627929687503,603,2638
2026-04-18,US67066G1040,NVDA,2026-05-22,put,195.0,6.65,6.55,6.65,0.3930724755859375,227,1853
2026-04-18,US67066G1040,NVDA,2026-05-22,put,200.0,8.66,8.6,8.75,0.38587039916992183,365,955
2026-04-18,US67066G1040,NVDA,2026-05-22,put,205.0,11.33,11.05,11.2,0.3763490100097656,123,393
2026-04-18,US67066G1040,NVDA,2026-05-22,put,210.0,14.05,13.95,14.1,0.36829244995117194,164,161
2026-04-18,US67066G1040,NVDA,2026-05-22,put,215.0,17.35,17.25,17.45,0.36225002990722655,25,17
2026-04-18,US67066G1040,NVDA,2026-05-22,put,220.0,21.0,20.95,21.15,0.35535312622070303,32,112
2026-04-18,US67066G1040,NVDA,2026-05-22,put,225.0,25.64,25.0,25.2,0.34961587890624996,2,22
2026-04-18,US67066G1040,NVDA,2026-05-22,put,230.0,41.6,29.3,29.5,0.3425358715820312,,8
2026-04-18,US67066G1040,NVDA,2026-05-22,put,235.0,40.6,33.8,34.0,0.3327703442382813,1,2
2026-04-18,US67066G1040,NVDA,2026-05-29,call,125.0,76.16,72.85,80.45,1.200687590332031,5,7
2026-04-18,US67066G1040,NVDA,2026-05-29,call,130.0,71.64,67.5,75.2,1.1005904345703126,1,8
2026-04-18,US67066G1040,NVDA,2026-05-29,call,135.0,64.55,63.6,68.45,0.8508315698242188,4,8
2026-04-18,US67066G1040,NVDA,2026-05-29,call,140.0,61.83,61.65,63.35,0.6616244775390626,13,2
2026-04-18,US67066G1040,NVDA,2026-05-29,call,145.0,51.02,56.75,58.6,0.6342810009765626,30,31
2026-04-18,US67066G1040,NVDA,2026-05-29,call,150.0,52.6,52.1,54.2,0.6373327282714845,131,8
2026-04-18,US67066G1040,NVDA,2026-05-29,call,160.0,43.35,43.25,43.45,0.5451705639648439,13,92
2026-04-18,US67066G1040,NVDA,2026-05-29,call,165.0,37.44,38.55,38.8,0.5162401892089843,4,553
2026-04-18,US67066G1040,NVDA,2026-05-29,call,170.0,34.07,34.05,34.25,0.4996387927246094,833,1221
2026-04-18,US67066G1040,NVDA,2026-05-29,call,175.0,29.47,29.65,29.85,0.4764456652832031,546,710
2026-04-18,US67066G1040,NVDA,2026-05-29,call,180.0,25.4,25.45,25.7,0.45905081970214845,253,718
2026-04-18,US67066G1040,NVDA,2026-05-29,call,185.0,21.44,21.55,21.75,0.4417780432128906,690,944
2026-04-18,US67066G1040,NVDA,2026-05-29,call,190.0,18.05,17.9,18.1,0.42737389038085943,1297,1878
2026-04-18,US67066G1040,NVDA,2026-05-29,call,195.0,14.7,14.65,14.75,0.41358008300781246,986,1630
2026-04-18,US67066G1040,NVDA,2026-05-29,call,200.0,11.8,11.7,11.85,0.4046080047607422,2096,50064
2026-04-18,US67066G1040,NVDA,2026-05-29,call,205.0,9.25,9.2,9.3,0.39563592651367196,1488,2336
2026-04-18,US67066G1040,NVDA,2026-05-29,call,210.0,7.1,7.1,7.2,0.39002074829101563,854,3310
2026-04-18,US67066G1040,NVDA,2026-05-29,call,215.0,5.35,5.3,5.45,0.38458867370605465,1605,2097
2026-04-18,US67066G1040,NVDA,2026-05-29,call,220.0,3.95,3.9,4.05,0.38019418640136715,2355,2204
2026-04-18,US67066G1040,NVDA,2026-05-29,call,225.0,2.9,2.88,2.92,0.3748841809082031,564,49091
2026-04-18,US67066G1040,NVDA,2026-05-29,call,230.0,2.07,2.07,2.12,0.3737855590820312,623,3572
2026-04-18,US67066G1040,NVDA,2026-05-29,call,235.0,1.43,1.48,1.54,0.3746400427246094,145,280
2026-04-18,US67066G1040,NVDA,2026-05-29,call,240.0,1.08,1.06,1.12,0.3767152172851562,707,1899
2026-04-18,US67066G1040,NVDA,2026-05-29,call,245.0,0.71,0.75,0.81,0.3789124609375,48,283
2026-04-18,US67066G1040,NVDA,2026-05-29,call,250.0,0.59,0.56,0.59,0.3820862573242187,1200,1033
2026-04-18,US67066G1040,NVDA,2026-05-29,call,255.0,0.43,0.42,0.45,0.38867798828125,19,47
2026-04-18,US67066G1040,NVDA,2026-05-29,call,260.0,0.31,0.3,0.34,0.39453730468750003,23,283
2026-04-18,US67066G1040,NVDA,2026-05-29,call,265.0,0.26,0.24,0.28,0.405279384765625,51,38
2026-04-18,US67066G1040,NVDA,2026-05-29,call,270.0,0.2,0.2,0.23,0.415044912109375,4,99
2026-04-18,US67066G1040,NVDA,2026-05-29,call,275.0,0.17,0.15,0.19,0.424810439453125,43,49
2026-04-18,US67066G1040,NVDA,2026-05-29,call,280.0,0.14,0.13,0.17,0.43848217773437503,3,177
2026-04-18,US67066G1040,NVDA,2026-05-29,call,300.0,0.08,0.06,0.1,0.48242705078125003,44,36
2026-04-18,US67066G1040,NVDA,2026-05-29,put,95.0,0.07,0.04,0.08,0.8554701953125,,4
2026-04-18,US67066G1040,NVDA,2026-05-29,put,110.0,0.1,0.07,0.11,0.73437765625,5,75
2026-04-18,US67066G1040,NVDA,2026-05-29,put,115.0,0.1,0.1,0.12,0.70117486328125,3,29
2026-04-18,US67066G1040,NVDA,2026-05-29,put,120.0,0.14,0.12,0.16,0.6738313867187502,4,347
2026-04-18,US67066G1040,NVDA,2026-05-29,put,125.0,0.17,0.15,0.19,0.6425816992187501,3,46
2026-04-18,US67066G1040,NVDA,2026-05-29,put,130.0,0.2,0.2,0.24,0.6171913281250001,5,666
2026-04-18,US67066G1040,NVDA,2026-05-29,put,135.0,0.31,0.25,0.3,0.5898478515625001,2,83
2026-04-18,US67066G1040,NVDA,2026-05-29,put,140.0,0.35,0.34,0.37,0.5664105859375,66,176
2026-04-18,US67066G1040,NVDA,2026-05-29,put,145.0,0.42,0.42,0.46,0.5390671093750001,65,173
2026-04-18,US67066G1040,NVDA,2026-05-29,put,150.0,0.57,0.54,0.59,0.51562984375,314,409
2026-04-18,US67066G1040,NVDA,2026-05-29,put,155.0,0.79,0.7,0.75,0.49609878906250005,44,377
2026-04-18,US67066G1040,NVDA,2026-05-29,put,160.0,0.95,0.94,0.97,0.47437049072265625,694,1537
2026-04-18,US67066G1040,NVDA,2026-05-29,put,165.0,1.25,1.25,1.29,0.45618219604492194,254,706
2026-04-18,US67066G1040,NVDA,2026-05-29,put,170.0,1.7,1.7,1.74,0.44067942138671873,388,1573
2026-04-18,US67066G1040,NVDA,2026-05-29,put,175.0,2.27,2.28,2.34,0.42627526855468756,270,1112
2026-04-18,US67066G1040,NVDA,2026-05-29,put,180.0,3.1,3.05,3.15,0.41370215209960937,2111,3975
2026-04-18,US67066G1040,NVDA,2026-05-29,put,185.0,4.15,4.1,4.25,0.40418076293945315,331,641
2026-04-18,US67066G1040,NVDA,2026-05-29,put,190.0,5.5,5.45,5.6,0.3934386828613281,249,527
2026-04-18,US67066G1040,NVDA,2026-05-29,put,195.0,7.25,7.15,7.3,0.38397832824707034,196,2366
2026-04-18,US67066G1040,NVDA,2026-05-29,put,200.0,9.22,9.2,9.35,0.37439590454101557,1469,314
2026-04-18,US67066G1040,NVDA,2026-05-29,put,205.0,11.75,11.65,11.85,0.36743796630859377,228,181
2026-04-18,US67066G1040,NVDA,2026-05-29,put,210.0,14.72,14.5,14.7,0.35907623352050777,50,70
2026-04-18,US67066G1040,NVDA,2026-05-29,put,215.0,18.6,17.75,17.95,0.35144691528320304,2,11
2026-04-18,US67066G1040,NVDA,2026-05-29,put,230.0,33.25,29.55,29.8,0.33386896606445315,2,8
2026-04-18,US67066G1040,NVDA,2026-06-18,call,0.5,198.25,198.95,203.2,0.0,18,38208
2026-04-18,US67066G1040,NVDA,2026-06-18,call,1.0,167.84,196.4,203.7,0.0,10,500
2026-04-18,US67066G1040,NVDA,2026-06-18,call,1.5,192.35,195.9,203.2,0.0,5,35
2026-04-18,US67066G1040,NVDA,2026-06-18,call,2.0,175.76,195.4,201.95,0.0,1,463
2026-04-18,US67066G1040,NVDA,2026-06-18,call,2.5,191.38,194.9,202.25,0.0,5,117
2026-04-18,US67066G1040,NVDA,2026-06-18,call,3.0,185.5,194.4,201.75,0.0,1,3108
2026-04-18,US67066G1040,NVDA,2026-06-18,call,3.5,183.53,0.0,0.0,1.0000000000000003e-05,2,0
2026-04-18,US67066G1040,NVDA,2026-06-18,call,4.0,184.0,193.4,200.75,9.644535222167967,2,249
2026-04-18,US67066G1040,NVDA,2026-06-18,call,4.5,178.18,193.05,200.25,8.789067006835937,1,36
2026-04-18,US67066G1040,NVDA,2026-06-18,call,5.0,183.25,192.55,199.75,8.185551759033203,3,492
2026-04-18,US67066G1040,NVDA,2026-06-18,call,6.0,177.09,0.0,0.0,1.0000000000000003e-05,5,0
2026-04-18,US67066G1040,NVDA,2026-06-18,call,7.0,184.69,0.0,0.0,1.0000000000000003e-05,1,0
2026-04-18,US67066G1040,NVDA,2026-06-18,call,8.0,192.13,189.4,195.95,5.694338819580079,1,140
2026-04-18,US67066G1040,NVDA,2026-06-18,call,9.0,172.98,188.45,195.7,5.912111984863281,3,94
2026-04-18,US67066G1040,NVDA,2026-06-18,call,10.0,188.43,187.5,194.8,5.676760716552733,10,352
2026-04-18,US67066G1040,NVDA,2026-06-18,call,11.0,178.17,0.0,0.0,1.0000000000000003e-05,20,0
2026-04-18,US67066G1040,NVDA,2026-06-18,call,12.0,164.1,185.45,192.75,5.167972290039062,100,783
2026-04-18,US67066G1040,NVDA,2026-06-18,call,13.0,171.58,184.6,191.8,4.996097504882812,3,290
2026-04-18,US67066G1040,NVDA,2026-06-18,call,14.0,166.63,0.0,0.0,1.0000000000000003e-05,2,0
2026-04-18,US67066G1040,NVDA,2026-06-18,call,15.0,185.65,182.55,189.8,4.65918386352539,2,39
2026-04-18,US67066G1040,NVDA,2026-06-18,call,16.0,167.03,173.3,177.3,1.0000000000000003e-05,70,121
2026-04-18,US67066G1040,NVDA,2026-06-18,call,17.0,166.52,0.0,0.0,1.0000000000000003e-05,1,0
2026-04-18,US67066G1040,NVDA,2026-06-18,call,18.0,170.4,179.5,186.25,4.041020573730468,9,441
2026-04-18,US67066G1040,NVDA,2026-06-18,call,19.0,181.95,180.55,184.35,3.5498058129882812,325,3467
2026-04-18,US67066G1040,NVDA,2026-06-18,call,20.0,161.97,177.6,184.3,3.854980831298828,12,321
2026-04-18,US67066G1040,NVDA,2026-06-18,call,21.0,154.4,176.55,183.1,3.6875007812500002,2,157
2026-04-18,US67066G1040,NVDA,2026-06-18,call,22.0,179.65,178.35,181.85,2.572269194335937,350,1064
2026-04-18,US67066G1040,NVDA,2026-06-18,call,23.0,165.35,0.0,0.0,1.0000000000000003e-05,15,0
2026-04-18,US67066G1040,NVDA,2026-06-18,call,24.0,152.12,173.55,180.9,3.7055671423339844,10,113
2026-04-18,US67066G1040,NVDA,2026-06-18,call,25.0,157.08,172.6,179.85,3.610840816650391,2,1655
2026-04-18,US67066G1040,NVDA,2026-06-18,call,26.0,150.84,171.55,178.15,3.319825919189453,20,239
2026-04-18,US67066G1040,NVDA,2026-06-18,call,27.0,145.0,170.55,177.35,3.3159196789550776,1,212
2026-04-18,US67066G1040,NVDA,2026-06-18,call,28.0,155.02,0.0,0.0,1.0000000000000003e-05,10,0
2026-04-18,US67066G1040,NVDA,2026-06-18,call,29.0,146.96,170.15,175.85,2.1533249291992185,2,95
2026-04-18,US67066G1040,NVDA,2026-06-18,call,30.0,159.4,167.7,174.95,3.2949236376953124,1,733
2026-04-18,US67066G1040,NVDA,2026-06-18,call,31.0,144.36,166.65,173.35,3.0732445043945313,7,2624
2026-04-18,US67066G1040,NVDA,2026-06-18,call,32.0,150.55,165.7,172.95,3.176271590576172,1,461
2026-04-18,US67066G1040,NVDA,2026-06-18,call,33.0,150.36,164.6,171.95,3.1201193872070307,1,35
2026-04-18,US67066G1040,NVDA,2026-06-18,call,34.0,148.98,163.6,170.25,2.8886746533203125,2,99
2026-04-18,US67066G1040,NVDA,2026-06-18,call,35.0,163.22,163.3,168.35,2.5791051147460937,2,725
2026-04-18,US67066G1040,NVDA,2026-06-18,call,36.0,152.47,143.0,149.35,1.0000000000000003e-05,2,198
2026-04-18,US67066G1040,NVDA,2026-06-18,call,37.0,148.07,160.65,168.0,2.9272487756347654,2,341
2026-04-18,US67066G1040,NVDA,2026-06-18,call,38.0,144.78,161.6,165.95,1.5898458007812497,2,1593
2026-04-18,US67066G1040,NVDA,2026-06-18,call,39.0,149.7,0.0,0.0,1.0000000000000003e-05,6,0
2026-04-18,US67066G1040,NVDA,2026-06-18,call,40.0,158.45,159.7,163.85,1.5390648046875,2,4571
2026-04-18,US67066G1040,NVDA,2026-06-18,call,41.0,139.3,137.75,141.8,1.0000000000000003e-05,1,93
2026-04-18,US67066G1040,NVDA,2026-06-18,call,42.0,158.37,155.7,162.4,2.5754430145263667,1,1049
2026-04-18,US67066G1040,NVDA,2026-06-18,call,43.0,133.65,154.7,161.4,2.5371130322265625,20,297
2026-04-18,US67066G1040,NVDA,2026-06-18,call,44.0,156.05,153.7,160.25,2.4663124279785156,1,342
2026-04-18,US67066G1040,NVDA,2026-06-18,call,45.0,155.98,152.7,159.25,2.4301797058105468,3,1046
2026-04-18,US67066G1040,NVDA,2026-06-18,call,46.0,155.29,151.75,158.15,2.37329508239746,2,521
2026-04-18,US67066G1040,NVDA,2026-06-18,call,47.0,131.56,126.85,135.05,1.0000000000000003e-05,10,691
2026-04-18,US67066G1040,NVDA,2026-06-18,call,48.0,151.0,149.75,157.05,2.4873084692382816,20,785
2026-04-18,US67066G1040,NVDA,2026-06-18,call,49.0,129.0,148.75,155.3,2.3061565783691402,1,1642
2026-04-18,US67066G1040,NVDA,2026-06-18,call,50.0,150.47,149.9,152.25,1.6933609082031251,2,1777
2026-04-18,US67066G1040,NVDA,2026-06-18,call,51.0,126.04,146.75,153.35,2.252934055175781,1,703
2026-04-18,US67066G1040,NVDA,2026-06-18,call,52.0,131.09,145.75,153.1,2.361820501708984,1,499
2026-04-18,US67066G1040,NVDA,2026-06-18,call,53.0,146.0,146.75,151.1,1.435549697265625,20,1240
2026-04-18,US67066G1040,NVDA,2026-06-18,call,54.0,120.53,143.8,150.25,2.1438034686279295,1,159
2026-04-18,US67066G1040,NVDA,2026-06-18,call,55.0,138.33,142.85,149.35,2.1345261480712887,1,578
2026-04-18,US67066G1040,NVDA,2026-06-18,call,56.0,136.58,141.8,148.35,2.106450046386718,5,418
2026-04-18,US67066G1040,NVDA,2026-06-18,call,57.0,126.59,0.0,0.0,1.0000000000000003e-05,10,0
2026-04-18,US67066G1040,NVDA,2026-06-18,call,58.0,126.0,139.8,146.35,2.0520068231201165,1,660
2026-04-18,US67066G1040,NVDA,2026-06-18,call,59.0,111.45,140.85,144.3,1.8134774951171875,2,5323
2026-04-18,US67066G1040,NVDA,2026-06-18,call,60.0,141.06,139.95,143.3,1.7900401123046876,3,6268
2026-04-18,US67066G1040,NVDA,2026-06-18,call,61.0,137.4,136.85,143.4,1.9829102416992188,1,261
2026-04-18,US67066G1040,NVDA,2026-06-18,call,62.0,121.24,138.3,143.1,1.5942403100585936,1,608
2026-04-18,US67066G1040,NVDA,2026-06-18,call,63.0,137.5,134.95,142.2,2.0605517236328126,50,219
2026-04-18,US67066G1040,NVDA,2026-06-18,call,64.0,104.81,133.85,140.45,1.9169926025390627,1,299
2026-04-18,US67066G1040,NVDA,2026-06-18,call,65.0,134.0,135.0,138.65,1.1445355273437499,1,1080
2026-04-18,US67066G1040,NVDA,2026-06-18,call,66.0,112.53,133.9,137.5,0.914063359375,2,2198
2026-04-18,US67066G1040,NVDA,2026-06-18,call,67.0,119.55,130.95,137.45,1.8466804541015622,1,780
2026-04-18,US67066G1040,NVDA,2026-06-18,call,68.0,120.2,0.0,0.0,1.0000000000000003e-05,3,0
2026-04-18,US67066G1040,NVDA,2026-06-18,call,69.0,114.5,130.95,134.4,1.6176776928710939,6,2279
2026-04-18,US67066G1040,NVDA,2026-06-18,call,70.0,131.22,129.2,134.0,1.706544436035156,30,3791
2026-04-18,US67066G1040,NVDA,2026-06-18,call,71.0,127.83,126.9,133.5,1.7653820324707032,5,543
2026-04-18,US67066G1040,NVDA,2026-06-18,call,72.0,123.0,128.0,131.45,0.9179695703125,10,1175
2026-04-18,US67066G1040,NVDA,2026-06-18,call,73.0,122.0,125.0,131.5,1.722901776123047,1,2703
2026-04-18,US67066G1040,NVDA,2026-06-18,call,74.0,109.3,0.0,0.0,1.0000000000000003e-05,1,0
2026-04-18,US67066G1040,NVDA,2026-06-18,call,75.0,126.0,125.05,128.35,0.8125018749999999,10,5778
2026-04-18,US67066G1040,NVDA,2026-06-18,call,76.0,125.0,122.25,126.9,1.3837921435546874,22,441
2026-04-18,US67066G1040,NVDA,2026-06-18,call,77.0,122.44,123.0,126.6,0.9589847851562499,26,1103
2026-04-18,US67066G1040,NVDA,2026-06-18,call,78.0,123.23,121.35,126.55,1.052739111328125,3,809
2026-04-18,US67066G1040,NVDA,2026-06-18,call,79.0,89.0,119.05,125.55,1.609376953125,1,1664
2026-04-18,US67066G1040,NVDA,2026-06-18,call,80.0,120.15,120.05,123.65,0.9648441015625,2,19781
2026-04-18,US67066G1040,NVDA,2026-06-18,call,81.0,110.0,0.0,0.0,1.0000000000000003e-05,5,0
2026-04-18,US67066G1040,NVDA,2026-06-18,call,82.0,116.61,116.05,122.45,1.5390648046875,7,997
2026-04-18,US67066G1040,NVDA,2026-06-18,call,83.0,119.45,118.4,120.5,1.1660197949218751,5,1423
2026-04-18,US67066G1040,NVDA,2026-06-18,call,84.0,98.15,0.0,0.0,1.0000000000000003e-05,1,0
2026-04-18,US67066G1040,NVDA,2026-06-18,call,85.0,114.5,113.05,119.55,1.4980493847656249,89,2961
2026-04-18,US67066G1040,NVDA,2026-06-18,call,86.0,96.5,112.05,118.65,1.4929224572753905,2,854
2026-04-18,US67066G1040,NVDA,2026-06-18,call,87.0,108.0,113.1,117.35,1.0459032080078128,9,2365
2026-04-18,US67066G1040,NVDA,2026-06-18,call,88.0,101.95,110.05,117.4,0.7460962890625,3,810
2026-04-18,US67066G1040,NVDA,2026-06-18,call,89.0,109.71,110.9,114.75,0.8437515624999999,7,1131
2026-04-18,US67066G1040,NVDA,2026-06-18,call,90.0,112.0,110.1,113.7,0.8789074609374999,10,10622
2026-04-18,US67066G1040,NVDA,2026-06-18,call,91.0,80.07,107.05,113.65,1.4067412475585939,1,3078
2026-04-18,US67066G1040,NVDA,2026-06-18,call,92.0,80.1,108.1,112.4,0.99023447265625,38,3044
2026-04-18,US67066G1040,NVDA,2026-06-18,call,93.0,109.17,107.15,110.35,0.73437765625,4,2413
2026-04-18,US67066G1040,NVDA,2026-06-18,call,94.0,104.0,104.15,110.7,1.363040294189453,1,820
2026-04-18,US67066G1040,NVDA,2026-06-18,call,95.0,106.43,106.55,108.8,1.0532273901367186,18,3074
2026-04-18,US67066G1040,NVDA,2026-06-18,call,96.0,101.0,103.8,108.25,0.86914193359375,1,6703
2026-04-18,US67066G1040,NVDA,2026-06-18,call,97.0,97.25,103.1,106.65,0.79101771484375,2,1499
2026-04-18,US67066G1040,NVDA,2026-06-18,call,98.0,91.38,100.15,107.5,0.7509790527343749,10,825
2026-04-18,US67066G1040,NVDA,2026-06-18,call,99.0,90.2,99.2,104.75,1.1701701647949219,7,285
2026-04-18,US67066G1040,NVDA,2026-06-18,call,100.0,101.82,100.9,103.85,0.9262702685546875,304,11781
2026-04-18,US67066G1040,NVDA,2026-06-18,call,101.0,98.06,99.15,102.95,0.8237322314453124,14,605
2026-04-18,US67066G1040,NVDA,2026-06-18,call,102.0,99.45,98.6,101.7,0.8447281152343749,1,1082
2026-04-18,US67066G1040,NVDA,2026-06-18,call,103.0,77.5,95.45,100.8,1.1203657263183593,2,543
2026-04-18,US67066G1040,NVDA,2026-06-18,call,104.0,97.3,95.4,99.8,1.1066939196777343,2,445
2026-04-18,US67066G1040,NVDA,2026-06-18,call,105.0,97.0,95.85,97.95,0.7241238525390624,11,1787
2026-04-18,US67066G1040,NVDA,2026-06-18,call,106.0,95.75,92.55,97.8,1.0795944458007813,1,792
2026-04-18,US67066G1040,NVDA,2026-06-18,call,107.0,92.22,91.35,96.9,1.0781296093750001,10,2220
2026-04-18,US67066G1040,NVDA,2026-06-18,call,108.0,94.5,92.4,95.75,0.7592797509765626,17,1020
2026-04-18,US67066G1040,NVDA,2026-06-18,call,109.0,93.0,93.05,94.0,0.8549819189453125,5,3210
2026-04-18,US67066G1040,NVDA,2026-06-18,call,110.0,90.9,90.95,93.75,0.8085956640624999,24,15912
2026-04-18,US67066G1040,NVDA,2026-06-18,call,111.0,91.51,88.55,92.0,0.911133701171875,9,948
2026-04-18,US67066G1040,NVDA,2026-06-18,call,112.0,66.66,86.4,93.15,0.5898478515625001,1,903
2026-04-18,US67066G1040,NVDA,2026-06-18,call,113.0,85.9,87.9,91.0,0.7971211694335938,1,857
2026-04-18,US67066G1040,NVDA,2026-06-18,call,114.0,87.5,86.9,88.8,0.6181678808593751,10,2379
2026-04-18,US67066G1040,NVDA,2026-06-18,call,115.0,86.9,86.4,88.85,0.8071308349609375,11,10088
2026-04-18,US67066G1040,NVDA,2026-06-18,call,116.0,82.48,85.65,87.5,0.788088056640625,17,529
2026-04-18,US67066G1040,NVDA,2026-06-18,call,117.0,80.0,84.75,86.5,0.7858908129882812,1,573
2026-04-18,US67066G1040,NVDA,2026-06-18,call,118.0,83.8,83.8,85.45,0.7753928710937501,7,509
2026-04-18,US67066G1040,NVDA,2026-06-18,call,119.0,84.45,82.9,84.45,0.7727073510742188,8,447
2026-04-18,US67066G1040,NVDA,2026-06-18,call,120.0,82.5,81.85,82.9,0.710940390625,70,24826
2026-04-18,US67066G1040,NVDA,2026-06-18,call,121.0,80.81,80.8,82.6,0.7556176782226562,5,1028
2026-04-18,US67066G1040,NVDA,2026-06-18,call,122.0,79.83,79.85,81.6,0.7490259472656251,6,1322
2026-04-18,US67066G1040,NVDA,2026-06-18,call,123.0,78.0,78.85,80.65,0.7421900781249999,3,926
2026-04-18,US67066G1040,NVDA,2026-06-18,call,124.0,70.5,77.9,79.0,0.6853058813476562,15,822
2026-04-18,US67066G1040,NVDA,2026-06-18,call,125.0,76.63,77.0,78.1,0.6918976123046876,62,8538
2026-04-18,US67066G1040,NVDA,2026-06-18,call,126.0,76.6,76.5,77.65,0.7539087109375,1,816
2026-04-18,US67066G1040,NVDA,2026-06-18,call,127.0,74.2,75.0,77.05,0.7370631762695312,2,575
2026-04-18,US67066G1040,NVDA,2026-06-18,call,128.0,73.7,74.1,75.6,0.7048369360351563,3,1140
2026-04-18,US67066G1040,NVDA,2026-06-18,call,129.0,73.02,73.0,74.75,0.6980010668945313,1,1584
2026-04-18,US67066G1040,NVDA,2026-06-18,call,130.0,72.5,72.15,73.15,0.6579624047851562,28,18597
2026-04-18,US67066G1040,NVDA,2026-06-18,call,132.0,69.78,70.2,71.6,0.6709017285156251,2,13286
2026-04-18,US67066G1040,NVDA,2026-06-18,call,134.0,68.5,68.3,69.7,0.6628451684570313,2,4238
2026-04-18,US67066G1040,NVDA,2026-06-18,call,135.0,67.98,67.8,68.3,0.6585727502441407,328,4216
2026-04-18,US67066G1040,NVDA,2026-06-18,call,136.0,67.0,66.35,67.75,0.6486851538085938,5,3454
2026-04-18,US67066G1040,NVDA,2026-06-18,call,138.0,64.48,64.4,65.85,0.6369665209960937,14,4273
2026-04-18,US67066G1040,NVDA,2026-06-18,call,140.0,63.3,62.55,63.4,0.6015664843750002,20192,118681
2026-04-18,US67066G1040,NVDA,2026-06-18,call,142.0,60.2,60.6,62.05,0.6171913281250001,27,7134
2026-04-18,US67066G1040,NVDA,2026-06-18,call,144.0,58.45,59.35,59.55,0.6088906298828126,12,1568
2026-04-18,US67066G1040,NVDA,2026-06-18,call,145.0,57.62,58.45,58.6,0.6054726953125001,68,6269
2026-04-18,US67066G1040,NVDA,2026-06-18,call,146.0,56.8,57.45,57.65,0.5976602734375001,25,1246
2026-04-18,US67066G1040,NVDA,2026-06-18,call,148.0,55.6,55.55,55.75,0.5861857788085938,9,1933
2026-04-18,US67066G1040,NVDA,2026-06-18,call,150.0,53.65,53.7,53.85,0.576054044189453,198,62011
2026-04-18,US67066G1040,NVDA,2026-06-18,call,152.0,50.74,51.8,51.95,0.5637250659179689,5,3033
2026-04-18,US67066G1040,NVDA,2026-06-18,call,154.0,49.85,49.9,50.1,0.55273884765625,13,2028
2026-04-18,US67066G1040,NVDA,2026-06-18,call,155.0,48.78,49.0,49.15,0.547978153076172,53,7836
2026-04-18,US67066G1040,NVDA,2026-06-18,call,156.0,46.88,48.05,48.25,0.5430953894042969,3,1279
2026-04-18,US67066G1040,NVDA,2026-06-18,call,158.0,46.15,46.2,46.4,0.5327195166015625,12,1625
2026-04-18,US67066G1040,NVDA,2026-06-18,call,160.0,44.5,44.4,44.55,0.523442265625,129,11229
2026-04-18,US67066G1040,NVDA,2026-06-18,call,162.0,41.85,42.55,42.75,0.5134326000976561,7,1431
2026-04-18,US67066G1040,NVDA,2026-06-18,call,164.0,40.7,40.8,40.95,0.5056201782226561,5,1844
2026-04-18,US67066G1040,NVDA,2026-06-18,call,165.0,39.8,39.9,40.05,0.5007374145507812,109,11088
2026-04-18,US67066G1040,NVDA,2026-06-18,call,166.0,37.81,39.0,39.2,0.5022632781982423,30,2094
2026-04-18,US67066G1040,NVDA,2026-06-18,call,167.0,37.35,38.15,38.3,0.49695327270507816,11,1162
2026-04-18,US67066G1040,NVDA,2026-06-18,call,168.0,35.5,37.3,37.45,0.4939015454101563,13,1242
2026-04-18,US67066G1040,NVDA,2026-06-18,call,169.0,36.23,36.4,36.55,0.4882253326416016,21,850
2026-04-18,US67066G1040,NVDA,2026-06-18,call,170.0,35.5,35.55,35.7,0.48474636352539063,1277,18473
2026-04-18,US67066G1040,NVDA,2026-06-18,call,171.0,34.62,34.7,34.85,0.4810842907714844,3,5156
2026-04-18,US67066G1040,NVDA,2026-06-18,call,172.0,33.9,33.85,34.0,0.4771780798339844,29,2019
2026-04-18,US67066G1040,NVDA,2026-06-18,call,173.0,33.15,33.0,33.15,0.4730277307128906,22,1946
2026-04-18,US67066G1040,NVDA,2026-06-18,call,174.0,31.91,32.2,32.35,0.47083048706054687,33,2360
2026-04-18,US67066G1040,NVDA,2026-06-18,call,175.0,31.45,31.35,31.5,0.4662528961181641,647,11499
2026-04-18,US67066G1040,NVDA,2026-06-18,call,176.0,30.5,30.55,30.7,0.4635063415527344,70,2112
2026-04-18,US67066G1040,NVDA,2026-06-18,call,177.0,29.59,29.75,29.9,0.460515648803711,81,5084
2026-04-18,US67066G1040,NVDA,2026-06-18,call,178.0,29.0,28.95,29.1,0.4572808178710938,52,2359
2026-04-18,US67066G1040,NVDA,2026-06-18,call,179.0,27.55,28.15,28.3,0.4537408142089844,36,3671
2026-04-18,US67066G1040,NVDA,2026-06-18,call,180.0,27.45,27.4,27.5,0.44989563781738284,789,55577
2026-04-18,US67066G1040,NVDA,2026-06-18,call,181.0,26.36,26.6,26.75,0.44775942871093743,24,2360
2026-04-18,US67066G1040,NVDA,2026-06-18,call,182.0,25.68,25.85,26.0,0.445318046875,80,4899
2026-04-18,US67066G1040,NVDA,2026-06-18,call,183.0,24.95,25.1,25.25,0.4425714923095704,68,4447
2026-04-18,US67066G1040,NVDA,2026-06-18,call,184.0,24.3,24.35,24.5,0.4395197650146484,42,3942
2026-04-18,US67066G1040,NVDA,2026-06-18,call,185.0,23.7,23.6,23.75,0.4361628649902344,859,21408
2026-04-18,US67066G1040,NVDA,2026-06-18,call,186.0,22.96,22.9,23.05,0.4342707940673829,920,5263
2026-04-18,US67066G1040,NVDA,2026-06-18,call,187.0,22.2,22.2,22.3,0.4303645831298829,305,2825
2026-04-18,US67066G1040,NVDA,2026-06-18,call,188.0,21.25,21.45,21.65,0.42957113403320313,238,8127
2026-04-18,US67066G1040,NVDA,2026-06-18,call,189.0,20.67,20.8,20.95,0.42676354492187507,62,6277
2026-04-18,US67066G1040,NVDA,2026-06-18,call,190.0,20.15,20.1,20.25,0.42358974853515624,4131,51475
2026-04-18,US67066G1040,NVDA,2026-06-18,call,191.0,19.45,19.45,19.6,0.42175871215820315,41,2354
2026-04-18,US67066G1040,NVDA,2026-06-18,call,192.0,18.82,18.8,18.95,0.41962250305175786,171,4622
2026-04-18,US67066G1040,NVDA,2026-06-18,call,193.0,18.21,18.15,18.3,0.4171811212158203,75,4747
2026-04-18,US67066G1040,NVDA,2026-06-18,call,194.0,17.6,17.55,17.65,0.4143735321044921,105,5103
2026-04-18,US67066G1040,NVDA,2026-06-18,call,195.0,17.03,16.9,17.05,0.4127866339111328,1851,28324
2026-04-18,US67066G1040,NVDA,2026-06-18,call,200.0,14.1,14.05,14.15,0.40296007202148443,7642,109438
2026-04-18,US67066G1040,NVDA,2026-06-18,call,205.0,11.5,11.5,11.6,0.39502558105468755,4456,20383
2026-04-18,US67066G1040,NVDA,2026-06-18,call,210.0,9.3,9.3,9.35,0.38721315917968746,7379,67200
2026-04-18,US67066G1040,NVDA,2026-06-18,call,212.0,8.53,8.5,8.6,0.38623660644531244,470,3721
2026-04-18,US67066G1040,NVDA,2026-06-18,call,213.0,8.02,8.1,8.25,0.3859314337158203,319,3268
2026-04-18,US67066G1040,NVDA,2026-06-18,call,214.0,7.75,7.75,7.85,0.383795224609375,92,2397
2026-04-18,US67066G1040,NVDA,2026-06-18,call,215.0,7.41,7.4,7.5,0.38281867187499996,3665,25245
2026-04-18,US67066G1040,NVDA,2026-06-18,call,216.0,7.1,7.05,7.15,0.38147591186523433,81,2109
2026-04-18,US67066G1040,NVDA,2026-06-18,call,217.0,6.75,6.75,6.85,0.3814148773193359,151,1938
2026-04-18,US67066G1040,NVDA,2026-06-18,call,218.0,6.45,6.45,6.55,0.38104867004394527,284,3372
2026-04-18,US67066G1040,NVDA,2026-06-18,call,219.0,6.08,6.15,6.25,0.38031625549316406,75,1502
2026-04-18,US67066G1040,NVDA,2026-06-18,call,220.0,5.9,5.85,5.95,0.3792176336669921,4285,61631
2026-04-18,US67066G1040,NVDA,2026-06-18,call,221.0,5.55,5.6,5.7,0.3795228063964844,78,2382
2026-04-18,US67066G1040,NVDA,2026-06-18,call,222.0,5.22,5.3,5.4,0.3777528045654296,588,2424
2026-04-18,US67066G1040,NVDA,2026-06-18,call,223.0,5.0,5.05,5.15,0.3773255627441406,55,2440
2026-04-18,US67066G1040,NVDA,2026-06-18,call,224.0,4.77,4.8,4.9,0.37665418273925777,191,2469
2026-04-18,US67066G1040,NVDA,2026-06-18,call,225.0,4.63,4.6,4.7,0.37744763183593744,2256,17752
2026-04-18,US67066G1040,NVDA,2026-06-18,call,226.0,4.3,4.35,4.45,0.37604383728027346,144,2170
2026-04-18,US67066G1040,NVDA,2026-06-18,call,227.0,4.15,4.15,4.25,0.37622694091796877,202,2243
2026-04-18,US67066G1040,NVDA,2026-06-18,call,228.0,3.95,3.95,4.05,0.3761048718261719,94,3548
2026-04-18,US67066G1040,NVDA,2026-06-18,call,230.0,3.55,3.55,3.6,0.37280900634765624,2151,33550
2026-04-18,US67066G1040,NVDA,2026-06-18,call,235.0,2.74,2.75,2.8,0.37244279907226563,1168,18814
2026-04-18,US67066G1040,NVDA,2026-06-18,call,240.0,2.12,2.11,2.16,0.37219866088867193,2725,40764
2026-04-18,US67066G1040,NVDA,2026-06-18,call,245.0,1.6,1.61,1.64,0.3712221081542969,1035,11009
2026-04-18,US67066G1040,NVDA,2026-06-18,call,250.0,1.23,1.22,1.25,0.3714662463378906,1735,37233
2026-04-18,US67066G1040,NVDA,2026-06-18,call,255.0,0.94,0.93,0.96,0.37293107543945314,786,10780
2026-04-18,US67066G1040,NVDA,2026-06-18,call,260.0,0.72,0.72,0.75,0.375982802734375,489,24680
2026-04-18,US67066G1040,NVDA,2026-06-18,call,265.0,0.57,0.56,0.59,0.3794007373046875,929,8326
2026-04-18,US67066G1040,NVDA,2026-06-18,call,270.0,0.45,0.45,0.48,0.3852600537109374,660,13066
2026-04-18,US67066G1040,NVDA,2026-06-18,call,275.0,0.37,0.36,0.39,0.39063109375,130,3370
2026-04-18,US67066G1040,NVDA,2026-06-18,call,280.0,0.31,0.3,0.32,0.39600213378906257,439,20149
2026-04-18,US67066G1040,NVDA,2026-06-18,call,285.0,0.26,0.25,0.27,0.4028380029296875,11,41
2026-04-18,US67066G1040,NVDA,2026-06-18,call,290.0,0.23,0.21,0.24,0.41260353027343744,45,9572
2026-04-18,US67066G1040,NVDA,2026-06-18,call,295.0,0.21,0.18,0.21,0.42090422851562503,68,85
2026-04-18,US67066G1040,NVDA,2026-06-18,call,300.0,0.17,0.16,0.17,0.42383388671875,1630,28953
2026-04-18,US67066G1040,NVDA,2026-06-18,call,310.0,0.14,0.13,0.14,0.442388388671875,2,15216
2026-04-18,US67066G1040,NVDA,2026-06-18,call,320.0,0.1,0.1,0.11,0.45606012695312503,18,10343
2026-04-18,US67066G1040,NVDA,2026-06-18,call,330.0,0.09,0.08,0.1,0.477544287109375,326,8380
2026-04-18,US67066G1040,NVDA,2026-06-18,call,340.0,0.08,0.08,0.09,0.49609878906250005,11,3710
2026-04-18,US67066G1040,NVDA,2026-06-18,call,350.0,0.07,0.06,0.07,0.5019581054687501,7,6057
2026-04-18,US67066G1040,NVDA,2026-06-18,call,360.0,0.05,0.05,0.07,0.5195360546875,347,4568
2026-04-18,US67066G1040,NVDA,2026-06-18,call,370.0,0.05,0.04,0.06,0.5312546875,17,2281
2026-04-18,US67066G1040,NVDA,2026-06-18,call,380.0,0.03,0.03,0.06,0.5468795312500001,3,8390
2026-04-18,US67066G1040,NVDA,2026-06-18,call,390.0,0.03,0.02,0.04,0.5449264257812501,465,3280
2026-04-18,US67066G1040,NVDA,2026-06-18,call,400.0,0.03,0.03,0.04,0.570316796875,60,5965
2026-04-18,US67066G1040,NVDA,2026-06-18,call,410.0,0.03,0.01,0.04,0.570316796875,19,2394
2026-04-18,US67066G1040,NVDA,2026-06-18,call,420.0,0.03,0.02,0.04,0.5976602734375001,5339,24622
2026-04-18,US67066G1040,NVDA,2026-06-18,call,430.0,843.15,829.95,845.4,0.0,1,32
2026-04-18,US67066G1040,NVDA,2026-06-18,call,440.0,751.34,822.0,837.6,0.0,8,39
2026-04-18,US67066G1040,NVDA,2026-06-18,call,450.0,755.35,813.85,829.3,0.0,1,100
2026-04-18,US67066G1040,NVDA,2026-06-18,call,460.0,433.95,664.0,682.0,0.0,2,41
2026-04-18,US67066G1040,NVDA,2026-06-18,call,470.0,718.65,797.9,813.2,0.0,1,93
2026-04-18,US67066G1040,NVDA,2026-06-18,call,480.0,799.1,790.0,805.7,0.0,1,101
2026-04-18,US67066G1040,NVDA,2026-06-18,call,490.0,775.51,782.15,797.45,0.0,1,69
2026-04-18,US67066G1040,NVDA,2026-06-18,call,500.0,777.5,774.35,789.55,0.0,2,135
2026-04-18,US67066G1040,NVDA,2026-06-18,call,510.0,699.35,766.6,782.35,0.0,1,74
2026-04-18,US67066G1040,NVDA,2026-06-18,call,520.0,711.59,758.9,774.65,0.0,1,51
2026-04-18,US67066G1040,NVDA,2026-06-18,call,530.0,674.21,751.3,766.55,0.0,1,141
2026-04-18,US67066G1040,NVDA,2026-06-18,call,540.0,658.89,743.7,758.75,0.0,1,24
2026-04-18,US67066G1040,NVDA,2026-06-18,call,550.0,748.88,736.85,751.35,0.0,5,48
2026-04-18,US67066G1040,NVDA,2026-06-18,call,560.0,718.28,728.65,743.9,0.0,2,46
2026-04-18,US67066G1040,NVDA,2026-06-18,call,570.0,736.39,721.25,735.95,0.0,1,39
2026-04-18,US67066G1040,NVDA,2026-06-18,call,580.0,359.58,459.25,462.15,0.0,4,63
2026-04-18,US67066G1040,NVDA,2026-06-18,call,590.0,601.5,706.55,722.2,0.0,1,24
2026-04-18,US67066G1040,NVDA,2026-06-18,call,600.0,697.5,699.3,714.5,0.0,5,160
2026-04-18,US67066G1040,NVDA,2026-06-18,call,610.0,630.48,692.05,707.25,0.0,1,28
2026-04-18,US67066G1040,NVDA,2026-06-18,call,620.0,693.15,684.9,700.15,0.0,6,62
2026-04-18,US67066G1040,NVDA,2026-06-18,call,630.0,721.2,677.8,692.85,0.0,2,34
2026-04-18,US67066G1040,NVDA,2026-06-18,call,640.0,574.0,670.8,685.8,0.0,1,30
2026-04-18,US67066G1040,NVDA,2026-06-18,call,650.0,652.95,663.8,678.85,0.0,6,83
2026-04-18,US67066G1040,NVDA,2026-06-18,call,660.0,688.12,656.9,671.95,0.0,2,226
2026-04-18,US67066G1040,NVDA,2026-06-18,call,670.0,590.57,650.0,664.9,0.0,4,93
2026-04-18,US67066G1040,NVDA,2026-06-18,call,680.0,540.76,643.2,658.4,0.0,2,196
2026-04-18,US67066G1040,NVDA,2026-06-18,call,690.0,554.68,636.45,651.7,0.0,1,231
2026-04-18,US67066G1040,NVDA,2026-06-18,call,700.0,674.35,629.75,645.0,0.0,1,421
2026-04-18,US67066G1040,NVDA,2026-06-18,call,710.0,574.25,624.45,637.5,0.0,1,55
2026-04-18,US67066G1040,NVDA,2026-06-18,call,720.0,477.27,618.1,630.75,0.0,1,136
2026-04-18,US67066G1040,NVDA,2026-06-18,call,730.0,565.25,611.45,624.5,0.0,2,272
2026-04-18,US67066G1040,NVDA,2026-06-18,call,740.0,504.52,605.3,618.05,0.0,2,58
2026-04-18,US67066G1040,NVDA,2026-06-18,call,750.0,611.9,598.5,611.35,0.0,10,517
2026-04-18,US67066G1040,NVDA,2026-06-18,call,760.0,497.13,592.5,605.2,0.0,2,39
2026-04-18,US67066G1040,NVDA,2026-06-18,call,770.0,487.0,586.3,598.85,0.0,2,119
2026-04-18,US67066G1040,NVDA,2026-06-18,call,780.0,525.9,579.6,592.3,0.0,11,60
2026-04-18,US67066G1040,NVDA,2026-06-18,call,790.0,583.6,573.8,586.25,0.0,137,172
2026-04-18,US67066G1040,NVDA,2026-06-18,call,800.0,571.03,567.3,580.05,0.0,4,774
2026-04-18,US67066G1040,NVDA,2026-06-18,call,810.0,465.0,561.45,574.4,0.0,1,100
2026-04-18,US67066G1040,NVDA,2026-06-18,call,820.0,495.28,555.7,568.1,0.0,2,42
2026-04-18,US67066G1040,NVDA,2026-06-18,call,830.0,514.77,549.25,561.9,0.0,1,145
2026-04-18,US67066G1040,NVDA,2026-06-18,call,840.0,493.38,543.7,556.15,0.0,6,34
2026-04-18,US67066G1040,NVDA,2026-06-18,call,850.0,527.95,537.45,551.0,0.0,1,235
2026-04-18,US67066G1040,NVDA,2026-06-18,call,860.0,533.13,532.1,544.6,0.0,1,97
2026-04-18,US67066G1040,NVDA,2026-06-18,call,870.0,541.55,524.75,538.75,0.0,2,196
2026-04-18,US67066G1040,NVDA,2026-06-18,call,880.0,522.65,520.6,533.15,0.0,4,86
2026-04-18,US67066G1040,NVDA,2026-06-18,call,890.0,456.9,513.5,527.8,0.0,1,109
2026-04-18,US67066G1040,NVDA,2026-06-18,call,900.0,508.44,509.1,521.85,0.0,1,1110
2026-04-18,US67066G1040,NVDA,2026-06-18,call,910.0,500.51,504.0,515.75,0.0,1,445
2026-04-18,US67066G1040,NVDA,2026-06-18,call,920.0,493.61,496.7,510.7,0.0,1,157
2026-04-18,US67066G1040,NVDA,2026-06-18,call,930.0,451.05,492.75,504.85,0.0,4,235
2026-04-18,US67066G1040,NVDA,2026-06-18,call,940.0,481.52,485.8,499.9,0.0,3,83
2026-04-18,US67066G1040,NVDA,2026-06-18,call,950.0,490.7,482.6,494.1,0.0,15,288
2026-04-18,US67066G1040,NVDA,2026-06-18,call,960.0,470.55,477.0,489.85,0.0,1,1100
2026-04-18,US67066G1040,NVDA,2026-06-18,call,970.0,480.88,472.45,484.35,0.0,2,139
2026-04-18,US67066G1040,NVDA,2026-06-18,call,980.0,481.27,467.0,478.6,0.0,1,44
2026-04-18,US67066G1040,NVDA,2026-06-18,call,990.0,405.0,461.9,474.1,0.0,3,18
2026-04-18,US67066G1040,NVDA,2026-06-18,call,1000.0,462.38,455.1,469.25,0.0,6,880
2026-04-18,US67066G1040,NVDA,2026-06-18,call,1010.0,462.35,451.75,463.8,0.0,1,39
2026-04-18,US67066G1040,NVDA,2026-06-18,call,1020.0,430.33,447.1,458.6,0.0,2,75
2026-04-18,US67066G1040,NVDA,2026-06-18,call,1030.0,350.57,446.25,450.55,0.0,1,45
2026-04-18,US67066G1040,NVDA,2026-06-18,call,1040.0,478.45,441.55,445.75,0.0,1,25
2026-04-18,US67066G1040,NVDA,2026-06-18,call,1050.0,438.98,436.95,441.35,0.0,2,155
2026-04-18,US67066G1040,NVDA,2026-06-18,call,1060.0,430.13,431.95,436.3,0.0,1,44
2026-04-18,US67066G1040,NVDA,2026-06-18,call,1070.0,380.19,427.3,431.6,0.0,1,30
2026-04-18,US67066G1040,NVDA,2026-06-18,call,1080.0,330.0,422.7,426.95,0.0,2,28
2026-04-18,US67066G1040,NVDA,2026-06-18,call,1090.0,418.0,418.35,422.45,0.0,4,114
2026-04-18,US67066G1040,NVDA,2026-06-18,call,1100.0,414.75,413.95,418.3,0.0,2,225
2026-04-18,US67066G1040,NVDA,2026-06-18,call,1110.0,419.91,409.35,414.05,0.0,16,55
2026-04-18,US67066G1040,NVDA,2026-06-18,call,1120.0,316.94,404.8,409.1,0.0,2,44
2026-04-18,US67066G1040,NVDA,2026-06-18,call,1130.0,406.59,400.4,404.75,0.0,27,55
2026-04-18,US67066G1040,NVDA,2026-06-18,call,1140.0,388.07,396.1,401.0,0.0,1,159
2026-04-18,US67066G1040,NVDA,2026-06-18,call,1150.0,394.13,392.1,396.15,0.0,1,47
2026-04-18,US67066G1040,NVDA,2026-06-18,call,1160.0,385.89,387.75,391.95,0.0,1,15
2026-04-18,US67066G1040,NVDA,2026-06-18,call,1170.0,377.55,383.55,387.75,0.0,1,26
2026-04-18,US67066G1040,NVDA,2026-06-18,call,1180.0,364.6,379.3,383.65,0.0,1,22
2026-04-18,US67066G1040,NVDA,2026-06-18,call,1190.0,383.85,375.4,380.0,0.0,2,11
2026-04-18,US67066G1040,NVDA,2026-06-18,call,1200.0,371.5,371.65,375.4,0.0,7,517
2026-04-18,US67066G1040,NVDA,2026-06-18,call,1210.0,371.0,367.1,371.55,0.0,3,50
2026-04-18,US67066G1040,NVDA,2026-06-18,call,1220.0,371.4,363.35,367.6,0.0,2,49
2026-04-18,US67066G1040,NVDA,2026-06-18,call,1230.0,352.88,359.35,363.7,0.0,1,61
2026-04-18,US67066G1040,NVDA,2026-06-18,call,1240.0,362.35,355.45,359.85,0.0,2,34
2026-04-18,US67066G1040,NVDA,2026-06-18,call,1250.0,352.76,351.95,356.0,0.0,3,195
2026-04-18,US67066G1040,NVDA,2026-06-18,call,1260.0,342.57,347.85,352.8,0.0,1,42
2026-04-18,US67066G1040,NVDA,2026-06-18,call,1270.0,302.77,344.0,348.65,0.0,1,23
2026-04-18,US67066G1040,NVDA,2026-06-18,call,1280.0,335.29,340.4,344.8,0.0,3,39
2026-04-18,US67066G1040,NVDA,2026-06-18,call,1290.0,335.0,336.75,341.3,0.0,2,22
2026-04-18,US67066G1040,NVDA,2026-06-18,call,1300.0,333.79,333.6,337.85,0.0,5,166
2026-04-18,US67066G1040,NVDA,2026-06-18,call,1320.0,330.0,326.2,330.85,0.0,1,25
2026-04-18,US67066G1040,NVDA,2026-06-18,call,1340.0,284.27,319.25,323.5,0.0,1,26
2026-04-18,US67066G1040,NVDA,2026-06-18,call,1360.0,309.2,312.5,316.9,0.0,1,18
2026-04-18,US67066G1040,NVDA,2026-06-18,call,1380.0,311.78,305.85,310.5,0.0,2,59
2026-04-18,US67066G1040,NVDA,2026-06-18,call,1400.0,300.13,299.7,304.05,0.0,1,140
2026-04-18,US67066G1040,NVDA,2026-06-18,call,1420.0,289.84,293.0,297.35,0.0,1,230
2026-04-18,US67066G1040,NVDA,2026-06-18,call,1440.0,296.05,286.9,291.6,0.0,1,29
2026-04-18,US67066G1040,NVDA,2026-06-18,call,1460.0,276.41,280.9,285.05,0.0,6,13
2026-04-18,US67066G1040,NVDA,2026-06-18,call,1480.0,277.32,275.0,279.55,0.0,1,67
2026-04-18,US67066G1040,NVDA,2026-06-18,call,1500.0,271.05,269.55,273.85,0.0,6,326
2026-04-18,US67066G1040,NVDA,2026-06-18,call,1520.0,259.31,263.65,268.2,0.0,2,145
2026-04-18,US67066G1040,NVDA,2026-06-18,call,1540.0,259.31,258.15,262.45,0.0,1,47
2026-04-18,US67066G1040,NVDA,2026-06-18,call,1560.0,250.6,252.8,256.65,0.0,1,57
2026-04-18,US67066G1040,NVDA,2026-06-18,call,1580.0,241.05,247.6,252.15,0.0,1,18
2026-04-18,US67066G1040,NVDA,2026-06-18,call,1600.0,236.45,242.8,246.75,0.0,2,157
2026-04-18,US67066G1040,NVDA,2026-06-18,call,1620.0,237.0,237.5,241.35,0.0,3,15
2026-04-18,US67066G1040,NVDA,2026-06-18,call,1640.0,228.1,233.45,236.1,0.0,1,37
2026-04-18,US67066G1040,NVDA,2026-06-18,call,1650.0,230.5,231.1,234.2,0.0,100,14
2026-04-18,US67066G1040,NVDA,2026-06-18,call,1660.0,234.22,228.6,231.95,0.0,2,26
2026-04-18,US67066G1040,NVDA,2026-06-18,call,1670.0,114.8,226.2,229.25,0.0,2,7
2026-04-18,US67066G1040,NVDA,2026-06-18,call,1680.0,224.02,224.05,227.3,0.0,1,24
2026-04-18,US67066G1040,NVDA,2026-06-18,call,1690.0,222.45,221.6,225.05,0.0,2,13
2026-04-18,US67066G1040,NVDA,2026-06-18,call,1700.0,235.0,219.7,222.25,0.0,4,102
2026-04-18,US67066G1040,NVDA,2026-06-18,call,1710.0,142.46,217.2,220.55,0.0,4,42
2026-04-18,US67066G1040,NVDA,2026-06-18,call,1720.0,166.02,215.0,218.35,0.0,1,33
2026-04-18,US67066G1040,NVDA,2026-06-18,call,1730.0,139.07,212.75,216.25,0.0,3,16
2026-04-18,US67066G1040,NVDA,2026-06-18,call,1740.0,140.36,210.6,214.05,0.0,49,98
2026-04-18,US67066G1040,NVDA,2026-06-18,call,1750.0,210.38,208.75,211.7,0.0,2,69
2026-04-18,US67066G1040,NVDA,2026-06-18,call,1760.0,198.0,206.45,209.8,0.0,1,7
2026-04-18,US67066G1040,NVDA,2026-06-18,call,1770.0,204.7,204.3,207.75,0.0,3,14
2026-04-18,US67066G1040,NVDA,2026-06-18,call,1780.0,202.95,202.4,205.65,0.0,4,33
2026-04-18,US67066G1040,NVDA,2026-06-18,call,1790.0,186.35,200.35,203.65,0.0,1,196
2026-04-18,US67066G1040,NVDA,2026-06-18,call,1800.0,198.0,198.5,201.45,14.402344748535157,2,230
2026-04-18,US67066G1040,NVDA,2026-06-18,call,1810.0,126.78,196.3,199.65,13.191408005371095,4,5
2026-04-18,US67066G1040,NVDA,2026-06-18,call,1820.0,126.06,194.25,197.7,12.47558814025879,2,15
2026-04-18,US67066G1040,NVDA,2026-06-18,call,1830.0,70.89,89.05,90.4,5.753237671737671,7,14
2026-04-18,US67066G1040,NVDA,2026-06-18,call,1840.0,193.85,190.55,193.8,11.583010573120118,1,69
2026-04-18,US67066G1040,NVDA,2026-06-18,call,1850.0,186.5,188.8,191.4,11.222170954895018,1,21
2026-04-18,US67066G1040,NVDA,2026-06-18,call,1860.0,150.5,186.75,190.05,10.967044161224369,3,88
2026-04-18,US67066G1040,NVDA,2026-06-18,call,1870.0,187.5,184.95,188.25,10.725833374481203,1,54
2026-04-18,US67066G1040,NVDA,2026-06-18,call,1880.0,183.81,183.1,186.2,10.490481959075929,4,47
2026-04-18,US67066G1040,NVDA,2026-06-18,call,1890.0,153.0,181.35,184.35,10.293460597839358,1,60
2026-04-18,US67066G1040,NVDA,2026-06-18,call,1900.0,175.08,179.75,182.65,10.126712655181887,9,133
2026-04-18,US67066G1040,NVDA,2026-06-18,call,1910.0,153.74,177.7,181.0,9.952274287643434,1,10
2026-04-18,US67066G1040,NVDA,2026-06-18,call,1920.0,143.45,176.05,179.3,9.804935512542727,37,89
2026-04-18,US67066G1040,NVDA,2026-06-18,call,1930.0,171.52,174.25,177.35,9.649540101852416,1,40
2026-04-18,US67066G1040,NVDA,2026-06-18,call,1940.0,169.82,172.55,175.9,9.526615373992922,1,562
2026-04-18,US67066G1040,NVDA,2026-06-18,call,1950.0,172.23,171.05,173.65,9.387089094009397,1,3
2026-04-18,US67066G1040,NVDA,2026-06-18,call,2000.0,163.0,162.9,165.5,8.8568159879303,1,50
2026-04-18,US67066G1040,NVDA,2026-06-18,call,2050.0,159.43,155.25,158.1,8.446110678215025,3,3
2026-04-18,US67066G1040,NVDA,2026-06-18,call,2100.0,147.6,148.0,150.85,8.099370172271728,1,15
2026-04-18,US67066G1040,NVDA,2026-06-18,call,2120.0,150.0,145.0,148.1,7.972168003540038,3,23
2026-04-18,US67066G1040,NVDA,2026-06-18,call,2130.0,123.0,143.6,146.6,7.90979015182495,1,1
2026-04-18,US67066G1040,NVDA,2026-06-18,call,2140.0,118.08,142.3,144.85,7.845337107391357,,0
2026-04-18,US67066G1040,NVDA,2026-06-18,call,2150.0,143.78,141.15,143.65,7.797424569625854,,1
2026-04-18,US67066G1040,NVDA,2026-06-18,call,2180.0,113.28,137.05,140.0,7.643005817337038,1,2
2026-04-18,US67066G1040,NVDA,2026-06-18,call,2190.0,135.0,135.75,138.45,7.5875249296569836,1,0
2026-04-18,US67066G1040,NVDA,2026-06-18,call,2200.0,136.1,134.65,137.45,7.548218338165283,95,108
2026-04-18,US67066G1040,NVDA,2026-06-18,call,2210.0,113.88,133.25,136.2,7.498291642761231,1,1
2026-04-18,US67066G1040,NVDA,2026-06-18,call,2220.0,134.71,132.0,134.95,7.451966017074586,2,4
2026-04-18,US67066G1040,NVDA,2026-06-18,call,2230.0,108.25,130.75,133.3,7.398316181793214,1,2
2026-04-18,US67066G1040,NVDA,2026-06-18,call,2250.0,125.0,128.55,131.2,7.322266472167969,1,2
2026-04-18,US67066G1040,NVDA,2026-06-18,call,2260.0,131.22,127.15,129.7,7.2704476892852785,12,14
2026-04-18,US67066G1040,NVDA,2026-06-18,call,2280.0,125.5,125.2,127.5,7.1997690666961685,11,22
2026-04-18,US67066G1040,NVDA,2026-06-18,call,2350.0,117.65,117.55,119.6,6.943360695800782,1,0
2026-04-18,US67066G1040,NVDA,2026-06-18,call,2400.0,111.0,112.35,114.4,6.781190488357545,20,13
2026-04-18,US67066G1040,NVDA,2026-06-18,call,2450.0,108.65,107.45,109.5,6.634156980743409,2,
2026-04-18,US67066G1040,NVDA,2026-06-18,call,2500.0,104.05,102.85,104.95,6.50171085723877,6,
2026-04-18,US67066G1040,NVDA,2026-06-18,put,0.5,0.01,0.0,0.01,4.875003906249999,40,20773
2026-04-18,US67066G1040,NVDA,2026-06-18,put,1.0,0.01,0.0,0.01,4.12500484375,1,816
2026-04-18,US67066G1040,NVDA,2026-06-18,put,1.5,0.02,0.0,0.02,4.062504921875,4017,5052
2026-04-18,US67066G1040,NVDA,2026-06-18,put,2.0,0.01,0.0,0.0,0.500005,3,0
2026-04-18,US67066G1040,NVDA,2026-06-18,put,2.5,0.01,0.0,0.01,3.3750015624999996,4,848
2026-04-18,US67066G1040,NVDA,2026-06-18,put,3.0,0.02,0.0,0.01,3.1875020312499998,4,1740
2026-04-18,US67066G1040,NVDA,2026-06-18,put,3.5,0.01,0.0,0.03,3.3750015624999996,1,862
2026-04-18,US67066G1040,NVDA,2026-06-18,put,4.0,0.01,0.0,0.01,2.93750265625,48,894
2026-04-18,US67066G1040,NVDA,2026-06-18,put,4.5,0.02,0.02,0.15,3.7656255859375003,26,1058
2026-04-18,US67066G1040,NVDA,2026-06-18,put,5.0,0.01,0.0,0.02,2.93750265625,119,3565
2026-04-18,US67066G1040,NVDA,2026-06-18,put,6.0,0.01,0.0,0.0,0.500005,10,0
2026-04-18,US67066G1040,NVDA,2026-06-18,put,7.0,0.02,0.0,0.02,2.6250034375,7,665
2026-04-18,US67066G1040,NVDA,2026-06-18,put,8.0,0.01,0.0,0.02,2.5312536718749996,10,463
2026-04-18,US67066G1040,NVDA,2026-06-18,put,9.0,0.02,0.0,0.01,2.3125042187499996,1,1457
2026-04-18,US67066G1040,NVDA,2026-06-18,put,10.0,0.01,0.0,0.02,2.3437541406249993,4,3820
2026-04-18,US67066G1040,NVDA,2026-06-18,put,11.0,0.02,0.0,0.02,2.2500043749999996,1,626
2026-04-18,US67066G1040,NVDA,2026-06-18,put,12.0,0.01,0.0,0.01,2.0625048437499998,1,1169
2026-04-18,US67066G1040,NVDA,2026-06-18,put,13.0,0.01,0.0,0.02,2.1250046874999997,1,2892
2026-04-18,US67066G1040,NVDA,2026-06-18,put,14.0,0.02,0.0,0.02,2.0625048437499998,10,1576
2026-04-18,US67066G1040,NVDA,2026-06-18,put,15.0,0.01,0.0,0.02,2.000005,5,2322
2026-04-18,US67066G1040,NVDA,2026-06-18,put,16.0,0.02,0.0,0.02,1.96875015625,2,319
2026-04-18,US67066G1040,NVDA,2026-06-18,put,17.0,0.02,0.0,0.02,1.9062504687500001,1,993
2026-04-18,US67066G1040,NVDA,2026-06-18,put,18.0,0.02,0.0,0.02,1.875000625,5,847
2026-04-18,US67066G1040,NVDA,2026-06-18,put,19.0,0.01,0.0,0.02,1.8125009374999999,2,469
2026-04-18,US67066G1040,NVDA,2026-06-18,put,20.0,0.01,0.0,0.02,1.78125109375,10,4664
2026-04-18,US67066G1040,NVDA,2026-06-18,put,21.0,0.02,0.0,0.02,1.75000125,7,665
2026-04-18,US67066G1040,NVDA,2026-06-18,put,22.0,0.03,0.0,0.0,0.500005,9,0
2026-04-18,US67066G1040,NVDA,2026-06-18,put,23.0,0.01,0.0,0.03,1.734376328125,721,2727
2026-04-18,US67066G1040,NVDA,2026-06-18,put,24.0,0.01,0.0,0.0,0.500005,100,0
2026-04-18,US67066G1040,NVDA,2026-06-18,put,25.0,0.04,0.0,0.02,1.609376953125,6,20547
2026-04-18,US67066G1040,NVDA,2026-06-18,put,26.0,0.02,0.0,0.03,1.625001875,1,3053
2026-04-18,US67066G1040,NVDA,2026-06-18,put,27.0,0.01,0.0,0.03,1.5937520312499998,1,200
2026-04-18,US67066G1040,NVDA,2026-06-18,put,28.0,0.01,0.0,0.03,1.5781271093749998,1,1508
2026-04-18,US67066G1040,NVDA,2026-06-18,put,29.0,0.01,0.0,0.03,1.5468772656249998,14,578
2026-04-18,US67066G1040,NVDA,2026-06-18,put,30.0,0.01,0.0,0.03,1.5156274218749999,44,11098
2026-04-18,US67066G1040,NVDA,2026-06-18,put,31.0,0.05,0.0,0.03,1.484377578125,20,902
2026-04-18,US67066G1040,NVDA,2026-06-18,put,32.0,0.01,0.01,0.03,1.5000025,1,822
2026-04-18,US67066G1040,NVDA,2026-06-18,put,33.0,0.01,0.01,0.03,1.4765651171875,2,1938
2026-04-18,US67066G1040,NVDA,2026-06-18,put,34.0,0.1,0.01,0.03,1.453127734375,1,1890
2026-04-18,US67066G1040,NVDA,2026-06-18,put,35.0,0.02,0.01,0.03,1.4296903515625,2,5256
2026-04-18,US67066G1040,NVDA,2026-06-18,put,36.0,0.02,0.01,0.03,1.40625296875,15,956
2026-04-18,US67066G1040,NVDA,2026-06-18,put,37.0,0.01,0.01,0.02,1.3437532812499997,240,656
2026-04-18,US67066G1040,NVDA,2026-06-18,put,38.0,0.02,0.01,0.03,1.359378203125,1,2167
2026-04-18,US67066G1040,NVDA,2026-06-18,put,39.0,0.02,0.01,0.03,1.3437532812499997,10,1132
2026-04-18,US67066G1040,NVDA,2026-06-18,put,40.0,0.01,0.01,0.03,1.3203158984374999,10,3623
2026-04-18,US67066G1040,NVDA,2026-06-18,put,41.0,0.01,0.01,0.03,1.2968785156249998,13,530
2026-04-18,US67066G1040,NVDA,2026-06-18,put,42.0,0.02,0.01,0.03,1.2812535937499998,3,825
2026-04-18,US67066G1040,NVDA,2026-06-18,put,43.0,0.02,0.01,0.03,1.2656286718749998,2,1666
2026-04-18,US67066G1040,NVDA,2026-06-18,put,44.0,0.02,0.01,0.03,1.2421912890624998,10,1697
2026-04-18,US67066G1040,NVDA,2026-06-18,put,45.0,0.01,0.01,0.03,1.2265663671875,720,5208
2026-04-18,US67066G1040,NVDA,2026-06-18,put,46.0,0.02,0.01,0.04,1.2343788281249999,70,1536
2026-04-18,US67066G1040,NVDA,2026-06-18,put,47.0,0.02,0.01,0.04,1.21875390625,2,1486
2026-04-18,US67066G1040,NVDA,2026-06-18,put,48.0,0.08,0.0,0.0,0.500005,10,0
2026-04-18,US67066G1040,NVDA,2026-06-18,put,49.0,0.02,0.02,0.04,1.203128984375,33,3441
2026-04-18,US67066G1040,NVDA,2026-06-18,put,50.0,0.01,0.02,0.05,1.203128984375,59,8539
2026-04-18,US67066G1040,NVDA,2026-06-18,put,51.0,0.02,0.02,0.05,1.1875040625,40,910
2026-04-18,US67066G1040,NVDA,2026-06-18,put,52.0,0.03,0.02,0.05,1.171879140625,18,6042
2026-04-18,US67066G1040,NVDA,2026-06-18,put,53.0,0.02,0.02,0.05,1.15234798828125,2,1016
2026-04-18,US67066G1040,NVDA,2026-06-18,put,54.0,0.02,0.02,0.05,1.1367230664062502,2,723
2026-04-18,US67066G1040,NVDA,2026-06-18,put,55.0,0.02,0.02,0.05,1.12109814453125,7,5593
2026-04-18,US67066G1040,NVDA,2026-06-18,put,56.0,0.02,0.02,0.05,1.109379453125,2,1630
2026-04-18,US67066G1040,NVDA,2026-06-18,put,57.0,0.05,0.02,0.05,1.09375453125,5,1963
2026-04-18,US67066G1040,NVDA,2026-06-18,put,58.0,0.03,0.02,0.05,1.0781296093750001,2,4139
2026-04-18,US67066G1040,NVDA,2026-06-18,put,59.0,0.03,0.02,0.06,1.0781296093750001,1,973
2026-04-18,US67066G1040,NVDA,2026-06-18,put,60.0,0.03,0.02,0.06,1.0625046875000002,3,7947
2026-04-18,US67066G1040,NVDA,2026-06-18,put,61.0,0.04,0.02,0.06,1.0468797656250002,4,1104
2026-04-18,US67066G1040,NVDA,2026-06-18,put,62.0,0.02,0.03,0.06,1.0468797656250002,2,520
2026-04-18,US67066G1040,NVDA,2026-06-18,put,63.0,0.13,0.0,0.0,0.500005,59,0
2026-04-18,US67066G1040,NVDA,2026-06-18,put,64.0,0.09,0.03,0.06,1.01953615234375,5,1786
2026-04-18,US67066G1040,NVDA,2026-06-18,put,65.0,0.04,0.03,0.06,1.0078174609375,3,4200
2026-04-18,US67066G1040,NVDA,2026-06-18,put,66.0,0.05,0.03,0.06,0.992187578125,7,944
2026-04-18,US67066G1040,NVDA,2026-06-18,put,67.0,0.06,0.03,0.06,0.9804689453125001,606,1484
2026-04-18,US67066G1040,NVDA,2026-06-18,put,68.0,0.05,0.04,0.06,0.9804689453125001,1,1049
2026-04-18,US67066G1040,NVDA,2026-06-18,put,69.0,0.06,0.04,0.07,0.9765627343750001,66,3492
2026-04-18,US67066G1040,NVDA,2026-06-18,put,70.0,0.04,0.04,0.07,0.9648441015625,26,69829
2026-04-18,US67066G1040,NVDA,2026-06-18,put,71.0,0.09,0.04,0.07,0.9492192578124999,5,928
2026-04-18,US67066G1040,NVDA,2026-06-18,put,72.0,0.04,0.04,0.07,0.937500625,1,3737
2026-04-18,US67066G1040,NVDA,2026-06-18,put,73.0,0.06,0.05,0.07,0.9355475195312499,14,16330
2026-04-18,US67066G1040,NVDA,2026-06-18,put,74.0,0.06,0.05,0.07,0.92187578125,5,2927
2026-04-18,US67066G1040,NVDA,2026-06-18,put,75.0,0.06,0.05,0.07,0.9101571484375,4,75517
2026-04-18,US67066G1040,NVDA,2026-06-18,put,76.0,0.06,0.05,0.07,0.9003916210937499,2,14906
2026-04-18,US67066G1040,NVDA,2026-06-18,put,77.0,0.06,0.06,0.07,0.8964854101562498,2,1728
2026-04-18,US67066G1040,NVDA,2026-06-18,put,78.0,0.08,0.06,0.07,0.88476677734375,2,1298
2026-04-18,US67066G1040,NVDA,2026-06-18,put,79.0,0.09,0.06,0.08,0.8808605664062499,88,1031
2026-04-18,US67066G1040,NVDA,2026-06-18,put,80.0,0.07,0.06,0.08,0.86914193359375,10,24214
2026-04-18,US67066G1040,NVDA,2026-06-18,put,81.0,0.07,0.06,0.08,0.85937640625,1,1088
2026-04-18,US67066G1040,NVDA,2026-06-18,put,82.0,0.11,0.07,0.08,0.8535170898437501,2,2059
2026-04-18,US67066G1040,NVDA,2026-06-18,put,83.0,0.08,0.07,0.08,0.8437515624999999,2,1412
2026-04-18,US67066G1040,NVDA,2026-06-18,put,84.0,0.08,0.07,0.09,0.8378922460937499,5,912
2026-04-18,US67066G1040,NVDA,2026-06-18,put,85.0,0.07,0.07,0.09,0.8281267187499999,360,18050
2026-04-18,US67066G1040,NVDA,2026-06-18,put,86.0,0.12,0.07,0.09,0.8164080859374999,3,1701
2026-04-18,US67066G1040,NVDA,2026-06-18,put,87.0,0.09,0.08,0.09,0.8125018749999999,2,2131
2026-04-18,US67066G1040,NVDA,2026-06-18,put,88.0,0.09,0.08,0.09,0.8027363476562499,2,1098
2026-04-18,US67066G1040,NVDA,2026-06-18,put,89.0,0.1,0.08,0.1,0.79687703125,290,1134
2026-04-18,US67066G1040,NVDA,2026-06-18,put,90.0,0.09,0.09,0.1,0.79101771484375,106,29833
2026-04-18,US67066G1040,NVDA,2026-06-18,put,91.0,0.27,0.08,0.1,0.7773459765625,10,1248
2026-04-18,US67066G1040,NVDA,2026-06-18,put,92.0,0.11,0.09,0.1,0.77148666015625,50,1222
2026-04-18,US67066G1040,NVDA,2026-06-18,put,93.0,0.11,0.09,0.11,0.7666038964843751,40,2602
2026-04-18,US67066G1040,NVDA,2026-06-18,put,94.0,0.16,0.09,0.11,0.75586181640625,2,1526
2026-04-18,US67066G1040,NVDA,2026-06-18,put,95.0,0.11,0.1,0.11,0.75195560546875,2,5717
2026-04-18,US67066G1040,NVDA,2026-06-18,put,96.0,0.11,0.1,0.11,0.7421900781249999,2,3605
2026-04-18,US67066G1040,NVDA,2026-06-18,put,97.0,0.11,0.1,0.12,0.73633076171875,1,6067
2026-04-18,US67066G1040,NVDA,2026-06-18,put,98.0,0.12,0.11,0.12,0.7304714453125,2,2476
2026-04-18,US67066G1040,NVDA,2026-06-18,put,99.0,0.12,0.11,0.13,0.7246121289062499,92,3067
2026-04-18,US67066G1040,NVDA,2026-06-18,put,100.0,0.13,0.12,0.13,0.7187528125,150,42860
2026-04-18,US67066G1040,NVDA,2026-06-18,put,101.0,0.11,0.12,0.14,0.7128934960937501,2,1748
2026-04-18,US67066G1040,NVDA,2026-06-18,put,102.0,0.15,0.12,0.14,0.70312796875,1,2323
2026-04-18,US67066G1040,NVDA,2026-06-18,put,103.0,0.13,0.13,0.15,0.70117486328125,1,1789
2026-04-18,US67066G1040,NVDA,2026-06-18,put,104.0,0.16,0.14,0.16,0.6972686523437501,20,1449
2026-04-18,US67066G1040,NVDA,2026-06-18,put,105.0,0.17,0.15,0.16,0.6914093359375001,100,11398
2026-04-18,US67066G1040,NVDA,2026-06-18,put,106.0,0.16,0.15,0.17,0.68555001953125,11,856
2026-04-18,US67066G1040,NVDA,2026-06-18,put,107.0,0.15,0.16,0.18,0.6816438085937502,5,1532
2026-04-18,US67066G1040,NVDA,2026-06-18,put,108.0,0.25,0.16,0.18,0.6718782812500002,3,1758
2026-04-18,US67066G1040,NVDA,2026-06-18,put,109.0,0.2,0.17,0.2,0.6709017285156251,4,608
2026-04-18,US67066G1040,NVDA,2026-06-18,put,110.0,0.19,0.18,0.2,0.6640658593750002,1092,21380
2026-04-18,US67066G1040,NVDA,2026-06-18,put,111.0,0.22,0.19,0.22,0.6621127539062501,20,901
2026-04-18,US67066G1040,NVDA,2026-06-18,put,112.0,0.23,0.2,0.22,0.6552768847656252,1,4895
2026-04-18,US67066G1040,NVDA,2026-06-18,put,113.0,0.24,0.21,0.23,0.65039412109375,11,1730
2026-04-18,US67066G1040,NVDA,2026-06-18,put,114.0,0.25,0.22,0.24,0.6455113574218749,10,2077
2026-04-18,US67066G1040,NVDA,2026-06-18,put,115.0,0.25,0.23,0.25,0.64062859375,24,11262
2026-04-18,US67066G1040,NVDA,2026-06-18,put,116.0,0.27,0.24,0.27,0.637698935546875,27,1152
2026-04-18,US67066G1040,NVDA,2026-06-18,put,117.0,0.27,0.25,0.28,0.6323278955078125,3,1431
2026-04-18,US67066G1040,NVDA,2026-06-18,put,118.0,0.3,0.26,0.29,0.6269568554687501,28,4896
2026-04-18,US67066G1040,NVDA,2026-06-18,put,119.0,0.26,0.28,0.3,0.62305064453125,2,2610
2026-04-18,US67066G1040,NVDA,2026-06-18,put,120.0,0.29,0.29,0.32,0.6191444335937502,149,29127
2026-04-18,US67066G1040,NVDA,2026-06-18,put,121.0,0.33,0.3,0.33,0.6132851171875001,51,2373
2026-04-18,US67066G1040,NVDA,2026-06-18,put,122.0,0.36,0.31,0.34,0.6074258007812501,11,1778
2026-04-18,US67066G1040,NVDA,2026-06-18,put,123.0,0.37,0.33,0.36,0.6044961425781252,53,2080
2026-04-18,US67066G1040,NVDA,2026-06-18,put,124.0,0.35,0.34,0.37,0.5986368261718751,3,7142
2026-04-18,US67066G1040,NVDA,2026-06-18,put,125.0,0.4,0.36,0.38,0.5937540625000001,69,12214
2026-04-18,US67066G1040,NVDA,2026-06-18,put,126.0,0.42,0.37,0.4,0.5888712988281251,3,3096
2026-04-18,US67066G1040,NVDA,2026-06-18,put,127.0,0.44,0.39,0.42,0.584965087890625,1,3503
2026-04-18,US67066G1040,NVDA,2026-06-18,put,128.0,0.46,0.41,0.44,0.5810588769531251,2,10978
2026-04-18,US67066G1040,NVDA,2026-06-18,put,129.0,0.48,0.43,0.46,0.577152666015625,8,2829
2026-04-18,US67066G1040,NVDA,2026-06-18,put,130.0,0.47,0.45,0.48,0.5727581787109376,328,35453
2026-04-18,US67066G1040,NVDA,2026-06-18,put,132.0,0.51,0.49,0.52,0.5634809277343751,132,24341
2026-04-18,US67066G1040,NVDA,2026-06-18,put,134.0,0.58,0.53,0.56,0.5537154003906251,23,5544
2026-04-18,US67066G1040,NVDA,2026-06-18,put,135.0,0.57,0.55,0.58,0.5488326367187502,409,16012
2026-04-18,US67066G1040,NVDA,2026-06-18,put,136.0,0.6,0.58,0.6,0.5444381494140625,100,4888
2026-04-18,US67066G1040,NVDA,2026-06-18,put,138.0,0.68,0.63,0.66,0.5363815893554689,197,13689
2026-04-18,US67066G1040,NVDA,2026-06-18,put,140.0,0.69,0.68,0.72,0.5275926147460939,1701,82382
2026-04-18,US67066G1040,NVDA,2026-06-18,put,142.0,0.78,0.75,0.78,0.5195360546875,226,7504
2026-04-18,US67066G1040,NVDA,2026-06-18,put,144.0,0.88,0.82,0.84,0.5107470800781251,10,3188
2026-04-18,US67066G1040,NVDA,2026-06-18,put,145.0,0.89,0.85,0.88,0.5065967309570312,231,20987
2026-04-18,US67066G1040,NVDA,2026-06-18,put,146.0,0.96,0.89,0.92,0.5026905200195313,53,8119
2026-04-18,US67066G1040,NVDA,2026-06-18,put,148.0,1.04,0.97,1.0,0.49609878906250005,262,8547
2026-04-18,US67066G1040,NVDA,2026-06-18,put,150.0,1.09,1.07,1.09,0.48816429809570316,4985,66951
2026-04-18,US67066G1040,NVDA,2026-06-18,put,152.0,1.18,1.17,1.21,0.48242705078125003,106,9711
2026-04-18,US67066G1040,NVDA,2026-06-18,put,154.0,1.3,1.29,1.33,0.47559118164062497,388,10197
2026-04-18,US67066G1040,NVDA,2026-06-18,put,155.0,1.37,1.36,1.39,0.47192910888671874,1045,22075
2026-04-18,US67066G1040,NVDA,2026-06-18,put,156.0,1.45,1.43,1.45,0.4679008288574219,186,4146
2026-04-18,US67066G1040,NVDA,2026-06-18,put,158.0,1.58,1.57,1.6,0.46179737426757816,238,7089
2026-04-18,US67066G1040,NVDA,2026-06-18,put,160.0,1.74,1.73,1.75,0.4547173669433594,1932,44823
2026-04-18,US67066G1040,NVDA,2026-06-18,put,162.0,1.91,1.91,1.94,0.44946839599609373,552,13401
2026-04-18,US67066G1040,NVDA,2026-06-18,put,164.0,2.13,2.1,2.12,0.4425104577636719,464,8980
2026-04-18,US67066G1040,NVDA,2026-06-18,put,165.0,2.21,2.21,2.23,0.4398249377441406,902,24689
2026-04-18,US67066G1040,NVDA,2026-06-18,put,166.0,2.34,2.32,2.35,0.437505625,306,10753
2026-04-18,US67066G1040,NVDA,2026-06-18,put,167.0,2.43,2.42,2.47,0.43494217407226565,57,4169
2026-04-18,US67066G1040,NVDA,2026-06-18,put,168.0,2.57,2.54,2.59,0.43201251586914063,75,3554
2026-04-18,US67066G1040,NVDA,2026-06-18,put,169.0,2.77,2.67,2.72,0.4293269958496094,47,4400
2026-04-18,US67066G1040,NVDA,2026-06-18,put,170.0,2.84,2.8,2.86,0.4270076831054688,803,39907
2026-04-18,US67066G1040,NVDA,2026-06-18,put,171.0,3.05,2.95,3.0,0.4242000939941406,154,5440
2026-04-18,US67066G1040,NVDA,2026-06-18,put,172.0,3.12,3.05,3.15,0.42175871215820315,95,7120
2026-04-18,US67066G1040,NVDA,2026-06-18,put,173.0,3.25,3.25,3.35,0.4213314703369141,93,2853
2026-04-18,US67066G1040,NVDA,2026-06-18,put,174.0,3.58,3.4,3.5,0.4181576739501953,33,3646
2026-04-18,US67066G1040,NVDA,2026-06-18,put,175.0,3.59,3.55,3.65,0.4146787048339844,919,23027
2026-04-18,US67066G1040,NVDA,2026-06-18,put,176.0,3.8,3.75,3.85,0.41321387573242185,72,4319
2026-04-18,US67066G1040,NVDA,2026-06-18,put,177.0,3.96,3.95,4.05,0.41138283935546877,121,3281
2026-04-18,US67066G1040,NVDA,2026-06-18,put,178.0,4.25,4.1,4.2,0.40704938659667966,92,4180
2026-04-18,US67066G1040,NVDA,2026-06-18,put,179.0,4.33,4.35,4.4,0.40454697021484376,164,3131
2026-04-18,US67066G1040,NVDA,2026-06-18,put,180.0,4.57,4.55,4.65,0.40381455566406255,2046,28474
2026-04-18,US67066G1040,NVDA,2026-06-18,put,181.0,4.83,4.75,4.85,0.40064075927734377,147,5312
2026-04-18,US67066G1040,NVDA,2026-06-18,put,182.0,5.07,5.0,5.1,0.3991759301757813,647,3756
2026-04-18,US67066G1040,NVDA,2026-06-18,put,183.0,5.3,5.25,5.35,0.39722282470703124,45,4109
2026-04-18,US67066G1040,NVDA,2026-06-18,put,184.0,5.55,5.5,5.6,0.39502558105468755,107,2820
2026-04-18,US67066G1040,NVDA,2026-06-18,put,185.0,5.79,5.75,5.85,0.3924621301269531,787,9521
2026-04-18,US67066G1040,NVDA,2026-06-18,put,186.0,6.2,6.05,6.15,0.3913635083007812,132,3795
2026-04-18,US67066G1040,NVDA,2026-06-18,put,187.0,6.39,6.3,6.4,0.3880676428222656,309,2561
2026-04-18,US67066G1040,NVDA,2026-06-18,put,188.0,6.7,6.6,6.7,0.38623660644531244,926,2598
2026-04-18,US67066G1040,NVDA,2026-06-18,put,189.0,7.08,6.9,7.0,0.38403936279296874,44,2867
2026-04-18,US67066G1040,NVDA,2026-06-18,put,190.0,7.27,7.25,7.35,0.3831238446044921,2176,18659
2026-04-18,US67066G1040,NVDA,2026-06-18,put,191.0,7.75,7.55,7.7,0.38184211914062494,55,1881
2026-04-18,US67066G1040,NVDA,2026-06-18,put,192.0,8.24,7.9,8.0,0.37854625366210937,137,3580
2026-04-18,US67066G1040,NVDA,2026-06-18,put,193.0,8.3,8.25,8.4,0.3781800463867187,199,3879
2026-04-18,US67066G1040,NVDA,2026-06-18,put,194.0,8.71,8.65,8.75,0.37573866455078125,79,2037
2026-04-18,US67066G1040,NVDA,2026-06-18,put,195.0,9.05,9.0,9.15,0.3745790081787109,2724,11749
2026-04-18,US67066G1040,NVDA,2026-06-18,put,200.0,11.2,11.1,11.25,0.36597313720703123,1765,9198
2026-04-18,US67066G1040,NVDA,2026-06-18,put,205.0,13.7,13.55,13.7,0.35834381896972656,757,2810
2026-04-18,US67066G1040,NVDA,2026-06-18,put,210.0,16.53,16.35,16.5,0.35144691528320304,260,4267
2026-04-18,US67066G1040,NVDA,2026-06-18,put,212.0,18.13,17.55,17.7,0.34833415344238283,32,336
2026-04-18,US67066G1040,NVDA,2026-06-18,put,213.0,19.1,18.2,18.35,0.3477238079833984,25,319
2026-04-18,US67066G1040,NVDA,2026-06-18,put,214.0,19.55,18.85,19.0,0.3467472552490234,2,588
2026-04-18,US67066G1040,NVDA,2026-06-18,put,215.0,19.7,19.5,19.65,0.34540449523925776,280,959
2026-04-18,US67066G1040,NVDA,2026-06-18,put,216.0,21.65,20.15,20.3,0.34363449340820307,8,485
2026-04-18,US67066G1040,NVDA,2026-06-18,put,217.0,21.4,20.8,20.95,0.3414372497558594,8,246
2026-04-18,US67066G1040,NVDA,2026-06-18,put,218.0,21.95,21.5,21.7,0.3421696643066406,1,373
2026-04-18,US67066G1040,NVDA,2026-06-18,put,219.0,23.25,22.2,22.4,0.340826904296875,9,288
2026-04-18,US67066G1040,NVDA,2026-06-18,put,220.0,23.05,22.95,23.1,0.3391179370117187,367,2017
2026-04-18,US67066G1040,NVDA,2026-06-18,put,221.0,25.15,23.65,23.85,0.3386906951904296,126,555
2026-04-18,US67066G1040,NVDA,2026-06-18,put,222.0,25.35,24.4,24.6,0.3379582806396484,4,534
2026-04-18,US67066G1040,NVDA,2026-06-18,put,223.0,29.45,25.15,25.35,0.3367986242675781,3,392
2026-04-18,US67066G1040,NVDA,2026-06-18,put,224.0,26.8,25.9,26.05,0.3333196551513672,5,462
2026-04-18,US67066G1040,NVDA,2026-06-18,put,225.0,27.41,26.65,26.85,0.3332586206054688,6,828
2026-04-18,US67066G1040,NVDA,2026-06-18,put,226.0,31.05,27.45,27.65,0.3328313787841797,40,433
2026-04-18,US67066G1040,NVDA,2026-06-18,put,227.0,31.35,28.25,28.45,0.3320379296875,45,458
2026-04-18,US67066G1040,NVDA,2026-06-18,put,228.0,29.35,29.05,29.25,0.33081723876953123,54,299
2026-04-18,US67066G1040,NVDA,2026-06-18,put,230.0,32.5,30.65,30.9,0.3293524096679687,2,313
2026-04-18,US67066G1040,NVDA,2026-06-18,put,235.0,36.85,34.9,35.1,0.3220282641601562,11,30
2026-04-18,US67066G1040,NVDA,2026-06-18,put,240.0,40.35,39.3,39.55,0.3177558459472656,5,3
2026-04-18,US67066G1040,NVDA,2026-06-18,put,245.0,44.82,43.85,44.1,0.309577216796875,1,2
2026-04-18,US67066G1040,NVDA,2026-06-18,put,250.0,49.9,48.55,48.8,0.30249720947265624,5,0
2026-04-18,US67066G1040,NVDA,2026-06-18,put,255.0,82.2,53.4,53.6,0.2954172021484375,1,0
2026-04-18,US67066G1040,NVDA,2026-06-18,put,260.0,87.18,58.3,58.5,0.29492892578124996,1,1
2026-04-18,US67066G1040,NVDA,2026-06-18,put,265.0,85.55,0.0,0.0,1.0000000000000003e-05,3,0
2026-04-18,US67066G1040,NVDA,2026-06-18,put,270.0,89.13,0.0,0.0,1.0000000000000003e-05,6,0
2026-04-18,US67066G1040,NVDA,2026-06-18,put,275.0,95.75,0.0,0.0,1.0000000000000003e-05,3,0
2026-04-18,US67066G1040,NVDA,2026-06-18,put,280.0,98.0,75.3,81.65,0.6478306701660157,1,0
2026-04-18,US67066G1040,NVDA,2026-06-18,put,285.0,90.15,80.3,86.8,0.6795686340332032,1,0
2026-04-18,US67066G1040,NVDA,2026-06-18,put,290.0,95.13,85.4,91.55,0.6883576086425782,1,1
2026-04-18,US67066G1040,NVDA,2026-06-18,put,295.0,100.15,90.3,96.8,0.7247341979980468,1,0
2026-04-18,US67066G1040,NVDA,2026-06-18,put,300.0,105.13,95.4,101.55,0.7318142053222656,1,1
2026-04-18,US67066G1040,NVDA,2026-06-18,put,310.0,117.22,0.0,0.0,1.0000000000000003e-05,3,0
2026-04-18,US67066G1040,NVDA,2026-06-18,put,320.0,125.03,131.05,134.1,1.2969395504760741,2,0
2026-04-18,US67066G1040,NVDA,2026-06-18,put,330.0,148.5,0.0,0.0,1.0000000000000003e-05,10,0
2026-04-18,US67066G1040,NVDA,2026-06-18,put,340.0,152.17,155.35,159.8,1.561769769287109,110,0
2026-04-18,US67066G1040,NVDA,2026-06-18,put,350.0,138.7,167.1,170.1,1.6394060998535154,9,0
2026-04-18,US67066G1040,NVDA,2026-06-18,put,360.0,158.94,177.0,180.2,1.6805435894775391,1,0
2026-04-18,US67066G1040,NVDA,2026-06-18,put,370.0,10.16,8.75,10.0,1.0000000000000003e-05,1,25
2026-04-18,US67066G1040,NVDA,2026-06-18,put,380.0,12.0,9.45,10.7,1.0000000000000003e-05,20,76
2026-04-18,US67066G1040,NVDA,2026-06-18,put,390.0,11.09,10.2,11.45,1.0000000000000003e-05,5,83
2026-04-18,US67066G1040,NVDA,2026-06-18,put,400.0,12.3,11.3,12.0,1.0000000000000003e-05,1,172
2026-04-18,US67066G1040,NVDA,2026-06-18,put,410.0,13.12,11.8,13.05,1.0000000000000003e-05,4,39
2026-04-18,US67066G1040,NVDA,2026-06-18,put,420.0,234.85,0.0,0.0,1.0000000000000003e-05,3,0
2026-04-18,US67066G1040,NVDA,2026-06-18,put,430.0,17.8,13.55,14.85,1.0000000000000003e-05,2,54
2026-04-18,US67066G1040,NVDA,2026-06-18,put,440.0,15.5,14.5,15.8,1.0000000000000003e-05,10,146
2026-04-18,US67066G1040,NVDA,2026-06-18,put,450.0,16.7,15.85,16.7,1.0000000000000003e-05,1,383
2026-04-18,US67066G1040,NVDA,2026-06-18,put,460.0,19.9,16.55,17.9,1.0000000000000003e-05,5,34
2026-04-18,US67066G1040,NVDA,2026-06-18,put,470.0,19.65,17.6,19.0,1.0000000000000003e-05,3,124
2026-04-18,US67066G1040,NVDA,2026-06-18,put,480.0,20.5,18.75,20.15,1.0000000000000003e-05,2,82
2026-04-18,US67066G1040,NVDA,2026-06-18,put,490.0,21.17,19.95,21.35,1.0000000000000003e-05,1,81
2026-04-18,US67066G1040,NVDA,2026-06-18,put,500.0,22.35,21.55,22.5,1.0000000000000003e-05,5,323
2026-04-18,US67066G1040,NVDA,2026-06-18,put,510.0,28.35,22.45,23.95,1.0000000000000003e-05,1,36
2026-04-18,US67066G1040,NVDA,2026-06-18,put,520.0,24.7,24.15,25.25,1.0000000000000003e-05,6,632
2026-04-18,US67066G1040,NVDA,2026-06-18,put,530.0,26.68,25.25,26.7,1.0000000000000003e-05,3,118
2026-04-18,US67066G1040,NVDA,2026-06-18,put,540.0,27.52,26.7,28.15,1.0000000000000003e-05,1,42
2026-04-18,US67066G1040,NVDA,2026-06-18,put,550.0,30.15,28.7,29.65,1.0000000000000003e-05,25,168
2026-04-18,US67066G1040,NVDA,2026-06-18,put,560.0,32.75,30.0,31.2,1.0000000000000003e-05,1,19
2026-04-18,US67066G1040,NVDA,2026-06-18,put,570.0,39.7,31.7,32.9,1.0000000000000003e-05,14,76
2026-04-18,US67066G1040,NVDA,2026-06-18,put,580.0,41.62,33.25,34.6,1.0000000000000003e-05,3,79
2026-04-18,US67066G1040,NVDA,2026-06-18,put,590.0,36.61,35.0,36.45,1.0000000000000003e-05,2,54
2026-04-18,US67066G1040,NVDA,2026-06-18,put,600.0,40.1,37.05,38.15,1.0000000000000003e-05,1,635
2026-04-18,US67066G1040,NVDA,2026-06-18,put,610.0,40.0,38.9,40.1,1.0000000000000003e-05,3,71
2026-04-18,US67066G1040,NVDA,2026-06-18,put,620.0,74.68,40.5,42.15,1.0000000000000003e-05,1,53
2026-04-18,US67066G1040,NVDA,2026-06-18,put,630.0,44.25,42.5,44.6,1.0000000000000003e-05,11,62
2026-04-18,US67066G1040,NVDA,2026-06-18,put,640.0,47.21,44.5,46.1,1.0000000000000003e-05,1,64
2026-04-18,US67066G1040,NVDA,2026-06-18,put,650.0,50.14,46.95,48.35,1.0000000000000003e-05,5,145
2026-04-18,US67066G1040,NVDA,2026-06-18,put,660.0,53.68,48.75,50.45,1.0000000000000003e-05,2,124
2026-04-18,US67066G1040,NVDA,2026-06-18,put,670.0,57.3,51.05,52.75,1.0000000000000003e-05,17,40
2026-04-18,US67066G1040,NVDA,2026-06-18,put,680.0,60.05,53.25,55.05,1.0000000000000003e-05,3,42
2026-04-18,US67066G1040,NVDA,2026-06-18,put,690.0,57.05,55.6,57.35,1.0000000000000003e-05,1,55
2026-04-18,US67066G1040,NVDA,2026-06-18,put,700.0,58.93,58.4,59.9,1.0000000000000003e-05,4,6837
2026-04-18,US67066G1040,NVDA,2026-06-18,put,710.0,64.86,60.7,62.7,1.0000000000000003e-05,1,18
2026-04-18,US67066G1040,NVDA,2026-06-18,put,720.0,67.23,63.15,65.1,1.0000000000000003e-05,3,59
2026-04-18,US67066G1040,NVDA,2026-06-18,put,730.0,73.47,65.05,68.05,1.0000000000000003e-05,10,1382
2026-04-18,US67066G1040,NVDA,2026-06-18,put,740.0,68.87,68.55,70.25,1.0000000000000003e-05,1,31
2026-04-18,US67066G1040,NVDA,2026-06-18,put,750.0,73.25,71.35,73.05,1.0000000000000003e-05,7,7717
2026-04-18,US67066G1040,NVDA,2026-06-18,put,760.0,74.8,73.3,76.0,1.0000000000000003e-05,2,1454
2026-04-18,US67066G1040,NVDA,2026-06-18,put,770.0,77.13,76.95,78.85,1.0000000000000003e-05,2,116
2026-04-18,US67066G1040,NVDA,2026-06-18,put,780.0,82.18,79.85,81.8,1.0000000000000003e-05,10,39
2026-04-18,US67066G1040,NVDA,2026-06-18,put,790.0,88.23,82.8,84.8,1.0000000000000003e-05,1,26
2026-04-18,US67066G1040,NVDA,2026-06-18,put,800.0,91.0,85.95,87.75,1.0000000000000003e-05,2,260
2026-04-18,US67066G1040,NVDA,2026-06-18,put,810.0,98.25,88.95,90.9,1.0000000000000003e-05,2,23
2026-04-18,US67066G1040,NVDA,2026-06-18,put,820.0,92.06,92.1,94.1,1.0000000000000003e-05,2,82
2026-04-18,US67066G1040,NVDA,2026-06-18,put,830.0,154.65,95.3,97.35,1.0000000000000003e-05,6,6
2026-04-18,US67066G1040,NVDA,2026-06-18,put,840.0,101.52,98.6,100.75,1.0000000000000003e-05,12,39
2026-04-18,US67066G1040,NVDA,2026-06-18,put,850.0,114.55,102.05,104.0,1.0000000000000003e-05,2,35
2026-04-18,US67066G1040,NVDA,2026-06-18,put,860.0,108.32,105.3,107.45,1.0000000000000003e-05,3,45
2026-04-18,US67066G1040,NVDA,2026-06-18,put,870.0,131.8,108.8,110.95,1.0000000000000003e-05,4,61
2026-04-18,US67066G1040,NVDA,2026-06-18,put,880.0,121.0,112.3,114.5,1.0000000000000003e-05,10,31
2026-04-18,US67066G1040,NVDA,2026-06-18,put,890.0,129.25,115.9,118.15,1.0000000000000003e-05,1,10
2026-04-18,US67066G1040,NVDA,2026-06-18,put,900.0,122.85,119.65,121.75,1.0000000000000003e-05,1,187
2026-04-18,US67066G1040,NVDA,2026-06-18,put,910.0,134.5,123.2,125.55,1.0000000000000003e-05,5,25
2026-04-18,US67066G1040,NVDA,2026-06-18,put,920.0,129.86,127.0,129.35,1.0000000000000003e-05,3,12
2026-04-18,US67066G1040,NVDA,2026-06-18,put,930.0,132.94,130.8,133.25,1.0000000000000003e-05,2,7
2026-04-18,US67066G1040,NVDA,2026-06-18,put,940.0,137.84,134.75,137.15,1.0000000000000003e-05,1,28
2026-04-18,US67066G1040,NVDA,2026-06-18,put,950.0,141.2,138.75,141.05,1.0000000000000003e-05,220,161
2026-04-18,US67066G1040,NVDA,2026-06-18,put,960.0,156.95,142.7,145.2,1.0000000000000003e-05,4,13
2026-04-18,US67066G1040,NVDA,2026-06-18,put,970.0,146.8,146.75,149.25,1.0000000000000003e-05,11,20
2026-04-18,US67066G1040,NVDA,2026-06-18,put,980.0,155.0,150.85,153.4,1.0000000000000003e-05,5,29
2026-04-18,US67066G1040,NVDA,2026-06-18,put,990.0,156.59,155.0,157.65,1.0000000000000003e-05,100,106
2026-04-18,US67066G1040,NVDA,2026-06-18,put,1000.0,160.25,159.4,161.9,1.0000000000000003e-05,3,451
2026-04-18,US67066G1040,NVDA,2026-06-18,put,1010.0,168.65,163.55,166.1,1.0000000000000003e-05,2,80
2026-04-18,US67066G1040,NVDA,2026-06-18,put,1020.0,184.19,167.95,170.65,1.0000000000000003e-05,2,40
2026-04-18,US67066G1040,NVDA,2026-06-18,put,1030.0,298.2,297.2,302.9,1.0000000000000003e-05,7,12
2026-04-18,US67066G1040,NVDA,2026-06-18,put,1040.0,176.39,176.75,179.3,1.0000000000000003e-05,2,8
2026-04-18,US67066G1040,NVDA,2026-06-18,put,1050.0,214.45,181.45,184.1,1.0000000000000003e-05,2,74
2026-04-18,US67066G1040,NVDA,2026-06-18,put,1060.0,204.05,185.95,188.85,1.0000000000000003e-05,3,10
2026-04-18,US67066G1040,NVDA,2026-06-18,put,1070.0,211.98,190.6,193.1,1.0000000000000003e-05,6,19
2026-04-18,US67066G1040,NVDA,2026-06-18,put,1080.0,304.39,195.3,198.3,1.0000000000000003e-05,4,5
2026-04-18,US67066G1040,NVDA,2026-06-18,put,1090.0,214.43,200.0,203.05,1.0000000000000003e-05,2,9
2026-04-18,US67066G1040,NVDA,2026-06-18,put,1100.0,213.29,205.0,207.5,1.0000000000000003e-05,1,36
2026-04-18,US67066G1040,NVDA,2026-06-18,put,1110.0,247.55,209.65,212.8,1.0000000000000003e-05,12,10
2026-04-18,US67066G1040,NVDA,2026-06-18,put,1120.0,447.91,337.1,342.15,1.0000000000000003e-05,2,0
2026-04-18,US67066G1040,NVDA,2026-06-18,put,1130.0,237.66,219.6,222.45,1.0000000000000003e-05,2,7
2026-04-18,US67066G1040,NVDA,2026-06-18,put,1140.0,234.6,224.65,227.55,1.0000000000000003e-05,2,6
2026-04-18,US67066G1040,NVDA,2026-06-18,put,1150.0,234.32,229.85,232.6,1.0000000000000003e-05,1,172
2026-04-18,US67066G1040,NVDA,2026-06-18,put,1160.0,235.81,234.9,237.85,1.0000000000000003e-05,1,34
2026-04-18,US67066G1040,NVDA,2026-06-18,put,1170.0,250.85,240.05,243.4,1.0000000000000003e-05,1,7
2026-04-18,US67066G1040,NVDA,2026-06-18,put,1180.0,255.42,245.25,248.35,1.0000000000000003e-05,1,4
2026-04-18,US67066G1040,NVDA,2026-06-18,put,1190.0,250.45,250.55,254.0,1.0000000000000003e-05,12,37
2026-04-18,US67066G1040,NVDA,2026-06-18,put,1200.0,258.0,256.15,259.3,1.0000000000000003e-05,2,33
2026-04-18,US67066G1040,NVDA,2026-06-18,put,1210.0,261.45,261.45,264.85,1.0000000000000003e-05,1,7
2026-04-18,US67066G1040,NVDA,2026-06-18,put,1220.0,288.04,266.9,270.35,1.0000000000000003e-05,54,41
2026-04-18,US67066G1040,NVDA,2026-06-18,put,1230.0,301.16,272.3,276.0,1.0000000000000003e-05,7,15
2026-04-18,US67066G1040,NVDA,2026-06-18,put,1240.0,324.6,277.8,281.2,1.0000000000000003e-05,2,80
2026-04-18,US67066G1040,NVDA,2026-06-18,put,1250.0,304.65,283.6,287.05,1.0000000000000003e-05,2,77
2026-04-18,US67066G1040,NVDA,2026-06-18,put,1260.0,311.97,289.15,292.85,1.0000000000000003e-05,1,32
2026-04-18,US67066G1040,NVDA,2026-06-18,put,1270.0,428.51,295.0,298.3,1.0000000000000003e-05,4,86
2026-04-18,US67066G1040,NVDA,2026-06-18,put,1280.0,350.1,300.65,304.1,1.0000000000000003e-05,4,90
2026-04-18,US67066G1040,NVDA,2026-06-18,put,1290.0,333.57,306.2,310.2,1.0000000000000003e-05,1,44
2026-04-18,US67066G1040,NVDA,2026-06-18,put,1300.0,336.64,312.05,315.95,1.0000000000000003e-05,3,42
2026-04-18,US67066G1040,NVDA,2026-06-18,put,1320.0,352.71,323.65,328.25,1.0000000000000003e-05,1,95
2026-04-18,US67066G1040,NVDA,2026-06-18,put,1340.0,365.03,335.7,340.55,1.0000000000000003e-05,2,141
2026-04-18,US67066G1040,NVDA,2026-06-18,put,1360.0,348.9,348.0,352.5,1.0000000000000003e-05,5,126
2026-04-18,US67066G1040,NVDA,2026-06-18,put,1380.0,583.46,415.6,429.45,1.0000000000000003e-05,58,58
2026-04-18,US67066G1040,NVDA,2026-06-18,put,1400.0,384.46,369.85,379.45,1.0000000000000003e-05,14,172
2026-04-18,US67066G1040,NVDA,2026-06-18,put,1440.0,635.94,459.35,474.7,1.0000000000000003e-05,7,12
2026-04-18,US67066G1040,NVDA,2026-06-18,put,1460.0,653.35,472.1,488.7,1.0000000000000003e-05,58,58
2026-04-18,US67066G1040,NVDA,2026-06-18,put,1480.0,748.4,632.05,645.85,1.0000000000000003e-05,2,0
2026-04-18,US67066G1040,NVDA,2026-06-18,put,1500.0,449.96,435.65,446.05,1.0000000000000003e-05,2,11
2026-04-18,US67066G1040,NVDA,2026-06-18,put,1520.0,675.2,657.15,674.0,1.0000000000000003e-05,,3
2026-04-18,US67066G1040,NVDA,2026-06-18,put,1540.0,690.9,672.05,692.0,1.0000000000000003e-05,,2
2026-04-18,US67066G1040,NVDA,2026-06-18,put,1560.0,707.73,690.4,710.0,1.0000000000000003e-05,,1
2026-04-18,US67066G1040,NVDA,2026-06-18,put,1580.0,721.08,709.2,728.0,1.0000000000000003e-05,2,12
2026-04-18,US67066G1040,NVDA,2026-06-18,put,1600.0,582.25,504.85,520.2,1.0000000000000003e-05,1,11
2026-04-18,US67066G1040,NVDA,2026-06-18,put,1620.0,828.0,732.85,752.0,1.0000000000000003e-05,,0
2026-04-18,US67066G1040,NVDA,2026-06-18,put,1640.0,758.2,766.85,780.45,1.0000000000000003e-05,12,12
2026-04-18,US67066G1040,NVDA,2026-06-18,put,1650.0,796.65,768.0,788.0,1.0000000000000003e-05,1,0
2026-04-18,US67066G1040,NVDA,2026-06-18,put,1660.0,636.53,549.0,565.3,1.0000000000000003e-05,12,12
2026-04-18,US67066G1040,NVDA,2026-06-18,put,1670.0,799.0,820.3,844.3,1.0000000000000003e-05,,0
2026-04-18,US67066G1040,NVDA,2026-06-18,put,1700.0,595.95,578.55,595.55,1.0000000000000003e-05,4,9
2026-04-18,US67066G1040,NVDA,2026-06-18,put,1710.0,639.06,586.85,603.45,1.0000000000000003e-05,54,58
2026-04-18,US67066G1040,NVDA,2026-06-18,put,1720.0,686.92,594.75,611.25,1.0000000000000003e-05,12,13
2026-04-18,US67066G1040,NVDA,2026-06-18,put,1730.0,839.5,848.0,866.0,1.0000000000000003e-05,1,1
2026-04-18,US67066G1040,NVDA,2026-06-18,put,1740.0,717.22,610.65,627.0,1.0000000000000003e-05,2,0
2026-04-18,US67066G1040,NVDA,2026-06-18,put,1750.0,671.57,618.6,635.15,1.0000000000000003e-05,54,52
2026-04-18,US67066G1040,NVDA,2026-06-18,put,1760.0,856.95,876.0,894.0,1.0000000000000003e-05,,1
2026-04-18,US67066G1040,NVDA,2026-06-18,put,1770.0,876.15,887.7,904.0,1.0000000000000003e-05,2,2
2026-04-18,US67066G1040,NVDA,2026-06-18,put,1780.0,777.03,642.3,659.15,1.0000000000000003e-05,,1
2026-04-18,US67066G1040,NVDA,2026-06-18,put,1790.0,946.18,866.25,884.0,1.0000000000000003e-05,6,0
2026-04-18,US67066G1040,NVDA,2026-06-18,put,1800.0,764.82,656.6,674.0,1.0000000000000003e-05,6,8
2026-04-18,US67066G1040,NVDA,2026-06-18,put,1840.0,805.6,690.2,707.8,1.0000000000000003e-05,4,0
2026-04-18,US67066G1040,NVDA,2026-06-18,put,1880.0,870.16,722.4,739.95,1.0000000000000003e-05,,1
2026-04-18,US67066G1040,NVDA,2026-06-18,put,1890.0,1044.79,960.0,980.0,1.0000000000000003e-05,,0
2026-04-18,US67066G1040,NVDA,2026-06-18,put,1900.0,756.63,738.65,754.25,1.0000000000000003e-05,4,4
2026-04-18,US67066G1040,NVDA,2026-06-18,put,1940.0,900.54,772.2,790.0,1.0000000000000003e-05,4,2
2026-04-18,US67066G1040,NVDA,2026-07-17,call,50.0,150.35,148.85,154.5,1.9101566992187502,20,107
2026-04-18,US67066G1040,NVDA,2026-07-17,call,55.0,145.61,142.95,149.5,1.784913184814453,1,45
2026-04-18,US67066G1040,NVDA,2026-07-17,call,60.0,138.06,138.0,143.85,1.5734884606933592,1,2
2026-04-18,US67066G1040,NVDA,2026-07-17,call,65.0,135.62,133.95,139.7,0.945313046875,20,90
2026-04-18,US67066G1040,NVDA,2026-07-17,call,70.0,107.86,128.15,135.5,0.885743330078125,1,14
2026-04-18,US67066G1040,NVDA,2026-07-17,call,75.0,106.12,123.2,130.5,0.8476577734374999,1,11
2026-04-18,US67066G1040,NVDA,2026-07-17,call,80.0,118.85,118.25,124.85,1.345462257080078,6,34
2026-04-18,US67066G1040,NVDA,2026-07-17,call,85.0,113.41,113.35,119.95,1.2778356420898436,1,22
2026-04-18,US67066G1040,NVDA,2026-07-17,call,90.0,88.1,108.4,115.0,0.5507857421875001,5,34
2026-04-18,US67066G1040,NVDA,2026-07-17,call,95.0,104.31,103.5,110.25,0.6699251757812501,91,104
2026-04-18,US67066G1040,NVDA,2026-07-17,call,100.0,102.59,100.5,105.35,0.8540053662109376,3,413
2026-04-18,US67066G1040,NVDA,2026-07-17,call,105.0,95.46,93.7,101.0,0.7124052197265626,1,42
2026-04-18,US67066G1040,NVDA,2026-07-17,call,110.0,92.53,92.15,93.9,0.764650791015625,1,415
2026-04-18,US67066G1040,NVDA,2026-07-17,call,115.0,87.73,87.25,88.95,0.7251004052734374,1,298
2026-04-18,US67066G1040,NVDA,2026-07-17,call,120.0,82.55,82.5,83.95,0.6912872668457033,6,260
2026-04-18,US67066G1040,NVDA,2026-07-17,call,125.0,76.75,77.6,79.3,0.6666293103027345,11,346
2026-04-18,US67066G1040,NVDA,2026-07-17,call,130.0,72.53,72.9,74.35,0.6361120373535156,46,431
2026-04-18,US67066G1040,NVDA,2026-07-17,call,135.0,68.16,68.1,69.1,0.5898478515625001,6,402
2026-04-18,US67066G1040,NVDA,2026-07-17,call,140.0,63.89,64.1,64.3,0.5883830224609375,5,1102
2026-04-18,US67066G1040,NVDA,2026-07-17,call,145.0,58.69,59.4,59.65,0.5638471350097658,48,5275
2026-04-18,US67066G1040,NVDA,2026-07-17,call,150.0,54.75,54.8,55.0,0.540287800292969,56,636
2026-04-18,US67066G1040,NVDA,2026-07-17,call,155.0,50.18,50.3,50.5,0.5206346765136718,18,398
2026-04-18,US67066G1040,NVDA,2026-07-17,call,160.0,45.9,45.85,46.05,0.5001881036376954,116,3279
2026-04-18,US67066G1040,NVDA,2026-07-17,call,165.0,40.9,41.55,41.75,0.4866994689941406,42,1265
2026-04-18,US67066G1040,NVDA,2026-07-17,call,170.0,37.41,37.4,37.6,0.4707694525146484,1059,3078
2026-04-18,US67066G1040,NVDA,2026-07-17,call,175.0,33.45,33.45,33.55,0.4542290905761719,546,4904
2026-04-18,US67066G1040,NVDA,2026-07-17,call,180.0,29.67,29.65,29.8,0.44266304412841795,443,15082
2026-04-18,US67066G1040,NVDA,2026-07-17,call,185.0,25.95,26.05,26.2,0.4304561349487305,222,9176
2026-04-18,US67066G1040,NVDA,2026-07-17,call,190.0,22.8,22.7,22.85,0.41992767578125,2824,14569
2026-04-18,US67066G1040,NVDA,2026-07-17,call,195.0,19.65,19.6,19.75,0.4105283557128906,978,6929
2026-04-18,US67066G1040,NVDA,2026-07-17,call,200.0,16.8,16.85,16.9,0.40167834655761714,4683,36404
2026-04-18,US67066G1040,NVDA,2026-07-17,call,205.0,14.34,14.25,14.4,0.3957579956054688,1355,5445
2026-04-18,US67066G1040,NVDA,2026-07-17,call,210.0,12.04,12.0,12.15,0.39002074829101563,2598,16237
2026-04-18,US67066G1040,NVDA,2026-07-17,call,215.0,10.05,10.05,10.15,0.38458867370605465,1385,3974
2026-04-18,US67066G1040,NVDA,2026-07-17,call,220.0,8.3,8.35,8.45,0.38092660095214836,3533,32178
2026-04-18,US67066G1040,NVDA,2026-07-17,call,225.0,6.89,6.85,7.0,0.3781800463867187,379,4321
2026-04-18,US67066G1040,NVDA,2026-07-17,call,230.0,5.68,5.65,5.7,0.37402969726562496,1719,12771
2026-04-18,US67066G1040,NVDA,2026-07-17,call,235.0,4.65,4.6,4.7,0.373480386352539,1280,2664
2026-04-18,US67066G1040,NVDA,2026-07-17,call,240.0,3.8,3.75,3.85,0.37280900634765624,1720,9728
2026-04-18,US67066G1040,NVDA,2026-07-17,call,245.0,3.0,3.05,3.15,0.3726869372558594,465,3591
2026-04-18,US67066G1040,NVDA,2026-07-17,call,250.0,2.51,2.49,2.54,0.37152728088378906,1999,6607
2026-04-18,US67066G1040,NVDA,2026-07-17,call,255.0,1.98,2.01,2.07,0.372076591796875,209,189
2026-04-18,US67066G1040,NVDA,2026-07-17,call,260.0,1.63,1.63,1.67,0.3719545227050781,234,2478
2026-04-18,US67066G1040,NVDA,2026-07-17,call,265.0,1.3,1.32,1.36,0.37305314453125,59,525
2026-04-18,US67066G1040,NVDA,2026-07-17,call,270.0,1.09,1.08,1.1,0.3737855590820312,80,4315
2026-04-18,US67066G1040,NVDA,2026-07-17,call,275.0,0.87,0.88,0.92,0.37720349365234374,296,1060
2026-04-18,US67066G1040,NVDA,2026-07-17,call,280.0,0.68,0.73,0.77,0.3803772900390625,367,2380
2026-04-18,US67066G1040,NVDA,2026-07-17,call,285.0,0.6,0.61,0.65,0.3842835009765625,4,134
2026-04-18,US67066G1040,NVDA,2026-07-17,call,290.0,0.51,0.52,0.56,0.3891662646484375,37,1590
2026-04-18,US67066G1040,NVDA,2026-07-17,call,295.0,0.5,0.44,0.47,0.3920959228515625,14,181
2026-04-18,US67066G1040,NVDA,2026-07-17,call,300.0,0.4,0.38,0.41,0.39722282470703124,2961,4712
2026-04-18,US67066G1040,NVDA,2026-07-17,call,310.0,0.3,0.29,0.33,0.4101621484375,40,1171
2026-04-18,US67066G1040,NVDA,2026-07-17,call,320.0,0.24,0.23,0.26,0.4204159521484375,1052,770
2026-04-18,US67066G1040,NVDA,2026-07-17,call,330.0,0.19,0.19,0.21,0.43115803222656257,57,1686
2026-04-18,US67066G1040,NVDA,2026-07-17,call,340.0,0.17,0.15,0.18,0.44434149414062496,14,481
2026-04-18,US67066G1040,NVDA,2026-07-17,call,350.0,0.14,0.13,0.14,0.45117736328125,21,604
2026-04-18,US67066G1040,NVDA,2026-07-17,call,360.0,0.11,0.11,0.13,0.46680220703125,22,1171
2026-04-18,US67066G1040,NVDA,2026-07-17,put,50.0,0.03,0.01,0.04,0.9609378906249999,5,893
2026-04-18,US67066G1040,NVDA,2026-07-17,put,55.0,0.02,0.02,0.05,0.9257819921875,2,116
2026-04-18,US67066G1040,NVDA,2026-07-17,put,60.0,0.05,0.03,0.06,0.8867198828124999,3,61
2026-04-18,US67066G1040,NVDA,2026-07-17,put,65.0,0.04,0.04,0.07,0.8476577734374999,50,326
2026-04-18,US67066G1040,NVDA,2026-07-17,put,70.0,0.05,0.05,0.08,0.8085956640624999,16,1001
2026-04-18,US67066G1040,NVDA,2026-07-17,put,75.0,0.08,0.06,0.09,0.77148666015625,2,838
2026-04-18,US67066G1040,NVDA,2026-07-17,put,80.0,0.09,0.08,0.1,0.7382838671874999,10,1052
2026-04-18,US67066G1040,NVDA,2026-07-17,put,85.0,0.11,0.09,0.12,0.7050810742187501,232,885
2026-04-18,US67066G1040,NVDA,2026-07-17,put,90.0,0.12,0.12,0.14,0.6787141503906251,17,1184
2026-04-18,US67066G1040,NVDA,2026-07-17,put,95.0,0.17,0.15,0.17,0.6533237792968751,10,10591
2026-04-18,US67066G1040,NVDA,2026-07-17,put,100.0,0.22,0.2,0.21,0.632816171875,169,5276
2026-04-18,US67066G1040,NVDA,2026-07-17,put,105.0,0.25,0.24,0.26,0.6093789062500001,3,6941
2026-04-18,US67066G1040,NVDA,2026-07-17,put,110.0,0.34,0.3,0.33,0.5898478515625001,35,1540
2026-04-18,US67066G1040,NVDA,2026-07-17,put,115.0,0.41,0.38,0.4,0.5698285205078125,73,3081
2026-04-18,US67066G1040,NVDA,2026-07-17,put,120.0,0.53,0.47,0.5,0.5507857421875001,414,3354
2026-04-18,US67066G1040,NVDA,2026-07-17,put,125.0,0.64,0.59,0.62,0.53320779296875,215,10405
2026-04-18,US67066G1040,NVDA,2026-07-17,put,130.0,0.79,0.73,0.76,0.5153857055664062,106,19636
2026-04-18,US67066G1040,NVDA,2026-07-17,put,135.0,0.93,0.91,0.94,0.5007374145507812,269,6360
2026-04-18,US67066G1040,NVDA,2026-07-17,put,140.0,1.14,1.12,1.16,0.48438015625,1141,34920
2026-04-18,US67066G1040,NVDA,2026-07-17,put,145.0,1.42,1.39,1.43,0.4687553125,237,14240
2026-04-18,US67066G1040,NVDA,2026-07-17,put,150.0,1.79,1.74,1.77,0.45435115966796874,2318,24267
2026-04-18,US67066G1040,NVDA,2026-07-17,put,155.0,2.25,2.17,2.21,0.4419001123046875,519,16927
2026-04-18,US67066G1040,NVDA,2026-07-17,put,160.0,2.76,2.7,2.74,0.4294490649414063,992,24085
2026-04-18,US67066G1040,NVDA,2026-07-17,put,165.0,3.39,3.35,3.4,0.41809663940429687,629,15732
2026-04-18,US67066G1040,NVDA,2026-07-17,put,170.0,4.15,4.15,4.2,0.4072935247802735,1397,19298
2026-04-18,US67066G1040,NVDA,2026-07-17,put,175.0,5.1,5.1,5.2,0.39826041198730466,1570,15462
2026-04-18,US67066G1040,NVDA,2026-07-17,put,180.0,6.3,6.25,6.35,0.38825074645996094,1777,26704
2026-04-18,US67066G1040,NVDA,2026-07-17,put,185.0,7.65,7.65,7.75,0.37995004821777345,892,7128
2026-04-18,US67066G1040,NVDA,2026-07-17,put,190.0,9.3,9.25,9.35,0.3709779699707031,643,5489
2026-04-18,US67066G1040,NVDA,2026-07-17,put,195.0,11.26,11.15,11.25,0.3636233071899414,617,2790
2026-04-18,US67066G1040,NVDA,2026-07-17,put,200.0,13.35,13.3,13.4,0.35608554077148435,640,4216
2026-04-18,US67066G1040,NVDA,2026-07-17,put,205.0,15.75,15.75,15.9,0.3505619143676757,179,1851
2026-04-18,US67066G1040,NVDA,2026-07-17,put,210.0,18.98,18.5,18.65,0.34445845977783207,83,1026
2026-04-18,US67066G1040,NVDA,2026-07-17,put,215.0,21.66,21.5,21.7,0.3390569024658203,912,135
2026-04-18,US67066G1040,NVDA,2026-07-17,put,220.0,25.55,24.8,25.0,0.3333501724243164,10,698
2026-04-18,US67066G1040,NVDA,2026-07-17,put,225.0,28.6,28.4,28.6,0.3290472369384765,73,414
2026-04-18,US67066G1040,NVDA,2026-07-17,put,230.0,32.45,32.15,32.4,0.32379826599121087,55,973
2026-04-18,US67066G1040,NVDA,2026-07-17,put,235.0,36.87,36.2,36.4,0.31806101867675773,14,96
2026-04-18,US67066G1040,NVDA,2026-07-17,put,240.0,45.1,40.4,40.65,0.3147041186523437,10,12
2026-04-18,US67066G1040,NVDA,2026-07-17,put,245.0,46.05,44.75,44.95,0.3061592822265625,1,0
2026-04-18,US67066G1040,NVDA,2026-07-17,put,250.0,52.7,49.25,49.45,0.2995675512695312,1,3
2026-04-18,US67066G1040,NVDA,2026-07-17,put,255.0,79.63,53.85,54.1,0.29480685668945306,,0
2026-04-18,US67066G1040,NVDA,2026-07-17,put,260.0,61.19,58.55,58.8,0.2854075366210937,1,1
2026-04-18,US67066G1040,NVDA,2026-07-17,put,270.0,85.02,0.0,0.0,1.0000000000000003e-05,1,0
2026-04-18,US67066G1040,NVDA,2026-07-17,put,280.0,87.47,75.35,83.0,0.5918009570312501,1,1
2026-04-18,US67066G1040,NVDA,2026-07-17,put,290.0,91.88,85.3,92.45,0.6087685607910158,1,1
2026-04-18,US67066G1040,NVDA,2026-07-17,put,300.0,108.82,115.4,119.8,1.1306195812988284,2,0
2026-04-18,US67066G1040,NVDA,2026-07-17,put,310.0,128.34,120.9,124.25,1.031193808898926,1,0
2026-04-18,US67066G1040,NVDA,2026-07-17,put,320.0,130.79,128.25,131.4,0.9863892962646486,24,0
2026-04-18,US67066G1040,NVDA,2026-07-17,put,330.0,139.98,138.35,141.35,1.023686522216797,8,0
2026-04-18,US67066G1040,NVDA,2026-07-17,put,340.0,160.09,147.6,149.95,1.0231982434082032,,0
2026-04-18,US67066G1040,NVDA,2026-07-17,put,360.0,180.19,167.75,170.15,1.0936324615478517,,0
2026-04-18,US67066G1040,NVDA,2026-08-21,call,5.0,177.95,0.0,0.0,1.0000000000000003e-05,,0
2026-04-18,US67066G1040,NVDA,2026-08-21,call,15.0,185.44,183.95,189.3,3.1113303466796873,20,12
2026-04-18,US67066G1040,NVDA,2026-08-21,call,20.0,167.55,177.65,185.05,2.8940457336425784,,20
2026-04-18,US67066G1040,NVDA,2026-08-21,call,25.0,150.84,172.75,180.15,2.5954624957275394,3,23
2026-04-18,US67066G1040,NVDA,2026-08-21,call,30.0,138.73,167.8,175.2,2.356693561401366,19,46
2026-04-18,US67066G1040,NVDA,2026-08-21,call,35.0,142.65,162.9,170.25,2.163578809814453,1,94
2026-04-18,US67066G1040,NVDA,2026-08-21,call,40.0,156.33,157.95,164.75,1.918701578369141,2,24
2026-04-18,US67066G1040,NVDA,2026-08-21,call,45.0,123.89,153.05,160.45,0.9687503125,20,26
2026-04-18,US67066G1040,NVDA,2026-08-21,call,50.0,150.58,149.75,154.05,1.0341845166015626,20,134
2026-04-18,US67066G1040,NVDA,2026-08-21,call,55.0,145.93,143.2,149.95,1.5732443212890623,1,0
2026-04-18,US67066G1040,NVDA,2026-08-21,call,60.0,140.51,138.3,145.05,1.4851099963378904,1,110
2026-04-18,US67066G1040,NVDA,2026-08-21,call,65.0,135.94,135.0,140.1,1.045414929199219,20,0
2026-04-18,US67066G1040,NVDA,2026-08-21,call,70.0,109.49,0.0,0.0,1.0000000000000003e-05,20,0
2026-04-18,US67066G1040,NVDA,2026-08-21,call,75.0,125.29,123.55,130.85,0.8452163916015624,10,17
2026-04-18,US67066G1040,NVDA,2026-08-21,call,80.0,119.3,118.65,125.25,0.719729365234375,6,32
2026-04-18,US67066G1040,NVDA,2026-08-21,call,85.0,115.17,113.75,121.15,0.7973653076171875,7,60
2026-04-18,US67066G1040,NVDA,2026-08-21,call,90.0,109.6,108.9,115.7,0.7219266088867188,1,241
2026-04-18,US67066G1040,NVDA,2026-08-21,call,95.0,80.6,106.6,109.55,0.7902853002929688,18,107
2026-04-18,US67066G1040,NVDA,2026-08-21,call,100.0,103.07,102.5,104.3,0.7773459765625,8,378
2026-04-18,US67066G1040,NVDA,2026-08-21,call,105.0,97.56,97.7,99.35,0.7421900781249999,45,314
2026-04-18,US67066G1040,NVDA,2026-08-21,call,110.0,92.35,92.95,94.5,0.7141141870117188,3,188
2026-04-18,US67066G1040,NVDA,2026-08-21,call,115.0,86.43,88.05,89.8,0.6854279504394531,5,266
2026-04-18,US67066G1040,NVDA,2026-08-21,call,120.0,84.07,83.3,85.05,0.6597934411621094,2,601
2026-04-18,US67066G1040,NVDA,2026-08-21,call,125.0,77.12,78.6,80.3,0.634891346435547,10,160
2026-04-18,US67066G1040,NVDA,2026-08-21,call,130.0,74.62,74.7,74.9,0.6133461517333985,23,521
2026-04-18,US67066G1040,NVDA,2026-08-21,call,135.0,69.45,70.0,70.25,0.588993367919922,6,474
2026-04-18,US67066G1040,NVDA,2026-08-21,call,140.0,65.36,65.45,65.7,0.5694623132324219,37,534
2026-04-18,US67066G1040,NVDA,2026-08-21,call,145.0,60.87,60.95,61.2,0.5502364312744141,4,423
2026-04-18,US67066G1040,NVDA,2026-08-21,call,150.0,56.52,56.55,56.75,0.5319871020507813,13,3309
2026-04-18,US67066G1040,NVDA,2026-08-21,call,155.0,52.0,52.2,52.45,0.5152026019287108,37,1084
2026-04-18,US67066G1040,NVDA,2026-08-21,call,160.0,47.9,48.0,48.2,0.5025684509277344,29,2135
2026-04-18,US67066G1040,NVDA,2026-08-21,call,165.0,43.85,43.9,44.15,0.4891408508300782,22,1860
2026-04-18,US67066G1040,NVDA,2026-08-21,call,170.0,40.0,40.0,40.2,0.47546911254882807,116,5369
2026-04-18,US67066G1040,NVDA,2026-08-21,call,175.0,36.25,36.2,36.4,0.4627739270019532,598,3619
2026-04-18,US67066G1040,NVDA,2026-08-21,call,180.0,32.5,32.6,32.8,0.451726674194336,15327,19998
2026-04-18,US67066G1040,NVDA,2026-08-21,call,185.0,29.3,29.2,29.4,0.4419001123046875,468,7045
2026-04-18,US67066G1040,NVDA,2026-08-21,call,190.0,26.01,26.0,26.2,0.43286699951171875,598,19014
2026-04-18,US67066G1040,NVDA,2026-08-21,call,195.0,23.05,23.05,23.2,0.42438319763183596,1374,9880
2026-04-18,US67066G1040,NVDA,2026-08-21,call,200.0,20.37,20.3,20.4,0.41620456848144527,1526,13874
2026-04-18,US67066G1040,NVDA,2026-08-21,call,205.0,17.75,17.8,17.9,0.41040628662109374,1335,6129
2026-04-18,US67066G1040,NVDA,2026-08-21,call,210.0,15.54,15.5,15.65,0.40570662658691403,1212,11743
2026-04-18,US67066G1040,NVDA,2026-08-21,call,215.0,13.5,13.45,13.6,0.4011900701904296,319,4198
2026-04-18,US67066G1040,NVDA,2026-08-21,call,220.0,11.68,11.65,11.75,0.3968871347045898,1291,11495
2026-04-18,US67066G1040,NVDA,2026-08-21,call,225.0,10.07,10.0,10.15,0.394110062866211,652,3716
2026-04-18,US67066G1040,NVDA,2026-08-21,call,230.0,8.56,8.6,8.7,0.390905749206543,471,9618
2026-04-18,US67066G1040,NVDA,2026-08-21,call,235.0,7.43,7.35,7.45,0.38864747100830077,97,1639
2026-04-18,US67066G1040,NVDA,2026-08-21,call,240.0,6.27,6.25,6.35,0.3864807446289062,494,14032
2026-04-18,US67066G1040,NVDA,2026-08-21,call,245.0,5.3,5.35,5.45,0.38611453735351553,24,360
2026-04-18,US67066G1040,NVDA,2026-08-21,call,250.0,4.52,4.55,4.6,0.38385625915527344,1856,13166
2026-04-18,US67066G1040,NVDA,2026-08-21,call,255.0,3.81,3.85,3.9,0.3828797064208984,54,299
2026-04-18,US67066G1040,NVDA,2026-08-21,call,260.0,3.21,3.25,3.35,0.383795224609375,115,2700
2026-04-18,US67066G1040,NVDA,2026-08-21,call,265.0,2.75,2.79,2.85,0.38385625915527344,79,422
2026-04-18,US67066G1040,NVDA,2026-08-21,call,270.0,2.37,2.36,2.4,0.3830628100585937,147,3390
2026-04-18,US67066G1040,NVDA,2026-08-21,call,275.0,2.01,2.0,2.06,0.38440557006835935,190,177
2026-04-18,US67066G1040,NVDA,2026-08-21,call,280.0,1.59,1.7,1.75,0.38477177734374995,9,1384
2026-04-18,US67066G1040,NVDA,2026-08-21,call,285.0,1.42,1.44,1.48,0.3848938464355468,12,123
2026-04-18,US67066G1040,NVDA,2026-08-21,call,290.0,1.25,1.24,1.28,0.3869690209960937,8,1301
2026-04-18,US67066G1040,NVDA,2026-08-21,call,295.0,1.06,1.06,1.09,0.387701435546875,2,123
2026-04-18,US67066G1040,NVDA,2026-08-21,call,300.0,0.9,0.91,0.94,0.3895324719238281,784,2132
2026-04-18,US67066G1040,NVDA,2026-08-21,call,310.0,0.69,0.68,0.72,0.3947814428710938,11,3247
2026-04-18,US67066G1040,NVDA,2026-08-21,call,320.0,0.52,0.53,0.56,0.40064075927734377,22,487
2026-04-18,US67066G1040,NVDA,2026-08-21,call,330.0,0.44,0.42,0.45,0.40772076660156253,9,572
2026-04-18,US67066G1040,NVDA,2026-08-21,call,340.0,0.36,0.33,0.36,0.414068359375,14,489
2026-04-18,US67066G1040,NVDA,2026-08-21,call,350.0,0.29,0.27,0.3,0.42212491943359376,10,734
2026-04-18,US67066G1040,NVDA,2026-08-21,call,360.0,0.22,0.23,0.25,0.4294490649414063,13,3403
2026-04-18,US67066G1040,NVDA,2026-08-21,call,370.0,0.18,0.19,0.21,0.436529072265625,1,788
2026-04-18,US67066G1040,NVDA,2026-08-21,call,380.0,0.17,0.16,0.19,0.44727115234375,5,725
2026-04-18,US67066G1040,NVDA,2026-08-21,call,390.0,0.13,0.14,0.15,0.450200810546875,3,1017
2026-04-18,US67066G1040,NVDA,2026-08-21,call,400.0,0.12,0.12,0.14,0.46094289062500005,104,1732
2026-04-18,US67066G1040,NVDA,2026-08-21,call,410.0,0.11,0.11,0.13,0.47119669433593747,80,901
2026-04-18,US67066G1040,NVDA,2026-08-21,call,420.0,0.1,0.09,0.11,0.4760794580078125,48,6810
2026-04-18,US67066G1040,NVDA,2026-08-21,put,5.0,0.01,0.0,0.0,0.500005,10,0
2026-04-18,US67066G1040,NVDA,2026-08-21,put,10.0,0.02,0.0,0.02,1.640626796875,1,22
2026-04-18,US67066G1040,NVDA,2026-08-21,put,15.0,0.01,0.0,0.01,1.3437532812499997,1,128
2026-04-18,US67066G1040,NVDA,2026-08-21,put,20.0,0.01,0.01,0.04,1.3515657421874998,5,3
2026-04-18,US67066G1040,NVDA,2026-08-21,put,25.0,0.01,0.0,0.03,1.171879140625,240,2049
2026-04-18,US67066G1040,NVDA,2026-08-21,put,30.0,0.01,0.0,0.03,1.0625046875000002,481,543
2026-04-18,US67066G1040,NVDA,2026-08-21,put,35.0,0.03,0.0,0.04,1.000005,170,1954
2026-04-18,US67066G1040,NVDA,2026-08-21,put,40.0,0.01,0.01,0.05,0.9609378906249999,240,396
2026-04-18,US67066G1040,NVDA,2026-08-21,put,45.0,0.03,0.02,0.05,0.9062509375,5,706
2026-04-18,US67066G1040,NVDA,2026-08-21,put,50.0,0.04,0.03,0.07,0.8730481445312499,2,227
2026-04-18,US67066G1040,NVDA,2026-08-21,put,55.0,0.14,0.04,0.08,0.8320329296874999,2,224
2026-04-18,US67066G1040,NVDA,2026-08-21,put,60.0,0.06,0.06,0.09,0.7949239257812499,8,1213
2026-04-18,US67066G1040,NVDA,2026-08-21,put,65.0,0.07,0.07,0.11,0.7597680273437502,1,504
2026-04-18,US67066G1040,NVDA,2026-08-21,put,70.0,0.12,0.1,0.12,0.729494892578125,5,1381
2026-04-18,US67066G1040,NVDA,2026-08-21,put,75.0,0.13,0.11,0.14,0.6953155468750001,3,246
2026-04-18,US67066G1040,NVDA,2026-08-21,put,80.0,0.16,0.15,0.17,0.6718782812500002,2,1808
2026-04-18,US67066G1040,NVDA,2026-08-21,put,85.0,0.18,0.19,0.21,0.649417568359375,3,511
2026-04-18,US67066G1040,NVDA,2026-08-21,put,90.0,0.24,0.24,0.27,0.629886513671875,5,822
2026-04-18,US67066G1040,NVDA,2026-08-21,put,95.0,0.32,0.3,0.33,0.6093789062500001,8,598
2026-04-18,US67066G1040,NVDA,2026-08-21,put,100.0,0.42,0.38,0.41,0.5918009570312501,142,6068
2026-04-18,US67066G1040,NVDA,2026-08-21,put,105.0,0.52,0.46,0.5,0.5722699023437501,57,3678
2026-04-18,US67066G1040,NVDA,2026-08-21,put,110.0,0.6,0.58,0.61,0.5556685058593751,44,1412
2026-04-18,US67066G1040,NVDA,2026-08-21,put,115.0,0.79,0.71,0.74,0.5385788330078126,71,7370
2026-04-18,US67066G1040,NVDA,2026-08-21,put,120.0,0.95,0.87,0.91,0.5231981274414061,381,5981
2026-04-18,US67066G1040,NVDA,2026-08-21,put,125.0,1.1,1.07,1.11,0.5085498364257812,434,13037
2026-04-18,US67066G1040,NVDA,2026-08-21,put,130.0,1.33,1.3,1.34,0.495122236328125,142,11660
2026-04-18,US67066G1040,NVDA,2026-08-21,put,135.0,1.65,1.59,1.63,0.4815725671386719,820,7464
2026-04-18,US67066G1040,NVDA,2026-08-21,put,140.0,1.98,1.94,1.99,0.46924358886718753,319,20889
2026-04-18,US67066G1040,NVDA,2026-08-21,put,145.0,2.42,2.38,2.42,0.45740288696289066,217,6627
2026-04-18,US67066G1040,NVDA,2026-08-21,put,150.0,2.9,2.88,2.94,0.4464166687011719,1570,18181
2026-04-18,US67066G1040,NVDA,2026-08-21,put,155.0,3.54,3.5,3.6,0.43768872863769537,855,13479
2026-04-18,US67066G1040,NVDA,2026-08-21,put,160.0,4.28,4.2,4.3,0.426336303100586,1259,14192
2026-04-18,US67066G1040,NVDA,2026-08-21,put,165.0,5.1,5.05,5.15,0.41644870666503897,226,11100
2026-04-18,US67066G1040,NVDA,2026-08-21,put,170.0,6.05,6.05,6.15,0.40717145568847657,482,11672
2026-04-18,US67066G1040,NVDA,2026-08-21,put,175.0,7.29,7.2,7.35,0.3993895510864258,425,10059
2026-04-18,US67066G1040,NVDA,2026-08-21,put,180.0,8.58,8.55,8.65,0.3898986791992188,463,16899
2026-04-18,US67066G1040,NVDA,2026-08-21,put,185.0,10.3,10.1,10.2,0.382269360961914,501,5949
2026-04-18,US67066G1040,NVDA,2026-08-21,put,190.0,11.9,11.85,12.0,0.37592176818847656,238,3128
2026-04-18,US67066G1040,NVDA,2026-08-21,put,195.0,13.95,13.85,14.0,0.36936055450439453,269,1865
2026-04-18,US67066G1040,NVDA,2026-08-21,put,200.0,16.09,16.1,16.2,0.3624331335449219,1878,3462
2026-04-18,US67066G1040,NVDA,2026-08-21,put,205.0,18.76,18.55,18.65,0.3561160580444336,23,363
2026-04-18,US67066G1040,NVDA,2026-08-21,put,210.0,21.75,21.25,21.4,0.35135536346435536,50,1251
2026-04-18,US67066G1040,NVDA,2026-08-21,put,215.0,24.52,24.15,24.3,0.34497725341796875,12,255
2026-04-18,US67066G1040,NVDA,2026-08-21,put,220.0,27.45,27.35,27.5,0.34027759338378905,65,641
2026-04-18,US67066G1040,NVDA,2026-08-21,put,225.0,31.47,30.7,30.9,0.3352727606201171,10,70
2026-04-18,US67066G1040,NVDA,2026-08-21,put,230.0,35.27,34.3,34.5,0.33020689331054687,55,647
2026-04-18,US67066G1040,NVDA,2026-08-21,put,235.0,40.96,38.1,38.35,0.32660585510253903,3,16
2026-04-18,US67066G1040,NVDA,2026-08-21,put,240.0,42.23,42.05,42.3,0.3209906768798828,2,1298
2026-04-18,US67066G1040,NVDA,2026-08-21,put,245.0,46.95,46.2,46.4,0.3147041186523437,11,15
2026-04-18,US67066G1040,NVDA,2026-08-21,put,250.0,54.96,50.45,50.7,0.31000445861816406,8,12
2026-04-18,US67066G1040,NVDA,2026-08-21,put,255.0,56.5,54.85,55.1,0.3040230731201171,9,8
2026-04-18,US67066G1040,NVDA,2026-08-21,put,260.0,62.04,59.35,59.6,0.29688203124999996,2,2
2026-04-18,US67066G1040,NVDA,2026-08-21,put,265.0,64.95,63.95,64.25,0.2919992675781249,1,2
2026-04-18,US67066G1040,NVDA,2026-08-21,put,270.0,71.41,68.65,68.95,0.2846751220703124,1,20
2026-04-18,US67066G1040,NVDA,2026-08-21,put,280.0,79.28,78.3,78.55,0.26587648193359376,2,1
2026-04-18,US67066G1040,NVDA,2026-08-21,put,290.0,91.92,88.25,88.5,0.28003649658203117,5,5
2026-04-18,US67066G1040,NVDA,2026-08-21,put,295.0,96.9,93.25,93.5,0.2910227148437499,5,0
2026-04-18,US67066G1040,NVDA,2026-08-21,put,300.0,131.08,95.3,100.35,0.458135301513672,1,1
2026-04-18,US67066G1040,NVDA,2026-08-21,put,310.0,121.86,119.5,120.4,0.8090839404296875,3,0
2026-04-18,US67066G1040,NVDA,2026-08-21,put,320.0,131.38,135.3,139.95,1.0325365756225588,8,0
2026-04-18,US67066G1040,NVDA,2026-08-21,put,330.0,138.11,137.4,140.5,0.8452774261474607,48,0
2026-04-18,US67066G1040,NVDA,2026-08-21,put,340.0,152.18,147.45,150.4,0.873902628173828,18,0
2026-04-18,US67066G1040,NVDA,2026-08-21,put,350.0,140.35,166.65,170.55,1.1501202162170412,9,0
2026-04-18,US67066G1040,NVDA,2026-08-21,put,360.0,149.7,176.65,180.55,1.1789897007751462,8,0
2026-04-18,US67066G1040,NVDA,2026-08-21,put,400.0,217.3,0.0,0.0,1.0000000000000003e-05,,0
2026-04-18,US67066G1040,NVDA,2026-08-21,put,410.0,227.21,0.0,0.0,1.0000000000000003e-05,,0
2026-04-18,US67066G1040,NVDA,2026-08-21,put,420.0,229.0,230.7,234.35,1.1733744944763183,,0
2026-04-18,US67066G1040,NVDA,2026-09-18,call,5.0,172.39,194.1,199.15,4.679691650390625,1,1176
2026-04-18,US67066G1040,NVDA,2026-09-18,call,10.0,188.72,187.55,194.95,3.6601570996093757,2,19
2026-04-18,US67066G1040,NVDA,2026-09-18,call,15.0,157.53,182.4,189.95,2.9980493798828123,35,85
2026-04-18,US67066G1040,NVDA,2026-09-18,call,20.0,156.37,177.8,185.15,2.6396518383789065,1,79
2026-04-18,US67066G1040,NVDA,2026-09-18,call,25.0,143.68,172.8,179.35,2.1918990515136714,2,936
2026-04-18,US67066G1040,NVDA,2026-09-18,call,30.0,170.5,167.9,173.95,1.910644978027344,1,120
2026-04-18,US67066G1040,NVDA,2026-09-18,call,35.0,144.84,162.75,170.4,1.9785157324218752,1,28
2026-04-18,US67066G1040,NVDA,2026-09-18,call,40.0,144.66,158.1,165.5,1.0039112304687499,20,267
2026-04-18,US67066G1040,NVDA,2026-09-18,call,45.0,155.17,153.2,160.6,1.0039112304687499,1,74
2026-04-18,US67066G1040,NVDA,2026-09-18,call,50.0,151.37,149.6,154.85,1.0664109179687502,3,167
2026-04-18,US67066G1040,NVDA,2026-09-18,call,55.0,144.69,143.85,150.8,1.0234423828125,3,65
2026-04-18,US67066G1040,NVDA,2026-09-18,call,60.0,138.75,139.6,144.9,0.9389654541015625,3,173
2026-04-18,US67066G1040,NVDA,2026-09-18,call,65.0,137.26,135.6,140.2,1.0068409033203123,2,282
2026-04-18,US67066G1040,NVDA,2026-09-18,call,70.0,100.28,128.75,135.3,0.764650791015625,2,331
2026-04-18,US67066G1040,NVDA,2026-09-18,call,75.0,121.34,123.85,130.65,0.7758811474609376,2,106
2026-04-18,US67066G1040,NVDA,2026-09-18,call,80.0,123.25,119.05,124.0,0.958740646972656,1,281
2026-04-18,US67066G1040,NVDA,2026-09-18,call,85.0,118.82,116.75,119.9,0.8359391406249999,5,745
2026-04-18,US67066G1040,NVDA,2026-09-18,call,90.0,110.0,112.6,114.1,0.7893087475585938,6,1161
2026-04-18,US67066G1040,NVDA,2026-09-18,call,95.0,108.25,107.8,109.65,0.7771018383789063,17,791
2026-04-18,US67066G1040,NVDA,2026-09-18,call,100.0,104.0,103.0,104.85,0.7475611181640626,6,2545
2026-04-18,US67066G1040,NVDA,2026-09-18,call,105.0,98.06,98.3,99.9,0.7160672924804687,1,1724
2026-04-18,US67066G1040,NVDA,2026-09-18,call,110.0,94.29,94.1,94.6,0.6898224377441409,4,1711
2026-04-18,US67066G1040,NVDA,2026-09-18,call,115.0,88.85,88.75,90.05,0.6510044665527344,4,2653
2026-04-18,US67066G1040,NVDA,2026-09-18,call,120.0,85.0,84.45,85.45,0.6419103192138673,12,2988
2026-04-18,US67066G1040,NVDA,2026-09-18,call,125.0,79.64,80.25,80.5,0.6231727136230469,18,6418
2026-04-18,US67066G1040,NVDA,2026-09-18,call,130.0,74.5,75.7,75.95,0.6038857971191409,5,4832
2026-04-18,US67066G1040,NVDA,2026-09-18,call,135.0,70.95,71.2,71.4,0.5842937078857422,5,2491
2026-04-18,US67066G1040,NVDA,2026-09-18,call,140.0,66.85,66.7,66.95,0.5651898950195313,384,14598
2026-04-18,US67066G1040,NVDA,2026-09-18,call,145.0,62.36,62.35,62.6,0.549076774902344,10,2849
2026-04-18,US67066G1040,NVDA,2026-09-18,call,150.0,57.96,58.1,58.35,0.5342453802490235,20,24767
2026-04-18,US67066G1040,NVDA,2026-09-18,call,155.0,52.84,53.95,54.15,0.5195360546875,10,5634
2026-04-18,US67066G1040,NVDA,2026-09-18,call,160.0,50.0,49.95,50.1,0.506840869140625,127,4582
2026-04-18,US67066G1040,NVDA,2026-09-18,call,165.0,46.1,46.05,46.2,0.49695327270507816,54,8396
2026-04-18,US67066G1040,NVDA,2026-09-18,call,170.0,42.15,42.2,42.4,0.48480739807128903,205,9352
2026-04-18,US67066G1040,NVDA,2026-09-18,call,175.0,38.5,38.6,38.8,0.47473669799804685,199,9719
2026-04-18,US67066G1040,NVDA,2026-09-18,call,180.0,35.05,35.15,35.35,0.4651542742919922,731,16123
2026-04-18,US67066G1040,NVDA,2026-09-18,call,185.0,31.92,31.85,32.0,0.45474788421630863,862,18777
2026-04-18,US67066G1040,NVDA,2026-09-18,call,190.0,28.7,28.8,28.95,0.4475763250732422,454,27799
2026-04-18,US67066G1040,NVDA,2026-09-18,call,195.0,25.8,25.9,26.05,0.4402521795654296,193,11185
2026-04-18,US67066G1040,NVDA,2026-09-18,call,200.0,23.25,23.2,23.35,0.4336909658813477,1837,30322
2026-04-18,US67066G1040,NVDA,2026-09-18,call,205.0,20.65,20.7,20.85,0.4277706149291992,1382,3813
2026-04-18,US67066G1040,NVDA,2026-09-18,call,210.0,18.47,18.45,18.55,0.42249112670898437,1431,20509
2026-04-18,US67066G1040,NVDA,2026-09-18,call,215.0,16.32,16.35,16.5,0.41879853668212885,444,5577
2026-04-18,US67066G1040,NVDA,2026-09-18,call,220.0,14.48,14.45,14.6,0.41486180847167964,1060,27281
2026-04-18,US67066G1040,NVDA,2026-09-18,call,225.0,12.69,12.75,12.85,0.41080301116943363,1454,9144
2026-04-18,US67066G1040,NVDA,2026-09-18,call,230.0,11.24,11.2,11.35,0.40869731933593745,1444,14442
2026-04-18,US67066G1040,NVDA,2026-09-18,call,235.0,9.85,9.85,9.95,0.40573714385986326,233,1713
2026-04-18,US67066G1040,NVDA,2026-09-18,call,240.0,8.65,8.6,8.75,0.4042112802124024,683,36207
2026-04-18,US67066G1040,NVDA,2026-09-18,call,245.0,7.5,7.55,7.65,0.4021971401977539,144,932
2026-04-18,US67066G1040,NVDA,2026-09-18,call,250.0,6.6,6.6,6.7,0.4010069665527344,606,14952
2026-04-18,US67066G1040,NVDA,2026-09-18,call,255.0,5.7,5.75,5.85,0.39978627563476565,91,3790
2026-04-18,US67066G1040,NVDA,2026-09-18,call,260.0,5.0,5.0,5.1,0.3987486883544922,512,7999
2026-04-18,US67066G1040,NVDA,2026-09-18,call,265.0,4.21,4.35,4.45,0.39813834289550787,231,3159
2026-04-18,US67066G1040,NVDA,2026-09-18,call,270.0,3.79,3.8,3.9,0.39826041198730466,442,9683
2026-04-18,US67066G1040,NVDA,2026-09-18,call,275.0,3.31,3.3,3.4,0.3979552392578125,135,1219
2026-04-18,US67066G1040,NVDA,2026-09-18,call,280.0,2.92,2.9,2.95,0.39728385925292964,224,6234
2026-04-18,US67066G1040,NVDA,2026-09-18,call,285.0,2.46,2.53,2.58,0.39765006652832036,141,112
2026-04-18,US67066G1040,NVDA,2026-09-18,call,290.0,2.22,2.22,2.26,0.39819937744140627,220,10280
2026-04-18,US67066G1040,NVDA,2026-09-18,call,295.0,1.85,1.92,1.97,0.3983214465332031,5,454
2026-04-18,US67066G1040,NVDA,2026-09-18,call,300.0,1.68,1.7,1.73,0.3992369647216797,149,7408
2026-04-18,US67066G1040,NVDA,2026-09-18,call,310.0,1.32,1.3,1.35,0.4019835192871094,133,2302
2026-04-18,US67066G1040,NVDA,2026-09-18,call,320.0,1.02,1.01,1.06,0.40491317749023437,648,3600
2026-04-18,US67066G1040,NVDA,2026-09-18,call,330.0,0.81,0.79,0.83,0.4074766284179688,132,2318
2026-04-18,US67066G1040,NVDA,2026-09-18,call,340.0,0.65,0.63,0.68,0.4128476684570312,33,1308
2026-04-18,US67066G1040,NVDA,2026-09-18,call,350.0,0.52,0.51,0.56,0.41797457031249996,64,1404
2026-04-18,US67066G1040,NVDA,2026-09-18,call,360.0,0.45,0.42,0.46,0.42236905761718746,5,3218
2026-04-18,US67066G1040,NVDA,2026-09-18,call,370.0,0.36,0.35,0.38,0.4270076831054688,130,403
2026-04-18,US67066G1040,NVDA,2026-09-18,call,380.0,0.31,0.29,0.32,0.4321345849609375,1,675
2026-04-18,US67066G1040,NVDA,2026-09-18,call,390.0,0.26,0.25,0.27,0.4370173486328125,7,5282
2026-04-18,US67066G1040,NVDA,2026-09-18,call,400.0,0.24,0.21,0.24,0.44434149414062496,2,10868
2026-04-18,US67066G1040,NVDA,2026-09-18,call,410.0,0.19,0.18,0.21,0.450200810546875,1,5489
2026-04-18,US67066G1040,NVDA,2026-09-18,call,420.0,0.17,0.16,0.17,0.45166563964843753,182,7953
2026-04-18,US67066G1040,NVDA,2026-09-18,put,5.0,0.01,0.0,0.02,1.8437507812499998,1,1947
2026-04-18,US67066G1040,NVDA,2026-09-18,put,10.0,0.01,0.0,0.03,1.5312523437499999,1,970
2026-04-18,US67066G1040,NVDA,2026-09-18,put,15.0,0.01,0.0,0.03,1.3203158984374999,1,487
2026-04-18,US67066G1040,NVDA,2026-09-18,put,20.0,0.01,0.0,0.03,1.171879140625,1,594
2026-04-18,US67066G1040,NVDA,2026-09-18,put,25.0,0.02,0.01,0.04,1.1015669921875002,2640,3351
2026-04-18,US67066G1040,NVDA,2026-09-18,put,30.0,0.03,0.01,0.04,1.0078174609375,150,630
2026-04-18,US67066G1040,NVDA,2026-09-18,put,35.0,0.02,0.01,0.05,0.9414068359375,9,2965
2026-04-18,US67066G1040,NVDA,2026-09-18,put,40.0,0.04,0.02,0.06,0.8945323046874999,3,3159
2026-04-18,US67066G1040,NVDA,2026-09-18,put,45.0,0.12,0.03,0.07,0.8476577734374999,3,926
2026-04-18,US67066G1040,NVDA,2026-09-18,put,50.0,0.05,0.05,0.09,0.8183611914062499,2,2065
2026-04-18,US67066G1040,NVDA,2026-09-18,put,55.0,0.1,0.07,0.11,0.7851583984375,50,898
2026-04-18,US67066G1040,NVDA,2026-09-18,put,60.0,0.1,0.09,0.12,0.747072841796875,9,2022
2026-04-18,US67066G1040,NVDA,2026-09-18,put,65.0,0.13,0.12,0.15,0.72070591796875,1,1172
2026-04-18,US67066G1040,NVDA,2026-09-18,put,70.0,0.18,0.15,0.18,0.69336244140625,7,2314
2026-04-18,US67066G1040,NVDA,2026-09-18,put,75.0,0.19,0.2,0.22,0.6709017285156251,1,1285
2026-04-18,US67066G1040,NVDA,2026-09-18,put,80.0,0.22,0.24,0.28,0.648441015625,444,3599
2026-04-18,US67066G1040,NVDA,2026-09-18,put,85.0,0.28,0.31,0.34,0.6284216845703126,16,5134
2026-04-18,US67066G1040,NVDA,2026-09-18,put,90.0,0.37,0.39,0.42,0.6101113208007813,2,10051
2026-04-18,US67066G1040,NVDA,2026-09-18,put,95.0,0.47,0.48,0.52,0.5922892333984376,1,13510
2026-04-18,US67066G1040,NVDA,2026-09-18,put,100.0,0.64,0.6,0.63,0.5754436987304687,514,16219
2026-04-18,US67066G1040,NVDA,2026-09-18,put,105.0,0.75,0.74,0.76,0.5590864404296876,187,8129
2026-04-18,US67066G1040,NVDA,2026-09-18,put,110.0,0.97,0.91,0.94,0.5451705639648439,213,14433
2026-04-18,US67066G1040,NVDA,2026-09-18,put,115.0,1.16,1.09,1.12,0.5288133056640626,8,6173
2026-04-18,US67066G1040,NVDA,2026-09-18,put,120.0,1.37,1.33,1.36,0.5155077746582031,263,42129
2026-04-18,US67066G1040,NVDA,2026-09-18,put,125.0,1.69,1.6,1.64,0.502080174560547,647,28758
2026-04-18,US67066G1040,NVDA,2026-09-18,put,130.0,2.03,1.94,1.98,0.4914601635742188,214,31360
2026-04-18,US67066G1040,NVDA,2026-09-18,put,135.0,2.45,2.34,2.38,0.4797415307617187,81,17957
2026-04-18,US67066G1040,NVDA,2026-09-18,put,140.0,2.93,2.81,2.86,0.4690604852294922,228,31574
2026-04-18,US67066G1040,NVDA,2026-09-18,put,145.0,3.5,3.35,3.45,0.459966337890625,839,23788
2026-04-18,US67066G1040,NVDA,2026-09-18,put,150.0,4.03,4.0,4.1,0.4498346032714844,5933,37371
2026-04-18,US67066G1040,NVDA,2026-09-18,put,155.0,4.81,4.75,4.85,0.4400080413818359,641,17677
2026-04-18,US67066G1040,NVDA,2026-09-18,put,160.0,5.7,5.65,5.7,0.4301204449462891,1141,28554
2026-04-18,US67066G1040,NVDA,2026-09-18,put,165.0,6.7,6.65,6.75,0.42273526489257807,1084,15631
2026-04-18,US67066G1040,NVDA,2026-09-18,put,170.0,7.85,7.8,7.9,0.4144345666503906,1109,25304
2026-04-18,US67066G1040,NVDA,2026-09-18,put,175.0,9.28,9.1,9.2,0.40631697204589845,2355,23659
2026-04-18,US67066G1040,NVDA,2026-09-18,put,180.0,10.65,10.55,10.65,0.39819937744140627,5522,21978
2026-04-18,US67066G1040,NVDA,2026-09-18,put,185.0,12.46,12.25,12.35,0.39197385375976557,361,14167
2026-04-18,US67066G1040,NVDA,2026-09-18,put,190.0,14.18,14.1,14.2,0.38513798461914056,470,9226
2026-04-18,US67066G1040,NVDA,2026-09-18,put,195.0,16.55,16.1,16.25,0.3786683227539062,144,6120
2026-04-18,US67066G1040,NVDA,2026-09-18,put,200.0,18.46,18.4,18.55,0.3733583172607422,3507,6678
2026-04-18,US67066G1040,NVDA,2026-09-18,put,205.0,21.0,20.85,21.0,0.36713279357910156,152,310
2026-04-18,US67066G1040,NVDA,2026-09-18,put,210.0,24.1,23.55,23.7,0.3619448571777344,109,5167
2026-04-18,US67066G1040,NVDA,2026-09-18,put,215.0,26.93,26.4,26.6,0.3568484725952148,90,191
2026-04-18,US67066G1040,NVDA,2026-09-18,put,220.0,29.9,29.5,29.7,0.3518436398315429,76,3743
2026-04-18,US67066G1040,NVDA,2026-09-18,put,225.0,35.3,32.8,32.95,0.3460453579711914,10,242
2026-04-18,US67066G1040,NVDA,2026-09-18,put,230.0,37.01,36.25,36.45,0.3416203533935547,4,588
2026-04-18,US67066G1040,NVDA,2026-09-18,put,235.0,40.76,39.9,40.1,0.3366460379028321,9,64
2026-04-18,US67066G1040,NVDA,2026-09-18,put,240.0,43.82,43.7,43.9,0.33130551513671874,7,1307
2026-04-18,US67066G1040,NVDA,2026-09-18,put,245.0,47.82,47.65,47.9,0.3270330969238281,1,30
2026-04-18,US67066G1040,NVDA,2026-09-18,put,250.0,54.25,51.75,52.0,0.3216010223388671,40,705
2026-04-18,US67066G1040,NVDA,2026-09-18,put,255.0,60.7,56.0,56.25,0.31653515502929686,31,32
2026-04-18,US67066G1040,NVDA,2026-09-18,put,260.0,64.47,60.3,60.6,0.3107979077148437,4,8
2026-04-18,US67066G1040,NVDA,2026-09-18,put,265.0,65.95,64.75,65.05,0.3043282458496094,1,3
2026-04-18,US67066G1040,NVDA,2026-09-18,put,270.0,83.42,69.3,69.6,0.29761444580078117,9,6
2026-04-18,US67066G1040,NVDA,2026-09-18,put,280.0,103.25,78.65,78.95,0.2827220166015625,2,400
2026-04-18,US67066G1040,NVDA,2026-09-18,put,290.0,91.87,88.3,88.6,0.2695385546875,2,2
2026-04-18,US67066G1040,NVDA,2026-09-18,put,300.0,101.77,98.25,98.5,0.273444765625,5,0
2026-04-18,US67066G1040,NVDA,2026-09-18,put,310.0,127.9,0.0,0.0,1.0000000000000003e-05,16,0
2026-04-18,US67066G1040,NVDA,2026-09-18,put,320.0,138.61,0.0,0.0,1.0000000000000003e-05,14,0
2026-04-18,US67066G1040,NVDA,2026-09-18,put,330.0,149.06,0.0,0.0,1.0000000000000003e-05,4,0
2026-04-18,US67066G1040,NVDA,2026-09-18,put,340.0,154.59,150.75,154.3,0.8781750463867187,3,0
2026-04-18,US67066G1040,NVDA,2026-09-18,put,350.0,162.89,167.85,171.85,1.0670212664794925,8,0
2026-04-18,US67066G1040,NVDA,2026-09-18,put,360.0,175.99,0.0,0.0,1.0000000000000003e-05,2,0
2026-04-18,US67066G1040,NVDA,2026-09-18,put,370.0,186.0,0.0,0.0,1.0000000000000003e-05,,0
2026-04-18,US67066G1040,NVDA,2026-09-18,put,400.0,215.09,0.0,0.0,1.0000000000000003e-05,2,0
2026-04-18,US67066G1040,NVDA,2026-09-18,put,410.0,225.11,0.0,0.0,1.0000000000000003e-05,,0
2026-04-18,US67066G1040,NVDA,2026-09-18,put,420.0,229.0,230.75,234.35,1.0620469261169434,,0
2026-04-18,US67066G1040,NVDA,2026-10-16,call,10.0,166.9,187.6,195.0,3.384767163085937,3,3
2026-04-18,US67066G1040,NVDA,2026-10-16,call,15.0,163.97,182.7,190.1,2.7954131677246097,,2
2026-04-18,US67066G1040,NVDA,2026-10-16,call,25.0,159.8,172.9,180.3,2.1850631311035156,1,1
2026-04-18,US67066G1040,NVDA,2026-10-16,call,40.0,152.58,158.25,165.65,1.0224658251953125,2,2
2026-04-18,US67066G1040,NVDA,2026-10-16,call,45.0,156.67,153.35,160.15,0.804689453125,2,26
2026-04-18,US67066G1040,NVDA,2026-10-16,call,50.0,151.23,148.45,155.8,0.9501958105468749,1,3
2026-04-18,US67066G1040,NVDA,2026-10-16,call,60.0,106.44,139.05,146.15,0.9367682104492188,,1
2026-04-18,US67066G1040,NVDA,2026-10-16,call,65.0,118.94,133.85,141.25,0.8696302099609375,,10
2026-04-18,US67066G1040,NVDA,2026-10-16,call,70.0,129.62,129.0,136.45,0.8442398388671875,2,5
2026-04-18,US67066G1040,NVDA,2026-10-16,call,80.0,104.27,119.35,126.1,0.7460962890625,5,200
2026-04-18,US67066G1040,NVDA,2026-10-16,call,90.0,88.2,112.95,114.95,0.7779563220214845,70,37
2026-04-18,US67066G1040,NVDA,2026-10-16,call,95.0,77.67,108.2,110.1,0.7474390490722658,1,2
2026-04-18,US67066G1040,NVDA,2026-10-16,call,100.0,102.35,103.45,105.35,0.72070591796875,2,36
2026-04-18,US67066G1040,NVDA,2026-10-16,call,105.0,68.25,98.75,100.6,0.6953155468750001,2,7
2026-04-18,US67066G1040,NVDA,2026-10-16,call,110.0,94.07,94.05,95.9,0.6709017285156251,1,32
2026-04-18,US67066G1040,NVDA,2026-10-16,call,115.0,86.0,89.4,91.2,0.6473423937988281,5,16
2026-04-18,US67066G1040,NVDA,2026-10-16,call,120.0,85.55,85.65,85.9,0.6302527209472657,33,70
2026-04-18,US67066G1040,NVDA,2026-10-16,call,125.0,80.75,81.1,81.35,0.610599597167969,3,51
2026-04-18,US67066G1040,NVDA,2026-10-16,call,130.0,75.2,76.6,76.85,0.5917399224853517,3,65
2026-04-18,US67066G1040,NVDA,2026-10-16,call,135.0,71.45,72.2,72.45,0.5753216296386718,1,150
2026-04-18,US67066G1040,NVDA,2026-10-16,call,140.0,67.58,67.85,68.1,0.5590254058837891,103,143
2026-04-18,US67066G1040,NVDA,2026-10-16,call,145.0,62.6,63.6,63.8,0.5435226312255861,3,64
2026-04-18,US67066G1040,NVDA,2026-10-16,call,150.0,59.37,59.4,59.65,0.5291795129394532,45,588
2026-04-18,US67066G1040,NVDA,2026-10-16,call,155.0,54.55,55.35,55.6,0.5163622583007812,12,487
2026-04-18,US67066G1040,NVDA,2026-10-16,call,160.0,51.4,51.5,51.65,0.5052539709472657,118,316
2026-04-18,US67066G1040,NVDA,2026-10-16,call,165.0,47.09,47.6,47.85,0.49600723724365237,12,273
2026-04-18,US67066G1040,NVDA,2026-10-16,call,170.0,43.8,43.95,44.2,0.4859670544433594,11,1143
2026-04-18,US67066G1040,NVDA,2026-10-16,call,175.0,39.79,40.45,40.65,0.4757132507324219,19,529
2026-04-18,US67066G1040,NVDA,2026-10-16,call,180.0,37.09,37.05,37.3,0.46710737976074224,121,2070
2026-04-18,US67066G1040,NVDA,2026-10-16,call,185.0,33.21,33.9,34.1,0.45889823333740243,62,1014
2026-04-18,US67066G1040,NVDA,2026-10-16,call,190.0,30.8,30.85,31.05,0.45099425964355466,96,1562
2026-04-18,US67066G1040,NVDA,2026-10-16,call,195.0,27.85,28.05,28.2,0.4441278732299804,71,2681
2026-04-18,US67066G1040,NVDA,2026-10-16,call,200.0,25.49,25.4,25.5,0.4373530386352539,567,2119
2026-04-18,US67066G1040,NVDA,2026-10-16,call,205.0,22.85,22.9,23.0,0.4314632049560547,3087,1157
2026-04-18,US67066G1040,NVDA,2026-10-16,call,210.0,20.54,20.6,20.75,0.42734337310791026,353,10898
2026-04-18,US67066G1040,NVDA,2026-10-16,call,215.0,18.45,18.5,18.65,0.42319302398681635,1635,3243
2026-04-18,US67066G1040,NVDA,2026-10-16,call,220.0,16.45,16.6,16.7,0.4191037094116211,777,2707
2026-04-18,US67066G1040,NVDA,2026-10-16,call,225.0,14.83,14.8,14.95,0.41602146484374997,284,2661
2026-04-18,US67066G1040,NVDA,2026-10-16,call,230.0,13.2,13.2,13.35,0.4131528411865234,1675,1092
2026-04-18,US67066G1040,NVDA,2026-10-16,call,235.0,11.75,11.8,11.9,0.41061990753173827,115,1034
2026-04-18,US67066G1040,NVDA,2026-10-16,call,240.0,10.38,10.5,10.55,0.40762921478271485,290,8480
2026-04-18,US67066G1040,NVDA,2026-10-16,call,245.0,9.0,9.3,9.45,0.4072935247802735,48,614
2026-04-18,US67066G1040,NVDA,2026-10-16,call,250.0,8.28,8.25,8.4,0.40582869567871094,398,1544
2026-04-18,US67066G1040,NVDA,2026-10-16,call,255.0,7.3,7.35,7.45,0.4043638665771484,161,1492
2026-04-18,US67066G1040,NVDA,2026-10-16,call,260.0,6.4,6.5,6.6,0.40311265838623045,132,657
2026-04-18,US67066G1040,NVDA,2026-10-16,call,265.0,5.65,5.75,5.9,0.40344834838867194,14,182
2026-04-18,US67066G1040,NVDA,2026-10-16,call,270.0,5.0,5.1,5.2,0.4019835192871094,113,744
2026-04-18,US67066G1040,NVDA,2026-10-16,call,275.0,4.54,4.5,4.6,0.4012511047363281,16,174
2026-04-18,US67066G1040,NVDA,2026-10-16,call,280.0,3.99,4.0,4.1,0.40161731201171874,45,263
2026-04-18,US67066G1040,NVDA,2026-10-16,call,285.0,3.5,3.55,3.65,0.4018614501953125,15,27
2026-04-18,US67066G1040,NVDA,2026-10-16,call,290.0,3.2,3.15,3.25,0.4022276574707031,18,196
2026-04-18,US67066G1040,NVDA,2026-10-16,call,295.0,2.7,2.8,2.87,0.4017393811035156,11,108
2026-04-18,US67066G1040,NVDA,2026-10-16,call,300.0,2.36,2.49,2.55,0.40204455383300786,159,2821
2026-04-18,US67066G1040,NVDA,2026-10-16,call,310.0,1.89,1.96,2.03,0.4033873138427735,19,454
2026-04-18,US67066G1040,NVDA,2026-10-16,call,320.0,1.56,1.56,1.61,0.40442490112304685,47,73
2026-04-18,US67066G1040,NVDA,2026-10-16,call,330.0,1.23,1.25,1.3,0.4068662829589844,3,41
2026-04-18,US67066G1040,NVDA,2026-10-16,call,340.0,1.01,1.01,1.05,0.40906352661132805,103,149
2026-04-18,US67066G1040,NVDA,2026-10-16,call,350.0,0.83,0.82,0.86,0.41211525390625,1,333
2026-04-18,US67066G1040,NVDA,2026-10-16,call,360.0,0.68,0.67,0.71,0.41528905029296875,10,209
2026-04-18,US67066G1040,NVDA,2026-10-16,put,5.0,0.01,0.0,0.02,1.71875140625,3920,3922
2026-04-18,US67066G1040,NVDA,2026-10-16,put,20.0,0.04,0.0,0.03,1.0781296093750001,490,500
2026-04-18,US67066G1040,NVDA,2026-10-16,put,30.0,0.01,0.01,0.05,0.9414068359375,1,1
2026-04-18,US67066G1040,NVDA,2026-10-16,put,40.0,0.06,0.03,0.07,0.8398453515625,3,257
2026-04-18,US67066G1040,NVDA,2026-10-16,put,45.0,0.17,0.05,0.09,0.8085956640624999,30,42
2026-04-18,US67066G1040,NVDA,2026-10-16,put,50.0,0.1,0.07,0.11,0.773439765625,60,117
2026-04-18,US67066G1040,NVDA,2026-10-16,put,55.0,0.14,0.09,0.13,0.7382838671874999,165,111
2026-04-18,US67066G1040,NVDA,2026-10-16,put,60.0,0.18,0.13,0.16,0.7138700488281251,1,28
2026-04-18,US67066G1040,NVDA,2026-10-16,put,65.0,0.32,0.16,0.2,0.6875031250000001,1,36
2026-04-18,US67066G1040,NVDA,2026-10-16,put,70.0,0.25,0.21,0.25,0.6655306884765627,38,74
2026-04-18,US67066G1040,NVDA,2026-10-16,put,75.0,0.31,0.27,0.31,0.6450230810546875,7,64
2026-04-18,US67066G1040,NVDA,2026-10-16,put,80.0,0.34,0.34,0.38,0.6250037500000001,11,374
2026-04-18,US67066G1040,NVDA,2026-10-16,put,85.0,0.43,0.43,0.46,0.6064492480468751,16,178
2026-04-18,US67066G1040,NVDA,2026-10-16,put,90.0,0.58,0.53,0.57,0.5893595751953126,12,170
2026-04-18,US67066G1040,NVDA,2026-10-16,put,95.0,0.69,0.66,0.69,0.5730023168945313,10,459
2026-04-18,US67066G1040,NVDA,2026-10-16,put,100.0,0.86,0.8,0.84,0.5571333349609376,30,3542
2026-04-18,US67066G1040,NVDA,2026-10-16,put,105.0,0.91,0.97,1.01,0.5419967675781252,3,249
2026-04-18,US67066G1040,NVDA,2026-10-16,put,110.0,1.13,1.18,1.22,0.5282029602050782,20,799
2026-04-18,US67066G1040,NVDA,2026-10-16,put,115.0,1.5,1.42,1.46,0.5144091528320311,56,490
2026-04-18,US67066G1040,NVDA,2026-10-16,put,120.0,1.82,1.71,1.76,0.5023243127441408,170,1995
2026-04-18,US67066G1040,NVDA,2026-10-16,put,125.0,2.19,2.05,2.1,0.49170430175781255,119,4284
2026-04-18,US67066G1040,NVDA,2026-10-16,put,130.0,2.54,2.46,2.5,0.4802298071289062,85,3971
2026-04-18,US67066G1040,NVDA,2026-10-16,put,135.0,3.05,2.93,2.98,0.46985393432617195,17,4284
2026-04-18,US67066G1040,NVDA,2026-10-16,put,140.0,3.6,3.45,3.55,0.4603935797119141,1043,6828
2026-04-18,US67066G1040,NVDA,2026-10-16,put,145.0,4.25,4.1,4.2,0.4510552941894531,225,5803
2026-04-18,US67066G1040,NVDA,2026-10-16,put,150.0,4.89,4.85,4.95,0.44214425048828127,662,14460
2026-04-18,US67066G1040,NVDA,2026-10-16,put,155.0,5.87,5.7,5.8,0.43341631042480466,185,9470
2026-04-18,US67066G1040,NVDA,2026-10-16,put,160.0,6.75,6.7,6.8,0.42590906127929695,1318,6752
2026-04-18,US67066G1040,NVDA,2026-10-16,put,165.0,7.85,7.8,7.9,0.41785250122070305,683,7652
2026-04-18,US67066G1040,NVDA,2026-10-16,put,170.0,9.35,9.05,9.15,0.41040628662109374,156,4749
2026-04-18,US67066G1040,NVDA,2026-10-16,put,175.0,10.5,10.45,10.55,0.40320421020507813,469,2072
2026-04-18,US67066G1040,NVDA,2026-10-16,put,180.0,12.1,12.0,12.15,0.3971312728881836,1172,3230
2026-04-18,US67066G1040,NVDA,2026-10-16,put,185.0,13.8,13.7,13.85,0.3898986791992188,87,3455
2026-04-18,US67066G1040,NVDA,2026-10-16,put,190.0,15.69,15.65,15.75,0.38339850006103515,174,736
2026-04-18,US67066G1040,NVDA,2026-10-16,put,195.0,18.19,17.75,17.85,0.37744763183593744,1112,5656
2026-04-18,US67066G1040,NVDA,2026-10-16,put,200.0,20.03,20.0,20.15,0.3719545227050781,6286,738
2026-04-18,US67066G1040,NVDA,2026-10-16,put,205.0,22.55,22.5,22.65,0.3668276208496094,47,773
2026-04-18,US67066G1040,NVDA,2026-10-16,put,210.0,26.25,25.15,25.3,0.3611514080810546,6,3182
2026-04-18,US67066G1040,NVDA,2026-10-16,put,215.0,28.76,28.0,28.2,0.3567264035034179,5,179
2026-04-18,US67066G1040,NVDA,2026-10-16,put,220.0,31.77,31.05,31.25,0.35178260528564453,4,75
2026-04-18,US67066G1040,NVDA,2026-10-16,put,225.0,34.6,34.3,34.45,0.346411565246582,61,565
2026-04-18,US67066G1040,NVDA,2026-10-16,put,230.0,51.46,37.7,37.85,0.3415593188476562,6,249
2026-04-18,US67066G1040,NVDA,2026-10-16,put,235.0,43.4,41.25,41.45,0.33740896972656254,18,18
2026-04-18,US67066G1040,NVDA,2026-10-16,put,240.0,45.75,44.95,45.2,0.3332281033325196,5,25
2026-04-18,US67066G1040,NVDA,2026-10-16,put,255.0,59.0,56.95,57.2,0.31836619140624994,30,48
2026-04-18,US67066G1040,NVDA,2026-10-16,put,260.0,91.5,61.15,61.45,0.31317825500488283,8,0
2026-04-18,US67066G1040,NVDA,2026-10-16,put,270.0,71.85,69.95,70.25,0.301764794921875,1,0
2026-04-18,US67066G1040,NVDA,2026-10-16,put,280.0,82.0,79.1,79.4,0.2884592639160155,2,2
2026-04-18,US67066G1040,NVDA,2026-11-20,call,50.0,150.4,148.7,156.15,0.945313046875,18,21
2026-04-18,US67066G1040,NVDA,2026-11-20,call,55.0,129.02,143.9,151.35,0.9206550903320312,5,9
2026-04-18,US67066G1040,NVDA,2026-11-20,call,60.0,134.55,139.05,146.5,0.885743330078125,2,16
2026-04-18,US67066G1040,NVDA,2026-11-20,call,65.0,119.96,134.25,141.7,0.8579115771484375,2,9
2026-04-18,US67066G1040,NVDA,2026-11-20,call,70.0,121.0,129.45,136.85,0.8264177514648436,4,18
2026-04-18,US67066G1040,NVDA,2026-11-20,call,75.0,103.21,124.65,132.05,0.797853583984375,1,12
2026-04-18,US67066G1040,NVDA,2026-11-20,call,80.0,100.04,119.9,125.2,0.6604037866210939,1,38
2026-04-18,US67066G1040,NVDA,2026-11-20,call,85.0,111.9,118.15,120.5,0.7845480529785156,20,40
2026-04-18,US67066G1040,NVDA,2026-11-20,call,90.0,108.0,113.45,115.65,0.7541528491210938,4,80
2026-04-18,US67066G1040,NVDA,2026-11-20,call,95.0,95.64,0.0,0.0,1.0000000000000003e-05,1,0
2026-04-18,US67066G1040,NVDA,2026-11-20,call,100.0,100.26,104.05,106.3,0.7047148669433594,50,227
2026-04-18,US67066G1040,NVDA,2026-11-20,call,105.0,75.66,99.4,101.65,0.6814607049560548,30,236
2026-04-18,US67066G1040,NVDA,2026-11-20,call,110.0,87.0,94.8,97.0,0.6589999920654297,1,117
2026-04-18,US67066G1040,NVDA,2026-11-20,call,115.0,90.9,90.35,92.25,0.6371496246337891,35,467
2026-04-18,US67066G1040,NVDA,2026-11-20,call,120.0,84.48,86.75,87.0,0.6215858154296876,15,407
2026-04-18,US67066G1040,NVDA,2026-11-20,call,125.0,81.26,82.3,82.55,0.6037026934814456,13,319
2026-04-18,US67066G1040,NVDA,2026-11-20,call,130.0,71.45,77.9,78.2,0.5872233660888673,1,450
2026-04-18,US67066G1040,NVDA,2026-11-20,call,135.0,72.75,73.6,73.9,0.5719036950683594,9,401
2026-04-18,US67066G1040,NVDA,2026-11-20,call,140.0,67.87,69.4,69.65,0.5573164385986329,11,5231
2026-04-18,US67066G1040,NVDA,2026-11-20,call,145.0,64.9,65.3,65.55,0.5446212530517578,2,228
2026-04-18,US67066G1040,NVDA,2026-11-20,call,150.0,60.05,61.3,61.55,0.5327805511474608,1,545
2026-04-18,US67066G1040,NVDA,2026-11-20,call,155.0,54.55,57.4,57.65,0.5214891601562499,100,441
2026-04-18,US67066G1040,NVDA,2026-11-20,call,160.0,52.75,53.65,53.85,0.511174321899414,12,627
2026-04-18,US67066G1040,NVDA,2026-11-20,call,165.0,49.95,49.95,50.2,0.5010425872802735,8,524
2026-04-18,US67066G1040,NVDA,2026-11-20,call,170.0,46.39,46.45,46.65,0.49396257995605475,17,776
2026-04-18,US67066G1040,NVDA,2026-11-20,call,175.0,42.65,43.05,43.3,0.48611964080810544,136,645
2026-04-18,US67066G1040,NVDA,2026-11-20,call,180.0,39.95,39.85,40.0,0.47711704528808596,674,5077
2026-04-18,US67066G1040,NVDA,2026-11-20,call,185.0,36.82,36.8,37.0,0.47137979797363283,84,1643
2026-04-18,US67066G1040,NVDA,2026-11-20,call,190.0,33.8,33.85,34.0,0.4634758242797852,261,1754
2026-04-18,US67066G1040,NVDA,2026-11-20,call,195.0,30.61,31.1,31.3,0.4585320260620118,25,824
2026-04-18,US67066G1040,NVDA,2026-11-20,call,200.0,28.5,28.55,28.7,0.4530389169311524,451,3110
2026-04-18,US67066G1040,NVDA,2026-11-20,call,205.0,26.1,26.1,26.25,0.4478509805297851,48,1053
2026-04-18,US67066G1040,NVDA,2026-11-20,call,210.0,23.9,23.85,23.95,0.4429682168579102,501,1804
2026-04-18,US67066G1040,NVDA,2026-11-20,call,215.0,21.75,21.7,21.85,0.439184075012207,45,423
2026-04-18,US67066G1040,NVDA,2026-11-20,call,220.0,19.72,19.75,19.85,0.43494217407226565,190,1740
2026-04-18,US67066G1040,NVDA,2026-11-20,call,225.0,17.9,17.95,18.1,0.4327144131469727,221,696
2026-04-18,US67066G1040,NVDA,2026-11-20,call,230.0,16.28,16.3,16.45,0.4301204449462891,831,5879
2026-04-18,US67066G1040,NVDA,2026-11-20,call,235.0,14.51,14.8,14.95,0.4281368222045898,59,930
2026-04-18,US67066G1040,NVDA,2026-11-20,call,240.0,13.05,13.4,13.55,0.4259395785522462,2113,1833
2026-04-18,US67066G1040,NVDA,2026-11-20,call,245.0,11.93,12.15,12.25,0.42365078308105464,30,978
2026-04-18,US67066G1040,NVDA,2026-11-20,call,250.0,10.85,10.95,11.1,0.4222775057983398,130,2055
2026-04-18,US67066G1040,NVDA,2026-11-20,call,255.0,9.8,9.9,10.05,0.42105681488037117,16,436
2026-04-18,US67066G1040,NVDA,2026-11-20,call,260.0,8.97,8.95,9.1,0.42008026214599614,24,1393
2026-04-18,US67066G1040,NVDA,2026-11-20,call,265.0,7.77,8.1,8.2,0.4185238812255859,41,616
2026-04-18,US67066G1040,NVDA,2026-11-20,call,270.0,7.35,7.3,7.4,0.41748629394531245,41,1551
2026-04-18,US67066G1040,NVDA,2026-11-20,call,275.0,6.59,6.6,6.7,0.41712008666992184,28,483
2026-04-18,US67066G1040,NVDA,2026-11-20,call,280.0,5.95,5.95,6.0,0.41528905029296875,17,961
2026-04-18,US67066G1040,NVDA,2026-11-20,call,285.0,5.25,5.35,5.5,0.4168454312133788,4,102
2026-04-18,US67066G1040,NVDA,2026-11-20,call,290.0,4.85,4.85,4.95,0.41596043029785157,44,545
2026-04-18,US67066G1040,NVDA,2026-11-20,call,295.0,4.3,4.35,4.5,0.41644870666503897,2,40
2026-04-18,US67066G1040,NVDA,2026-11-20,call,300.0,3.98,3.95,4.05,0.4157773266601562,191,1042
2026-04-18,US67066G1040,NVDA,2026-11-20,call,310.0,3.25,3.25,3.35,0.4169369830322265,24,193
2026-04-18,US67066G1040,NVDA,2026-11-20,call,320.0,2.6,2.67,2.73,0.4165097412109374,3,228
2026-04-18,US67066G1040,NVDA,2026-11-20,call,330.0,2.18,2.2,2.26,0.4177304321289062,3,564
2026-04-18,US67066G1040,NVDA,2026-11-20,call,340.0,1.86,1.81,1.87,0.4188290539550781,3,273
2026-04-18,US67066G1040,NVDA,2026-11-20,call,350.0,1.5,1.51,1.56,0.4205380212402344,5,273
2026-04-18,US67066G1040,NVDA,2026-11-20,call,360.0,1.26,1.26,1.31,0.42249112670898437,8,838
2026-04-18,US67066G1040,NVDA,2026-11-20,put,50.0,0.15,0.11,0.15,0.7382838671874999,161,290
2026-04-18,US67066G1040,NVDA,2026-11-20,put,55.0,0.2,0.14,0.19,0.709963837890625,10,205
2026-04-18,US67066G1040,NVDA,2026-11-20,put,60.0,0.23,0.2,0.23,0.6875031250000001,48,311
2026-04-18,US67066G1040,NVDA,2026-11-20,put,65.0,0.35,0.25,0.29,0.6640658593750002,1,106
2026-04-18,US67066G1040,NVDA,2026-11-20,put,70.0,0.34,0.33,0.35,0.6435582519531251,54,181
2026-04-18,US67066G1040,NVDA,2026-11-20,put,75.0,0.39,0.39,0.43,0.6210975390625001,15,198
2026-04-18,US67066G1040,NVDA,2026-11-20,put,80.0,0.52,0.52,0.54,0.6074258007812501,4,303
2026-04-18,US67066G1040,NVDA,2026-11-20,put,85.0,0.67,0.62,0.65,0.5883830224609375,42,185
2026-04-18,US67066G1040,NVDA,2026-11-20,put,90.0,0.77,0.76,0.79,0.5722699023437501,9,270
2026-04-18,US67066G1040,NVDA,2026-11-20,put,95.0,0.97,0.92,0.96,0.5571333349609376,2,476
2026-04-18,US67066G1040,NVDA,2026-11-20,put,100.0,1.19,1.11,1.15,0.5424850439453126,72,3627
2026-04-18,US67066G1040,NVDA,2026-11-20,put,105.0,1.46,1.34,1.38,0.5293015820312501,2,336
2026-04-18,US67066G1040,NVDA,2026-11-20,put,110.0,1.66,1.61,1.66,0.5169726037597657,68,764
2026-04-18,US67066G1040,NVDA,2026-11-20,put,115.0,2.0,1.93,1.98,0.5052539709472657,14,4623
2026-04-18,US67066G1040,NVDA,2026-11-20,put,120.0,2.4,2.31,2.36,0.4958546508789063,41,2687
2026-04-18,US67066G1040,NVDA,2026-11-20,put,125.0,2.87,2.74,2.8,0.4854787780761719,3,3120
2026-04-18,US67066G1040,NVDA,2026-11-20,put,130.0,3.3,3.25,3.3,0.47522497436523436,16,1407
2026-04-18,US67066G1040,NVDA,2026-11-20,put,135.0,3.89,3.8,3.9,0.4664359997558594,11,6065
2026-04-18,US67066G1040,NVDA,2026-11-20,put,140.0,4.55,4.5,4.6,0.45844047424316414,26,11603
2026-04-18,US67066G1040,NVDA,2026-11-20,put,145.0,5.4,5.25,5.35,0.44940736145019533,9,4365
2026-04-18,US67066G1040,NVDA,2026-11-20,put,150.0,6.26,6.15,6.25,0.44214425048828127,97,13490
2026-04-18,US67066G1040,NVDA,2026-11-20,put,155.0,7.37,7.15,7.25,0.4348201049804688,8,2734
2026-04-18,US67066G1040,NVDA,2026-11-20,put,160.0,8.25,8.25,8.35,0.4272823385620118,44,4101
2026-04-18,US67066G1040,NVDA,2026-11-20,put,165.0,9.57,9.5,9.6,0.4205380212402344,56,3383
2026-04-18,US67066G1040,NVDA,2026-11-20,put,170.0,11.0,10.85,11.0,0.4143430148315429,145,4901
2026-04-18,US67066G1040,NVDA,2026-11-20,put,175.0,12.72,12.4,12.55,0.40845318115234375,9,2832
2026-04-18,US67066G1040,NVDA,2026-11-20,put,180.0,14.17,14.05,14.2,0.40180041564941404,96,4560
2026-04-18,US67066G1040,NVDA,2026-11-20,put,185.0,15.95,15.9,16.05,0.39621575469970705,39,967
2026-04-18,US67066G1040,NVDA,2026-11-20,put,190.0,18.0,17.9,18.05,0.3905700592041016,242,1726
2026-04-18,US67066G1040,NVDA,2026-11-20,put,195.0,20.15,20.05,20.25,0.3857178128051757,16,1421
2026-04-18,US67066G1040,NVDA,2026-11-20,put,200.0,22.54,22.4,22.55,0.3799195309448242,191,2682
2026-04-18,US67066G1040,NVDA,2026-11-20,put,205.0,25.41,24.9,25.1,0.3755860781860352,35,212
2026-04-18,US67066G1040,NVDA,2026-11-20,put,210.0,28.55,27.6,27.75,0.3702760726928711,6,439
2026-04-18,US67066G1040,NVDA,2026-11-20,put,215.0,30.89,30.4,30.6,0.3656069299316406,8,373
2026-04-18,US67066G1040,NVDA,2026-11-20,put,220.0,33.75,33.45,33.6,0.36084623535156246,32,175
2026-04-18,US67066G1040,NVDA,2026-11-20,put,225.0,37.0,36.6,36.8,0.35678743804931634,4,332
2026-04-18,US67066G1040,NVDA,2026-11-20,put,230.0,40.23,39.9,40.1,0.35190467437744133,3,431
2026-04-18,US67066G1040,NVDA,2026-11-20,put,235.0,44.2,43.4,43.6,0.3479069116210937,7,343
2026-04-18,US67066G1040,NVDA,2026-11-20,put,240.0,49.1,47.0,47.25,0.34409225250244135,72,389
2026-04-18,US67066G1040,NVDA,2026-11-20,put,245.0,52.95,50.7,51.0,0.3396672479248046,53,64
2026-04-18,US67066G1040,NVDA,2026-11-20,put,250.0,55.37,54.6,54.85,0.3346318978881836,3,167
2026-04-18,US67066G1040,NVDA,2026-11-20,put,255.0,61.0,58.55,58.85,0.33008482421874996,46,46
2026-04-18,US67066G1040,NVDA,2026-11-20,put,260.0,65.15,62.65,62.95,0.32520206054687495,304,704
2026-04-18,US67066G1040,NVDA,2026-11-20,put,265.0,68.35,66.85,67.15,0.3200141241455078,11,425
2026-04-18,US67066G1040,NVDA,2026-11-20,put,270.0,92.2,71.15,71.45,0.31464308410644526,5,319
2026-04-18,US67066G1040,NVDA,2026-11-20,put,275.0,106.59,75.55,75.85,0.30933307861328124,53,0
2026-04-18,US67066G1040,NVDA,2026-11-20,put,280.0,104.15,80.0,80.3,0.30261927856445314,51,0
2026-04-18,US67066G1040,NVDA,2026-11-20,put,285.0,111.34,84.55,84.85,0.29614961669921874,1,0
2026-04-18,US67066G1040,NVDA,2026-11-20,put,290.0,106.5,89.15,89.5,0.29077857666015616,22,0
2026-04-18,US67066G1040,NVDA,2026-11-20,put,295.0,120.88,93.85,94.15,0.28137925659179686,,0
2026-04-18,US67066G1040,NVDA,2026-11-20,put,300.0,100.7,98.6,98.9,0.2735668347167969,3,3
2026-04-18,US67066G1040,NVDA,2026-11-20,put,310.0,134.76,108.3,108.55,0.25489026367187506,10,0
2026-04-18,US67066G1040,NVDA,2026-11-20,put,330.0,151.96,128.25,128.5,0.27735097656249996,8,0
2026-04-18,US67066G1040,NVDA,2026-11-20,put,340.0,158.53,0.0,0.0,1.0000000000000003e-05,14,0
2026-04-18,US67066G1040,NVDA,2026-11-20,put,350.0,170.5,0.0,0.0,1.0000000000000003e-05,8,0
2026-04-18,US67066G1040,NVDA,2026-11-20,put,360.0,176.5,0.0,0.0,1.0000000000000003e-05,8,0
2026-04-18,US67066G1040,NVDA,2026-12-18,call,0.5,200.75,197.65,203.6,0.0,38,102145
2026-04-18,US67066G1040,NVDA,2026-12-18,call,1.0,187.6,197.05,203.85,0.0,20,3258
2026-04-18,US67066G1040,NVDA,2026-12-18,call,1.5,174.95,196.65,203.35,0.0,4,8269
2026-04-18,US67066G1040,NVDA,2026-12-18,call,2.0,172.95,196.1,201.7,0.0,9,16414
2026-04-18,US67066G1040,NVDA,2026-12-18,call,2.5,182.04,0.0,0.0,1.0000000000000003e-05,5,0
2026-04-18,US67066G1040,NVDA,2026-12-18,call,3.0,166.22,195.2,201.9,0.0,1,9574
2026-04-18,US67066G1040,NVDA,2026-12-18,call,3.5,191.8,181.15,187.6,1.0000000000000003e-05,1,203
2026-04-18,US67066G1040,NVDA,2026-12-18,call,4.0,184.04,186.8,189.5,1.0000000000000003e-05,48,8553
2026-04-18,US67066G1040,NVDA,2026-12-18,call,4.5,194.64,193.7,200.5,4.6640666699218745,1,18
2026-04-18,US67066G1040,NVDA,2026-12-18,call,5.0,178.01,193.4,199.95,4.267582790527343,10,2683
2026-04-18,US67066G1040,NVDA,2026-12-18,call,6.0,174.09,0.0,0.0,1.0000000000000003e-05,2,0
2026-04-18,US67066G1040,NVDA,2026-12-18,call,7.0,168.9,190.7,198.0,3.5097668505859376,1,667
2026-04-18,US67066G1040,NVDA,2026-12-18,call,8.0,166.35,189.8,197.05,3.2871111572265628,1,797
2026-04-18,US67066G1040,NVDA,2026-12-18,call,9.0,172.94,169.0,176.8,1.0000000000000003e-05,1,207
2026-04-18,US67066G1040,NVDA,2026-12-18,call,10.0,188.07,188.6,195.1,1.5800802246093748,2,1290
2026-04-18,US67066G1040,NVDA,2026-12-18,call,11.0,163.55,186.8,194.15,2.824221689453125,20,305
2026-04-18,US67066G1040,NVDA,2026-12-18,call,12.0,161.5,185.8,193.2,2.7168000830078123,2,338
2026-04-18,US67066G1040,NVDA,2026-12-18,call,13.0,177.09,174.5,182.9,1.0000000000000003e-05,18,661
2026-04-18,US67066G1040,NVDA,2026-12-18,call,14.0,168.55,171.1,177.5,1.0000000000000003e-05,10,69
2026-04-18,US67066G1040,NVDA,2026-12-18,call,15.0,185.3,182.9,189.35,2.2426801745605465,2,1003
2026-04-18,US67066G1040,NVDA,2026-12-18,call,16.0,176.36,0.0,0.0,1.0000000000000003e-05,2,0
2026-04-18,US67066G1040,NVDA,2026-12-18,call,17.0,164.79,0.0,0.0,1.0000000000000003e-05,1,0
2026-04-18,US67066G1040,NVDA,2026-12-18,call,18.0,169.46,179.75,186.85,2.151371809082031,2,332
2026-04-18,US67066G1040,NVDA,2026-12-18,call,19.0,166.67,179.0,185.65,2.0566454833984373,10,684
2026-04-18,US67066G1040,NVDA,2026-12-18,call,20.0,180.43,179.2,185.05,1.3642609912109376,5,16392
2026-04-18,US67066G1040,NVDA,2026-12-18,call,21.0,145.75,177.65,183.5,1.9287112939453124,10,3790
2026-04-18,US67066G1040,NVDA,2026-12-18,call,22.0,180.15,176.6,182.25,1.839112132568359,275,3541
2026-04-18,US67066G1040,NVDA,2026-12-18,call,23.0,146.65,175.15,181.6,1.857422587890625,2,327
2026-04-18,US67066G1040,NVDA,2026-12-18,call,24.0,153.72,174.15,180.65,1.824463768310547,40,668
2026-04-18,US67066G1040,NVDA,2026-12-18,call,25.0,172.83,173.0,179.65,1.7856456030273438,3,1117
2026-04-18,US67066G1040,NVDA,2026-12-18,call,26.0,175.45,172.2,179.1,1.8149423315429685,10,703
2026-04-18,US67066G1040,NVDA,2026-12-18,call,27.0,140.0,171.25,177.7,1.720704521484375,2,1062
2026-04-18,US67066G1040,NVDA,2026-12-18,call,28.0,170.9,170.85,177.6,1.1948282446289062,6,549
2026-04-18,US67066G1040,NVDA,2026-12-18,call,29.0,148.0,169.3,176.7,1.0830123974609376,2,605
2026-04-18,US67066G1040,NVDA,2026-12-18,call,30.0,159.8,168.7,174.55,1.6027851892089844,109,1912
2026-04-18,US67066G1040,NVDA,2026-12-18,call,31.0,170.5,167.35,173.05,1.5024438940429685,20,1105
2026-04-18,US67066G1040,NVDA,2026-12-18,call,32.0,158.0,166.9,172.85,0.9599613378906249,1,2496
2026-04-18,US67066G1040,NVDA,2026-12-18,call,33.0,138.12,165.4,172.75,1.0410204199218753,5,358
2026-04-18,US67066G1040,NVDA,2026-12-18,call,34.0,150.7,165.0,171.85,1.1323285571289063,20,366
2026-04-18,US67066G1040,NVDA,2026-12-18,call,35.0,154.37,164.2,169.0,1.39453427734375,4,2229
2026-04-18,US67066G1040,NVDA,2026-12-18,call,36.0,137.5,162.5,169.85,1.0253954980468751,30,270
2026-04-18,US67066G1040,NVDA,2026-12-18,call,37.0,143.5,0.0,0.0,1.0000000000000003e-05,1,0
2026-04-18,US67066G1040,NVDA,2026-12-18,call,38.0,163.0,160.6,167.95,1.0224658251953125,1,912
2026-04-18,US67066G1040,NVDA,2026-12-18,call,39.0,163.1,160.15,166.1,0.9619144433593749,4,1273
2026-04-18,US67066G1040,NVDA,2026-12-18,call,40.0,162.0,159.45,166.0,1.0922896948242187,2,2279
2026-04-18,US67066G1040,NVDA,2026-12-18,call,41.0,162.03,159.4,163.85,1.0561570629882815,48,905
2026-04-18,US67066G1040,NVDA,2026-12-18,call,42.0,160.5,157.3,162.4,0.804689453125,1,1553
2026-04-18,US67066G1040,NVDA,2026-12-18,call,43.0,159.2,155.75,162.2,0.852540537109375,4,819
2026-04-18,US67066G1040,NVDA,2026-12-18,call,44.0,158.3,154.8,161.25,0.85937640625,25,0
2026-04-18,US67066G1040,NVDA,2026-12-18,call,45.0,156.57,153.8,160.15,0.8281267187499999,1,796
2026-04-18,US67066G1040,NVDA,2026-12-18,call,46.0,126.45,153.4,160.15,1.0080616003417968,10,1163
2026-04-18,US67066G1040,NVDA,2026-12-18,call,47.0,137.43,151.9,159.1,0.9433599414062499,1,331
2026-04-18,US67066G1040,NVDA,2026-12-18,call,48.0,142.55,150.9,158.25,0.9443364941406249,1,772
2026-04-18,US67066G1040,NVDA,2026-12-18,call,49.0,124.7,150.55,157.25,0.9860841235351563,2,2655
2026-04-18,US67066G1040,NVDA,2026-12-18,call,50.0,149.66,150.55,154.8,0.9360357958984374,3,6406
2026-04-18,US67066G1040,NVDA,2026-12-18,call,51.0,148.5,148.55,155.35,0.9665530688476562,5,1793
2026-04-18,US67066G1040,NVDA,2026-12-18,call,52.0,132.56,0.0,0.0,1.0000000000000003e-05,3,0
2026-04-18,US67066G1040,NVDA,2026-12-18,call,53.0,139.88,146.05,152.15,0.7788108056640625,20,1052
2026-04-18,US67066G1040,NVDA,2026-12-18,call,54.0,133.85,145.1,151.6,0.8273943041992187,9,559
2026-04-18,US67066G1040,NVDA,2026-12-18,call,55.0,147.25,145.75,150.35,0.9291999267578125,10,2737
2026-04-18,US67066G1040,NVDA,2026-12-18,call,56.0,127.85,126.15,131.15,1.0000000000000003e-05,199,931
2026-04-18,US67066G1040,NVDA,2026-12-18,call,57.0,133.71,142.2,149.55,0.8813488427734374,10,767
2026-04-18,US67066G1040,NVDA,2026-12-18,call,58.0,109.13,141.8,148.65,0.9150399121093751,2,766
2026-04-18,US67066G1040,NVDA,2026-12-18,call,59.0,140.45,140.9,146.15,0.805666005859375,1,7492
2026-04-18,US67066G1040,NVDA,2026-12-18,call,60.0,142.3,140.95,145.55,0.8945323046874999,10,4223
2026-04-18,US67066G1040,NVDA,2026-12-18,call,61.0,116.99,138.4,144.9,0.804689453125,1,572
2026-04-18,US67066G1040,NVDA,2026-12-18,call,62.0,134.91,137.45,144.85,0.8601088208007812,11,980
2026-04-18,US67066G1040,NVDA,2026-12-18,call,63.0,121.9,137.0,143.8,0.8771984936523438,2,2171
2026-04-18,US67066G1040,NVDA,2026-12-18,call,64.0,131.45,135.5,142.3,0.8081073876953124,2,1160
2026-04-18,US67066G1040,NVDA,2026-12-18,call,65.0,138.5,135.7,140.15,0.8010273803710937,24,2369
2026-04-18,US67066G1040,NVDA,2026-12-18,call,66.0,118.33,133.6,140.35,0.7971211694335938,2,923
2026-04-18,US67066G1040,NVDA,2026-12-18,call,67.0,136.0,132.65,139.95,0.8237322314453124,2,762
2026-04-18,US67066G1040,NVDA,2026-12-18,call,68.0,135.0,132.45,139.05,0.85742330078125,1,1461
2026-04-18,US67066G1040,NVDA,2026-12-18,call,69.0,107.2,132.1,136.9,0.8233660241699219,4,5044
2026-04-18,US67066G1040,NVDA,2026-12-18,call,70.0,133.9,133.5,135.6,0.9025888647460938,15,4423
2026-04-18,US67066G1040,NVDA,2026-12-18,call,71.0,108.9,129.4,135.35,0.791139783935547,1,1838
2026-04-18,US67066G1040,NVDA,2026-12-18,call,72.0,124.35,127.85,134.65,0.7690452783203126,2,812
2026-04-18,US67066G1040,NVDA,2026-12-18,call,73.0,130.17,126.95,133.75,0.7694114855957033,2,784
2026-04-18,US67066G1040,NVDA,2026-12-18,call,74.0,123.45,126.5,133.35,0.8110370458984374,66,4404
2026-04-18,US67066G1040,NVDA,2026-12-18,call,75.0,128.66,126.9,130.5,0.7824728784179689,5,10651
2026-04-18,US67066G1040,NVDA,2026-12-18,call,76.0,116.0,126.95,129.5,0.8150653259277343,1,357
2026-04-18,US67066G1040,NVDA,2026-12-18,call,77.0,99.21,126.0,128.55,0.8090839404296875,1,1681
2026-04-18,US67066G1040,NVDA,2026-12-18,call,78.0,91.67,125.05,127.6,0.8029804858398437,15,902
2026-04-18,US67066G1040,NVDA,2026-12-18,call,79.0,106.99,0.0,0.0,1.0000000000000003e-05,10,0
2026-04-18,US67066G1040,NVDA,2026-12-18,call,80.0,124.4,123.15,125.7,0.79101771484375,10,14591
2026-04-18,US67066G1040,NVDA,2026-12-18,call,81.0,122.5,122.2,124.65,0.7816183947753907,30,2028
2026-04-18,US67066G1040,NVDA,2026-12-18,call,82.0,118.5,121.25,123.7,0.7756370092773439,1,1963
2026-04-18,US67066G1040,NVDA,2026-12-18,call,83.0,120.6,120.35,122.85,0.7747825256347658,10,2536
2026-04-18,US67066G1040,NVDA,2026-12-18,call,84.0,102.4,119.4,121.9,0.7689232092285156,30,1760
2026-04-18,US67066G1040,NVDA,2026-12-18,call,85.0,118.16,118.45,120.95,0.7629418237304688,4,7612
2026-04-18,US67066G1040,NVDA,2026-12-18,call,86.0,114.25,117.45,120.2,0.7617211328125001,15,1948
2026-04-18,US67066G1040,NVDA,2026-12-18,call,87.0,98.56,116.55,119.05,0.7512231909179687,2,2100
2026-04-18,US67066G1040,NVDA,2026-12-18,call,88.0,103.51,115.6,118.1,0.7453638745117188,1,4086
2026-04-18,US67066G1040,NVDA,2026-12-18,call,89.0,98.46,114.7,117.2,0.7425562854003906,10,1311
2026-04-18,US67066G1040,NVDA,2026-12-18,call,90.0,114.8,114.4,116.25,0.7552514709472657,6,14557
2026-04-18,US67066G1040,NVDA,2026-12-18,call,91.0,96.5,112.8,115.3,0.7308376525878906,40,2531
2026-04-18,US67066G1040,NVDA,2026-12-18,call,92.0,113.0,111.8,113.45,0.6975127905273439,41,1443
2026-04-18,US67066G1040,NVDA,2026-12-18,call,93.0,111.45,110.95,113.4,0.72070591796875,3,3471
2026-04-18,US67066G1040,NVDA,2026-12-18,call,94.0,110.0,110.0,112.5,0.7163114306640624,3,1353
2026-04-18,US67066G1040,NVDA,2026-12-18,call,95.0,109.75,108.95,110.55,0.6801789794921876,6,2042
2026-04-18,US67066G1040,NVDA,2026-12-18,call,96.0,78.61,108.15,110.6,0.7060576269531251,3,726
2026-04-18,US67066G1040,NVDA,2026-12-18,call,97.0,104.0,107.25,109.7,0.7028838305664062,1,4108
2026-04-18,US67066G1040,NVDA,2026-12-18,call,98.0,104.7,106.3,108.75,0.6971465832519532,1,706
2026-04-18,US67066G1040,NVDA,2026-12-18,call,99.0,94.16,105.4,107.8,0.6926300268554688,2,1495
2026-04-18,US67066G1040,NVDA,2026-12-18,call,100.0,105.16,104.3,105.9,0.659305164794922,47,18667
2026-04-18,US67066G1040,NVDA,2026-12-18,call,101.0,97.97,103.55,105.95,0.6835969140625001,4,12493
2026-04-18,US67066G1040,NVDA,2026-12-18,call,102.0,103.75,102.6,105.05,0.6790803576660158,2,1404
2026-04-18,US67066G1040,NVDA,2026-12-18,call,103.0,101.0,101.7,103.45,0.659305164794922,3,11957
2026-04-18,US67066G1040,NVDA,2026-12-18,call,104.0,99.47,100.8,103.2,0.6710848321533205,1,603
2026-04-18,US67066G1040,NVDA,2026-12-18,call,105.0,100.1,99.9,101.5,0.6494786029052735,9,12193
2026-04-18,US67066G1040,NVDA,2026-12-18,call,106.0,82.89,98.95,101.35,0.6618686157226563,2,886
2026-04-18,US67066G1040,NVDA,2026-12-18,call,107.0,95.47,98.05,100.45,0.6583286120605469,1,1060
2026-04-18,US67066G1040,NVDA,2026-12-18,call,108.0,94.9,97.15,99.5,0.6536899865722658,4,1199
2026-04-18,US67066G1040,NVDA,2026-12-18,call,109.0,97.0,96.25,97.9,0.6352575537109376,1,443
2026-04-18,US67066G1040,NVDA,2026-12-18,call,110.0,96.06,95.4,96.9,0.63086306640625,7,14928
2026-04-18,US67066G1040,NVDA,2026-12-18,call,111.0,95.6,94.45,96.8,0.6427648028564454,1,619
2026-04-18,US67066G1040,NVDA,2026-12-18,call,112.0,94.7,93.6,95.0,0.6219520227050781,6,1449
2026-04-18,US67066G1040,NVDA,2026-12-18,call,113.0,68.83,93.7,94.0,0.6362341064453125,4,2410
2026-04-18,US67066G1040,NVDA,2026-12-18,call,114.0,91.99,92.8,93.1,0.6324499645996093,10,753
2026-04-18,US67066G1040,NVDA,2026-12-18,call,115.0,91.45,91.9,92.2,0.6286047882080079,28,1899
2026-04-18,US67066G1040,NVDA,2026-12-18,call,116.0,90.5,91.0,91.3,0.6247596118164063,2,679
2026-04-18,US67066G1040,NVDA,2026-12-18,call,117.0,88.0,90.1,90.4,0.6208534008789064,1,1215
2026-04-18,US67066G1040,NVDA,2026-12-18,call,118.0,86.45,89.2,89.5,0.6169471899414063,200,2102
2026-04-18,US67066G1040,NVDA,2026-12-18,call,119.0,87.7,88.35,88.65,0.6147499462890625,1,1011
2026-04-18,US67066G1040,NVDA,2026-12-18,call,120.0,86.56,87.5,87.75,0.611576149902344,31,8465
2026-04-18,US67066G1040,NVDA,2026-12-18,call,121.0,85.0,86.6,86.85,0.607547869873047,1,923
2026-04-18,US67066G1040,NVDA,2026-12-18,call,122.0,84.7,85.7,86.0,0.6043130389404299,3,2764
2026-04-18,US67066G1040,NVDA,2026-12-18,call,123.0,82.29,84.85,85.1,0.6010782080078126,1,1030
2026-04-18,US67066G1040,NVDA,2026-12-18,call,124.0,80.17,83.95,84.25,0.5977213079833985,1,807
2026-04-18,US67066G1040,NVDA,2026-12-18,call,125.0,82.35,83.1,83.4,0.5952188916015625,67,12541
2026-04-18,US67066G1040,NVDA,2026-12-18,call,126.0,82.0,82.25,82.5,0.5918009570312501,2,4481
2026-04-18,US67066G1040,NVDA,2026-12-18,call,127.0,69.33,81.35,81.65,0.5883219879150392,2,1783
2026-04-18,US67066G1040,NVDA,2026-12-18,call,128.0,79.8,80.5,80.8,0.5856364678955077,4,1386
2026-04-18,US67066G1040,NVDA,2026-12-18,call,129.0,77.95,79.65,79.95,0.5828288787841795,22,1333
2026-04-18,US67066G1040,NVDA,2026-12-18,call,130.0,78.65,78.8,79.1,0.5800212896728516,701,31643
2026-04-18,US67066G1040,NVDA,2026-12-18,call,132.0,74.2,77.1,77.4,0.5741619732666017,5,2447
2026-04-18,US67066G1040,NVDA,2026-12-18,call,134.0,75.13,75.4,75.7,0.5681195532226562,4,2094
2026-04-18,US67066G1040,NVDA,2026-12-18,call,135.0,73.55,74.6,74.85,0.5657086886596681,104,3043
2026-04-18,US67066G1040,NVDA,2026-12-18,call,136.0,73.09,73.75,74.05,0.5632367895507813,1,2085
2026-04-18,US67066G1040,NVDA,2026-12-18,call,138.0,71.15,72.1,72.35,0.5574385076904298,1,2919
2026-04-18,US67066G1040,NVDA,2026-12-18,call,140.0,70.35,70.45,70.75,0.55273884765625,33,12325
2026-04-18,US67066G1040,NVDA,2026-12-18,call,142.0,66.11,68.85,69.1,0.5477950494384767,6,1195
2026-04-18,US67066G1040,NVDA,2026-12-18,call,144.0,66.65,67.25,67.5,0.5431564239501954,3,1249
2026-04-18,US67066G1040,NVDA,2026-12-18,call,145.0,65.53,66.5,66.7,0.5413864221191409,23,3615
2026-04-18,US67066G1040,NVDA,2026-12-18,call,146.0,64.25,65.6,65.9,0.5377243493652344,2,2014
2026-04-18,US67066G1040,NVDA,2026-12-18,call,148.0,64.05,64.05,64.3,0.53320779296875,2,9071
2026-04-18,US67066G1040,NVDA,2026-12-18,call,150.0,62.44,62.5,62.7,0.528447098388672,182,16561
2026-04-18,US67066G1040,NVDA,2026-12-18,call,152.0,60.13,60.95,61.2,0.5245408874511719,5,854
2026-04-18,US67066G1040,NVDA,2026-12-18,call,154.0,57.32,59.45,59.7,0.5208788146972656,3,3772
2026-04-18,US67066G1040,NVDA,2026-12-18,call,155.0,58.49,58.7,58.95,0.5189257092285156,11,1062
2026-04-18,US67066G1040,NVDA,2026-12-18,call,156.0,56.95,57.95,58.2,0.5169115692138673,1,2269
2026-04-18,US67066G1040,NVDA,2026-12-18,call,158.0,56.5,56.45,56.7,0.5127001855468749,12,1014
2026-04-18,US67066G1040,NVDA,2026-12-18,call,160.0,54.93,54.95,55.25,0.5087024227905274,62,16879
2026-04-18,US67066G1040,NVDA,2026-12-18,call,162.0,52.92,53.55,53.8,0.5054370745849608,2,1117
2026-04-18,US67066G1040,NVDA,2026-12-18,call,164.0,50.95,52.1,52.35,0.5013477600097658,6,29818
2026-04-18,US67066G1040,NVDA,2026-12-18,call,165.0,50.54,51.4,51.65,0.5021106918334962,4,2504
2026-04-18,US67066G1040,NVDA,2026-12-18,call,166.0,50.05,50.7,50.95,0.5003712072753908,5,841
2026-04-18,US67066G1040,NVDA,2026-12-18,call,167.0,48.77,50.0,50.25,0.4985401708984375,1,660
2026-04-18,US67066G1040,NVDA,2026-12-18,call,168.0,49.15,49.3,49.55,0.496648099975586,21,1249
2026-04-18,US67066G1040,NVDA,2026-12-18,call,169.0,48.6,48.65,48.85,0.49466447723388673,3,1392
2026-04-18,US67066G1040,NVDA,2026-12-18,call,170.0,48.15,48.0,48.2,0.4935658554077149,384,7677
2026-04-18,US67066G1040,NVDA,2026-12-18,call,171.0,43.14,47.25,47.5,0.4914601635742188,10,1371
2026-04-18,US67066G1040,NVDA,2026-12-18,call,172.0,45.7,46.6,46.85,0.49017843811035167,71,1681
2026-04-18,US67066G1040,NVDA,2026-12-18,call,173.0,45.0,45.95,46.2,0.48883567810058604,3,409
2026-04-18,US67066G1040,NVDA,2026-12-18,call,174.0,45.05,45.3,45.5,0.48648584808349615,4,2096
2026-04-18,US67066G1040,NVDA,2026-12-18,call,175.0,44.5,44.65,44.85,0.4849905017089844,148,5741
2026-04-18,US67066G1040,NVDA,2026-12-18,call,176.0,44.0,44.0,44.2,0.48340360351562506,5,14821
2026-04-18,US67066G1040,NVDA,2026-12-18,call,177.0,42.6,43.35,43.6,0.4826406716918946,7,1598
2026-04-18,US67066G1040,NVDA,2026-12-18,call,178.0,41.7,42.7,42.95,0.48090118713378904,6,2347
2026-04-18,US67066G1040,NVDA,2026-12-18,call,179.0,41.7,42.1,42.3,0.4791006680297851,3,3113
2026-04-18,US67066G1040,NVDA,2026-12-18,call,180.0,41.58,41.5,41.7,0.47806308074951176,195,21985
2026-04-18,US67066G1040,NVDA,2026-12-18,call,181.0,40.85,40.85,41.05,0.4761099752807617,13,3661
2026-04-18,US67066G1040,NVDA,2026-12-18,call,182.0,39.72,40.25,40.45,0.47495031890869144,11,2012
2026-04-18,US67066G1040,NVDA,2026-12-18,call,183.0,39.61,39.6,39.85,0.47366859344482426,29,2979
2026-04-18,US67066G1040,NVDA,2026-12-18,call,184.0,38.0,39.05,39.25,0.47235635070800785,42,2735
2026-04-18,US67066G1040,NVDA,2026-12-18,call,185.0,38.38,38.45,38.65,0.47092203887939454,87,5008
2026-04-18,US67066G1040,NVDA,2026-12-18,call,186.0,37.77,37.85,38.05,0.4694572097778321,15,2096
2026-04-18,US67066G1040,NVDA,2026-12-18,call,187.0,37.27,37.25,37.5,0.46869427795410157,26,1506
2026-04-18,US67066G1040,NVDA,2026-12-18,call,188.0,36.65,36.7,36.9,0.4670463452148438,14,1969
2026-04-18,US67066G1040,NVDA,2026-12-18,call,189.0,36.18,36.15,36.35,0.46616134429931644,9,4430
2026-04-18,US67066G1040,NVDA,2026-12-18,call,190.0,35.55,35.55,35.75,0.4643608251953125,256,15307
2026-04-18,US67066G1040,NVDA,2026-12-18,call,191.0,33.21,35.0,35.2,0.4632927206420898,14,814
2026-04-18,US67066G1040,NVDA,2026-12-18,call,192.0,34.3,34.45,34.65,0.4621635815429688,3,1005
2026-04-18,US67066G1040,NVDA,2026-12-18,call,193.0,33.05,33.9,34.1,0.46094289062500005,69,1610
2026-04-18,US67066G1040,NVDA,2026-12-18,call,194.0,32.45,33.35,33.55,0.45966116516113287,14,12870
2026-04-18,US67066G1040,NVDA,2026-12-18,call,195.0,32.77,32.85,33.05,0.4590813369750977,79,4029
2026-04-18,US67066G1040,NVDA,2026-12-18,call,200.0,30.25,30.25,30.45,0.45346615875244145,1422,27949
2026-04-18,US67066G1040,NVDA,2026-12-18,call,205.0,27.82,27.85,28.05,0.4490411541748046,119,2748
2026-04-18,US67066G1040,NVDA,2026-12-18,call,210.0,25.57,25.6,25.75,0.4442499423217773,227,8069
2026-04-18,US67066G1040,NVDA,2026-12-18,call,212.0,24.2,24.75,24.9,0.44287666503906253,11,1621
2026-04-18,US67066G1040,NVDA,2026-12-18,call,213.0,24.35,24.35,24.5,0.4424494232177735,10,2189
2026-04-18,US67066G1040,NVDA,2026-12-18,call,214.0,23.75,23.9,24.05,0.4411982150268554,1,1152
2026-04-18,US67066G1040,NVDA,2026-12-18,call,215.0,23.4,23.5,23.65,0.44061838684082033,163,5104
2026-04-18,US67066G1040,NVDA,2026-12-18,call,216.0,22.55,23.1,23.25,0.4400080413818359,3,483
2026-04-18,US67066G1040,NVDA,2026-12-18,call,217.0,22.05,22.7,22.85,0.4392756268310547,13,643
2026-04-18,US67066G1040,NVDA,2026-12-18,call,218.0,21.95,22.3,22.45,0.43851269500732426,10,792
2026-04-18,US67066G1040,NVDA,2026-12-18,call,219.0,21.45,21.9,22.05,0.43765821136474614,16,515
2026-04-18,US67066G1040,NVDA,2026-12-18,call,220.0,21.55,21.5,21.65,0.43671217590332034,2606,12503
2026-04-18,US67066G1040,NVDA,2026-12-18,call,221.0,20.7,21.15,21.3,0.43646803771972653,3,1646
2026-04-18,US67066G1040,NVDA,2026-12-18,call,222.0,20.35,20.8,20.95,0.4361628649902344,134,1314
2026-04-18,US67066G1040,NVDA,2026-12-18,call,223.0,19.85,20.4,20.55,0.43503372589111333,57,1275
2026-04-18,US67066G1040,NVDA,2026-12-18,call,224.0,19.45,20.05,20.2,0.43457596679687505,4,800
2026-04-18,US67066G1040,NVDA,2026-12-18,call,225.0,19.63,19.7,19.85,0.4340571731567383,219,11256
2026-04-18,US67066G1040,NVDA,2026-12-18,call,226.0,18.9,19.35,19.5,0.4334773449707031,17,2612
2026-04-18,US67066G1040,NVDA,2026-12-18,call,227.0,18.91,19.0,19.15,0.43280596496582036,178,1001
2026-04-18,US67066G1040,NVDA,2026-12-18,call,228.0,18.6,18.65,18.8,0.43207355041503903,66,21344
2026-04-18,US67066G1040,NVDA,2026-12-18,call,230.0,18.0,18.0,18.15,0.4311885494995118,1084,11840
2026-04-18,US67066G1040,NVDA,2026-12-18,call,235.0,16.4,16.45,16.6,0.4289302713012696,112,3506
2026-04-18,US67066G1040,NVDA,2026-12-18,call,240.0,15.0,15.0,15.15,0.42661095855712894,278,10755
2026-04-18,US67066G1040,NVDA,2026-12-18,call,245.0,13.5,13.7,13.85,0.42508509490966795,423,2860
2026-04-18,US67066G1040,NVDA,2026-12-18,call,250.0,12.56,12.45,12.6,0.42282681671142575,844,17956
2026-04-18,US67066G1040,NVDA,2026-12-18,call,255.0,11.3,11.35,11.5,0.421606125793457,37,3777
2026-04-18,US67066G1040,NVDA,2026-12-18,call,260.0,10.33,10.35,10.5,0.4206600903320313,55,11092
2026-04-18,US67066G1040,NVDA,2026-12-18,call,265.0,9.35,9.45,9.55,0.4192257785034179,151,2357
2026-04-18,US67066G1040,NVDA,2026-12-18,call,270.0,8.6,8.6,8.7,0.4182797430419921,171,8196
2026-04-18,US67066G1040,NVDA,2026-12-18,call,275.0,7.63,7.8,7.95,0.4180050875854492,154,5088
2026-04-18,US67066G1040,NVDA,2026-12-18,call,280.0,7.1,7.1,7.25,0.41748629394531245,356,28727
2026-04-18,US67066G1040,NVDA,2026-12-18,call,285.0,6.35,6.45,6.6,0.4168149139404296,22,448
2026-04-18,US67066G1040,NVDA,2026-12-18,call,290.0,5.75,5.9,5.95,0.4149533602905273,325,5732
2026-04-18,US67066G1040,NVDA,2026-12-18,call,295.0,5.4,5.35,5.5,0.4165097412109374,87,521
2026-04-18,US67066G1040,NVDA,2026-12-18,call,300.0,4.9,4.9,5.0,0.41592991302490234,511,21591
2026-04-18,US67066G1040,NVDA,2026-12-18,call,310.0,4.1,4.05,4.2,0.4168149139404296,182,4196
2026-04-18,US67066G1040,NVDA,2026-12-18,call,320.0,3.4,3.4,3.5,0.4168149139404296,204,3881
2026-04-18,US67066G1040,NVDA,2026-12-18,call,330.0,2.78,2.85,2.91,0.4166928448486328,105,3180
2026-04-18,US67066G1040,NVDA,2026-12-18,call,340.0,2.29,2.39,2.45,0.4177304321289062,11,2120
2026-04-18,US67066G1040,NVDA,2026-12-18,call,350.0,2.02,2.02,2.07,0.4190731921386719,107,3026
2026-04-18,US67066G1040,NVDA,2026-12-18,call,360.0,1.7,1.7,1.74,0.4198056066894531,100,3199
2026-04-18,US67066G1040,NVDA,2026-12-18,call,370.0,1.43,1.45,1.48,0.42139250488281255,8,1394
2026-04-18,US67066G1040,NVDA,2026-12-18,call,380.0,1.26,1.23,1.27,0.4234676794433594,8,865
2026-04-18,US67066G1040,NVDA,2026-12-18,call,390.0,1.06,1.05,1.09,0.42542078491210944,6,1494
2026-04-18,US67066G1040,NVDA,2026-12-18,call,400.0,0.88,0.9,0.95,0.4282283740234375,67,2129
2026-04-18,US67066G1040,NVDA,2026-12-18,call,410.0,0.72,0.77,0.82,0.43005941040039064,6,1824
2026-04-18,US67066G1040,NVDA,2026-12-18,call,420.0,0.68,0.67,0.69,0.43018147949218755,119,4895
2026-04-18,US67066G1040,NVDA,2026-12-18,call,430.0,792.57,842.25,858.95,0.0,4,83
2026-04-18,US67066G1040,NVDA,2026-12-18,call,440.0,833.17,834.6,851.35,0.0,1,92
2026-04-18,US67066G1040,NVDA,2026-12-18,call,450.0,847.63,828.0,843.8,0.0,1,70
2026-04-18,US67066G1040,NVDA,2026-12-18,call,460.0,809.35,820.15,836.25,0.0,1,107
2026-04-18,US67066G1040,NVDA,2026-12-18,call,470.0,810.3,812.7,828.8,0.0,2,39
2026-04-18,US67066G1040,NVDA,2026-12-18,call,480.0,813.2,806.0,821.4,0.0,3,83
2026-04-18,US67066G1040,NVDA,2026-12-18,call,490.0,806.28,797.9,814.05,0.0,1,276
2026-04-18,US67066G1040,NVDA,2026-12-18,call,500.0,797.0,790.85,805.9,0.0,7,528
2026-04-18,US67066G1040,NVDA,2026-12-18,call,510.0,793.7,784.0,799.45,0.0,3,211
2026-04-18,US67066G1040,NVDA,2026-12-18,call,520.0,726.86,776.0,792.25,0.0,1,132
2026-04-18,US67066G1040,NVDA,2026-12-18,call,530.0,692.05,768.45,785.05,0.0,1,114
2026-04-18,US67066G1040,NVDA,2026-12-18,call,540.0,762.35,761.85,777.95,0.0,1,71
2026-04-18,US67066G1040,NVDA,2026-12-18,call,550.0,749.95,754.8,770.9,0.0,1,389
2026-04-18,US67066G1040,NVDA,2026-12-18,call,560.0,755.0,748.0,763.95,0.0,2,96
2026-04-18,US67066G1040,NVDA,2026-12-18,call,570.0,739.64,740.0,757.0,0.0,1,69
2026-04-18,US67066G1040,NVDA,2026-12-18,call,580.0,727.94,734.2,749.25,0.0,3,102
2026-04-18,US67066G1040,NVDA,2026-12-18,call,590.0,670.0,727.15,743.3,0.0,1,1167
2026-04-18,US67066G1040,NVDA,2026-12-18,call,600.0,710.0,720.35,736.5,0.0,1,594
2026-04-18,US67066G1040,NVDA,2026-12-18,call,610.0,718.0,714.0,729.4,0.0,1,76
2026-04-18,US67066G1040,NVDA,2026-12-18,call,620.0,712.57,707.25,722.65,0.0,6,193
2026-04-18,US67066G1040,NVDA,2026-12-18,call,630.0,709.5,700.4,716.55,0.0,5,256
2026-04-18,US67066G1040,NVDA,2026-12-18,call,640.0,692.3,693.8,709.55,0.0,1,116
2026-04-18,US67066G1040,NVDA,2026-12-18,call,650.0,696.13,687.3,703.45,0.0,8,320
2026-04-18,US67066G1040,NVDA,2026-12-18,call,660.0,675.89,681.1,696.15,0.0,6,81
2026-04-18,US67066G1040,NVDA,2026-12-18,call,670.0,680.0,674.45,690.6,0.0,2,128
2026-04-18,US67066G1040,NVDA,2026-12-18,call,680.0,684.02,668.0,684.25,0.0,2,129
2026-04-18,US67066G1040,NVDA,2026-12-18,call,690.0,671.94,661.85,677.55,0.0,2,824
2026-04-18,US67066G1040,NVDA,2026-12-18,call,700.0,650.41,656.2,670.7,0.0,2,761
2026-04-18,US67066G1040,NVDA,2026-12-18,call,710.0,658.0,650.3,664.4,0.0,3,207
2026-04-18,US67066G1040,NVDA,2026-12-18,call,720.0,595.96,644.15,658.55,0.0,1,141
2026-04-18,US67066G1040,NVDA,2026-12-18,call,730.0,538.35,638.05,653.25,0.0,2,81
2026-04-18,US67066G1040,NVDA,2026-12-18,call,740.0,627.2,632.05,646.2,0.0,1,539
2026-04-18,US67066G1040,NVDA,2026-12-18,call,750.0,638.0,626.1,641.0,0.0,2,640
2026-04-18,US67066G1040,NVDA,2026-12-18,call,760.0,631.55,620.05,634.65,0.0,1,60
2026-04-18,US67066G1040,NVDA,2026-12-18,call,770.0,621.53,614.3,628.25,0.0,3,208
2026-04-18,US67066G1040,NVDA,2026-12-18,call,780.0,602.47,607.25,623.1,0.0,2,93
2026-04-18,US67066G1040,NVDA,2026-12-18,call,790.0,596.47,602.75,616.9,0.0,2,150
2026-04-18,US67066G1040,NVDA,2026-12-18,call,800.0,591.15,597.05,611.2,0.0,5,1713
2026-04-18,US67066G1040,NVDA,2026-12-18,call,810.0,582.67,591.45,605.75,0.0,3,238
2026-04-18,US67066G1040,NVDA,2026-12-18,call,820.0,582.1,585.85,600.25,0.0,1,263
2026-04-18,US67066G1040,NVDA,2026-12-18,call,830.0,572.66,580.4,594.75,0.0,2,302
2026-04-18,US67066G1040,NVDA,2026-12-18,call,840.0,584.48,574.9,589.65,0.0,7,230
2026-04-18,US67066G1040,NVDA,2026-12-18,call,850.0,572.0,569.5,583.65,0.0,2,585
2026-04-18,US67066G1040,NVDA,2026-12-18,call,860.0,573.0,564.0,578.05,0.0,7,271
2026-04-18,US67066G1040,NVDA,2026-12-18,call,870.0,563.49,558.75,572.6,0.0,1,247
2026-04-18,US67066G1040,NVDA,2026-12-18,call,880.0,557.0,553.35,567.65,0.0,2,720
2026-04-18,US67066G1040,NVDA,2026-12-18,call,890.0,553.4,548.15,562.2,0.0,35,124
2026-04-18,US67066G1040,NVDA,2026-12-18,call,900.0,548.77,543.05,557.1,0.0,16,1874
2026-04-18,US67066G1040,NVDA,2026-12-18,call,910.0,529.62,537.8,551.8,0.0,1,308
2026-04-18,US67066G1040,NVDA,2026-12-18,call,920.0,525.15,533.05,546.5,0.0,1,255
2026-04-18,US67066G1040,NVDA,2026-12-18,call,930.0,529.6,527.95,541.85,0.0,2,208
2026-04-18,US67066G1040,NVDA,2026-12-18,call,940.0,534.68,523.0,536.65,0.0,2,198
2026-04-18,US67066G1040,NVDA,2026-12-18,call,950.0,520.0,517.95,531.8,0.0,1,306
2026-04-18,US67066G1040,NVDA,2026-12-18,call,960.0,505.85,513.0,526.9,0.0,1,90
2026-04-18,US67066G1040,NVDA,2026-12-18,call,970.0,500.86,508.2,521.95,0.0,2,432
2026-04-18,US67066G1040,NVDA,2026-12-18,call,980.0,496.14,503.7,517.15,0.0,1,59
2026-04-18,US67066G1040,NVDA,2026-12-18,call,990.0,494.62,498.8,511.85,0.0,1,130
2026-04-18,US67066G1040,NVDA,2026-12-18,call,1000.0,500.0,499.0,506.4,0.0,29,1891
2026-04-18,US67066G1040,NVDA,2026-12-18,call,1010.0,483.7,489.35,503.3,0.0,5,87
2026-04-18,US67066G1040,NVDA,2026-12-18,call,1020.0,484.0,484.95,498.5,0.0,7,160
2026-04-18,US67066G1040,NVDA,2026-12-18,call,1030.0,477.0,483.7,490.4,0.0,2,60
2026-04-18,US67066G1040,NVDA,2026-12-18,call,1040.0,483.88,479.1,485.8,0.0,2,57
2026-04-18,US67066G1040,NVDA,2026-12-18,call,1050.0,475.32,474.5,481.9,0.0,5,1161
2026-04-18,US67066G1040,NVDA,2026-12-18,call,1060.0,466.0,470.3,476.95,0.0,1,51
2026-04-18,US67066G1040,NVDA,2026-12-18,call,1070.0,473.53,465.8,472.5,0.0,1,110
2026-04-18,US67066G1040,NVDA,2026-12-18,call,1080.0,464.85,461.45,468.2,0.0,1,147
2026-04-18,US67066G1040,NVDA,2026-12-18,call,1090.0,460.46,457.1,463.85,0.0,2,37
2026-04-18,US67066G1040,NVDA,2026-12-18,call,1100.0,458.14,453.45,459.2,0.0,43,1802
2026-04-18,US67066G1040,NVDA,2026-12-18,call,1110.0,453.9,449.0,455.45,0.0,4,77
2026-04-18,US67066G1040,NVDA,2026-12-18,call,1120.0,447.72,444.55,451.2,0.0,3,197
2026-04-18,US67066G1040,NVDA,2026-12-18,call,1130.0,440.0,440.25,447.15,0.0,2,278
2026-04-18,US67066G1040,NVDA,2026-12-18,call,1140.0,436.75,436.25,443.0,0.0,1,85
2026-04-18,US67066G1040,NVDA,2026-12-18,call,1150.0,436.0,432.7,438.45,0.0,6,181
2026-04-18,US67066G1040,NVDA,2026-12-18,call,1160.0,430.45,428.1,434.9,0.0,1,62
2026-04-18,US67066G1040,NVDA,2026-12-18,call,1170.0,428.05,424.1,428.0,0.0,26,114
2026-04-18,US67066G1040,NVDA,2026-12-18,call,1180.0,414.38,420.15,427.1,0.0,1,149
2026-04-18,US67066G1040,NVDA,2026-12-18,call,1190.0,424.72,416.25,423.1,0.0,10,87
2026-04-18,US67066G1040,NVDA,2026-12-18,call,1200.0,415.92,412.55,419.0,0.0,55,1201
2026-04-18,US67066G1040,NVDA,2026-12-18,call,1210.0,413.47,408.7,415.5,0.0,68,102
2026-04-18,US67066G1040,NVDA,2026-12-18,call,1220.0,411.05,404.85,411.7,0.0,16,350
2026-04-18,US67066G1040,NVDA,2026-12-18,call,1230.0,394.52,399.55,409.15,0.0,2,1771
2026-04-18,US67066G1040,NVDA,2026-12-18,call,1240.0,405.0,397.3,404.3,0.0,15,49
2026-04-18,US67066G1040,NVDA,2026-12-18,call,1250.0,398.05,394.25,400.05,0.0,31,673
2026-04-18,US67066G1040,NVDA,2026-12-18,call,1260.0,394.28,389.95,397.05,0.0,17,107
2026-04-18,US67066G1040,NVDA,2026-12-18,call,1270.0,382.61,386.5,393.4,0.0,3,35
2026-04-18,US67066G1040,NVDA,2026-12-18,call,1280.0,389.0,382.85,390.0,0.0,4,50
2026-04-18,US67066G1040,NVDA,2026-12-18,call,1290.0,369.28,379.3,386.3,0.0,4,93
2026-04-18,US67066G1040,NVDA,2026-12-18,call,1300.0,385.0,376.45,382.3,0.0,25,3764
2026-04-18,US67066G1040,NVDA,2026-12-18,call,1320.0,371.45,369.0,375.6,0.0,3,186
2026-04-18,US67066G1040,NVDA,2026-12-18,call,1340.0,365.23,362.2,368.95,0.0,1,165
2026-04-18,US67066G1040,NVDA,2026-12-18,call,1360.0,361.2,355.6,362.35,0.0,2,54
2026-04-18,US67066G1040,NVDA,2026-12-18,call,1380.0,349.08,349.15,355.35,0.0,7,247
2026-04-18,US67066G1040,NVDA,2026-12-18,call,1400.0,346.75,343.0,348.9,0.0,27,877
2026-04-18,US67066G1040,NVDA,2026-12-18,call,1420.0,341.32,336.6,342.85,0.0,4,84
2026-04-18,US67066G1040,NVDA,2026-12-18,call,1440.0,335.07,330.6,338.55,0.0,1,114
2026-04-18,US67066G1040,NVDA,2026-12-18,call,1460.0,328.0,324.6,331.35,0.0,3,164
2026-04-18,US67066G1040,NVDA,2026-12-18,call,1480.0,309.0,318.8,326.35,0.0,27,597
2026-04-18,US67066G1040,NVDA,2026-12-18,call,1500.0,318.0,313.6,318.5,0.0,24,742
2026-04-18,US67066G1040,NVDA,2026-12-18,call,1520.0,312.57,307.5,314.15,0.0,8,50
2026-04-18,US67066G1040,NVDA,2026-12-18,call,1540.0,305.77,301.95,308.45,0.0,80,100
2026-04-18,US67066G1040,NVDA,2026-12-18,call,1560.0,297.94,296.7,304.0,0.0,8,365
2026-04-18,US67066G1040,NVDA,2026-12-18,call,1580.0,294.32,291.3,298.3,0.0,8,42
2026-04-18,US67066G1040,NVDA,2026-12-18,call,1600.0,292.0,286.95,293.1,0.0,16,155
2026-04-18,US67066G1040,NVDA,2026-12-18,call,1620.0,289.05,281.3,287.6,0.0,1,102
2026-04-18,US67066G1040,NVDA,2026-12-18,call,1640.0,280.0,275.15,284.6,0.0,5,3193
2026-04-18,US67066G1040,NVDA,2026-12-18,call,1650.0,280.5,274.45,280.0,0.0,8,29
2026-04-18,US67066G1040,NVDA,2026-12-18,call,1660.0,219.12,271.35,277.75,0.0,10,67
2026-04-18,US67066G1040,NVDA,2026-12-18,call,1670.0,190.46,269.1,276.55,0.0,3,43
2026-04-18,US67066G1040,NVDA,2026-12-18,call,1680.0,262.92,266.8,272.55,0.0,4,95
2026-04-18,US67066G1040,NVDA,2026-12-18,call,1690.0,259.2,264.45,270.2,0.0,1,19
2026-04-18,US67066G1040,NVDA,2026-12-18,call,1700.0,265.62,262.75,268.85,0.0,11,141
2026-04-18,US67066G1040,NVDA,2026-12-18,call,1710.0,258.3,259.7,265.6,0.0,2,2
2026-04-18,US67066G1040,NVDA,2026-12-18,call,1720.0,262.55,258.65,263.4,0.0,2,6
2026-04-18,US67066G1040,NVDA,2026-12-18,call,1730.0,256.21,257.0,261.1,0.0,12,34
2026-04-18,US67066G1040,NVDA,2026-12-18,call,1740.0,250.06,254.8,258.8,0.0,2,256
2026-04-18,US67066G1040,NVDA,2026-12-18,call,1750.0,259.95,252.65,256.5,0.0,36,89
2026-04-18,US67066G1040,NVDA,2026-12-18,call,1760.0,256.85,248.9,256.0,0.0,10,1624
2026-04-18,US67066G1040,NVDA,2026-12-18,call,1770.0,252.6,248.3,252.6,0.0,6,32
2026-04-18,US67066G1040,NVDA,2026-12-18,call,1780.0,247.71,246.15,250.55,0.0,10,82
2026-04-18,US67066G1040,NVDA,2026-12-18,call,1790.0,239.0,244.1,248.4,0.0,3,240
2026-04-18,US67066G1040,NVDA,2026-12-18,call,1800.0,241.93,242.1,245.9,0.0,71,662
2026-04-18,US67066G1040,NVDA,2026-12-18,call,1810.0,116.85,239.6,244.55,0.0,8,18
2026-04-18,US67066G1040,NVDA,2026-12-18,call,1820.0,241.55,238.0,242.25,0.0,4,68
2026-04-18,US67066G1040,NVDA,2026-12-18,call,1830.0,227.74,235.9,240.2,0.0,2,40
2026-04-18,US67066G1040,NVDA,2026-12-18,call,1840.0,234.85,233.9,238.2,0.0,2,101
2026-04-18,US67066G1040,NVDA,2026-12-18,call,1850.0,232.0,232.0,235.85,0.0,1,36
2026-04-18,US67066G1040,NVDA,2026-12-18,call,1860.0,232.85,229.95,234.3,0.0,5,33
2026-04-18,US67066G1040,NVDA,2026-12-18,call,1870.0,235.37,228.05,231.9,0.0,9,67
2026-04-18,US67066G1040,NVDA,2026-12-18,call,1880.0,230.0,226.05,230.4,0.0,1,54
2026-04-18,US67066G1040,NVDA,2026-12-18,call,1890.0,220.65,224.35,228.5,0.0,1,37
2026-04-18,US67066G1040,NVDA,2026-12-18,call,1900.0,224.0,222.35,226.3,0.0,33,401
2026-04-18,US67066G1040,NVDA,2026-12-18,call,1910.0,220.97,220.55,224.45,0.0,3,20
2026-04-18,US67066G1040,NVDA,2026-12-18,call,1920.0,188.7,218.7,222.65,0.0,1,74
2026-04-18,US67066G1040,NVDA,2026-12-18,call,1930.0,181.4,216.8,220.8,0.0,2,101
2026-04-18,US67066G1040,NVDA,2026-12-18,call,1940.0,217.0,214.5,219.55,0.0,5,1895
2026-04-18,US67066G1040,NVDA,2026-12-18,call,1950.0,217.01,213.6,217.25,0.0,7,8
2026-04-18,US67066G1040,NVDA,2026-12-18,call,2000.0,206.64,204.75,208.65,0.0,212,283
2026-04-18,US67066G1040,NVDA,2026-12-18,call,2050.0,198.83,196.5,200.85,6.8496108129882805,2,5
2026-04-18,US67066G1040,NVDA,2026-12-18,call,2100.0,186.4,188.9,192.6,5.7490262512207035,4,64
2026-04-18,US67066G1040,NVDA,2026-12-18,call,2120.0,190.0,185.5,189.7,5.512576351470947,1,129
2026-04-18,US67066G1040,NVDA,2026-12-18,call,2130.0,186.65,184.0,188.15,5.414309872741697,,6
2026-04-18,US67066G1040,NVDA,2026-12-18,call,2150.0,147.0,181.25,185.1,5.248538595581054,2,1
2026-04-18,US67066G1040,NVDA,2026-12-18,call,2170.0,150.36,178.15,182.35,5.102298544006347,,1
2026-04-18,US67066G1040,NVDA,2026-12-18,call,2180.0,170.5,176.8,180.95,5.039493446731566,,1
2026-04-18,US67066G1040,NVDA,2026-12-18,call,2200.0,176.05,174.35,178.1,4.927066829452514,2,87
2026-04-18,US67066G1040,NVDA,2026-12-18,call,2210.0,173.55,172.6,176.7,4.864505872497557,1,9
2026-04-18,US67066G1040,NVDA,2026-12-18,call,2220.0,184.7,171.25,175.35,4.813480545654295,,1
2026-04-18,US67066G1040,NVDA,2026-12-18,call,2230.0,137.8,170.15,174.0,4.7690470074462885,2,1
2026-04-18,US67066G1040,NVDA,2026-12-18,call,2240.0,125.0,168.55,172.65,4.717228224563598,4,1
2026-04-18,US67066G1040,NVDA,2026-12-18,call,2250.0,166.86,167.55,171.1,4.674259528274536,40,16
2026-04-18,US67066G1040,NVDA,2026-12-18,call,2260.0,170.5,165.95,170.0,4.630131165466309,2,3
2026-04-18,US67066G1040,NVDA,2026-12-18,call,2270.0,162.3,164.7,168.7,4.589848012695313,21,20
2026-04-18,US67066G1040,NVDA,2026-12-18,call,2280.0,165.0,163.4,167.35,4.5491986494445795,170,4395
2026-04-18,US67066G1040,NVDA,2026-12-18,call,2300.0,163.7,161.15,164.7,4.477360360336302,82,0
2026-04-18,US67066G1040,NVDA,2026-12-18,call,2350.0,154.05,155.05,158.6,4.3131759952545154,1,5
2026-04-18,US67066G1040,NVDA,2026-12-18,call,2400.0,151.0,149.15,152.75,4.17126943435669,13,107
2026-04-18,US67066G1040,NVDA,2026-12-18,call,2450.0,145.12,143.6,147.2,4.048802546424865,14,
2026-04-18,US67066G1040,NVDA,2026-12-18,call,2500.0,139.77,138.55,140.8,3.931274585876465,92,
2026-04-18,US67066G1040,NVDA,2026-12-18,put,0.5,0.01,0.0,0.01,2.43750390625,1,31466
2026-04-18,US67066G1040,NVDA,2026-12-18,put,1.0,0.01,0.0,0.01,2.1250046874999997,1,5916
2026-04-18,US67066G1040,NVDA,2026-12-18,put,1.5,0.01,0.0,0.03,2.1250046874999997,10,438
2026-04-18,US67066G1040,NVDA,2026-12-18,put,2.0,0.01,0.0,0.0,0.500005,188,0
2026-04-18,US67066G1040,NVDA,2026-12-18,put,2.5,0.01,0.0,0.01,1.6875015625,10,4767
2026-04-18,US67066G1040,NVDA,2026-12-18,put,3.0,0.06,0.0,0.03,1.765626171875,1,1651
2026-04-18,US67066G1040,NVDA,2026-12-18,put,3.5,0.01,0.0,0.03,1.6875015625,39,198
2026-04-18,US67066G1040,NVDA,2026-12-18,put,4.0,0.01,0.0,0.03,1.625001875,32,724
2026-04-18,US67066G1040,NVDA,2026-12-18,put,4.5,0.02,0.0,0.03,1.5781271093749998,32,1079
2026-04-18,US67066G1040,NVDA,2026-12-18,put,5.0,0.01,0.0,0.0,0.500005,50,0
2026-04-18,US67066G1040,NVDA,2026-12-18,put,6.0,0.01,0.0,0.04,1.484377578125,2,852
2026-04-18,US67066G1040,NVDA,2026-12-18,put,7.0,0.01,0.0,0.04,1.40625296875,1,1077
2026-04-18,US67066G1040,NVDA,2026-12-18,put,8.0,0.02,0.0,0.03,1.3125034374999998,150,907
2026-04-18,US67066G1040,NVDA,2026-12-18,put,9.0,0.02,0.0,0.03,1.2656286718749998,150,1198
2026-04-18,US67066G1040,NVDA,2026-12-18,put,10.0,0.02,0.0,0.03,1.21875390625,100,12622
2026-04-18,US67066G1040,NVDA,2026-12-18,put,11.0,0.04,0.0,0.04,1.2109414453124998,48,2415
2026-04-18,US67066G1040,NVDA,2026-12-18,put,12.0,0.01,0.0,0.04,1.171879140625,2,219
2026-04-18,US67066G1040,NVDA,2026-12-18,put,13.0,0.05,0.0,0.04,1.140629296875,2,13051
2026-04-18,US67066G1040,NVDA,2026-12-18,put,14.0,0.02,0.0,0.04,1.1015669921875002,1,585
2026-04-18,US67066G1040,NVDA,2026-12-18,put,15.0,0.01,0.0,0.04,1.0781296093750001,437,7551
2026-04-18,US67066G1040,NVDA,2026-12-18,put,16.0,0.05,0.0,0.0,0.500005,1,0
2026-04-18,US67066G1040,NVDA,2026-12-18,put,17.0,0.05,0.0,0.04,1.015629921875,100,2694
2026-04-18,US67066G1040,NVDA,2026-12-18,put,18.0,0.05,0.0,0.05,1.015629921875,2,1551
2026-04-18,US67066G1040,NVDA,2026-12-18,put,19.0,0.04,0.0,0.05,0.992187578125,2,412
2026-04-18,US67066G1040,NVDA,2026-12-18,put,20.0,0.05,0.01,0.05,0.98437515625,2,17646
2026-04-18,US67066G1040,NVDA,2026-12-18,put,21.0,0.06,0.0,0.05,0.9492192578124999,10,751
2026-04-18,US67066G1040,NVDA,2026-12-18,put,22.0,0.05,0.0,0.06,0.945313046875,100,2276
2026-04-18,US67066G1040,NVDA,2026-12-18,put,23.0,0.04,0.01,0.06,0.937500625,2,876
2026-04-18,US67066G1040,NVDA,2026-12-18,put,24.0,0.08,0.01,0.06,0.92187578125,100,804
2026-04-18,US67066G1040,NVDA,2026-12-18,put,25.0,0.03,0.01,0.06,0.9023447265625,1,29913
2026-04-18,US67066G1040,NVDA,2026-12-18,put,26.0,0.03,0.01,0.07,0.8984385156249999,1,664
2026-04-18,US67066G1040,NVDA,2026-12-18,put,27.0,0.05,0.01,0.07,0.8789074609374999,1,1303
2026-04-18,US67066G1040,NVDA,2026-12-18,put,28.0,0.1,0.0,0.0,0.500005,60,0
2026-04-18,US67066G1040,NVDA,2026-12-18,put,29.0,0.09,0.02,0.08,0.867188828125,10,742
2026-04-18,US67066G1040,NVDA,2026-12-18,put,30.0,0.11,0.02,0.08,0.851563984375,27,4735
2026-04-18,US67066G1040,NVDA,2026-12-18,put,31.0,0.02,0.03,0.08,0.8476577734374999,1,896
2026-04-18,US67066G1040,NVDA,2026-12-18,put,32.0,0.1,0.03,0.09,0.8398453515625,2,1226
2026-04-18,US67066G1040,NVDA,2026-12-18,put,33.0,0.07,0.03,0.09,0.8242205078124999,7,1217
2026-04-18,US67066G1040,NVDA,2026-12-18,put,34.0,0.1,0.04,0.1,0.8242205078124999,3,1243
2026-04-18,US67066G1040,NVDA,2026-12-18,put,35.0,0.11,0.05,0.1,0.8183611914062499,27,2482
2026-04-18,US67066G1040,NVDA,2026-12-18,put,36.0,0.1,0.05,0.1,0.804689453125,2,417
2026-04-18,US67066G1040,NVDA,2026-12-18,put,37.0,0.15,0.0,0.0,0.500005,20,0
2026-04-18,US67066G1040,NVDA,2026-12-18,put,38.0,0.1,0.06,0.11,0.79101771484375,2,941
2026-04-18,US67066G1040,NVDA,2026-12-18,put,39.0,0.17,0.0,0.0,0.500005,20,0
2026-04-18,US67066G1040,NVDA,2026-12-18,put,40.0,0.1,0.07,0.11,0.77148666015625,21,7434
2026-04-18,US67066G1040,NVDA,2026-12-18,put,41.0,0.1,0.07,0.13,0.7675804492187501,10,1288
2026-04-18,US67066G1040,NVDA,2026-12-18,put,42.0,0.1,0.08,0.13,0.7617211328125001,3,642
2026-04-18,US67066G1040,NVDA,2026-12-18,put,43.0,0.19,0.09,0.14,0.7578149218750001,9,822
2026-04-18,US67066G1040,NVDA,2026-12-18,put,44.0,0.1,0.09,0.15,0.7500025,6,1493
2026-04-18,US67066G1040,NVDA,2026-12-18,put,45.0,0.13,0.1,0.15,0.743166630859375,36,13213
2026-04-18,US67066G1040,NVDA,2026-12-18,put,46.0,0.26,0.11,0.16,0.7392604199218749,3,1821
2026-04-18,US67066G1040,NVDA,2026-12-18,put,47.0,0.31,0.12,0.16,0.7324245507812499,3,2697
2026-04-18,US67066G1040,NVDA,2026-12-18,put,48.0,0.18,0.13,0.17,0.727541787109375,1,1521
2026-04-18,US67066G1040,NVDA,2026-12-18,put,49.0,0.34,0.13,0.18,0.72070591796875,10,1913
2026-04-18,US67066G1040,NVDA,2026-12-18,put,50.0,0.18,0.14,0.18,0.7128934960937501,90,9539
2026-04-18,US67066G1040,NVDA,2026-12-18,put,51.0,0.23,0.15,0.19,0.70898728515625,1,1941
2026-04-18,US67066G1040,NVDA,2026-12-18,put,52.0,0.37,0.16,0.2,0.7041045214843751,2,1406
2026-04-18,US67066G1040,NVDA,2026-12-18,put,53.0,0.26,0.17,0.21,0.6992217578125001,1,704
2026-04-18,US67066G1040,NVDA,2026-12-18,put,54.0,0.41,0.18,0.22,0.694338994140625,2,1897
2026-04-18,US67066G1040,NVDA,2026-12-18,put,55.0,0.22,0.18,0.22,0.684573466796875,1,8462
2026-04-18,US67066G1040,NVDA,2026-12-18,put,56.0,0.24,0.2,0.24,0.6840851904296876,10,1900
2026-04-18,US67066G1040,NVDA,2026-12-18,put,57.0,0.55,0.21,0.25,0.6787141503906251,3,5451
2026-04-18,US67066G1040,NVDA,2026-12-18,put,58.0,0.42,0.21,0.26,0.6718782812500002,1,5103
2026-04-18,US67066G1040,NVDA,2026-12-18,put,59.0,0.35,0.23,0.27,0.6689486230468751,1,403
2026-04-18,US67066G1040,NVDA,2026-12-18,put,60.0,0.26,0.25,0.28,0.6650424121093752,92,13754
2026-04-18,US67066G1040,NVDA,2026-12-18,put,61.0,0.51,0.26,0.3,0.6616244775390626,8,1896
2026-04-18,US67066G1040,NVDA,2026-12-18,put,62.0,0.3,0.27,0.31,0.6562534375000001,12,1200
2026-04-18,US67066G1040,NVDA,2026-12-18,put,63.0,0.34,0.28,0.32,0.6508823974609376,12,688
2026-04-18,US67066G1040,NVDA,2026-12-18,put,64.0,0.59,0.29,0.34,0.6469761865234375,85,1826
2026-04-18,US67066G1040,NVDA,2026-12-18,put,65.0,0.34,0.31,0.35,0.6425816992187501,2,15822
2026-04-18,US67066G1040,NVDA,2026-12-18,put,66.0,0.35,0.33,0.37,0.6401403173828125,1,499
2026-04-18,US67066G1040,NVDA,2026-12-18,put,67.0,0.67,0.34,0.38,0.6347692773437501,5,1195
2026-04-18,US67066G1040,NVDA,2026-12-18,put,68.0,0.5,0.35,0.4,0.6303747900390625,7,4418
2026-04-18,US67066G1040,NVDA,2026-12-18,put,69.0,0.39,0.37,0.42,0.6269568554687501,1,1565
2026-04-18,US67066G1040,NVDA,2026-12-18,put,70.0,0.45,0.38,0.43,0.6215858154296876,41,6232
2026-04-18,US67066G1040,NVDA,2026-12-18,put,71.0,0.54,0.4,0.45,0.6181678808593751,2,2678
2026-04-18,US67066G1040,NVDA,2026-12-18,put,72.0,0.62,0.43,0.47,0.6157264990234376,100,14420
2026-04-18,US67066G1040,NVDA,2026-12-18,put,73.0,0.87,0.45,0.49,0.6123085644531252,1,538
2026-04-18,US67066G1040,NVDA,2026-12-18,put,74.0,0.53,0.47,0.51,0.6084023535156251,10,995
2026-04-18,US67066G1040,NVDA,2026-12-18,put,75.0,0.54,0.49,0.53,0.6049844189453126,1,13295
2026-04-18,US67066G1040,NVDA,2026-12-18,put,76.0,0.58,0.5,0.55,0.6001016552734376,10,2346
2026-04-18,US67066G1040,NVDA,2026-12-18,put,77.0,0.58,0.54,0.57,0.5979044116210939,1,2222
2026-04-18,US67066G1040,NVDA,2026-12-18,put,78.0,0.58,0.56,0.6,0.594730615234375,1,2198
2026-04-18,US67066G1040,NVDA,2026-12-18,put,79.0,0.67,0.58,0.62,0.5908244042968751,1,790
2026-04-18,US67066G1040,NVDA,2026-12-18,put,80.0,0.6,0.61,0.65,0.5883830224609375,7,13801
2026-04-18,US67066G1040,NVDA,2026-12-18,put,81.0,0.63,0.63,0.67,0.5839885351562499,2,1888
2026-04-18,US67066G1040,NVDA,2026-12-18,put,82.0,0.88,0.65,0.7,0.5805706005859376,4,3092
2026-04-18,US67066G1040,NVDA,2026-12-18,put,83.0,0.75,0.69,0.73,0.5783733569335938,1,1138
2026-04-18,US67066G1040,NVDA,2026-12-18,put,84.0,1.35,0.72,0.76,0.5754436987304687,2,1264
2026-04-18,US67066G1040,NVDA,2026-12-18,put,85.0,0.74,0.75,0.79,0.5722699023437501,2,8280
2026-04-18,US67066G1040,NVDA,2026-12-18,put,86.0,0.79,0.78,0.82,0.5690961059570312,1,4103
2026-04-18,US67066G1040,NVDA,2026-12-18,put,87.0,0.82,0.81,0.85,0.5659223095703125,1,766
2026-04-18,US67066G1040,NVDA,2026-12-18,put,88.0,0.82,0.84,0.88,0.5625043750000001,5,1013
2026-04-18,US67066G1040,NVDA,2026-12-18,put,89.0,0.95,0.88,0.92,0.5603071313476562,2,7599
2026-04-18,US67066G1040,NVDA,2026-12-18,put,90.0,0.96,0.9,0.95,0.5561567822265626,91,19594
2026-04-18,US67066G1040,NVDA,2026-12-18,put,91.0,1.01,0.94,0.99,0.5537154003906251,2,2102
2026-04-18,US67066G1040,NVDA,2026-12-18,put,92.0,1.01,0.99,1.03,0.551762294921875,101,2476
2026-04-18,US67066G1040,NVDA,2026-12-18,put,93.0,1.14,1.01,1.06,0.5476119458007813,1,2308
2026-04-18,US67066G1040,NVDA,2026-12-18,put,94.0,1.1,1.07,1.1,0.5456588403320313,22,1026
2026-04-18,US67066G1040,NVDA,2026-12-18,put,95.0,1.14,1.1,1.15,0.5429733203125001,32,6172
2026-04-18,US67066G1040,NVDA,2026-12-18,put,96.0,1.16,1.13,1.19,0.5394333166503908,15,1948
2026-04-18,US67066G1040,NVDA,2026-12-18,put,97.0,1.23,1.18,1.23,0.5368698657226563,32,1154
2026-04-18,US67066G1040,NVDA,2026-12-18,put,98.0,1.3,1.22,1.28,0.534184345703125,3,938
2026-04-18,US67066G1040,NVDA,2026-12-18,put,99.0,1.34,1.28,1.33,0.532231240234375,7,2466
2026-04-18,US67066G1040,NVDA,2026-12-18,put,100.0,1.36,1.32,1.38,0.529423651123047,167,19238
2026-04-18,US67066G1040,NVDA,2026-12-18,put,101.0,1.8,1.38,1.43,0.5272264074707032,1,5326
2026-04-18,US67066G1040,NVDA,2026-12-18,put,102.0,1.49,1.43,1.48,0.5246629565429688,22,735
2026-04-18,US67066G1040,NVDA,2026-12-18,put,103.0,1.53,1.48,1.53,0.5218553674316406,23,1382
2026-04-18,US67066G1040,NVDA,2026-12-18,put,104.0,1.6,1.54,1.59,0.5197801928710937,20,812
2026-04-18,US67066G1040,NVDA,2026-12-18,put,105.0,1.59,1.6,1.64,0.5172167419433593,3,4772
2026-04-18,US67066G1040,NVDA,2026-12-18,put,106.0,1.83,1.64,1.7,0.5141650146484374,1,846
2026-04-18,US67066G1040,NVDA,2026-12-18,put,107.0,1.78,1.71,1.77,0.5124560473632812,5,1613
2026-04-18,US67066G1040,NVDA,2026-12-18,put,108.0,1.9,1.77,1.83,0.5100146655273439,1,2660
2026-04-18,US67066G1040,NVDA,2026-12-18,put,109.0,1.91,1.84,1.89,0.5076953527832031,4,610
2026-04-18,US67066G1040,NVDA,2026-12-18,put,110.0,2.01,1.9,1.96,0.5053760400390624,362,18899
2026-04-18,US67066G1040,NVDA,2026-12-18,put,111.0,2.05,1.97,2.03,0.5031787963867188,203,726
2026-04-18,US67066G1040,NVDA,2026-12-18,put,112.0,2.22,2.04,2.1,0.5009815527343751,16,3641
2026-04-18,US67066G1040,NVDA,2026-12-18,put,113.0,2.14,2.11,2.18,0.5008594836425782,21,3217
2026-04-18,US67066G1040,NVDA,2026-12-18,put,114.0,2.32,2.19,2.25,0.49841810180664065,5,2181
2026-04-18,US67066G1040,NVDA,2026-12-18,put,115.0,2.38,2.27,2.33,0.4963429272460938,5,6532
2026-04-18,US67066G1040,NVDA,2026-12-18,put,116.0,2.4,2.36,2.41,0.49414568359375005,1,4732
2026-04-18,US67066G1040,NVDA,2026-12-18,put,117.0,2.56,2.43,2.5,0.4924367163085938,1,1757
2026-04-18,US67066G1040,NVDA,2026-12-18,put,118.0,2.65,2.51,2.59,0.49060567993164067,22,1887
2026-04-18,US67066G1040,NVDA,2026-12-18,put,119.0,2.71,2.62,2.67,0.48816429809570316,36,1312
2026-04-18,US67066G1040,NVDA,2026-12-18,put,120.0,2.74,2.71,2.76,0.48608912353515626,143,17195
2026-04-18,US67066G1040,NVDA,2026-12-18,put,121.0,2.85,2.81,2.86,0.4844411907958984,31,1142
2026-04-18,US67066G1040,NVDA,2026-12-18,put,122.0,2.92,2.9,2.96,0.4826711889648438,2,1479
2026-04-18,US67066G1040,NVDA,2026-12-18,put,123.0,3.04,3.0,3.1,0.48242705078125003,2,1406
2026-04-18,US67066G1040,NVDA,2026-12-18,put,124.0,3.15,3.1,3.2,0.48041291076660153,2,8101
2026-04-18,US67066G1040,NVDA,2026-12-18,put,125.0,3.3,3.2,3.3,0.47827670166015623,120,22451
2026-04-18,US67066G1040,NVDA,2026-12-18,put,126.0,3.62,3.3,3.4,0.4760794580078125,2,3530
2026-04-18,US67066G1040,NVDA,2026-12-18,put,127.0,3.45,3.4,3.5,0.47376014526367194,2,4457
2026-04-18,US67066G1040,NVDA,2026-12-18,put,128.0,3.82,3.5,3.6,0.47137979797363283,2,1227
2026-04-18,US67066G1040,NVDA,2026-12-18,put,129.0,3.75,3.65,3.75,0.47083048706054687,1,2089
2026-04-18,US67066G1040,NVDA,2026-12-18,put,130.0,3.9,3.75,3.85,0.4682670361328125,24,15367
2026-04-18,US67066G1040,NVDA,2026-12-18,put,132.0,4.37,4.0,4.1,0.4646659979248047,3,3156
2026-04-18,US67066G1040,NVDA,2026-12-18,put,134.0,4.5,4.25,4.35,0.4607597869873047,3,2778
2026-04-18,US67066G1040,NVDA,2026-12-18,put,135.0,4.46,4.4,4.5,0.4594780615234375,585,6489
2026-04-18,US67066G1040,NVDA,2026-12-18,put,136.0,4.64,4.55,4.65,0.45807426696777354,121,1588
2026-04-18,US67066G1040,NVDA,2026-12-18,put,138.0,4.9,4.85,4.95,0.4549615051269531,4,4150
2026-04-18,US67066G1040,NVDA,2026-12-18,put,140.0,5.18,5.15,5.25,0.4514825360107422,99,19628
2026-04-18,US67066G1040,NVDA,2026-12-18,put,142.0,5.7,5.45,5.6,0.4490411541748046,4,1597
2026-04-18,US67066G1040,NVDA,2026-12-18,put,144.0,6.0,5.8,5.95,0.4461725305175781,3,1674
2026-04-18,US67066G1040,NVDA,2026-12-18,put,145.0,6.08,6.0,6.1,0.4439142523193359,662,7200
2026-04-18,US67066G1040,NVDA,2026-12-18,put,146.0,6.33,6.15,6.3,0.442937699584961,1,3866
2026-04-18,US67066G1040,NVDA,2026-12-18,put,148.0,6.75,6.55,6.65,0.4392756268310547,4,2898
2026-04-18,US67066G1040,NVDA,2026-12-18,put,150.0,7.0,6.95,7.1,0.43781079772949216,204,20926
2026-04-18,US67066G1040,NVDA,2026-12-18,put,152.0,7.55,7.35,7.45,0.4334468276977539,4,1655
2026-04-18,US67066G1040,NVDA,2026-12-18,put,154.0,7.83,7.75,7.9,0.43115803222656257,1,1052
2026-04-18,US67066G1040,NVDA,2026-12-18,put,155.0,8.08,8.0,8.1,0.42923544403076175,558,10243
2026-04-18,US67066G1040,NVDA,2026-12-18,put,156.0,8.53,8.2,8.35,0.42841147766113286,4,1432
2026-04-18,US67066G1040,NVDA,2026-12-18,put,158.0,8.8,8.7,8.8,0.42529871582031253,196,2938
2026-04-18,US67066G1040,NVDA,2026-12-18,put,160.0,9.25,9.15,9.3,0.4228878512573242,176,27632
2026-04-18,US67066G1040,NVDA,2026-12-18,put,162.0,9.9,9.7,9.85,0.4211483666992188,1,1551
2026-04-18,US67066G1040,NVDA,2026-12-18,put,164.0,10.27,10.2,10.35,0.41794405303955073,5,5542
2026-04-18,US67066G1040,NVDA,2026-12-18,put,165.0,10.51,10.5,10.6,0.41620456848144527,659,5586
2026-04-18,US67066G1040,NVDA,2026-12-18,put,166.0,10.8,10.75,10.9,0.4153806021118164,5,1121
2026-04-18,US67066G1040,NVDA,2026-12-18,put,167.0,11.5,11.05,11.2,0.4144650839233398,24,1823
2026-04-18,US67066G1040,NVDA,2026-12-18,put,168.0,11.65,11.3,11.45,0.4124509439086914,1,1455
2026-04-18,US67066G1040,NVDA,2026-12-18,put,169.0,12.55,11.6,11.75,0.41132180480957037,6,730
2026-04-18,US67066G1040,NVDA,2026-12-18,put,170.0,12.0,11.9,12.05,0.41010111389160153,272,16512
2026-04-18,US67066G1040,NVDA,2026-12-18,put,171.0,12.32,12.2,12.35,0.4087888711547851,4,2197
2026-04-18,US67066G1040,NVDA,2026-12-18,put,172.0,12.85,12.5,12.65,0.40738507659912115,64,1195
2026-04-18,US67066G1040,NVDA,2026-12-18,put,173.0,13.0,12.85,12.95,0.40585921295166016,8,1076
2026-04-18,US67066G1040,NVDA,2026-12-18,put,174.0,13.47,13.15,13.3,0.4051878329467773,3,1331
2026-04-18,US67066G1040,NVDA,2026-12-18,put,175.0,13.61,13.5,13.6,0.4035093829345704,219,8166
2026-04-18,US67066G1040,NVDA,2026-12-18,put,176.0,15.05,13.8,14.0,0.4035093829345704,58,1063
2026-04-18,US67066G1040,NVDA,2026-12-18,put,177.0,14.4,14.15,14.3,0.4016478292846679,57,862
2026-04-18,US67066G1040,NVDA,2026-12-18,put,178.0,14.95,14.5,14.65,0.4005492074584961,2,2186
2026-04-18,US67066G1040,NVDA,2026-12-18,put,179.0,15.13,14.85,15.0,0.3993895510864258,5,1907
2026-04-18,US67066G1040,NVDA,2026-12-18,put,180.0,15.25,15.2,15.35,0.39810782562255864,562,14609
2026-04-18,US67066G1040,NVDA,2026-12-18,put,181.0,15.88,15.6,15.75,0.3975890319824219,12,2858
2026-04-18,US67066G1040,NVDA,2026-12-18,put,182.0,16.3,15.95,16.1,0.3961242028808594,14,2060
2026-04-18,US67066G1040,NVDA,2026-12-18,put,183.0,16.8,16.3,16.5,0.3954223056030274,201,2607
2026-04-18,US67066G1040,NVDA,2026-12-18,put,184.0,17.06,16.7,16.85,0.3937743728637696,3,1662
2026-04-18,US67066G1040,NVDA,2026-12-18,put,185.0,17.5,17.1,17.25,0.39288937194824214,543,8671
2026-04-18,US67066G1040,NVDA,2026-12-18,put,186.0,17.8,17.5,17.65,0.3918823019409179,5,1542
2026-04-18,US67066G1040,NVDA,2026-12-18,put,187.0,18.4,17.9,18.05,0.39078368011474607,26,2099
2026-04-18,US67066G1040,NVDA,2026-12-18,put,188.0,18.76,18.3,18.45,0.38959350646972657,1,1074
2026-04-18,US67066G1040,NVDA,2026-12-18,put,189.0,19.07,18.7,18.85,0.3883117810058594,51,1230
2026-04-18,US67066G1040,NVDA,2026-12-18,put,190.0,19.22,19.1,19.25,0.38693850372314453,77,5689
2026-04-18,US67066G1040,NVDA,2026-12-18,put,191.0,19.75,19.55,19.7,0.38626712371826166,4,1555
2026-04-18,US67066G1040,NVDA,2026-12-18,put,192.0,20.29,20.0,20.15,0.38550419189453117,9,717
2026-04-18,US67066G1040,NVDA,2026-12-18,put,193.0,21.9,20.4,20.6,0.3846497082519531,5,833
2026-04-18,US67066G1040,NVDA,2026-12-18,put,194.0,20.9,20.85,21.05,0.3837036727905273,3,1171
2026-04-18,US67066G1040,NVDA,2026-12-18,put,195.0,21.58,21.3,21.5,0.38266608551025383,40,2302
2026-04-18,US67066G1040,NVDA,2026-12-18,put,200.0,23.97,23.65,23.85,0.37760021820068357,86,4542
2026-04-18,US67066G1040,NVDA,2026-12-18,put,205.0,26.49,26.15,26.35,0.3725343508911133,1442,780
2026-04-18,US67066G1040,NVDA,2026-12-18,put,210.0,29.35,28.85,29.0,0.36743796630859377,59,1856
2026-04-18,US67066G1040,NVDA,2026-12-18,put,212.0,30.9,29.95,30.15,0.36615624084472653,3,368
2026-04-18,US67066G1040,NVDA,2026-12-18,put,213.0,31.4,30.5,30.7,0.36496606719970703,81,354
2026-04-18,US67066G1040,NVDA,2026-12-18,put,214.0,33.0,31.1,31.3,0.36447779083251963,24,378
2026-04-18,US67066G1040,NVDA,2026-12-18,put,215.0,31.9,31.65,31.85,0.3631350308227539,20,1715
2026-04-18,US67066G1040,NVDA,2026-12-18,put,216.0,32.95,32.25,32.45,0.3624331335449219,1,617
2026-04-18,US67066G1040,NVDA,2026-12-18,put,217.0,48.2,32.85,33.05,0.36167020172119135,20,363
2026-04-18,US67066G1040,NVDA,2026-12-18,put,218.0,34.85,33.45,33.65,0.36081571807861323,72,473
2026-04-18,US67066G1040,NVDA,2026-12-18,put,219.0,49.25,34.05,34.25,0.35986968261718744,2,310
2026-04-18,US67066G1040,NVDA,2026-12-18,put,220.0,35.75,34.65,34.85,0.35883209533691407,10,1546
2026-04-18,US67066G1040,NVDA,2026-12-18,put,221.0,36.95,35.25,35.45,0.3577029562377929,24,388
2026-04-18,US67066G1040,NVDA,2026-12-18,put,222.0,52.4,35.9,36.1,0.3572451971435546,16,258
2026-04-18,US67066G1040,NVDA,2026-12-18,put,223.0,38.25,36.5,36.75,0.3566958862304687,19,233
2026-04-18,US67066G1040,NVDA,2026-12-18,put,224.0,39.4,37.15,37.35,0.3552920916748046,65,193
2026-04-18,US67066G1040,NVDA,2026-12-18,put,225.0,38.37,37.8,38.0,0.35455967712402336,34,2662
2026-04-18,US67066G1040,NVDA,2026-12-18,put,226.0,46.4,38.45,38.65,0.3537662280273437,2,246
2026-04-18,US67066G1040,NVDA,2026-12-18,put,227.0,40.65,39.1,39.3,0.3528507098388671,24,160
2026-04-18,US67066G1040,NVDA,2026-12-18,put,228.0,57.75,39.75,39.95,0.3518741571044921,1,1917
2026-04-18,US67066G1040,NVDA,2026-12-18,put,230.0,41.88,41.05,41.3,0.3504398452758788,146,1393
2026-04-18,US67066G1040,NVDA,2026-12-18,put,235.0,46.5,44.5,44.7,0.34564863342285157,36,450
2026-04-18,US67066G1040,NVDA,2026-12-18,put,240.0,48.78,48.05,48.3,0.34192552612304683,1,535
2026-04-18,US67066G1040,NVDA,2026-12-18,put,245.0,53.9,51.7,52.0,0.3377141424560547,76,577
2026-04-18,US67066G1040,NVDA,2026-12-18,put,250.0,56.04,55.55,55.8,0.3330755169677735,10,1072
2026-04-18,US67066G1040,NVDA,2026-12-18,put,255.0,60.22,59.45,59.7,0.3280096496582031,3,939
2026-04-18,US67066G1040,NVDA,2026-12-18,put,260.0,65.1,63.45,63.8,0.324652749633789,37,890
2026-04-18,US67066G1040,NVDA,2026-12-18,put,265.0,70.1,67.6,67.95,0.32019722778320303,93,716
2026-04-18,US67066G1040,NVDA,2026-12-18,put,270.0,75.0,71.8,72.15,0.31445998046874996,3,1313
2026-04-18,US67066G1040,NVDA,2026-12-18,put,275.0,80.75,76.15,76.5,0.31000445861816406,23,987
2026-04-18,US67066G1040,NVDA,2026-12-18,put,280.0,81.65,80.55,80.9,0.30445031494140623,143,328
2026-04-18,US67066G1040,NVDA,2026-12-18,put,285.0,114.97,85.0,85.35,0.29761444580078117,2,0
2026-04-18,US67066G1040,NVDA,2026-12-18,put,290.0,90.5,89.55,89.9,0.2912058184814452,17,17
2026-04-18,US67066G1040,NVDA,2026-12-18,put,295.0,127.25,94.2,94.5,0.2834544311523437,2,0
2026-04-18,US67066G1040,NVDA,2026-12-18,put,300.0,100.05,98.9,99.2,0.27698476928710936,77,118
2026-04-18,US67066G1040,NVDA,2026-12-18,put,310.0,111.56,108.45,108.75,0.26197027099609377,4,5
2026-04-18,US67066G1040,NVDA,2026-12-18,put,320.0,140.38,118.25,118.5,0.2475661181640625,1000,0
2026-04-18,US67066G1040,NVDA,2026-12-18,put,330.0,150.01,0.0,0.0,1.0000000000000003e-05,1,0
2026-04-18,US67066G1040,NVDA,2026-12-18,put,340.0,159.82,138.2,138.5,0.2749095947265625,1501,0
2026-04-18,US67066G1040,NVDA,2026-12-18,put,350.0,169.79,148.2,148.5,0.2876047802734374,1502,0
2026-04-18,US67066G1040,NVDA,2026-12-18,put,360.0,183.78,158.2,158.5,0.30005582763671873,1,0
2026-04-18,US67066G1040,NVDA,2026-12-18,put,370.0,186.77,0.0,0.0,1.0000000000000003e-05,4,0
2026-04-18,US67066G1040,NVDA,2026-12-18,put,380.0,195.27,190.35,194.7,0.7746299392700197,30,0
2026-04-18,US67066G1040,NVDA,2026-12-18,put,390.0,15.32,13.9,15.65,1.0000000000000003e-05,1,56
2026-04-18,US67066G1040,NVDA,2026-12-18,put,400.0,15.75,14.95,16.0,1.0000000000000003e-05,6,679
2026-04-18,US67066G1040,NVDA,2026-12-18,put,410.0,225.26,220.25,224.75,0.8253191296386717,1,0
2026-04-18,US67066G1040,NVDA,2026-12-18,put,420.0,18.75,16.45,18.8,1.0000000000000003e-05,1,58
2026-04-18,US67066G1040,NVDA,2026-12-18,put,430.0,22.05,17.65,20.1,1.0000000000000003e-05,1,92
2026-04-18,US67066G1040,NVDA,2026-12-18,put,440.0,20.99,18.85,21.35,1.0000000000000003e-05,5,117
2026-04-18,US67066G1040,NVDA,2026-12-18,put,450.0,22.1,20.55,22.2,1.0000000000000003e-05,15,1614
2026-04-18,US67066G1040,NVDA,2026-12-18,put,460.0,23.35,21.4,24.05,1.0000000000000003e-05,1,100
2026-04-18,US67066G1040,NVDA,2026-12-18,put,470.0,25.19,22.8,25.45,1.0000000000000003e-05,5,142
2026-04-18,US67066G1040,NVDA,2026-12-18,put,480.0,26.25,24.2,26.95,1.0000000000000003e-05,2,110
2026-04-18,US67066G1040,NVDA,2026-12-18,put,490.0,28.1,25.7,28.45,1.0000000000000003e-05,4,76
2026-04-18,US67066G1040,NVDA,2026-12-18,put,500.0,28.8,28.8,29.65,1.0000000000000003e-05,11,1244
2026-04-18,US67066G1040,NVDA,2026-12-18,put,510.0,30.6,29.6,31.35,1.0000000000000003e-05,2,177
2026-04-18,US67066G1040,NVDA,2026-12-18,put,520.0,33.8,31.0,33.0,1.0000000000000003e-05,18,85
2026-04-18,US67066G1040,NVDA,2026-12-18,put,530.0,35.45,32.95,34.8,1.0000000000000003e-05,2,79
2026-04-18,US67066G1040,NVDA,2026-12-18,put,540.0,36.2,34.55,37.25,1.0000000000000003e-05,1,242
2026-04-18,US67066G1040,NVDA,2026-12-18,put,550.0,38.0,36.85,38.5,1.0000000000000003e-05,3,292
2026-04-18,US67066G1040,NVDA,2026-12-18,put,560.0,47.87,38.05,40.45,1.0000000000000003e-05,2,148
2026-04-18,US67066G1040,NVDA,2026-12-18,put,570.0,42.75,41.0,42.45,1.0000000000000003e-05,2,532
2026-04-18,US67066G1040,NVDA,2026-12-18,put,580.0,51.5,42.6,44.65,1.0000000000000003e-05,30,685
2026-04-18,US67066G1040,NVDA,2026-12-18,put,590.0,46.26,44.0,47.3,1.0000000000000003e-05,1,46
2026-04-18,US67066G1040,NVDA,2026-12-18,put,600.0,47.7,46.0,47.9,1.0000000000000003e-05,22,1771
2026-04-18,US67066G1040,NVDA,2026-12-18,put,610.0,50.02,48.55,50.8,1.0000000000000003e-05,2,291
2026-04-18,US67066G1040,NVDA,2026-12-18,put,620.0,54.47,50.5,53.05,1.0000000000000003e-05,2,207
2026-04-18,US67066G1040,NVDA,2026-12-18,put,630.0,54.66,54.4,55.55,1.0000000000000003e-05,2,117
2026-04-18,US67066G1040,NVDA,2026-12-18,put,640.0,58.9,55.25,58.75,1.0000000000000003e-05,3,50
2026-04-18,US67066G1040,NVDA,2026-12-18,put,650.0,60.6,58.9,60.65,1.0000000000000003e-05,4,2038
2026-04-18,US67066G1040,NVDA,2026-12-18,put,660.0,68.38,60.0,63.8,1.0000000000000003e-05,5,96
2026-04-18,US67066G1040,NVDA,2026-12-18,put,670.0,65.0,62.5,66.4,1.0000000000000003e-05,1,110
2026-04-18,US67066G1040,NVDA,2026-12-18,put,680.0,68.8,65.65,68.8,1.0000000000000003e-05,2,182
2026-04-18,US67066G1040,NVDA,2026-12-18,put,690.0,72.9,68.4,71.5,1.0000000000000003e-05,1,279
2026-04-18,US67066G1040,NVDA,2026-12-18,put,700.0,73.05,70.4,73.6,1.0000000000000003e-05,2,827
2026-04-18,US67066G1040,NVDA,2026-12-18,put,710.0,74.69,73.85,76.65,1.0000000000000003e-05,12,77
2026-04-18,US67066G1040,NVDA,2026-12-18,put,720.0,81.85,76.15,79.25,1.0000000000000003e-05,20,1667
2026-04-18,US67066G1040,NVDA,2026-12-18,put,730.0,84.65,79.45,82.5,1.0000000000000003e-05,20,57
2026-04-18,US67066G1040,NVDA,2026-12-18,put,740.0,84.61,82.3,85.5,1.0000000000000003e-05,6,124
2026-04-18,US67066G1040,NVDA,2026-12-18,put,750.0,87.25,85.55,88.35,1.0000000000000003e-05,12,399
2026-04-18,US67066G1040,NVDA,2026-12-18,put,760.0,93.4,88.35,91.65,1.0000000000000003e-05,2,188
2026-04-18,US67066G1040,NVDA,2026-12-18,put,770.0,92.8,91.6,94.85,1.0000000000000003e-05,3,117
2026-04-18,US67066G1040,NVDA,2026-12-18,put,780.0,97.0,94.9,98.05,1.0000000000000003e-05,8,154
2026-04-18,US67066G1040,NVDA,2026-12-18,put,790.0,100.25,98.2,101.25,1.0000000000000003e-05,1,78
2026-04-18,US67066G1040,NVDA,2026-12-18,put,800.0,102.78,101.45,104.5,1.0000000000000003e-05,20,405
2026-04-18,US67066G1040,NVDA,2026-12-18,put,810.0,107.18,104.85,108.05,1.0000000000000003e-05,8,221
2026-04-18,US67066G1040,NVDA,2026-12-18,put,820.0,110.6,108.25,111.55,1.0000000000000003e-05,12,121
2026-04-18,US67066G1040,NVDA,2026-12-18,put,830.0,112.93,111.7,115.05,1.0000000000000003e-05,1,141
2026-04-18,US67066G1040,NVDA,2026-12-18,put,840.0,122.23,115.25,118.55,1.0000000000000003e-05,5,57
2026-04-18,US67066G1040,NVDA,2026-12-18,put,850.0,124.75,118.8,122.1,1.0000000000000003e-05,7,183
2026-04-18,US67066G1040,NVDA,2026-12-18,put,860.0,124.0,122.4,125.95,1.0000000000000003e-05,2,61
2026-04-18,US67066G1040,NVDA,2026-12-18,put,870.0,133.0,126.05,129.75,1.0000000000000003e-05,1,55
2026-04-18,US67066G1040,NVDA,2026-12-18,put,880.0,137.0,129.9,133.55,1.0000000000000003e-05,1,78
2026-04-18,US67066G1040,NVDA,2026-12-18,put,890.0,138.4,133.6,137.0,1.0000000000000003e-05,6,114
2026-04-18,US67066G1040,NVDA,2026-12-18,put,900.0,139.0,137.7,141.1,1.0000000000000003e-05,11,317
2026-04-18,US67066G1040,NVDA,2026-12-18,put,910.0,147.8,141.55,145.2,1.0000000000000003e-05,2,107
2026-04-18,US67066G1040,NVDA,2026-12-18,put,920.0,152.0,145.5,149.0,1.0000000000000003e-05,1,111
2026-04-18,US67066G1040,NVDA,2026-12-18,put,930.0,154.25,149.65,152.9,1.0000000000000003e-05,32,127
2026-04-18,US67066G1040,NVDA,2026-12-18,put,940.0,161.0,153.45,157.5,1.0000000000000003e-05,1,59
2026-04-18,US67066G1040,NVDA,2026-12-18,put,950.0,160.28,157.8,161.5,1.0000000000000003e-05,1,148
2026-04-18,US67066G1040,NVDA,2026-12-18,put,960.0,164.74,161.95,165.95,1.0000000000000003e-05,1,44
2026-04-18,US67066G1040,NVDA,2026-12-18,put,970.0,172.5,166.15,170.3,1.0000000000000003e-05,53,70
2026-04-18,US67066G1040,NVDA,2026-12-18,put,980.0,174.74,170.4,174.65,1.0000000000000003e-05,2,30
2026-04-18,US67066G1040,NVDA,2026-12-18,put,990.0,178.45,174.75,179.0,1.0000000000000003e-05,2,133
2026-04-18,US67066G1040,NVDA,2026-12-18,put,1000.0,182.0,179.25,182.65,1.0000000000000003e-05,12,444
2026-04-18,US67066G1040,NVDA,2026-12-18,put,1010.0,190.0,183.75,188.0,1.0000000000000003e-05,2,28
2026-04-18,US67066G1040,NVDA,2026-12-18,put,1020.0,194.0,188.25,192.25,1.0000000000000003e-05,2,18
2026-04-18,US67066G1040,NVDA,2026-12-18,put,1030.0,197.8,192.7,197.25,1.0000000000000003e-05,1,19
2026-04-18,US67066G1040,NVDA,2026-12-18,put,1040.0,200.62,197.2,201.9,1.0000000000000003e-05,2,33
2026-04-18,US67066G1040,NVDA,2026-12-18,put,1050.0,204.22,202.2,206.15,1.0000000000000003e-05,4,95
2026-04-18,US67066G1040,NVDA,2026-12-18,put,1060.0,234.33,206.8,211.3,1.0000000000000003e-05,1,20
2026-04-18,US67066G1040,NVDA,2026-12-18,put,1070.0,214.95,211.5,216.2,1.0000000000000003e-05,5,7
2026-04-18,US67066G1040,NVDA,2026-12-18,put,1080.0,212.8,216.4,221.1,1.0000000000000003e-05,1,16
2026-04-18,US67066G1040,NVDA,2026-12-18,put,1090.0,224.53,221.2,225.65,1.0000000000000003e-05,3,6
2026-04-18,US67066G1040,NVDA,2026-12-18,put,1100.0,229.6,226.35,230.75,1.0000000000000003e-05,2,336
2026-04-18,US67066G1040,NVDA,2026-12-18,put,1110.0,234.0,231.25,236.0,1.0000000000000003e-05,6,37
2026-04-18,US67066G1040,NVDA,2026-12-18,put,1120.0,231.27,236.15,240.65,1.0000000000000003e-05,1,194
2026-04-18,US67066G1040,NVDA,2026-12-18,put,1130.0,245.58,241.15,245.55,1.0000000000000003e-05,2,254
2026-04-18,US67066G1040,NVDA,2026-12-18,put,1140.0,249.98,246.1,250.8,1.0000000000000003e-05,4,29
2026-04-18,US67066G1040,NVDA,2026-12-18,put,1150.0,254.66,251.7,255.55,1.0000000000000003e-05,8,119
2026-04-18,US67066G1040,NVDA,2026-12-18,put,1160.0,260.37,256.7,259.7,1.0000000000000003e-05,3,5
2026-04-18,US67066G1040,NVDA,2026-12-18,put,1170.0,271.37,262.05,266.5,1.0000000000000003e-05,1,4
2026-04-18,US67066G1040,NVDA,2026-12-18,put,1180.0,276.73,267.25,271.95,1.0000000000000003e-05,1,240
2026-04-18,US67066G1040,NVDA,2026-12-18,put,1190.0,272.8,272.4,277.25,1.0000000000000003e-05,14,8
2026-04-18,US67066G1040,NVDA,2026-12-18,put,1200.0,280.36,274.65,287.8,1.0000000000000003e-05,26,238
2026-04-18,US67066G1040,NVDA,2026-12-18,put,1210.0,285.37,278.0,288.8,1.0000000000000003e-05,1,41
2026-04-18,US67066G1040,NVDA,2026-12-18,put,1220.0,294.0,282.8,295.4,1.0000000000000003e-05,1,104
2026-04-18,US67066G1040,NVDA,2026-12-18,put,1230.0,296.85,288.7,301.05,1.0000000000000003e-05,1,8
2026-04-18,US67066G1040,NVDA,2026-12-18,put,1240.0,293.1,294.8,309.3,1.0000000000000003e-05,1,30
2026-04-18,US67066G1040,NVDA,2026-12-18,put,1250.0,316.94,300.7,315.85,1.0000000000000003e-05,2,32
2026-04-18,US67066G1040,NVDA,2026-12-18,put,1260.0,324.9,306.7,318.2,1.0000000000000003e-05,1,68
2026-04-18,US67066G1040,NVDA,2026-12-18,put,1270.0,344.51,312.45,324.55,1.0000000000000003e-05,1,66
2026-04-18,US67066G1040,NVDA,2026-12-18,put,1280.0,337.0,318.5,329.1,1.0000000000000003e-05,38,4
2026-04-18,US67066G1040,NVDA,2026-12-18,put,1290.0,335.3,324.65,336.2,1.0000000000000003e-05,2,7
2026-04-18,US67066G1040,NVDA,2026-12-18,put,1300.0,348.5,328.85,343.2,1.0000000000000003e-05,8,69
2026-04-18,US67066G1040,NVDA,2026-12-18,put,1320.0,373.72,340.7,354.15,1.0000000000000003e-05,1,25
2026-04-18,US67066G1040,NVDA,2026-12-18,put,1340.0,369.0,354.1,366.6,1.0000000000000003e-05,40,51
2026-04-18,US67066G1040,NVDA,2026-12-18,put,1360.0,396.7,366.55,379.85,1.0000000000000003e-05,1,41
2026-04-18,US67066G1040,NVDA,2026-12-18,put,1380.0,412.78,378.7,395.2,1.0000000000000003e-05,1,219
2026-04-18,US67066G1040,NVDA,2026-12-18,put,1400.0,397.0,390.65,407.15,1.0000000000000003e-05,38,80
2026-04-18,US67066G1040,NVDA,2026-12-18,put,1420.0,425.0,404.55,420.85,1.0000000000000003e-05,18,37
2026-04-18,US67066G1040,NVDA,2026-12-18,put,1440.0,454.22,416.55,433.1,1.0000000000000003e-05,2,3
2026-04-18,US67066G1040,NVDA,2026-12-18,put,1460.0,511.29,430.4,446.9,1.0000000000000003e-05,2,104
2026-04-18,US67066G1040,NVDA,2026-12-18,put,1480.0,460.85,442.7,459.25,1.0000000000000003e-05,1,206
2026-04-18,US67066G1040,NVDA,2026-12-18,put,1500.0,475.43,456.4,473.4,1.0000000000000003e-05,26,70
2026-04-18,US67066G1040,NVDA,2026-12-18,put,1520.0,489.0,470.35,487.05,1.0000000000000003e-05,14,16
2026-04-18,US67066G1040,NVDA,2026-12-18,put,1540.0,677.55,684.0,702.0,1.0000000000000003e-05,2,0
2026-04-18,US67066G1040,NVDA,2026-12-18,put,1560.0,496.98,496.25,515.2,1.0000000000000003e-05,100,7
2026-04-18,US67066G1040,NVDA,2026-12-18,put,1580.0,510.82,512.05,528.8,1.0000000000000003e-05,100,12
2026-04-18,US67066G1040,NVDA,2026-12-18,put,1600.0,540.0,526.0,543.15,1.0000000000000003e-05,6,101
2026-04-18,US67066G1040,NVDA,2026-12-18,put,1620.0,634.81,540.1,557.1,1.0000000000000003e-05,6,3
2026-04-18,US67066G1040,NVDA,2026-12-18,put,1640.0,558.06,554.05,571.4,1.0000000000000003e-05,2,25
2026-04-18,US67066G1040,NVDA,2026-12-18,put,1650.0,565.33,562.05,579.2,1.0000000000000003e-05,2,2
2026-04-18,US67066G1040,NVDA,2026-12-18,put,1660.0,667.03,568.1,587.1,1.0000000000000003e-05,6,3
2026-04-18,US67066G1040,NVDA,2026-12-18,put,1670.0,675.3,576.0,593.7,1.0000000000000003e-05,1,0
2026-04-18,US67066G1040,NVDA,2026-12-18,put,1700.0,607.33,598.0,618.0,1.0000000000000003e-05,1,30
2026-04-18,US67066G1040,NVDA,2026-12-18,put,1710.0,612.54,606.0,623.7,1.0000000000000003e-05,10,59
2026-04-18,US67066G1040,NVDA,2026-12-18,put,1720.0,716.7,614.0,632.0,1.0000000000000003e-05,4,2
2026-04-18,US67066G1040,NVDA,2026-12-18,put,1740.0,668.85,628.0,647.3,1.0000000000000003e-05,5,73
2026-04-18,US67066G1040,NVDA,2026-12-18,put,1750.0,642.94,636.0,655.8,1.0000000000000003e-05,10,59
2026-04-18,US67066G1040,NVDA,2026-12-18,put,1760.0,750.22,644.0,661.85,1.0000000000000003e-05,4,2
2026-04-18,US67066G1040,NVDA,2026-12-18,put,1770.0,917.64,852.35,870.0,1.0000000000000003e-05,,0
2026-04-18,US67066G1040,NVDA,2026-12-18,put,1780.0,700.85,660.0,674.9,1.0000000000000003e-05,5,72
2026-04-18,US67066G1040,NVDA,2026-12-18,put,1790.0,899.7,884.0,904.0,1.0000000000000003e-05,2,1
2026-04-18,US67066G1040,NVDA,2026-12-18,put,1800.0,718.0,675.0,694.0,1.0000000000000003e-05,1,3
2026-04-18,US67066G1040,NVDA,2026-12-18,put,1840.0,759.1,706.0,724.0,1.0000000000000003e-05,10,1
2026-04-18,US67066G1040,NVDA,2026-12-18,put,1850.0,720.0,714.0,732.0,1.0000000000000003e-05,3,5
2026-04-18,US67066G1040,NVDA,2026-12-18,put,1860.0,974.0,970.1,983.9,1.0000000000000003e-05,1,3
2026-04-18,US67066G1040,NVDA,2026-12-18,put,1870.0,791.76,730.0,748.0,1.0000000000000003e-05,1,1
2026-04-18,US67066G1040,NVDA,2026-12-18,put,1880.0,1019.0,1002.0,1021.95,1.0000000000000003e-05,3,3
2026-04-18,US67066G1040,NVDA,2026-12-18,put,1890.0,999.0,746.0,766.0,1.0000000000000003e-05,2,2
2026-04-18,US67066G1040,NVDA,2026-12-18,put,1900.0,1064.0,0.0,0.0,1.0000000000000003e-05,10,0
2026-04-18,US67066G1040,NVDA,2026-12-18,put,1910.0,1053.0,984.15,1002.0,1.0000000000000003e-05,2,0
2026-04-18,US67066G1040,NVDA,2026-12-18,put,1920.0,1043.9,1042.0,1059.8,1.0000000000000003e-05,3,3
2026-04-18,US67066G1040,NVDA,2026-12-18,put,1930.0,1060.61,1025.3,1039.7,1.0000000000000003e-05,2,0
2026-04-18,US67066G1040,NVDA,2026-12-18,put,1940.0,778.86,788.0,806.0,1.0000000000000003e-05,1,0
2026-04-18,US67066G1040,NVDA,2026-12-18,put,1950.0,806.05,796.0,813.95,1.0000000000000003e-05,2,0
2026-04-18,US67066G1040,NVDA,2026-12-18,put,2000.0,821.1,836.0,856.0,1.0000000000000003e-05,1,16
2026-04-18,US67066G1040,NVDA,2026-12-18,put,2160.0,1001.03,974.0,994.0,1.0000000000000003e-05,,1
2026-04-18,US67066G1040,NVDA,2026-12-18,put,2260.0,1082.97,1064.0,1084.0,1.0000000000000003e-05,,102
2026-04-18,US67066G1040,NVDA,2026-12-18,put,2270.0,1091.72,1072.0,1092.0,1.0000000000000003e-05,,2
2026-04-18,US67066G1040,NVDA,2026-12-18,put,2280.0,1083.0,1082.0,1100.0,1.0000000000000003e-05,,101
2026-04-18,US67066G1040,NVDA,2026-12-18,put,2300.0,1117.23,1100.0,1118.0,1.0000000000000003e-05,,1
2026-04-18,US67066G1040,NVDA,2026-12-18,put,2400.0,1209.78,1192.0,1212.0,1.0000000000000003e-05,,1
2026-04-18,US67066G1040,NVDA,2027-01-15,call,5.0,196.16,193.4,200.05,1.609376953125,7,3694
2026-04-18,US67066G1040,NVDA,2027-01-15,call,10.0,190.36,187.85,194.3,2.5576207934570308,6,1078
2026-04-18,US67066G1040,NVDA,2027-01-15,call,15.0,186.75,183.0,189.05,2.057622043457031,4,615
2026-04-18,US67066G1040,NVDA,2027-01-15,call,20.0,180.1,178.9,185.05,1.2158242333984375,2,3192
2026-04-18,US67066G1040,NVDA,2027-01-15,call,25.0,150.85,173.3,179.25,1.6308612207031248,2,569
2026-04-18,US67066G1040,NVDA,2027-01-15,call,30.0,165.95,168.5,175.25,0.9414068359375,43,509
2026-04-18,US67066G1040,NVDA,2027-01-15,call,35.0,154.0,163.6,170.55,0.9536137451171874,1,1901
2026-04-18,US67066G1040,NVDA,2027-01-15,call,40.0,161.07,158.85,165.35,0.8891612646484374,1,702
2026-04-18,US67066G1040,NVDA,2027-01-15,call,45.0,157.73,154.75,160.3,0.9243171630859376,10,1389
2026-04-18,US67066G1040,NVDA,2027-01-15,call,50.0,148.85,150.0,155.0,0.8566908862304687,1,1927
2026-04-18,US67066G1040,NVDA,2027-01-15,call,55.0,135.8,145.15,150.7,0.8640150317382812,5,2486
2026-04-18,US67066G1040,NVDA,2027-01-15,call,60.0,140.35,140.4,147.0,0.8937998901367187,2,2635
2026-04-18,US67066G1040,NVDA,2027-01-15,call,65.0,126.5,134.85,142.25,0.8247087841796874,5,748
2026-04-18,US67066G1040,NVDA,2027-01-15,call,70.0,133.8,131.8,135.65,0.7902853002929688,3,5116
2026-04-18,US67066G1040,NVDA,2027-01-15,call,75.0,128.95,128.3,130.8,0.804567384033203,2,3335
2026-04-18,US67066G1040,NVDA,2027-01-15,call,80.0,121.83,123.6,126.15,0.778200460205078,1,15309
2026-04-18,US67066G1040,NVDA,2027-01-15,call,85.0,118.5,118.95,121.45,0.75195560546875,1,2387
2026-04-18,US67066G1040,NVDA,2027-01-15,call,90.0,114.29,114.3,116.7,0.7245510943603515,6,7796
2026-04-18,US67066G1040,NVDA,2027-01-15,call,95.0,110.0,109.65,112.05,0.6999541723632813,1,3115
2026-04-18,US67066G1040,NVDA,2027-01-15,call,100.0,106.3,105.45,106.5,0.6654696539306644,3110,30102
2026-04-18,US67066G1040,NVDA,2027-01-15,call,105.0,100.45,101.2,102.25,0.6580844738769531,258,7864
2026-04-18,US67066G1040,NVDA,2027-01-15,call,110.0,96.95,96.5,98.2,0.6434361828613282,30,3966
2026-04-18,US67066G1040,NVDA,2027-01-15,call,115.0,92.55,92.7,93.0,0.6232947827148438,27,3625
2026-04-18,US67066G1040,NVDA,2027-01-15,call,120.0,88.25,88.35,88.6,0.6066933862304689,86,9261
2026-04-18,US67066G1040,NVDA,2027-01-15,call,125.0,84.04,84.05,84.3,0.591373715209961,21,5359
2026-04-18,US67066G1040,NVDA,2027-01-15,call,130.0,79.95,79.8,80.05,0.5764202514648438,340,16213
2026-04-18,US67066G1040,NVDA,2027-01-15,call,135.0,75.55,75.65,75.9,0.5629926513671876,27,18501
2026-04-18,US67066G1040,NVDA,2027-01-15,call,140.0,71.7,71.6,71.85,0.5507552249145509,107,13591
2026-04-18,US67066G1040,NVDA,2027-01-15,call,145.0,67.67,67.65,67.9,0.5394333166503908,50,3918
2026-04-18,US67066G1040,NVDA,2027-01-15,call,150.0,63.9,63.8,64.0,0.5283250292968751,234,25555
2026-04-18,US67066G1040,NVDA,2027-01-15,call,155.0,60.18,60.05,60.3,0.5187731228637695,30,6635
2026-04-18,US67066G1040,NVDA,2027-01-15,call,160.0,56.45,56.45,56.7,0.5100757000732423,198,110569
2026-04-18,US67066G1040,NVDA,2027-01-15,call,165.0,52.8,52.9,53.1,0.5002186209106446,73,7531
2026-04-18,US67066G1040,NVDA,2027-01-15,call,170.0,49.55,49.55,49.75,0.49454240814208983,315,16907
2026-04-18,US67066G1040,NVDA,2027-01-15,call,175.0,46.35,46.3,46.45,0.4862111926269531,816,12035
2026-04-18,US67066G1040,NVDA,2027-01-15,call,180.0,43.29,43.2,43.35,0.4795279098510742,313,55093
2026-04-18,US67066G1040,NVDA,2027-01-15,call,185.0,40.15,40.2,40.35,0.4727530752563477,244,16400
2026-04-18,US67066G1040,NVDA,2027-01-15,call,190.0,37.45,37.35,37.5,0.4666191033935547,308,24105
2026-04-18,US67066G1040,NVDA,2027-01-15,call,195.0,34.75,34.65,34.8,0.46106495971679695,330,19257
2026-04-18,US67066G1040,NVDA,2027-01-15,call,200.0,32.2,32.15,32.25,0.4560296096801758,4513,94886
2026-04-18,US67066G1040,NVDA,2027-01-15,call,205.0,29.8,29.75,29.85,0.4515130532836914,268,1141
2026-04-18,US67066G1040,NVDA,2027-01-15,call,210.0,27.51,27.45,27.6,0.44751529052734373,662,30384
2026-04-18,US67066G1040,NVDA,2027-01-15,call,215.0,25.3,25.35,25.5,0.4440058041381836,27,1082
2026-04-18,US67066G1040,NVDA,2027-01-15,call,220.0,23.25,23.35,23.5,0.4403284727478027,1097,21123
2026-04-18,US67066G1040,NVDA,2027-01-15,call,225.0,21.52,21.5,21.7,0.43793286682128907,227,1720
2026-04-18,US67066G1040,NVDA,2027-01-15,call,230.0,19.9,19.8,19.95,0.4347590704345704,1031,32065
2026-04-18,US67066G1040,NVDA,2027-01-15,call,235.0,18.05,18.2,18.3,0.43149372222900395,66,2867
2026-04-18,US67066G1040,NVDA,2027-01-15,call,240.0,16.8,16.75,16.85,0.42969320312500003,324,28057
2026-04-18,US67066G1040,NVDA,2027-01-15,call,245.0,15.37,15.4,15.55,0.42877768493652346,193,1505
2026-04-18,US67066G1040,NVDA,2027-01-15,call,250.0,14.18,14.15,14.25,0.42648888946533214,1720,42201
2026-04-18,US67066G1040,NVDA,2027-01-15,call,255.0,12.96,13.0,13.1,0.42517664672851563,265,2027
2026-04-18,US67066G1040,NVDA,2027-01-15,call,260.0,11.96,11.9,12.0,0.42340664489746094,253,16887
2026-04-18,US67066G1040,NVDA,2027-01-15,call,265.0,11.0,10.95,11.1,0.42368130035400386,69,1646
2026-04-18,US67066G1040,NVDA,2027-01-15,call,270.0,10.08,10.05,10.2,0.42282681671142575,130,18259
2026-04-18,US67066G1040,NVDA,2027-01-15,call,275.0,9.2,9.25,9.4,0.42258267852783205,49,790
2026-04-18,US67066G1040,NVDA,2027-01-15,call,280.0,8.45,8.5,8.6,0.42127043579101564,57,19362
2026-04-18,US67066G1040,NVDA,2027-01-15,call,285.0,7.72,7.8,7.9,0.42069060760498045,11,420
2026-04-18,US67066G1040,NVDA,2027-01-15,call,290.0,7.15,7.15,7.2,0.4190731921386719,48,44917
2026-04-18,US67066G1040,NVDA,2027-01-15,call,295.0,6.55,6.55,6.7,0.4205075039672852,101,363
2026-04-18,US67066G1040,NVDA,2027-01-15,call,300.0,6.09,6.05,6.1,0.418951123046875,310,57352
2026-04-18,US67066G1040,NVDA,2027-01-15,call,310.0,5.14,5.1,5.2,0.41968353759765625,44,8386
2026-04-18,US67066G1040,NVDA,2027-01-15,call,320.0,4.34,4.3,4.4,0.41950043395996095,24,3051
2026-04-18,US67066G1040,NVDA,2027-01-15,call,330.0,3.75,3.65,3.75,0.42017181396484377,514,3405
2026-04-18,US67066G1040,NVDA,2027-01-15,call,340.0,3.15,3.1,3.2,0.42090422851562503,213,69595
2026-04-18,US67066G1040,NVDA,2027-01-15,call,350.0,2.71,2.68,2.73,0.4215756085205078,146,6671
2026-04-18,US67066G1040,NVDA,2027-01-15,call,360.0,2.21,2.29,2.35,0.4229183685302734,91,5337
2026-04-18,US67066G1040,NVDA,2027-01-15,call,370.0,1.88,1.96,1.99,0.42273526489257807,2,1652
2026-04-18,US67066G1040,NVDA,2027-01-15,call,380.0,1.69,1.69,1.73,0.42474940490722657,13,3024
2026-04-18,US67066G1040,NVDA,2027-01-15,call,390.0,1.5,1.45,1.5,0.42627526855468756,5,3168
2026-04-18,US67066G1040,NVDA,2027-01-15,call,400.0,1.25,1.26,1.31,0.4282283740234375,106,4102
2026-04-18,US67066G1040,NVDA,2027-01-15,call,410.0,1.13,1.1,1.15,0.4304256176757813,3,2186
2026-04-18,US67066G1040,NVDA,2027-01-15,call,420.0,0.97,0.96,1.01,0.43237872314453124,370,11731
2026-04-18,US67066G1040,NVDA,2027-01-15,put,5.0,0.03,0.0,0.01,1.3125034374999998,1,9153
2026-04-18,US67066G1040,NVDA,2027-01-15,put,10.0,0.02,0.0,0.03,1.15625421875,10,3238
2026-04-18,US67066G1040,NVDA,2027-01-15,put,15.0,0.02,0.01,0.04,1.0390673046875003,100,31047
2026-04-18,US67066G1040,NVDA,2027-01-15,put,20.0,0.01,0.0,0.06,0.937500625,5,11754
2026-04-18,US67066G1040,NVDA,2027-01-15,put,25.0,0.05,0.02,0.08,0.8867198828124999,20,17785
2026-04-18,US67066G1040,NVDA,2027-01-15,put,30.0,0.08,0.05,0.1,0.8437515624999999,15,2441
2026-04-18,US67066G1040,NVDA,2027-01-15,put,35.0,0.11,0.06,0.12,0.79101771484375,3,6546
2026-04-18,US67066G1040,NVDA,2027-01-15,put,40.0,0.13,0.1,0.13,0.7509790527343749,1,2234
2026-04-18,US67066G1040,NVDA,2027-01-15,put,45.0,0.15,0.15,0.17,0.725588681640625,25,7048
2026-04-18,US67066G1040,NVDA,2027-01-15,put,50.0,0.2,0.18,0.22,0.694338994140625,18,11801
2026-04-18,US67066G1040,NVDA,2027-01-15,put,55.0,0.28,0.23,0.27,0.6679720703125002,18,3547
2026-04-18,US67066G1040,NVDA,2027-01-15,put,60.0,0.34,0.3,0.34,0.6469761865234375,1,14184
2026-04-18,US67066G1040,NVDA,2027-01-15,put,65.0,0.43,0.38,0.42,0.6264685791015626,1,6486
2026-04-18,US67066G1040,NVDA,2027-01-15,put,70.0,0.51,0.48,0.52,0.6081582153320313,644,12609
2026-04-18,US67066G1040,NVDA,2027-01-15,put,75.0,0.65,0.59,0.63,0.5898478515625001,30,10676
2026-04-18,US67066G1040,NVDA,2027-01-15,put,80.0,0.76,0.75,0.77,0.5754436987304687,549,27366
2026-04-18,US67066G1040,NVDA,2027-01-15,put,85.0,0.93,0.89,0.93,0.5588423022460938,5,13786
2026-04-18,US67066G1040,NVDA,2027-01-15,put,90.0,1.11,1.07,1.13,0.5445602185058593,254,30457
2026-04-18,US67066G1040,NVDA,2027-01-15,put,95.0,1.29,1.3,1.35,0.5314988256835937,2006,22890
2026-04-18,US67066G1040,NVDA,2027-01-15,put,100.0,1.59,1.55,1.62,0.5189257092285156,2474,42503
2026-04-18,US67066G1040,NVDA,2027-01-15,put,105.0,1.97,1.89,1.93,0.5085498364257812,250,16122
2026-04-18,US67066G1040,NVDA,2027-01-15,put,110.0,2.34,2.25,2.29,0.49878430908203125,704,24102
2026-04-18,US67066G1040,NVDA,2027-01-15,put,115.0,2.7,2.67,2.71,0.4886525744628907,765,13601
2026-04-18,US67066G1040,NVDA,2027-01-15,put,120.0,3.2,3.1,3.2,0.4794363580322265,311,32293
2026-04-18,US67066G1040,NVDA,2027-01-15,put,125.0,3.73,3.65,3.75,0.470281176147461,1728,14911
2026-04-18,US67066G1040,NVDA,2027-01-15,put,130.0,4.35,4.3,4.4,0.4624077197265626,563,28183
2026-04-18,US67066G1040,NVDA,2027-01-15,put,135.0,5.06,5.0,5.1,0.45380184875488283,165,11097
2026-04-18,US67066G1040,NVDA,2027-01-15,put,140.0,5.85,5.8,5.9,0.4459283923339844,231,29920
2026-04-18,US67066G1040,NVDA,2027-01-15,put,145.0,6.79,6.7,6.8,0.43848217773437503,264,11188
2026-04-18,US67066G1040,NVDA,2027-01-15,put,150.0,7.79,7.75,7.8,0.431219066772461,356,37475
2026-04-18,US67066G1040,NVDA,2027-01-15,put,155.0,8.91,8.8,8.95,0.42517664672851563,182,10343
2026-04-18,US67066G1040,NVDA,2027-01-15,put,160.0,10.13,10.05,10.2,0.41889008850097653,756,21993
2026-04-18,US67066G1040,NVDA,2027-01-15,put,165.0,11.62,11.45,11.6,0.4133359448242187,160,12410
2026-04-18,US67066G1040,NVDA,2027-01-15,put,170.0,13.0,12.95,13.05,0.40650007568359375,330,24018
2026-04-18,US67066G1040,NVDA,2027-01-15,put,175.0,14.57,14.55,14.7,0.40106800109863283,915,11105
2026-04-18,US67066G1040,NVDA,2027-01-15,put,180.0,16.43,16.35,16.5,0.3959410992431641,239,32096
2026-04-18,US67066G1040,NVDA,2027-01-15,put,185.0,18.45,18.25,18.4,0.39029540374755856,498,16609
2026-04-18,US67066G1040,NVDA,2027-01-15,put,190.0,20.38,20.3,20.45,0.3848938464355468,393,16893
2026-04-18,US67066G1040,NVDA,2027-01-15,put,195.0,22.62,22.55,22.7,0.3803772900390625,404,5620
2026-04-18,US67066G1040,NVDA,2027-01-15,put,200.0,25.0,24.9,25.05,0.37525038818359374,1407,48520
2026-04-18,US67066G1040,NVDA,2027-01-15,put,205.0,27.5,27.4,27.6,0.3709779699707031,73,1033
2026-04-18,US67066G1040,NVDA,2027-01-15,put,210.0,30.72,30.05,30.25,0.3660952062988281,62,2652
2026-04-18,US67066G1040,NVDA,2027-01-15,put,215.0,33.65,32.9,33.1,0.36200589172363284,22,429
2026-04-18,US67066G1040,NVDA,2027-01-15,put,220.0,36.03,35.85,36.05,0.3573367489624023,61,1781
2026-04-18,US67066G1040,NVDA,2027-01-15,put,225.0,39.66,38.95,39.2,0.35358312438964834,1,2119
2026-04-18,US67066G1040,NVDA,2027-01-15,put,230.0,43.0,42.25,42.45,0.3492801889038085,96,3587
2026-04-18,US67066G1040,NVDA,2027-01-15,put,235.0,49.28,45.6,45.85,0.3452213916015625,6,1101
2026-04-18,US67066G1040,NVDA,2027-01-15,put,240.0,49.95,49.15,49.35,0.34073535247802733,66,2188
2026-04-18,US67066G1040,NVDA,2027-01-15,put,245.0,61.88,52.8,53.05,0.33743948699951176,16,663
2026-04-18,US67066G1040,NVDA,2027-01-15,put,250.0,57.27,56.55,56.8,0.33304499969482426,49,1872
2026-04-18,US67066G1040,NVDA,2027-01-15,put,255.0,80.8,60.4,60.7,0.32923034057617184,14,54
2026-04-18,US67066G1040,NVDA,2027-01-15,put,260.0,66.0,64.35,64.7,0.32529361236572263,62,2175
2026-04-18,US67066G1040,NVDA,2027-01-15,put,265.0,69.45,68.45,68.8,0.32129584960937496,1,53
2026-04-18,US67066G1040,NVDA,2027-01-15,put,270.0,73.12,72.6,72.95,0.3162604995727538,3,998
2026-04-18,US67066G1040,NVDA,2027-01-15,put,275.0,77.75,76.85,77.2,0.3112861840820312,2,74
2026-04-18,US67066G1040,NVDA,2027-01-15,put,280.0,82.05,81.2,81.55,0.30652548950195313,12,1721
2026-04-18,US67066G1040,NVDA,2027-01-15,put,285.0,116.83,85.6,85.95,0.30072720764160155,65,5
2026-04-18,US67066G1040,NVDA,2027-01-15,put,290.0,93.37,90.1,90.45,0.2955392712402344,2,123
2026-04-18,US67066G1040,NVDA,2027-01-15,put,295.0,95.95,94.65,95.0,0.2893747821044921,1,0
2026-04-18,US67066G1040,NVDA,2027-01-15,put,300.0,100.55,99.25,99.6,0.282233740234375,1,1002
2026-04-18,US67066G1040,NVDA,2027-01-15,put,310.0,133.0,108.7,109.05,0.2703930383300781,2,34
2026-04-18,US67066G1040,NVDA,2027-01-15,put,320.0,140.86,118.35,118.65,0.2536695727539063,16,4
2026-04-18,US67066G1040,NVDA,2027-01-15,put,330.0,149.45,128.2,128.5,0.24805439453125,10,0
2026-04-18,US67066G1040,NVDA,2027-01-15,put,340.0,155.39,138.2,138.5,0.260749580078125,16,0
2026-04-18,US67066G1040,NVDA,2027-01-15,put,350.0,164.49,0.0,0.0,1.0000000000000003e-05,12,0
2026-04-18,US67066G1040,NVDA,2027-01-15,put,360.0,176.6,158.2,158.5,0.2846751220703124,20,0
2026-04-18,US67066G1040,NVDA,2027-01-15,put,370.0,189.73,0.0,0.0,1.0000000000000003e-05,4,0
2026-04-18,US67066G1040,NVDA,2027-01-15,put,380.0,194.9,0.0,0.0,1.0000000000000003e-05,2,0
2026-04-18,US67066G1040,NVDA,2027-01-15,put,390.0,222.05,185.5,191.3,0.48987326538085946,1,0
2026-04-18,US67066G1040,NVDA,2027-01-15,put,400.0,216.68,195.5,201.3,0.503361900024414,1,0
2026-04-18,US67066G1040,NVDA,2027-01-15,put,410.0,234.2,205.5,211.3,0.5163622583007812,4,0
2026-04-18,US67066G1040,NVDA,2027-01-15,put,420.0,244.27,215.5,221.3,0.5289964093017578,4,0
2026-04-18,US67066G1040,NVDA,2027-03-19,call,50.0,149.75,149.9,157.1,0.9001474829101561,10,40
2026-04-18,US67066G1040,NVDA,2027-03-19,call,55.0,147.0,145.15,152.4,0.867188828125,2,3
2026-04-18,US67066G1040,NVDA,2027-03-19,call,60.0,142.35,140.3,147.65,0.828981202392578,2,195
2026-04-18,US67066G1040,NVDA,2027-03-19,call,65.0,114.07,135.7,143.0,0.8057880749511719,1,23
2026-04-18,US67066G1040,NVDA,2027-03-19,call,70.0,114.68,130.9,136.45,0.7082548706054688,1,191
2026-04-18,US67066G1040,NVDA,2027-03-19,call,75.0,106.69,129.05,131.7,0.7733176965332031,934,3403
2026-04-18,US67066G1040,NVDA,2027-03-19,call,80.0,124.77,121.75,127.1,0.6752962158203126,2,75
2026-04-18,US67066G1040,NVDA,2027-03-19,call,85.0,117.05,117.1,122.5,0.6568637829589845,80,142
2026-04-18,US67066G1040,NVDA,2027-03-19,call,90.0,115.15,112.5,117.9,0.6387975573730469,14,333
2026-04-18,US67066G1040,NVDA,2027-03-19,call,95.0,109.1,108.0,113.5,0.6265906481933594,4,91
2026-04-18,US67066G1040,NVDA,2027-03-19,call,100.0,108.48,106.75,108.9,0.6691317266845704,14,536
2026-04-18,US67066G1040,NVDA,2027-03-19,call,105.0,102.5,103.05,103.4,0.6446568737792968,2,70
2026-04-18,US67066G1040,NVDA,2027-03-19,call,110.0,97.85,98.7,99.0,0.6274451318359376,68,405
2026-04-18,US67066G1040,NVDA,2027-03-19,call,115.0,92.56,94.4,94.75,0.6124611508178713,2,99
2026-04-18,US67066G1040,NVDA,2027-03-19,call,120.0,87.6,90.2,90.5,0.5979654461669923,1,502
2026-04-18,US67066G1040,NVDA,2027-03-19,call,125.0,85.33,86.05,86.35,0.5845073287963867,2,302
2026-04-18,US67066G1040,NVDA,2027-03-19,call,130.0,81.8,82.0,82.3,0.572391971435547,7,490
2026-04-18,US67066G1040,NVDA,2027-03-19,call,135.0,77.3,78.0,78.3,0.5603071313476562,1,231
2026-04-18,US67066G1040,NVDA,2027-03-19,call,140.0,74.0,74.15,74.4,0.5497481549072267,10,463
2026-04-18,US67066G1040,NVDA,2027-03-19,call,145.0,69.31,70.35,70.65,0.5399826275634767,2,194
2026-04-18,US67066G1040,NVDA,2027-03-19,call,150.0,66.76,66.65,66.95,0.5303391693115236,378,1099
2026-04-18,US67066G1040,NVDA,2027-03-19,call,155.0,62.7,63.1,63.4,0.5221300228881834,9,345
2026-04-18,US67066G1040,NVDA,2027-03-19,call,160.0,59.74,59.65,59.9,0.5138598419189453,351,2393
2026-04-18,US67066G1040,NVDA,2027-03-19,call,165.0,55.95,56.35,56.6,0.507115524597168,237,1229
2026-04-18,US67066G1040,NVDA,2027-03-19,call,170.0,53.15,53.1,53.35,0.5017139672851563,23,4227
2026-04-18,US67066G1040,NVDA,2027-03-19,call,175.0,49.97,50.0,50.25,0.4952443054199219,53,2456
2026-04-18,US67066G1040,NVDA,2027-03-19,call,180.0,47.05,47.0,47.25,0.4888967126464845,121,3368
2026-04-18,US67066G1040,NVDA,2027-03-19,call,185.0,43.9,44.15,44.4,0.4833425689697266,42,3234
2026-04-18,US67066G1040,NVDA,2027-03-19,call,190.0,41.46,41.45,41.7,0.47852083984375,54,4244
2026-04-18,US67066G1040,NVDA,2027-03-19,call,195.0,39.0,38.85,39.1,0.4736991107177735,27,4178
2026-04-18,US67066G1040,NVDA,2027-03-19,call,200.0,36.31,36.4,36.6,0.46890789886474615,3484,5593
2026-04-18,US67066G1040,NVDA,2027-03-19,call,205.0,34.0,34.05,34.25,0.4648033256530762,50,1326
2026-04-18,US67066G1040,NVDA,2027-03-19,call,210.0,31.75,31.85,32.05,0.4613548738098145,63,3416
2026-04-18,US67066G1040,NVDA,2027-03-19,call,215.0,29.75,29.75,29.95,0.4579216806030274,94,1857
2026-04-18,US67066G1040,NVDA,2027-03-19,call,220.0,27.8,27.8,27.95,0.45453426330566404,194,3763
2026-04-18,US67066G1040,NVDA,2027-03-19,call,225.0,25.95,25.95,26.1,0.4518792605590821,60,2650
2026-04-18,US67066G1040,NVDA,2027-03-19,call,230.0,24.12,24.2,24.35,0.44931580963134765,134,5334
2026-04-18,US67066G1040,NVDA,2027-03-19,call,235.0,22.6,22.55,22.75,0.44753054916381835,178,699
2026-04-18,US67066G1040,NVDA,2027-03-19,call,240.0,21.05,21.0,21.2,0.44528752960205076,105,4492
2026-04-18,US67066G1040,NVDA,2027-03-19,call,245.0,19.6,19.6,19.75,0.44324287231445314,83,1718
2026-04-18,US67066G1040,NVDA,2027-03-19,call,250.0,18.27,18.25,18.45,0.44214425048828127,229,4625
2026-04-18,US67066G1040,NVDA,2027-03-19,call,255.0,16.94,17.0,17.2,0.4407404559326171,14,408
2026-04-18,US67066G1040,NVDA,2027-03-19,call,260.0,15.8,15.85,16.0,0.43897045410156255,226,2745
2026-04-18,US67066G1040,NVDA,2027-03-19,call,265.0,14.75,14.75,14.95,0.43839062591552735,309,622
2026-04-18,US67066G1040,NVDA,2027-03-19,call,270.0,13.77,13.75,13.95,0.43756665954589846,200,3068
2026-04-18,US67066G1040,NVDA,2027-03-19,call,275.0,12.83,12.85,13.0,0.43662062408447266,14,618
2026-04-18,US67066G1040,NVDA,2027-03-19,call,280.0,11.84,11.95,12.1,0.43552200225830084,48,1964
2026-04-18,US67066G1040,NVDA,2027-03-19,call,285.0,10.85,11.15,11.3,0.43515579498291024,11,141
2026-04-18,US67066G1040,NVDA,2027-03-19,call,290.0,10.25,10.4,10.55,0.4347590704345704,181,784
2026-04-18,US67066G1040,NVDA,2027-03-19,call,295.0,9.6,9.7,9.85,0.4343928631591797,10,241
2026-04-18,US67066G1040,NVDA,2027-03-19,call,300.0,9.06,9.05,9.2,0.434148724975586,84,3997
2026-04-18,US67066G1040,NVDA,2027-03-19,call,310.0,7.8,7.9,8.05,0.43411820770263676,2,942
2026-04-18,US67066G1040,NVDA,2027-03-19,call,320.0,6.85,6.9,7.0,0.43326372406005864,2,365
2026-04-18,US67066G1040,NVDA,2027-03-19,call,330.0,5.97,6.0,6.15,0.4338435522460938,15,153
2026-04-18,US67066G1040,NVDA,2027-03-19,call,340.0,5.3,5.25,5.35,0.4331111376953125,7,530
2026-04-18,US67066G1040,NVDA,2027-03-19,call,350.0,4.65,4.6,4.7,0.4335994140625,206,1558
2026-04-18,US67066G1040,NVDA,2027-03-19,call,360.0,4.03,4.05,4.15,0.4345149322509766,2,1407
2026-04-18,US67066G1040,NVDA,2027-03-19,call,370.0,3.55,3.55,3.7,0.4363459686279296,16,2089
2026-04-18,US67066G1040,NVDA,2027-03-19,put,50.0,0.32,0.27,0.31,0.65820654296875,14,295
2026-04-18,US67066G1040,NVDA,2027-03-19,put,55.0,0.37,0.36,0.4,0.63867548828125,3,31
2026-04-18,US67066G1040,NVDA,2027-03-19,put,60.0,0.53,0.45,0.52,0.6201209863281252,1,86
2026-04-18,US67066G1040,NVDA,2027-03-19,put,65.0,0.74,0.58,0.63,0.6020547607421877,10,305
2026-04-18,US67066G1040,NVDA,2027-03-19,put,70.0,0.75,0.72,0.77,0.5854533642578125,22,269
2026-04-18,US67066G1040,NVDA,2027-03-19,put,75.0,0.87,0.88,0.93,0.5690961059570312,1,3447
2026-04-18,US67066G1040,NVDA,2027-03-19,put,80.0,1.08,1.08,1.12,0.5549360913085939,206,461
2026-04-18,US67066G1040,NVDA,2027-03-19,put,85.0,1.32,1.29,1.34,0.5405319384765627,120,237
2026-04-18,US67066G1040,NVDA,2027-03-19,put,90.0,1.58,1.54,1.6,0.5275926147460939,294,2849
2026-04-18,US67066G1040,NVDA,2027-03-19,put,95.0,1.92,1.85,1.91,0.5164843273925781,250,373
2026-04-18,US67066G1040,NVDA,2027-03-19,put,100.0,2.26,2.2,2.26,0.5054981091308592,5,2421
2026-04-18,US67066G1040,NVDA,2027-03-19,put,105.0,2.67,2.61,2.66,0.49658706542968756,79,588
2026-04-18,US67066G1040,NVDA,2027-03-19,put,110.0,3.1,3.05,3.15,0.4880422290039063,325,1837
2026-04-18,US67066G1040,NVDA,2027-03-19,put,115.0,3.7,3.55,3.7,0.4796804962158203,156,861
2026-04-18,US67066G1040,NVDA,2027-03-19,put,120.0,4.3,4.15,4.3,0.4710135906982422,133,1493
2026-04-18,US67066G1040,NVDA,2027-03-19,put,125.0,4.95,4.85,4.95,0.462041512451172,106,2294
2026-04-18,US67066G1040,NVDA,2027-03-19,put,130.0,5.7,5.6,5.7,0.454107021484375,118,14556
2026-04-18,US67066G1040,NVDA,2027-03-19,put,135.0,6.55,6.5,6.6,0.44815615325927727,94,4700
2026-04-18,US67066G1040,NVDA,2027-03-19,put,140.0,7.55,7.4,7.55,0.44135080139160154,75,18687
2026-04-18,US67066G1040,NVDA,2027-03-19,put,145.0,8.77,8.45,8.6,0.4348201049804688,61,7726
2026-04-18,US67066G1040,NVDA,2027-03-19,put,150.0,9.75,9.6,9.75,0.42847251220703125,1186,18519
2026-04-18,US67066G1040,NVDA,2027-03-19,put,155.0,11.15,10.9,11.05,0.4231319894409179,48,2473
2026-04-18,US67066G1040,NVDA,2027-03-19,put,160.0,12.35,12.3,12.45,0.4176693975830078,588,6625
2026-04-18,US67066G1040,NVDA,2027-03-19,put,165.0,14.16,13.8,13.95,0.4120847366333008,47,5421
2026-04-18,US67066G1040,NVDA,2027-03-19,put,170.0,15.52,15.45,15.6,0.40714093841552734,116,7143
2026-04-18,US67066G1040,NVDA,2027-03-19,put,175.0,17.39,17.15,17.35,0.40192248474121095,32,1868
2026-04-18,US67066G1040,NVDA,2027-03-19,put,180.0,19.5,19.05,19.25,0.39719230743408207,55,5580
2026-04-18,US67066G1040,NVDA,2027-03-19,put,185.0,21.6,21.1,21.25,0.3921569573974609,108,2603
2026-04-18,US67066G1040,NVDA,2027-03-19,put,190.0,23.6,23.25,23.4,0.3875183319091796,131,3028
2026-04-18,US67066G1040,NVDA,2027-03-19,put,195.0,25.9,25.5,25.7,0.3832153964233398,32,2501
2026-04-18,US67066G1040,NVDA,2027-03-19,put,200.0,28.04,27.95,28.15,0.3792176336669921,242,2327
2026-04-18,US67066G1040,NVDA,2027-03-19,put,205.0,30.61,30.5,30.7,0.3748841809082031,119,206
2026-04-18,US67066G1040,NVDA,2027-03-19,put,210.0,33.4,33.15,33.4,0.37085590087890624,70,245
2026-04-18,US67066G1040,NVDA,2027-03-19,put,215.0,36.5,36.0,36.2,0.36652244812011714,60,138
2026-04-18,US67066G1040,NVDA,2027-03-19,put,220.0,39.1,38.95,39.15,0.36250942672729497,22,364
2026-04-18,US67066G1040,NVDA,2027-03-19,put,225.0,42.55,42.0,42.25,0.3588626126098633,35,311
2026-04-18,US67066G1040,NVDA,2027-03-19,put,230.0,45.5,45.2,45.45,0.3549564016723632,11,7218
2026-04-18,US67066G1040,NVDA,2027-03-19,put,235.0,56.52,48.5,48.8,0.35147743255615227,1,27
2026-04-18,US67066G1040,NVDA,2027-03-19,put,240.0,56.1,51.95,52.2,0.3471439797973632,23,168
2026-04-18,US67066G1040,NVDA,2027-03-19,put,245.0,58.2,55.5,55.75,0.3433293206787109,17,317
2026-04-18,US67066G1040,NVDA,2027-03-19,put,250.0,59.76,59.15,59.45,0.34010974838256836,8,418
2026-04-18,US67066G1040,NVDA,2027-03-19,put,255.0,75.2,62.9,63.2,0.33612724426269536,1,318
2026-04-18,US67066G1040,NVDA,2027-03-19,put,260.0,67.6,66.75,67.05,0.33209896423339846,1,392
2026-04-18,US67066G1040,NVDA,2027-03-19,put,265.0,93.35,70.65,71.0,0.32813171874999997,2,623
2026-04-18,US67066G1040,NVDA,2027-03-19,put,270.0,85.95,74.7,75.05,0.3242865423583984,2,139
2026-04-18,US67066G1040,NVDA,2027-03-19,put,275.0,79.26,78.8,79.15,0.31973946868896475,5,15
2026-04-18,US67066G1040,NVDA,2027-03-19,put,280.0,90.44,83.0,83.4,0.31641308593749995,1,1640
2026-04-18,US67066G1040,NVDA,2027-03-19,put,285.0,91.24,87.25,87.65,0.3114692877197265,11,25
2026-04-18,US67066G1040,NVDA,2027-03-19,put,290.0,124.2,91.6,92.0,0.3069527313232422,2,99
2026-04-18,US67066G1040,NVDA,2027-03-19,put,295.0,118.45,96.0,96.4,0.3018563467407227,2,5
2026-04-18,US67066G1040,NVDA,2027-03-19,put,300.0,100.85,100.45,100.85,0.29608858215332035,20,247
2026-04-18,US67066G1040,NVDA,2027-03-19,put,310.0,123.95,109.6,109.95,0.28400374206542955,3,0
2026-04-18,US67066G1040,NVDA,2027-03-19,put,320.0,136.97,118.95,119.3,0.27161372924804683,10,0
2026-04-18,US67066G1040,NVDA,2027-03-19,put,330.0,162.6,128.5,128.85,0.25830819824218754,2,0
2026-04-18,US67066G1040,NVDA,2027-03-19,put,340.0,169.45,138.25,138.55,0.24243921630859372,2,0
2026-04-18,US67066G1040,NVDA,2027-03-19,put,350.0,173.36,148.2,148.5,0.247077841796875,10,0
2026-04-18,US67066G1040,NVDA,2027-03-19,put,360.0,191.93,158.2,158.5,0.25757578369140627,35,0
2026-04-18,US67066G1040,NVDA,2027-03-19,put,370.0,169.4,168.2,168.5,0.26807372558593745,1,0
2026-04-18,US67066G1040,NVDA,2027-06-17,call,5.0,177.02,193.1,200.9,1.6796891015625,3,4539
2026-04-18,US67066G1040,NVDA,2027-06-17,call,10.0,178.47,188.35,195.6,1.2949254003906248,1,259
2026-04-18,US67066G1040,NVDA,2027-06-17,call,15.0,174.17,183.6,191.45,1.3115268798828121,2,165
2026-04-18,US67066G1040,NVDA,2027-06-17,call,20.0,180.84,178.0,185.5,0.8125018749999999,30,924
2026-04-18,US67066G1040,NVDA,2027-06-17,call,25.0,153.13,174.1,182.05,1.1381879028320312,130,430
2026-04-18,US67066G1040,NVDA,2027-06-17,call,30.0,146.2,169.35,177.2,1.0625046875000002,9,197
2026-04-18,US67066G1040,NVDA,2027-06-17,call,35.0,161.95,164.55,172.5,1.0046436486816406,35,818
2026-04-18,US67066G1040,NVDA,2027-06-17,call,40.0,159.07,159.95,167.9,0.9683841052246094,1,289
2026-04-18,US67066G1040,NVDA,2027-06-17,call,45.0,150.0,155.15,163.25,0.9226081958007812,1,222
2026-04-18,US67066G1040,NVDA,2027-06-17,call,50.0,141.5,150.4,157.95,0.85742330078125,1,490
2026-04-18,US67066G1040,NVDA,2027-06-17,call,55.0,148.75,145.85,153.8,0.8470474279785156,8,748
2026-04-18,US67066G1040,NVDA,2027-06-17,call,60.0,141.0,141.2,149.15,0.8149432568359375,1,453
2026-04-18,US67066G1040,NVDA,2027-06-17,call,65.0,136.45,139.15,142.45,0.7989522058105469,1,879
2026-04-18,US67066G1040,NVDA,2027-06-17,call,70.0,135.95,134.6,137.7,0.7683128637695313,2,400
2026-04-18,US67066G1040,NVDA,2027-06-17,call,75.0,128.95,130.05,133.15,0.7432886999511719,2,441
2026-04-18,US67066G1040,NVDA,2027-06-17,call,80.0,126.0,125.55,130.25,0.75195560546875,3,721
2026-04-18,US67066G1040,NVDA,2027-06-17,call,85.0,109.21,121.1,124.1,0.6984893432617189,1,427
2026-04-18,US67066G1040,NVDA,2027-06-17,call,90.0,115.0,116.7,119.7,0.6796907031250001,1,789
2026-04-18,US67066G1040,NVDA,2027-06-17,call,95.0,113.8,112.35,115.35,0.662234822998047,6,602
2026-04-18,US67066G1040,NVDA,2027-06-17,call,100.0,109.42,109.35,109.7,0.6451451501464844,13,2902
2026-04-18,US67066G1040,NVDA,2027-06-17,call,105.0,104.35,105.1,105.45,0.6296423754882813,10,19418
2026-04-18,US67066G1040,NVDA,2027-06-17,call,110.0,100.65,100.9,101.3,0.6154823608398439,2,7134
2026-04-18,US67066G1040,NVDA,2027-06-17,call,115.0,96.73,96.8,97.15,0.6018716571044924,1,630
2026-04-18,US67066G1040,NVDA,2027-06-17,call,120.0,92.8,92.8,93.15,0.5902750933837893,62,1800
2026-04-18,US67066G1040,NVDA,2027-06-17,call,125.0,88.8,88.85,89.2,0.578831116027832,38,916
2026-04-18,US67066G1040,NVDA,2027-06-17,call,130.0,85.05,85.0,85.35,0.5684857604980469,5,865
2026-04-18,US67066G1040,NVDA,2027-06-17,call,135.0,80.3,81.2,81.55,0.5581404049682618,4,8393
2026-04-18,US67066G1040,NVDA,2027-06-17,call,140.0,77.43,77.55,77.9,0.5495040167236329,93,3814
2026-04-18,US67066G1040,NVDA,2027-06-17,call,145.0,72.88,73.95,74.3,0.5406845248413087,13,903
2026-04-18,US67066G1040,NVDA,2027-06-17,call,150.0,70.25,70.55,70.85,0.5336350347900392,51,8947
2026-04-18,US67066G1040,NVDA,2027-06-17,call,155.0,67.12,67.15,67.45,0.5258836474609375,4,3112
2026-04-18,US67066G1040,NVDA,2027-06-17,call,160.0,64.0,63.9,64.2,0.5193224337768555,29,4929
2026-04-18,US67066G1040,NVDA,2027-06-17,call,165.0,60.83,60.75,61.0,0.5127307028198241,90,2307
2026-04-18,US67066G1040,NVDA,2027-06-17,call,170.0,57.83,57.7,58.0,0.5071460418701172,55,4617
2026-04-18,US67066G1040,NVDA,2027-06-17,call,175.0,54.5,54.75,55.05,0.5014698291015626,56,7090
2026-04-18,US67066G1040,NVDA,2027-06-17,call,180.0,51.85,51.95,52.2,0.49799085998535164,179,10803
2026-04-18,US67066G1040,NVDA,2027-06-17,call,185.0,49.0,49.2,49.5,0.49338275177001967,133,4961
2026-04-18,US67066G1040,NVDA,2027-06-17,call,190.0,46.5,46.65,46.9,0.48895774719238294,70,9287
2026-04-18,US67066G1040,NVDA,2027-06-17,call,195.0,43.95,44.15,44.4,0.484731104888916,102,5740
2026-04-18,US67066G1040,NVDA,2027-06-17,call,200.0,41.95,41.75,42.0,0.48068756622314457,3586,16332
2026-04-18,US67066G1040,NVDA,2027-06-17,call,205.0,39.55,39.5,39.75,0.4774222180175781,113,1651
2026-04-18,US67066G1040,NVDA,2027-06-17,call,210.0,37.06,37.3,37.55,0.4737448866271973,96,6734
2026-04-18,US67066G1040,NVDA,2027-06-17,call,215.0,35.31,35.25,35.45,0.470281176147461,188,3929
2026-04-18,US67066G1040,NVDA,2027-06-17,call,220.0,33.35,33.3,33.5,0.46759565612792964,199,4894
2026-04-18,US67066G1040,NVDA,2027-06-17,call,225.0,31.45,31.45,31.65,0.4651542742919922,10,745
2026-04-18,US67066G1040,NVDA,2027-06-17,call,230.0,29.7,29.7,29.9,0.46295703063964844,286,4370
2026-04-18,US67066G1040,NVDA,2027-06-17,call,235.0,27.7,28.0,28.25,0.4610344424438477,5,864
2026-04-18,US67066G1040,NVDA,2027-06-17,call,240.0,26.45,26.45,26.65,0.458837198791504,152,3866
2026-04-18,US67066G1040,NVDA,2027-06-17,call,245.0,24.63,24.95,25.15,0.456960386505127,4,1041
2026-04-18,US67066G1040,NVDA,2027-06-17,call,250.0,23.64,23.55,23.75,0.4554497814941406,988,10099
2026-04-18,US67066G1040,NVDA,2027-06-17,call,255.0,22.2,22.25,22.4,0.4537408142089844,52,573
2026-04-18,US67066G1040,NVDA,2027-06-17,call,260.0,21.0,21.0,21.2,0.4530694342041016,408,7569
2026-04-18,US67066G1040,NVDA,2027-06-17,call,265.0,19.8,19.8,20.0,0.45166563964843753,56,511
2026-04-18,US67066G1040,NVDA,2027-06-17,call,270.0,18.7,18.7,18.9,0.4507806387329102,131,3408
2026-04-18,US67066G1040,NVDA,2027-06-17,call,275.0,17.4,17.65,17.9,0.45044494873046875,40,374
2026-04-18,US67066G1040,NVDA,2027-06-17,call,280.0,16.85,16.7,16.9,0.44943787872314456,209,2833
2026-04-18,US67066G1040,NVDA,2027-06-17,call,285.0,15.5,15.75,15.95,0.44846132598876953,5,178
2026-04-18,US67066G1040,NVDA,2027-06-17,call,290.0,14.85,14.9,15.1,0.44812563598632804,398,3790
2026-04-18,US67066G1040,NVDA,2027-06-17,call,295.0,13.89,14.1,14.3,0.44788149780273434,14,380
2026-04-18,US67066G1040,NVDA,2027-06-17,call,300.0,13.29,13.3,13.5,0.44705753143310545,1749,16453
2026-04-18,US67066G1040,NVDA,2027-06-17,call,310.0,11.55,11.9,12.1,0.44653873779296877,6,1547
2026-04-18,US67066G1040,NVDA,2027-06-17,call,320.0,10.57,10.7,10.9,0.446843910522461,159,2089
2026-04-18,US67066G1040,NVDA,2027-06-17,call,330.0,9.65,9.6,9.8,0.4467523587036133,166,1193
2026-04-18,US67066G1040,NVDA,2027-06-17,call,340.0,8.6,8.6,8.8,0.44644718597412114,6,1405
2026-04-18,US67066G1040,NVDA,2027-06-17,call,350.0,7.78,7.75,7.9,0.4460809786987304,118,5139
2026-04-18,US67066G1040,NVDA,2027-06-17,call,360.0,7.05,7.0,7.15,0.4467523587036133,12,1370
2026-04-18,US67066G1040,NVDA,2027-06-17,call,370.0,6.12,6.3,6.5,0.44788149780273434,2,4751
2026-04-18,US67066G1040,NVDA,2027-06-17,call,380.0,5.75,5.7,5.85,0.4476373596191406,57,4086
2026-04-18,US67066G1040,NVDA,2027-06-17,call,390.0,5.2,5.15,5.25,0.4470270141601562,2,627
2026-04-18,US67066G1040,NVDA,2027-06-17,call,400.0,4.66,4.65,4.8,0.44846132598876953,4,1820
2026-04-18,US67066G1040,NVDA,2027-06-17,call,410.0,4.25,4.2,4.35,0.4487970159912109,10,392
2026-04-18,US67066G1040,NVDA,2027-06-17,call,420.0,3.9,3.85,3.95,0.4492547750854492,33,4198
2026-04-18,US67066G1040,NVDA,2027-06-17,put,5.0,0.03,0.0,0.03,1.15625421875,10,4180
2026-04-18,US67066G1040,NVDA,2027-06-17,put,10.0,0.03,0.0,0.0,0.500005,1,0
2026-04-18,US67066G1040,NVDA,2027-06-17,put,15.0,0.06,0.01,0.1,0.8984385156249999,20,416
2026-04-18,US67066G1040,NVDA,2027-06-17,put,20.0,0.11,0.04,0.12,0.8281267187499999,2,543
2026-04-18,US67066G1040,NVDA,2027-06-17,put,25.0,0.15,0.1,0.16,0.788088056640625,5,854
2026-04-18,US67066G1040,NVDA,2027-06-17,put,30.0,0.17,0.13,0.2,0.7392604199218749,1000,6155
2026-04-18,US67066G1040,NVDA,2027-06-17,put,35.0,0.31,0.19,0.26,0.7065459033203125,10,413
2026-04-18,US67066G1040,NVDA,2027-06-17,put,40.0,0.32,0.25,0.33,0.6757844921875001,1,1457
2026-04-18,US67066G1040,NVDA,2027-06-17,put,45.0,0.34,0.37,0.41,0.6543003320312502,1000,1367
2026-04-18,US67066G1040,NVDA,2027-06-17,put,50.0,0.5,0.49,0.53,0.6347692773437501,42,4934
2026-04-18,US67066G1040,NVDA,2027-06-17,put,55.0,0.64,0.58,0.65,0.6108437353515627,1,2655
2026-04-18,US67066G1040,NVDA,2027-06-17,put,60.0,0.79,0.71,0.79,0.5913126806640626,26,1830
2026-04-18,US67066G1040,NVDA,2027-06-17,put,65.0,0.98,0.88,0.96,0.5747112841796875,2,1162
2026-04-18,US67066G1040,NVDA,2027-06-17,put,70.0,1.17,1.09,1.16,0.5600629931640625,30,3058
2026-04-18,US67066G1040,NVDA,2027-06-17,put,75.0,1.4,1.32,1.39,0.5457809094238282,13,4518
2026-04-18,US67066G1040,NVDA,2027-06-17,put,80.0,1.62,1.6,1.66,0.5333298620605469,2,9688
2026-04-18,US67066G1040,NVDA,2027-06-17,put,85.0,2.09,1.89,1.97,0.5206346765136718,36,7685
2026-04-18,US67066G1040,NVDA,2027-06-17,put,90.0,2.29,2.26,2.32,0.5097705273437501,8,3260
2026-04-18,US67066G1040,NVDA,2027-06-17,put,95.0,2.77,2.65,2.73,0.5009815527343751,214,3778
2026-04-18,US67066G1040,NVDA,2027-06-17,put,100.0,3.15,3.1,3.2,0.4914601635742188,32,14770
2026-04-18,US67066G1040,NVDA,2027-06-17,put,105.0,3.64,3.6,3.75,0.4832204998779297,10,4507
2026-04-18,US67066G1040,NVDA,2027-06-17,put,110.0,4.35,4.2,4.35,0.4747977325439453,51,8044
2026-04-18,US67066G1040,NVDA,2027-06-17,put,115.0,5.04,4.9,5.0,0.4662528961181641,2,5042
2026-04-18,US67066G1040,NVDA,2027-06-17,put,120.0,5.8,5.6,5.75,0.45889823333740243,46,8222
2026-04-18,US67066G1040,NVDA,2027-06-17,put,125.0,6.65,6.45,6.6,0.4523370196533204,3,8823
2026-04-18,US67066G1040,NVDA,2027-06-17,put,130.0,7.42,7.4,7.55,0.44635563415527346,1,9537
2026-04-18,US67066G1040,NVDA,2027-06-17,put,135.0,8.62,8.4,8.55,0.4397639031982422,5,3973
2026-04-18,US67066G1040,NVDA,2027-06-17,put,140.0,9.75,9.55,9.7,0.4345149322509766,21,15817
2026-04-18,US67066G1040,NVDA,2027-06-17,put,145.0,10.86,10.75,10.95,0.4294490649414063,4,5385
2026-04-18,US67066G1040,NVDA,2027-06-17,put,150.0,12.2,12.1,12.2,0.4227962994384765,353,25301
2026-04-18,US67066G1040,NVDA,2027-06-17,put,155.0,14.18,13.5,13.7,0.41879853668212885,28,3718
2026-04-18,US67066G1040,NVDA,2027-06-17,put,160.0,15.17,15.05,15.25,0.41391577301025384,7,5747
2026-04-18,US67066G1040,NVDA,2027-06-17,put,165.0,17.0,16.7,16.9,0.40906352661132805,26,4618
2026-04-18,US67066G1040,NVDA,2027-06-17,put,170.0,18.85,18.5,18.7,0.4048521429443359,57,6602
2026-04-18,US67066G1040,NVDA,2027-06-17,put,175.0,20.7,20.4,20.55,0.3998625688171387,33,2553
2026-04-18,US67066G1040,NVDA,2027-06-17,put,180.0,22.8,22.35,22.6,0.3961242028808594,496,6639
2026-04-18,US67066G1040,NVDA,2027-06-17,put,185.0,24.65,24.5,24.7,0.39160764648437496,1591,3656
2026-04-18,US67066G1040,NVDA,2027-06-17,put,190.0,26.95,26.75,26.95,0.3875946250915527,50,2728
2026-04-18,US67066G1040,NVDA,2027-06-17,put,195.0,29.67,29.1,29.3,0.3834595346069336,12,1008
2026-04-18,US67066G1040,NVDA,2027-06-17,put,200.0,31.77,31.55,31.8,0.3797974618530273,238,2249
2026-04-18,US67066G1040,NVDA,2027-06-17,put,205.0,34.85,34.15,34.4,0.37601332000732424,2,582
2026-04-18,US67066G1040,NVDA,2027-06-17,put,210.0,37.2,36.85,37.1,0.37212236770629886,7,2423
2026-04-18,US67066G1040,NVDA,2027-06-17,put,215.0,47.23,39.65,39.95,0.3686891744995118,3,37
2026-04-18,US67066G1040,NVDA,2027-06-17,put,220.0,42.96,42.6,42.85,0.3645998599243164,8,1143
2026-04-18,US67066G1040,NVDA,2027-06-17,put,225.0,55.26,45.6,45.95,0.3616091671752929,70,43
2026-04-18,US67066G1040,NVDA,2027-06-17,put,230.0,49.09,48.8,49.1,0.35797761169433595,6,369
2026-04-18,US67066G1040,NVDA,2027-06-17,put,235.0,67.16,52.0,52.35,0.35430028030395494,1,5
2026-04-18,US67066G1040,NVDA,2027-06-17,put,240.0,58.43,55.35,55.7,0.35062294891357415,1,959
2026-04-18,US67066G1040,NVDA,2027-06-17,put,245.0,66.91,58.8,59.2,0.3475712216186523,2,10
2026-04-18,US67066G1040,NVDA,2027-06-17,put,250.0,62.75,62.4,62.7,0.34335983795166014,9,588
2026-04-18,US67066G1040,NVDA,2027-06-17,put,255.0,68.55,66.0,66.35,0.3398350929260254,1,97
2026-04-18,US67066G1040,NVDA,2027-06-17,put,260.0,69.89,69.75,70.05,0.33577629562377925,6,607
2026-04-18,US67066G1040,NVDA,2027-06-17,put,265.0,92.0,73.55,73.95,0.3331975860595704,8,171
2026-04-18,US67066G1040,NVDA,2027-06-17,put,270.0,80.59,77.45,77.85,0.32950499603271477,1,2035
2026-04-18,US67066G1040,NVDA,2027-06-17,put,275.0,110.3,81.4,81.8,0.3253546469116211,95,323
2026-04-18,US67066G1040,NVDA,2027-06-17,put,280.0,91.63,85.45,85.85,0.3214484359741211,42,2753
2026-04-18,US67066G1040,NVDA,2027-06-17,put,285.0,109.3,89.6,90.0,0.31793894958496094,3,249
2026-04-18,US67066G1040,NVDA,2027-06-17,put,290.0,97.75,93.75,94.2,0.31403273864746095,3,997
2026-04-18,US67066G1040,NVDA,2027-06-17,put,295.0,114.65,98.0,98.45,0.30976032043457036,4,85
2026-04-18,US67066G1040,NVDA,2027-06-17,put,300.0,107.05,102.35,102.8,0.30606773040771484,40,953
2026-04-18,US67066G1040,NVDA,2027-06-17,put,310.0,143.1,111.15,111.6,0.2967599621582031,2,497
2026-04-18,US67066G1040,NVDA,2027-06-17,put,320.0,143.0,120.15,120.6,0.28610943389892574,39,250
2026-04-18,US67066G1040,NVDA,2027-06-17,put,330.0,150.3,129.4,129.8,0.27411614562988285,1,20
2026-04-18,US67066G1040,NVDA,2027-06-17,put,340.0,139.81,138.8,139.2,0.2611157873535156,1,4
2026-04-18,US67066G1040,NVDA,2027-06-17,put,350.0,173.15,148.45,148.8,0.2485426708984375,2,0
2026-04-18,US67066G1040,NVDA,2027-06-17,put,360.0,181.57,158.2,158.55,0.23609162353515623,16,0
2026-04-18,US67066G1040,NVDA,2027-06-17,put,370.0,182.75,0.0,0.0,1.0000000000000003e-05,10,0
2026-04-18,US67066G1040,NVDA,2027-06-17,put,380.0,180.45,178.2,178.5,0.24805439453125,1,0
2026-04-18,US67066G1040,NVDA,2027-06-17,put,390.0,193.25,0.0,0.0,1.0000000000000003e-05,10,0
2026-04-18,US67066G1040,NVDA,2027-06-17,put,400.0,200.35,198.2,198.55,0.27197993652343744,1,0
2026-04-18,US67066G1040,NVDA,2027-06-17,put,410.0,210.45,208.2,208.5,0.273444765625,1,0
2026-04-18,US67066G1040,NVDA,2027-06-17,put,420.0,223.0,0.0,0.0,1.0000000000000003e-05,10,0
2026-04-18,US67066G1040,NVDA,2027-09-17,call,55.0,132.7,146.75,154.7,0.819764985961914,20,75
2026-04-18,US67066G1040,NVDA,2027-09-17,call,60.0,126.05,142.2,150.15,0.7904073693847657,1,46
2026-04-18,US67066G1040,NVDA,2027-09-17,call,65.0,115.75,139.8,143.65,0.7667870001220705,62,77
2026-04-18,US67066G1040,NVDA,2027-09-17,call,70.0,101.56,133.45,139.05,0.7009917596435546,17,61
2026-04-18,US67066G1040,NVDA,2027-09-17,call,75.0,106.7,129.1,136.5,0.7196072961425781,20,17
2026-04-18,US67066G1040,NVDA,2027-09-17,call,80.0,104.31,126.6,130.15,0.6979400323486329,4,75
2026-04-18,US67066G1040,NVDA,2027-09-17,call,85.0,106.8,120.45,125.8,0.6505772247314454,3,45
2026-04-18,US67066G1040,NVDA,2027-09-17,call,90.0,110.71,118.05,121.45,0.6620517193603517,5,40
2026-04-18,US67066G1040,NVDA,2027-09-17,call,95.0,98.55,113.85,119.05,0.6702303485107424,3,28
2026-04-18,US67066G1040,NVDA,2027-09-17,call,100.0,108.26,111.2,111.6,0.6323889300537109,5,50
2026-04-18,US67066G1040,NVDA,2027-09-17,call,105.0,102.15,107.15,107.55,0.6197852963256837,20,18
2026-04-18,US67066G1040,NVDA,2027-09-17,call,110.0,103.35,103.15,103.55,0.6075783871459962,2,57
2026-04-18,US67066G1040,NVDA,2027-09-17,call,115.0,96.39,99.2,99.6,0.5957376852416992,2,219
2026-04-18,US67066G1040,NVDA,2027-09-17,call,120.0,94.85,95.4,95.75,0.5856059506225585,1,167
2026-04-18,US67066G1040,NVDA,2027-09-17,call,125.0,78.16,91.6,92.0,0.5755657678222657,10,72
2026-04-18,US67066G1040,NVDA,2027-09-17,call,130.0,87.3,87.95,88.3,0.5664716204833984,1,381
2026-04-18,US67066G1040,NVDA,2027-09-17,call,135.0,82.0,84.35,84.75,0.558170922241211,3,541
2026-04-18,US67066G1040,NVDA,2027-09-17,call,140.0,80.47,80.85,81.25,0.5501753967285157,1,715
2026-04-18,US67066G1040,NVDA,2027-09-17,call,145.0,76.09,77.45,77.85,0.5428207339477541,3,113
2026-04-18,US67066G1040,NVDA,2027-09-17,call,150.0,73.78,74.15,74.55,0.5360153820800782,25,917
2026-04-18,US67066G1040,NVDA,2027-09-17,call,155.0,71.1,71.0,71.3,0.5296677893066408,37,102
2026-04-18,US67066G1040,NVDA,2027-09-17,call,160.0,66.85,67.85,68.25,0.5237779556274414,19,332
2026-04-18,US67066G1040,NVDA,2027-09-17,call,165.0,64.5,64.85,65.25,0.5182695878601074,2,168
2026-04-18,US67066G1040,NVDA,2027-09-17,call,170.0,61.43,61.95,62.3,0.5128222546386718,13,362
2026-04-18,US67066G1040,NVDA,2027-09-17,call,175.0,58.7,59.15,59.5,0.5080005255126954,2,600
2026-04-18,US67066G1040,NVDA,2027-09-17,call,180.0,55.98,56.5,56.8,0.5038044004821778,13,570
2026-04-18,US67066G1040,NVDA,2027-09-17,call,185.0,53.15,53.85,54.2,0.5013172427368165,27,843
2026-04-18,US67066G1040,NVDA,2027-09-17,call,190.0,50.35,51.35,51.7,0.4973805145263672,12,888
2026-04-18,US67066G1040,NVDA,2027-09-17,call,195.0,48.52,48.95,49.25,0.49315387222290047,17,850
2026-04-18,US67066G1040,NVDA,2027-09-17,call,200.0,46.69,46.65,46.95,0.48978171356201183,72,1668
2026-04-18,US67066G1040,NVDA,2027-09-17,call,205.0,43.61,44.45,44.75,0.4866689517211914,15,4430
2026-04-18,US67066G1040,NVDA,2027-09-17,call,210.0,42.47,42.3,42.6,0.483327310333252,30,5275
2026-04-18,US67066G1040,NVDA,2027-09-17,call,215.0,40.2,40.3,40.55,0.4802908416748046,11,372
2026-04-18,US67066G1040,NVDA,2027-09-17,call,220.0,38.45,38.35,38.5,0.47650669982910154,694,1781
2026-04-18,US67066G1040,NVDA,2027-09-17,call,225.0,36.5,36.5,36.8,0.4756522161865234,3,153
2026-04-18,US67066G1040,NVDA,2027-09-17,call,230.0,34.39,34.75,35.0,0.47304298934936523,5,1016
2026-04-18,US67066G1040,NVDA,2027-09-17,call,235.0,32.92,33.05,33.35,0.4713187634277344,3,209
2026-04-18,US67066G1040,NVDA,2027-09-17,call,240.0,31.15,31.5,31.75,0.4694266925048829,3,2075
2026-04-18,US67066G1040,NVDA,2027-09-17,call,245.0,29.36,29.95,30.2,0.46738203521728516,1,284
2026-04-18,US67066G1040,NVDA,2027-09-17,call,250.0,28.48,28.55,28.75,0.4657646197509766,21,2237
2026-04-18,US67066G1040,NVDA,2027-09-17,call,255.0,26.79,27.15,27.4,0.46458970474243166,2,339
2026-04-18,US67066G1040,NVDA,2027-09-17,call,260.0,25.86,25.85,26.1,0.46333849655151366,26,868
2026-04-18,US67066G1040,NVDA,2027-09-17,call,265.0,24.12,24.65,24.9,0.4625755647277832,1,936
2026-04-18,US67066G1040,NVDA,2027-09-17,call,270.0,23.15,23.5,23.7,0.4612480633544922,28,1479
2026-04-18,US67066G1040,NVDA,2027-09-17,call,275.0,22.05,22.35,22.6,0.46045461425781253,1,1242
2026-04-18,US67066G1040,NVDA,2027-09-17,call,280.0,20.4,21.3,21.6,0.46024099334716795,15,1465
2026-04-18,US67066G1040,NVDA,2027-09-17,call,285.0,20.35,20.35,20.6,0.45952383743286135,2,585
2026-04-18,US67066G1040,NVDA,2027-09-17,call,290.0,18.08,19.4,19.65,0.4588677160644532,1,593
2026-04-18,US67066G1040,NVDA,2027-09-17,call,295.0,17.37,18.5,18.75,0.45831840515136724,1,512
2026-04-18,US67066G1040,NVDA,2027-09-17,call,300.0,17.7,17.65,17.9,0.45787590469360356,11,3111
2026-04-18,US67066G1040,NVDA,2027-09-17,call,310.0,15.97,16.1,16.35,0.4574334042358399,1,1100
2026-04-18,US67066G1040,NVDA,2027-09-17,call,320.0,14.59,14.7,14.95,0.45715874877929696,1,1145
2026-04-18,US67066G1040,NVDA,2027-09-17,call,330.0,12.35,13.4,13.65,0.4565941792297364,5,963
2026-04-18,US67066G1040,NVDA,2027-09-17,call,340.0,11.45,12.25,12.5,0.4564873687744141,15,1313
2026-04-18,US67066G1040,NVDA,2027-09-17,call,350.0,11.3,11.25,11.45,0.4563652996826172,12,487
2026-04-18,US67066G1040,NVDA,2027-09-17,call,360.0,10.35,10.3,10.55,0.45705193832397467,6,170
2026-04-18,US67066G1040,NVDA,2027-09-17,call,370.0,9.5,9.45,9.7,0.457311335144043,3,1672
2026-04-18,US67066G1040,NVDA,2027-09-17,call,380.0,8.8,8.7,8.9,0.4571892660522462,4,323
2026-04-18,US67066G1040,NVDA,2027-09-17,call,390.0,8.1,8.0,8.2,0.4575554733276368,6,1084
2026-04-18,US67066G1040,NVDA,2027-09-17,put,55.0,0.82,0.85,0.88,0.586918193359375,1,981
2026-04-18,US67066G1040,NVDA,2027-09-17,put,60.0,1.0,0.97,1.08,0.5666547241210937,1,156
2026-04-18,US67066G1040,NVDA,2027-09-17,put,65.0,1.7,1.21,1.3,0.5522505712890625,1,129
2026-04-18,US67066G1040,NVDA,2027-09-17,put,70.0,1.61,1.47,1.56,0.5385788330078126,66,380
2026-04-18,US67066G1040,NVDA,2027-09-17,put,75.0,1.84,1.76,1.86,0.5256395092773438,32,107
2026-04-18,US67066G1040,NVDA,2027-09-17,put,80.0,2.19,2.13,2.2,0.514653291015625,2,174
2026-04-18,US67066G1040,NVDA,2027-09-17,put,85.0,2.75,2.5,2.6,0.5036060382080079,1,379
2026-04-18,US67066G1040,NVDA,2027-09-17,put,90.0,3.17,2.94,3.05,0.49597671997070314,20,430
2026-04-18,US67066G1040,NVDA,2027-09-17,put,95.0,3.53,3.45,3.6,0.48816429809570316,7,939
2026-04-18,US67066G1040,NVDA,2027-09-17,put,100.0,4.09,4.0,4.15,0.47864290893554684,1,1380
2026-04-18,US67066G1040,NVDA,2027-09-17,put,105.0,4.8,4.65,4.8,0.47083048706054687,1,466
2026-04-18,US67066G1040,NVDA,2027-09-17,put,110.0,5.45,5.4,5.55,0.46417772155761716,5,787
2026-04-18,US67066G1040,NVDA,2027-09-17,put,115.0,6.26,6.2,6.35,0.45715874877929696,4,614
2026-04-18,US67066G1040,NVDA,2027-09-17,put,120.0,7.32,7.1,7.25,0.45096374237060544,3,1971
2026-04-18,US67066G1040,NVDA,2027-09-17,put,125.0,8.27,8.05,8.25,0.4453485641479492,1,1721
2026-04-18,US67066G1040,NVDA,2027-09-17,put,130.0,9.3,9.15,9.35,0.44016062774658204,11,3418
2026-04-18,US67066G1040,NVDA,2027-09-17,put,135.0,10.53,10.35,10.5,0.4344233804321289,1,2145
2026-04-18,US67066G1040,NVDA,2027-09-17,put,140.0,11.9,11.55,11.75,0.42902182312011716,5,3854
2026-04-18,US67066G1040,NVDA,2027-09-17,put,145.0,13.1,12.95,13.15,0.4246578530883789,18,1614
2026-04-18,US67066G1040,NVDA,2027-09-17,put,150.0,14.69,14.4,14.6,0.4196530203247071,22,3457
2026-04-18,US67066G1040,NVDA,2027-09-17,put,155.0,16.1,15.95,16.15,0.4148312911987304,6,536
2026-04-18,US67066G1040,NVDA,2027-09-17,put,160.0,17.8,17.65,17.85,0.4107724938964844,24,505
2026-04-18,US67066G1040,NVDA,2027-09-17,put,165.0,19.8,19.4,19.6,0.4061338684082031,6,547
2026-04-18,US67066G1040,NVDA,2027-09-17,put,170.0,21.67,21.25,21.5,0.4021971401977539,20,629
2026-04-18,US67066G1040,NVDA,2027-09-17,put,175.0,23.7,23.25,23.5,0.39826041198730466,2,580
2026-04-18,US67066G1040,NVDA,2027-09-17,put,180.0,25.8,25.35,25.6,0.39433894241333006,3,751
2026-04-18,US67066G1040,NVDA,2027-09-17,put,185.0,28.04,27.55,27.8,0.3904327314758301,5,630
2026-04-18,US67066G1040,NVDA,2027-09-17,put,190.0,30.0,29.85,30.1,0.3865417791748046,6,810
2026-04-18,US67066G1040,NVDA,2027-09-17,put,195.0,32.39,32.25,32.5,0.3826508268737792,7,505
2026-04-18,US67066G1040,NVDA,2027-09-17,put,200.0,35.27,34.75,35.0,0.37879039184570307,18,724
2026-04-18,US67066G1040,NVDA,2027-09-17,put,205.0,38.32,37.35,37.65,0.37546400909423827,1,215
2026-04-18,US67066G1040,NVDA,2027-09-17,put,210.0,52.56,40.05,40.4,0.3721528849792481,88,695
2026-04-18,US67066G1040,NVDA,2027-09-17,put,215.0,56.57,42.9,43.25,0.368872278137207,10,113
2026-04-18,US67066G1040,NVDA,2027-09-17,put,220.0,46.1,45.85,46.15,0.36511865356445317,1,247
2026-04-18,US67066G1040,NVDA,2027-09-17,put,225.0,51.19,48.85,49.2,0.3619448571777344,1,17
2026-04-18,US67066G1040,NVDA,2027-09-17,put,230.0,54.34,51.95,52.3,0.3582980430603027,1,28
2026-04-18,US67066G1040,NVDA,2027-09-17,put,235.0,55.5,55.2,55.5,0.35474278076171867,2,20
2026-04-18,US67066G1040,NVDA,2027-09-17,put,240.0,74.3,58.5,58.85,0.3518131225585937,10,51
2026-04-18,US67066G1040,NVDA,2027-09-17,put,245.0,78.18,61.85,62.25,0.34848673980712885,10,95
2026-04-18,US67066G1040,NVDA,2027-09-17,put,250.0,70.55,65.35,65.75,0.3453129434204102,1,1286
2026-04-18,US67066G1040,NVDA,2027-09-17,put,255.0,93.05,68.9,69.3,0.3417576811218262,2,4
2026-04-18,US67066G1040,NVDA,2027-09-17,put,260.0,97.25,72.55,73.0,0.33896535064697264,2,44
2026-04-18,US67066G1040,NVDA,2027-09-17,put,265.0,102.6,76.3,76.7,0.3352575019836425,35,38
2026-04-18,US67066G1040,NVDA,2027-09-17,put,270.0,99.4,80.1,80.55,0.3324041369628906,5,109
2026-04-18,US67066G1040,NVDA,2027-09-17,put,275.0,103.65,83.95,84.4,0.3286199951171874,2,83
2026-04-18,US67066G1040,NVDA,2027-09-17,put,280.0,106.35,87.9,88.35,0.3251715432739257,4,551
2026-04-18,US67066G1040,NVDA,2027-09-17,put,285.0,112.5,91.9,92.35,0.32141791870117187,4,95
2026-04-18,US67066G1040,NVDA,2027-09-17,put,290.0,123.75,96.0,96.45,0.31809153594970696,39,185
2026-04-18,US67066G1040,NVDA,2027-09-17,put,295.0,115.76,100.15,100.6,0.31452101501464835,5,991
2026-04-18,US67066G1040,NVDA,2027-09-17,put,300.0,122.0,104.3,104.8,0.31070635589599604,5,928
2026-04-18,US67066G1040,NVDA,2027-09-17,put,310.0,134.7,112.9,113.4,0.30332117584228513,2,997
2026-04-18,US67066G1040,NVDA,2027-09-17,put,320.0,124.35,121.65,122.15,0.29431858032226554,10,2723
2026-04-18,US67066G1040,NVDA,2027-09-17,put,330.0,138.95,130.65,131.15,0.28574322662353513,1,1270
2026-04-18,US67066G1040,NVDA,2027-09-17,put,340.0,146.29,139.8,140.3,0.2757030438232422,1,2
2026-04-18,US67066G1040,NVDA,2027-09-17,put,350.0,154.24,149.15,149.6,0.26392337646484376,2,3
2026-04-18,US67066G1040,NVDA,2027-09-17,put,360.0,161.5,158.65,159.1,0.2525709509277344,101,100
2026-04-18,US67066G1040,NVDA,2027-09-17,put,370.0,185.8,168.35,168.75,0.24085231811523436,6,0
2026-04-18,US67066G1040,NVDA,2027-09-17,put,380.0,180.98,178.2,178.55,0.23194127441406248,2,0
2026-04-18,US67066G1040,NVDA,2027-09-17,put,390.0,203.05,0.0,0.0,1.0000000000000003e-05,10,0
2026-04-18,US67066G1040,NVDA,2027-12-17,call,5.0,193.86,193.3,201.1,1.5322289013671875,262,33191
2026-04-18,US67066G1040,NVDA,2027-12-17,call,10.0,156.89,188.6,196.55,1.3139682739257812,6,677
2026-04-18,US67066G1040,NVDA,2027-12-17,call,15.0,183.07,183.95,191.9,1.1845743896484375,1,548
2026-04-18,US67066G1040,NVDA,2027-12-17,call,20.0,181.73,179.0,187.2,1.066655057373047,4,1090
2026-04-18,US67066G1040,NVDA,2027-12-17,call,25.0,152.34,174.8,182.6,1.0310107043457033,5,727
2026-04-18,US67066G1040,NVDA,2027-12-17,call,30.0,172.7,170.2,176.7,0.9084481811523437,20,816
2026-04-18,US67066G1040,NVDA,2027-12-17,call,35.0,144.62,165.5,173.45,0.9243171630859376,4,1093
2026-04-18,US67066G1040,NVDA,2027-12-17,call,40.0,163.0,161.05,168.9,0.8881847119140623,1,857
2026-04-18,US67066G1040,NVDA,2027-12-17,call,45.0,155.23,156.55,164.5,0.857301231689453,3,455
2026-04-18,US67066G1040,NVDA,2027-12-17,call,50.0,154.62,153.55,158.9,0.8355729333496091,4,1287
2026-04-18,US67066G1040,NVDA,2027-12-17,call,55.0,138.1,147.55,155.5,0.794801856689453,1,1507
2026-04-18,US67066G1040,NVDA,2027-12-17,call,60.0,145.73,145.15,148.9,0.7659935510253908,21,1687
2026-04-18,US67066G1040,NVDA,2027-12-17,call,65.0,129.4,140.8,144.5,0.7434718035888672,1,803
2026-04-18,US67066G1040,NVDA,2027-12-17,call,70.0,137.94,136.45,142.1,0.7551904364013673,17,5378
2026-04-18,US67066G1040,NVDA,2027-12-17,call,75.0,129.69,132.15,135.8,0.7019683123779297,1,1706
2026-04-18,US67066G1040,NVDA,2027-12-17,call,80.0,129.5,127.95,131.5,0.6841462249755861,6,2186
2026-04-18,US67066G1040,NVDA,2027-12-17,call,85.0,124.13,123.75,127.3,0.6675448284912111,1,1081
2026-04-18,US67066G1040,NVDA,2027-12-17,call,90.0,120.0,119.65,125.0,0.6754182849121095,2,3632
2026-04-18,US67066G1040,NVDA,2027-12-17,call,95.0,116.24,117.15,117.6,0.6397435928344727,10,4494
2026-04-18,US67066G1040,NVDA,2027-12-17,call,100.0,112.25,113.15,113.6,0.6268347863769532,8,16958
2026-04-18,US67066G1040,NVDA,2027-12-17,call,105.0,108.6,109.25,109.65,0.6149330499267578,3,7238
2026-04-18,US67066G1040,NVDA,2027-12-17,call,110.0,104.07,105.4,105.8,0.6038857971191409,40,9841
2026-04-18,US67066G1040,NVDA,2027-12-17,call,115.0,101.83,101.6,102.05,0.593601476135254,5,3749
2026-04-18,US67066G1040,NVDA,2027-12-17,call,120.0,97.8,98.05,98.35,0.5852092260742188,51,7401
2026-04-18,US67066G1040,NVDA,2027-12-17,call,125.0,93.7,94.4,94.8,0.576450768737793,16,4263
2026-04-18,US67066G1040,NVDA,2027-12-17,call,130.0,91.0,90.9,91.25,0.5681195532226562,6,9015
2026-04-18,US67066G1040,NVDA,2027-12-17,call,135.0,85.75,87.4,87.85,0.5601850622558593,1,6747
2026-04-18,US67066G1040,NVDA,2027-12-17,call,140.0,83.45,84.1,84.5,0.5532881585693359,25,7548
2026-04-18,US67066G1040,NVDA,2027-12-17,call,145.0,81.27,80.85,81.25,0.5466353930664063,27,7402
2026-04-18,US67066G1040,NVDA,2027-12-17,call,150.0,78.0,77.7,78.1,0.5405319384765627,34,15067
2026-04-18,US67066G1040,NVDA,2027-12-17,call,155.0,74.6,74.7,75.05,0.5352219329833985,13,10606
2026-04-18,US67066G1040,NVDA,2027-12-17,call,160.0,71.9,71.65,72.1,0.5294541683959962,20,4597
2026-04-18,US67066G1040,NVDA,2027-12-17,call,165.0,68.95,68.8,69.2,0.5244340769958495,11,2508
2026-04-18,US67066G1040,NVDA,2027-12-17,call,170.0,65.6,66.0,66.25,0.5186663124084474,11,4568
2026-04-18,US67066G1040,NVDA,2027-12-17,call,175.0,62.93,63.3,63.7,0.5150042396545411,27,14222
2026-04-18,US67066G1040,NVDA,2027-12-17,call,180.0,60.38,60.7,60.95,0.5100451828002931,11,8256
2026-04-18,US67066G1040,NVDA,2027-12-17,call,185.0,57.78,58.2,58.6,0.5070850073242188,46,5086
2026-04-18,US67066G1040,NVDA,2027-12-17,call,190.0,55.93,55.75,56.0,0.5023243127441408,18,7542
2026-04-18,US67066G1040,NVDA,2027-12-17,call,195.0,53.65,53.45,53.8,0.5015613809204101,22,5539
2026-04-18,US67066G1040,NVDA,2027-12-17,call,200.0,51.15,51.2,51.55,0.4982807740783692,608,38067
2026-04-18,US67066G1040,NVDA,2027-12-17,call,205.0,49.14,49.1,49.4,0.4953358572387696,41,247
2026-04-18,US67066G1040,NVDA,2027-12-17,call,210.0,47.05,46.95,47.3,0.4922536126708985,113,21575
2026-04-18,US67066G1040,NVDA,2027-12-17,call,215.0,45.1,45.0,45.25,0.48901878173828134,24,76
2026-04-18,US67066G1040,NVDA,2027-12-17,call,220.0,43.2,43.05,43.35,0.4866689517211914,459,6429
2026-04-18,US67066G1040,NVDA,2027-12-17,call,225.0,41.3,41.2,41.55,0.4846700703430176,51,159
2026-04-18,US67066G1040,NVDA,2027-12-17,call,230.0,39.6,39.5,39.65,0.48113006668090824,64,19524
2026-04-18,US67066G1040,NVDA,2027-12-17,call,235.0,37.5,37.8,38.1,0.4803976521301269,1,173
2026-04-18,US67066G1040,NVDA,2027-12-17,call,240.0,36.31,36.2,36.5,0.4786276502990722,5,6469
2026-04-18,US67066G1040,NVDA,2027-12-17,call,245.0,34.03,34.65,34.95,0.4767813552856446,2,80
2026-04-18,US67066G1040,NVDA,2027-12-17,call,250.0,33.17,33.2,33.5,0.475392819366455,271,6731
2026-04-18,US67066G1040,NVDA,2027-12-17,call,255.0,31.35,31.8,32.05,0.4734854898071289,20,584
2026-04-18,US67066G1040,NVDA,2027-12-17,call,260.0,30.54,30.45,30.75,0.4725394543457031,17,3355
2026-04-18,US67066G1040,NVDA,2027-12-17,call,265.0,29.02,29.2,29.5,0.4715934188842773,1,658
2026-04-18,US67066G1040,NVDA,2027-12-17,call,270.0,27.82,28.0,28.25,0.47018962432861333,1,11981
2026-04-18,US67066G1040,NVDA,2027-12-17,call,275.0,27.05,26.85,27.1,0.4693198820495606,5,476
2026-04-18,US67066G1040,NVDA,2027-12-17,call,280.0,25.65,25.75,26.0,0.46849591567993165,33,7318
2026-04-18,US67066G1040,NVDA,2027-12-17,call,285.0,24.22,24.7,24.95,0.46774824249267577,1,261
2026-04-18,US67066G1040,NVDA,2027-12-17,call,290.0,23.65,23.7,23.95,0.46710737976074224,11,5367
2026-04-18,US67066G1040,NVDA,2027-12-17,call,295.0,22.82,22.75,23.05,0.467076862487793,7,1222
2026-04-18,US67066G1040,NVDA,2027-12-17,call,300.0,21.7,21.85,22.1,0.46616134429931644,47,10096
2026-04-18,US67066G1040,NVDA,2027-12-17,call,310.0,19.85,20.15,20.4,0.4652763433837891,134,4270
2026-04-18,US67066G1040,NVDA,2027-12-17,call,320.0,18.67,18.6,18.9,0.4651542742919922,20,5592
2026-04-18,US67066G1040,NVDA,2027-12-17,call,330.0,17.35,17.2,17.45,0.46425401473999023,211,4283
2026-04-18,US67066G1040,NVDA,2027-12-17,call,340.0,16.02,15.9,16.2,0.4643608251953125,13,4831
2026-04-18,US67066G1040,NVDA,2027-12-17,call,350.0,14.8,14.75,15.0,0.46390306610107424,146,4431
2026-04-18,US67066G1040,NVDA,2027-12-17,call,360.0,13.76,13.7,13.95,0.46414720428466794,44,10065
2026-04-18,US67066G1040,NVDA,2027-12-17,call,380.0,11.7,11.8,12.05,0.46411668701171876,2,1240
2026-04-18,US67066G1040,NVDA,2027-12-17,call,390.0,10.95,11.0,11.25,0.4646659979248047,1,4458
2026-04-18,US67066G1040,NVDA,2027-12-17,call,400.0,10.4,10.25,10.5,0.4650627224731446,65,2200
2026-04-18,US67066G1040,NVDA,2027-12-17,call,410.0,9.55,9.55,9.8,0.46536789520263677,1,856
2026-04-18,US67066G1040,NVDA,2027-12-17,call,420.0,9.0,8.95,9.15,0.4656120333862305,44,4364
2026-04-18,US67066G1040,NVDA,2027-12-17,put,5.0,0.02,0.01,0.03,0.992187578125,30,29690
2026-04-18,US67066G1040,NVDA,2027-12-17,put,10.0,0.04,0.03,0.08,0.87695435546875,20,1080
2026-04-18,US67066G1040,NVDA,2027-12-17,put,15.0,0.08,0.07,0.09,0.7832052929687501,760,21953
2026-04-18,US67066G1040,NVDA,2027-12-17,put,20.0,0.2,0.1,0.2,0.74414318359375,6,2651
2026-04-18,US67066G1040,NVDA,2027-12-17,put,25.0,0.24,0.16,0.26,0.700198310546875,10,1122
2026-04-18,US67066G1040,NVDA,2027-12-17,put,30.0,0.34,0.24,0.34,0.6660189648437502,21,1000
2026-04-18,US67066G1040,NVDA,2027-12-17,put,35.0,0.5,0.35,0.46,0.641605146484375,11,2320
2026-04-18,US67066G1040,NVDA,2027-12-17,put,40.0,0.56,0.53,0.59,0.62305064453125,3,4049
2026-04-18,US67066G1040,NVDA,2027-12-17,put,45.0,0.75,0.64,0.75,0.5991251025390626,5,4565
2026-04-18,US67066G1040,NVDA,2027-12-17,put,50.0,0.84,0.81,0.94,0.5805706005859376,2158,11641
2026-04-18,US67066G1040,NVDA,2027-12-17,put,55.0,1.13,1.05,1.15,0.5654340332031251,12,3974
2026-04-18,US67066G1040,NVDA,2027-12-17,put,60.0,1.33,1.31,1.39,0.5507857421875001,1,17045
2026-04-18,US67066G1040,NVDA,2027-12-17,put,65.0,1.69,1.6,1.7,0.5380905566406251,1,850
2026-04-18,US67066G1040,NVDA,2027-12-17,put,70.0,2.01,1.93,2.01,0.5250291638183593,301,7728
2026-04-18,US67066G1040,NVDA,2027-12-17,put,75.0,2.38,2.3,2.38,0.5134326000976561,10,11411
2026-04-18,US67066G1040,NVDA,2027-12-17,put,80.0,2.78,2.74,2.81,0.5033008654785156,7,12596
2026-04-18,US67066G1040,NVDA,2027-12-17,put,85.0,3.27,3.15,3.35,0.49725844543457043,1,9977
2026-04-18,US67066G1040,NVDA,2027-12-17,put,90.0,3.9,3.75,3.9,0.48816429809570316,14,26083
2026-04-18,US67066G1040,NVDA,2027-12-17,put,95.0,4.4,4.35,4.5,0.4792532543945312,10,5969
2026-04-18,US67066G1040,NVDA,2027-12-17,put,100.0,5.2,5.05,5.2,0.47186807434082034,1815,28679
2026-04-18,US67066G1040,NVDA,2027-12-17,put,105.0,6.15,5.8,5.95,0.4643608251953125,2,3074
2026-04-18,US67066G1040,NVDA,2027-12-17,put,110.0,6.77,6.65,6.85,0.4590203024291992,54,11162
2026-04-18,US67066G1040,NVDA,2027-12-17,put,115.0,7.65,7.55,7.75,0.45215391601562505,6,6337
2026-04-18,US67066G1040,NVDA,2027-12-17,put,120.0,8.74,8.6,8.8,0.44696597961425777,129,15605
2026-04-18,US67066G1040,NVDA,2027-12-17,put,125.0,9.78,9.7,9.9,0.4413202841186523,10,10013
2026-04-18,US67066G1040,NVDA,2027-12-17,put,130.0,11.0,10.9,11.1,0.43613234771728515,77,5770
2026-04-18,US67066G1040,NVDA,2027-12-17,put,135.0,12.55,12.2,12.4,0.4313106185913086,2,5016
2026-04-18,US67066G1040,NVDA,2027-12-17,put,140.0,13.83,13.6,13.8,0.42676354492187507,80,15535
2026-04-18,US67066G1040,NVDA,2027-12-17,put,145.0,15.13,15.05,15.25,0.4217281948852539,7,2278
2026-04-18,US67066G1040,NVDA,2027-12-17,put,150.0,16.8,16.65,16.85,0.41760836303710935,18,13308
2026-04-18,US67066G1040,NVDA,2027-12-17,put,155.0,18.62,18.3,18.5,0.41300025482177727,6,5338
2026-04-18,US67066G1040,NVDA,2027-12-17,put,160.0,20.29,20.05,20.3,0.4092008543395996,34,5694
2026-04-18,US67066G1040,NVDA,2027-12-17,put,165.0,22.9,21.9,22.2,0.4055082643127441,11,4158
2026-04-18,US67066G1040,NVDA,2027-12-17,put,170.0,24.1,23.85,24.15,0.40134265655517576,3,5733
2026-04-18,US67066G1040,NVDA,2027-12-17,put,175.0,26.06,25.95,26.25,0.3978484288024902,72,3312
2026-04-18,US67066G1040,NVDA,2027-12-17,put,180.0,28.6,28.1,28.3,0.39282833740234374,35,3804
2026-04-18,US67066G1040,NVDA,2027-12-17,put,185.0,30.7,30.35,30.6,0.3895324719238281,1,3021
2026-04-18,US67066G1040,NVDA,2027-12-17,put,190.0,33.0,32.7,32.9,0.38530582962036125,28,2579
2026-04-18,US67066G1040,NVDA,2027-12-17,put,195.0,35.31,35.1,35.45,0.38269660278320305,20,1156
2026-04-18,US67066G1040,NVDA,2027-12-17,put,200.0,37.85,37.65,37.95,0.3786683227539062,632,6755
2026-04-18,US67066G1040,NVDA,2027-12-17,put,205.0,40.67,40.3,40.55,0.37476211181640623,7,102
2026-04-18,US67066G1040,NVDA,2027-12-17,put,210.0,43.4,43.05,43.35,0.3719392640686035,300,2165
2026-04-18,US67066G1040,NVDA,2027-12-17,put,215.0,46.43,45.85,46.2,0.3687349504089356,5,133
2026-04-18,US67066G1040,NVDA,2027-12-17,put,220.0,48.95,48.75,49.05,0.3646914117431641,21,3144
2026-04-18,US67066G1040,NVDA,2027-12-17,put,225.0,52.38,51.8,52.1,0.3617464949035644,1,116
2026-04-18,US67066G1040,NVDA,2027-12-17,put,230.0,56.0,54.85,55.15,0.35797761169433595,1,1248
2026-04-18,US67066G1040,NVDA,2027-12-17,put,235.0,67.74,58.0,58.45,0.35582614395141593,2,43
2026-04-18,US67066G1040,NVDA,2027-12-17,put,240.0,62.15,61.3,61.75,0.35286596847534174,2,4843
2026-04-18,US67066G1040,NVDA,2027-12-17,put,245.0,69.32,64.65,65.1,0.34961587890624996,2,48
2026-04-18,US67066G1040,NVDA,2027-12-17,put,250.0,68.43,68.05,68.5,0.3460911338806152,1,1369
2026-04-18,US67066G1040,NVDA,2027-12-17,put,255.0,89.75,71.6,72.05,0.34326828613281246,2,482
2026-04-18,US67066G1040,NVDA,2027-12-17,put,260.0,76.92,75.15,75.6,0.33969776519775385,5,904
2026-04-18,US67066G1040,NVDA,2027-12-17,put,265.0,102.1,78.85,79.3,0.3368901760864258,13,23
2026-04-18,US67066G1040,NVDA,2027-12-17,put,270.0,90.99,82.55,83.0,0.3333196551513672,3,1912
2026-04-18,US67066G1040,NVDA,2027-12-17,put,275.0,103.39,86.35,86.8,0.33006956558227535,4,28
2026-04-18,US67066G1040,NVDA,2027-12-17,put,280.0,92.46,90.2,90.7,0.327155166015625,1,808
2026-04-18,US67066G1040,NVDA,2027-12-17,put,285.0,106.5,94.15,94.6,0.32349309326171866,2,43
2026-04-18,US67066G1040,NVDA,2027-12-17,put,290.0,104.69,98.1,98.65,0.32082283187866206,2,1230
2026-04-18,US67066G1040,NVDA,2027-12-17,put,295.0,114.97,102.15,102.65,0.31677929321289056,1,681
2026-04-18,US67066G1040,NVDA,2027-12-17,put,300.0,106.8,106.25,106.8,0.31381911773681637,1,2284
2026-04-18,US67066G1040,NVDA,2027-12-17,put,310.0,117.1,114.6,115.15,0.306220316772461,50,3837
2026-04-18,US67066G1040,NVDA,2027-12-17,put,320.0,126.8,123.2,123.75,0.29883513671874995,2,4401
2026-04-18,US67066G1040,NVDA,2027-12-17,put,330.0,135.15,132.0,132.55,0.2912058184814452,84,2654
2026-04-18,US67066G1040,NVDA,2027-12-17,put,340.0,144.1,140.95,141.5,0.28253891296386713,57,3826
2026-04-18,US67066G1040,NVDA,2027-12-17,put,350.0,150.7,150.1,150.6,0.2727123510742187,110,663
2026-04-18,US67066G1040,NVDA,2027-12-17,put,360.0,162.2,159.35,159.9,0.2631299273681641,250,172
2026-04-18,US67066G1040,NVDA,2027-12-17,put,380.0,197.08,178.45,178.9,0.2399978344726562,6,0
2026-04-18,US67066G1040,NVDA,2027-12-17,put,390.0,214.15,188.2,188.6,0.2268143725585937,2,0
2026-04-18,US67066G1040,NVDA,2027-12-17,put,400.0,216.75,0.0,0.0,1.0000000000000003e-05,10,0
2026-04-18,US67066G1040,NVDA,2027-12-17,put,410.0,225.35,208.15,208.55,0.23645783081054686,2,0
2026-04-18,US67066G1040,NVDA,2027-12-17,put,420.0,244.05,218.15,218.55,0.24329369995117187,2,0
2026-04-18,US67066G1040,NVDA,2028-01-21,call,5.0,194.4,193.2,200.0,2.6562533593750004,5,1737
2026-04-18,US67066G1040,NVDA,2028-01-21,call,10.0,192.55,188.0,196.55,1.1821329956054685,1,513
2026-04-18,US67066G1040,NVDA,2028-01-21,call,15.0,174.87,184.1,190.0,0.92773509765625,2,101
2026-04-18,US67066G1040,NVDA,2028-01-21,call,20.0,182.61,179.0,185.15,0.8256853369140623,300,1277
2026-04-18,US67066G1040,NVDA,2028-01-21,call,25.0,177.57,174.9,181.6,0.9484868432617187,75,603
2026-04-18,US67066G1040,NVDA,2028-01-21,call,30.0,148.18,170.0,178.1,0.9434820104980468,3,429
2026-04-18,US67066G1040,NVDA,2028-01-21,call,35.0,135.5,165.65,173.2,0.8948985119628905,2,480
2026-04-18,US67066G1040,NVDA,2028-01-21,call,40.0,144.5,161.3,169.2,0.8818371191406249,9,219
2026-04-18,US67066G1040,NVDA,2028-01-21,call,45.0,125.12,156.8,164.75,0.8479019116210937,2,129
2026-04-18,US67066G1040,NVDA,2028-01-21,call,50.0,155.41,152.2,160.2,0.8112201495361326,25,392
2026-04-18,US67066G1040,NVDA,2028-01-21,call,55.0,150.46,147.9,155.65,0.7841818457031251,1,340
2026-04-18,US67066G1040,NVDA,2028-01-21,call,60.0,146.5,145.55,149.35,0.7620873400878907,1,158
2026-04-18,US67066G1040,NVDA,2028-01-21,call,65.0,137.64,141.25,144.95,0.7394435235595702,171,645
2026-04-18,US67066G1040,NVDA,2028-01-21,call,70.0,140.15,136.95,140.6,0.7180814324951172,6,453
2026-04-18,US67066G1040,NVDA,2028-01-21,call,75.0,124.22,132.7,136.35,0.6993438269042969,40,390
2026-04-18,US67066G1040,NVDA,2028-01-21,call,80.0,129.74,128.5,132.1,0.6813996704101564,2,803
2026-04-18,US67066G1040,NVDA,2028-01-21,call,85.0,122.75,124.4,127.85,0.6646762048339845,1,374
2026-04-18,US67066G1040,NVDA,2028-01-21,call,90.0,121.11,120.35,123.8,0.6508823974609376,1,1288
2026-04-18,US67066G1040,NVDA,2028-01-21,call,95.0,114.5,117.9,118.35,0.6388280746459961,1,154
2026-04-18,US67066G1040,NVDA,2028-01-21,call,100.0,113.98,113.95,114.4,0.6261939236450197,56,3201
2026-04-18,US67066G1040,NVDA,2028-01-21,call,105.0,109.32,110.05,110.5,0.6140785662841797,1,1038
2026-04-18,US67066G1040,NVDA,2028-01-21,call,110.0,104.75,106.25,106.7,0.6033364862060548,1,773
2026-04-18,US67066G1040,NVDA,2028-01-21,call,115.0,100.6,102.55,103.0,0.5937235452270508,2,1287
2026-04-18,US67066G1040,NVDA,2028-01-21,call,120.0,97.4,98.9,99.35,0.5842937078857422,4,1747
2026-04-18,US67066G1040,NVDA,2028-01-21,call,125.0,94.2,95.35,95.8,0.57577938873291,6,628
2026-04-18,US67066G1040,NVDA,2028-01-21,call,130.0,91.45,91.9,92.3,0.5676923114013672,26,5720
2026-04-18,US67066G1040,NVDA,2028-01-21,call,135.0,88.6,88.5,88.9,0.5600019586181642,30,2998
2026-04-18,US67066G1040,NVDA,2028-01-21,call,140.0,85.41,85.25,85.6,0.5533491931152343,130,11200
2026-04-18,US67066G1040,NVDA,2028-01-21,call,145.0,82.25,82.05,82.4,0.5469405657958986,6,3527
2026-04-18,US67066G1040,NVDA,2028-01-21,call,150.0,79.15,78.95,79.3,0.5410812493896486,66,8091
2026-04-18,US67066G1040,NVDA,2028-01-21,call,155.0,74.95,75.9,76.3,0.5354050366210938,10,948
2026-04-18,US67066G1040,NVDA,2028-01-21,call,160.0,72.8,73.05,73.35,0.5304917556762696,39,1883
2026-04-18,US67066G1040,NVDA,2028-01-21,call,165.0,69.5,70.2,70.6,0.5260057165527343,8,982
2026-04-18,US67066G1040,NVDA,2028-01-21,call,170.0,67.69,67.4,67.85,0.52109243560791,72,6131
2026-04-18,US67066G1040,NVDA,2028-01-21,call,175.0,64.85,64.8,65.15,0.5168505346679688,52,10253
2026-04-18,US67066G1040,NVDA,2028-01-21,call,180.0,62.25,62.2,62.4,0.5116625982666017,287,14610
2026-04-18,US67066G1040,NVDA,2028-01-21,call,185.0,59.71,59.7,60.15,0.5089770782470704,151,11979
2026-04-18,US67066G1040,NVDA,2028-01-21,call,190.0,57.52,57.3,57.75,0.5053455227661132,135,10650
2026-04-18,US67066G1040,NVDA,2028-01-21,call,195.0,55.0,55.0,55.4,0.5018207777404786,61,6379
2026-04-18,US67066G1040,NVDA,2028-01-21,call,200.0,52.94,52.8,53.0,0.4989063781738281,367,24444
2026-04-18,US67066G1040,NVDA,2028-01-21,call,205.0,50.79,50.65,51.0,0.497349997253418,44,141
2026-04-18,US67066G1040,NVDA,2028-01-21,call,210.0,48.67,48.6,48.9,0.49416094223022466,36,8986
2026-04-18,US67066G1040,NVDA,2028-01-21,call,215.0,46.7,46.6,46.95,0.4918568881225587,26,254
2026-04-18,US67066G1040,NVDA,2028-01-21,call,220.0,44.78,44.7,45.05,0.48943076492309584,419,7385
2026-04-18,US67066G1040,NVDA,2028-01-21,call,225.0,42.9,42.85,43.2,0.4869130899047852,4,380
2026-04-18,US67066G1040,NVDA,2028-01-21,call,230.0,41.25,41.1,41.45,0.48480739807128903,29,11241
2026-04-18,US67066G1040,NVDA,2028-01-21,call,235.0,39.0,39.45,39.75,0.4826406716918946,4,197
2026-04-18,US67066G1040,NVDA,2028-01-21,call,240.0,37.75,37.85,38.15,0.4808706698608398,142,3236
2026-04-18,US67066G1040,NVDA,2028-01-21,call,245.0,35.29,36.3,36.6,0.4790854093933105,5,182
2026-04-18,US67066G1040,NVDA,2028-01-21,call,250.0,34.86,34.9,35.0,0.47633885482788085,212,31791
2026-04-18,US67066G1040,NVDA,2028-01-21,call,255.0,33.3,33.4,33.75,0.47638463073730464,3,197
2026-04-18,US67066G1040,NVDA,2028-01-21,call,260.0,32.22,32.1,32.4,0.4750266120910644,73,3797
2026-04-18,US67066G1040,NVDA,2028-01-21,call,265.0,30.95,30.8,31.1,0.4736991107177735,32,147
2026-04-18,US67066G1040,NVDA,2028-01-21,call,270.0,29.75,29.6,29.85,0.47240212661743164,43,7248
2026-04-18,US67066G1040,NVDA,2028-01-21,call,275.0,28.25,28.45,28.7,0.47163919479370114,1,354
2026-04-18,US67066G1040,NVDA,2028-01-21,call,280.0,26.87,27.3,27.6,0.47093729751586916,9,6933
2026-04-18,US67066G1040,NVDA,2028-01-21,call,285.0,25.25,26.2,26.5,0.46985393432617195,1,310
2026-04-18,US67066G1040,NVDA,2028-01-21,call,290.0,24.76,25.2,25.5,0.4693351406860352,5,4288
2026-04-18,US67066G1040,NVDA,2028-01-21,call,295.0,24.2,24.25,24.5,0.46845013977050787,10,722
2026-04-18,US67066G1040,NVDA,2028-01-21,call,300.0,23.25,23.3,23.6,0.46819074295043944,308,91427
2026-04-18,US67066G1040,NVDA,2028-01-21,call,310.0,21.65,21.6,21.85,0.467153155670166,11,6810
2026-04-18,US67066G1040,NVDA,2028-01-21,call,320.0,19.9,20.0,20.25,0.46631393066406257,15,4257
2026-04-18,US67066G1040,NVDA,2028-01-21,call,330.0,18.39,18.55,18.8,0.46579513702392583,1,3828
2026-04-18,US67066G1040,NVDA,2028-01-21,call,340.0,17.2,17.25,17.5,0.4657341024780274,116,2093
2026-04-18,US67066G1040,NVDA,2028-01-21,call,350.0,16.15,16.0,16.3,0.46570358520507815,91,26199
2026-04-18,US67066G1040,NVDA,2028-01-21,call,360.0,15.01,14.9,15.15,0.465200050201416,9,6297
2026-04-18,US67066G1040,NVDA,2028-01-21,call,370.0,13.6,13.9,14.15,0.46545944702148445,1,4981
2026-04-18,US67066G1040,NVDA,2028-01-21,call,380.0,12.9,12.95,13.2,0.46544418838500984,1,8377
2026-04-18,US67066G1040,NVDA,2028-01-21,call,390.0,12.18,12.1,12.35,0.46579513702392583,1,8065
2026-04-18,US67066G1040,NVDA,2028-01-21,call,400.0,11.4,11.3,11.55,0.4659782406616212,69,53775
2026-04-18,US67066G1040,NVDA,2028-01-21,call,410.0,10.65,10.6,10.8,0.46603927520751964,46,12579
2026-04-18,US67066G1040,NVDA,2028-01-21,call,420.0,10.0,9.95,10.15,0.46674117248535163,287,22778
2026-04-18,US67066G1040,NVDA,2028-01-21,put,5.0,0.03,0.01,0.05,1.0078174609375,5,5588
2026-04-18,US67066G1040,NVDA,2028-01-21,put,10.0,0.07,0.01,0.1,0.851563984375,8,5389
2026-04-18,US67066G1040,NVDA,2028-01-21,put,15.0,0.1,0.08,0.16,0.79687703125,6,1705
2026-04-18,US67066G1040,NVDA,2028-01-21,put,20.0,0.15,0.1,0.23,0.7324245507812499,15,2345
2026-04-18,US67066G1040,NVDA,2028-01-21,put,25.0,0.31,0.18,0.3,0.692385888671875,5,575
2026-04-18,US67066G1040,NVDA,2028-01-21,put,30.0,0.33,0.27,0.39,0.659183095703125,1,480
2026-04-18,US67066G1040,NVDA,2028-01-21,put,35.0,0.51,0.38,0.51,0.632816171875,1,677
2026-04-18,US67066G1040,NVDA,2028-01-21,put,40.0,0.59,0.58,0.65,0.6149940844726562,22,756
2026-04-18,US67066G1040,NVDA,2028-01-21,put,45.0,0.74,0.72,0.83,0.5935099243164064,9,1675
2026-04-18,US67066G1040,NVDA,2028-01-21,put,50.0,0.95,0.91,1.03,0.5751995605468749,21,6443
2026-04-18,US67066G1040,NVDA,2028-01-21,put,55.0,1.28,1.14,1.27,0.5594526477050781,10,301
2026-04-18,US67066G1040,NVDA,2028-01-21,put,60.0,1.47,1.44,1.52,0.5454147021484376,2,1206
2026-04-18,US67066G1040,NVDA,2028-01-21,put,65.0,1.94,1.75,1.85,0.5329636547851562,2,204
2026-04-18,US67066G1040,NVDA,2028-01-21,put,70.0,2.23,2.11,2.19,0.5206346765136718,50,1558
2026-04-18,US67066G1040,NVDA,2028-01-21,put,75.0,2.55,2.5,2.61,0.5096484582519532,11,685
2026-04-18,US67066G1040,NVDA,2028-01-21,put,80.0,3.01,2.98,3.1,0.5006153454589843,3,8557
2026-04-18,US67066G1040,NVDA,2028-01-21,put,85.0,3.55,3.45,3.6,0.4928029235839845,1,737
2026-04-18,US67066G1040,NVDA,2028-01-21,put,90.0,4.05,4.05,4.2,0.48456325988769533,8,1769
2026-04-18,US67066G1040,NVDA,2028-01-21,put,95.0,4.88,4.7,4.85,0.47638463073730464,23,1616
2026-04-18,US67066G1040,NVDA,2028-01-21,put,100.0,5.58,5.4,5.6,0.4695487615966797,15,8131
2026-04-18,US67066G1040,NVDA,2028-01-21,put,105.0,6.4,6.2,6.4,0.46246875427246104,1,4960
2026-04-18,US67066G1040,NVDA,2028-01-21,put,110.0,7.3,7.1,7.3,0.45633478240966796,10,8362
2026-04-18,US67066G1040,NVDA,2028-01-21,put,115.0,8.19,8.05,8.25,0.4498651205444336,8,2726
2026-04-18,US67066G1040,NVDA,2028-01-21,put,120.0,9.25,9.1,9.3,0.44406683868408203,31,9345
2026-04-18,US67066G1040,NVDA,2028-01-21,put,125.0,10.4,10.2,10.45,0.4387873504638672,1,3715
2026-04-18,US67066G1040,NVDA,2028-01-21,put,130.0,11.65,11.45,11.7,0.4339351040649414,4,16011
2026-04-18,US67066G1040,NVDA,2028-01-21,put,135.0,12.89,12.75,13.0,0.42862509857177733,10,4141
2026-04-18,US67066G1040,NVDA,2028-01-21,put,140.0,14.39,14.2,14.45,0.4244137149047852,11,22226
2026-04-18,US67066G1040,NVDA,2028-01-21,put,145.0,16.04,15.7,15.9,0.41901215759277344,11,5136
2026-04-18,US67066G1040,NVDA,2028-01-21,put,150.0,17.58,17.3,17.5,0.4145871530151367,81,22291
2026-04-18,US67066G1040,NVDA,2028-01-21,put,155.0,19.4,19.05,19.25,0.4109861148071289,2,4632
2026-04-18,US67066G1040,NVDA,2028-01-21,put,160.0,21.14,20.85,21.05,0.40689680023193364,25,3519
2026-04-18,US67066G1040,NVDA,2028-01-21,put,165.0,22.94,22.7,22.95,0.40297533065795904,10,3072
2026-04-18,US67066G1040,NVDA,2028-01-21,put,170.0,24.9,24.7,24.95,0.3991911888122559,37,2912
2026-04-18,US67066G1040,NVDA,2028-01-21,put,175.0,27.0,26.8,27.05,0.39551385742187506,5,3755
2026-04-18,US67066G1040,NVDA,2028-01-21,put,180.0,29.33,28.9,29.2,0.39145506011962883,14,13046
2026-04-18,US67066G1040,NVDA,2028-01-21,put,185.0,31.7,31.25,31.45,0.3875183319091796,5,3512
2026-04-18,US67066G1040,NVDA,2028-01-21,put,190.0,34.0,33.55,33.85,0.38422246643066404,1241,5166
2026-04-18,US67066G1040,NVDA,2028-01-21,put,195.0,36.54,36.05,36.35,0.38101815277099604,3,1467
2026-04-18,US67066G1040,NVDA,2028-01-21,put,200.0,38.85,38.6,39.0,0.37842418457031246,3642,9852
2026-04-18,US67066G1040,NVDA,2028-01-21,put,205.0,42.9,41.25,41.6,0.37450271499633786,1,329
2026-04-18,US67066G1040,NVDA,2028-01-21,put,210.0,45.75,43.95,44.25,0.37023029678344727,3,3204
2026-04-18,US67066G1040,NVDA,2028-01-21,put,215.0,63.8,46.85,47.15,0.3675295181274414,1,16
2026-04-18,US67066G1040,NVDA,2028-01-21,put,220.0,50.2,49.7,50.05,0.3640352903747559,283,2438
2026-04-18,US67066G1040,NVDA,2028-01-21,put,225.0,54.8,52.75,53.15,0.3616244258117675,1,101
2026-04-18,US67066G1040,NVDA,2028-01-21,put,230.0,56.35,55.85,56.15,0.35750459396362305,3,3600
2026-04-18,US67066G1040,NVDA,2028-01-21,put,235.0,61.16,59.05,59.4,0.3549564016723632,2,39
2026-04-18,US67066G1040,NVDA,2028-01-21,put,240.0,62.52,62.2,62.65,0.35167579483032224,50,872
2026-04-18,US67066G1040,NVDA,2028-01-21,put,245.0,66.22,65.55,66.0,0.34859355026245115,1,160
2026-04-18,US67066G1040,NVDA,2028-01-21,put,250.0,69.22,68.95,69.4,0.34525190887451174,53,986
2026-04-18,US67066G1040,NVDA,2028-01-21,put,255.0,75.05,72.55,72.95,0.3426274234008788,2,166
2026-04-18,US67066G1040,NVDA,2028-01-21,put,260.0,76.65,76.1,76.5,0.339301040649414,2,1252
2026-04-18,US67066G1040,NVDA,2028-01-21,put,265.0,91.08,79.65,80.15,0.33623405471801754,6,27
2026-04-18,US67066G1040,NVDA,2028-01-21,put,270.0,84.35,83.4,83.85,0.3329687065124512,12,437
2026-04-18,US67066G1040,NVDA,2028-01-21,put,275.0,88.0,87.1,87.55,0.3289556851196288,1,25
2026-04-18,US67066G1040,NVDA,2028-01-21,put,280.0,92.0,91.0,91.45,0.3263464582824707,10,873
2026-04-18,US67066G1040,NVDA,2028-01-21,put,285.0,114.2,94.95,95.35,0.3230353341674803,702,374
2026-04-18,US67066G1040,NVDA,2028-01-21,put,290.0,100.4,98.85,99.3,0.3195563650512695,1,154
2026-04-18,US67066G1040,NVDA,2028-01-21,put,295.0,123.0,102.85,103.35,0.31650463775634763,4,192
2026-04-18,US67066G1040,NVDA,2028-01-21,put,300.0,109.8,106.9,107.45,0.31333084136962885,12,1326
2026-04-18,US67066G1040,NVDA,2028-01-21,put,310.0,116.45,115.2,115.8,0.30667807586669915,11,950
2026-04-18,US67066G1040,NVDA,2028-01-21,put,320.0,127.81,123.75,124.3,0.2989877230834961,2,714
2026-04-18,US67066G1040,NVDA,2028-01-21,put,330.0,133.97,132.45,133.05,0.2917856466674803,3,1394
2026-04-18,US67066G1040,NVDA,2028-01-21,put,340.0,142.0,141.35,141.9,0.2827525338745117,25,893
2026-04-18,US67066G1040,NVDA,2028-01-21,put,350.0,154.2,150.4,151.0,0.2746959738159179,159,588
2026-04-18,US67066G1040,NVDA,2028-01-21,put,360.0,160.84,159.65,160.2,0.264655791015625,1,8
2026-04-18,US67066G1040,NVDA,2028-01-21,put,370.0,170.3,169.05,169.55,0.25354750366210943,6,44
2026-04-18,US67066G1040,NVDA,2028-01-21,put,380.0,180.1,178.6,179.05,0.24134059448242187,5,5
2026-04-18,US67066G1040,NVDA,2028-01-21,put,390.0,207.31,188.3,188.75,0.23218541259765624,51,0
2026-04-18,US67066G1040,NVDA,2028-01-21,put,400.0,203.25,198.15,198.55,0.2235185070800781,30,8
2026-04-18,US67066G1040,NVDA,2028-01-21,put,410.0,244.07,208.15,208.55,0.23035437622070312,3,0
2026-04-18,US67066G1040,NVDA,2028-01-21,put,420.0,232.1,218.15,218.55,0.23706817626953125,2,0
2026-04-18,US67066G1040,NVDA,2028-06-16,call,5.0,168.0,193.0,203.0,1.6674821313476564,,1
2026-04-18,US67066G1040,NVDA,2028-06-16,call,10.0,164.85,188.0,198.0,1.253421701660156,1,1
2026-04-18,US67066G1040,NVDA,2028-06-16,call,20.0,159.56,179.0,186.3,0.867188828125,,1
2026-04-18,US67066G1040,NVDA,2028-06-16,call,25.0,144.22,175.0,181.85,0.8754895263671875,2,2
2026-04-18,US67066G1040,NVDA,2028-06-16,call,30.0,148.9,170.0,180.0,0.9257819921875,1,3
2026-04-18,US67066G1040,NVDA,2028-06-16,call,35.0,136.5,166.0,176.0,0.9094247338867187,1,11
2026-04-18,US67066G1040,NVDA,2028-06-16,call,45.0,134.7,157.0,163.45,0.7362086926269531,,23
2026-04-18,US67066G1040,NVDA,2028-06-16,call,50.0,139.15,153.0,163.0,0.8084125604248047,1,93
2026-04-18,US67066G1040,NVDA,2028-06-16,call,55.0,139.25,148.0,158.0,0.7549462982177735,30,105
2026-04-18,US67066G1040,NVDA,2028-06-16,call,60.0,136.2,144.0,154.0,0.7412135253906249,2,101
2026-04-18,US67066G1040,NVDA,2028-06-16,call,65.0,140.65,140.25,147.3,0.6887848504638674,60,135
2026-04-18,US67066G1040,NVDA,2028-06-16,call,70.0,128.5,136.15,144.85,0.697390721435547,2,89
2026-04-18,US67066G1040,NVDA,2028-06-16,call,75.0,123.55,133.75,141.7,0.7136564279174805,2,107
2026-04-18,US67066G1040,NVDA,2028-06-16,call,80.0,129.3,129.75,134.85,0.663333444824219,117,223
2026-04-18,US67066G1040,NVDA,2028-06-16,call,85.0,103.15,124.0,133.5,0.6584811984252931,,2
2026-04-18,US67066G1040,NVDA,2028-06-16,call,90.0,122.5,124.35,124.85,0.6399572137451173,5,52
2026-04-18,US67066G1040,NVDA,2028-06-16,call,95.0,108.41,120.55,121.05,0.628482719116211,3,18
2026-04-18,US67066G1040,NVDA,2028-06-16,call,100.0,112.2,116.8,117.3,0.6174659835815431,2,5
2026-04-18,US67066G1040,NVDA,2028-06-16,call,105.0,108.4,113.1,113.65,0.607273214416504,2,21
2026-04-18,US67066G1040,NVDA,2028-06-16,call,110.0,109.4,109.55,110.05,0.5982401016235351,1,81
2026-04-18,US67066G1040,NVDA,2028-06-16,call,115.0,95.4,106.0,106.55,0.5893900924682618,2,40
2026-04-18,US67066G1040,NVDA,2028-06-16,call,120.0,102.75,102.6,103.0,0.5807231869506836,25,28
2026-04-18,US67066G1040,NVDA,2028-06-16,call,125.0,98.85,99.25,99.8,0.5743145596313476,1,88
2026-04-18,US67066G1040,NVDA,2028-06-16,call,130.0,93.74,96.0,96.5,0.567265069580078,3,8
2026-04-18,US67066G1040,NVDA,2028-06-16,call,135.0,92.28,92.85,93.35,0.5611921322631835,1,30
2026-04-18,US67066G1040,NVDA,2028-06-16,call,140.0,89.9,89.8,90.25,0.5554243676757813,5,28
2026-04-18,US67066G1040,NVDA,2028-06-16,call,145.0,81.25,86.75,87.25,0.5496260858154298,3,43
2026-04-18,US67066G1040,NVDA,2028-06-16,call,150.0,83.05,83.85,84.3,0.5444076321411133,16,59
2026-04-18,US67066G1040,NVDA,2028-06-16,call,155.0,80.37,81.0,81.5,0.5396774548339844,1,19
2026-04-18,US67066G1040,NVDA,2028-06-16,call,160.0,77.85,78.25,78.75,0.5351761570739746,20,132
2026-04-18,US67066G1040,NVDA,2028-06-16,call,165.0,74.3,75.55,76.1,0.5308732215881349,1,40
2026-04-18,US67066G1040,NVDA,2028-06-16,call,170.0,73.09,73.05,73.45,0.5270127865600586,15,107
2026-04-18,US67066G1040,NVDA,2028-06-16,call,175.0,70.6,70.5,71.0,0.5233507138061523,2,226
2026-04-18,US67066G1040,NVDA,2028-06-16,call,180.0,66.7,68.05,68.55,0.5196123478698729,1,63
2026-04-18,US67066G1040,NVDA,2028-06-16,call,185.0,63.07,65.7,66.2,0.5163012237548827,18,354
2026-04-18,US67066G1040,NVDA,2028-06-16,call,190.0,62.97,63.45,63.9,0.5131732032775878,16,112
2026-04-18,US67066G1040,NVDA,2028-06-16,call,195.0,60.95,61.25,61.75,0.5104419073486328,2,30
2026-04-18,US67066G1040,NVDA,2028-06-16,call,200.0,59.28,59.15,59.55,0.5074512145996093,191,577
2026-04-18,US67066G1040,NVDA,2028-06-16,call,205.0,56.7,57.1,57.55,0.5050861259460449,31,260
2026-04-18,US67066G1040,NVDA,2028-06-16,call,210.0,55.28,55.1,55.55,0.5024616404724123,6,350
2026-04-18,US67066G1040,NVDA,2028-06-16,call,215.0,52.91,53.2,53.65,0.5002643968200684,91,204
2026-04-18,US67066G1040,NVDA,2028-06-16,call,220.0,50.75,51.4,51.8,0.500005,15,93
2026-04-18,US67066G1040,NVDA,2028-06-16,call,225.0,49.17,49.6,50.0,0.49774672180175783,14,200
2026-04-18,US67066G1040,NVDA,2028-06-16,call,230.0,47.48,47.9,48.3,0.4959462026977539,32,350
2026-04-18,US67066G1040,NVDA,2028-06-16,call,235.0,44.79,46.25,46.65,0.49414568359375005,4,205
2026-04-18,US67066G1040,NVDA,2028-06-16,call,240.0,44.5,44.65,45.05,0.4923604231262208,55,289
2026-04-18,US67066G1040,NVDA,2028-06-16,call,245.0,41.95,43.15,43.5,0.49060567993164067,28,136
2026-04-18,US67066G1040,NVDA,2028-06-16,call,250.0,41.8,41.65,42.05,0.48932395446777355,9,334
2026-04-18,US67066G1040,NVDA,2028-06-16,call,255.0,27.0,40.25,40.65,0.4881032635498047,150,150
2026-04-18,US67066G1040,NVDA,2028-06-16,call,260.0,37.75,38.9,39.25,0.48650110671997077,15,228
2026-04-18,US67066G1040,NVDA,2028-06-16,call,265.0,26.87,37.6,37.95,0.48540248489379884,60,113
2026-04-18,US67066G1040,NVDA,2028-06-16,call,270.0,35.86,36.35,36.7,0.48438015625,1,5
2026-04-18,US67066G1040,NVDA,2028-06-16,call,275.0,33.23,35.15,35.5,0.4834646380615235,2,31
2026-04-18,US67066G1040,NVDA,2028-06-16,call,280.0,33.6,33.95,34.3,0.48221342987060545,2,45
2026-04-18,US67066G1040,NVDA,2028-06-16,call,285.0,30.15,32.85,33.2,0.48151153259277346,1,27
2026-04-18,US67066G1040,NVDA,2028-06-16,call,290.0,31.13,31.8,32.15,0.48093170440673827,1,133
2026-04-18,US67066G1040,NVDA,2028-06-16,call,295.0,26.0,30.75,31.15,0.4804892039489746,1,67
2026-04-18,US67066G1040,NVDA,2028-06-16,call,300.0,29.6,29.8,30.1,0.4793295475769042,8,397
2026-04-18,US67066G1040,NVDA,2028-06-16,call,305.0,24.2,28.85,29.2,0.4791922198486328,1,138
2026-04-18,US67066G1040,NVDA,2028-06-16,call,310.0,26.95,27.95,28.25,0.4783682534790039,1,1858
2026-04-18,US67066G1040,NVDA,2028-06-16,call,315.0,24.08,27.05,27.4,0.4781546325683594,115,151
2026-04-18,US67066G1040,NVDA,2028-06-16,call,320.0,24.85,26.2,26.55,0.47769687347412115,3,199
2026-04-18,US67066G1040,NVDA,2028-06-16,call,325.0,22.53,25.4,25.75,0.4774222180175781,75,361
2026-04-18,US67066G1040,NVDA,2028-06-16,call,330.0,24.35,24.6,24.95,0.4769339416503906,5,1805
2026-04-18,US67066G1040,NVDA,2028-06-16,call,335.0,21.85,23.85,24.2,0.4766592861938477,1,52
2026-04-18,US67066G1040,NVDA,2028-06-16,call,340.0,23.0,23.15,23.45,0.47615575119018555,1,209
2026-04-18,US67066G1040,NVDA,2028-06-16,call,345.0,15.5,22.45,22.75,0.4758963543701171,11,206
2026-04-18,US67066G1040,NVDA,2028-06-16,call,350.0,21.92,21.8,22.1,0.4758963543701171,10,3546
2026-04-18,US67066G1040,NVDA,2028-06-16,put,15.0,0.12,0.05,0.23,0.7334011035156249,1,44
2026-04-18,US67066G1040,NVDA,2028-06-16,put,20.0,0.28,0.13,0.31,0.6865265722656251,1,2
2026-04-18,US67066G1040,NVDA,2028-06-16,put,30.0,0.5,0.38,0.53,0.624027197265625,3,4
2026-04-18,US67066G1040,NVDA,2028-06-16,put,35.0,0.64,0.55,0.7,0.6022988989257814,1,4
2026-04-18,US67066G1040,NVDA,2028-06-16,put,40.0,0.88,0.76,0.9,0.5837443969726561,3,9
2026-04-18,US67066G1040,NVDA,2028-06-16,put,45.0,1.08,0.98,1.14,0.5661664477539063,100,101
2026-04-18,US67066G1040,NVDA,2028-06-16,put,50.0,1.8,1.26,1.41,0.5510298803710938,,60
2026-04-18,US67066G1040,NVDA,2028-06-16,put,55.0,1.73,1.57,1.73,0.5373581420898439,94,107
2026-04-18,US67066G1040,NVDA,2028-06-16,put,65.0,3.67,2.34,2.48,0.5130663928222656,2,2
2026-04-18,US67066G1040,NVDA,2028-06-16,put,70.0,3.0,2.79,2.94,0.5023853472900393,43,49
2026-04-18,US67066G1040,NVDA,2028-06-16,put,75.0,3.52,3.25,3.45,0.4953663745117188,1,201
2026-04-18,US67066G1040,NVDA,2028-06-16,put,80.0,3.9,3.85,4.05,0.48694360717773444,3,231
2026-04-18,US67066G1040,NVDA,2028-06-16,put,85.0,4.73,4.5,4.7,0.4787039434814453,5,27
2026-04-18,US67066G1040,NVDA,2028-06-16,put,90.0,5.4,5.2,5.4,0.4705253143310547,1,161
2026-04-18,US67066G1040,NVDA,2028-06-16,put,95.0,6.05,6.0,6.2,0.4636589279174804,1,32
2026-04-18,US67066G1040,NVDA,2028-06-16,put,100.0,7.1,6.85,7.05,0.4566399551391602,95,117
2026-04-18,US67066G1040,NVDA,2028-06-16,put,105.0,7.9,7.75,8.05,0.4515435705566406,5,725
2026-04-18,US67066G1040,NVDA,2028-06-16,put,110.0,9.07,8.8,9.05,0.44516546051025385,3,224
2026-04-18,US67066G1040,NVDA,2028-06-16,put,115.0,10.37,9.9,10.2,0.4403437313842773,4,20
2026-04-18,US67066G1040,NVDA,2028-06-16,put,120.0,11.3,11.1,11.4,0.43515579498291024,1,3206
2026-04-18,US67066G1040,NVDA,2028-06-16,put,125.0,12.6,12.4,12.65,0.4296626858520508,1,9
2026-04-18,US67066G1040,NVDA,2028-06-16,put,130.0,14.04,13.8,14.05,0.425359750366211,20,3120
2026-04-18,US67066G1040,NVDA,2028-06-16,put,135.0,15.5,15.3,15.55,0.4213619876098633,144,34
2026-04-18,US67066G1040,NVDA,2028-06-16,put,140.0,17.05,16.85,17.1,0.4169675003051757,136,63
2026-04-18,US67066G1040,NVDA,2028-06-16,put,145.0,18.85,18.5,18.75,0.4129087030029296,131,281
2026-04-18,US67066G1040,NVDA,2028-06-16,put,150.0,20.5,20.25,20.5,0.40906352661132805,117,291
2026-04-18,US67066G1040,NVDA,2028-06-16,put,155.0,22.55,22.1,22.35,0.40546248840332033,1,219
2026-04-18,US67066G1040,NVDA,2028-06-16,put,160.0,24.3,24.0,24.25,0.4015257601928711,18,20
2026-04-18,US67066G1040,NVDA,2028-06-16,put,165.0,26.32,26.0,26.3,0.3983214465332031,12,91
2026-04-18,US67066G1040,NVDA,2028-06-16,put,170.0,28.51,28.1,28.4,0.39481196014404296,5,39
2026-04-18,US67066G1040,NVDA,2028-06-16,put,175.0,30.45,30.3,30.6,0.39148557739257805,1,107
2026-04-18,US67066G1040,NVDA,2028-06-16,put,180.0,33.05,32.55,32.85,0.3878540219116211,14,45
2026-04-18,US67066G1040,NVDA,2028-06-16,put,185.0,35.47,34.85,35.25,0.3848938464355468,2,34
2026-04-18,US67066G1040,NVDA,2028-06-16,put,190.0,37.97,37.3,37.7,0.3816590155029296,5,22
2026-04-18,US67066G1040,NVDA,2028-06-16,put,195.0,40.39,39.85,40.2,0.3781647877502441,6,30
2026-04-18,US67066G1040,NVDA,2028-06-16,put,200.0,43.18,42.45,42.9,0.37575392318725587,24,15
2026-04-18,US67066G1040,NVDA,2028-06-16,put,205.0,45.72,45.1,45.6,0.3726411613464356,4,5
2026-04-18,US67066G1040,NVDA,2028-06-16,put,210.0,48.52,47.9,48.35,0.3692995199584961,4,584
2026-04-18,US67066G1040,NVDA,2028-06-16,put,215.0,51.43,50.75,51.2,0.36617149948120115,1,160
2026-04-18,US67066G1040,NVDA,2028-06-16,put,220.0,56.8,53.65,54.15,0.3632570999145508,10,15
2026-04-18,US67066G1040,NVDA,2028-06-16,put,225.0,58.62,56.7,57.2,0.3605563212585449,1,3
2026-04-18,US67066G1040,NVDA,2028-06-16,put,230.0,61.85,59.75,60.25,0.3572451971435546,1,4
2026-04-18,US67066G1040,NVDA,2028-06-16,put,235.0,65.36,62.9,63.45,0.3546054530334472,1,7
2026-04-18,US67066G1040,NVDA,2028-06-16,put,240.0,68.31,66.15,66.65,0.35135536346435536,1,6
2026-04-18,US67066G1040,NVDA,2028-06-16,put,245.0,71.65,69.45,69.95,0.34836467071533206,1,4
2026-04-18,US67066G1040,NVDA,2028-06-16,put,250.0,73.52,72.8,73.35,0.34563337478637696,1,7
2026-04-18,US67066G1040,NVDA,2028-06-16,put,255.0,79.12,76.25,76.8,0.34276475112915034,39,19
2026-04-18,US67066G1040,NVDA,2028-06-16,put,260.0,96.39,79.7,80.3,0.3397587997436523,,5
2026-04-18,US67066G1040,NVDA,2028-06-16,put,265.0,100.42,83.3,83.9,0.33705802108764654,,3
2026-04-18,US67066G1040,NVDA,2028-06-16,put,270.0,102.13,86.95,87.5,0.3338079315185547,2,3
2026-04-18,US67066G1040,NVDA,2028-06-16,put,275.0,108.58,90.65,91.2,0.3308782733154296,6,8
2026-04-18,US67066G1040,NVDA,2028-06-16,put,280.0,110.4,94.35,94.95,0.32784180465698237,2,1
2026-04-18,US67066G1040,NVDA,2028-06-16,put,290.0,120.37,102.05,102.65,0.32199774688720695,,3
2026-04-18,US67066G1040,NVDA,2028-06-16,put,295.0,123.32,105.95,106.55,0.3187018814086914,,1
2026-04-18,US67066G1040,NVDA,2028-06-16,put,300.0,112.17,109.9,110.55,0.315863775024414,1,6
2026-04-18,US67066G1040,NVDA,2028-06-16,put,305.0,126.65,113.95,114.55,0.3124458404541015,131,67
2026-04-18,US67066G1040,NVDA,2028-06-16,put,310.0,118.92,118.0,118.65,0.30951618225097655,3,15
2026-04-18,US67066G1040,NVDA,2028-06-16,put,315.0,133.5,122.15,122.75,0.3060066958618164,3,11
2026-04-18,US67066G1040,NVDA,2028-06-16,put,320.0,133.7,126.3,126.95,0.3030312617492676,3,26
2026-04-18,US67066G1040,NVDA,2028-06-16,put,325.0,138.15,130.5,131.15,0.2994759994506836,3,24
2026-04-18,US67066G1040,NVDA,2028-06-16,put,330.0,136.33,134.75,135.4,0.2958902198791504,3,131
2026-04-18,US67066G1040,NVDA,2028-06-16,put,335.0,140.4,139.1,139.7,0.29230444030761704,6,24
2026-04-18,US67066G1040,NVDA,2028-06-16,put,340.0,144.97,143.4,144.05,0.28876443664550777,3,13
2026-04-18,US67066G1040,NVDA,2028-06-16,put,345.0,148.78,147.8,148.4,0.2845225357055663,6,4
2026-04-18,US67066G1040,NVDA,2028-06-16,put,350.0,153.8,152.2,152.85,0.28104356658935536,3,5
2026-04-18,US67066G1040,NVDA,2028-12-15,call,5.0,194.5,193.6,201.55,1.3608430395507813,42,410
2026-04-18,US67066G1040,NVDA,2028-12-15,call,10.0,191.35,189.0,196.95,1.125004375,22,245
2026-04-18,US67066G1040,NVDA,2028-12-15,call,15.0,186.29,184.7,192.65,1.0429735351562504,1,27
2026-04-18,US67066G1040,NVDA,2028-12-15,call,20.0,182.27,180.3,188.1,0.9631351342773438,1,219
2026-04-18,US67066G1040,NVDA,2028-12-15,call,25.0,166.8,175.95,183.65,0.9073495593261718,1,174
2026-04-18,US67066G1040,NVDA,2028-12-15,call,30.0,173.5,171.0,178.9,0.8313005151367187,1,911
2026-04-18,US67066G1040,NVDA,2028-12-15,call,35.0,170.16,167.3,175.3,0.8359391406249999,2,999
2026-04-18,US67066G1040,NVDA,2028-12-15,call,40.0,166.77,163.1,170.9,0.8023091058349607,5,360
2026-04-18,US67066G1040,NVDA,2028-12-15,call,45.0,162.0,158.9,166.7,0.7755759747314455,10,422
2026-04-18,US67066G1040,NVDA,2028-12-15,call,50.0,157.5,154.75,162.25,0.7467676690673828,11,389
2026-04-18,US67066G1040,NVDA,2028-12-15,call,55.0,142.0,150.75,156.95,0.7086821124267577,3,390
2026-04-18,US67066G1040,NVDA,2028-12-15,call,60.0,147.39,148.25,152.65,0.7106352178955078,11,1395
2026-04-18,US67066G1040,NVDA,2028-12-15,call,65.0,143.61,144.25,148.6,0.6927520959472657,1,387
2026-04-18,US67066G1040,NVDA,2028-12-15,call,70.0,139.7,138.55,146.45,0.6774934594726563,1,646
2026-04-18,US67066G1040,NVDA,2028-12-15,call,75.0,135.65,136.5,140.75,0.663333444824219,2,528
2026-04-18,US67066G1040,NVDA,2028-12-15,call,80.0,133.8,132.7,138.75,0.6687044848632814,15,379
2026-04-18,US67066G1040,NVDA,2028-12-15,call,85.0,130.0,131.0,131.55,0.6422154919433594,1,378
2026-04-18,US67066G1040,NVDA,2028-12-15,call,90.0,126.85,127.3,127.9,0.6309546182250977,2,5564
2026-04-18,US67066G1040,NVDA,2028-12-15,call,95.0,124.0,123.7,124.3,0.6206397799682618,10,1052
2026-04-18,US67066G1040,NVDA,2028-12-15,call,100.0,120.36,120.2,120.8,0.6115151153564455,28,2359
2026-04-18,US67066G1040,NVDA,2028-12-15,call,105.0,116.43,116.75,117.35,0.6026651062011721,4,642
2026-04-18,US67066G1040,NVDA,2028-12-15,call,110.0,113.25,113.4,114.0,0.5948221670532227,4,829
2026-04-18,US67066G1040,NVDA,2028-12-15,call,115.0,109.65,110.15,110.75,0.5878489701843261,1,749
2026-04-18,US67066G1040,NVDA,2028-12-15,call,120.0,106.13,106.95,107.55,0.5809978424072266,2,1542
2026-04-18,US67066G1040,NVDA,2028-12-15,call,125.0,102.7,103.8,104.45,0.5745586978149414,3,405
2026-04-18,US67066G1040,NVDA,2028-12-15,call,130.0,101.07,100.75,101.4,0.5685315364074708,6,733
2026-04-18,US67066G1040,NVDA,2028-12-15,call,135.0,97.44,97.8,98.45,0.5631452377319336,1,248
2026-04-18,US67066G1040,NVDA,2028-12-15,call,140.0,95.15,95.05,95.55,0.5586286813354493,24,4969
2026-04-18,US67066G1040,NVDA,2028-12-15,call,145.0,92.38,92.15,92.75,0.5533186758422851,17,1023
2026-04-18,US67066G1040,NVDA,2028-12-15,call,150.0,89.59,89.4,90.0,0.5485884985351563,30,1724
2026-04-18,US67066G1040,NVDA,2028-12-15,call,155.0,86.85,86.75,87.35,0.5443771148681642,11,591
2026-04-18,US67066G1040,NVDA,2028-12-15,call,160.0,84.27,84.15,84.75,0.5401809898376466,8,1832
2026-04-18,US67066G1040,NVDA,2028-12-15,call,165.0,81.45,81.75,82.2,0.5367172793579101,12,1247
2026-04-18,US67066G1040,NVDA,2028-12-15,call,170.0,78.92,79.2,79.8,0.5327958097839354,66,3459
2026-04-18,US67066G1040,NVDA,2028-12-15,call,175.0,77.0,76.85,77.45,0.5295762374877931,67,2675
2026-04-18,US67066G1040,NVDA,2028-12-15,call,180.0,74.74,74.55,75.15,0.5263566651916505,126,4783
2026-04-18,US67066G1040,NVDA,2028-12-15,call,185.0,72.55,72.35,72.9,0.5233812310791015,114,6075
2026-04-18,US67066G1040,NVDA,2028-12-15,call,190.0,70.4,70.15,70.7,0.5202074346923828,58,5302
2026-04-18,US67066G1040,NVDA,2028-12-15,call,195.0,68.15,68.1,68.65,0.5179186392211915,76,1484
2026-04-18,US67066G1040,NVDA,2028-12-15,call,200.0,66.21,66.2,66.55,0.51562984375,2745,10305
2026-04-18,US67066G1040,NVDA,2028-12-15,call,205.0,64.2,64.05,64.55,0.5123339782714844,277,1920
2026-04-18,US67066G1040,NVDA,2028-12-15,call,210.0,62.3,62.15,62.65,0.5101214759826662,67,4459
2026-04-18,US67066G1040,NVDA,2028-12-15,call,215.0,60.5,60.3,60.8,0.5079394909667969,116,1005
2026-04-18,US67066G1040,NVDA,2028-12-15,call,220.0,58.55,58.5,59.0,0.5058032818603515,400,2522
2026-04-18,US67066G1040,NVDA,2028-12-15,call,225.0,56.9,56.75,57.3,0.5039264695739747,92,389
2026-04-18,US67066G1040,NVDA,2028-12-15,call,230.0,55.2,55.1,55.6,0.5020954331970215,192,2438
2026-04-18,US67066G1040,NVDA,2028-12-15,call,235.0,53.1,53.45,53.95,0.5001423277282715,50,572
2026-04-18,US67066G1040,NVDA,2028-12-15,call,240.0,52.11,51.9,52.25,0.49942517181396484,164,2877
2026-04-18,US67066G1040,NVDA,2028-12-15,call,245.0,50.6,50.4,50.85,0.49878430908203125,205,954
2026-04-18,US67066G1040,NVDA,2028-12-15,call,250.0,49.07,48.9,49.4,0.4974415490722657,262,11441
2026-04-18,US67066G1040,NVDA,2028-12-15,call,255.0,47.55,47.5,48.0,0.4961903408813477,56,628
2026-04-18,US67066G1040,NVDA,2028-12-15,call,260.0,45.9,46.15,46.6,0.4946492185974121,85,2873
2026-04-18,US67066G1040,NVDA,2028-12-15,call,265.0,45.04,44.85,45.3,0.49361163131713875,75,512
2026-04-18,US67066G1040,NVDA,2028-12-15,call,270.0,43.7,43.55,44.0,0.49229938858032235,66,2148
2026-04-18,US67066G1040,NVDA,2028-12-15,call,275.0,42.0,42.35,42.8,0.4915059394836426,2,369
2026-04-18,US67066G1040,NVDA,2028-12-15,call,280.0,41.42,41.25,41.6,0.49043783493042,83,2010
2026-04-18,US67066G1040,NVDA,2028-12-15,call,285.0,38.75,40.05,40.45,0.48952231674194346,5,2400
2026-04-18,US67066G1040,NVDA,2028-12-15,call,290.0,38.83,39.05,39.4,0.4891255921936036,45,3552
2026-04-18,US67066G1040,NVDA,2028-12-15,call,295.0,37.55,38.0,38.35,0.48849998809814466,25,171
2026-04-18,US67066G1040,NVDA,2028-12-15,call,300.0,37.12,36.95,37.25,0.4872640385437012,52,11906
2026-04-18,US67066G1040,NVDA,2028-12-15,call,310.0,35.11,35.05,35.4,0.48683679672241215,35,1640
2026-04-18,US67066G1040,NVDA,2028-12-15,call,320.0,33.37,33.25,33.6,0.48599757171630864,31,1968
2026-04-18,US67066G1040,NVDA,2028-12-15,call,330.0,31.72,31.55,31.95,0.48553981262207035,208,6838
2026-04-18,US67066G1040,NVDA,2028-12-15,call,340.0,30.12,30.0,30.4,0.4851430880737304,24,1978
2026-04-18,US67066G1040,NVDA,2028-12-15,call,350.0,28.8,28.55,28.95,0.4848684326171875,54,3471
2026-04-18,US67066G1040,NVDA,2028-12-15,call,360.0,27.3,27.2,27.55,0.48434963897705086,6,2281
2026-04-18,US67066G1040,NVDA,2028-12-15,call,370.0,25.9,25.9,26.25,0.48402920761108403,102,5665
2026-04-18,US67066G1040,NVDA,2028-12-15,call,380.0,24.85,24.7,25.0,0.4835409312438966,369,16723
2026-04-18,US67066G1040,NVDA,2028-12-15,put,5.0,0.08,0.04,0.07,0.87500125,29,2002
2026-04-18,US67066G1040,NVDA,2028-12-15,put,10.0,0.08,0.03,0.19,0.7509790527343749,10,794
2026-04-18,US67066G1040,NVDA,2028-12-15,put,15.0,0.26,0.12,0.3,0.6962920996093751,42,953
2026-04-18,US67066G1040,NVDA,2028-12-15,put,20.0,0.3,0.29,0.4,0.659183095703125,1,1139
2026-04-18,US67066G1040,NVDA,2028-12-15,put,25.0,0.54,0.41,0.56,0.624027197265625,101,666
2026-04-18,US67066G1040,NVDA,2028-12-15,put,30.0,0.75,0.63,0.76,0.6020547607421877,11,280
2026-04-18,US67066G1040,NVDA,2028-12-15,put,35.0,0.97,0.82,1.01,0.5795940478515625,7,285
2026-04-18,US67066G1040,NVDA,2028-12-15,put,40.0,1.21,1.11,1.3,0.5632367895507813,10,283
2026-04-18,US67066G1040,NVDA,2028-12-15,put,45.0,1.58,1.44,1.62,0.547978153076172,2,130
2026-04-18,US67066G1040,NVDA,2028-12-15,put,50.0,1.9,1.85,1.96,0.5344284838867188,15,2395
2026-04-18,US67066G1040,NVDA,2028-12-15,put,55.0,2.39,2.22,2.41,0.5214281256103515,100,187
2026-04-18,US67066G1040,NVDA,2028-12-15,put,60.0,2.78,2.69,2.88,0.5100146655273439,10,226
2026-04-18,US67066G1040,NVDA,2028-12-15,put,65.0,3.55,3.15,3.4,0.5029346582031251,1,180
2026-04-18,US67066G1040,NVDA,2028-12-15,put,70.0,3.95,3.8,4.0,0.49341326904296884,70,567
2026-04-18,US67066G1040,NVDA,2028-12-15,put,75.0,4.45,4.4,4.65,0.4842580871582032,1,1343
2026-04-18,US67066G1040,NVDA,2028-12-15,put,80.0,5.25,5.1,5.35,0.4754080780029296,11,1100
2026-04-18,US67066G1040,NVDA,2028-12-15,put,85.0,6.25,5.9,6.15,0.46802289794921875,7,715
2026-04-18,US67066G1040,NVDA,2028-12-15,put,90.0,7.05,6.75,7.0,0.4606377178955079,13,1206
2026-04-18,US67066G1040,NVDA,2028-12-15,put,95.0,7.87,7.7,7.9,0.4532830551147461,7,1304
2026-04-18,US67066G1040,NVDA,2028-12-15,put,100.0,8.8,8.7,8.95,0.44778994598388666,20,2098
2026-04-18,US67066G1040,NVDA,2028-12-15,put,105.0,10.05,9.8,10.05,0.4421137332153321,1,1812
2026-04-18,US67066G1040,NVDA,2028-12-15,put,110.0,11.2,10.95,11.25,0.4370478659057617,15,1950
2026-04-18,US67066G1040,NVDA,2028-12-15,put,115.0,12.5,12.25,12.55,0.43247027496337886,8,5076
2026-04-18,US67066G1040,NVDA,2028-12-15,put,120.0,13.7,13.6,13.95,0.4283504431152344,77,9535
2026-04-18,US67066G1040,NVDA,2028-12-15,put,125.0,15.15,15.05,15.3,0.4226131958007812,28,1467
2026-04-18,US67066G1040,NVDA,2028-12-15,put,130.0,16.75,16.55,16.85,0.41864595031738283,51,13571
2026-04-18,US67066G1040,NVDA,2028-12-15,put,135.0,18.5,18.1,18.55,0.41557896438598635,5,1927
2026-04-18,US67066G1040,NVDA,2028-12-15,put,140.0,20.06,19.8,20.2,0.41106240798950194,1,3649
2026-04-18,US67066G1040,NVDA,2028-12-15,put,145.0,21.88,21.65,21.95,0.40691205886840826,21,522
2026-04-18,US67066G1040,NVDA,2028-12-15,put,150.0,23.8,23.55,23.85,0.4035856761169434,139,6500
2026-04-18,US67066G1040,NVDA,2028-12-15,put,155.0,25.6,25.45,25.75,0.3995116201782227,106,1083
2026-04-18,US67066G1040,NVDA,2028-12-15,put,160.0,27.65,27.4,27.8,0.39621575469970705,27,1845
2026-04-18,US67066G1040,NVDA,2028-12-15,put,165.0,29.85,29.5,29.9,0.3927062683105469,17,2382
2026-04-18,US67066G1040,NVDA,2028-12-15,put,170.0,32.1,31.75,32.1,0.38944092010498044,8,1504
2026-04-18,US67066G1040,NVDA,2028-12-15,put,175.0,34.3,34.05,34.4,0.3864349687194824,17,2897
2026-04-18,US67066G1040,NVDA,2028-12-15,put,180.0,36.8,36.3,36.7,0.38278815460205073,48,8846
2026-04-18,US67066G1040,NVDA,2028-12-15,put,185.0,39.08,38.7,39.15,0.37982797912597654,1,3434
2026-04-18,US67066G1040,NVDA,2028-12-15,put,190.0,41.65,41.25,41.65,0.376684700012207,77,2989
2026-04-18,US67066G1040,NVDA,2028-12-15,put,195.0,44.4,43.8,44.2,0.3733888345336914,66,3994
2026-04-18,US67066G1040,NVDA,2028-12-15,put,200.0,46.95,46.4,46.95,0.3711305563354492,217,7676
2026-04-18,US67066G1040,NVDA,2028-12-15,put,205.0,50.04,49.15,49.55,0.36713279357910156,4,1777
2026-04-18,US67066G1040,NVDA,2028-12-15,put,210.0,52.13,51.95,52.5,0.36534753311157225,54,3795
2026-04-18,US67066G1040,NVDA,2028-12-15,put,215.0,55.0,54.75,55.25,0.3614870980834961,20,88
2026-04-18,US67066G1040,NVDA,2028-12-15,put,220.0,58.29,57.75,58.15,0.3582675257873535,48,3352
2026-04-18,US67066G1040,NVDA,2028-12-15,put,225.0,61.5,60.7,61.15,0.3553226089477538,5,918
2026-04-18,US67066G1040,NVDA,2028-12-15,put,230.0,65.52,63.7,64.3,0.3530185548400879,12,3215
2026-04-18,US67066G1040,NVDA,2028-12-15,put,235.0,68.35,66.85,67.45,0.35024148300170893,2,315
2026-04-18,US67066G1040,NVDA,2028-12-15,put,240.0,71.4,70.05,70.65,0.3473423420715332,13,792
2026-04-18,US67066G1040,NVDA,2028-12-15,put,245.0,73.65,73.3,73.9,0.3443669079589844,1,742
2026-04-18,US67066G1040,NVDA,2028-12-15,put,250.0,77.35,76.6,77.25,0.34168138793945313,2,504
2026-04-18,US67066G1040,NVDA,2028-12-15,put,255.0,80.88,80.0,80.65,0.3389043161010742,1,59
2026-04-18,US67066G1040,NVDA,2028-12-15,put,260.0,83.82,83.4,84.1,0.3360662097167969,1,1293
2026-04-18,US67066G1040,NVDA,2028-12-15,put,265.0,87.38,86.95,87.65,0.3335485346984864,6,151
2026-04-18,US67066G1040,NVDA,2028-12-15,put,270.0,90.9,90.5,91.2,0.3305883592224121,1,490
2026-04-18,US67066G1040,NVDA,2028-12-15,put,275.0,96.55,94.1,94.85,0.3279791323852539,1,191
2026-04-18,US67066G1040,NVDA,2028-12-15,put,280.0,98.5,97.8,98.5,0.3249121464538574,1,973
2026-04-18,US67066G1040,NVDA,2028-12-15,put,285.0,101.96,101.55,102.25,0.32221136779785153,3,149
2026-04-18,US67066G1040,NVDA,2028-12-15,put,290.0,105.75,105.3,106.05,0.31948007186889643,1,952
2026-04-18,US67066G1040,NVDA,2028-12-15,put,295.0,112.99,109.2,109.9,0.31674877593994133,1,414
2026-04-18,US67066G1040,NVDA,2028-12-15,put,300.0,113.5,113.05,113.8,0.3139869627380371,37,5415
2026-04-18,US67066G1040,NVDA,2028-12-15,put,310.0,126.05,121.0,121.75,0.30847859497070307,2,1191
2026-04-18,US67066G1040,NVDA,2028-12-15,put,320.0,130.43,129.1,129.85,0.3025582440185547,2,996
2026-04-18,US67066G1040,NVDA,2028-12-15,put,330.0,138.75,137.4,138.15,0.2967599621582031,2,2903
2026-04-18,US67066G1040,NVDA,2028-12-15,put,340.0,149.26,145.85,146.6,0.2906565075683593,4,735
2026-04-18,US67066G1040,NVDA,2028-12-15,put,350.0,155.1,154.45,155.2,0.28424788024902337,1,4282
2026-04-18,US67066G1040,NVDA,2028-12-15,put,360.0,163.68,163.25,163.75,0.27494011199951174,16,746
2026-04-18,US67066G1040,NVDA,2028-12-15,put,370.0,173.15,172.1,172.85,0.27078976287841794,2,939
2026-04-18,US67066G1040,NVDA,2028-12-15,put,380.0,182.2,181.15,181.85,0.2630383755493164,11,643
