date,isin,ticker,price
2022-05-02,CH0012005267,NOVN.SW,71.1473
2022-07-01,CH0012005267,NOVN.SW,66.9289
2022-09-01,CH0012005267,NOVN.SW,61.8669
2022-10-03,CH0012005267,NOVN.SW,66.2654
2023-01-03,CH0012005267,NOVN.SW,67.5432
2023-07-03,CH0012005267,NOVN.SW,77.9438
2023-08-02,CH0012005267,NOVN.SW,76.4375
2023-10-02,CH0012005267,NOVN.SW,76.3406
2024-01-03,CH0012005267,NOVN.SW,80.7292
2024-02-01,CH0012005267,NOVN.SW,80.8105
2024-05-02,CH0012005267,NOVN.SW,87.2972
2024-07-01,CH0012005267,NOVN.SW,92.3662
2024-09-02,CH0012005267,NOVN.SW,91.0263
2024-10-01,CH0012005267,NOVN.SW,87.8875
2025-03-03,CH0012005267,NOVN.SW,94.9509
2025-09-01,CH0012005267,NOVN.SW,97.1635
2026-01-05,CH0012005267,NOVN.SW,111.2354
2026-03-02,CH0012005267,NOVN.SW,120.86
2020-04-27,CH0012032048,RHHVF.US,294.2108
2020-04-28,CH0012032048,RHHVF.US,299.758
2020-04-29,CH0012032048,RHHVF.US,286.2145
2020-04-30,CH0012032048,RHHVF.US,283.7079
2020-05-01,CH0012032048,RHHVF.US,280.2399
2020-05-04,CH0012032048,RHHVF.US,291.2769
2020-05-05,CH0012032048,RHHVF.US,285.7871
2020-05-06,CH0012032048,RHHVF.US,291.055
2020-05-07,CH0012032048,RHHVF.US,286.7322
2020-05-08,CH0012032048,RHHVF.US,290.7838
2020-05-11,CH0012032048,RHHVF.US,289.4442
2020-05-12,CH0012032048,RHHVF.US,295.69
2020-05-13,CH0012032048,RHHVF.US,292.1562
2020-05-14,CH0012032048,RHHVF.US,296.5776
2020-05-15,CH0012032048,RHHVF.US,298.2788
2020-05-18,CH0012032048,RHHVF.US,295.7311
2020-05-19,CH0012032048,RHHVF.US,297.3337
2020-05-20,CH0012032048,RHHVF.US,297.8268
2020-05-21,CH0012032048,RHHVF.US,291.4166
2020-05-22,CH0012032048,RHHVF.US,290.1017
2020-05-26,CH0012032048,RHHVF.US,291.7453
2020-05-27,CH0012032048,RHHVF.US,281.637
2020-05-28,CH0012032048,RHHVF.US,288.0471
2020-05-29,CH0012032048,RHHVF.US,285.0681
2020-06-01,CH0012032048,RHHVF.US,286.8144
2020-06-02,CH0012032048,RHHVF.US,283.1162
2020-06-03,CH0012032048,RHHVF.US,289.0744
2020-06-04,CH0012032048,RHHVF.US,287.4472
2020-06-05,CH0012032048,RHHVF.US,287.3568
2020-06-08,CH0012032048,RHHVF.US,279.4263
2020-06-09,CH0012032048,RHHVF.US,285.3351
2020-06-10,CH0012032048,RHHVF.US,288.869
2020-06-11,CH0012032048,RHHVF.US,279.4181
2020-06-12,CH0012032048,RHHVF.US,281.3822
2020-06-15,CH0012032048,RHHVF.US,282.6231
2020-06-16,CH0012032048,RHHVF.US,279.4263
2020-06-17,CH0012032048,RHHVF.US,294.2026
2020-06-18,CH0012032048,RHHVF.US,290.9564
2020-06-19,CH0012032048,RHHVF.US,295.0326
2020-06-22,CH0012032048,RHHVF.US,295.0326
2020-06-23,CH0012032048,RHHVF.US,295.8544
2020-06-24,CH0012032048,RHHVF.US,286.9459
2020-06-25,CH0012032048,RHHVF.US,292.978
2020-06-26,CH0012032048,RHHVF.US,288.6782
2020-06-29,CH0012032048,RHHVF.US,281.9164
2020-06-30,CH0012032048,RHHVF.US,282.7464
2020-07-01,CH0012032048,RHHVF.US,287.6362
2020-07-02,CH0012032048,RHHVF.US,290.1017
2020-07-06,CH0012032048,RHHVF.US,291.3508
2020-07-07,CH0012032048,RHHVF.US,286.8144
2020-07-08,CH0012032048,RHHVF.US,287.6362
2020-07-09,CH0012032048,RHHVF.US,289.5511
2020-07-10,CH0012032048,RHHVF.US,292.4192
2020-07-13,CH0012032048,RHHVF.US,290.4584
2020-07-14,CH0012032048,RHHVF.US,288.9758
2020-07-15,CH0012032048,RHHVF.US,289.2799
2020-07-16,CH0012032048,RHHVF.US,293.7423
2020-07-17,CH0012032048,RHHVF.US,297.6871
2020-07-20,CH0012032048,RHHVF.US,304.1548
2020-07-21,CH0012032048,RHHVF.US,297.7528
2020-07-22,CH0012032048,RHHVF.US,303.2508
2020-07-23,CH0012032048,RHHVF.US,289.2799
2020-07-24,CH0012032048,RHHVF.US,287.2171
2020-07-27,CH0012032048,RHHVF.US,287.628
2020-07-28,CH0012032048,RHHVF.US,286.8144
2020-07-29,CH0012032048,RHHVF.US,292.1562
2020-07-30,CH0012032048,RHHVF.US,290.5126
2020-07-31,CH0012032048,RHHVF.US,281.4726
2020-08-03,CH0012032048,RHHVF.US,291.2522
2020-08-04,CH0012032048,RHHVF.US,285.179
2020-08-05,CH0012032048,RHHVF.US,287.4308
2020-08-06,CH0012032048,RHHVF.US,287.4719
2020-08-07,CH0012032048,RHHVF.US,281.1028
2020-08-10,CH0012032048,RHHVF.US,283.2888
2020-08-11,CH0012032048,RHHVF.US,277.7252
2020-08-12,CH0012032048,RHHVF.US,284.4558
2020-08-13,CH0012032048,RHHVF.US,283.5107
2020-08-14,CH0012032048,RHHVF.US,278.7606
2020-08-17,CH0012032048,RHHVF.US,283.9463
2020-08-18,CH0012032048,RHHVF.US,285.9926
2020-08-19,CH0012032048,RHHVF.US,282.0479
2020-08-20,CH0012032048,RHHVF.US,292.5671
2020-08-21,CH0012032048,RHHVF.US,287.7924
2020-08-24,CH0012032048,RHHVF.US,287.8252
2020-08-25,CH0012032048,RHHVF.US,285.9926
2020-08-26,CH0012032048,RHHVF.US,291.2892
2020-08-27,CH0012032048,RHHVF.US,289.321
2020-08-28,CH0012032048,RHHVF.US,287.513
2020-08-31,CH0012032048,RHHVF.US,287.6362
2020-09-01,CH0012032048,RHHVF.US,289.6908
2020-09-02,CH0012032048,RHHVF.US,296.6762
2020-09-03,CH0012032048,RHHVF.US,285.3105
2020-09-04,CH0012032048,RHHVF.US,288.0882
2020-09-08,CH0012032048,RHHVF.US,286.9788
2020-09-09,CH0012032048,RHHVF.US,294.4162
2020-09-10,CH0012032048,RHHVF.US,294.6135
2020-09-11,CH0012032048,RHHVF.US,295.4764
2020-09-14,CH0012032048,RHHVF.US,295.8873
2020-09-15,CH0012032048,RHHVF.US,301.8208
2020-09-16,CH0012032048,RHHVF.US,300.7853
2020-09-17,CH0012032048,RHHVF.US,303.9329
2020-09-18,CH0012032048,RHHVF.US,306.3737
2020-09-21,CH0012032048,RHHVF.US,300.6949
2020-09-22,CH0012032048,RHHVF.US,300.3744
2020-09-23,CH0012032048,RHHVF.US,294.145
2020-09-24,CH0012032048,RHHVF.US,291.2194
2020-09-25,CH0012032048,RHHVF.US,296.6762
2020-09-28,CH0012032048,RHHVF.US,290.0688
2020-09-29,CH0012032048,RHHVF.US,285.3351
2020-09-30,CH0012032048,RHHVF.US,282.7053
2020-10-01,CH0012032048,RHHVF.US,280.2399
2020-10-02,CH0012032048,RHHVF.US,283.5271
2020-10-05,CH0012032048,RHHVF.US,289.1155
2020-10-06,CH0012032048,RHHVF.US,282.9272
2020-10-07,CH0012032048,RHHVF.US,282.2944
2020-10-08,CH0012032048,RHHVF.US,280.2399
2020-10-09,CH0012032048,RHHVF.US,288.458
2020-10-12,CH0012032048,RHHVF.US,288.1622
2020-10-13,CH0012032048,RHHVF.US,287.3075
2020-10-14,CH0012032048,RHHVF.US,284.7023
2020-10-15,CH0012032048,RHHVF.US,280.0755
2020-10-16,CH0012032048,RHHVF.US,281.3082
2020-10-19,CH0012032048,RHHVF.US,277.5197
2020-10-20,CH0012032048,RHHVF.US,275.8842
2020-10-21,CH0012032048,RHHVF.US,271.1999
2020-10-22,CH0012032048,RHHVF.US,270.2301
2020-10-23,CH0012032048,RHHVF.US,268.9892
2020-10-26,CH0012032048,RHHVF.US,271.2327
2020-10-27,CH0012032048,RHHVF.US,271.1999
2020-10-28,CH0012032048,RHHVF.US,263.4337
2020-10-29,CH0012032048,RHHVF.US,268.5701
2020-10-30,CH0012032048,RHHVF.US,261.8229
2020-11-02,CH0012032048,RHHVF.US,270.4356
2020-11-03,CH0012032048,RHHVF.US,275.95
2020-11-04,CH0012032048,RHHVF.US,284.349
2020-11-05,CH0012032048,RHHVF.US,286.8226
2020-11-06,CH0012032048,RHHVF.US,292.0576
2020-11-09,CH0012032048,RHHVF.US,275.4733
2020-11-10,CH0012032048,RHHVF.US,277.3635
2020-11-11,CH0012032048,RHHVF.US,277.117
2020-11-12,CH0012032048,RHHVF.US,280.7083
2020-11-13,CH0012032048,RHHVF.US,279.0071
2020-11-16,CH0012032048,RHHVF.US,279.0071
2020-11-17,CH0012032048,RHHVF.US,277.4128
2020-11-18,CH0012032048,RHHVF.US,276.3116
2020-11-19,CH0012032048,RHHVF.US,275.4733
2020-11-20,CH0012032048,RHHVF.US,273.2873
2020-11-23,CH0012032048,RHHVF.US,268.9399
2020-11-24,CH0012032048,RHHVF.US,269.4823
2020-11-25,CH0012032048,RHHVF.US,269.4823
2020-11-27,CH0012032048,RHHVF.US,272.8435
2020-11-30,CH0012032048,RHHVF.US,269.4823
2020-12-01,CH0012032048,RHHVF.US,273.1065
2020-12-02,CH0012032048,RHHVF.US,275.309
2020-12-03,CH0012032048,RHHVF.US,276.3362
2020-12-04,CH0012032048,RHHVF.US,276.9476
2020-12-07,CH0012032048,RHHVF.US,276.5417
2020-12-08,CH0012032048,RHHVF.US,280.0591
2020-12-09,CH0012032048,RHHVF.US,282.7053
2020-12-10,CH0012032048,RHHVF.US,283.5271
2020-12-11,CH0012032048,RHHVF.US,281.8835
2020-12-14,CH0012032048,RHHVF.US,286.157
2020-12-15,CH0012032048,RHHVF.US,281.1932
2020-12-16,CH0012032048,RHHVF.US,287.6362
2020-12-17,CH0012032048,RHHVF.US,283.5271
2020-12-18,CH0012032048,RHHVF.US,286.2391
2020-12-21,CH0012032048,RHHVF.US,282.9108
2020-12-22,CH0012032048,RHHVF.US,282.4095
2020-12-23,CH0012032048,RHHVF.US,277.7744
2020-12-24,CH0012032048,RHHVF.US,276.2951
2020-12-28,CH0012032048,RHHVF.US,282.7053
2020-12-29,CH0012032048,RHHVF.US,286.8144
2020-12-30,CH0012032048,RHHVF.US,286.2391
2020-12-31,CH0012032048,RHHVF.US,278.5962
2021-01-04,CH0012032048,RHHVF.US,288.0915
2021-01-05,CH0012032048,RHHVF.US,289.5091
2021-01-06,CH0012032048,RHHVF.US,281.9164
2021-01-07,CH0012032048,RHHVF.US,275.309
2021-01-08,CH0012032048,RHHVF.US,283.7326
2021-01-11,CH0012032048,RHHVF.US,287.7759
2021-01-12,CH0012032048,RHHVF.US,290.4099
2021-01-13,CH0012032048,RHHVF.US,285.2036
2021-01-14,CH0012032048,RHHVF.US,287.4719
2021-01-15,CH0012032048,RHHVF.US,288.8772
2021-01-19,CH0012032048,RHHVF.US,292.8055
2021-01-20,CH0012032048,RHHVF.US,294.9668
2021-01-21,CH0012032048,RHHVF.US,295.1723
2021-01-22,CH0012032048,RHHVF.US,295.8544
2021-01-25,CH0012032048,RHHVF.US,299.7991
2021-01-26,CH0012032048,RHHVF.US,298.928
2021-01-27,CH0012032048,RHHVF.US,297.8103
2021-01-28,CH0012032048,RHHVF.US,292.4439
2021-01-29,CH0012032048,RHHVF.US,280.1659
2021-02-01,CH0012032048,RHHVF.US,285.6392
2021-02-02,CH0012032048,RHHVF.US,285.5735
2021-02-03,CH0012032048,RHHVF.US,283.6011
2021-02-04,CH0012032048,RHHVF.US,286.8144
2021-02-05,CH0012032048,RHHVF.US,282.9519
2021-02-08,CH0012032048,RHHVF.US,287.6034
2021-02-09,CH0012032048,RHHVF.US,286.8144
2021-02-10,CH0012032048,RHHVF.US,289.4442
2021-02-11,CH0012032048,RHHVF.US,283.182
2021-02-12,CH0012032048,RHHVF.US,289.9784
2021-02-16,CH0012032048,RHHVF.US,284.349
2021-02-17,CH0012032048,RHHVF.US,279.6235
2021-02-18,CH0012032048,RHHVF.US,279.5002
2021-02-19,CH0012032048,RHHVF.US,277.7744
2021-02-22,CH0012032048,RHHVF.US,275.1775
2021-02-23,CH0012032048,RHHVF.US,274.4871
2021-02-24,CH0012032048,RHHVF.US,271.1999
2021-02-25,CH0012032048,RHHVF.US,265.9485
2021-02-26,CH0012032048,RHHVF.US,270.2835
2021-03-01,CH0012032048,RHHVF.US,271.6108
2021-03-02,CH0012032048,RHHVF.US,272.4326
2021-03-03,CH0012032048,RHHVF.US,268.8741
2021-03-04,CH0012032048,RHHVF.US,267.6414
2021-03-05,CH0012032048,RHHVF.US,262.5872
2021-03-08,CH0012032048,RHHVF.US,267.0579
2021-03-09,CH0012032048,RHHVF.US,270.7972
2021-03-10,CH0012032048,RHHVF.US,274.2324
2021-03-11,CH0012032048,RHHVF.US,272.1203
2021-03-12,CH0012032048,RHHVF.US,279.5002
2021-03-15,CH0012032048,RHHVF.US,274.9063
2021-03-16,CH0012032048,RHHVF.US,280.9384
2021-03-17,CH0012032048,RHHVF.US,280.018
2021-03-18,CH0012032048,RHHVF.US,279.4933
2021-03-19,CH0012032048,RHHVF.US,277.5975
2021-03-22,CH0012032048,RHHVF.US,283.6911
2021-03-23,CH0012032048,RHHVF.US,280.3015
2021-03-24,CH0012032048,RHHVF.US,276.5819
2021-03-25,CH0012032048,RHHVF.US,276.8358
2021-03-26,CH0012032048,RHHVF.US,271.2584
2021-03-29,CH0012032048,RHHVF.US,277.5975
2021-03-30,CH0012032048,RHHVF.US,270.8353
2021-03-31,CH0012032048,RHHVF.US,276.3195
2021-04-01,CH0012032048,RHHVF.US,276.7427
2021-04-05,CH0012032048,RHHVF.US,281.4567
2021-04-06,CH0012032048,RHHVF.US,277.1066
2021-04-07,CH0012032048,RHHVF.US,276.8273
2021-04-08,CH0012032048,RHHVF.US,279.3071
2021-04-09,CH0012032048,RHHVF.US,281.406
2021-04-12,CH0012032048,RHHVF.US,280.1365
2021-04-13,CH0012032048,RHHVF.US,278.5115
2021-04-14,CH0012032048,RHHVF.US,281.9815
2021-04-15,CH0012032048,RHHVF.US,282.2523
2021-04-16,CH0012032048,RHHVF.US,281.8291
2021-04-19,CH0012032048,RHHVF.US,283.945
2021-04-20,CH0012032048,RHHVF.US,286.6702
2021-04-21,CH0012032048,RHHVF.US,294.5241
2021-04-22,CH0012032048,RHHVF.US,289.4461
2021-04-23,CH0012032048,RHHVF.US,284.3681
2021-04-26,CH0012032048,RHHVF.US,281.8291
2021-04-27,CH0012032048,RHHVF.US,280.9828
2021-04-28,CH0012032048,RHHVF.US,281.8291
2021-04-29,CH0012032048,RHHVF.US,277.5975
2021-04-30,CH0012032048,RHHVF.US,277.5975
2021-05-03,CH0012032048,RHHVF.US,279.0447
2021-05-04,CH0012032048,RHHVF.US,273.9582
2021-05-05,CH0012032048,RHHVF.US,269.5573
2021-05-06,CH0012032048,RHHVF.US,280.6781
2021-05-07,CH0012032048,RHHVF.US,281.8291
2021-05-10,CH0012032048,RHHVF.US,285.2145
2021-05-11,CH0012032048,RHHVF.US,280.9828
2021-05-12,CH0012032048,RHHVF.US,283.3525
2021-05-13,CH0012032048,RHHVF.US,275.5239
2021-05-14,CH0012032048,RHHVF.US,284.8929
2021-05-17,CH0012032048,RHHVF.US,287.7535
2021-05-18,CH0012032048,RHHVF.US,284.1989
2021-05-19,CH0012032048,RHHVF.US,284.9726
2021-05-20,CH0012032048,RHHVF.US,291.7312
2021-05-21,CH0012032048,RHHVF.US,291.9851
2021-05-24,CH0012032048,RHHVF.US,284.1989
2021-05-25,CH0012032048,RHHVF.US,296.2167
2021-05-26,CH0012032048,RHHVF.US,297.2577
2021-05-27,CH0012032048,RHHVF.US,292.8823
2021-05-28,CH0012032048,RHHVF.US,287.7535
2021-06-01,CH0012032048,RHHVF.US,286.9749
2021-06-02,CH0012032048,RHHVF.US,292.4252
2021-06-03,CH0012032048,RHHVF.US,280.5596
2021-06-04,CH0012032048,RHHVF.US,299.2805
2021-06-07,CH0012032048,RHHVF.US,308.9118
2021-06-08,CH0012032048,RHHVF.US,312.2124
2021-06-09,CH0012032048,RHHVF.US,320.6081
2021-06-10,CH0012032048,RHHVF.US,317.5444
2021-06-11,CH0012032048,RHHVF.US,321.6068
2021-06-14,CH0012032048,RHHVF.US,328.8006
2021-06-15,CH0012032048,RHHVF.US,317.5444
2021-06-16,CH0012032048,RHHVF.US,324.9921
2021-06-17,CH0012032048,RHHVF.US,318.2216
2021-06-18,CH0012032048,RHHVF.US,318.1369
2021-06-21,CH0012032048,RHHVF.US,321.6068
2021-06-22,CH0012032048,RHHVF.US,317.5444
2021-06-23,CH0012032048,RHHVF.US,321.6067
2021-06-24,CH0012032048,RHHVF.US,309.6566
2021-06-25,CH0012032048,RHHVF.US,309.5973
2021-06-28,CH0012032048,RHHVF.US,313.1435
2021-06-29,CH0012032048,RHHVF.US,311.7893
2021-06-30,CH0012032048,RHHVF.US,312.2972
2021-07-01,CH0012032048,RHHVF.US,320.7351
2021-07-02,CH0012032048,RHHVF.US,321.4376
2021-07-06,CH0012032048,RHHVF.US,313.1436
2021-07-07,CH0012032048,RHHVF.US,325.8385
2021-07-08,CH0012032048,RHHVF.US,325.2037
2021-07-09,CH0012032048,RHHVF.US,315.4286
2021-07-12,CH0012032048,RHHVF.US,327.3788
2021-07-13,CH0012032048,RHHVF.US,326.7865
2021-07-14,CH0012032048,RHHVF.US,329.7232
2021-07-15,CH0012032048,RHHVF.US,322.377
2021-07-16,CH0012032048,RHHVF.US,328.771
2021-07-19,CH0012032048,RHHVF.US,323.0626
2021-07-20,CH0012032048,RHHVF.US,324.8567
2021-07-21,CH0012032048,RHHVF.US,327.108
2021-07-22,CH0012032048,RHHVF.US,316.9689
2021-07-23,CH0012032048,RHHVF.US,313.3552
2021-07-26,CH0012032048,RHHVF.US,322.1146
2021-07-27,CH0012032048,RHHVF.US,312.3056
2021-07-28,CH0012032048,RHHVF.US,312.2972
2021-07-29,CH0012032048,RHHVF.US,323.4434
2021-07-30,CH0012032048,RHHVF.US,329.2238
2021-08-02,CH0012032048,RHHVF.US,332.5244
2021-08-03,CH0012032048,RHHVF.US,313.5667
2021-08-04,CH0012032048,RHHVF.US,329.1984
2021-08-05,CH0012032048,RHHVF.US,334.1326
2021-08-06,CH0012032048,RHHVF.US,327.1673
2021-08-09,CH0012032048,RHHVF.US,329.6808
2021-08-10,CH0012032048,RHHVF.US,335.3344
2021-08-11,CH0012032048,RHHVF.US,335.9945
2021-08-12,CH0012032048,RHHVF.US,335.309
2021-08-13,CH0012032048,RHHVF.US,340.6493
2021-08-16,CH0012032048,RHHVF.US,339.583
2021-08-17,CH0012032048,RHHVF.US,342.4986
2021-08-18,CH0012032048,RHHVF.US,341.1572
2021-08-19,CH0012032048,RHHVF.US,341.9188
2021-08-20,CH0012032048,RHHVF.US,338.542
2021-08-23,CH0012032048,RHHVF.US,346.9884
2021-08-24,CH0012032048,RHHVF.US,344.8386
2021-08-25,CH0012032048,RHHVF.US,336.7223
2021-08-26,CH0012032048,RHHVF.US,338.6858
2021-08-27,CH0012032048,RHHVF.US,329.7147
2021-08-30,CH0012032048,RHHVF.US,336.4177
2021-08-31,CH0012032048,RHHVF.US,342.3843
2021-09-01,CH0012032048,RHHVF.US,338.068
2021-09-02,CH0012032048,RHHVF.US,339.0244
2021-09-03,CH0012032048,RHHVF.US,336.4347
2021-09-07,CH0012032048,RHHVF.US,333.2354
2021-09-08,CH0012032048,RHHVF.US,330.8572
2021-09-09,CH0012032048,RHHVF.US,318.6532
2021-09-10,CH0012032048,RHHVF.US,313.9053
2021-09-13,CH0012032048,RHHVF.US,313.9899
2021-09-14,CH0012032048,RHHVF.US,317.1382
2021-09-15,CH0012032048,RHHVF.US,314.7431
2021-09-16,CH0012032048,RHHVF.US,316.1057
2021-09-17,CH0012032048,RHHVF.US,309.589
2021-09-20,CH0012032048,RHHVF.US,306.796
2021-09-21,CH0012032048,RHHVF.US,310.2829
2021-09-22,CH0012032048,RHHVF.US,317.3413
2021-09-23,CH0012032048,RHHVF.US,317.3667
2021-09-24,CH0012032048,RHHVF.US,314.8361
2021-09-27,CH0012032048,RHHVF.US,317.3751
2021-09-28,CH0012032048,RHHVF.US,302.3104
2021-09-29,CH0012032048,RHHVF.US,305.9496
2021-09-30,CH0012032048,RHHVF.US,309.3519
2021-10-01,CH0012032048,RHHVF.US,315.2593
2021-10-04,CH0012032048,RHHVF.US,318.0268
2021-10-05,CH0012032048,RHHVF.US,306.7961
2021-10-06,CH0012032048,RHHVF.US,319.4759
2021-10-07,CH0012032048,RHHVF.US,324.7552
2021-10-08,CH0012032048,RHHVF.US,339.1767
2021-10-11,CH0012032048,RHHVF.US,325.7793
2021-10-12,CH0012032048,RHHVF.US,322.8848
2021-10-13,CH0012032048,RHHVF.US,322.8764
2021-10-14,CH0012032048,RHHVF.US,325.4153
2021-10-15,CH0012032048,RHHVF.US,328.4833
2021-10-18,CH0012032048,RHHVF.US,330.0702
2021-10-19,CH0012032048,RHHVF.US,325.8385
2021-10-20,CH0012032048,RHHVF.US,320.3712
2021-10-21,CH0012032048,RHHVF.US,332.6092
2021-10-22,CH0012032048,RHHVF.US,325.0599
2021-10-25,CH0012032048,RHHVF.US,329.9685
2021-10-26,CH0012032048,RHHVF.US,330.9841
2021-10-27,CH0012032048,RHHVF.US,325.8386
2021-10-28,CH0012032048,RHHVF.US,330.9165
2021-10-29,CH0012032048,RHHVF.US,324.9922
2021-11-01,CH0012032048,RHHVF.US,331.3295
2021-11-02,CH0012032048,RHHVF.US,336.4347
2021-11-03,CH0012032048,RHHVF.US,332.6092
2021-11-04,CH0012032048,RHHVF.US,342.4774
2021-11-05,CH0012032048,RHHVF.US,336.3161
2021-11-08,CH0012032048,RHHVF.US,343.0191
2021-11-09,CH0012032048,RHHVF.US,342.1304
2021-11-10,CH0012032048,RHHVF.US,339.6676
2021-11-11,CH0012032048,RHHVF.US,339.7608
2021-11-12,CH0012032048,RHHVF.US,334.3103
2021-11-15,CH0012032048,RHHVF.US,333.6672
2021-11-16,CH0012032048,RHHVF.US,336.5235
2021-11-17,CH0012032048,RHHVF.US,336.5235
2021-11-18,CH0012032048,RHHVF.US,338.3218
2021-11-19,CH0012032048,RHHVF.US,335.9522
2021-11-22,CH0012032048,RHHVF.US,332.1945
2021-11-23,CH0012032048,RHHVF.US,321.1837
2021-11-24,CH0012032048,RHHVF.US,328.8007
2021-11-26,CH0012032048,RHHVF.US,324.5691
2021-11-29,CH0012032048,RHHVF.US,330.0702
2021-11-30,CH0012032048,RHHVF.US,325.8385
2021-12-01,CH0012032048,RHHVF.US,338.1865
2021-12-02,CH0012032048,RHHVF.US,333.0323
2021-12-03,CH0012032048,RHHVF.US,335.3597
2021-12-06,CH0012032048,RHHVF.US,334.4118
2021-12-07,CH0012032048,RHHVF.US,334.3018
2021-12-08,CH0012032048,RHHVF.US,336.824
2021-12-09,CH0012032048,RHHVF.US,340.2262
2021-12-10,CH0012032048,RHHVF.US,346.9968
2021-12-13,CH0012032048,RHHVF.US,339.4392
2021-12-14,CH0012032048,RHHVF.US,333.5995
2021-12-15,CH0012032048,RHHVF.US,333.0917
2021-12-16,CH0012032048,RHHVF.US,338.9991
2021-12-17,CH0012032048,RHHVF.US,337.264
2021-12-20,CH0012032048,RHHVF.US,346.0319
2021-12-21,CH0012032048,RHHVF.US,344.2547
2021-12-22,CH0012032048,RHHVF.US,344.9909
2021-12-23,CH0012032048,RHHVF.US,347.8093
2021-12-27,CH0012032048,RHHVF.US,352.0748
2021-12-28,CH0012032048,RHHVF.US,353.0904
2021-12-29,CH0012032048,RHHVF.US,353.2191
2021-12-30,CH0012032048,RHHVF.US,351.6517
2021-12-31,CH0012032048,RHHVF.US,343.7723
2022-01-03,CH0012032048,RHHVF.US,350.3822
2022-01-04,CH0012032048,RHHVF.US,342.7652
2022-01-05,CH0012032048,RHHVF.US,350.2974
2022-01-06,CH0012032048,RHHVF.US,337.6872
2022-01-07,CH0012032048,RHHVF.US,344.4578
2022-01-10,CH0012032048,RHHVF.US,348.0124
2022-01-11,CH0012032048,RHHVF.US,340.5715
2022-01-12,CH0012032048,RHHVF.US,343.273
2022-01-13,CH0012032048,RHHVF.US,336.2061
2022-01-14,CH0012032048,RHHVF.US,336.4177
2022-01-18,CH0012032048,RHHVF.US,334.6827
2022-01-19,CH0012032048,RHHVF.US,337.4163
2022-01-20,CH0012032048,RHHVF.US,334.5219
2022-01-21,CH0012032048,RHHVF.US,333.4555
2022-01-24,CH0012032048,RHHVF.US,318.6447
2022-01-25,CH0012032048,RHHVF.US,323.2994
2022-01-26,CH0012032048,RHHVF.US,315.9787
2022-01-27,CH0012032048,RHHVF.US,321.1925
2022-01-28,CH0012032048,RHHVF.US,324.3574
2022-01-31,CH0012032048,RHHVF.US,326.7695
2022-02-01,CH0012032048,RHHVF.US,325.8639
2022-02-02,CH0012032048,RHHVF.US,329.3762
2022-02-03,CH0012032048,RHHVF.US,322.4532
2022-02-04,CH0012032048,RHHVF.US,324.1035
2022-02-07,CH0012032048,RHHVF.US,317.8068
2022-02-08,CH0012032048,RHHVF.US,313.4905
2022-02-09,CH0012032048,RHHVF.US,323.7861
2022-02-10,CH0012032048,RHHVF.US,315.4286
2022-02-11,CH0012032048,RHHVF.US,318.9696
2022-02-14,CH0012032048,RHHVF.US,321.1752
2022-02-15,CH0012032048,RHHVF.US,309.335
2022-02-16,CH0012032048,RHHVF.US,321.6068
2022-02-17,CH0012032048,RHHVF.US,307.71
2022-02-18,CH0012032048,RHHVF.US,309.7581
2022-02-22,CH0012032048,RHHVF.US,320.6759
2022-02-23,CH0012032048,RHHVF.US,320.7436
2022-02-24,CH0012032048,RHHVF.US,305.2726
2022-02-25,CH0012032048,RHHVF.US,321.6068
2022-02-28,CH0012032048,RHHVF.US,322.6985
2022-03-01,CH0012032048,RHHVF.US,323.6888
2022-03-02,CH0012032048,RHHVF.US,316.1734
2022-03-03,CH0012032048,RHHVF.US,309.6397
2022-03-04,CH0012032048,RHHVF.US,305.7974
2022-03-07,CH0012032048,RHHVF.US,321.6067
2022-03-08,CH0012032048,RHHVF.US,309.335
2022-03-09,CH0012032048,RHHVF.US,311.6201
2022-03-10,CH0012032048,RHHVF.US,311.4509
2022-03-11,CH0012032048,RHHVF.US,319.0678
2022-03-14,CH0012032048,RHHVF.US,315.2594
2022-03-15,CH0012032048,RHHVF.US,321.6068
2022-03-16,CH0012032048,RHHVF.US,325.0006
2022-03-17,CH0012032048,RHHVF.US,336.5786
2022-03-18,CH0012032048,RHHVF.US,346.6121
2022-03-21,CH0012032048,RHHVF.US,346.6121
2022-03-22,CH0012032048,RHHVF.US,329.6725
2022-03-23,CH0012032048,RHHVF.US,343.1287
2022-03-24,CH0012032048,RHHVF.US,337.9253
2022-03-25,CH0012032048,RHHVF.US,351.7374
2022-03-28,CH0012032048,RHHVF.US,339.9927
2022-03-29,CH0012032048,RHHVF.US,337.6646
2022-03-30,CH0012032048,RHHVF.US,338.0989
2022-03-31,CH0012032048,RHHVF.US,346.7338
2022-04-01,CH0012032048,RHHVF.US,350.9557
2022-04-04,CH0012032048,RHHVF.US,353.6191
2022-04-05,CH0012032048,RHHVF.US,357.2104
2022-04-06,CH0012032048,RHHVF.US,365.7236
2022-04-07,CH0012032048,RHHVF.US,362.3235
2022-04-08,CH0012032048,RHHVF.US,368.8145
2022-04-11,CH0012032048,RHHVF.US,369.3157
2022-04-12,CH0012032048,RHHVF.US,356.3417
2022-04-13,CH0012032048,RHHVF.US,357.7316
2022-04-14,CH0012032048,RHHVF.US,356.3417
2022-04-18,CH0012032048,RHHVF.US,356.1679
2022-04-19,CH0012032048,RHHVF.US,343.0505
2022-04-20,CH0012032048,RHHVF.US,340.8179
2022-04-21,CH0012032048,RHHVF.US,330.7219
2022-04-22,CH0012032048,RHHVF.US,336.7854
2022-04-25,CH0012032048,RHHVF.US,330.1503
2022-04-26,CH0012032048,RHHVF.US,321.2982
2022-04-27,CH0012032048,RHHVF.US,324.0259
2022-04-28,CH0012032048,RHHVF.US,324.2431
2022-04-29,CH0012032048,RHHVF.US,327.0577
2022-05-02,CH0012032048,RHHVF.US,321.8542
2022-05-03,CH0012032048,RHHVF.US,311.7772
2022-05-04,CH0012032048,RHHVF.US,318.3359
2022-05-05,CH0012032048,RHHVF.US,304.0458
2022-05-06,CH0012032048,RHHVF.US,307.7273
2022-05-09,CH0012032048,RHHVF.US,302.2146
2022-05-10,CH0012032048,RHHVF.US,304.6539
2022-05-11,CH0012032048,RHHVF.US,283.1761
2022-05-12,CH0012032048,RHHVF.US,275.6601
2022-05-13,CH0012032048,RHHVF.US,274.3362
2022-05-16,CH0012032048,RHHVF.US,274.0756
2022-05-17,CH0012032048,RHHVF.US,280.2608
2022-05-18,CH0012032048,RHHVF.US,280.2347
2022-05-19,CH0012032048,RHHVF.US,274.5186
2022-05-20,CH0012032048,RHHVF.US,283.4541
2022-05-23,CH0012032048,RHHVF.US,290.6634
2022-05-24,CH0012032048,RHHVF.US,303.1076
2022-05-25,CH0012032048,RHHVF.US,299.5893
2022-05-26,CH0012032048,RHHVF.US,302.6906
2022-05-27,CH0012032048,RHHVF.US,301.4432
2022-05-31,CH0012032048,RHHVF.US,293.187
2022-06-01,CH0012032048,RHHVF.US,294.0557
2022-06-02,CH0012032048,RHHVF.US,292.8656
2022-06-03,CH0012032048,RHHVF.US,289.3786
2022-06-06,CH0012032048,RHHVF.US,283.3707
2022-06-07,CH0012032048,RHHVF.US,280.1565
2022-06-08,CH0012032048,RHHVF.US,282.7626
2022-06-09,CH0012032048,RHHVF.US,274.1103
2022-06-10,CH0012032048,RHHVF.US,273.2069
2022-06-13,CH0012032048,RHHVF.US,259.8202
2022-06-14,CH0012032048,RHHVF.US,260.0286
2022-06-15,CH0012032048,RHHVF.US,264.9768
2022-06-16,CH0012032048,RHHVF.US,269.7321
2022-06-17,CH0012032048,RHHVF.US,265.9115
2022-06-21,CH0012032048,RHHVF.US,263.2255
2022-06-22,CH0012032048,RHHVF.US,275.7539
2022-06-23,CH0012032048,RHHVF.US,272.4598
2022-06-24,CH0012032048,RHHVF.US,282.363
2022-06-27,CH0012032048,RHHVF.US,281.0599
2022-06-28,CH0012032048,RHHVF.US,281.1902
2022-06-29,CH0012032048,RHHVF.US,289.3213
2022-06-30,CH0012032048,RHHVF.US,286.6717
2022-07-01,CH0012032048,RHHVF.US,291.328
2022-07-05,CH0012032048,RHHVF.US,287.6794
2022-07-06,CH0012032048,RHHVF.US,289.8894
2022-07-07,CH0012032048,RHHVF.US,291.9708
2022-07-08,CH0012032048,RHHVF.US,283.197
2022-07-11,CH0012032048,RHHVF.US,289.9815
2022-07-12,CH0012032048,RHHVF.US,288.3622
2022-07-13,CH0012032048,RHHVF.US,286.4806
2022-07-14,CH0012032048,RHHVF.US,285.3274
2022-07-15,CH0012032048,RHHVF.US,294.0644
2022-07-18,CH0012032048,RHHVF.US,291.5121
2022-07-19,CH0012032048,RHHVF.US,284.5
2022-07-20,CH0012032048,RHHVF.US,294.3162
2022-07-21,CH0012032048,RHHVF.US,288.8956
2022-07-22,CH0012032048,RHHVF.US,291.0674
2022-07-25,CH0012032048,RHHVF.US,296.7105
2022-07-26,CH0012032048,RHHVF.US,292.1532
2022-07-27,CH0012032048,RHHVF.US,291.2151
2022-07-28,CH0012032048,RHHVF.US,292.0143
2022-07-29,CH0012032048,RHHVF.US,289.191
2022-08-01,CH0012032048,RHHVF.US,281.894
2022-08-02,CH0012032048,RHHVF.US,284.7432
2022-08-03,CH0012032048,RHHVF.US,290.7981
2022-08-04,CH0012032048,RHHVF.US,283.5444
2022-08-05,CH0012032048,RHHVF.US,283.0232
2022-08-08,CH0012032048,RHHVF.US,286.6717
2022-08-09,CH0012032048,RHHVF.US,288.5221
2022-08-10,CH0012032048,RHHVF.US,290.1987
2022-08-11,CH0012032048,RHHVF.US,282.8842
2022-08-12,CH0012032048,RHHVF.US,281.0947
2022-08-15,CH0012032048,RHHVF.US,292.2314
2022-08-16,CH0012032048,RHHVF.US,284.7606
2022-08-17,CH0012032048,RHHVF.US,282.7626
2022-08-18,CH0012032048,RHHVF.US,290.2334
2022-08-19,CH0012032048,RHHVF.US,292.7527
2022-08-22,CH0012032048,RHHVF.US,290.5896
2022-08-23,CH0012032048,RHHVF.US,285.2123
2022-08-24,CH0012032048,RHHVF.US,286.6865
2022-08-25,CH0012032048,RHHVF.US,285.7544
2022-08-26,CH0012032048,RHHVF.US,282.0068
2022-08-29,CH0012032048,RHHVF.US,278.9229
2022-08-30,CH0012032048,RHHVF.US,280.4171
2022-08-31,CH0012032048,RHHVF.US,281.1294
2022-09-01,CH0012032048,RHHVF.US,270.2359
2022-09-02,CH0012032048,RHHVF.US,286.3312
2022-09-06,CH0012032048,RHHVF.US,279.8959
2022-09-07,CH0012032048,RHHVF.US,282.6653
2022-09-08,CH0012032048,RHHVF.US,289.6253
2022-09-09,CH0012032048,RHHVF.US,283.0823
2022-09-12,CH0012032048,RHHVF.US,292.4243
2022-09-13,CH0012032048,RHHVF.US,292.7996
2022-09-14,CH0012032048,RHHVF.US,292.4486
2022-09-15,CH0012032048,RHHVF.US,294.7159
2022-09-16,CH0012032048,RHHVF.US,279.7917
2022-09-19,CH0012032048,RHHVF.US,279.875
2022-09-20,CH0012032048,RHHVF.US,280.5908
2022-09-21,CH0012032048,RHHVF.US,277.116
2022-09-22,CH0012032048,RHHVF.US,277.9847
2022-09-23,CH0012032048,RHHVF.US,286.7933
2022-09-26,CH0012032048,RHHVF.US,267.3692
2022-09-27,CH0012032048,RHHVF.US,272.0254
2022-09-28,CH0012032048,RHHVF.US,287.5404
2022-09-29,CH0012032048,RHHVF.US,291.0152
2022-09-30,CH0012032048,RHHVF.US,274.5099
2022-10-03,CH0012032048,RHHVF.US,272.8007
2022-10-04,CH0012032048,RHHVF.US,291.182
2022-10-05,CH0012032048,RHHVF.US,279.0098
2022-10-06,CH0012032048,RHHVF.US,291.5504
2022-10-07,CH0012032048,RHHVF.US,291.5139
2022-10-10,CH0012032048,RHHVF.US,269.2977
2022-10-11,CH0012032048,RHHVF.US,275.0259
2022-10-12,CH0012032048,RHHVF.US,272.7795
2022-10-13,CH0012032048,RHHVF.US,274.3014
2022-10-14,CH0012032048,RHHVF.US,274.9894
2022-10-17,CH0012032048,RHHVF.US,282.9363
2022-10-18,CH0012032048,RHHVF.US,283.0058
2022-10-19,CH0012032048,RHHVF.US,280.504
2022-10-20,CH0012032048,RHHVF.US,283.0093
2022-10-21,CH0012032048,RHHVF.US,282.1024
2022-10-24,CH0012032048,RHHVF.US,277.9083
2022-10-25,CH0012032048,RHHVF.US,284.7519
2022-10-26,CH0012032048,RHHVF.US,291.884
2022-10-27,CH0012032048,RHHVF.US,286.1696
2022-10-28,CH0012032048,RHHVF.US,292.9264
2022-10-31,CH0012032048,RHHVF.US,287.7489
2022-11-01,CH0012032048,RHHVF.US,280.8653
2022-11-02,CH0012032048,RHHVF.US,278.8534
2022-11-03,CH0012032048,RHHVF.US,285.2123
2022-11-04,CH0012032048,RHHVF.US,281.4647
2022-11-07,CH0012032048,RHHVF.US,274.8678
2022-11-08,CH0012032048,RHHVF.US,282.6444
2022-11-09,CH0012032048,RHHVF.US,283.1796
2022-11-10,CH0012032048,RHHVF.US,282.1111
2022-11-11,CH0012032048,RHHVF.US,284.3437
2022-11-14,CH0012032048,RHHVF.US,286.5466
2022-11-15,CH0012032048,RHHVF.US,285.8466
2022-11-16,CH0012032048,RHHVF.US,282.363
2022-11-17,CH0012032048,RHHVF.US,271.8518
2022-11-18,CH0012032048,RHHVF.US,275.0207
2022-11-21,CH0012032048,RHHVF.US,276.5079
2022-11-22,CH0012032048,RHHVF.US,275.7522
2022-11-23,CH0012032048,RHHVF.US,280.9557
2022-11-25,CH0012032048,RHHVF.US,283.9788
2022-11-28,CH0012032048,RHHVF.US,285.4486
2022-11-29,CH0012032048,RHHVF.US,283.3185
2022-11-30,CH0012032048,RHHVF.US,284.8509
2022-12-01,CH0012032048,RHHVF.US,277.3332
2022-12-02,CH0012032048,RHHVF.US,287.7576
2022-12-05,CH0012032048,RHHVF.US,285.5251
2022-12-06,CH0012032048,RHHVF.US,281.2927
2022-12-07,CH0012032048,RHHVF.US,278.5667
2022-12-08,CH0012032048,RHHVF.US,278.2453
2022-12-09,CH0012032048,RHHVF.US,280.7064
2022-12-12,CH0012032048,RHHVF.US,281.5985
2022-12-13,CH0012032048,RHHVF.US,286.3555
2022-12-14,CH0012032048,RHHVF.US,287.332
2022-12-15,CH0012032048,RHHVF.US,279.7221
2022-12-16,CH0012032048,RHHVF.US,279.6092
2022-12-19,CH0012032048,RHHVF.US,278.7665
2022-12-20,CH0012032048,RHHVF.US,272.8559
2022-12-21,CH0012032048,RHHVF.US,286.0723
2022-12-22,CH0012032048,RHHVF.US,271.6484
2022-12-23,CH0012032048,RHHVF.US,267.7688
2022-12-27,CH0012032048,RHHVF.US,269.7216
2022-12-28,CH0012032048,RHHVF.US,275.6913
2022-12-29,CH0012032048,RHHVF.US,272.7726
2022-12-30,CH0012032048,RHHVF.US,270.5835
2023-01-03,CH0012032048,RHHVF.US,270.3019
2023-01-04,CH0012032048,RHHVF.US,276.1083
2023-01-05,CH0012032048,RHHVF.US,273.4675
2023-01-06,CH0012032048,RHHVF.US,277.116
2023-01-09,CH0012032048,RHHVF.US,273.7715
2023-01-10,CH0012032048,RHHVF.US,278.5059
2023-01-11,CH0012032048,RHHVF.US,269.2977
2023-01-12,CH0012032048,RHHVF.US,272.9462
2023-01-13,CH0012032048,RHHVF.US,271.2088
2023-01-17,CH0012032048,RHHVF.US,275.2049
2023-01-18,CH0012032048,RHHVF.US,276.0736
2023-01-19,CH0012032048,RHHVF.US,282.4151
2023-01-20,CH0012032048,RHHVF.US,278.8534
2023-01-23,CH0012032048,RHHVF.US,276.911
2023-01-24,CH0012032048,RHHVF.US,274.5099
2023-01-25,CH0012032048,RHHVF.US,279.8959
2023-01-26,CH0012032048,RHHVF.US,271.4694
2023-01-27,CH0012032048,RHHVF.US,274.1624
2023-01-30,CH0012032048,RHHVF.US,270.0535
2023-01-31,CH0012032048,RHHVF.US,272.0949
2023-02-01,CH0012032048,RHHVF.US,267.1086
2023-02-02,CH0012032048,RHHVF.US,261.7704
2023-02-03,CH0012032048,RHHVF.US,263.017
2023-02-06,CH0012032048,RHHVF.US,267.0478
2023-02-07,CH0012032048,RHHVF.US,267.364
2023-02-08,CH0012032048,RHHVF.US,266.2659
2023-02-09,CH0012032048,RHHVF.US,263.9117
2023-02-10,CH0012032048,RHHVF.US,267.8487
2023-02-13,CH0012032048,RHHVF.US,262.5653
2023-02-14,CH0012032048,RHHVF.US,264.1237
2023-02-15,CH0012032048,RHHVF.US,260.6107
2023-02-16,CH0012032048,RHHVF.US,258.842
2023-02-17,CH0012032048,RHHVF.US,261.8738
2023-02-21,CH0012032048,RHHVF.US,263.9161
2023-02-22,CH0012032048,RHHVF.US,266.3094
2023-02-23,CH0012032048,RHHVF.US,256.9361
2023-02-24,CH0012032048,RHHVF.US,254.8963
2023-02-27,CH0012032048,RHHVF.US,252.4449
2023-02-28,CH0012032048,RHHVF.US,254.2101
2023-03-01,CH0012032048,RHHVF.US,251.524
2023-03-02,CH0012032048,RHHVF.US,251.1418
2023-03-03,CH0012032048,RHHVF.US,255.7459
2023-03-06,CH0012032048,RHHVF.US,251.4893
2023-03-07,CH0012032048,RHHVF.US,246.5116
2023-03-08,CH0012032048,RHHVF.US,244.974
2023-03-09,CH0012032048,RHHVF.US,243.73
2023-03-10,CH0012032048,RHHVF.US,245.5821
2023-03-13,CH0012032048,RHHVF.US,252.4709
2023-03-14,CH0012032048,RHHVF.US,250.9229
2023-03-15,CH0012032048,RHHVF.US,248.1014
2023-03-16,CH0012032048,RHHVF.US,252.982
2023-03-17,CH0012032048,RHHVF.US,251.9695
2023-03-20,CH0012032048,RHHVF.US,253.2829
2023-03-21,CH0012032048,RHHVF.US,255.3728
2023-03-22,CH0012032048,RHHVF.US,255.6539
2023-03-23,CH0012032048,RHHVF.US,251.7119
2023-03-24,CH0012032048,RHHVF.US,256.7619
2023-03-27,CH0012032048,RHHVF.US,250.9354
2023-03-28,CH0012032048,RHHVF.US,248.6274
2023-03-29,CH0012032048,RHHVF.US,254.4828
2023-03-30,CH0012032048,RHHVF.US,255.843
2023-03-31,CH0012032048,RHHVF.US,254.8846
2023-04-03,CH0012032048,RHHVF.US,256.0142
2023-04-04,CH0012032048,RHHVF.US,259.8247
2023-04-05,CH0012032048,RHHVF.US,266.4187
2023-04-10,CH0012032048,RHHVF.US,272.8551
2023-04-11,CH0012032048,RHHVF.US,272.9317
2023-04-12,CH0012032048,RHHVF.US,276.3008
2023-04-13,CH0012032048,RHHVF.US,281.6877
2023-04-14,CH0012032048,RHHVF.US,276.553
2023-04-17,CH0012032048,RHHVF.US,278.3546
2023-04-18,CH0012032048,RHHVF.US,276.553
2023-04-19,CH0012032048,RHHVF.US,271.5985
2023-04-20,CH0012032048,RHHVF.US,278.805
2023-04-21,CH0012032048,RHHVF.US,281.1021
2023-04-24,CH0012032048,RHHVF.US,283.0024
2023-04-25,CH0012032048,RHHVF.US,286.8674
2023-04-26,CH0012032048,RHHVF.US,275.7603
2023-04-27,CH0012032048,RHHVF.US,278.3546
2023-04-28,CH0012032048,RHHVF.US,282.8588
2023-05-01,CH0012032048,RHHVF.US,280.4355
2023-05-02,CH0012032048,RHHVF.US,282.2372
2023-05-03,CH0012032048,RHHVF.US,287.2278
2023-05-04,CH0012032048,RHHVF.US,287.5809
2023-05-05,CH0012032048,RHHVF.US,284.6604
2023-05-08,CH0012032048,RHHVF.US,285.3811
2023-05-09,CH0012032048,RHHVF.US,284.5704
2023-05-10,CH0012032048,RHHVF.US,285.3955
2023-05-11,CH0012032048,RHHVF.US,283.5659
2023-05-12,CH0012032048,RHHVF.US,286.9125
2023-05-15,CH0012032048,RHHVF.US,285.736
2023-05-16,CH0012032048,RHHVF.US,282.2966
2023-05-17,CH0012032048,RHHVF.US,282.084
2023-05-18,CH0012032048,RHHVF.US,285.8315
2023-05-19,CH0012032048,RHHVF.US,289.3627
2023-05-22,CH0012032048,RHHVF.US,286.2513
2023-05-23,CH0012032048,RHHVF.US,283.9397
2023-05-24,CH0012032048,RHHVF.US,284.7991
2023-05-25,CH0012032048,RHHVF.US,288.107
2023-05-26,CH0012032048,RHHVF.US,290.759
2023-05-30,CH0012032048,RHHVF.US,288.3538
2023-05-31,CH0012032048,RHHVF.US,282.6155
2023-06-01,CH0012032048,RHHVF.US,288.9393
2023-06-02,CH0012032048,RHHVF.US,289.1015
2023-06-05,CH0012032048,RHHVF.US,287.3629
2023-06-06,CH0012032048,RHHVF.US,288.0385
2023-06-07,CH0012032048,RHHVF.US,283.5073
2023-06-08,CH0012032048,RHHVF.US,284.3902
2023-06-09,CH0012032048,RHHVF.US,283.3092
2023-06-12,CH0012032048,RHHVF.US,275.2027
2023-06-13,CH0012032048,RHHVF.US,278.3456
2023-06-14,CH0012032048,RHHVF.US,275.8305
2023-06-15,CH0012032048,RHHVF.US,276.553
2023-06-16,CH0012032048,RHHVF.US,281.9507
2023-06-20,CH0012032048,RHHVF.US,274.9765
2023-06-21,CH0012032048,RHHVF.US,276.1566
2023-06-22,CH0012032048,RHHVF.US,277.4313
2023-06-23,CH0012032048,RHHVF.US,276.7332
2023-06-26,CH0012032048,RHHVF.US,274.0379
2023-06-27,CH0012032048,RHHVF.US,287.534
2023-06-28,CH0012032048,RHHVF.US,277.2196
2023-06-29,CH0012032048,RHHVF.US,274.409
2023-06-30,CH0012032048,RHHVF.US,275.1909
2023-07-03,CH0012032048,RHHVF.US,276.0125
2023-07-05,CH0012032048,RHHVF.US,276.8629
2023-07-06,CH0012032048,RHHVF.US,270.6976
2023-07-07,CH0012032048,RHHVF.US,267.3646
2023-07-10,CH0012032048,RHHVF.US,270.4274
2023-07-11,CH0012032048,RHHVF.US,272.4993
2023-07-12,CH0012032048,RHHVF.US,272.3371
2023-07-13,CH0012032048,RHHVF.US,281.6877
2023-07-14,CH0012032048,RHHVF.US,284.4622
2023-07-17,CH0012032048,RHHVF.US,277.5079
2023-07-18,CH0012032048,RHHVF.US,286.462
2023-07-19,CH0012032048,RHHVF.US,286.5377
2023-07-20,CH0012032048,RHHVF.US,283.8893
2023-07-21,CH0012032048,RHHVF.US,286.8539
2023-07-24,CH0012032048,RHHVF.US,283.6245
2023-07-25,CH0012032048,RHHVF.US,282.4557
2023-07-26,CH0012032048,RHHVF.US,286.1936
2023-07-27,CH0012032048,RHHVF.US,280.6517
2023-07-28,CH0012032048,RHHVF.US,277.67
2023-07-31,CH0012032048,RHHVF.US,279.0032
2023-08-01,CH0012032048,RHHVF.US,274.5779
2023-08-02,CH0012032048,RHHVF.US,278.1997
2023-08-03,CH0012032048,RHHVF.US,274.4631
2023-08-04,CH0012032048,RHHVF.US,272.2831
2023-08-07,CH0012032048,RHHVF.US,272.7245
2023-08-08,CH0012032048,RHHVF.US,272.3551
2023-08-09,CH0012032048,RHHVF.US,274.1262
2023-08-10,CH0012032048,RHHVF.US,273.7875
2023-08-11,CH0012032048,RHHVF.US,270.8724
2023-08-14,CH0012032048,RHHVF.US,269.55
2023-08-15,CH0012032048,RHHVF.US,270.3571
2023-08-16,CH0012032048,RHHVF.US,267.3195
2023-08-17,CH0012032048,RHHVF.US,263.0911
2023-08-18,CH0012032048,RHHVF.US,258.4536
2023-08-21,CH0012032048,RHHVF.US,258.2753
2023-08-22,CH0012032048,RHHVF.US,258.2482
2023-08-23,CH0012032048,RHHVF.US,267.9051
2023-08-24,CH0012032048,RHHVF.US,267.2313
2023-08-25,CH0012032048,RHHVF.US,261.6858
2023-08-28,CH0012032048,RHHVF.US,263.6262
2023-08-29,CH0012032048,RHHVF.US,266.4025
2023-08-30,CH0012032048,RHHVF.US,268.3555
2023-08-31,CH0012032048,RHHVF.US,266.3196
2023-09-01,CH0012032048,RHHVF.US,263.264
2023-09-05,CH0012032048,RHHVF.US,259.0707
2023-09-06,CH0012032048,RHHVF.US,253.7045
2023-09-07,CH0012032048,RHHVF.US,260.2012
2023-09-08,CH0012032048,RHHVF.US,259.6049
2023-09-11,CH0012032048,RHHVF.US,256.6673
2023-09-12,CH0012032048,RHHVF.US,258.1005
2023-09-13,CH0012032048,RHHVF.US,257.2465
2023-09-14,CH0012032048,RHHVF.US,259.6517
2023-09-15,CH0012032048,RHHVF.US,261.3939
2023-09-18,CH0012032048,RHHVF.US,259.4571
2023-09-19,CH0012032048,RHHVF.US,254.7909
2023-09-20,CH0012032048,RHHVF.US,261.8605
2023-09-21,CH0012032048,RHHVF.US,248.6905
2023-09-22,CH0012032048,RHHVF.US,249.0851
2023-09-25,CH0012032048,RHHVF.US,252.0055
2023-09-26,CH0012032048,RHHVF.US,244.7719
2023-09-27,CH0012032048,RHHVF.US,244.4656
2023-09-28,CH0012032048,RHHVF.US,247.2222
2023-09-29,CH0012032048,RHHVF.US,247.6365
2023-10-02,CH0012032048,RHHVF.US,243.5792
2023-10-03,CH0012032048,RHHVF.US,239.7723
2023-10-04,CH0012032048,RHHVF.US,241.8496
2023-10-05,CH0012032048,RHHVF.US,241.5181
2023-10-06,CH0012032048,RHHVF.US,244.1323
2023-10-09,CH0012032048,RHHVF.US,247.1771
2023-10-10,CH0012032048,RHHVF.US,252.6235
2023-10-11,CH0012032048,RHHVF.US,249.5767
2023-10-12,CH0012032048,RHHVF.US,249.8868
2023-10-13,CH0012032048,RHHVF.US,256.7349
2023-10-16,CH0012032048,RHHVF.US,252.7514
2023-10-17,CH0012032048,RHHVF.US,252.6721
2023-10-18,CH0012032048,RHHVF.US,248.8977
2023-10-19,CH0012032048,RHHVF.US,238.0085
2023-10-20,CH0012032048,RHHVF.US,240.1597
2023-10-23,CH0012032048,RHHVF.US,237.8626
2023-10-24,CH0012032048,RHHVF.US,239.6192
2023-10-25,CH0012032048,RHHVF.US,236.2249
2023-10-26,CH0012032048,RHHVF.US,238.4283
2023-10-27,CH0012032048,RHHVF.US,237.9076
2023-10-30,CH0012032048,RHHVF.US,237.8356
2023-10-31,CH0012032048,RHHVF.US,234.9655
2023-11-01,CH0012032048,RHHVF.US,234.3933
2023-11-02,CH0012032048,RHHVF.US,232.427
2023-11-03,CH0012032048,RHHVF.US,239.7183
2023-11-06,CH0012032048,RHHVF.US,235.6556
2023-11-07,CH0012032048,RHHVF.US,236.2681
2023-11-08,CH0012032048,RHHVF.US,236.0952
2023-11-09,CH0012032048,RHHVF.US,237.1329
2023-11-10,CH0012032048,RHHVF.US,234.0269
2023-11-13,CH0012032048,RHHVF.US,237.0969
2023-11-14,CH0012032048,RHHVF.US,242.3217
2023-11-15,CH0012032048,RHHVF.US,240.52
2023-11-16,CH0012032048,RHHVF.US,237.8446
2023-11-17,CH0012032048,RHHVF.US,236.0159
2023-11-20,CH0012032048,RHHVF.US,242.3217
2023-11-21,CH0012032048,RHHVF.US,242.3145
2023-11-22,CH0012032048,RHHVF.US,239.394
2023-11-24,CH0012032048,RHHVF.US,246.1682
2023-11-27,CH0012032048,RHHVF.US,239.7813
2023-11-28,CH0012032048,RHHVF.US,239.1688
2023-11-29,CH0012032048,RHHVF.US,239.254
2023-11-30,CH0012032048,RHHVF.US,238.722
2023-12-01,CH0012032048,RHHVF.US,248.6635
2023-12-04,CH0012032048,RHHVF.US,254.8323
2023-12-05,CH0012032048,RHHVF.US,257.6357
2023-12-06,CH0012032048,RHHVF.US,256.7403
2023-12-07,CH0012032048,RHHVF.US,255.8349
2023-12-08,CH0012032048,RHHVF.US,257.0051
2023-12-11,CH0012032048,RHHVF.US,257.6717
2023-12-12,CH0012032048,RHHVF.US,259.6247
2023-12-13,CH0012032048,RHHVF.US,261.6894
2023-12-14,CH0012032048,RHHVF.US,256.0142
2023-12-15,CH0012032048,RHHVF.US,249.5283
2023-12-18,CH0012032048,RHHVF.US,252.2668
2023-12-19,CH0012032048,RHHVF.US,255.6899
2023-12-20,CH0012032048,RHHVF.US,255.834
2023-12-21,CH0012032048,RHHVF.US,253.0811
2023-12-22,CH0012032048,RHHVF.US,248.177
2023-12-26,CH0012032048,RHHVF.US,256.8592
2023-12-27,CH0012032048,RHHVF.US,257.4555
2023-12-28,CH0012032048,RHHVF.US,257.0655
2023-12-29,CH0012032048,RHHVF.US,256.7349
2024-01-02,CH0012032048,RHHVF.US,257.2177
2024-01-03,CH0012032048,RHHVF.US,267.9952
2024-01-04,CH0012032048,RHHVF.US,266.6439
2024-01-05,CH0012032048,RHHVF.US,269.2833
2024-01-08,CH0012032048,RHHVF.US,267.1844
2024-01-09,CH0012032048,RHHVF.US,269.3104
2024-01-10,CH0012032048,RHHVF.US,268.0636
2024-01-11,CH0012032048,RHHVF.US,263.7126
2024-01-12,CH0012032048,RHHVF.US,264.3076
2024-01-16,CH0012032048,RHHVF.US,261.6894
2024-01-17,CH0012032048,RHHVF.US,257.8158
2024-01-18,CH0012032048,RHHVF.US,254.5765
2024-01-19,CH0012032048,RHHVF.US,255.4431
2024-01-22,CH0012032048,RHHVF.US,257.0844
2024-01-23,CH0012032048,RHHVF.US,254.9332
2024-01-24,CH0012032048,RHHVF.US,252.1407
2024-01-25,CH0012032048,RHHVF.US,252.047
2024-01-26,CH0012032048,RHHVF.US,255.7079
2024-01-29,CH0012032048,RHHVF.US,257.0952
2024-01-30,CH0012032048,RHHVF.US,260.3382
2024-01-31,CH0012032048,RHHVF.US,255.3296
2024-02-01,CH0012032048,RHHVF.US,244.4008
2024-02-02,CH0012032048,RHHVF.US,246.4655
2024-02-05,CH0012032048,RHHVF.US,239.0697
2024-02-06,CH0012032048,RHHVF.US,238.7184
2024-02-07,CH0012032048,RHHVF.US,235.1151
2024-02-08,CH0012032048,RHHVF.US,230.4262
2024-02-09,CH0012032048,RHHVF.US,230.7911
2024-02-12,CH0012032048,RHHVF.US,234.7349
2024-02-13,CH0012032048,RHHVF.US,228.3589
2024-02-14,CH0012032048,RHHVF.US,227.8274
2024-02-15,CH0012032048,RHHVF.US,233.3909
2024-02-16,CH0012032048,RHHVF.US,229.7642
2024-02-20,CH0012032048,RHHVF.US,234.0341
2024-02-21,CH0012032048,RHHVF.US,236.6915
2024-02-22,CH0012032048,RHHVF.US,232.9459
2024-02-23,CH0012032048,RHHVF.US,237.9833
2024-02-26,CH0012032048,RHHVF.US,231.5118
2024-02-27,CH0012032048,RHHVF.US,237.8356
2024-02-28,CH0012032048,RHHVF.US,237.0645
2024-02-29,CH0012032048,RHHVF.US,234.6647
2024-03-01,CH0012032048,RHHVF.US,236.4663
2024-03-04,CH0012032048,RHHVF.US,236.1299
2024-03-05,CH0012032048,RHHVF.US,240.1597
2024-03-06,CH0012032048,RHHVF.US,241.601
2024-03-07,CH0012032048,RHHVF.US,241.6911
2024-03-08,CH0012032048,RHHVF.US,244.2783
2024-03-11,CH0012032048,RHHVF.US,245.7448
2024-03-12,CH0012032048,RHHVF.US,251.6812
2024-03-13,CH0012032048,RHHVF.US,245.2944
2024-03-14,CH0012032048,RHHVF.US,247.9465
2024-03-15,CH0012032048,RHHVF.US,246.2385
2024-03-18,CH0012032048,RHHVF.US,241.7995
2024-03-19,CH0012032048,RHHVF.US,243.119
2024-03-20,CH0012032048,RHHVF.US,244.0237
2024-03-21,CH0012032048,RHHVF.US,235.8401
2024-03-22,CH0012032048,RHHVF.US,235.3991
2024-03-25,CH0012032048,RHHVF.US,237.3933
2024-03-26,CH0012032048,RHHVF.US,234.8078
2024-03-27,CH0012032048,RHHVF.US,236.8725
2024-03-28,CH0012032048,RHHVF.US,240.3993
2024-04-01,CH0012032048,RHHVF.US,236.8819
2024-04-02,CH0012032048,RHHVF.US,234.6295
2024-04-03,CH0012032048,RHHVF.US,234.8472
2024-04-04,CH0012032048,RHHVF.US,231.4293
2024-04-05,CH0012032048,RHHVF.US,227.6097
2024-04-08,CH0012032048,RHHVF.US,227.3704
2024-04-09,CH0012032048,RHHVF.US,229.5523
2024-04-10,CH0012032048,RHHVF.US,230.5002
2024-04-11,CH0012032048,RHHVF.US,232.0862
2024-04-12,CH0012032048,RHHVF.US,229.8451
2024-04-15,CH0012032048,RHHVF.US,229.4397
2024-04-16,CH0012032048,RHHVF.US,228.52
2024-04-17,CH0012032048,RHHVF.US,227.6941
2024-04-18,CH0012032048,RHHVF.US,225.2935
2024-04-19,CH0012032048,RHHVF.US,228.9704
2024-04-22,CH0012032048,RHHVF.US,230.0985
2024-04-23,CH0012032048,RHHVF.US,235.3653
2024-04-24,CH0012032048,RHHVF.US,226.6524
2024-04-25,CH0012032048,RHHVF.US,223.0918
2024-04-26,CH0012032048,RHHVF.US,227.4501
2024-04-29,CH0012032048,RHHVF.US,225.3479
2024-04-30,CH0012032048,RHHVF.US,224.1091
2024-05-01,CH0012032048,RHHVF.US,221.4814
2024-05-02,CH0012032048,RHHVF.US,220.8245
2024-05-03,CH0012032048,RHHVF.US,222.6958
2024-05-06,CH0012032048,RHHVF.US,218.9193
2024-05-07,CH0012032048,RHHVF.US,228.9892
2024-05-08,CH0012032048,RHHVF.US,226.5154
2024-05-09,CH0012032048,RHHVF.US,229.0831
2024-05-10,CH0012032048,RHHVF.US,230.2093
2024-05-13,CH0012032048,RHHVF.US,227.6547
2024-05-14,CH0012032048,RHHVF.US,229.1225
2024-05-15,CH0012032048,RHHVF.US,232.9665
2024-05-16,CH0012032048,RHHVF.US,245.1921
2024-05-17,CH0012032048,RHHVF.US,245.4051
2024-05-20,CH0012032048,RHHVF.US,246.2948
2024-05-21,CH0012032048,RHHVF.US,244.5943
2024-05-22,CH0012032048,RHHVF.US,235.8796
2024-05-23,CH0012032048,RHHVF.US,237.9986
2024-05-24,CH0012032048,RHHVF.US,238.802
2024-05-28,CH0012032048,RHHVF.US,236.056
2024-05-29,CH0012032048,RHHVF.US,236.4228
2024-05-30,CH0012032048,RHHVF.US,241.3772
2024-05-31,CH0012032048,RHHVF.US,233.081
2024-06-03,CH0012032048,RHHVF.US,241.5321
2024-06-04,CH0012032048,RHHVF.US,243.5544
2024-06-05,CH0012032048,RHHVF.US,248.306
2024-06-06,CH0012032048,RHHVF.US,251.3101
2024-06-07,CH0012032048,RHHVF.US,245.8913
2024-06-10,CH0012032048,RHHVF.US,251.1374
2024-06-11,CH0012032048,RHHVF.US,249.9267
2024-06-12,CH0012032048,RHHVF.US,255.7172
2024-06-13,CH0012032048,RHHVF.US,257.153
2024-06-14,CH0012032048,RHHVF.US,253.4742
2024-06-17,CH0012032048,RHHVF.US,250.3866
2024-06-18,CH0012032048,RHHVF.US,253.0631
2024-06-20,CH0012032048,RHHVF.US,262.2255
2024-06-21,CH0012032048,RHHVF.US,266.0592
2024-06-24,CH0012032048,RHHVF.US,267.5439
2024-06-25,CH0012032048,RHHVF.US,262.9247
2024-06-26,CH0012032048,RHHVF.US,253.7933
2024-06-27,CH0012032048,RHHVF.US,261.2767
2024-06-28,CH0012032048,RHHVF.US,260.0858
2024-07-01,CH0012032048,RHHVF.US,259.2552
2024-07-02,CH0012032048,RHHVF.US,251.3251
2024-07-03,CH0012032048,RHHVF.US,255.5764
2024-07-05,CH0012032048,RHHVF.US,253.5699
2024-07-08,CH0012032048,RHHVF.US,253.202
2024-07-09,CH0012032048,RHHVF.US,252.7234
2024-07-10,CH0012032048,RHHVF.US,259.0863
2024-07-11,CH0012032048,RHHVF.US,263.7505
2024-07-12,CH0012032048,RHHVF.US,267.9812
2024-07-15,CH0012032048,RHHVF.US,269.5316
2024-07-16,CH0012032048,RHHVF.US,271.02
2024-07-17,CH0012032048,RHHVF.US,294.6003
2024-07-18,CH0012032048,RHHVF.US,294.9156
2024-07-19,CH0012032048,RHHVF.US,292.4399
2024-07-22,CH0012032048,RHHVF.US,295.6213
2024-07-23,CH0012032048,RHHVF.US,286.6025
2024-07-24,CH0012032048,RHHVF.US,292.2804
2024-07-25,CH0012032048,RHHVF.US,297.1849
2024-07-26,CH0012032048,RHHVF.US,300.4921
2024-07-29,CH0012032048,RHHVF.US,301.6971
2024-07-30,CH0012032048,RHHVF.US,301.393
2024-07-31,CH0012032048,RHHVF.US,301.2241
2024-08-01,CH0012032048,RHHVF.US,302.2376
2024-08-02,CH0012032048,RHHVF.US,312.2606
2024-08-05,CH0012032048,RHHVF.US,300.7642
2024-08-06,CH0012032048,RHHVF.US,300.9144
2024-08-07,CH0012032048,RHHVF.US,299.3565
2024-08-08,CH0012032048,RHHVF.US,299.3565
2024-08-09,CH0012032048,RHHVF.US,299.8351
2024-08-12,CH0012032048,RHHVF.US,299.9665
2024-08-13,CH0012032048,RHHVF.US,300.6234
2024-08-14,CH0012032048,RHHVF.US,304.3924
2024-08-15,CH0012032048,RHHVF.US,301.3179
2024-08-16,CH0012032048,RHHVF.US,301.8998
2024-08-19,CH0012032048,RHHVF.US,308.4654
2024-08-20,CH0012032048,RHHVF.US,308.4784
2024-08-21,CH0012032048,RHHVF.US,310.8936
2024-08-22,CH0012032048,RHHVF.US,311.3503
2024-08-23,CH0012032048,RHHVF.US,312.1902
2024-08-26,CH0012032048,RHHVF.US,313.7772
2024-08-27,CH0012032048,RHHVF.US,314.9286
2024-08-28,CH0012032048,RHHVF.US,315.3294
2024-08-29,CH0012032048,RHHVF.US,313.8579
2024-08-30,CH0012032048,RHHVF.US,315.3951
2024-09-03,CH0012032048,RHHVF.US,306.808
2024-09-04,CH0012032048,RHHVF.US,309.6798
2024-09-05,CH0012032048,RHHVF.US,303.6641
2024-09-06,CH0012032048,RHHVF.US,302.6187
2024-09-09,CH0012032048,RHHVF.US,292.7346
2024-09-10,CH0012032048,RHHVF.US,295.3736
2024-09-11,CH0012032048,RHHVF.US,296.7644
2024-09-12,CH0012032048,RHHVF.US,287.1769
2024-09-13,CH0012032048,RHHVF.US,289.4368
2024-09-16,CH0012032048,RHHVF.US,293.5885
2024-09-17,CH0012032048,RHHVF.US,297.7517
2024-09-18,CH0012032048,RHHVF.US,295.4993
2024-09-19,CH0012032048,RHHVF.US,298.1083
2024-09-20,CH0012032048,RHHVF.US,298.6508
2024-09-23,CH0012032048,RHHVF.US,293.9921
2024-09-24,CH0012032048,RHHVF.US,300.7154
2024-09-25,CH0012032048,RHHVF.US,297.6597
2024-09-26,CH0012032048,RHHVF.US,301.2522
2024-09-27,CH0012032048,RHHVF.US,302.1907
2024-09-30,CH0012032048,RHHVF.US,298.7089
2024-10-01,CH0012032048,RHHVF.US,293.2226
2024-10-02,CH0012032048,RHHVF.US,295.0095
2024-10-03,CH0012032048,RHHVF.US,287.71
2024-10-04,CH0012032048,RHHVF.US,281.8144
2024-10-07,CH0012032048,RHHVF.US,284.5729
2024-10-08,CH0012032048,RHHVF.US,287.3027
2024-10-09,CH0012032048,RHHVF.US,292.4587
2024-10-10,CH0012032048,RHHVF.US,288.4514
2024-10-11,CH0012032048,RHHVF.US,292.393
2024-10-14,CH0012032048,RHHVF.US,293.2751
2024-10-15,CH0012032048,RHHVF.US,295.6213
2024-10-16,CH0012032048,RHHVF.US,288.686
2024-10-17,CH0012032048,RHHVF.US,293.3483
2024-10-18,CH0012032048,RHHVF.US,293.3878
2024-10-21,CH0012032048,RHHVF.US,292.6839
2024-10-22,CH0012032048,RHHVF.US,294.4389
2024-10-23,CH0012032048,RHHVF.US,301.2522
2024-10-24,CH0012032048,RHHVF.US,301.2522
2024-10-25,CH0012032048,RHHVF.US,301.1086
2024-10-28,CH0012032048,RHHVF.US,298.4443
2024-10-29,CH0012032048,RHHVF.US,296.222
2024-10-30,CH0012032048,RHHVF.US,293.0837
2024-10-31,CH0012032048,RHHVF.US,289.1402
2024-11-01,CH0012032048,RHHVF.US,293.3596
2024-11-04,CH0012032048,RHHVF.US,293.2751
2024-11-05,CH0012032048,RHHVF.US,289.3223
2024-11-06,CH0012032048,RHHVF.US,283.6044
2024-11-07,CH0012032048,RHHVF.US,284.1925
2024-11-08,CH0012032048,RHHVF.US,281.394
2024-11-11,CH0012032048,RHHVF.US,281.6286
2024-11-12,CH0012032048,RHHVF.US,280.9435
2024-11-13,CH0012032048,RHHVF.US,276.7372
2024-11-14,CH0012032048,RHHVF.US,271.3053
2024-11-15,CH0012032048,RHHVF.US,262.8496
2024-11-18,CH0012032048,RHHVF.US,267.5045
2024-11-19,CH0012032048,RHHVF.US,265.2671
2024-11-20,CH0012032048,RHHVF.US,262.3804
2024-11-21,CH0012032048,RHHVF.US,267.5964
2024-11-22,CH0012032048,RHHVF.US,269.3796
2024-11-25,CH0012032048,RHHVF.US,269.3514
2024-11-26,CH0012032048,RHHVF.US,265.7167
2024-11-27,CH0012032048,RHHVF.US,264.6515
2024-11-29,CH0012032048,RHHVF.US,270.1848
2024-12-02,CH0012032048,RHHVF.US,267.9423
2024-12-03,CH0012032048,RHHVF.US,268.9051
2024-12-04,CH0012032048,RHHVF.US,267.4444
2024-12-05,CH0012032048,RHHVF.US,272.8303
2024-12-06,CH0012032048,RHHVF.US,270.8736
2024-12-09,CH0012032048,RHHVF.US,271.2584
2024-12-10,CH0012032048,RHHVF.US,269.0623
2024-12-11,CH0012032048,RHHVF.US,269.8976
2024-12-12,CH0012032048,RHHVF.US,271.1176
2024-12-13,CH0012032048,RHHVF.US,266.7255
2024-12-16,CH0012032048,RHHVF.US,266.2469
2024-12-17,CH0012032048,RHHVF.US,271.3109
2024-12-18,CH0012032048,RHHVF.US,270.014
2024-12-19,CH0012032048,RHHVF.US,260.6066
2024-12-20,CH0012032048,RHHVF.US,258.0821
2024-12-23,CH0012032048,RHHVF.US,258.2999
2024-12-24,CH0012032048,RHHVF.US,258.8564
2024-12-26,CH0012032048,RHHVF.US,264.1841
2024-12-27,CH0012032048,RHHVF.US,263.5812
2024-12-30,CH0012032048,RHHVF.US,267.4669
2024-12-31,CH0012032048,RHHVF.US,262.7745
2025-01-02,CH0012032048,RHHVF.US,256.3009
2025-01-03,CH0012032048,RHHVF.US,264.6515
2025-01-06,CH0012032048,RHHVF.US,267.4669
2025-01-07,CH0012032048,RHHVF.US,273.228
2025-01-08,CH0012032048,RHHVF.US,271.7933
2025-01-10,CH0012032048,RHHVF.US,270.9449
2025-01-13,CH0012032048,RHHVF.US,267.9362
2025-01-14,CH0012032048,RHHVF.US,269.6742
2025-01-15,CH0012032048,RHHVF.US,273.6684
2025-01-16,CH0012032048,RHHVF.US,276.65
2025-01-17,CH0012032048,RHHVF.US,270.9393
2025-01-21,CH0012032048,RHHVF.US,279.5657
2025-01-22,CH0012032048,RHHVF.US,285.5646
2025-01-23,CH0012032048,RHHVF.US,285.3375
2025-01-24,CH0012032048,RHHVF.US,286.5293
2025-01-27,CH0012032048,RHHVF.US,292.7121
2025-01-28,CH0012032048,RHHVF.US,290.5066
2025-01-29,CH0012032048,RHHVF.US,292.8998
2025-01-30,CH0012032048,RHHVF.US,296.954
2025-01-31,CH0012032048,RHHVF.US,293.7444
2025-02-03,CH0012032048,RHHVF.US,294.5609
2025-02-04,CH0012032048,RHHVF.US,296.9311
2025-02-05,CH0012032048,RHHVF.US,300.9143
2025-02-06,CH0012032048,RHHVF.US,297.4933
2025-02-07,CH0012032048,RHHVF.US,294.1385
2025-02-10,CH0012032048,RHHVF.US,296.2032
2025-02-11,CH0012032048,RHHVF.US,296.5598
2025-02-12,CH0012032048,RHHVF.US,297.5039
2025-02-13,CH0012032048,RHHVF.US,309.6986
2025-02-14,CH0012032048,RHHVF.US,306.641
2025-02-18,CH0012032048,RHHVF.US,306.8831
2025-02-19,CH0012032048,RHHVF.US,307.0708
2025-02-20,CH0012032048,RHHVF.US,304.0677
2025-02-21,CH0012032048,RHHVF.US,308.5198
2025-02-24,CH0012032048,RHHVF.US,314.391
2025-02-25,CH0012032048,RHHVF.US,314.9149
2025-02-26,CH0012032048,RHHVF.US,311.4535
2025-02-27,CH0012032048,RHHVF.US,310.8247
2025-02-28,CH0012032048,RHHVF.US,309.0862
2025-03-03,CH0012032048,RHHVF.US,317.0074
2025-03-04,CH0012032048,RHHVF.US,325.6452
2025-03-05,CH0012032048,RHHVF.US,320.3691
2025-03-06,CH0012032048,RHHVF.US,320.9603
2025-03-07,CH0012032048,RHHVF.US,325.1553
2025-03-10,CH0012032048,RHHVF.US,324.7142
2025-03-11,CH0012032048,RHHVF.US,318.0041
2025-03-12,CH0012032048,RHHVF.US,325.6527
2025-03-13,CH0012032048,RHHVF.US,320.7614
2025-03-14,CH0012032048,RHHVF.US,322.8504
2025-03-17,CH0012032048,RHHVF.US,329.8778
2025-03-18,CH0012032048,RHHVF.US,329.1889
2025-03-19,CH0012032048,RHHVF.US,327.0417
2025-03-20,CH0012032048,RHHVF.US,325.4744
2025-03-21,CH0012032048,RHHVF.US,329.0876
2025-03-24,CH0012032048,RHHVF.US,322.8223
2025-03-25,CH0012032048,RHHVF.US,323.8133
2025-03-26,CH0012032048,RHHVF.US,319.0834
2025-03-27,CH0012032048,RHHVF.US,311.0368
2025-03-28,CH0012032048,RHHVF.US,329.7099
2025-03-31,CH0012032048,RHHVF.US,317.3019
2025-04-01,CH0012032048,RHHVF.US,319.3715
2025-04-02,CH0012032048,RHHVF.US,318.7891
2025-04-03,CH0012032048,RHHVF.US,314.6538
2025-04-04,CH0012032048,RHHVF.US,293.1617
2025-04-07,CH0012032048,RHHVF.US,278.5541
2025-04-08,CH0012032048,RHHVF.US,278.6007
2025-04-09,CH0012032048,RHHVF.US,282.4447
2025-04-10,CH0012032048,RHHVF.US,286.8985
2025-04-11,CH0012032048,RHHVF.US,295.3362
2025-04-14,CH0012032048,RHHVF.US,294.5402
2025-04-15,CH0012032048,RHHVF.US,297.9649
2025-04-16,CH0012032048,RHHVF.US,298.4231
2025-04-17,CH0012032048,RHHVF.US,304.4436
2025-04-21,CH0012032048,RHHVF.US,297.8989
2025-04-22,CH0012032048,RHHVF.US,298.2406
2025-04-23,CH0012032048,RHHVF.US,303.9369
2025-04-24,CH0012032048,RHHVF.US,309.3497
2025-04-25,CH0012032048,RHHVF.US,308.7653
2025-04-28,CH0012032048,RHHVF.US,312.6929
2025-04-29,CH0012032048,RHHVF.US,316.8639
2025-04-30,CH0012032048,RHHVF.US,315.5663
2025-05-01,CH0012032048,RHHVF.US,312.1105
2025-05-02,CH0012032048,RHHVF.US,319.3715
2025-05-05,CH0012032048,RHHVF.US,323.4661
2025-05-06,CH0012032048,RHHVF.US,317.8572
2025-05-07,CH0012032048,RHHVF.US,310.4214
2025-05-08,CH0012032048,RHHVF.US,304.8304
2025-05-09,CH0012032048,RHHVF.US,299.3841
2025-05-12,CH0012032048,RHHVF.US,310.8291
2025-05-13,CH0012032048,RHHVF.US,295.6177
2025-05-14,CH0012032048,RHHVF.US,295.4798
2025-05-15,CH0012032048,RHHVF.US,300.8305
2025-05-16,CH0012032048,RHHVF.US,301.8692
2025-05-19,CH0012032048,RHHVF.US,302.5778
2025-05-20,CH0012032048,RHHVF.US,308.3382
2025-05-21,CH0012032048,RHHVF.US,304.7678
2025-05-22,CH0012032048,RHHVF.US,302.8691
2025-05-23,CH0012032048,RHHVF.US,304.0437
2025-05-27,CH0012032048,RHHVF.US,306.9461
2025-05-28,CH0012032048,RHHVF.US,303.5777
2025-05-29,CH0012032048,RHHVF.US,311.5086
2025-05-30,CH0012032048,RHHVF.US,313.8869
2025-06-02,CH0012032048,RHHVF.US,316.6535
2025-06-03,CH0012032048,RHHVF.US,311.6057
2025-06-04,CH0012032048,RHHVF.US,319.7695
2025-06-05,CH0012032048,RHHVF.US,316.2167
2025-06-06,CH0012032048,RHHVF.US,318.3309
2025-06-09,CH0012032048,RHHVF.US,318.1309
2025-06-10,CH0012032048,RHHVF.US,319.2473
2025-06-11,CH0012032048,RHHVF.US,318.9056
2025-06-12,CH0012032048,RHHVF.US,325.6668
2025-06-13,CH0012032048,RHHVF.US,323.4292
2025-06-16,CH0012032048,RHHVF.US,312.5638
2025-06-17,CH0012032048,RHHVF.US,311.727
2025-06-18,CH0012032048,RHHVF.US,309.1788
2025-06-20,CH0012032048,RHHVF.US,301.6362
2025-06-23,CH0012032048,RHHVF.US,302.4691
2025-06-24,CH0012032048,RHHVF.US,313.6384
2025-06-25,CH0012032048,RHHVF.US,309.3594
2025-06-26,CH0012032048,RHHVF.US,319.3715
2025-06-27,CH0012032048,RHHVF.US,314.1199
2025-06-30,CH0012032048,RHHVF.US,315.0809
2025-07-01,CH0012032048,RHHVF.US,321.1334
2025-07-02,CH0012032048,RHHVF.US,320.3423
2025-07-03,CH0012032048,RHHVF.US,311.0231
2025-07-07,CH0012032048,RHHVF.US,313.6714
2025-07-08,CH0012032048,RHHVF.US,309.0624
2025-07-09,CH0012032048,RHHVF.US,317.2188
2025-07-10,CH0012032048,RHHVF.US,320.7755
2025-07-11,CH0012032048,RHHVF.US,314.9974
2025-07-14,CH0012032048,RHHVF.US,311.627
2025-07-15,CH0012032048,RHHVF.US,306.6899
2025-07-16,CH0012032048,RHHVF.US,311.6057
2025-07-17,CH0012032048,RHHVF.US,310.9708
2025-07-18,CH0012032048,RHHVF.US,315.0595
2025-07-21,CH0012032048,RHHVF.US,312.0483
2025-07-22,CH0012032048,RHHVF.US,308.014
2025-07-23,CH0012032048,RHHVF.US,319.8957
2025-07-24,CH0012032048,RHHVF.US,324.1767
2025-07-25,CH0012032048,RHHVF.US,320.8451
2025-07-28,CH0012032048,RHHVF.US,317.4689
2025-07-29,CH0012032048,RHHVF.US,313.6054
2025-07-30,CH0012032048,RHHVF.US,312.4269
2025-07-31,CH0012032048,RHHVF.US,307.5286
2025-08-01,CH0012032048,RHHVF.US,307.3014
2025-08-04,CH0012032048,RHHVF.US,307.4839
2025-08-05,CH0012032048,RHHVF.US,305.7628
2025-08-06,CH0012032048,RHHVF.US,296.9165
2025-08-07,CH0012032048,RHHVF.US,298.0154
2025-08-08,CH0012032048,RHHVF.US,296.0739
2025-08-11,CH0012032048,RHHVF.US,292.191
2025-08-12,CH0012032048,RHHVF.US,297.6252
2025-08-13,CH0012032048,RHHVF.US,298.1086
2025-08-14,CH0012032048,RHHVF.US,297.763
2025-08-15,CH0012032048,RHHVF.US,310.6349
2025-08-18,CH0012032048,RHHVF.US,308.6935
2025-08-19,CH0012032048,RHHVF.US,315.0984
2025-08-20,CH0012032048,RHHVF.US,318.5231
2025-08-21,CH0012032048,RHHVF.US,314.8576
2025-08-22,CH0012032048,RHHVF.US,317.2124
2025-08-25,CH0012032048,RHHVF.US,309.2565
2025-08-26,CH0012032048,RHHVF.US,310.4641
2025-08-27,CH0012032048,RHHVF.US,318.7891
2025-08-28,CH0012032048,RHHVF.US,313.0501
2025-08-29,CH0012032048,RHHVF.US,316.0322
2025-09-02,CH0012032048,RHHVF.US,314.4053
2025-09-03,CH0012032048,RHHVF.US,326.058
2025-09-04,CH0012032048,RHHVF.US,331.6077
2025-09-05,CH0012032048,RHHVF.US,333.9326
2025-09-08,CH0012032048,RHHVF.US,330.7835
2025-09-09,CH0012032048,RHHVF.US,329.2983
2025-09-10,CH0012032048,RHHVF.US,325.7007
2025-09-11,CH0012032048,RHHVF.US,328.6867
2025-09-12,CH0012032048,RHHVF.US,320.8374
2025-09-15,CH0012032048,RHHVF.US,320.7675
2025-09-16,CH0012032048,RHHVF.US,319.5948
2025-09-17,CH0012032048,RHHVF.US,322.1148
2025-09-18,CH0012032048,RHHVF.US,316.6826
2025-09-19,CH0012032048,RHHVF.US,326.8326
2025-09-22,CH0012032048,RHHVF.US,334.7499
2025-09-23,CH0012032048,RHHVF.US,327.1763
2025-09-24,CH0012032048,RHHVF.US,316.0322
2025-09-25,CH0012032048,RHHVF.US,312.1182
2025-09-26,CH0012032048,RHHVF.US,309.7593
2025-09-29,CH0012032048,RHHVF.US,313.6384
2025-09-30,CH0012032048,RHHVF.US,320.3665
2025-10-01,CH0012032048,RHHVF.US,342.8827
2025-10-02,CH0012032048,RHHVF.US,343.0963
2025-10-03,CH0012032048,RHHVF.US,349.6051
2025-10-06,CH0012032048,RHHVF.US,350.278
2025-10-07,CH0012032048,RHHVF.US,352.2328
2025-10-08,CH0012032048,RHHVF.US,351.3902
2025-10-09,CH0012032048,RHHVF.US,351.0175
2025-10-10,CH0012032048,RHHVF.US,346.5521
2025-10-13,CH0012032048,RHHVF.US,347.3539
2025-10-14,CH0012032048,RHHVF.US,346.2589
2025-10-15,CH0012032048,RHHVF.US,340.9995
2025-10-16,CH0012032048,RHHVF.US,351.4368
2025-10-17,CH0012032048,RHHVF.US,350.3593
2025-10-20,CH0012032048,RHHVF.US,346.455
2025-10-21,CH0012032048,RHHVF.US,344.7951
2025-10-22,CH0012032048,RHHVF.US,344.5
2025-10-23,CH0012032048,RHHVF.US,329.7293
2025-10-24,CH0012032048,RHHVF.US,327.9528
2025-10-27,CH0012032048,RHHVF.US,321.711
2025-10-28,CH0012032048,RHHVF.US,318.2746
2025-10-29,CH0012032048,RHHVF.US,314.8246
2025-10-30,CH0012032048,RHHVF.US,316.3914
2025-10-31,CH0012032048,RHHVF.US,314.8324
2025-11-03,CH0012032048,RHHVF.US,310.0603
2025-11-04,CH0012032048,RHHVF.US,316.0371
2025-11-05,CH0012032048,RHHVF.US,313.1588
2025-11-06,CH0012032048,RHHVF.US,316.7506
2025-11-07,CH0012032048,RHHVF.US,325.867
2025-11-10,CH0012032048,RHHVF.US,340.0191
2025-11-11,CH0012032048,RHHVF.US,347.6393
2025-11-12,CH0012032048,RHHVF.US,351.4058
2025-11-13,CH0012032048,RHHVF.US,353.5006
2025-11-14,CH0012032048,RHHVF.US,349.5226
2025-11-17,CH0012032048,RHHVF.US,351.2873
2025-11-18,CH0012032048,RHHVF.US,382.3411
2025-11-19,CH0012032048,RHHVF.US,371.7912
2025-11-20,CH0012032048,RHHVF.US,371.7278
2025-11-21,CH0012032048,RHHVF.US,380.5278
2025-11-24,CH0012032048,RHHVF.US,370.8205
2025-11-25,CH0012032048,RHHVF.US,379.0568
2025-11-26,CH0012032048,RHHVF.US,375.6402
2025-11-28,CH0012032048,RHHVF.US,371.7912
2025-12-01,CH0012032048,RHHVF.US,377.8796
2025-12-02,CH0012032048,RHHVF.US,374.4703
2025-12-03,CH0012032048,RHHVF.US,381.7188
2025-12-04,CH0012032048,RHHVF.US,383.6264
2025-12-05,CH0012032048,RHHVF.US,372.2397
2025-12-08,CH0012032048,RHHVF.US,382.6324
2025-12-09,CH0012032048,RHHVF.US,379.9842
2025-12-10,CH0012032048,RHHVF.US,392.4872
2025-12-11,CH0012032048,RHHVF.US,385.3426
2025-12-12,CH0012032048,RHHVF.US,392.8814
2025-12-15,CH0012032048,RHHVF.US,390.3963
2025-12-16,CH0012032048,RHHVF.US,387.4783
2025-12-17,CH0012032048,RHHVF.US,381.0578
2025-12-18,CH0012032048,RHHVF.US,388.6189
2025-12-19,CH0012032048,RHHVF.US,403.9322
2025-12-22,CH0012032048,RHHVF.US,396.4343
2025-12-23,CH0012032048,RHHVF.US,406.9949
2025-12-24,CH0012032048,RHHVF.US,403.1508
2025-12-26,CH0012032048,RHHVF.US,391.9436
2025-12-29,CH0012032048,RHHVF.US,397.7059
2025-12-30,CH0012032048,RHHVF.US,390.371
2025-12-31,CH0012032048,RHHVF.US,400.8307
2026-01-02,CH0012032048,RHHVF.US,392.0058
2026-01-05,CH0012032048,RHHVF.US,400.3806
2026-01-06,CH0012032048,RHHVF.US,404.7903
2026-01-07,CH0012032048,RHHVF.US,408.9508
2026-01-08,CH0012032048,RHHVF.US,407.7084
2026-01-09,CH0012032048,RHHVF.US,409.1742
2026-01-12,CH0012032048,RHHVF.US,414.3142
2026-01-13,CH0012032048,RHHVF.US,413.5328
2026-01-14,CH0012032048,RHHVF.US,410.2827
2026-01-15,CH0012032048,RHHVF.US,428.5325
2026-01-16,CH0012032048,RHHVF.US,426.3076
2026-01-20,CH0012032048,RHHVF.US,426.9037
2026-01-21,CH0012032048,RHHVF.US,425.8417
2026-01-22,CH0012032048,RHHVF.US,422.847
2026-01-23,CH0012032048,RHHVF.US,430.0352
2026-01-26,CH0012032048,RHHVF.US,433.1144
2026-01-27,CH0012032048,RHHVF.US,437.8399
2026-01-28,CH0012032048,RHHVF.US,411.5913
2026-01-29,CH0012032048,RHHVF.US,454.8996
2026-01-30,CH0012032048,RHHVF.US,430.1711
2026-02-02,CH0012032048,RHHVF.US,441.3108
2026-02-03,CH0012032048,RHHVF.US,438.966
2026-02-04,CH0012032048,RHHVF.US,445.1107
2026-02-05,CH0012032048,RHHVF.US,443.6255
2026-02-06,CH0012032048,RHHVF.US,446.8328
2026-02-09,CH0012032048,RHHVF.US,441.1793
2026-02-10,CH0012032048,RHHVF.US,451.4011
2026-02-11,CH0012032048,RHHVF.US,453.0319
2026-02-12,CH0012032048,RHHVF.US,452.6359
2026-02-13,CH0012032048,RHHVF.US,464.6516
2026-02-17,CH0012032048,RHHVF.US,472.8485
2026-02-18,CH0012032048,RHHVF.US,464.866
2026-02-19,CH0012032048,RHHVF.US,463.4625
2026-02-20,CH0012032048,RHHVF.US,465.9524
2026-02-23,CH0012032048,RHHVF.US,465.9524
2026-02-24,CH0012032048,RHHVF.US,468.4375
2026-02-25,CH0012032048,RHHVF.US,459.2194
2026-02-26,CH0012032048,RHHVF.US,465.9524
2026-02-27,CH0012032048,RHHVF.US,465.9524
2026-03-02,CH0012032048,RHHVF.US,456.8275
2026-03-03,CH0012032048,RHHVF.US,439.0145
2026-03-04,CH0012032048,RHHVF.US,450.6051
2026-03-05,CH0012032048,RHHVF.US,435.8888
2026-03-06,CH0012032048,RHHVF.US,426.2217
2026-03-09,CH0012032048,RHHVF.US,425.1719
2026-03-10,CH0012032048,RHHVF.US,425.3835
2026-03-11,CH0012032048,RHHVF.US,414.2317
2026-03-12,CH0012032048,RHHVF.US,430.0
2026-03-13,CH0012032048,RHHVF.US,418.84
2026-03-16,CH0012032048,RHHVF.US,402.89
2026-03-17,CH0012032048,RHHVF.US,432.8
2026-03-18,CH0012032048,RHHVF.US,385.23
2026-03-19,CH0012032048,RHHVF.US,371.06
2026-03-20,CH0012032048,RHHVF.US,395.01
2026-03-23,CH0012032048,RHHVF.US,387.28
2026-03-24,CH0012032048,RHHVF.US,396.11
2026-03-25,CH0012032048,RHHVF.US,394.17
2026-03-26,CH0012032048,RHHVF.US,393.97
2026-03-27,CH0012032048,RHHVF.US,390.0
2026-03-30,CH0012032048,RHHVF.US,381.48
2026-03-31,CH0012032048,RHHVF.US,370.48
2026-04-01,CH0012032048,RHHVF.US,402.85
2026-04-02,CH0012032048,RHHVF.US,404.0
2026-04-06,CH0012032048,RHHVF.US,402.9
2026-04-07,CH0012032048,RHHVF.US,387.32
2026-04-08,CH0012032048,RHHVF.US,400.0
2026-04-09,CH0012032048,RHHVF.US,381.84
2026-04-10,CH0012032048,RHHVF.US,401.04
2026-04-13,CH0012032048,RHHVF.US,403.51
2026-04-14,CH0012032048,RHHVF.US,387.1
2026-04-15,CH0012032048,RHHVF.US,417.0
2026-04-16,CH0012032048,RHHVF.US,413.48
2026-04-17,CH0012032048,RHHVF.US,405.0
2026-04-20,CH0012032048,RHHVF.US,412.58
2026-04-21,CH0012032048,RHHVF.US,400.0
2026-04-22,CH0012032048,RHHVF.US,406.0
2026-04-23,CH0012032048,RHHVF.US,414.62
2026-04-24,CH0012032048,RHHVF.US,413.0
2022-05-02,CH0012214059,HOLN.SW,21.6251
2024-09-02,CH0012221716,ABBN.SW,47.3504
2025-09-01,CH0012221716,ABBN.SW,56.4841
2022-05-02,CH0013841017,LONN.SW,566.1109
2024-09-02,CH0038863350,NESN.SW,81.9698
2025-09-01,CH0038863350,NESN.SW,73.07
2024-09-02,CH0432492467,ALC.SW,84.32
2025-09-01,CH0432492467,ALC.SW,59.26
2020-04-27,US0079031078,AMD.US,56.49
2020-04-28,US0079031078,AMD.US,55.51
2020-04-29,US0079031078,AMD.US,53.66
2020-04-30,US0079031078,AMD.US,52.39
2020-05-01,US0079031078,AMD.US,49.88
2020-05-04,US0079031078,AMD.US,52.56
2020-05-05,US0079031078,AMD.US,52.19
2020-05-06,US0079031078,AMD.US,52.16
2020-05-07,US0079031078,AMD.US,51.95
2020-05-08,US0079031078,AMD.US,53.19
2020-05-11,US0079031078,AMD.US,55.74
2020-05-12,US0079031078,AMD.US,53.76
2020-05-13,US0079031078,AMD.US,52.18
2020-05-14,US0079031078,AMD.US,54.51
2020-05-15,US0079031078,AMD.US,54.2
2020-05-18,US0079031078,AMD.US,54.59
2020-05-19,US0079031078,AMD.US,55.47
2020-05-20,US0079031078,AMD.US,56.39
2020-05-21,US0079031078,AMD.US,54.65
2020-05-22,US0079031078,AMD.US,55.17
2020-05-26,US0079031078,AMD.US,53.19
2020-05-27,US0079031078,AMD.US,52.74
2020-05-28,US0079031078,AMD.US,51.74
2020-05-29,US0079031078,AMD.US,53.8
2020-06-01,US0079031078,AMD.US,53.63
2020-06-02,US0079031078,AMD.US,53.54
2020-06-03,US0079031078,AMD.US,52.73
2020-06-04,US0079031078,AMD.US,52.63
2020-06-05,US0079031078,AMD.US,53.1
2020-06-08,US0079031078,AMD.US,52.97
2020-06-09,US0079031078,AMD.US,56.39
2020-06-10,US0079031078,AMD.US,57.44
2020-06-11,US0079031078,AMD.US,52.83
2020-06-12,US0079031078,AMD.US,53.5
2020-06-15,US0079031078,AMD.US,54.68
2020-06-16,US0079031078,AMD.US,54.46
2020-06-17,US0079031078,AMD.US,54.55
2020-06-18,US0079031078,AMD.US,54.04
2020-06-19,US0079031078,AMD.US,54.23
2020-06-22,US0079031078,AMD.US,54.76
2020-06-23,US0079031078,AMD.US,53.99
2020-06-24,US0079031078,AMD.US,52.39
2020-06-25,US0079031078,AMD.US,51.93
2020-06-26,US0079031078,AMD.US,50.1
2020-06-29,US0079031078,AMD.US,50.28
2020-06-30,US0079031078,AMD.US,52.61
2020-07-01,US0079031078,AMD.US,52.58
2020-07-02,US0079031078,AMD.US,52.34
2020-07-06,US0079031078,AMD.US,53.4
2020-07-07,US0079031078,AMD.US,52.93
2020-07-08,US0079031078,AMD.US,53.43
2020-07-09,US0079031078,AMD.US,57.26
2020-07-10,US0079031078,AMD.US,55.88
2020-07-13,US0079031078,AMD.US,53.59
2020-07-14,US0079031078,AMD.US,54.72
2020-07-15,US0079031078,AMD.US,55.34
2020-07-16,US0079031078,AMD.US,54.92
2020-07-17,US0079031078,AMD.US,55.04
2020-07-20,US0079031078,AMD.US,57.46
2020-07-21,US0079031078,AMD.US,57.0
2020-07-22,US0079031078,AMD.US,61.79
2020-07-23,US0079031078,AMD.US,59.57
2020-07-24,US0079031078,AMD.US,69.4
2020-07-27,US0079031078,AMD.US,68.97
2020-07-28,US0079031078,AMD.US,67.61
2020-07-29,US0079031078,AMD.US,76.09
2020-07-30,US0079031078,AMD.US,78.2
2020-07-31,US0079031078,AMD.US,77.43
2020-08-03,US0079031078,AMD.US,77.67
2020-08-04,US0079031078,AMD.US,85.04
2020-08-05,US0079031078,AMD.US,85.31
2020-08-06,US0079031078,AMD.US,86.71
2020-08-07,US0079031078,AMD.US,84.85
2020-08-10,US0079031078,AMD.US,82.24
2020-08-11,US0079031078,AMD.US,76.88
2020-08-12,US0079031078,AMD.US,82.61
2020-08-13,US0079031078,AMD.US,81.84
2020-08-14,US0079031078,AMD.US,81.3
2020-08-17,US0079031078,AMD.US,82.42
2020-08-18,US0079031078,AMD.US,81.66
2020-08-19,US0079031078,AMD.US,81.09
2020-08-20,US0079031078,AMD.US,82.77
2020-08-21,US0079031078,AMD.US,83.81
2020-08-24,US0079031078,AMD.US,83.08
2020-08-25,US0079031078,AMD.US,86.35
2020-08-26,US0079031078,AMD.US,86.02
2020-08-27,US0079031078,AMD.US,83.8
2020-08-28,US0079031078,AMD.US,85.55
2020-08-31,US0079031078,AMD.US,90.82
2020-09-01,US0079031078,AMD.US,92.18
2020-09-02,US0079031078,AMD.US,90.22
2020-09-03,US0079031078,AMD.US,82.54
2020-09-04,US0079031078,AMD.US,82.01
2020-09-08,US0079031078,AMD.US,78.69
2020-09-09,US0079031078,AMD.US,81.91
2020-09-10,US0079031078,AMD.US,78.98
2020-09-11,US0079031078,AMD.US,76.34
2020-09-14,US0079031078,AMD.US,77.9
2020-09-15,US0079031078,AMD.US,78.93
2020-09-16,US0079031078,AMD.US,76.66
2020-09-17,US0079031078,AMD.US,76.55
2020-09-18,US0079031078,AMD.US,74.93
2020-09-21,US0079031078,AMD.US,77.94
2020-09-22,US0079031078,AMD.US,77.7
2020-09-23,US0079031078,AMD.US,74.73
2020-09-24,US0079031078,AMD.US,75.82
2020-09-25,US0079031078,AMD.US,78.06
2020-09-28,US0079031078,AMD.US,79.48
2020-09-29,US0079031078,AMD.US,81.77
2020-09-30,US0079031078,AMD.US,81.99
2020-10-01,US0079031078,AMD.US,84.86
2020-10-02,US0079031078,AMD.US,81.8
2020-10-05,US0079031078,AMD.US,86.15
2020-10-06,US0079031078,AMD.US,84.48
2020-10-07,US0079031078,AMD.US,86.69
2020-10-08,US0079031078,AMD.US,86.51
2020-10-09,US0079031078,AMD.US,83.1
2020-10-12,US0079031078,AMD.US,84.29
2020-10-13,US0079031078,AMD.US,85.28
2020-10-14,US0079031078,AMD.US,84.21
2020-10-15,US0079031078,AMD.US,83.13
2020-10-16,US0079031078,AMD.US,83.17
2020-10-19,US0079031078,AMD.US,82.0
2020-10-20,US0079031078,AMD.US,81.56
2020-10-21,US0079031078,AMD.US,79.2
2020-10-22,US0079031078,AMD.US,79.42
2020-10-23,US0079031078,AMD.US,81.96
2020-10-26,US0079031078,AMD.US,82.23
2020-10-27,US0079031078,AMD.US,78.88
2020-10-28,US0079031078,AMD.US,76.4
2020-10-29,US0079031078,AMD.US,78.02
2020-10-30,US0079031078,AMD.US,75.29
2020-11-02,US0079031078,AMD.US,74.7
2020-11-03,US0079031078,AMD.US,76.58
2020-11-04,US0079031078,AMD.US,81.35
2020-11-05,US0079031078,AMD.US,83.0
2020-11-06,US0079031078,AMD.US,85.88
2020-11-09,US0079031078,AMD.US,83.12
2020-11-10,US0079031078,AMD.US,77.99
2020-11-11,US0079031078,AMD.US,81.28
2020-11-12,US0079031078,AMD.US,81.84
2020-11-13,US0079031078,AMD.US,81.43
2020-11-16,US0079031078,AMD.US,83.73
2020-11-17,US0079031078,AMD.US,83.36
2020-11-18,US0079031078,AMD.US,82.54
2020-11-19,US0079031078,AMD.US,85.54
2020-11-20,US0079031078,AMD.US,84.64
2020-11-23,US0079031078,AMD.US,85.31
2020-11-24,US0079031078,AMD.US,85.07
2020-11-25,US0079031078,AMD.US,86.71
2020-11-27,US0079031078,AMD.US,87.19
2020-11-30,US0079031078,AMD.US,92.66
2020-12-01,US0079031078,AMD.US,92.63
2020-12-02,US0079031078,AMD.US,93.74
2020-12-03,US0079031078,AMD.US,92.31
2020-12-04,US0079031078,AMD.US,94.04
2020-12-07,US0079031078,AMD.US,94.07
2020-12-08,US0079031078,AMD.US,92.92
2020-12-09,US0079031078,AMD.US,89.83
2020-12-10,US0079031078,AMD.US,91.66
2020-12-11,US0079031078,AMD.US,91.65
2020-12-14,US0079031078,AMD.US,94.78
2020-12-15,US0079031078,AMD.US,97.12
2020-12-16,US0079031078,AMD.US,96.85
2020-12-17,US0079031078,AMD.US,96.84
2020-12-18,US0079031078,AMD.US,95.92
2020-12-21,US0079031078,AMD.US,93.23
2020-12-22,US0079031078,AMD.US,93.16
2020-12-23,US0079031078,AMD.US,91.55
2020-12-24,US0079031078,AMD.US,91.81
2020-12-28,US0079031078,AMD.US,91.6
2020-12-29,US0079031078,AMD.US,90.62
2020-12-30,US0079031078,AMD.US,92.29
2020-12-31,US0079031078,AMD.US,91.71
2021-01-04,US0079031078,AMD.US,92.3
2021-01-05,US0079031078,AMD.US,92.77
2021-01-06,US0079031078,AMD.US,90.33
2021-01-07,US0079031078,AMD.US,95.16
2021-01-08,US0079031078,AMD.US,94.58
2021-01-11,US0079031078,AMD.US,97.25
2021-01-12,US0079031078,AMD.US,95.36
2021-01-13,US0079031078,AMD.US,91.78
2021-01-14,US0079031078,AMD.US,90.79
2021-01-15,US0079031078,AMD.US,88.21
2021-01-19,US0079031078,AMD.US,89.45
2021-01-20,US0079031078,AMD.US,88.75
2021-01-21,US0079031078,AMD.US,91.53
2021-01-22,US0079031078,AMD.US,92.79
2021-01-25,US0079031078,AMD.US,94.13
2021-01-26,US0079031078,AMD.US,94.71
2021-01-27,US0079031078,AMD.US,88.84
2021-01-28,US0079031078,AMD.US,87.52
2021-01-29,US0079031078,AMD.US,85.64
2021-02-01,US0079031078,AMD.US,87.66
2021-02-02,US0079031078,AMD.US,88.86
2021-02-03,US0079031078,AMD.US,87.89
2021-02-04,US0079031078,AMD.US,87.84
2021-02-05,US0079031078,AMD.US,87.9
2021-02-08,US0079031078,AMD.US,91.47
2021-02-09,US0079031078,AMD.US,90.91
2021-02-10,US0079031078,AMD.US,92.35
2021-02-11,US0079031078,AMD.US,92.66
2021-02-12,US0079031078,AMD.US,93.77
2021-02-16,US0079031078,AMD.US,91.46
2021-02-17,US0079031078,AMD.US,89.94
2021-02-18,US0079031078,AMD.US,88.64
2021-02-19,US0079031078,AMD.US,89.58
2021-02-22,US0079031078,AMD.US,85.37
2021-02-23,US0079031078,AMD.US,84.74
2021-02-24,US0079031078,AMD.US,86.94
2021-02-25,US0079031078,AMD.US,82.42
2021-02-26,US0079031078,AMD.US,84.51
2021-03-01,US0079031078,AMD.US,86.39
2021-03-02,US0079031078,AMD.US,84.13
2021-03-03,US0079031078,AMD.US,80.86
2021-03-04,US0079031078,AMD.US,77.75
2021-03-05,US0079031078,AMD.US,78.52
2021-03-08,US0079031078,AMD.US,73.96
2021-03-09,US0079031078,AMD.US,78.53
2021-03-10,US0079031078,AMD.US,77.52
2021-03-11,US0079031078,AMD.US,81.23
2021-03-12,US0079031078,AMD.US,81.05
2021-03-15,US0079031078,AMD.US,82.5
2021-03-16,US0079031078,AMD.US,82.75
2021-03-17,US0079031078,AMD.US,82.63
2021-03-18,US0079031078,AMD.US,78.12
2021-03-19,US0079031078,AMD.US,79.06
2021-03-22,US0079031078,AMD.US,80.3
2021-03-23,US0079031078,AMD.US,78.38
2021-03-24,US0079031078,AMD.US,76.48
2021-03-25,US0079031078,AMD.US,76.22
2021-03-26,US0079031078,AMD.US,77.41
2021-03-29,US0079031078,AMD.US,77.14
2021-03-30,US0079031078,AMD.US,76.0
2021-03-31,US0079031078,AMD.US,78.5
2021-04-01,US0079031078,AMD.US,81.09
2021-04-05,US0079031078,AMD.US,81.43
2021-04-06,US0079031078,AMD.US,81.44
2021-04-07,US0079031078,AMD.US,82.2
2021-04-08,US0079031078,AMD.US,83.35
2021-04-09,US0079031078,AMD.US,82.76
2021-04-12,US0079031078,AMD.US,78.58
2021-04-13,US0079031078,AMD.US,80.19
2021-04-14,US0079031078,AMD.US,78.55
2021-04-15,US0079031078,AMD.US,83.01
2021-04-16,US0079031078,AMD.US,82.15
2021-04-19,US0079031078,AMD.US,81.11
2021-04-20,US0079031078,AMD.US,79.27
2021-04-21,US0079031078,AMD.US,81.61
2021-04-22,US0079031078,AMD.US,79.06
2021-04-23,US0079031078,AMD.US,82.76
2021-04-26,US0079031078,AMD.US,85.41
2021-04-27,US0079031078,AMD.US,85.21
2021-04-28,US0079031078,AMD.US,84.02
2021-04-29,US0079031078,AMD.US,83.91
2021-04-30,US0079031078,AMD.US,81.62
2021-05-03,US0079031078,AMD.US,78.55
2021-05-04,US0079031078,AMD.US,78.61
2021-05-05,US0079031078,AMD.US,77.83
2021-05-06,US0079031078,AMD.US,77.89
2021-05-07,US0079031078,AMD.US,78.81
2021-05-10,US0079031078,AMD.US,75.99
2021-05-11,US0079031078,AMD.US,76.83
2021-05-12,US0079031078,AMD.US,74.64
2021-05-13,US0079031078,AMD.US,73.09
2021-05-14,US0079031078,AMD.US,74.59
2021-05-17,US0079031078,AMD.US,74.65
2021-05-18,US0079031078,AMD.US,74.44
2021-05-19,US0079031078,AMD.US,76.23
2021-05-20,US0079031078,AMD.US,78.06
2021-05-21,US0079031078,AMD.US,77.17
2021-05-24,US0079031078,AMD.US,77.44
2021-05-25,US0079031078,AMD.US,77.86
2021-05-26,US0079031078,AMD.US,78.34
2021-05-27,US0079031078,AMD.US,78.42
2021-05-28,US0079031078,AMD.US,80.08
2021-06-01,US0079031078,AMD.US,80.81
2021-06-02,US0079031078,AMD.US,81.97
2021-06-03,US0079031078,AMD.US,80.28
2021-06-04,US0079031078,AMD.US,81.58
2021-06-07,US0079031078,AMD.US,81.35
2021-06-08,US0079031078,AMD.US,80.89
2021-06-09,US0079031078,AMD.US,79.96
2021-06-10,US0079031078,AMD.US,81.56
2021-06-11,US0079031078,AMD.US,81.31
2021-06-14,US0079031078,AMD.US,81.55
2021-06-15,US0079031078,AMD.US,80.47
2021-06-16,US0079031078,AMD.US,80.11
2021-06-17,US0079031078,AMD.US,84.56
2021-06-18,US0079031078,AMD.US,84.65
2021-06-21,US0079031078,AMD.US,82.59
2021-06-22,US0079031078,AMD.US,83.58
2021-06-23,US0079031078,AMD.US,83.82
2021-06-24,US0079031078,AMD.US,86.1
2021-06-25,US0079031078,AMD.US,85.62
2021-06-28,US0079031078,AMD.US,87.08
2021-06-29,US0079031078,AMD.US,89.52
2021-06-30,US0079031078,AMD.US,93.93
2021-07-01,US0079031078,AMD.US,93.31
2021-07-02,US0079031078,AMD.US,94.7
2021-07-06,US0079031078,AMD.US,94.47
2021-07-07,US0079031078,AMD.US,90.54
2021-07-08,US0079031078,AMD.US,89.74
2021-07-09,US0079031078,AMD.US,90.9
2021-07-12,US0079031078,AMD.US,90.81
2021-07-13,US0079031078,AMD.US,90.26
2021-07-14,US0079031078,AMD.US,89.05
2021-07-15,US0079031078,AMD.US,86.93
2021-07-16,US0079031078,AMD.US,85.89
2021-07-19,US0079031078,AMD.US,86.58
2021-07-20,US0079031078,AMD.US,87.11
2021-07-21,US0079031078,AMD.US,89.41
2021-07-22,US0079031078,AMD.US,91.21
2021-07-23,US0079031078,AMD.US,92.15
2021-07-26,US0079031078,AMD.US,91.82
2021-07-27,US0079031078,AMD.US,91.03
2021-07-28,US0079031078,AMD.US,97.93
2021-07-29,US0079031078,AMD.US,102.95
2021-07-30,US0079031078,AMD.US,106.19
2021-08-02,US0079031078,AMD.US,108.63
2021-08-03,US0079031078,AMD.US,112.56
2021-08-04,US0079031078,AMD.US,118.77
2021-08-05,US0079031078,AMD.US,112.35
2021-08-06,US0079031078,AMD.US,110.11
2021-08-09,US0079031078,AMD.US,107.58
2021-08-10,US0079031078,AMD.US,106.48
2021-08-11,US0079031078,AMD.US,107.68
2021-08-12,US0079031078,AMD.US,106.5
2021-08-13,US0079031078,AMD.US,110.55
2021-08-16,US0079031078,AMD.US,107.48
2021-08-17,US0079031078,AMD.US,107.56
2021-08-18,US0079031078,AMD.US,103.44
2021-08-19,US0079031078,AMD.US,103.7
2021-08-20,US0079031078,AMD.US,104.65
2021-08-23,US0079031078,AMD.US,108.77
2021-08-24,US0079031078,AMD.US,107.65
2021-08-25,US0079031078,AMD.US,108.3
2021-08-26,US0079031078,AMD.US,107.27
2021-08-27,US0079031078,AMD.US,111.4
2021-08-30,US0079031078,AMD.US,111.32
2021-08-31,US0079031078,AMD.US,110.72
2021-09-01,US0079031078,AMD.US,109.99
2021-09-02,US0079031078,AMD.US,109.2
2021-09-03,US0079031078,AMD.US,109.92
2021-09-07,US0079031078,AMD.US,109.15
2021-09-08,US0079031078,AMD.US,106.17
2021-09-09,US0079031078,AMD.US,106.15
2021-09-10,US0079031078,AMD.US,105.2
2021-09-13,US0079031078,AMD.US,104.8
2021-09-14,US0079031078,AMD.US,105.73
2021-09-15,US0079031078,AMD.US,105.6
2021-09-16,US0079031078,AMD.US,106.22
2021-09-17,US0079031078,AMD.US,103.88
2021-09-20,US0079031078,AMD.US,101.55
2021-09-21,US0079031078,AMD.US,102.82
2021-09-22,US0079031078,AMD.US,104.38
2021-09-23,US0079031078,AMD.US,106.15
2021-09-24,US0079031078,AMD.US,105.8
2021-09-27,US0079031078,AMD.US,108.16
2021-09-28,US0079031078,AMD.US,101.52
2021-09-29,US0079031078,AMD.US,100.35
2021-09-30,US0079031078,AMD.US,102.9
2021-10-01,US0079031078,AMD.US,102.45
2021-10-04,US0079031078,AMD.US,100.34
2021-10-05,US0079031078,AMD.US,101.81
2021-10-06,US0079031078,AMD.US,103.64
2021-10-07,US0079031078,AMD.US,106.45
2021-10-08,US0079031078,AMD.US,105.06
2021-10-11,US0079031078,AMD.US,104.68
2021-10-12,US0079031078,AMD.US,105.04
2021-10-13,US0079031078,AMD.US,109.16
2021-10-14,US0079031078,AMD.US,111.99
2021-10-15,US0079031078,AMD.US,112.12
2021-10-18,US0079031078,AMD.US,116.43
2021-10-19,US0079031078,AMD.US,116.33
2021-10-20,US0079031078,AMD.US,116.39
2021-10-21,US0079031078,AMD.US,119.33
2021-10-22,US0079031078,AMD.US,119.82
2021-10-25,US0079031078,AMD.US,122.36
2021-10-26,US0079031078,AMD.US,122.93
2021-10-27,US0079031078,AMD.US,122.28
2021-10-28,US0079031078,AMD.US,121.16
2021-10-29,US0079031078,AMD.US,120.23
2021-11-01,US0079031078,AMD.US,125.23
2021-11-02,US0079031078,AMD.US,127.63
2021-11-03,US0079031078,AMD.US,130.53
2021-11-04,US0079031078,AMD.US,137.5
2021-11-05,US0079031078,AMD.US,136.34
2021-11-08,US0079031078,AMD.US,150.16
2021-11-09,US0079031078,AMD.US,148.92
2021-11-10,US0079031078,AMD.US,139.87
2021-11-11,US0079031078,AMD.US,146.01
2021-11-12,US0079031078,AMD.US,147.89
2021-11-15,US0079031078,AMD.US,146.49
2021-11-16,US0079031078,AMD.US,152.45
2021-11-17,US0079031078,AMD.US,151.34
2021-11-18,US0079031078,AMD.US,155.02
2021-11-19,US0079031078,AMD.US,155.41
2021-11-22,US0079031078,AMD.US,152.52
2021-11-23,US0079031078,AMD.US,149.92
2021-11-24,US0079031078,AMD.US,157.8
2021-11-26,US0079031078,AMD.US,154.81
2021-11-29,US0079031078,AMD.US,161.91
2021-11-30,US0079031078,AMD.US,158.37
2021-12-01,US0079031078,AMD.US,149.11
2021-12-02,US0079031078,AMD.US,150.68
2021-12-03,US0079031078,AMD.US,144.01
2021-12-06,US0079031078,AMD.US,139.06
2021-12-07,US0079031078,AMD.US,144.85
2021-12-08,US0079031078,AMD.US,145.24
2021-12-09,US0079031078,AMD.US,138.1
2021-12-10,US0079031078,AMD.US,138.55
2021-12-13,US0079031078,AMD.US,133.8
2021-12-14,US0079031078,AMD.US,135.6
2021-12-15,US0079031078,AMD.US,146.5
2021-12-16,US0079031078,AMD.US,138.64
2021-12-17,US0079031078,AMD.US,137.75
2021-12-20,US0079031078,AMD.US,135.8
2021-12-21,US0079031078,AMD.US,144.25
2021-12-22,US0079031078,AMD.US,143.88
2021-12-23,US0079031078,AMD.US,146.14
2021-12-27,US0079031078,AMD.US,154.36
2021-12-28,US0079031078,AMD.US,153.15
2021-12-29,US0079031078,AMD.US,148.26
2021-12-30,US0079031078,AMD.US,145.15
2021-12-31,US0079031078,AMD.US,143.9
2022-01-03,US0079031078,AMD.US,150.24
2022-01-04,US0079031078,AMD.US,144.42
2022-01-05,US0079031078,AMD.US,136.15
2022-01-06,US0079031078,AMD.US,136.23
2022-01-07,US0079031078,AMD.US,132.0
2022-01-10,US0079031078,AMD.US,132.0
2022-01-11,US0079031078,AMD.US,137.31
2022-01-12,US0079031078,AMD.US,137.47
2022-01-13,US0079031078,AMD.US,132.74
2022-01-14,US0079031078,AMD.US,136.88
2022-01-18,US0079031078,AMD.US,131.93
2022-01-19,US0079031078,AMD.US,128.27
2022-01-20,US0079031078,AMD.US,121.89
2022-01-21,US0079031078,AMD.US,118.81
2022-01-24,US0079031078,AMD.US,116.53
2022-01-25,US0079031078,AMD.US,111.13
2022-01-26,US0079031078,AMD.US,110.71
2022-01-27,US0079031078,AMD.US,102.6
2022-01-28,US0079031078,AMD.US,105.24
2022-01-31,US0079031078,AMD.US,114.25
2022-02-01,US0079031078,AMD.US,116.78
2022-02-02,US0079031078,AMD.US,122.76
2022-02-03,US0079031078,AMD.US,120.08
2022-02-04,US0079031078,AMD.US,123.6
2022-02-07,US0079031078,AMD.US,123.67
2022-02-08,US0079031078,AMD.US,128.23
2022-02-09,US0079031078,AMD.US,132.85
2022-02-10,US0079031078,AMD.US,125.77
2022-02-11,US0079031078,AMD.US,113.18
2022-02-14,US0079031078,AMD.US,114.27
2022-02-15,US0079031078,AMD.US,121.47
2022-02-16,US0079031078,AMD.US,117.69
2022-02-17,US0079031078,AMD.US,112.37
2022-02-18,US0079031078,AMD.US,113.83
2022-02-22,US0079031078,AMD.US,115.65
2022-02-23,US0079031078,AMD.US,109.76
2022-02-24,US0079031078,AMD.US,116.61
2022-02-25,US0079031078,AMD.US,121.06
2022-02-28,US0079031078,AMD.US,123.34
2022-03-01,US0079031078,AMD.US,113.83
2022-03-02,US0079031078,AMD.US,118.28
2022-03-03,US0079031078,AMD.US,111.98
2022-03-04,US0079031078,AMD.US,108.41
2022-03-07,US0079031078,AMD.US,102.95
2022-03-08,US0079031078,AMD.US,105.53
2022-03-09,US0079031078,AMD.US,111.05
2022-03-10,US0079031078,AMD.US,106.46
2022-03-11,US0079031078,AMD.US,104.29
2022-03-14,US0079031078,AMD.US,102.25
2022-03-15,US0079031078,AMD.US,109.33
2022-03-16,US0079031078,AMD.US,115.37
2022-03-17,US0079031078,AMD.US,111.69
2022-03-18,US0079031078,AMD.US,113.46
2022-03-21,US0079031078,AMD.US,115.92
2022-03-22,US0079031078,AMD.US,114.78
2022-03-23,US0079031078,AMD.US,113.92
2022-03-24,US0079031078,AMD.US,120.53
2022-03-25,US0079031078,AMD.US,119.67
2022-03-28,US0079031078,AMD.US,120.24
2022-03-29,US0079031078,AMD.US,123.23
2022-03-30,US0079031078,AMD.US,119.22
2022-03-31,US0079031078,AMD.US,109.34
2022-04-01,US0079031078,AMD.US,108.19
2022-04-04,US0079031078,AMD.US,110.53
2022-04-05,US0079031078,AMD.US,106.82
2022-04-06,US0079031078,AMD.US,103.67
2022-04-07,US0079031078,AMD.US,103.72
2022-04-08,US0079031078,AMD.US,101.0
2022-04-11,US0079031078,AMD.US,97.37
2022-04-12,US0079031078,AMD.US,95.1
2022-04-13,US0079031078,AMD.US,97.74
2022-04-14,US0079031078,AMD.US,93.06
2022-04-18,US0079031078,AMD.US,93.89
2022-04-19,US0079031078,AMD.US,96.93
2022-04-20,US0079031078,AMD.US,94.02
2022-04-21,US0079031078,AMD.US,89.85
2022-04-22,US0079031078,AMD.US,88.14
2022-04-25,US0079031078,AMD.US,90.69
2022-04-26,US0079031078,AMD.US,85.16
2022-04-27,US0079031078,AMD.US,84.91
2022-04-28,US0079031078,AMD.US,89.64
2022-04-29,US0079031078,AMD.US,85.52
2022-05-02,US0079031078,AMD.US,89.84
2022-05-03,US0079031078,AMD.US,91.13
2022-05-04,US0079031078,AMD.US,99.42
2022-05-05,US0079031078,AMD.US,93.87
2022-05-06,US0079031078,AMD.US,95.34
2022-05-09,US0079031078,AMD.US,86.36
2022-05-10,US0079031078,AMD.US,88.73
2022-05-11,US0079031078,AMD.US,87.92
2022-05-12,US0079031078,AMD.US,87.06
2022-05-13,US0079031078,AMD.US,95.12
2022-05-16,US0079031078,AMD.US,94.24
2022-05-17,US0079031078,AMD.US,102.47
2022-05-18,US0079031078,AMD.US,96.28
2022-05-19,US0079031078,AMD.US,96.67
2022-05-20,US0079031078,AMD.US,93.5
2022-05-23,US0079031078,AMD.US,95.07
2022-05-24,US0079031078,AMD.US,91.16
2022-05-25,US0079031078,AMD.US,92.65
2022-05-26,US0079031078,AMD.US,98.75
2022-05-27,US0079031078,AMD.US,102.26
2022-05-31,US0079031078,AMD.US,101.86
2022-06-01,US0079031078,AMD.US,101.22
2022-06-02,US0079031078,AMD.US,108.59
2022-06-03,US0079031078,AMD.US,106.3
2022-06-06,US0079031078,AMD.US,105.65
2022-06-07,US0079031078,AMD.US,105.28
2022-06-08,US0079031078,AMD.US,101.9
2022-06-09,US0079031078,AMD.US,98.8
2022-06-10,US0079031078,AMD.US,94.82
2022-06-13,US0079031078,AMD.US,86.99
2022-06-14,US0079031078,AMD.US,86.99
2022-06-15,US0079031078,AMD.US,89.3
2022-06-16,US0079031078,AMD.US,82.05
2022-06-17,US0079031078,AMD.US,81.57
2022-06-21,US0079031078,AMD.US,83.79
2022-06-22,US0079031078,AMD.US,83.75
2022-06-23,US0079031078,AMD.US,82.43
2022-06-24,US0079031078,AMD.US,87.08
2022-06-27,US0079031078,AMD.US,86.16
2022-06-28,US0079031078,AMD.US,80.78
2022-06-29,US0079031078,AMD.US,77.99
2022-06-30,US0079031078,AMD.US,76.47
2022-07-01,US0079031078,AMD.US,73.67
2022-07-05,US0079031078,AMD.US,75.2
2022-07-06,US0079031078,AMD.US,75.35
2022-07-07,US0079031078,AMD.US,79.3
2022-07-08,US0079031078,AMD.US,79.35
2022-07-11,US0079031078,AMD.US,76.95
2022-07-12,US0079031078,AMD.US,76.36
2022-07-13,US0079031078,AMD.US,77.52
2022-07-14,US0079031078,AMD.US,78.6
2022-07-15,US0079031078,AMD.US,81.11
2022-07-18,US0079031078,AMD.US,81.43
2022-07-19,US0079031078,AMD.US,85.88
2022-07-20,US0079031078,AMD.US,89.43
2022-07-21,US0079031078,AMD.US,91.09
2022-07-22,US0079031078,AMD.US,88.1
2022-07-25,US0079031078,AMD.US,87.54
2022-07-26,US0079031078,AMD.US,85.25
2022-07-27,US0079031078,AMD.US,89.82
2022-07-28,US0079031078,AMD.US,91.67
2022-07-29,US0079031078,AMD.US,94.47
2022-08-01,US0079031078,AMD.US,96.78
2022-08-02,US0079031078,AMD.US,99.29
2022-08-03,US0079031078,AMD.US,98.09
2022-08-04,US0079031078,AMD.US,103.91
2022-08-05,US0079031078,AMD.US,102.31
2022-08-08,US0079031078,AMD.US,100.07
2022-08-09,US0079031078,AMD.US,95.54
2022-08-10,US0079031078,AMD.US,99.05
2022-08-11,US0079031078,AMD.US,98.12
2022-08-12,US0079031078,AMD.US,100.83
2022-08-15,US0079031078,AMD.US,101.01
2022-08-16,US0079031078,AMD.US,100.2
2022-08-17,US0079031078,AMD.US,98.27
2022-08-18,US0079031078,AMD.US,100.44
2022-08-19,US0079031078,AMD.US,95.95
2022-08-22,US0079031078,AMD.US,92.84
2022-08-23,US0079031078,AMD.US,92.49
2022-08-24,US0079031078,AMD.US,92.73
2022-08-25,US0079031078,AMD.US,97.18
2022-08-26,US0079031078,AMD.US,91.18
2022-08-29,US0079031078,AMD.US,88.49
2022-08-30,US0079031078,AMD.US,86.94
2022-08-31,US0079031078,AMD.US,84.87
2022-09-01,US0079031078,AMD.US,82.33
2022-09-02,US0079031078,AMD.US,80.24
2022-09-06,US0079031078,AMD.US,78.72
2022-09-07,US0079031078,AMD.US,79.61
2022-09-08,US0079031078,AMD.US,82.78
2022-09-09,US0079031078,AMD.US,85.45
2022-09-12,US0079031078,AMD.US,84.64
2022-09-13,US0079031078,AMD.US,77.03
2022-09-14,US0079031078,AMD.US,77.45
2022-09-15,US0079031078,AMD.US,76.66
2022-09-16,US0079031078,AMD.US,76.51
2022-09-19,US0079031078,AMD.US,76.77
2022-09-20,US0079031078,AMD.US,75.25
2022-09-21,US0079031078,AMD.US,74.48
2022-09-22,US0079031078,AMD.US,69.5
2022-09-23,US0079031078,AMD.US,67.96
2022-09-26,US0079031078,AMD.US,66.3
2022-09-27,US0079031078,AMD.US,67.17
2022-09-28,US0079031078,AMD.US,68.36
2022-09-29,US0079031078,AMD.US,64.14
2022-09-30,US0079031078,AMD.US,63.36
2022-10-03,US0079031078,AMD.US,66.11
2022-10-04,US0079031078,AMD.US,67.9
2022-10-05,US0079031078,AMD.US,67.94
2022-10-06,US0079031078,AMD.US,67.85
2022-10-07,US0079031078,AMD.US,58.44
2022-10-10,US0079031078,AMD.US,57.81
2022-10-11,US0079031078,AMD.US,57.63
2022-10-12,US0079031078,AMD.US,57.85
2022-10-13,US0079031078,AMD.US,58.94
2022-10-14,US0079031078,AMD.US,55.94
2022-10-17,US0079031078,AMD.US,57.96
2022-10-18,US0079031078,AMD.US,57.92
2022-10-19,US0079031078,AMD.US,57.23
2022-10-20,US0079031078,AMD.US,57.77
2022-10-21,US0079031078,AMD.US,58.82
2022-10-24,US0079031078,AMD.US,58.7
2022-10-25,US0079031078,AMD.US,61.47
2022-10-26,US0079031078,AMD.US,59.73
2022-10-27,US0079031078,AMD.US,58.6
2022-10-28,US0079031078,AMD.US,62.01
2022-10-31,US0079031078,AMD.US,60.06
2022-11-01,US0079031078,AMD.US,59.66
2022-11-02,US0079031078,AMD.US,58.63
2022-11-03,US0079031078,AMD.US,60.11
2022-11-04,US0079031078,AMD.US,62.19
2022-11-07,US0079031078,AMD.US,63.08
2022-11-08,US0079031078,AMD.US,63.85
2022-11-09,US0079031078,AMD.US,59.92
2022-11-10,US0079031078,AMD.US,68.47
2022-11-11,US0079031078,AMD.US,72.37
2022-11-14,US0079031078,AMD.US,73.53
2022-11-15,US0079031078,AMD.US,76.37
2022-11-16,US0079031078,AMD.US,72.7
2022-11-17,US0079031078,AMD.US,73.9
2022-11-18,US0079031078,AMD.US,73.57
2022-11-21,US0079031078,AMD.US,72.46
2022-11-22,US0079031078,AMD.US,75.25
2022-11-23,US0079031078,AMD.US,76.4
2022-11-25,US0079031078,AMD.US,75.14
2022-11-28,US0079031078,AMD.US,73.19
2022-11-29,US0079031078,AMD.US,73.39
2022-11-30,US0079031078,AMD.US,77.63
2022-12-01,US0079031078,AMD.US,77.48
2022-12-02,US0079031078,AMD.US,74.98
2022-12-05,US0079031078,AMD.US,73.62
2022-12-06,US0079031078,AMD.US,70.27
2022-12-07,US0079031078,AMD.US,70.14
2022-12-08,US0079031078,AMD.US,70.47
2022-12-09,US0079031078,AMD.US,68.59
2022-12-12,US0079031078,AMD.US,70.67
2022-12-13,US0079031078,AMD.US,71.65
2022-12-14,US0079031078,AMD.US,68.93
2022-12-15,US0079031078,AMD.US,66.53
2022-12-16,US0079031078,AMD.US,65.41
2022-12-19,US0079031078,AMD.US,64.59
2022-12-20,US0079031078,AMD.US,65.05
2022-12-21,US0079031078,AMD.US,67.68
2022-12-22,US0079031078,AMD.US,63.86
2022-12-23,US0079031078,AMD.US,64.52
2022-12-27,US0079031078,AMD.US,63.27
2022-12-28,US0079031078,AMD.US,62.57
2022-12-29,US0079031078,AMD.US,64.82
2022-12-30,US0079031078,AMD.US,64.77
2023-01-03,US0079031078,AMD.US,64.02
2023-01-04,US0079031078,AMD.US,64.66
2023-01-05,US0079031078,AMD.US,62.33
2023-01-06,US0079031078,AMD.US,63.96
2023-01-09,US0079031078,AMD.US,67.24
2023-01-10,US0079031078,AMD.US,68.05
2023-01-11,US0079031078,AMD.US,69.06
2023-01-12,US0079031078,AMD.US,70.8
2023-01-13,US0079031078,AMD.US,71.0
2023-01-17,US0079031078,AMD.US,71.59
2023-01-18,US0079031078,AMD.US,70.53
2023-01-19,US0079031078,AMD.US,67.71
2023-01-20,US0079031078,AMD.US,70.07
2023-01-23,US0079031078,AMD.US,76.53
2023-01-24,US0079031078,AMD.US,74.7
2023-01-25,US0079031078,AMD.US,74.91
2023-01-26,US0079031078,AMD.US,75.16
2023-01-27,US0079031078,AMD.US,75.4
2023-01-30,US0079031078,AMD.US,72.45
2023-01-31,US0079031078,AMD.US,75.15
2023-02-01,US0079031078,AMD.US,84.64
2023-02-02,US0079031078,AMD.US,88.31
2023-02-03,US0079031078,AMD.US,86.09
2023-02-06,US0079031078,AMD.US,83.68
2023-02-07,US0079031078,AMD.US,85.91
2023-02-08,US0079031078,AMD.US,84.69
2023-02-09,US0079031078,AMD.US,83.21
2023-02-10,US0079031078,AMD.US,81.48
2023-02-13,US0079031078,AMD.US,83.13
2023-02-14,US0079031078,AMD.US,85.95
2023-02-15,US0079031078,AMD.US,85.18
2023-02-16,US0079031078,AMD.US,80.08
2023-02-17,US0079031078,AMD.US,78.5
2023-02-21,US0079031078,AMD.US,76.77
2023-02-22,US0079031078,AMD.US,76.61
2023-02-23,US0079031078,AMD.US,79.75
2023-02-24,US0079031078,AMD.US,78.09
2023-02-27,US0079031078,AMD.US,78.77
2023-02-28,US0079031078,AMD.US,78.58
2023-03-01,US0079031078,AMD.US,78.29
2023-03-02,US0079031078,AMD.US,80.44
2023-03-03,US0079031078,AMD.US,81.52
2023-03-06,US0079031078,AMD.US,81.16
2023-03-07,US0079031078,AMD.US,82.11
2023-03-08,US0079031078,AMD.US,85.37
2023-03-09,US0079031078,AMD.US,84.03
2023-03-10,US0079031078,AMD.US,82.67
2023-03-13,US0079031078,AMD.US,82.01
2023-03-14,US0079031078,AMD.US,87.45
2023-03-15,US0079031078,AMD.US,89.68
2023-03-16,US0079031078,AMD.US,96.6
2023-03-17,US0079031078,AMD.US,97.84
2023-03-20,US0079031078,AMD.US,96.81
2023-03-21,US0079031078,AMD.US,95.93
2023-03-22,US0079031078,AMD.US,97.58
2023-03-23,US0079031078,AMD.US,100.28
2023-03-24,US0079031078,AMD.US,97.95
2023-03-27,US0079031078,AMD.US,96.61
2023-03-28,US0079031078,AMD.US,94.56
2023-03-29,US0079031078,AMD.US,96.09
2023-03-30,US0079031078,AMD.US,97.88
2023-03-31,US0079031078,AMD.US,98.01
2023-04-03,US0079031078,AMD.US,96.56
2023-04-04,US0079031078,AMD.US,95.87
2023-04-05,US0079031078,AMD.US,92.56
2023-04-06,US0079031078,AMD.US,92.47
2023-04-10,US0079031078,AMD.US,95.48
2023-04-11,US0079031078,AMD.US,94.03
2023-04-12,US0079031078,AMD.US,92.33
2023-04-13,US0079031078,AMD.US,92.09
2023-04-14,US0079031078,AMD.US,91.75
2023-04-17,US0079031078,AMD.US,89.87
2023-04-18,US0079031078,AMD.US,89.78
2023-04-19,US0079031078,AMD.US,89.94
2023-04-20,US0079031078,AMD.US,90.11
2023-04-21,US0079031078,AMD.US,88.43
2023-04-24,US0079031078,AMD.US,87.57
2023-04-25,US0079031078,AMD.US,83.8
2023-04-26,US0079031078,AMD.US,85.94
2023-04-27,US0079031078,AMD.US,87.44
2023-04-28,US0079031078,AMD.US,89.37
2023-05-01,US0079031078,AMD.US,89.69
2023-05-02,US0079031078,AMD.US,89.91
2023-05-03,US0079031078,AMD.US,81.62
2023-05-04,US0079031078,AMD.US,86.61
2023-05-05,US0079031078,AMD.US,89.84
2023-05-08,US0079031078,AMD.US,95.04
2023-05-09,US0079031078,AMD.US,95.06
2023-05-10,US0079031078,AMD.US,97.02
2023-05-11,US0079031078,AMD.US,97.1
2023-05-12,US0079031078,AMD.US,95.26
2023-05-15,US0079031078,AMD.US,97.4
2023-05-16,US0079031078,AMD.US,101.48
2023-05-17,US0079031078,AMD.US,103.75
2023-05-18,US0079031078,AMD.US,107.93
2023-05-19,US0079031078,AMD.US,105.82
2023-05-22,US0079031078,AMD.US,108.0
2023-05-23,US0079031078,AMD.US,108.12
2023-05-24,US0079031078,AMD.US,108.27
2023-05-25,US0079031078,AMD.US,120.35
2023-05-26,US0079031078,AMD.US,127.03
2023-05-30,US0079031078,AMD.US,125.27
2023-05-31,US0079031078,AMD.US,118.21
2023-06-01,US0079031078,AMD.US,119.47
2023-06-02,US0079031078,AMD.US,117.86
2023-06-05,US0079031078,AMD.US,117.93
2023-06-06,US0079031078,AMD.US,124.23
2023-06-07,US0079031078,AMD.US,117.83
2023-06-08,US0079031078,AMD.US,121.05
2023-06-09,US0079031078,AMD.US,124.92
2023-06-12,US0079031078,AMD.US,129.19
2023-06-13,US0079031078,AMD.US,124.53
2023-06-14,US0079031078,AMD.US,127.33
2023-06-15,US0079031078,AMD.US,124.24
2023-06-16,US0079031078,AMD.US,120.08
2023-06-20,US0079031078,AMD.US,118.93
2023-06-21,US0079031078,AMD.US,112.11
2023-06-22,US0079031078,AMD.US,110.7
2023-06-23,US0079031078,AMD.US,110.01
2023-06-26,US0079031078,AMD.US,107.51
2023-06-27,US0079031078,AMD.US,110.39
2023-06-28,US0079031078,AMD.US,110.17
2023-06-29,US0079031078,AMD.US,111.24
2023-06-30,US0079031078,AMD.US,113.91
2023-07-03,US0079031078,AMD.US,115.82
2023-07-05,US0079031078,AMD.US,113.95
2023-07-06,US0079031078,AMD.US,113.48
2023-07-07,US0079031078,AMD.US,113.17
2023-07-10,US0079031078,AMD.US,113.58
2023-07-11,US0079031078,AMD.US,111.32
2023-07-12,US0079031078,AMD.US,114.58
2023-07-13,US0079031078,AMD.US,115.92
2023-07-14,US0079031078,AMD.US,115.94
2023-07-17,US0079031078,AMD.US,118.32
2023-07-18,US0079031078,AMD.US,117.93
2023-07-19,US0079031078,AMD.US,116.43
2023-07-20,US0079031078,AMD.US,110.25
2023-07-21,US0079031078,AMD.US,110.95
2023-07-24,US0079031078,AMD.US,110.61
2023-07-25,US0079031078,AMD.US,113.0
2023-07-26,US0079031078,AMD.US,110.09
2023-07-27,US0079031078,AMD.US,111.1
2023-07-28,US0079031078,AMD.US,112.96
2023-07-31,US0079031078,AMD.US,114.4
2023-08-01,US0079031078,AMD.US,117.6
2023-08-02,US0079031078,AMD.US,109.35
2023-08-03,US0079031078,AMD.US,113.15
2023-08-04,US0079031078,AMD.US,115.82
2023-08-07,US0079031078,AMD.US,116.81
2023-08-08,US0079031078,AMD.US,113.23
2023-08-09,US0079031078,AMD.US,110.47
2023-08-10,US0079031078,AMD.US,110.23
2023-08-11,US0079031078,AMD.US,107.57
2023-08-14,US0079031078,AMD.US,111.98
2023-08-15,US0079031078,AMD.US,111.35
2023-08-16,US0079031078,AMD.US,107.19
2023-08-17,US0079031078,AMD.US,104.44
2023-08-18,US0079031078,AMD.US,105.45
2023-08-21,US0079031078,AMD.US,108.22
2023-08-22,US0079031078,AMD.US,105.66
2023-08-23,US0079031078,AMD.US,109.43
2023-08-24,US0079031078,AMD.US,101.8
2023-08-25,US0079031078,AMD.US,102.25
2023-08-28,US0079031078,AMD.US,102.61
2023-08-29,US0079031078,AMD.US,105.92
2023-08-30,US0079031078,AMD.US,106.59
2023-08-31,US0079031078,AMD.US,105.72
2023-09-01,US0079031078,AMD.US,109.45
2023-09-05,US0079031078,AMD.US,110.78
2023-09-06,US0079031078,AMD.US,109.28
2023-09-07,US0079031078,AMD.US,106.59
2023-09-08,US0079031078,AMD.US,106.09
2023-09-11,US0079031078,AMD.US,105.32
2023-09-12,US0079031078,AMD.US,105.31
2023-09-13,US0079031078,AMD.US,107.71
2023-09-14,US0079031078,AMD.US,106.63
2023-09-15,US0079031078,AMD.US,101.49
2023-09-18,US0079031078,AMD.US,102.37
2023-09-19,US0079031078,AMD.US,101.61
2023-09-20,US0079031078,AMD.US,100.34
2023-09-21,US0079031078,AMD.US,96.11
2023-09-22,US0079031078,AMD.US,96.2
2023-09-25,US0079031078,AMD.US,97.38
2023-09-26,US0079031078,AMD.US,95.96
2023-09-27,US0079031078,AMD.US,98.07
2023-09-28,US0079031078,AMD.US,102.76
2023-09-29,US0079031078,AMD.US,102.82
2023-10-02,US0079031078,AMD.US,103.27
2023-10-03,US0079031078,AMD.US,100.08
2023-10-04,US0079031078,AMD.US,104.07
2023-10-05,US0079031078,AMD.US,102.91
2023-10-06,US0079031078,AMD.US,107.24
2023-10-09,US0079031078,AMD.US,106.97
2023-10-10,US0079031078,AMD.US,109.01
2023-10-11,US0079031078,AMD.US,108.31
2023-10-12,US0079031078,AMD.US,108.79
2023-10-13,US0079031078,AMD.US,105.09
2023-10-16,US0079031078,AMD.US,106.46
2023-10-17,US0079031078,AMD.US,105.14
2023-10-18,US0079031078,AMD.US,102.17
2023-10-19,US0079031078,AMD.US,102.4
2023-10-20,US0079031078,AMD.US,101.81
2023-10-23,US0079031078,AMD.US,100.01
2023-10-24,US0079031078,AMD.US,101.67
2023-10-25,US0079031078,AMD.US,96.06
2023-10-26,US0079031078,AMD.US,93.67
2023-10-27,US0079031078,AMD.US,96.43
2023-10-30,US0079031078,AMD.US,96.18
2023-10-31,US0079031078,AMD.US,98.5
2023-11-01,US0079031078,AMD.US,108.04
2023-11-02,US0079031078,AMD.US,107.83
2023-11-03,US0079031078,AMD.US,112.25
2023-11-06,US0079031078,AMD.US,111.75
2023-11-07,US0079031078,AMD.US,113.45
2023-11-08,US0079031078,AMD.US,113.59
2023-11-09,US0079031078,AMD.US,113.49
2023-11-10,US0079031078,AMD.US,118.59
2023-11-13,US0079031078,AMD.US,116.79
2023-11-14,US0079031078,AMD.US,119.88
2023-11-15,US0079031078,AMD.US,118.0
2023-11-16,US0079031078,AMD.US,119.83
2023-11-17,US0079031078,AMD.US,120.62
2023-11-20,US0079031078,AMD.US,121.53
2023-11-21,US0079031078,AMD.US,119.16
2023-11-22,US0079031078,AMD.US,122.51
2023-11-24,US0079031078,AMD.US,122.31
2023-11-27,US0079031078,AMD.US,122.65
2023-11-28,US0079031078,AMD.US,122.01
2023-11-29,US0079031078,AMD.US,123.85
2023-11-30,US0079031078,AMD.US,121.16
2023-12-01,US0079031078,AMD.US,121.39
2023-12-04,US0079031078,AMD.US,118.57
2023-12-05,US0079031078,AMD.US,118.38
2023-12-06,US0079031078,AMD.US,116.82
2023-12-07,US0079031078,AMD.US,128.37
2023-12-08,US0079031078,AMD.US,128.92
2023-12-11,US0079031078,AMD.US,134.41
2023-12-12,US0079031078,AMD.US,137.61
2023-12-13,US0079031078,AMD.US,138.19
2023-12-14,US0079031078,AMD.US,138.0
2023-12-15,US0079031078,AMD.US,139.15
2023-12-18,US0079031078,AMD.US,138.9
2023-12-19,US0079031078,AMD.US,140.15
2023-12-20,US0079031078,AMD.US,135.47
2023-12-21,US0079031078,AMD.US,139.91
2023-12-22,US0079031078,AMD.US,139.6
2023-12-26,US0079031078,AMD.US,143.41
2023-12-27,US0079031078,AMD.US,146.07
2023-12-28,US0079031078,AMD.US,148.76
2023-12-29,US0079031078,AMD.US,147.41
2024-01-02,US0079031078,AMD.US,138.58
2024-01-03,US0079031078,AMD.US,135.32
2024-01-04,US0079031078,AMD.US,136.01
2024-01-05,US0079031078,AMD.US,138.58
2024-01-08,US0079031078,AMD.US,146.18
2024-01-09,US0079031078,AMD.US,149.26
2024-01-10,US0079031078,AMD.US,148.54
2024-01-11,US0079031078,AMD.US,148.02
2024-01-12,US0079031078,AMD.US,146.56
2024-01-16,US0079031078,AMD.US,158.74
2024-01-17,US0079031078,AMD.US,160.17
2024-01-18,US0079031078,AMD.US,162.67
2024-01-19,US0079031078,AMD.US,174.23
2024-01-22,US0079031078,AMD.US,168.18
2024-01-23,US0079031078,AMD.US,168.42
2024-01-24,US0079031078,AMD.US,178.29
2024-01-25,US0079031078,AMD.US,180.33
2024-01-26,US0079031078,AMD.US,177.25
2024-01-29,US0079031078,AMD.US,177.83
2024-01-30,US0079031078,AMD.US,172.06
2024-01-31,US0079031078,AMD.US,167.69
2024-02-01,US0079031078,AMD.US,170.48
2024-02-02,US0079031078,AMD.US,177.66
2024-02-05,US0079031078,AMD.US,174.23
2024-02-06,US0079031078,AMD.US,167.88
2024-02-07,US0079031078,AMD.US,170.94
2024-02-08,US0079031078,AMD.US,169.35
2024-02-09,US0079031078,AMD.US,172.48
2024-02-12,US0079031078,AMD.US,171.91
2024-02-13,US0079031078,AMD.US,171.54
2024-02-14,US0079031078,AMD.US,178.7
2024-02-15,US0079031078,AMD.US,176.76
2024-02-16,US0079031078,AMD.US,173.87
2024-02-20,US0079031078,AMD.US,165.69
2024-02-21,US0079031078,AMD.US,164.29
2024-02-22,US0079031078,AMD.US,181.86
2024-02-23,US0079031078,AMD.US,176.52
2024-02-26,US0079031078,AMD.US,176.01
2024-02-27,US0079031078,AMD.US,178.0
2024-02-28,US0079031078,AMD.US,176.54
2024-02-29,US0079031078,AMD.US,192.53
2024-03-01,US0079031078,AMD.US,202.64
2024-03-04,US0079031078,AMD.US,205.36
2024-03-05,US0079031078,AMD.US,205.13
2024-03-06,US0079031078,AMD.US,210.63
2024-03-07,US0079031078,AMD.US,211.38
2024-03-08,US0079031078,AMD.US,207.39
2024-03-11,US0079031078,AMD.US,198.39
2024-03-12,US0079031078,AMD.US,202.76
2024-03-13,US0079031078,AMD.US,194.79
2024-03-14,US0079031078,AMD.US,187.06
2024-03-15,US0079031078,AMD.US,191.06
2024-03-18,US0079031078,AMD.US,190.65
2024-03-19,US0079031078,AMD.US,181.42
2024-03-20,US0079031078,AMD.US,179.73
2024-03-21,US0079031078,AMD.US,178.68
2024-03-22,US0079031078,AMD.US,179.65
2024-03-25,US0079031078,AMD.US,178.63
2024-03-26,US0079031078,AMD.US,177.87
2024-03-27,US0079031078,AMD.US,179.59
2024-03-28,US0079031078,AMD.US,180.49
2024-04-01,US0079031078,AMD.US,183.34
2024-04-02,US0079031078,AMD.US,178.7
2024-04-03,US0079031078,AMD.US,180.77
2024-04-04,US0079031078,AMD.US,165.83
2024-04-05,US0079031078,AMD.US,170.42
2024-04-08,US0079031078,AMD.US,169.9
2024-04-09,US0079031078,AMD.US,170.78
2024-04-10,US0079031078,AMD.US,167.14
2024-04-11,US0079031078,AMD.US,170.5
2024-04-12,US0079031078,AMD.US,163.28
2024-04-15,US0079031078,AMD.US,160.32
2024-04-16,US0079031078,AMD.US,163.46
2024-04-17,US0079031078,AMD.US,154.02
2024-04-18,US0079031078,AMD.US,155.08
2024-04-19,US0079031078,AMD.US,146.64
2024-04-22,US0079031078,AMD.US,148.64
2024-04-23,US0079031078,AMD.US,152.27
2024-04-24,US0079031078,AMD.US,151.74
2024-04-25,US0079031078,AMD.US,153.76
2024-04-26,US0079031078,AMD.US,157.4
2024-04-29,US0079031078,AMD.US,160.2
2024-04-30,US0079031078,AMD.US,158.38
2024-05-01,US0079031078,AMD.US,144.27
2024-05-02,US0079031078,AMD.US,146.16
2024-05-03,US0079031078,AMD.US,150.6
2024-05-06,US0079031078,AMD.US,155.78
2024-05-07,US0079031078,AMD.US,154.43
2024-05-08,US0079031078,AMD.US,153.62
2024-05-09,US0079031078,AMD.US,152.39
2024-05-10,US0079031078,AMD.US,151.92
2024-05-13,US0079031078,AMD.US,150.56
2024-05-14,US0079031078,AMD.US,153.16
2024-05-15,US0079031078,AMD.US,159.67
2024-05-16,US0079031078,AMD.US,162.62
2024-05-17,US0079031078,AMD.US,164.47
2024-05-20,US0079031078,AMD.US,166.33
2024-05-21,US0079031078,AMD.US,164.66
2024-05-22,US0079031078,AMD.US,165.52
2024-05-23,US0079031078,AMD.US,160.43
2024-05-24,US0079031078,AMD.US,166.36
2024-05-28,US0079031078,AMD.US,171.61
2024-05-29,US0079031078,AMD.US,165.14
2024-05-30,US0079031078,AMD.US,166.75
2024-05-31,US0079031078,AMD.US,166.9
2024-06-03,US0079031078,AMD.US,163.55
2024-06-04,US0079031078,AMD.US,159.99
2024-06-05,US0079031078,AMD.US,166.17
2024-06-06,US0079031078,AMD.US,166.78
2024-06-07,US0079031078,AMD.US,167.87
2024-06-10,US0079031078,AMD.US,160.34
2024-06-11,US0079031078,AMD.US,158.96
2024-06-12,US0079031078,AMD.US,160.24
2024-06-13,US0079031078,AMD.US,159.9
2024-06-14,US0079031078,AMD.US,159.63
2024-06-17,US0079031078,AMD.US,158.4
2024-06-18,US0079031078,AMD.US,154.63
2024-06-20,US0079031078,AMD.US,161.78
2024-06-21,US0079031078,AMD.US,161.23
2024-06-24,US0079031078,AMD.US,160.25
2024-06-25,US0079031078,AMD.US,160.25
2024-06-26,US0079031078,AMD.US,157.54
2024-06-27,US0079031078,AMD.US,159.47
2024-06-28,US0079031078,AMD.US,162.21
2024-07-01,US0079031078,AMD.US,157.69
2024-07-02,US0079031078,AMD.US,164.31
2024-07-03,US0079031078,AMD.US,163.9
2024-07-05,US0079031078,AMD.US,171.9
2024-07-08,US0079031078,AMD.US,178.69
2024-07-09,US0079031078,AMD.US,177.1
2024-07-10,US0079031078,AMD.US,183.96
2024-07-11,US0079031078,AMD.US,181.94
2024-07-12,US0079031078,AMD.US,181.61
2024-07-15,US0079031078,AMD.US,179.83
2024-07-16,US0079031078,AMD.US,177.55
2024-07-17,US0079031078,AMD.US,159.43
2024-07-18,US0079031078,AMD.US,155.77
2024-07-19,US0079031078,AMD.US,151.58
2024-07-22,US0079031078,AMD.US,155.87
2024-07-23,US0079031078,AMD.US,154.0
2024-07-24,US0079031078,AMD.US,144.63
2024-07-25,US0079031078,AMD.US,138.32
2024-07-26,US0079031078,AMD.US,139.99
2024-07-29,US0079031078,AMD.US,139.75
2024-07-30,US0079031078,AMD.US,138.44
2024-07-31,US0079031078,AMD.US,144.48
2024-08-01,US0079031078,AMD.US,132.54
2024-08-02,US0079031078,AMD.US,132.5
2024-08-05,US0079031078,AMD.US,134.82
2024-08-06,US0079031078,AMD.US,130.18
2024-08-07,US0079031078,AMD.US,128.67
2024-08-08,US0079031078,AMD.US,136.32
2024-08-09,US0079031078,AMD.US,134.27
2024-08-12,US0079031078,AMD.US,136.77
2024-08-13,US0079031078,AMD.US,141.13
2024-08-14,US0079031078,AMD.US,140.75
2024-08-15,US0079031078,AMD.US,147.36
2024-08-16,US0079031078,AMD.US,148.56
2024-08-19,US0079031078,AMD.US,155.28
2024-08-20,US0079031078,AMD.US,156.4
2024-08-21,US0079031078,AMD.US,157.81
2024-08-22,US0079031078,AMD.US,151.7
2024-08-23,US0079031078,AMD.US,154.98
2024-08-26,US0079031078,AMD.US,149.99
2024-08-27,US0079031078,AMD.US,150.5
2024-08-28,US0079031078,AMD.US,146.36
2024-08-29,US0079031078,AMD.US,145.49
2024-08-30,US0079031078,AMD.US,148.56
2024-09-03,US0079031078,AMD.US,136.94
2024-09-04,US0079031078,AMD.US,140.87
2024-09-05,US0079031078,AMD.US,139.44
2024-09-06,US0079031078,AMD.US,134.35
2024-09-09,US0079031078,AMD.US,138.15
2024-09-10,US0079031078,AMD.US,142.84
2024-09-11,US0079031078,AMD.US,149.86
2024-09-12,US0079031078,AMD.US,150.77
2024-09-13,US0079031078,AMD.US,152.31
2024-09-16,US0079031078,AMD.US,152.08
2024-09-17,US0079031078,AMD.US,150.82
2024-09-18,US0079031078,AMD.US,148.29
2024-09-19,US0079031078,AMD.US,156.74
2024-09-20,US0079031078,AMD.US,155.95
2024-09-23,US0079031078,AMD.US,156.75
2024-09-24,US0079031078,AMD.US,158.32
2024-09-25,US0079031078,AMD.US,162.02
2024-09-26,US0079031078,AMD.US,167.49
2024-09-27,US0079031078,AMD.US,164.35
2024-09-30,US0079031078,AMD.US,164.08
2024-10-01,US0079031078,AMD.US,159.75
2024-10-02,US0079031078,AMD.US,159.78
2024-10-03,US0079031078,AMD.US,162.85
2024-10-04,US0079031078,AMD.US,170.9
2024-10-07,US0079031078,AMD.US,170.97
2024-10-08,US0079031078,AMD.US,172.8
2024-10-09,US0079031078,AMD.US,171.02
2024-10-10,US0079031078,AMD.US,164.18
2024-10-11,US0079031078,AMD.US,167.89
2024-10-14,US0079031078,AMD.US,165.27
2024-10-15,US0079031078,AMD.US,156.64
2024-10-16,US0079031078,AMD.US,156.13
2024-10-17,US0079031078,AMD.US,156.25
2024-10-18,US0079031078,AMD.US,155.97
2024-10-21,US0079031078,AMD.US,157.9
2024-10-22,US0079031078,AMD.US,154.09
2024-10-23,US0079031078,AMD.US,152.91
2024-10-24,US0079031078,AMD.US,153.44
2024-10-25,US0079031078,AMD.US,156.23
2024-10-28,US0079031078,AMD.US,159.92
2024-10-29,US0079031078,AMD.US,166.25
2024-10-30,US0079031078,AMD.US,148.6
2024-10-31,US0079031078,AMD.US,144.07
2024-11-01,US0079031078,AMD.US,141.86
2024-11-04,US0079031078,AMD.US,140.71
2024-11-05,US0079031078,AMD.US,141.66
2024-11-06,US0079031078,AMD.US,145.1
2024-11-07,US0079031078,AMD.US,149.82
2024-11-08,US0079031078,AMD.US,147.95
2024-11-11,US0079031078,AMD.US,147.35
2024-11-12,US0079031078,AMD.US,143.63
2024-11-13,US0079031078,AMD.US,139.3
2024-11-14,US0079031078,AMD.US,138.84
2024-11-15,US0079031078,AMD.US,134.9
2024-11-18,US0079031078,AMD.US,138.93
2024-11-19,US0079031078,AMD.US,139.39
2024-11-20,US0079031078,AMD.US,137.6
2024-11-21,US0079031078,AMD.US,137.49
2024-11-22,US0079031078,AMD.US,138.35
2024-11-25,US0079031078,AMD.US,141.13
2024-11-26,US0079031078,AMD.US,137.72
2024-11-27,US0079031078,AMD.US,136.24
2024-11-29,US0079031078,AMD.US,137.18
2024-12-02,US0079031078,AMD.US,142.06
2024-12-03,US0079031078,AMD.US,141.98
2024-12-04,US0079031078,AMD.US,143.99
2024-12-05,US0079031078,AMD.US,141.36
2024-12-06,US0079031078,AMD.US,138.59
2024-12-09,US0079031078,AMD.US,130.87
2024-12-10,US0079031078,AMD.US,127.74
2024-12-11,US0079031078,AMD.US,130.15
2024-12-12,US0079031078,AMD.US,130.6
2024-12-13,US0079031078,AMD.US,126.91
2024-12-16,US0079031078,AMD.US,126.69
2024-12-17,US0079031078,AMD.US,125.02
2024-12-18,US0079031078,AMD.US,121.41
2024-12-19,US0079031078,AMD.US,118.88
2024-12-20,US0079031078,AMD.US,119.21
2024-12-23,US0079031078,AMD.US,124.6
2024-12-24,US0079031078,AMD.US,126.29
2024-12-26,US0079031078,AMD.US,125.06
2024-12-27,US0079031078,AMD.US,125.19
2024-12-30,US0079031078,AMD.US,122.44
2024-12-31,US0079031078,AMD.US,120.79
2025-01-02,US0079031078,AMD.US,120.63
2025-01-03,US0079031078,AMD.US,125.37
2025-01-06,US0079031078,AMD.US,129.55
2025-01-07,US0079031078,AMD.US,127.33
2025-01-08,US0079031078,AMD.US,121.84
2025-01-10,US0079031078,AMD.US,116.04
2025-01-13,US0079031078,AMD.US,117.32
2025-01-14,US0079031078,AMD.US,116.09
2025-01-15,US0079031078,AMD.US,119.96
2025-01-16,US0079031078,AMD.US,118.44
2025-01-17,US0079031078,AMD.US,121.46
2025-01-21,US0079031078,AMD.US,122.28
2025-01-22,US0079031078,AMD.US,123.75
2025-01-23,US0079031078,AMD.US,123.04
2025-01-24,US0079031078,AMD.US,122.84
2025-01-27,US0079031078,AMD.US,115.01
2025-01-28,US0079031078,AMD.US,114.17
2025-01-29,US0079031078,AMD.US,117.35
2025-01-30,US0079031078,AMD.US,118.86
2025-01-31,US0079031078,AMD.US,115.95
2025-02-03,US0079031078,AMD.US,114.27
2025-02-04,US0079031078,AMD.US,119.5
2025-02-05,US0079031078,AMD.US,112.01
2025-02-06,US0079031078,AMD.US,110.16
2025-02-07,US0079031078,AMD.US,107.56
2025-02-10,US0079031078,AMD.US,110.48
2025-02-11,US0079031078,AMD.US,111.1
2025-02-12,US0079031078,AMD.US,111.72
2025-02-13,US0079031078,AMD.US,111.81
2025-02-14,US0079031078,AMD.US,113.1
2025-02-18,US0079031078,AMD.US,114.28
2025-02-19,US0079031078,AMD.US,114.69
2025-02-20,US0079031078,AMD.US,114.17
2025-02-21,US0079031078,AMD.US,110.84
2025-02-24,US0079031078,AMD.US,108.11
2025-02-25,US0079031078,AMD.US,103.96
2025-02-26,US0079031078,AMD.US,104.74
2025-02-27,US0079031078,AMD.US,99.51
2025-02-28,US0079031078,AMD.US,99.86
2025-03-03,US0079031078,AMD.US,98.23
2025-03-04,US0079031078,AMD.US,100.75
2025-03-05,US0079031078,AMD.US,101.67
2025-03-06,US0079031078,AMD.US,98.85
2025-03-07,US0079031078,AMD.US,100.31
2025-03-10,US0079031078,AMD.US,96.63
2025-03-11,US0079031078,AMD.US,96.76
2025-03-12,US0079031078,AMD.US,100.79
2025-03-13,US0079031078,AMD.US,98.11
2025-03-14,US0079031078,AMD.US,100.97
2025-03-17,US0079031078,AMD.US,104.59
2025-03-18,US0079031078,AMD.US,103.51
2025-03-19,US0079031078,AMD.US,106.23
2025-03-20,US0079031078,AMD.US,107.14
2025-03-21,US0079031078,AMD.US,106.44
2025-03-24,US0079031078,AMD.US,113.85
2025-03-25,US0079031078,AMD.US,114.81
2025-03-26,US0079031078,AMD.US,110.19
2025-03-27,US0079031078,AMD.US,106.65
2025-03-28,US0079031078,AMD.US,103.22
2025-03-31,US0079031078,AMD.US,102.74
2025-04-01,US0079031078,AMD.US,102.78
2025-04-02,US0079031078,AMD.US,102.96
2025-04-03,US0079031078,AMD.US,93.8
2025-04-04,US0079031078,AMD.US,85.76
2025-04-07,US0079031078,AMD.US,83.64
2025-04-08,US0079031078,AMD.US,78.21
2025-04-09,US0079031078,AMD.US,96.84
2025-04-10,US0079031078,AMD.US,88.7
2025-04-11,US0079031078,AMD.US,93.4
2025-04-14,US0079031078,AMD.US,94.5
2025-04-15,US0079031078,AMD.US,95.29
2025-04-16,US0079031078,AMD.US,88.29
2025-04-17,US0079031078,AMD.US,87.5
2025-04-21,US0079031078,AMD.US,85.56
2025-04-22,US0079031078,AMD.US,86.26
2025-04-23,US0079031078,AMD.US,90.39
2025-04-24,US0079031078,AMD.US,94.47
2025-04-25,US0079031078,AMD.US,96.65
2025-04-28,US0079031078,AMD.US,96.39
2025-04-29,US0079031078,AMD.US,96.06
2025-04-30,US0079031078,AMD.US,97.35
2025-05-01,US0079031078,AMD.US,96.65
2025-05-02,US0079031078,AMD.US,98.8
2025-05-05,US0079031078,AMD.US,100.59
2025-05-06,US0079031078,AMD.US,98.62
2025-05-07,US0079031078,AMD.US,100.36
2025-05-08,US0079031078,AMD.US,101.7
2025-05-09,US0079031078,AMD.US,102.84
2025-05-12,US0079031078,AMD.US,108.12
2025-05-13,US0079031078,AMD.US,112.46
2025-05-14,US0079031078,AMD.US,117.72
2025-05-15,US0079031078,AMD.US,114.99
2025-05-16,US0079031078,AMD.US,117.17
2025-05-19,US0079031078,AMD.US,114.74
2025-05-20,US0079031078,AMD.US,113.51
2025-05-21,US0079031078,AMD.US,112.06
2025-05-22,US0079031078,AMD.US,110.71
2025-05-23,US0079031078,AMD.US,110.31
2025-05-27,US0079031078,AMD.US,114.56
2025-05-28,US0079031078,AMD.US,112.86
2025-05-29,US0079031078,AMD.US,113.03
2025-05-30,US0079031078,AMD.US,110.73
2025-06-02,US0079031078,AMD.US,114.63
2025-06-03,US0079031078,AMD.US,117.31
2025-06-04,US0079031078,AMD.US,118.58
2025-06-05,US0079031078,AMD.US,115.69
2025-06-06,US0079031078,AMD.US,116.19
2025-06-09,US0079031078,AMD.US,121.73
2025-06-10,US0079031078,AMD.US,123.24
2025-06-11,US0079031078,AMD.US,121.14
2025-06-12,US0079031078,AMD.US,118.5
2025-06-13,US0079031078,AMD.US,116.16
2025-06-16,US0079031078,AMD.US,126.39
2025-06-17,US0079031078,AMD.US,127.1
2025-06-18,US0079031078,AMD.US,126.79
2025-06-20,US0079031078,AMD.US,128.24
2025-06-23,US0079031078,AMD.US,129.58
2025-06-24,US0079031078,AMD.US,138.43
2025-06-25,US0079031078,AMD.US,143.4
2025-06-26,US0079031078,AMD.US,143.68
2025-06-27,US0079031078,AMD.US,143.81
2025-06-30,US0079031078,AMD.US,141.9
2025-07-01,US0079031078,AMD.US,136.11
2025-07-02,US0079031078,AMD.US,138.52
2025-07-03,US0079031078,AMD.US,137.91
2025-07-07,US0079031078,AMD.US,134.8
2025-07-08,US0079031078,AMD.US,137.82
2025-07-09,US0079031078,AMD.US,138.41
2025-07-10,US0079031078,AMD.US,144.16
2025-07-11,US0079031078,AMD.US,146.42
2025-07-14,US0079031078,AMD.US,146.24
2025-07-15,US0079031078,AMD.US,155.61
2025-07-16,US0079031078,AMD.US,160.08
2025-07-17,US0079031078,AMD.US,160.41
2025-07-18,US0079031078,AMD.US,156.99
2025-07-21,US0079031078,AMD.US,157.0
2025-07-22,US0079031078,AMD.US,154.72
2025-07-23,US0079031078,AMD.US,158.65
2025-07-24,US0079031078,AMD.US,162.12
2025-07-25,US0079031078,AMD.US,166.47
2025-07-28,US0079031078,AMD.US,173.66
2025-07-29,US0079031078,AMD.US,177.44
2025-07-30,US0079031078,AMD.US,179.51
2025-07-31,US0079031078,AMD.US,176.31
2025-08-01,US0079031078,AMD.US,171.7
2025-08-04,US0079031078,AMD.US,176.78
2025-08-05,US0079031078,AMD.US,174.31
2025-08-06,US0079031078,AMD.US,163.12
2025-08-07,US0079031078,AMD.US,172.4
2025-08-08,US0079031078,AMD.US,172.76
2025-08-11,US0079031078,AMD.US,172.28
2025-08-12,US0079031078,AMD.US,174.95
2025-08-13,US0079031078,AMD.US,184.42
2025-08-14,US0079031078,AMD.US,180.95
2025-08-15,US0079031078,AMD.US,177.51
2025-08-18,US0079031078,AMD.US,176.14
2025-08-19,US0079031078,AMD.US,166.55
2025-08-20,US0079031078,AMD.US,165.2
2025-08-21,US0079031078,AMD.US,163.71
2025-08-22,US0079031078,AMD.US,167.76
2025-08-25,US0079031078,AMD.US,163.36
2025-08-26,US0079031078,AMD.US,166.62
2025-08-27,US0079031078,AMD.US,167.13
2025-08-28,US0079031078,AMD.US,168.58
2025-08-29,US0079031078,AMD.US,162.63
2025-09-02,US0079031078,AMD.US,162.32
2025-09-03,US0079031078,AMD.US,162.13
2025-09-04,US0079031078,AMD.US,161.79
2025-09-05,US0079031078,AMD.US,151.14
2025-09-08,US0079031078,AMD.US,151.41
2025-09-09,US0079031078,AMD.US,155.82
2025-09-10,US0079031078,AMD.US,159.54
2025-09-11,US0079031078,AMD.US,155.67
2025-09-12,US0079031078,AMD.US,158.57
2025-09-15,US0079031078,AMD.US,161.16
2025-09-16,US0079031078,AMD.US,160.46
2025-09-17,US0079031078,AMD.US,159.16
2025-09-18,US0079031078,AMD.US,157.92
2025-09-19,US0079031078,AMD.US,157.39
2025-09-22,US0079031078,AMD.US,159.79
2025-09-23,US0079031078,AMD.US,160.9
2025-09-24,US0079031078,AMD.US,160.88
2025-09-25,US0079031078,AMD.US,161.27
2025-09-26,US0079031078,AMD.US,159.46
2025-09-29,US0079031078,AMD.US,161.36
2025-09-30,US0079031078,AMD.US,161.79
2025-10-01,US0079031078,AMD.US,164.01
2025-10-02,US0079031078,AMD.US,169.73
2025-10-03,US0079031078,AMD.US,164.67
2025-10-06,US0079031078,AMD.US,203.71
2025-10-07,US0079031078,AMD.US,211.51
2025-10-08,US0079031078,AMD.US,235.56
2025-10-09,US0079031078,AMD.US,232.89
2025-10-10,US0079031078,AMD.US,214.9
2025-10-13,US0079031078,AMD.US,216.42
2025-10-14,US0079031078,AMD.US,218.09
2025-10-15,US0079031078,AMD.US,238.6
2025-10-16,US0079031078,AMD.US,234.56
2025-10-17,US0079031078,AMD.US,233.08
2025-10-20,US0079031078,AMD.US,240.56
2025-10-21,US0079031078,AMD.US,238.03
2025-10-22,US0079031078,AMD.US,230.23
2025-10-23,US0079031078,AMD.US,234.99
2025-10-24,US0079031078,AMD.US,252.92
2025-10-27,US0079031078,AMD.US,259.67
2025-10-28,US0079031078,AMD.US,258.01
2025-10-29,US0079031078,AMD.US,264.33
2025-10-30,US0079031078,AMD.US,254.84
2025-10-31,US0079031078,AMD.US,256.12
2025-11-03,US0079031078,AMD.US,259.65
2025-11-04,US0079031078,AMD.US,250.05
2025-11-05,US0079031078,AMD.US,256.33
2025-11-06,US0079031078,AMD.US,237.7
2025-11-07,US0079031078,AMD.US,233.54
2025-11-10,US0079031078,AMD.US,243.98
2025-11-11,US0079031078,AMD.US,237.52
2025-11-12,US0079031078,AMD.US,258.89
2025-11-13,US0079031078,AMD.US,247.96
2025-11-14,US0079031078,AMD.US,246.81
2025-11-17,US0079031078,AMD.US,240.52
2025-11-18,US0079031078,AMD.US,230.29
2025-11-19,US0079031078,AMD.US,223.55
2025-11-20,US0079031078,AMD.US,206.02
2025-11-21,US0079031078,AMD.US,203.78
2025-11-24,US0079031078,AMD.US,215.05
2025-11-25,US0079031078,AMD.US,206.13
2025-11-26,US0079031078,AMD.US,214.24
2025-11-28,US0079031078,AMD.US,217.53
2025-12-01,US0079031078,AMD.US,219.76
2025-12-02,US0079031078,AMD.US,215.24
2025-12-03,US0079031078,AMD.US,217.6
2025-12-04,US0079031078,AMD.US,215.98
2025-12-05,US0079031078,AMD.US,217.97
2025-12-08,US0079031078,AMD.US,221.11
2025-12-09,US0079031078,AMD.US,221.62
2025-12-10,US0079031078,AMD.US,221.42
2025-12-11,US0079031078,AMD.US,221.43
2025-12-12,US0079031078,AMD.US,210.78
2025-12-15,US0079031078,AMD.US,207.58
2025-12-16,US0079031078,AMD.US,209.17
2025-12-17,US0079031078,AMD.US,198.11
2025-12-18,US0079031078,AMD.US,201.06
2025-12-19,US0079031078,AMD.US,213.43
2025-12-22,US0079031078,AMD.US,214.95
2025-12-23,US0079031078,AMD.US,214.9
2025-12-24,US0079031078,AMD.US,215.04
2025-12-26,US0079031078,AMD.US,214.99
2025-12-29,US0079031078,AMD.US,215.61
2025-12-30,US0079031078,AMD.US,215.34
2025-12-31,US0079031078,AMD.US,214.16
2026-01-02,US0079031078,AMD.US,223.47
2026-01-05,US0079031078,AMD.US,221.08
2026-01-06,US0079031078,AMD.US,214.35
2026-01-07,US0079031078,AMD.US,210.02
2026-01-08,US0079031078,AMD.US,204.68
2026-01-09,US0079031078,AMD.US,203.17
2026-01-12,US0079031078,AMD.US,207.69
2026-01-13,US0079031078,AMD.US,220.97
2026-01-14,US0079031078,AMD.US,223.6
2026-01-15,US0079031078,AMD.US,227.92
2026-01-16,US0079031078,AMD.US,231.83
2026-01-20,US0079031078,AMD.US,231.92
2026-01-21,US0079031078,AMD.US,249.8
2026-01-22,US0079031078,AMD.US,253.73
2026-01-23,US0079031078,AMD.US,259.68
2026-01-26,US0079031078,AMD.US,251.31
2026-01-27,US0079031078,AMD.US,252.03
2026-01-28,US0079031078,AMD.US,252.74
2026-01-29,US0079031078,AMD.US,252.18
2026-01-30,US0079031078,AMD.US,236.73
2026-02-02,US0079031078,AMD.US,246.27
2026-02-03,US0079031078,AMD.US,242.11
2026-02-04,US0079031078,AMD.US,200.19
2026-02-05,US0079031078,AMD.US,192.5
2026-02-06,US0079031078,AMD.US,208.44
2026-02-09,US0079031078,AMD.US,216.0
2026-02-10,US0079031078,AMD.US,213.57
2026-02-11,US0079031078,AMD.US,213.58
2026-02-12,US0079031078,AMD.US,205.94
2026-02-13,US0079031078,AMD.US,207.32
2026-02-17,US0079031078,AMD.US,203.08
2026-02-18,US0079031078,AMD.US,200.12
2026-02-19,US0079031078,AMD.US,203.37
2026-02-20,US0079031078,AMD.US,200.15
2026-02-23,US0079031078,AMD.US,196.6
2026-02-24,US0079031078,AMD.US,213.84
2026-02-25,US0079031078,AMD.US,210.86
2026-02-26,US0079031078,AMD.US,203.68
2026-02-27,US0079031078,AMD.US,200.21
2026-03-02,US0079031078,AMD.US,198.62
2026-03-03,US0079031078,AMD.US,190.95
2026-03-04,US0079031078,AMD.US,202.07
2026-03-05,US0079031078,AMD.US,199.45
2026-03-06,US0079031078,AMD.US,192.43
2026-03-09,US0079031078,AMD.US,202.68
2026-03-10,US0079031078,AMD.US,203.23
2026-03-11,US0079031078,AMD.US,204.83
2026-03-12,US0079031078,AMD.US,197.74
2026-03-13,US0079031078,AMD.US,193.39
2026-03-16,US0079031078,AMD.US,196.58
2026-03-17,US0079031078,AMD.US,196.31
2026-03-18,US0079031078,AMD.US,199.46
2026-03-19,US0079031078,AMD.US,205.27
2026-03-20,US0079031078,AMD.US,201.33
2026-03-23,US0079031078,AMD.US,202.68
2026-03-24,US0079031078,AMD.US,205.37
2026-03-25,US0079031078,AMD.US,220.27
2026-03-26,US0079031078,AMD.US,203.77
2026-03-27,US0079031078,AMD.US,201.99
2026-03-30,US0079031078,AMD.US,196.04
2026-03-31,US0079031078,AMD.US,203.43
2026-04-01,US0079031078,AMD.US,210.21
2026-04-02,US0079031078,AMD.US,217.5
2026-04-06,US0079031078,AMD.US,220.18
2026-04-07,US0079031078,AMD.US,221.53
2026-04-08,US0079031078,AMD.US,231.82
2026-04-09,US0079031078,AMD.US,236.64
2026-04-10,US0079031078,AMD.US,245.04
2026-04-13,US0079031078,AMD.US,246.83
2026-04-14,US0079031078,AMD.US,255.07
2026-04-15,US0079031078,AMD.US,258.12
2026-04-16,US0079031078,AMD.US,278.26
2026-04-17,US0079031078,AMD.US,278.39
2026-04-20,US0079031078,AMD.US,274.95
2026-04-21,US0079031078,AMD.US,284.49
2026-04-22,US0079031078,AMD.US,303.46
2026-04-23,US0079031078,AMD.US,305.33
2026-04-24,US0079031078,AMD.US,347.81
2020-12-10,US0090661010,ABNB.US,144.71
2020-12-11,US0090661010,ABNB.US,139.25
2020-12-14,US0090661010,ABNB.US,130.0
2020-12-15,US0090661010,ABNB.US,124.8
2020-12-16,US0090661010,ABNB.US,137.99
2020-12-17,US0090661010,ABNB.US,147.05
2020-12-18,US0090661010,ABNB.US,157.3
2020-12-21,US0090661010,ABNB.US,163.02
2020-12-22,US0090661010,ABNB.US,163.19
2020-12-23,US0090661010,ABNB.US,158.01
2020-12-24,US0090661010,ABNB.US,154.84
2020-12-28,US0090661010,ABNB.US,149.0
2020-12-29,US0090661010,ABNB.US,150.0
2020-12-30,US0090661010,ABNB.US,148.43
2020-12-31,US0090661010,ABNB.US,146.8
2021-01-04,US0090661010,ABNB.US,139.15
2021-01-05,US0090661010,ABNB.US,148.3
2021-01-06,US0090661010,ABNB.US,142.77
2021-01-07,US0090661010,ABNB.US,151.27
2021-01-08,US0090661010,ABNB.US,149.77
2021-01-11,US0090661010,ABNB.US,148.13
2021-01-12,US0090661010,ABNB.US,160.8
2021-01-13,US0090661010,ABNB.US,169.99
2021-01-14,US0090661010,ABNB.US,180.5
2021-01-15,US0090661010,ABNB.US,169.27
2021-01-19,US0090661010,ABNB.US,173.69
2021-01-20,US0090661010,ABNB.US,161.83
2021-01-21,US0090661010,ABNB.US,180.4
2021-01-22,US0090661010,ABNB.US,181.87
2021-01-25,US0090661010,ABNB.US,177.53
2021-01-26,US0090661010,ABNB.US,192.74
2021-01-27,US0090661010,ABNB.US,201.25
2021-01-28,US0090661010,ABNB.US,187.37
2021-01-29,US0090661010,ABNB.US,183.63
2021-02-01,US0090661010,ABNB.US,180.44
2021-02-02,US0090661010,ABNB.US,179.17
2021-02-03,US0090661010,ABNB.US,185.72
2021-02-04,US0090661010,ABNB.US,195.8
2021-02-05,US0090661010,ABNB.US,195.31
2021-02-08,US0090661010,ABNB.US,200.43
2021-02-09,US0090661010,ABNB.US,199.88
2021-02-10,US0090661010,ABNB.US,211.66
2021-02-11,US0090661010,ABNB.US,216.84
2021-02-12,US0090661010,ABNB.US,212.68
2021-02-16,US0090661010,ABNB.US,209.86
2021-02-17,US0090661010,ABNB.US,201.96
2021-02-18,US0090661010,ABNB.US,198.04
2021-02-19,US0090661010,ABNB.US,201.07
2021-02-22,US0090661010,ABNB.US,195.34
2021-02-23,US0090661010,ABNB.US,187.59
2021-02-24,US0090661010,ABNB.US,200.2
2021-02-25,US0090661010,ABNB.US,182.06
2021-02-26,US0090661010,ABNB.US,206.35
2021-03-01,US0090661010,ABNB.US,196.42
2021-03-02,US0090661010,ABNB.US,189.9
2021-03-03,US0090661010,ABNB.US,180.4
2021-03-04,US0090661010,ABNB.US,180.23
2021-03-05,US0090661010,ABNB.US,179.81
2021-03-08,US0090661010,ABNB.US,180.81
2021-03-09,US0090661010,ABNB.US,183.11
2021-03-10,US0090661010,ABNB.US,183.79
2021-03-11,US0090661010,ABNB.US,197.87
2021-03-12,US0090661010,ABNB.US,206.74
2021-03-15,US0090661010,ABNB.US,209.99
2021-03-16,US0090661010,ABNB.US,200.01
2021-03-17,US0090661010,ABNB.US,201.36
2021-03-18,US0090661010,ABNB.US,191.45
2021-03-19,US0090661010,ABNB.US,194.39
2021-03-22,US0090661010,ABNB.US,195.0
2021-03-23,US0090661010,ABNB.US,187.14
2021-03-24,US0090661010,ABNB.US,178.85
2021-03-25,US0090661010,ABNB.US,176.16
2021-03-26,US0090661010,ABNB.US,174.4
2021-03-29,US0090661010,ABNB.US,182.5
2021-03-30,US0090661010,ABNB.US,183.1
2021-03-31,US0090661010,ABNB.US,187.94
2021-04-01,US0090661010,ABNB.US,188.24
2021-04-05,US0090661010,ABNB.US,186.69
2021-04-06,US0090661010,ABNB.US,190.03
2021-04-07,US0090661010,ABNB.US,179.94
2021-04-08,US0090661010,ABNB.US,180.18
2021-04-09,US0090661010,ABNB.US,179.5
2021-04-12,US0090661010,ABNB.US,176.49
2021-04-13,US0090661010,ABNB.US,177.95
2021-04-14,US0090661010,ABNB.US,176.43
2021-04-15,US0090661010,ABNB.US,175.35
2021-04-16,US0090661010,ABNB.US,178.69
2021-04-19,US0090661010,ABNB.US,174.58
2021-04-20,US0090661010,ABNB.US,169.57
2021-04-21,US0090661010,ABNB.US,167.07
2021-04-22,US0090661010,ABNB.US,170.71
2021-04-23,US0090661010,ABNB.US,174.25
2021-04-26,US0090661010,ABNB.US,174.88
2021-04-27,US0090661010,ABNB.US,177.94
2021-04-28,US0090661010,ABNB.US,180.0
2021-04-29,US0090661010,ABNB.US,177.68
2021-04-30,US0090661010,ABNB.US,172.71
2021-05-03,US0090661010,ABNB.US,168.11
2021-05-04,US0090661010,ABNB.US,168.9
2021-05-05,US0090661010,ABNB.US,162.33
2021-05-06,US0090661010,ABNB.US,153.64
2021-05-07,US0090661010,ABNB.US,151.21
2021-05-10,US0090661010,ABNB.US,146.73
2021-05-11,US0090661010,ABNB.US,142.73
2021-05-12,US0090661010,ABNB.US,140.25
2021-05-13,US0090661010,ABNB.US,135.75
2021-05-14,US0090661010,ABNB.US,141.2
2021-05-17,US0090661010,ABNB.US,132.5
2021-05-18,US0090661010,ABNB.US,135.02
2021-05-19,US0090661010,ABNB.US,138.19
2021-05-20,US0090661010,ABNB.US,136.2
2021-05-21,US0090661010,ABNB.US,134.71
2021-05-24,US0090661010,ABNB.US,135.91
2021-05-25,US0090661010,ABNB.US,133.99
2021-05-26,US0090661010,ABNB.US,134.75
2021-05-27,US0090661010,ABNB.US,143.17
2021-05-28,US0090661010,ABNB.US,140.4
2021-06-01,US0090661010,ABNB.US,144.31
2021-06-02,US0090661010,ABNB.US,151.0
2021-06-03,US0090661010,ABNB.US,144.19
2021-06-04,US0090661010,ABNB.US,150.73
2021-06-07,US0090661010,ABNB.US,148.97
2021-06-08,US0090661010,ABNB.US,147.01
2021-06-09,US0090661010,ABNB.US,144.85
2021-06-10,US0090661010,ABNB.US,146.12
2021-06-11,US0090661010,ABNB.US,148.44
2021-06-14,US0090661010,ABNB.US,149.21
2021-06-15,US0090661010,ABNB.US,151.78
2021-06-16,US0090661010,ABNB.US,149.15
2021-06-17,US0090661010,ABNB.US,150.7
2021-06-18,US0090661010,ABNB.US,152.52
2021-06-21,US0090661010,ABNB.US,149.7
2021-06-22,US0090661010,ABNB.US,149.68
2021-06-23,US0090661010,ABNB.US,151.58
2021-06-24,US0090661010,ABNB.US,150.73
2021-06-25,US0090661010,ABNB.US,149.67
2021-06-28,US0090661010,ABNB.US,149.94
2021-06-29,US0090661010,ABNB.US,146.08
2021-06-30,US0090661010,ABNB.US,153.14
2021-07-01,US0090661010,ABNB.US,153.08
2021-07-02,US0090661010,ABNB.US,150.23
2021-07-06,US0090661010,ABNB.US,148.37
2021-07-07,US0090661010,ABNB.US,143.72
2021-07-08,US0090661010,ABNB.US,142.53
2021-07-09,US0090661010,ABNB.US,149.64
2021-07-12,US0090661010,ABNB.US,146.69
2021-07-13,US0090661010,ABNB.US,143.41
2021-07-14,US0090661010,ABNB.US,139.09
2021-07-15,US0090661010,ABNB.US,137.5
2021-07-16,US0090661010,ABNB.US,134.31
2021-07-19,US0090661010,ABNB.US,131.88
2021-07-20,US0090661010,ABNB.US,136.09
2021-07-21,US0090661010,ABNB.US,139.25
2021-07-22,US0090661010,ABNB.US,139.47
2021-07-23,US0090661010,ABNB.US,138.73
2021-07-26,US0090661010,ABNB.US,142.0
2021-07-27,US0090661010,ABNB.US,141.58
2021-07-28,US0090661010,ABNB.US,143.3
2021-07-29,US0090661010,ABNB.US,143.47
2021-07-30,US0090661010,ABNB.US,144.01
2021-08-02,US0090661010,ABNB.US,145.49
2021-08-03,US0090661010,ABNB.US,145.65
2021-08-04,US0090661010,ABNB.US,147.4
2021-08-05,US0090661010,ABNB.US,150.32
2021-08-06,US0090661010,ABNB.US,149.99
2021-08-09,US0090661010,ABNB.US,149.44
2021-08-10,US0090661010,ABNB.US,147.95
2021-08-11,US0090661010,ABNB.US,148.16
2021-08-12,US0090661010,ABNB.US,151.15
2021-08-13,US0090661010,ABNB.US,152.76
2021-08-16,US0090661010,ABNB.US,148.57
2021-08-17,US0090661010,ABNB.US,143.9
2021-08-18,US0090661010,ABNB.US,146.74
2021-08-19,US0090661010,ABNB.US,142.65
2021-08-20,US0090661010,ABNB.US,143.7
2021-08-23,US0090661010,ABNB.US,146.79
2021-08-24,US0090661010,ABNB.US,161.42
2021-08-25,US0090661010,ABNB.US,160.35
2021-08-26,US0090661010,ABNB.US,152.73
2021-08-27,US0090661010,ABNB.US,154.18
2021-08-30,US0090661010,ABNB.US,156.02
2021-08-31,US0090661010,ABNB.US,154.99
2021-09-01,US0090661010,ABNB.US,156.59
2021-09-02,US0090661010,ABNB.US,157.2
2021-09-03,US0090661010,ABNB.US,158.0
2021-09-07,US0090661010,ABNB.US,165.0
2021-09-08,US0090661010,ABNB.US,163.93
2021-09-09,US0090661010,ABNB.US,166.0
2021-09-10,US0090661010,ABNB.US,165.2
2021-09-13,US0090661010,ABNB.US,160.32
2021-09-14,US0090661010,ABNB.US,163.3
2021-09-15,US0090661010,ABNB.US,166.37
2021-09-16,US0090661010,ABNB.US,168.15
2021-09-17,US0090661010,ABNB.US,166.59
2021-09-20,US0090661010,ABNB.US,161.64
2021-09-21,US0090661010,ABNB.US,169.29
2021-09-22,US0090661010,ABNB.US,169.96
2021-09-23,US0090661010,ABNB.US,175.13
2021-09-24,US0090661010,ABNB.US,175.88
2021-09-27,US0090661010,ABNB.US,174.26
2021-09-28,US0090661010,ABNB.US,168.58
2021-09-29,US0090661010,ABNB.US,168.07
2021-09-30,US0090661010,ABNB.US,167.75
2021-10-01,US0090661010,ABNB.US,173.01
2021-10-04,US0090661010,ABNB.US,164.5
2021-10-05,US0090661010,ABNB.US,164.74
2021-10-06,US0090661010,ABNB.US,167.25
2021-10-07,US0090661010,ABNB.US,169.6
2021-10-08,US0090661010,ABNB.US,169.97
2021-10-11,US0090661010,ABNB.US,166.67
2021-10-12,US0090661010,ABNB.US,172.75
2021-10-13,US0090661010,ABNB.US,173.58
2021-10-14,US0090661010,ABNB.US,170.5
2021-10-15,US0090661010,ABNB.US,169.18
2021-10-18,US0090661010,ABNB.US,172.32
2021-10-19,US0090661010,ABNB.US,170.74
2021-10-20,US0090661010,ABNB.US,169.76
2021-10-21,US0090661010,ABNB.US,170.5
2021-10-22,US0090661010,ABNB.US,166.64
2021-10-25,US0090661010,ABNB.US,169.24
2021-10-26,US0090661010,ABNB.US,171.14
2021-10-27,US0090661010,ABNB.US,169.1
2021-10-28,US0090661010,ABNB.US,171.7
2021-10-29,US0090661010,ABNB.US,170.66
2021-11-01,US0090661010,ABNB.US,174.6
2021-11-02,US0090661010,ABNB.US,172.87
2021-11-03,US0090661010,ABNB.US,172.87
2021-11-04,US0090661010,ABNB.US,178.45
2021-11-05,US0090661010,ABNB.US,201.62
2021-11-08,US0090661010,ABNB.US,200.32
2021-11-09,US0090661010,ABNB.US,194.68
2021-11-10,US0090661010,ABNB.US,192.22
2021-11-11,US0090661010,ABNB.US,191.61
2021-11-12,US0090661010,ABNB.US,206.54
2021-11-15,US0090661010,ABNB.US,207.21
2021-11-16,US0090661010,ABNB.US,207.04
2021-11-17,US0090661010,ABNB.US,199.11
2021-11-18,US0090661010,ABNB.US,204.33
2021-11-19,US0090661010,ABNB.US,196.42
2021-11-22,US0090661010,ABNB.US,181.73
2021-11-23,US0090661010,ABNB.US,178.27
2021-11-24,US0090661010,ABNB.US,179.89
2021-11-26,US0090661010,ABNB.US,173.86
2021-11-29,US0090661010,ABNB.US,180.08
2021-11-30,US0090661010,ABNB.US,172.54
2021-12-01,US0090661010,ABNB.US,163.08
2021-12-02,US0090661010,ABNB.US,169.6
2021-12-03,US0090661010,ABNB.US,166.75
2021-12-06,US0090661010,ABNB.US,180.85
2021-12-07,US0090661010,ABNB.US,183.14
2021-12-08,US0090661010,ABNB.US,186.49
2021-12-09,US0090661010,ABNB.US,181.46
2021-12-10,US0090661010,ABNB.US,180.42
2021-12-13,US0090661010,ABNB.US,171.04
2021-12-14,US0090661010,ABNB.US,167.96
2021-12-15,US0090661010,ABNB.US,168.14
2021-12-16,US0090661010,ABNB.US,156.38
2021-12-17,US0090661010,ABNB.US,157.91
2021-12-20,US0090661010,ABNB.US,157.23
2021-12-21,US0090661010,ABNB.US,165.66
2021-12-22,US0090661010,ABNB.US,169.29
2021-12-23,US0090661010,ABNB.US,171.31
2021-12-27,US0090661010,ABNB.US,171.68
2021-12-28,US0090661010,ABNB.US,169.71
2021-12-29,US0090661010,ABNB.US,167.44
2021-12-30,US0090661010,ABNB.US,168.78
2021-12-31,US0090661010,ABNB.US,166.49
2022-01-03,US0090661010,ABNB.US,172.68
2022-01-04,US0090661010,ABNB.US,170.8
2022-01-05,US0090661010,ABNB.US,162.25
2022-01-06,US0090661010,ABNB.US,159.75
2022-01-07,US0090661010,ABNB.US,166.05
2022-01-10,US0090661010,ABNB.US,160.71
2022-01-11,US0090661010,ABNB.US,168.61
2022-01-12,US0090661010,ABNB.US,169.54
2022-01-13,US0090661010,ABNB.US,166.0
2022-01-14,US0090661010,ABNB.US,163.99
2022-01-18,US0090661010,ABNB.US,154.69
2022-01-19,US0090661010,ABNB.US,154.58
2022-01-20,US0090661010,ABNB.US,158.0
2022-01-21,US0090661010,ABNB.US,156.73
2022-01-24,US0090661010,ABNB.US,147.9
2022-01-25,US0090661010,ABNB.US,144.56
2022-01-26,US0090661010,ABNB.US,142.14
2022-01-27,US0090661010,ABNB.US,138.41
2022-01-28,US0090661010,ABNB.US,142.77
2022-01-31,US0090661010,ABNB.US,153.97
2022-02-01,US0090661010,ABNB.US,156.94
2022-02-02,US0090661010,ABNB.US,151.76
2022-02-03,US0090661010,ABNB.US,149.57
2022-02-04,US0090661010,ABNB.US,155.56
2022-02-07,US0090661010,ABNB.US,157.91
2022-02-08,US0090661010,ABNB.US,162.26
2022-02-09,US0090661010,ABNB.US,169.53
2022-02-10,US0090661010,ABNB.US,171.95
2022-02-11,US0090661010,ABNB.US,166.53
2022-02-14,US0090661010,ABNB.US,169.66
2022-02-15,US0090661010,ABNB.US,180.07
2022-02-16,US0090661010,ABNB.US,186.64
2022-02-17,US0090661010,ABNB.US,183.6
2022-02-18,US0090661010,ABNB.US,174.9
2022-02-22,US0090661010,ABNB.US,165.24
2022-02-23,US0090661010,ABNB.US,150.04
2022-02-24,US0090661010,ABNB.US,158.26
2022-02-25,US0090661010,ABNB.US,155.09
2022-02-28,US0090661010,ABNB.US,151.49
2022-03-01,US0090661010,ABNB.US,151.01
2022-03-02,US0090661010,ABNB.US,157.53
2022-03-03,US0090661010,ABNB.US,151.69
2022-03-04,US0090661010,ABNB.US,142.7
2022-03-07,US0090661010,ABNB.US,131.59
2022-03-08,US0090661010,ABNB.US,142.13
2022-03-09,US0090661010,ABNB.US,148.31
2022-03-10,US0090661010,ABNB.US,151.8
2022-03-11,US0090661010,ABNB.US,145.14
2022-03-14,US0090661010,ABNB.US,138.5
2022-03-15,US0090661010,ABNB.US,143.95
2022-03-16,US0090661010,ABNB.US,155.75
2022-03-17,US0090661010,ABNB.US,157.55
2022-03-18,US0090661010,ABNB.US,167.0
2022-03-21,US0090661010,ABNB.US,161.8
2022-03-22,US0090661010,ABNB.US,166.44
2022-03-23,US0090661010,ABNB.US,164.16
2022-03-24,US0090661010,ABNB.US,170.83
2022-03-25,US0090661010,ABNB.US,167.22
2022-03-28,US0090661010,ABNB.US,167.65
2022-03-29,US0090661010,ABNB.US,175.52
2022-03-30,US0090661010,ABNB.US,173.63
2022-03-31,US0090661010,ABNB.US,171.76
2022-04-01,US0090661010,ABNB.US,173.07
2022-04-04,US0090661010,ABNB.US,177.02
2022-04-05,US0090661010,ABNB.US,171.21
2022-04-06,US0090661010,ABNB.US,164.66
2022-04-07,US0090661010,ABNB.US,165.91
2022-04-08,US0090661010,ABNB.US,162.56
2022-04-11,US0090661010,ABNB.US,160.25
2022-04-12,US0090661010,ABNB.US,160.11
2022-04-13,US0090661010,ABNB.US,171.85
2022-04-14,US0090661010,ABNB.US,170.7
2022-04-18,US0090661010,ABNB.US,165.74
2022-04-19,US0090661010,ABNB.US,170.12
2022-04-20,US0090661010,ABNB.US,164.55
2022-04-21,US0090661010,ABNB.US,157.91
2022-04-22,US0090661010,ABNB.US,156.09
2022-04-25,US0090661010,ABNB.US,158.39
2022-04-26,US0090661010,ABNB.US,153.04
2022-04-27,US0090661010,ABNB.US,152.23
2022-04-28,US0090661010,ABNB.US,159.74
2022-04-29,US0090661010,ABNB.US,153.21
2022-05-02,US0090661010,ABNB.US,152.78
2022-05-03,US0090661010,ABNB.US,145.0
2022-05-04,US0090661010,ABNB.US,156.18
2022-05-05,US0090661010,ABNB.US,143.09
2022-05-06,US0090661010,ABNB.US,135.84
2022-05-09,US0090661010,ABNB.US,119.37
2022-05-10,US0090661010,ABNB.US,116.13
2022-05-11,US0090661010,ABNB.US,116.15
2022-05-12,US0090661010,ABNB.US,115.94
2022-05-13,US0090661010,ABNB.US,121.45
2022-05-16,US0090661010,ABNB.US,114.44
2022-05-17,US0090661010,ABNB.US,117.5
2022-05-18,US0090661010,ABNB.US,108.03
2022-05-19,US0090661010,ABNB.US,114.17
2022-05-20,US0090661010,ABNB.US,112.55
2022-05-23,US0090661010,ABNB.US,113.28
2022-05-24,US0090661010,ABNB.US,106.24
2022-05-25,US0090661010,ABNB.US,110.4
2022-05-26,US0090661010,ABNB.US,114.3
2022-05-27,US0090661010,ABNB.US,120.5
2022-05-31,US0090661010,ABNB.US,120.87
2022-06-01,US0090661010,ABNB.US,116.72
2022-06-02,US0090661010,ABNB.US,121.26
2022-06-03,US0090661010,ABNB.US,119.83
2022-06-06,US0090661010,ABNB.US,122.02
2022-06-07,US0090661010,ABNB.US,122.9
2022-06-08,US0090661010,ABNB.US,123.77
2022-06-09,US0090661010,ABNB.US,115.72
2022-06-10,US0090661010,ABNB.US,108.91
2022-06-13,US0090661010,ABNB.US,98.93
2022-06-14,US0090661010,ABNB.US,98.87
2022-06-15,US0090661010,ABNB.US,101.47
2022-06-16,US0090661010,ABNB.US,93.26
2022-06-17,US0090661010,ABNB.US,99.49
2022-06-21,US0090661010,ABNB.US,102.27
2022-06-22,US0090661010,ABNB.US,99.53
2022-06-23,US0090661010,ABNB.US,95.72
2022-06-24,US0090661010,ABNB.US,103.51
2022-06-27,US0090661010,ABNB.US,101.5
2022-06-28,US0090661010,ABNB.US,97.53
2022-06-29,US0090661010,ABNB.US,93.93
2022-06-30,US0090661010,ABNB.US,89.08
2022-07-01,US0090661010,ABNB.US,91.41
2022-07-05,US0090661010,ABNB.US,95.94
2022-07-06,US0090661010,ABNB.US,92.88
2022-07-07,US0090661010,ABNB.US,97.5
2022-07-08,US0090661010,ABNB.US,97.35
2022-07-11,US0090661010,ABNB.US,95.1
2022-07-12,US0090661010,ABNB.US,96.55
2022-07-13,US0090661010,ABNB.US,95.64
2022-07-14,US0090661010,ABNB.US,91.05
2022-07-15,US0090661010,ABNB.US,94.66
2022-07-18,US0090661010,ABNB.US,97.67
2022-07-19,US0090661010,ABNB.US,102.2
2022-07-20,US0090661010,ABNB.US,107.73
2022-07-21,US0090661010,ABNB.US,108.14
2022-07-22,US0090661010,ABNB.US,103.97
2022-07-25,US0090661010,ABNB.US,104.95
2022-07-26,US0090661010,ABNB.US,101.91
2022-07-27,US0090661010,ABNB.US,107.36
2022-07-28,US0090661010,ABNB.US,108.84
2022-07-29,US0090661010,ABNB.US,110.98
2022-08-01,US0090661010,ABNB.US,111.2
2022-08-02,US0090661010,ABNB.US,116.34
2022-08-03,US0090661010,ABNB.US,115.02
2022-08-04,US0090661010,ABNB.US,119.22
2022-08-05,US0090661010,ABNB.US,117.11
2022-08-08,US0090661010,ABNB.US,115.82
2022-08-09,US0090661010,ABNB.US,114.44
2022-08-10,US0090661010,ABNB.US,118.73
2022-08-11,US0090661010,ABNB.US,121.5
2022-08-12,US0090661010,ABNB.US,124.51
2022-08-15,US0090661010,ABNB.US,126.04
2022-08-16,US0090661010,ABNB.US,124.18
2022-08-17,US0090661010,ABNB.US,121.87
2022-08-18,US0090661010,ABNB.US,121.27
2022-08-19,US0090661010,ABNB.US,114.76
2022-08-22,US0090661010,ABNB.US,111.39
2022-08-23,US0090661010,ABNB.US,111.6
2022-08-24,US0090661010,ABNB.US,114.51
2022-08-25,US0090661010,ABNB.US,117.03
2022-08-26,US0090661010,ABNB.US,112.82
2022-08-29,US0090661010,ABNB.US,113.54
2022-08-30,US0090661010,ABNB.US,112.56
2022-08-31,US0090661010,ABNB.US,113.12
2022-09-01,US0090661010,ABNB.US,113.4
2022-09-02,US0090661010,ABNB.US,113.64
2022-09-06,US0090661010,ABNB.US,113.7
2022-09-07,US0090661010,ABNB.US,116.07
2022-09-08,US0090661010,ABNB.US,118.58
2022-09-09,US0090661010,ABNB.US,123.48
2022-09-12,US0090661010,ABNB.US,124.79
2022-09-13,US0090661010,ABNB.US,121.54
2022-09-14,US0090661010,ABNB.US,126.8
2022-09-15,US0090661010,ABNB.US,125.04
2022-09-16,US0090661010,ABNB.US,118.75
2022-09-19,US0090661010,ABNB.US,118.78
2022-09-20,US0090661010,ABNB.US,116.71
2022-09-21,US0090661010,ABNB.US,114.01
2022-09-22,US0090661010,ABNB.US,103.72
2022-09-23,US0090661010,ABNB.US,101.75
2022-09-26,US0090661010,ABNB.US,103.23
2022-09-27,US0090661010,ABNB.US,106.37
2022-09-28,US0090661010,ABNB.US,110.69
2022-09-29,US0090661010,ABNB.US,106.66
2022-09-30,US0090661010,ABNB.US,105.04
2022-10-03,US0090661010,ABNB.US,105.0
2022-10-04,US0090661010,ABNB.US,110.81
2022-10-05,US0090661010,ABNB.US,111.76
2022-10-06,US0090661010,ABNB.US,111.58
2022-10-07,US0090661010,ABNB.US,108.54
2022-10-10,US0090661010,ABNB.US,110.99
2022-10-11,US0090661010,ABNB.US,106.82
2022-10-12,US0090661010,ABNB.US,112.35
2022-10-13,US0090661010,ABNB.US,112.65
2022-10-14,US0090661010,ABNB.US,109.16
2022-10-17,US0090661010,ABNB.US,116.5
2022-10-18,US0090661010,ABNB.US,117.94
2022-10-19,US0090661010,ABNB.US,116.87
2022-10-20,US0090661010,ABNB.US,117.0
2022-10-21,US0090661010,ABNB.US,119.95
2022-10-24,US0090661010,ABNB.US,116.39
2022-10-25,US0090661010,ABNB.US,118.45
2022-10-26,US0090661010,ABNB.US,115.31
2022-10-27,US0090661010,ABNB.US,112.06
2022-10-28,US0090661010,ABNB.US,115.21
2022-10-31,US0090661010,ABNB.US,106.91
2022-11-01,US0090661010,ABNB.US,109.05
2022-11-02,US0090661010,ABNB.US,94.41
2022-11-03,US0090661010,ABNB.US,92.02
2022-11-04,US0090661010,ABNB.US,96.09
2022-11-07,US0090661010,ABNB.US,95.46
2022-11-08,US0090661010,ABNB.US,98.9
2022-11-09,US0090661010,ABNB.US,95.79
2022-11-10,US0090661010,ABNB.US,102.4
2022-11-11,US0090661010,ABNB.US,109.57
2022-11-14,US0090661010,ABNB.US,105.16
2022-11-15,US0090661010,ABNB.US,107.01
2022-11-16,US0090661010,ABNB.US,104.43
2022-11-17,US0090661010,ABNB.US,99.3
2022-11-18,US0090661010,ABNB.US,97.77
2022-11-21,US0090661010,ABNB.US,95.71
2022-11-22,US0090661010,ABNB.US,95.28
2022-11-23,US0090661010,ABNB.US,96.63
2022-11-25,US0090661010,ABNB.US,97.67
2022-11-28,US0090661010,ABNB.US,95.3
2022-11-29,US0090661010,ABNB.US,95.38
2022-11-30,US0090661010,ABNB.US,102.14
2022-12-01,US0090661010,ABNB.US,101.27
2022-12-02,US0090661010,ABNB.US,101.0
2022-12-05,US0090661010,ABNB.US,98.51
2022-12-06,US0090661010,ABNB.US,93.12
2022-12-07,US0090661010,ABNB.US,91.5
2022-12-08,US0090661010,ABNB.US,94.83
2022-12-09,US0090661010,ABNB.US,94.7
2022-12-12,US0090661010,ABNB.US,95.58
2022-12-13,US0090661010,ABNB.US,93.34
2022-12-14,US0090661010,ABNB.US,93.93
2022-12-15,US0090661010,ABNB.US,90.61
2022-12-16,US0090661010,ABNB.US,89.57
2022-12-19,US0090661010,ABNB.US,85.93
2022-12-20,US0090661010,ABNB.US,87.62
2022-12-21,US0090661010,ABNB.US,87.07
2022-12-22,US0090661010,ABNB.US,84.87
2022-12-23,US0090661010,ABNB.US,85.25
2022-12-27,US0090661010,ABNB.US,83.49
2022-12-28,US0090661010,ABNB.US,82.49
2022-12-29,US0090661010,ABNB.US,85.23
2022-12-30,US0090661010,ABNB.US,85.5
2023-01-03,US0090661010,ABNB.US,84.9
2023-01-04,US0090661010,ABNB.US,88.72
2023-01-05,US0090661010,ABNB.US,87.71
2023-01-06,US0090661010,ABNB.US,88.52
2023-01-09,US0090661010,ABNB.US,89.24
2023-01-10,US0090661010,ABNB.US,88.54
2023-01-11,US0090661010,ABNB.US,94.44
2023-01-12,US0090661010,ABNB.US,98.49
2023-01-13,US0090661010,ABNB.US,100.37
2023-01-17,US0090661010,ABNB.US,101.27
2023-01-18,US0090661010,ABNB.US,101.11
2023-01-19,US0090661010,ABNB.US,99.1
2023-01-20,US0090661010,ABNB.US,101.28
2023-01-23,US0090661010,ABNB.US,105.22
2023-01-24,US0090661010,ABNB.US,104.13
2023-01-25,US0090661010,ABNB.US,104.44
2023-01-26,US0090661010,ABNB.US,109.42
2023-01-27,US0090661010,ABNB.US,115.94
2023-01-30,US0090661010,ABNB.US,109.48
2023-01-31,US0090661010,ABNB.US,111.11
2023-02-01,US0090661010,ABNB.US,113.99
2023-02-02,US0090661010,ABNB.US,118.52
2023-02-03,US0090661010,ABNB.US,118.7
2023-02-06,US0090661010,ABNB.US,118.35
2023-02-07,US0090661010,ABNB.US,119.69
2023-02-08,US0090661010,ABNB.US,116.36
2023-02-09,US0090661010,ABNB.US,114.94
2023-02-10,US0090661010,ABNB.US,108.87
2023-02-13,US0090661010,ABNB.US,116.42
2023-02-14,US0090661010,ABNB.US,120.87
2023-02-15,US0090661010,ABNB.US,137.01
2023-02-16,US0090661010,ABNB.US,139.42
2023-02-17,US0090661010,ABNB.US,131.6
2023-02-21,US0090661010,ABNB.US,128.78
2023-02-22,US0090661010,ABNB.US,127.21
2023-02-23,US0090661010,ABNB.US,125.52
2023-02-24,US0090661010,ABNB.US,122.78
2023-02-27,US0090661010,ABNB.US,123.53
2023-02-28,US0090661010,ABNB.US,123.28
2023-03-01,US0090661010,ABNB.US,120.83
2023-03-02,US0090661010,ABNB.US,122.38
2023-03-03,US0090661010,ABNB.US,125.73
2023-03-06,US0090661010,ABNB.US,126.33
2023-03-07,US0090661010,ABNB.US,126.94
2023-03-08,US0090661010,ABNB.US,125.0
2023-03-09,US0090661010,ABNB.US,119.84
2023-03-10,US0090661010,ABNB.US,118.3
2023-03-13,US0090661010,ABNB.US,115.96
2023-03-14,US0090661010,ABNB.US,116.36
2023-03-15,US0090661010,ABNB.US,113.58
2023-03-16,US0090661010,ABNB.US,119.99
2023-03-17,US0090661010,ABNB.US,118.15
2023-03-20,US0090661010,ABNB.US,118.4
2023-03-21,US0090661010,ABNB.US,123.69
2023-03-22,US0090661010,ABNB.US,121.17
2023-03-23,US0090661010,ABNB.US,120.3
2023-03-24,US0090661010,ABNB.US,116.92
2023-03-27,US0090661010,ABNB.US,117.91
2023-03-28,US0090661010,ABNB.US,116.61
2023-03-29,US0090661010,ABNB.US,118.8
2023-03-30,US0090661010,ABNB.US,122.28
2023-03-31,US0090661010,ABNB.US,124.4
2023-04-03,US0090661010,ABNB.US,121.46
2023-04-04,US0090661010,ABNB.US,118.46
2023-04-05,US0090661010,ABNB.US,115.34
2023-04-06,US0090661010,ABNB.US,109.69
2023-04-10,US0090661010,ABNB.US,112.6
2023-04-11,US0090661010,ABNB.US,114.25
2023-04-12,US0090661010,ABNB.US,112.42
2023-04-13,US0090661010,ABNB.US,113.95
2023-04-14,US0090661010,ABNB.US,114.65
2023-04-17,US0090661010,ABNB.US,116.17
2023-04-18,US0090661010,ABNB.US,119.19
2023-04-19,US0090661010,ABNB.US,120.1
2023-04-20,US0090661010,ABNB.US,118.4
2023-04-21,US0090661010,ABNB.US,115.5
2023-04-24,US0090661010,ABNB.US,116.12
2023-04-25,US0090661010,ABNB.US,112.505
2023-04-26,US0090661010,ABNB.US,113.68
2023-04-27,US0090661010,ABNB.US,115.25
2023-04-28,US0090661010,ABNB.US,119.67
2023-05-01,US0090661010,ABNB.US,121.42
2023-05-02,US0090661010,ABNB.US,120.58
2023-05-03,US0090661010,ABNB.US,118.86
2023-05-04,US0090661010,ABNB.US,117.63
2023-05-05,US0090661010,ABNB.US,119.9
2023-05-08,US0090661010,ABNB.US,125.65
2023-05-09,US0090661010,ABNB.US,127.07
2023-05-10,US0090661010,ABNB.US,113.19
2023-05-11,US0090661010,ABNB.US,111.2
2023-05-12,US0090661010,ABNB.US,105.275
2023-05-15,US0090661010,ABNB.US,105.78
2023-05-16,US0090661010,ABNB.US,105.41
2023-05-17,US0090661010,ABNB.US,108.33
2023-05-18,US0090661010,ABNB.US,111.87
2023-05-19,US0090661010,ABNB.US,107.38
2023-05-22,US0090661010,ABNB.US,109.93
2023-05-23,US0090661010,ABNB.US,106.25
2023-05-24,US0090661010,ABNB.US,105.71
2023-05-25,US0090661010,ABNB.US,104.42
2023-05-26,US0090661010,ABNB.US,106.81
2023-05-30,US0090661010,ABNB.US,107.19
2023-05-31,US0090661010,ABNB.US,109.77
2023-06-01,US0090661010,ABNB.US,112.16
2023-06-02,US0090661010,ABNB.US,118.06
2023-06-05,US0090661010,ABNB.US,115.69
2023-06-06,US0090661010,ABNB.US,117.3
2023-06-07,US0090661010,ABNB.US,116.55
2023-06-08,US0090661010,ABNB.US,115.5
2023-06-09,US0090661010,ABNB.US,117.86
2023-06-12,US0090661010,ABNB.US,124.59
2023-06-13,US0090661010,ABNB.US,124.9
2023-06-14,US0090661010,ABNB.US,125.14
2023-06-15,US0090661010,ABNB.US,127.85
2023-06-16,US0090661010,ABNB.US,128.68
2023-06-20,US0090661010,ABNB.US,126.45
2023-06-21,US0090661010,ABNB.US,127.46
2023-06-22,US0090661010,ABNB.US,127.96
2023-06-23,US0090661010,ABNB.US,124.73
2023-06-26,US0090661010,ABNB.US,123.13
2023-06-27,US0090661010,ABNB.US,127.89
2023-06-28,US0090661010,ABNB.US,127.63
2023-06-29,US0090661010,ABNB.US,125.1
2023-06-30,US0090661010,ABNB.US,128.16
2023-07-03,US0090661010,ABNB.US,132.35
2023-07-05,US0090661010,ABNB.US,131.69
2023-07-06,US0090661010,ABNB.US,128.16
2023-07-07,US0090661010,ABNB.US,130.32
2023-07-10,US0090661010,ABNB.US,131.71
2023-07-11,US0090661010,ABNB.US,137.54
2023-07-12,US0090661010,ABNB.US,137.02
2023-07-13,US0090661010,ABNB.US,140.09
2023-07-14,US0090661010,ABNB.US,143.34
2023-07-17,US0090661010,ABNB.US,145.36
2023-07-18,US0090661010,ABNB.US,146.53
2023-07-19,US0090661010,ABNB.US,145.535
2023-07-20,US0090661010,ABNB.US,145.28
2023-07-21,US0090661010,ABNB.US,148.77
2023-07-24,US0090661010,ABNB.US,147.62
2023-07-25,US0090661010,ABNB.US,148.65
2023-07-26,US0090661010,ABNB.US,150.17
2023-07-27,US0090661010,ABNB.US,148.5
2023-07-28,US0090661010,ABNB.US,153.33
2023-07-31,US0090661010,ABNB.US,152.19
2023-08-01,US0090661010,ABNB.US,148.91
2023-08-02,US0090661010,ABNB.US,144.56
2023-08-03,US0090661010,ABNB.US,140.88
2023-08-04,US0090661010,ABNB.US,140.17
2023-08-07,US0090661010,ABNB.US,143.2
2023-08-08,US0090661010,ABNB.US,139.55
2023-08-09,US0090661010,ABNB.US,137.87
2023-08-10,US0090661010,ABNB.US,135.97
2023-08-11,US0090661010,ABNB.US,133.68
2023-08-14,US0090661010,ABNB.US,133.24
2023-08-15,US0090661010,ABNB.US,129.85
2023-08-16,US0090661010,ABNB.US,128.83
2023-08-17,US0090661010,ABNB.US,127.99
2023-08-18,US0090661010,ABNB.US,125.06
2023-08-21,US0090661010,ABNB.US,124.0
2023-08-22,US0090661010,ABNB.US,127.08
2023-08-23,US0090661010,ABNB.US,128.13
2023-08-24,US0090661010,ABNB.US,124.72
2023-08-25,US0090661010,ABNB.US,125.79
2023-08-28,US0090661010,ABNB.US,126.155
2023-08-29,US0090661010,ABNB.US,132.25
2023-08-30,US0090661010,ABNB.US,130.61
2023-08-31,US0090661010,ABNB.US,131.55
2023-09-01,US0090661010,ABNB.US,132.69
2023-09-05,US0090661010,ABNB.US,142.29
2023-09-06,US0090661010,ABNB.US,141.77
2023-09-07,US0090661010,ABNB.US,143.27
2023-09-08,US0090661010,ABNB.US,145.82
2023-09-11,US0090661010,ABNB.US,147.33
2023-09-12,US0090661010,ABNB.US,147.5
2023-09-13,US0090661010,ABNB.US,144.715
2023-09-14,US0090661010,ABNB.US,144.12
2023-09-15,US0090661010,ABNB.US,142.75
2023-09-18,US0090661010,ABNB.US,142.55
2023-09-19,US0090661010,ABNB.US,141.85
2023-09-20,US0090661010,ABNB.US,138.01
2023-09-21,US0090661010,ABNB.US,132.75
2023-09-22,US0090661010,ABNB.US,132.2
2023-09-25,US0090661010,ABNB.US,134.14
2023-09-26,US0090661010,ABNB.US,132.28
2023-09-27,US0090661010,ABNB.US,134.03
2023-09-28,US0090661010,ABNB.US,136.47
2023-09-29,US0090661010,ABNB.US,137.21
2023-10-02,US0090661010,ABNB.US,136.56
2023-10-03,US0090661010,ABNB.US,127.73
2023-10-04,US0090661010,ABNB.US,127.41
2023-10-05,US0090661010,ABNB.US,124.99
2023-10-06,US0090661010,ABNB.US,126.36
2023-10-09,US0090661010,ABNB.US,127.77
2023-10-10,US0090661010,ABNB.US,131.59
2023-10-11,US0090661010,ABNB.US,130.0
2023-10-12,US0090661010,ABNB.US,125.97
2023-10-13,US0090661010,ABNB.US,124.08
2023-10-16,US0090661010,ABNB.US,125.19
2023-10-17,US0090661010,ABNB.US,125.71
2023-10-18,US0090661010,ABNB.US,122.17
2023-10-19,US0090661010,ABNB.US,119.97
2023-10-20,US0090661010,ABNB.US,116.49
2023-10-23,US0090661010,ABNB.US,120.39
2023-10-24,US0090661010,ABNB.US,122.01
2023-10-25,US0090661010,ABNB.US,118.5
2023-10-26,US0090661010,ABNB.US,115.47
2023-10-27,US0090661010,ABNB.US,114.09
2023-10-30,US0090661010,ABNB.US,116.95
2023-10-31,US0090661010,ABNB.US,118.29
2023-11-01,US0090661010,ABNB.US,119.47
2023-11-02,US0090661010,ABNB.US,115.5
2023-11-03,US0090661010,ABNB.US,122.64
2023-11-06,US0090661010,ABNB.US,118.17
2023-11-07,US0090661010,ABNB.US,121.08
2023-11-08,US0090661010,ABNB.US,117.66
2023-11-09,US0090661010,ABNB.US,115.52
2023-11-10,US0090661010,ABNB.US,118.15
2023-11-13,US0090661010,ABNB.US,119.15
2023-11-14,US0090661010,ABNB.US,126.68
2023-11-15,US0090661010,ABNB.US,128.35
2023-11-16,US0090661010,ABNB.US,126.28
2023-11-17,US0090661010,ABNB.US,127.15
2023-11-20,US0090661010,ABNB.US,129.7
2023-11-21,US0090661010,ABNB.US,126.82
2023-11-22,US0090661010,ABNB.US,129.04
2023-11-24,US0090661010,ABNB.US,128.37
2023-11-27,US0090661010,ABNB.US,129.0
2023-11-28,US0090661010,ABNB.US,127.56
2023-11-29,US0090661010,ABNB.US,126.48
2023-11-30,US0090661010,ABNB.US,126.34
2023-12-01,US0090661010,ABNB.US,135.02
2023-12-04,US0090661010,ABNB.US,133.7
2023-12-05,US0090661010,ABNB.US,133.71
2023-12-06,US0090661010,ABNB.US,135.31
2023-12-07,US0090661010,ABNB.US,139.84
2023-12-08,US0090661010,ABNB.US,140.68
2023-12-11,US0090661010,ABNB.US,142.91
2023-12-12,US0090661010,ABNB.US,140.55
2023-12-13,US0090661010,ABNB.US,144.51
2023-12-14,US0090661010,ABNB.US,147.26
2023-12-15,US0090661010,ABNB.US,146.6
2023-12-18,US0090661010,ABNB.US,147.5
2023-12-19,US0090661010,ABNB.US,146.91
2023-12-20,US0090661010,ABNB.US,141.07
2023-12-21,US0090661010,ABNB.US,142.09
2023-12-22,US0090661010,ABNB.US,140.8
2023-12-26,US0090661010,ABNB.US,138.72
2023-12-27,US0090661010,ABNB.US,136.55
2023-12-28,US0090661010,ABNB.US,137.0
2023-12-29,US0090661010,ABNB.US,136.14
2024-01-02,US0090661010,ABNB.US,134.48
2024-01-03,US0090661010,ABNB.US,133.42
2024-01-04,US0090661010,ABNB.US,133.72
2024-01-05,US0090661010,ABNB.US,135.98
2024-01-08,US0090661010,ABNB.US,140.08
2024-01-09,US0090661010,ABNB.US,139.53
2024-01-10,US0090661010,ABNB.US,139.76
2024-01-11,US0090661010,ABNB.US,139.45
2024-01-12,US0090661010,ABNB.US,137.14
2024-01-16,US0090661010,ABNB.US,135.02
2024-01-17,US0090661010,ABNB.US,134.98
2024-01-18,US0090661010,ABNB.US,137.04
2024-01-19,US0090661010,ABNB.US,139.93
2024-01-22,US0090661010,ABNB.US,142.01
2024-01-23,US0090661010,ABNB.US,142.3
2024-01-24,US0090661010,ABNB.US,141.19
2024-01-25,US0090661010,ABNB.US,142.11
2024-01-26,US0090661010,ABNB.US,149.62
2024-01-29,US0090661010,ABNB.US,152.7
2024-01-30,US0090661010,ABNB.US,149.44
2024-01-31,US0090661010,ABNB.US,144.14
2024-02-01,US0090661010,ABNB.US,146.49
2024-02-02,US0090661010,ABNB.US,146.55
2024-02-05,US0090661010,ABNB.US,144.78
2024-02-06,US0090661010,ABNB.US,144.53
2024-02-07,US0090661010,ABNB.US,147.55
2024-02-08,US0090661010,ABNB.US,150.54
2024-02-09,US0090661010,ABNB.US,147.595
2024-02-12,US0090661010,ABNB.US,153.8
2024-02-13,US0090661010,ABNB.US,150.82
2024-02-14,US0090661010,ABNB.US,148.2
2024-02-15,US0090661010,ABNB.US,157.69
2024-02-16,US0090661010,ABNB.US,152.51
2024-02-20,US0090661010,ABNB.US,148.15
2024-02-21,US0090661010,ABNB.US,149.24
2024-02-22,US0090661010,ABNB.US,155.26
2024-02-23,US0090661010,ABNB.US,152.66
2024-02-26,US0090661010,ABNB.US,149.27
2024-02-27,US0090661010,ABNB.US,152.06
2024-02-28,US0090661010,ABNB.US,153.43
2024-02-29,US0090661010,ABNB.US,157.47
2024-03-01,US0090661010,ABNB.US,159.72
2024-03-04,US0090661010,ABNB.US,158.09
2024-03-05,US0090661010,ABNB.US,159.33
2024-03-06,US0090661010,ABNB.US,163.87
2024-03-07,US0090661010,ABNB.US,163.54
2024-03-08,US0090661010,ABNB.US,164.91
2024-03-11,US0090661010,ABNB.US,162.99
2024-03-12,US0090661010,ABNB.US,166.67
2024-03-13,US0090661010,ABNB.US,164.76
2024-03-14,US0090661010,ABNB.US,166.44
2024-03-15,US0090661010,ABNB.US,160.64
2024-03-18,US0090661010,ABNB.US,161.86
2024-03-19,US0090661010,ABNB.US,161.79
2024-03-20,US0090661010,ABNB.US,164.71
2024-03-21,US0090661010,ABNB.US,168.18
2024-03-22,US0090661010,ABNB.US,167.86
2024-03-25,US0090661010,ABNB.US,167.99
2024-03-26,US0090661010,ABNB.US,167.39
2024-03-27,US0090661010,ABNB.US,166.41
2024-03-28,US0090661010,ABNB.US,164.96
2024-04-01,US0090661010,ABNB.US,163.37
2024-04-02,US0090661010,ABNB.US,160.11
2024-04-03,US0090661010,ABNB.US,159.34
2024-04-04,US0090661010,ABNB.US,158.84
2024-04-05,US0090661010,ABNB.US,161.77
2024-04-08,US0090661010,ABNB.US,160.27
2024-04-09,US0090661010,ABNB.US,162.66
2024-04-10,US0090661010,ABNB.US,160.28
2024-04-11,US0090661010,ABNB.US,165.42
2024-04-12,US0090661010,ABNB.US,159.37
2024-04-15,US0090661010,ABNB.US,155.6
2024-04-16,US0090661010,ABNB.US,156.66
2024-04-17,US0090661010,ABNB.US,158.37
2024-04-18,US0090661010,ABNB.US,160.1
2024-04-19,US0090661010,ABNB.US,155.01
2024-04-22,US0090661010,ABNB.US,156.61
2024-04-23,US0090661010,ABNB.US,160.95
2024-04-24,US0090661010,ABNB.US,162.84
2024-04-25,US0090661010,ABNB.US,163.01
2024-04-26,US0090661010,ABNB.US,164.23
2024-04-29,US0090661010,ABNB.US,162.25
2024-04-30,US0090661010,ABNB.US,158.57
2024-05-01,US0090661010,ABNB.US,156.16
2024-05-02,US0090661010,ABNB.US,158.33
2024-05-03,US0090661010,ABNB.US,159.71
2024-05-06,US0090661010,ABNB.US,162.0
2024-05-07,US0090661010,ABNB.US,159.81
2024-05-08,US0090661010,ABNB.US,157.9
2024-05-09,US0090661010,ABNB.US,147.05
2024-05-10,US0090661010,ABNB.US,146.32
2024-05-13,US0090661010,ABNB.US,149.13
2024-05-14,US0090661010,ABNB.US,146.7
2024-05-15,US0090661010,ABNB.US,145.8
2024-05-16,US0090661010,ABNB.US,147.19
2024-05-17,US0090661010,ABNB.US,145.66
2024-05-20,US0090661010,ABNB.US,146.37
2024-05-21,US0090661010,ABNB.US,144.1
2024-05-22,US0090661010,ABNB.US,142.71
2024-05-23,US0090661010,ABNB.US,141.04
2024-05-24,US0090661010,ABNB.US,144.47
2024-05-28,US0090661010,ABNB.US,147.01
2024-05-29,US0090661010,ABNB.US,146.61
2024-05-30,US0090661010,ABNB.US,145.52
2024-05-31,US0090661010,ABNB.US,144.93
2024-06-03,US0090661010,ABNB.US,146.25
2024-06-04,US0090661010,ABNB.US,147.08
2024-06-05,US0090661010,ABNB.US,145.78
2024-06-06,US0090661010,ABNB.US,147.0
2024-06-07,US0090661010,ABNB.US,146.66
2024-06-10,US0090661010,ABNB.US,148.07
2024-06-11,US0090661010,ABNB.US,147.75
2024-06-12,US0090661010,ABNB.US,149.32
2024-06-13,US0090661010,ABNB.US,146.1
2024-06-14,US0090661010,ABNB.US,145.97
2024-06-17,US0090661010,ABNB.US,149.5
2024-06-18,US0090661010,ABNB.US,147.29
2024-06-20,US0090661010,ABNB.US,147.88
2024-06-21,US0090661010,ABNB.US,149.57
2024-06-24,US0090661010,ABNB.US,148.39
2024-06-25,US0090661010,ABNB.US,150.91
2024-06-26,US0090661010,ABNB.US,150.0
2024-06-27,US0090661010,ABNB.US,151.61
2024-06-28,US0090661010,ABNB.US,151.63
2024-07-01,US0090661010,ABNB.US,151.63
2024-07-02,US0090661010,ABNB.US,154.34
2024-07-03,US0090661010,ABNB.US,152.73
2024-07-05,US0090661010,ABNB.US,152.5
2024-07-08,US0090661010,ABNB.US,151.96
2024-07-09,US0090661010,ABNB.US,152.45
2024-07-10,US0090661010,ABNB.US,151.84
2024-07-11,US0090661010,ABNB.US,146.0
2024-07-12,US0090661010,ABNB.US,146.78
2024-07-15,US0090661010,ABNB.US,147.22
2024-07-16,US0090661010,ABNB.US,151.26
2024-07-17,US0090661010,ABNB.US,148.0
2024-07-18,US0090661010,ABNB.US,146.88
2024-07-19,US0090661010,ABNB.US,147.99
2024-07-22,US0090661010,ABNB.US,150.18
2024-07-23,US0090661010,ABNB.US,148.75
2024-07-24,US0090661010,ABNB.US,144.23
2024-07-25,US0090661010,ABNB.US,140.03
2024-07-26,US0090661010,ABNB.US,140.1
2024-07-29,US0090661010,ABNB.US,140.29
2024-07-30,US0090661010,ABNB.US,138.99
2024-07-31,US0090661010,ABNB.US,139.56
2024-08-01,US0090661010,ABNB.US,135.09
2024-08-02,US0090661010,ABNB.US,128.23
2024-08-05,US0090661010,ABNB.US,125.31
2024-08-06,US0090661010,ABNB.US,130.47
2024-08-07,US0090661010,ABNB.US,113.01
2024-08-08,US0090661010,ABNB.US,114.64
2024-08-09,US0090661010,ABNB.US,115.08
2024-08-12,US0090661010,ABNB.US,113.62
2024-08-13,US0090661010,ABNB.US,116.9
2024-08-14,US0090661010,ABNB.US,116.24
2024-08-15,US0090661010,ABNB.US,118.88
2024-08-16,US0090661010,ABNB.US,116.31
2024-08-19,US0090661010,ABNB.US,119.14
2024-08-20,US0090661010,ABNB.US,117.38
2024-08-21,US0090661010,ABNB.US,117.68
2024-08-22,US0090661010,ABNB.US,115.45
2024-08-23,US0090661010,ABNB.US,116.85
2024-08-26,US0090661010,ABNB.US,115.71
2024-08-27,US0090661010,ABNB.US,116.74
2024-08-28,US0090661010,ABNB.US,117.53
2024-08-29,US0090661010,ABNB.US,116.6
2024-08-30,US0090661010,ABNB.US,117.31
2024-09-03,US0090661010,ABNB.US,114.98
2024-09-04,US0090661010,ABNB.US,115.21
2024-09-05,US0090661010,ABNB.US,116.16
2024-09-06,US0090661010,ABNB.US,114.28
2024-09-09,US0090661010,ABNB.US,116.36
2024-09-10,US0090661010,ABNB.US,115.12
2024-09-11,US0090661010,ABNB.US,115.96
2024-09-12,US0090661010,ABNB.US,117.36
2024-09-13,US0090661010,ABNB.US,117.75
2024-09-16,US0090661010,ABNB.US,117.55
2024-09-17,US0090661010,ABNB.US,122.12
2024-09-18,US0090661010,ABNB.US,122.42
2024-09-19,US0090661010,ABNB.US,128.75
2024-09-20,US0090661010,ABNB.US,131.18
2024-09-23,US0090661010,ABNB.US,129.03
2024-09-24,US0090661010,ABNB.US,131.48
2024-09-25,US0090661010,ABNB.US,130.71
2024-09-26,US0090661010,ABNB.US,129.25
2024-09-27,US0090661010,ABNB.US,128.25
2024-09-30,US0090661010,ABNB.US,126.81
2024-10-01,US0090661010,ABNB.US,125.47
2024-10-02,US0090661010,ABNB.US,126.18
2024-10-03,US0090661010,ABNB.US,125.29
2024-10-04,US0090661010,ABNB.US,129.85
2024-10-07,US0090661010,ABNB.US,130.23
2024-10-08,US0090661010,ABNB.US,132.5
2024-10-09,US0090661010,ABNB.US,135.49
2024-10-10,US0090661010,ABNB.US,132.81
2024-10-11,US0090661010,ABNB.US,134.4
2024-10-14,US0090661010,ABNB.US,134.79
2024-10-15,US0090661010,ABNB.US,133.27
2024-10-16,US0090661010,ABNB.US,135.15
2024-10-17,US0090661010,ABNB.US,136.02
2024-10-18,US0090661010,ABNB.US,136.45
2024-10-21,US0090661010,ABNB.US,137.19
2024-10-22,US0090661010,ABNB.US,135.59
2024-10-23,US0090661010,ABNB.US,131.92
2024-10-24,US0090661010,ABNB.US,132.75
2024-10-25,US0090661010,ABNB.US,134.58
2024-10-28,US0090661010,ABNB.US,135.78
2024-10-29,US0090661010,ABNB.US,137.78
2024-10-30,US0090661010,ABNB.US,136.5
2024-10-31,US0090661010,ABNB.US,134.79
2024-11-01,US0090661010,ABNB.US,136.46
2024-11-04,US0090661010,ABNB.US,136.87
2024-11-05,US0090661010,ABNB.US,137.82
2024-11-06,US0090661010,ABNB.US,140.91
2024-11-07,US0090661010,ABNB.US,147.37
2024-11-08,US0090661010,ABNB.US,134.61
2024-11-11,US0090661010,ABNB.US,137.4
2024-11-12,US0090661010,ABNB.US,133.2
2024-11-13,US0090661010,ABNB.US,132.76
2024-11-14,US0090661010,ABNB.US,134.56
2024-11-15,US0090661010,ABNB.US,132.5
2024-11-18,US0090661010,ABNB.US,132.19
2024-11-19,US0090661010,ABNB.US,131.44
2024-11-20,US0090661010,ABNB.US,135.25
2024-11-21,US0090661010,ABNB.US,133.26
2024-11-22,US0090661010,ABNB.US,137.34
2024-11-25,US0090661010,ABNB.US,140.93
2024-11-26,US0090661010,ABNB.US,139.67
2024-11-27,US0090661010,ABNB.US,138.28
2024-11-29,US0090661010,ABNB.US,136.11
2024-12-02,US0090661010,ABNB.US,137.49
2024-12-03,US0090661010,ABNB.US,137.46
2024-12-04,US0090661010,ABNB.US,139.07
2024-12-05,US0090661010,ABNB.US,136.32
2024-12-06,US0090661010,ABNB.US,136.92
2024-12-09,US0090661010,ABNB.US,137.27
2024-12-10,US0090661010,ABNB.US,138.3
2024-12-11,US0090661010,ABNB.US,138.84
2024-12-12,US0090661010,ABNB.US,137.47
2024-12-13,US0090661010,ABNB.US,130.95
2024-12-16,US0090661010,ABNB.US,132.2
2024-12-17,US0090661010,ABNB.US,132.24
2024-12-18,US0090661010,ABNB.US,127.54
2024-12-19,US0090661010,ABNB.US,129.35
2024-12-20,US0090661010,ABNB.US,134.21
2024-12-23,US0090661010,ABNB.US,134.52
2024-12-24,US0090661010,ABNB.US,134.99
2024-12-26,US0090661010,ABNB.US,135.32
2024-12-27,US0090661010,ABNB.US,133.385
2024-12-30,US0090661010,ABNB.US,131.81
2024-12-31,US0090661010,ABNB.US,131.41
2025-01-02,US0090661010,ABNB.US,131.48
2025-01-03,US0090661010,ABNB.US,135.71
2025-01-06,US0090661010,ABNB.US,135.2
2025-01-07,US0090661010,ABNB.US,131.29
2025-01-08,US0090661010,ABNB.US,130.8
2025-01-10,US0090661010,ABNB.US,129.63
2025-01-13,US0090661010,ABNB.US,128.85
2025-01-14,US0090661010,ABNB.US,127.6
2025-01-15,US0090661010,ABNB.US,132.52
2025-01-16,US0090661010,ABNB.US,132.16
2025-01-17,US0090661010,ABNB.US,135.12
2025-01-21,US0090661010,ABNB.US,133.07
2025-01-22,US0090661010,ABNB.US,132.5
2025-01-23,US0090661010,ABNB.US,133.24
2025-01-24,US0090661010,ABNB.US,127.09
2025-01-27,US0090661010,ABNB.US,128.96
2025-01-28,US0090661010,ABNB.US,131.05
2025-01-29,US0090661010,ABNB.US,132.58
2025-01-30,US0090661010,ABNB.US,131.79
2025-01-31,US0090661010,ABNB.US,131.17
2025-02-03,US0090661010,ABNB.US,129.78
2025-02-04,US0090661010,ABNB.US,130.74
2025-02-05,US0090661010,ABNB.US,129.6
2025-02-06,US0090661010,ABNB.US,132.57
2025-02-07,US0090661010,ABNB.US,134.98
2025-02-10,US0090661010,ABNB.US,135.24
2025-02-11,US0090661010,ABNB.US,134.52
2025-02-12,US0090661010,ABNB.US,140.52
2025-02-13,US0090661010,ABNB.US,141.04
2025-02-14,US0090661010,ABNB.US,161.42
2025-02-18,US0090661010,ABNB.US,160.6
2025-02-19,US0090661010,ABNB.US,157.98
2025-02-20,US0090661010,ABNB.US,155.31
2025-02-21,US0090661010,ABNB.US,146.07
2025-02-24,US0090661010,ABNB.US,144.82
2025-02-25,US0090661010,ABNB.US,141.55
2025-02-26,US0090661010,ABNB.US,144.03
2025-02-27,US0090661010,ABNB.US,139.45
2025-02-28,US0090661010,ABNB.US,138.87
2025-03-03,US0090661010,ABNB.US,140.98
2025-03-04,US0090661010,ABNB.US,141.42
2025-03-05,US0090661010,ABNB.US,142.58
2025-03-06,US0090661010,ABNB.US,134.77
2025-03-07,US0090661010,ABNB.US,134.39
2025-03-10,US0090661010,ABNB.US,132.15
2025-03-11,US0090661010,ABNB.US,125.44
2025-03-12,US0090661010,ABNB.US,126.55
2025-03-13,US0090661010,ABNB.US,119.38
2025-03-14,US0090661010,ABNB.US,122.86
2025-03-17,US0090661010,ABNB.US,126.94
2025-03-18,US0090661010,ABNB.US,124.56
2025-03-19,US0090661010,ABNB.US,126.0
2025-03-20,US0090661010,ABNB.US,126.15
2025-03-21,US0090661010,ABNB.US,128.8
2025-03-24,US0090661010,ABNB.US,129.82
2025-03-25,US0090661010,ABNB.US,129.88
2025-03-26,US0090661010,ABNB.US,128.64
2025-03-27,US0090661010,ABNB.US,125.65
2025-03-28,US0090661010,ABNB.US,120.69
2025-03-31,US0090661010,ABNB.US,119.46
2025-04-01,US0090661010,ABNB.US,121.18
2025-04-02,US0090661010,ABNB.US,122.8
2025-04-03,US0090661010,ABNB.US,113.97
2025-04-04,US0090661010,ABNB.US,106.66
2025-04-07,US0090661010,ABNB.US,106.3
2025-04-08,US0090661010,ABNB.US,105.69
2025-04-09,US0090661010,ABNB.US,121.32
2025-04-10,US0090661010,ABNB.US,113.91
2025-04-11,US0090661010,ABNB.US,114.54
2025-04-14,US0090661010,ABNB.US,113.22
2025-04-15,US0090661010,ABNB.US,114.64
2025-04-16,US0090661010,ABNB.US,112.64
2025-04-17,US0090661010,ABNB.US,112.7
2025-04-21,US0090661010,ABNB.US,111.61
2025-04-22,US0090661010,ABNB.US,114.91
2025-04-23,US0090661010,ABNB.US,118.28
2025-04-24,US0090661010,ABNB.US,121.71
2025-04-25,US0090661010,ABNB.US,122.51
2025-04-28,US0090661010,ABNB.US,123.3
2025-04-29,US0090661010,ABNB.US,125.49
2025-04-30,US0090661010,ABNB.US,121.92
2025-05-01,US0090661010,ABNB.US,124.01
2025-05-02,US0090661010,ABNB.US,125.26
2025-05-05,US0090661010,ABNB.US,124.89
2025-05-06,US0090661010,ABNB.US,121.67
2025-05-07,US0090661010,ABNB.US,123.12
2025-05-08,US0090661010,ABNB.US,126.39
2025-05-09,US0090661010,ABNB.US,127.04
2025-05-12,US0090661010,ABNB.US,134.21
2025-05-13,US0090661010,ABNB.US,138.05
2025-05-14,US0090661010,ABNB.US,137.45
2025-05-15,US0090661010,ABNB.US,136.79
2025-05-16,US0090661010,ABNB.US,138.0
2025-05-19,US0090661010,ABNB.US,136.6
2025-05-20,US0090661010,ABNB.US,132.13
2025-05-21,US0090661010,ABNB.US,127.52
2025-05-22,US0090661010,ABNB.US,127.65
2025-05-23,US0090661010,ABNB.US,126.72
2025-05-27,US0090661010,ABNB.US,129.4
2025-05-28,US0090661010,ABNB.US,128.67
2025-05-29,US0090661010,ABNB.US,128.36
2025-05-30,US0090661010,ABNB.US,129.0
2025-06-02,US0090661010,ABNB.US,129.62
2025-06-03,US0090661010,ABNB.US,132.9
2025-06-04,US0090661010,ABNB.US,133.51
2025-06-05,US0090661010,ABNB.US,137.29
2025-06-06,US0090661010,ABNB.US,140.64
2025-06-09,US0090661010,ABNB.US,139.01
2025-06-10,US0090661010,ABNB.US,138.56
2025-06-11,US0090661010,ABNB.US,138.06
2025-06-12,US0090661010,ABNB.US,138.81
2025-06-13,US0090661010,ABNB.US,135.54
2025-06-16,US0090661010,ABNB.US,137.21
2025-06-17,US0090661010,ABNB.US,133.37
2025-06-18,US0090661010,ABNB.US,132.17
2025-06-20,US0090661010,ABNB.US,131.73
2025-06-23,US0090661010,ABNB.US,130.53
2025-06-24,US0090661010,ABNB.US,132.15
2025-06-25,US0090661010,ABNB.US,129.67
2025-06-26,US0090661010,ABNB.US,133.72
2025-06-27,US0090661010,ABNB.US,134.52
2025-06-30,US0090661010,ABNB.US,132.34
2025-07-01,US0090661010,ABNB.US,135.41
2025-07-02,US0090661010,ABNB.US,135.39
2025-07-03,US0090661010,ABNB.US,136.49
2025-07-07,US0090661010,ABNB.US,137.0
2025-07-08,US0090661010,ABNB.US,136.99
2025-07-09,US0090661010,ABNB.US,136.85
2025-07-10,US0090661010,ABNB.US,137.0
2025-07-11,US0090661010,ABNB.US,135.35
2025-07-14,US0090661010,ABNB.US,138.57
2025-07-15,US0090661010,ABNB.US,136.54
2025-07-16,US0090661010,ABNB.US,136.71
2025-07-17,US0090661010,ABNB.US,139.3
2025-07-18,US0090661010,ABNB.US,139.34
2025-07-21,US0090661010,ABNB.US,138.07
2025-07-22,US0090661010,ABNB.US,139.43
2025-07-23,US0090661010,ABNB.US,139.83
2025-07-24,US0090661010,ABNB.US,141.62
2025-07-25,US0090661010,ABNB.US,141.31
2025-07-28,US0090661010,ABNB.US,142.16
2025-07-29,US0090661010,ABNB.US,136.84
2025-07-30,US0090661010,ABNB.US,134.75
2025-07-31,US0090661010,ABNB.US,132.41
2025-08-01,US0090661010,ABNB.US,128.02
2025-08-04,US0090661010,ABNB.US,130.96
2025-08-05,US0090661010,ABNB.US,129.96
2025-08-06,US0090661010,ABNB.US,130.5
2025-08-07,US0090661010,ABNB.US,120.03
2025-08-08,US0090661010,ABNB.US,121.02
2025-08-11,US0090661010,ABNB.US,118.3
2025-08-12,US0090661010,ABNB.US,121.61
2025-08-13,US0090661010,ABNB.US,124.55
2025-08-14,US0090661010,ABNB.US,124.64
2025-08-15,US0090661010,ABNB.US,125.1
2025-08-18,US0090661010,ABNB.US,125.49
2025-08-19,US0090661010,ABNB.US,126.0
2025-08-20,US0090661010,ABNB.US,124.96
2025-08-21,US0090661010,ABNB.US,126.43
2025-08-22,US0090661010,ABNB.US,129.92
2025-08-25,US0090661010,ABNB.US,128.15
2025-08-26,US0090661010,ABNB.US,126.89
2025-08-27,US0090661010,ABNB.US,129.85
2025-08-28,US0090661010,ABNB.US,130.46
2025-08-29,US0090661010,ABNB.US,130.53
2025-09-02,US0090661010,ABNB.US,127.59
2025-09-03,US0090661010,ABNB.US,124.9
2025-09-04,US0090661010,ABNB.US,125.37
2025-09-05,US0090661010,ABNB.US,123.81
2025-09-08,US0090661010,ABNB.US,124.62
2025-09-09,US0090661010,ABNB.US,123.81
2025-09-10,US0090661010,ABNB.US,123.41
2025-09-11,US0090661010,ABNB.US,123.05
2025-09-12,US0090661010,ABNB.US,122.55
2025-09-15,US0090661010,ABNB.US,120.37
2025-09-16,US0090661010,ABNB.US,121.66
2025-09-17,US0090661010,ABNB.US,123.2
2025-09-18,US0090661010,ABNB.US,125.47
2025-09-19,US0090661010,ABNB.US,127.04
2025-09-22,US0090661010,ABNB.US,125.44
2025-09-23,US0090661010,ABNB.US,123.5
2025-09-24,US0090661010,ABNB.US,123.08
2025-09-25,US0090661010,ABNB.US,121.75
2025-09-26,US0090661010,ABNB.US,123.7
2025-09-29,US0090661010,ABNB.US,122.92
2025-09-30,US0090661010,ABNB.US,121.42
2025-10-01,US0090661010,ABNB.US,122.32
2025-10-02,US0090661010,ABNB.US,121.49
2025-10-03,US0090661010,ABNB.US,120.22
2025-10-06,US0090661010,ABNB.US,120.35
2025-10-07,US0090661010,ABNB.US,119.85
2025-10-08,US0090661010,ABNB.US,119.99
2025-10-09,US0090661010,ABNB.US,120.15
2025-10-10,US0090661010,ABNB.US,118.19
2025-10-13,US0090661010,ABNB.US,118.86
2025-10-14,US0090661010,ABNB.US,122.89
2025-10-15,US0090661010,ABNB.US,124.26
2025-10-16,US0090661010,ABNB.US,122.89
2025-10-17,US0090661010,ABNB.US,125.91
2025-10-20,US0090661010,ABNB.US,127.21
2025-10-21,US0090661010,ABNB.US,128.56
2025-10-22,US0090661010,ABNB.US,127.5
2025-10-23,US0090661010,ABNB.US,127.35
2025-10-24,US0090661010,ABNB.US,127.99
2025-10-27,US0090661010,ABNB.US,129.07
2025-10-28,US0090661010,ABNB.US,128.01
2025-10-29,US0090661010,ABNB.US,126.48
2025-10-30,US0090661010,ABNB.US,126.34
2025-10-31,US0090661010,ABNB.US,126.54
2025-11-03,US0090661010,ABNB.US,126.8
2025-11-04,US0090661010,ABNB.US,122.35
2025-11-05,US0090661010,ABNB.US,122.5
2025-11-06,US0090661010,ABNB.US,120.53
2025-11-07,US0090661010,ABNB.US,120.88
2025-11-10,US0090661010,ABNB.US,120.2
2025-11-11,US0090661010,ABNB.US,122.53
2025-11-12,US0090661010,ABNB.US,121.69
2025-11-13,US0090661010,ABNB.US,121.19
2025-11-14,US0090661010,ABNB.US,122.02
2025-11-17,US0090661010,ABNB.US,117.6
2025-11-18,US0090661010,ABNB.US,115.42
2025-11-19,US0090661010,ABNB.US,114.44
2025-11-20,US0090661010,ABNB.US,111.54
2025-11-21,US0090661010,ABNB.US,114.26
2025-11-24,US0090661010,ABNB.US,114.41
2025-11-25,US0090661010,ABNB.US,118.56
2025-11-26,US0090661010,ABNB.US,116.74
2025-11-28,US0090661010,ABNB.US,116.99
2025-12-01,US0090661010,ABNB.US,118.8
2025-12-02,US0090661010,ABNB.US,118.5
2025-12-03,US0090661010,ABNB.US,120.13
2025-12-04,US0090661010,ABNB.US,120.82
2025-12-05,US0090661010,ABNB.US,124.32
2025-12-08,US0090661010,ABNB.US,122.01
2025-12-09,US0090661010,ABNB.US,125.39
2025-12-10,US0090661010,ABNB.US,127.57
2025-12-11,US0090661010,ABNB.US,128.0
2025-12-12,US0090661010,ABNB.US,128.39
2025-12-15,US0090661010,ABNB.US,131.81
2025-12-16,US0090661010,ABNB.US,132.01
2025-12-17,US0090661010,ABNB.US,133.78
2025-12-18,US0090661010,ABNB.US,133.99
2025-12-19,US0090661010,ABNB.US,135.28
2025-12-22,US0090661010,ABNB.US,136.95
2025-12-23,US0090661010,ABNB.US,136.49
2025-12-24,US0090661010,ABNB.US,136.78
2025-12-26,US0090661010,ABNB.US,136.82
2025-12-29,US0090661010,ABNB.US,136.62
2025-12-30,US0090661010,ABNB.US,136.91
2025-12-31,US0090661010,ABNB.US,135.72
2026-01-02,US0090661010,ABNB.US,133.01
2026-01-05,US0090661010,ABNB.US,135.87
2026-01-06,US0090661010,ABNB.US,138.02
2026-01-07,US0090661010,ABNB.US,137.04
2026-01-08,US0090661010,ABNB.US,138.66
2026-01-09,US0090661010,ABNB.US,139.27
2026-01-12,US0090661010,ABNB.US,138.51
2026-01-13,US0090661010,ABNB.US,140.07
2026-01-14,US0090661010,ABNB.US,132.79
2026-01-15,US0090661010,ABNB.US,132.6
2026-01-16,US0090661010,ABNB.US,130.66
2026-01-20,US0090661010,ABNB.US,130.73
2026-01-21,US0090661010,ABNB.US,133.59
2026-01-22,US0090661010,ABNB.US,133.8
2026-01-23,US0090661010,ABNB.US,132.15
2026-01-26,US0090661010,ABNB.US,133.39
2026-01-27,US0090661010,ABNB.US,132.22
2026-01-28,US0090661010,ABNB.US,131.55
2026-01-29,US0090661010,ABNB.US,131.77
2026-01-30,US0090661010,ABNB.US,129.37
2026-02-02,US0090661010,ABNB.US,131.31
2026-02-03,US0090661010,ABNB.US,122.075
2026-02-04,US0090661010,ABNB.US,124.61
2026-02-05,US0090661010,ABNB.US,121.27
2026-02-06,US0090661010,ABNB.US,122.18
2026-02-09,US0090661010,ABNB.US,121.31
2026-02-10,US0090661010,ABNB.US,120.32
2026-02-11,US0090661010,ABNB.US,119.55
2026-02-12,US0090661010,ABNB.US,115.96
2026-02-13,US0090661010,ABNB.US,121.35
2026-02-17,US0090661010,ABNB.US,124.23
2026-02-18,US0090661010,ABNB.US,124.27
2026-02-19,US0090661010,ABNB.US,125.81
2026-02-20,US0090661010,ABNB.US,127.89
2026-02-23,US0090661010,ABNB.US,122.96
2026-02-24,US0090661010,ABNB.US,125.66
2026-02-25,US0090661010,ABNB.US,132.02
2026-02-26,US0090661010,ABNB.US,136.97
2026-02-27,US0090661010,ABNB.US,135.11
2026-03-02,US0090661010,ABNB.US,133.26
2026-03-03,US0090661010,ABNB.US,133.04
2026-03-04,US0090661010,ABNB.US,135.54
2026-03-05,US0090661010,ABNB.US,135.85
2026-03-06,US0090661010,ABNB.US,133.23
2026-03-09,US0090661010,ABNB.US,134.03
2026-03-10,US0090661010,ABNB.US,132.44
2026-03-11,US0090661010,ABNB.US,133.39
2026-03-12,US0090661010,ABNB.US,127.7
2026-03-13,US0090661010,ABNB.US,126.3
2026-03-16,US0090661010,ABNB.US,128.32
2026-03-17,US0090661010,ABNB.US,131.95
2026-03-18,US0090661010,ABNB.US,131.13
2026-03-19,US0090661010,ABNB.US,130.79
2026-03-20,US0090661010,ABNB.US,128.52
2026-03-23,US0090661010,ABNB.US,132.59
2026-03-24,US0090661010,ABNB.US,130.0
2026-03-25,US0090661010,ABNB.US,131.81
2026-03-26,US0090661010,ABNB.US,131.06
2026-03-27,US0090661010,ABNB.US,122.87
2026-03-30,US0090661010,ABNB.US,123.1
2026-03-31,US0090661010,ABNB.US,126.28
2026-04-01,US0090661010,ABNB.US,125.19
2026-04-02,US0090661010,ABNB.US,124.95
2026-04-06,US0090661010,ABNB.US,126.81
2026-04-07,US0090661010,ABNB.US,124.97
2026-04-08,US0090661010,ABNB.US,131.4
2026-04-09,US0090661010,ABNB.US,129.16
2026-04-10,US0090661010,ABNB.US,128.96
2026-04-13,US0090661010,ABNB.US,130.32
2026-04-14,US0090661010,ABNB.US,133.85
2026-04-15,US0090661010,ABNB.US,137.51
2026-04-16,US0090661010,ABNB.US,137.81
2026-04-17,US0090661010,ABNB.US,141.55
2026-04-20,US0090661010,ABNB.US,143.59
2026-04-21,US0090661010,ABNB.US,142.65
2026-04-22,US0090661010,ABNB.US,144.18
2026-04-23,US0090661010,ABNB.US,141.87
2026-04-24,US0090661010,ABNB.US,142.82
2020-04-27,US11135F1012,AVGO.US,23.4401
2020-04-28,US11135F1012,AVGO.US,23.1153
2020-04-29,US11135F1012,AVGO.US,24.1011
2020-04-30,US11135F1012,AVGO.US,23.7169
2020-05-01,US11135F1012,AVGO.US,22.6761
2020-05-04,US11135F1012,AVGO.US,22.8996
2020-05-05,US11135F1012,AVGO.US,23.1275
2020-05-06,US11135F1012,AVGO.US,23.0673
2020-05-07,US11135F1012,AVGO.US,23.379
2020-05-08,US11135F1012,AVGO.US,24.0147
2020-05-11,US11135F1012,AVGO.US,24.047
2020-05-12,US11135F1012,AVGO.US,23.4401
2020-05-13,US11135F1012,AVGO.US,22.9774
2020-05-14,US11135F1012,AVGO.US,23.2786
2020-05-15,US11135F1012,AVGO.US,22.7381
2020-05-18,US11135F1012,AVGO.US,23.8837
2020-05-19,US11135F1012,AVGO.US,23.7457
2020-05-20,US11135F1012,AVGO.US,24.3334
2020-05-21,US11135F1012,AVGO.US,23.9946
2020-05-22,US11135F1012,AVGO.US,24.1561
2020-05-26,US11135F1012,AVGO.US,24.625
2020-05-27,US11135F1012,AVGO.US,25.1114
2020-05-28,US11135F1012,AVGO.US,24.7228
2020-05-29,US11135F1012,AVGO.US,25.4327
2020-06-01,US11135F1012,AVGO.US,25.3209
2020-06-02,US11135F1012,AVGO.US,26.0256
2020-06-03,US11135F1012,AVGO.US,27.0271
2020-06-04,US11135F1012,AVGO.US,26.9712
2020-06-05,US11135F1012,AVGO.US,27.6863
2020-06-08,US11135F1012,AVGO.US,27.7248
2020-06-09,US11135F1012,AVGO.US,27.5327
2020-06-10,US11135F1012,AVGO.US,27.5082
2020-06-11,US11135F1012,AVGO.US,25.6492
2020-06-12,US11135F1012,AVGO.US,26.2168
2020-06-15,US11135F1012,AVGO.US,26.5521
2020-06-16,US11135F1012,AVGO.US,27.131
2020-06-17,US11135F1012,AVGO.US,27.3685
2020-06-18,US11135F1012,AVGO.US,27.8287
2020-06-19,US11135F1012,AVGO.US,26.7092
2020-06-22,US11135F1012,AVGO.US,27.6593
2020-06-23,US11135F1012,AVGO.US,27.4617
2020-06-24,US11135F1012,AVGO.US,27.0797
2020-06-25,US11135F1012,AVGO.US,27.2456
2020-06-26,US11135F1012,AVGO.US,27.1185
2020-06-29,US11135F1012,AVGO.US,27.3276
2020-06-30,US11135F1012,AVGO.US,27.8419
2020-07-01,US11135F1012,AVGO.US,27.5878
2020-07-02,US11135F1012,AVGO.US,27.8295
2020-07-06,US11135F1012,AVGO.US,28.1224
2020-07-07,US11135F1012,AVGO.US,27.6222
2020-07-08,US11135F1012,AVGO.US,28.1912
2020-07-09,US11135F1012,AVGO.US,28.3615
2020-07-10,US11135F1012,AVGO.US,28.1798
2020-07-13,US11135F1012,AVGO.US,27.4626
2020-07-14,US11135F1012,AVGO.US,27.7951
2020-07-15,US11135F1012,AVGO.US,27.6805
2020-07-16,US11135F1012,AVGO.US,27.4652
2020-07-17,US11135F1012,AVGO.US,27.5861
2020-07-20,US11135F1012,AVGO.US,27.976
2020-07-21,US11135F1012,AVGO.US,27.7299
2020-07-22,US11135F1012,AVGO.US,27.6822
2020-07-23,US11135F1012,AVGO.US,27.3179
2020-07-24,US11135F1012,AVGO.US,26.9756
2020-07-27,US11135F1012,AVGO.US,27.5834
2020-07-28,US11135F1012,AVGO.US,27.1132
2020-07-29,US11135F1012,AVGO.US,27.2456
2020-07-30,US11135F1012,AVGO.US,27.5323
2020-07-31,US11135F1012,AVGO.US,27.9425
2020-08-03,US11135F1012,AVGO.US,28.3377
2020-08-04,US11135F1012,AVGO.US,28.9693
2020-08-05,US11135F1012,AVGO.US,29.0707
2020-08-06,US11135F1012,AVGO.US,29.0372
2020-08-07,US11135F1012,AVGO.US,28.7523
2020-08-10,US11135F1012,AVGO.US,28.8784
2020-08-11,US11135F1012,AVGO.US,28.5847
2020-08-12,US11135F1012,AVGO.US,29.4324
2020-08-13,US11135F1012,AVGO.US,29.0602
2020-08-14,US11135F1012,AVGO.US,28.919
2020-08-17,US11135F1012,AVGO.US,29.1396
2020-08-18,US11135F1012,AVGO.US,28.9914
2020-08-19,US11135F1012,AVGO.US,29.0416
2020-08-20,US11135F1012,AVGO.US,29.0081
2020-08-21,US11135F1012,AVGO.US,29.1131
2020-08-24,US11135F1012,AVGO.US,29.4642
2020-08-25,US11135F1012,AVGO.US,29.653
2020-08-26,US11135F1012,AVGO.US,29.9644
2020-08-27,US11135F1012,AVGO.US,29.9176
2020-08-28,US11135F1012,AVGO.US,30.4187
2020-08-31,US11135F1012,AVGO.US,30.6242
2020-09-01,US11135F1012,AVGO.US,31.7172
2020-09-02,US11135F1012,AVGO.US,33.0819
2020-09-03,US11135F1012,AVGO.US,31.06
2020-09-04,US11135F1012,AVGO.US,32.018
2020-09-08,US11135F1012,AVGO.US,30.9233
2020-09-09,US11135F1012,AVGO.US,31.7605
2020-09-10,US11135F1012,AVGO.US,31.5002
2020-09-11,US11135F1012,AVGO.US,31.7313
2020-09-14,US11135F1012,AVGO.US,31.9519
2020-09-15,US11135F1012,AVGO.US,32.3674
2020-09-16,US11135F1012,AVGO.US,32.3789
2020-09-17,US11135F1012,AVGO.US,32.28
2020-09-18,US11135F1012,AVGO.US,31.734
2020-09-21,US11135F1012,AVGO.US,31.3165
2020-09-22,US11135F1012,AVGO.US,32.1889
2020-09-23,US11135F1012,AVGO.US,31.2987
2020-09-24,US11135F1012,AVGO.US,31.3815
2020-09-25,US11135F1012,AVGO.US,31.7625
2020-09-28,US11135F1012,AVGO.US,32.6972
2020-09-29,US11135F1012,AVGO.US,32.4266
2020-09-30,US11135F1012,AVGO.US,32.4319
2020-10-01,US11135F1012,AVGO.US,32.8129
2020-10-02,US11135F1012,AVGO.US,31.7651
2020-10-05,US11135F1012,AVGO.US,32.5904
2020-10-06,US11135F1012,AVGO.US,32.4016
2020-10-07,US11135F1012,AVGO.US,32.6473
2020-10-08,US11135F1012,AVGO.US,33.234
2020-10-09,US11135F1012,AVGO.US,33.534
2020-10-12,US11135F1012,AVGO.US,34.0441
2020-10-13,US11135F1012,AVGO.US,33.9604
2020-10-14,US11135F1012,AVGO.US,33.8545
2020-10-15,US11135F1012,AVGO.US,33.8215
2020-10-16,US11135F1012,AVGO.US,33.7076
2020-10-19,US11135F1012,AVGO.US,33.4512
2020-10-20,US11135F1012,AVGO.US,33.5598
2020-10-21,US11135F1012,AVGO.US,33.12
2020-10-22,US11135F1012,AVGO.US,33.2375
2020-10-23,US11135F1012,AVGO.US,33.1797
2020-10-26,US11135F1012,AVGO.US,32.318
2020-10-27,US11135F1012,AVGO.US,32.0117
2020-10-28,US11135F1012,AVGO.US,30.9088
2020-10-29,US11135F1012,AVGO.US,31.6031
2020-10-30,US11135F1012,AVGO.US,31.1242
2020-11-02,US11135F1012,AVGO.US,31.2684
2020-11-03,US11135F1012,AVGO.US,31.4919
2020-11-04,US11135F1012,AVGO.US,32.4595
2020-11-05,US11135F1012,AVGO.US,33.9052
2020-11-06,US11135F1012,AVGO.US,33.8829
2020-11-09,US11135F1012,AVGO.US,33.4307
2020-11-10,US11135F1012,AVGO.US,32.326
2020-11-11,US11135F1012,AVGO.US,33.4645
2020-11-12,US11135F1012,AVGO.US,32.9554
2020-11-13,US11135F1012,AVGO.US,33.2491
2020-11-16,US11135F1012,AVGO.US,33.8999
2020-11-17,US11135F1012,AVGO.US,33.8812
2020-11-18,US11135F1012,AVGO.US,33.8829
2020-11-19,US11135F1012,AVGO.US,34.2132
2020-11-20,US11135F1012,AVGO.US,34.1242
2020-11-23,US11135F1012,AVGO.US,34.4509
2020-11-24,US11135F1012,AVGO.US,34.9165
2020-11-25,US11135F1012,AVGO.US,34.7918
2020-11-27,US11135F1012,AVGO.US,35.1586
2020-11-30,US11135F1012,AVGO.US,35.7488
2020-12-01,US11135F1012,AVGO.US,36.015
2020-12-02,US11135F1012,AVGO.US,35.9402
2020-12-03,US11135F1012,AVGO.US,35.5904
2020-12-04,US11135F1012,AVGO.US,36.6479
2020-12-07,US11135F1012,AVGO.US,37.4678
2020-12-08,US11135F1012,AVGO.US,37.6921
2020-12-09,US11135F1012,AVGO.US,37.0521
2020-12-10,US11135F1012,AVGO.US,36.5019
2020-12-11,US11135F1012,AVGO.US,36.1263
2020-12-14,US11135F1012,AVGO.US,36.6586
2020-12-15,US11135F1012,AVGO.US,37.2159
2020-12-16,US11135F1012,AVGO.US,37.8248
2020-12-17,US11135F1012,AVGO.US,37.9316
2020-12-18,US11135F1012,AVGO.US,39.0143
2020-12-21,US11135F1012,AVGO.US,38.5044
2020-12-22,US11135F1012,AVGO.US,38.8832
2020-12-23,US11135F1012,AVGO.US,38.1973
2020-12-24,US11135F1012,AVGO.US,38.736
2020-12-28,US11135F1012,AVGO.US,38.7737
2020-12-29,US11135F1012,AVGO.US,38.5187
2020-12-30,US11135F1012,AVGO.US,39.0386
2020-12-31,US11135F1012,AVGO.US,39.3097
2021-01-04,US11135F1012,AVGO.US,38.1758
2021-01-05,US11135F1012,AVGO.US,38.4344
2021-01-06,US11135F1012,AVGO.US,38.1973
2021-01-07,US11135F1012,AVGO.US,39.8071
2021-01-08,US11135F1012,AVGO.US,40.0091
2021-01-11,US11135F1012,AVGO.US,40.0198
2021-01-12,US11135F1012,AVGO.US,40.3457
2021-01-13,US11135F1012,AVGO.US,40.5091
2021-01-14,US11135F1012,AVGO.US,40.5864
2021-01-15,US11135F1012,AVGO.US,40.0279
2021-01-19,US11135F1012,AVGO.US,41.2328
2021-01-20,US11135F1012,AVGO.US,41.4671
2021-01-21,US11135F1012,AVGO.US,41.9106
2021-01-22,US11135F1012,AVGO.US,41.749
2021-01-25,US11135F1012,AVGO.US,41.7283
2021-01-26,US11135F1012,AVGO.US,41.6457
2021-01-27,US11135F1012,AVGO.US,39.9247
2021-01-28,US11135F1012,AVGO.US,40.5567
2021-01-29,US11135F1012,AVGO.US,40.4454
2021-02-01,US11135F1012,AVGO.US,41.9034
2021-02-02,US11135F1012,AVGO.US,42.8138
2021-02-03,US11135F1012,AVGO.US,41.7643
2021-02-04,US11135F1012,AVGO.US,42.2526
2021-02-05,US11135F1012,AVGO.US,41.8379
2021-02-08,US11135F1012,AVGO.US,42.4385
2021-02-09,US11135F1012,AVGO.US,42.6118
2021-02-10,US11135F1012,AVGO.US,42.2006
2021-02-11,US11135F1012,AVGO.US,42.9493
2021-02-12,US11135F1012,AVGO.US,43.6613
2021-02-16,US11135F1012,AVGO.US,43.9136
2021-02-17,US11135F1012,AVGO.US,43.3165
2021-02-18,US11135F1012,AVGO.US,43.3866
2021-02-19,US11135F1012,AVGO.US,43.9881
2021-02-22,US11135F1012,AVGO.US,42.7671
2021-02-23,US11135F1012,AVGO.US,42.3667
2021-02-24,US11135F1012,AVGO.US,43.1729
2021-02-25,US11135F1012,AVGO.US,41.0433
2021-02-26,US11135F1012,AVGO.US,42.1844
2021-03-01,US11135F1012,AVGO.US,43.954
2021-03-02,US11135F1012,AVGO.US,43.1397
2021-03-03,US11135F1012,AVGO.US,41.573
2021-03-04,US11135F1012,AVGO.US,39.825
2021-03-05,US11135F1012,AVGO.US,40.4131
2021-03-08,US11135F1012,AVGO.US,37.8194
2021-03-09,US11135F1012,AVGO.US,39.8259
2021-03-10,US11135F1012,AVGO.US,39.2864
2021-03-11,US11135F1012,AVGO.US,40.7318
2021-03-12,US11135F1012,AVGO.US,40.5056
2021-03-15,US11135F1012,AVGO.US,42.2652
2021-03-16,US11135F1012,AVGO.US,42.9305
2021-03-17,US11135F1012,AVGO.US,43.4162
2021-03-18,US11135F1012,AVGO.US,41.6709
2021-03-19,US11135F1012,AVGO.US,42.9295
2021-03-22,US11135F1012,AVGO.US,43.0037
2021-03-23,US11135F1012,AVGO.US,41.9885
2021-03-24,US11135F1012,AVGO.US,41.3741
2021-03-25,US11135F1012,AVGO.US,41.7749
2021-03-26,US11135F1012,AVGO.US,43.6153
2021-03-29,US11135F1012,AVGO.US,42.763
2021-03-30,US11135F1012,AVGO.US,41.2737
2021-03-31,US11135F1012,AVGO.US,41.9523
2021-04-01,US11135F1012,AVGO.US,43.0643
2021-04-05,US11135F1012,AVGO.US,44.198
2021-04-06,US11135F1012,AVGO.US,43.7809
2021-04-07,US11135F1012,AVGO.US,43.6533
2021-04-08,US11135F1012,AVGO.US,43.9266
2021-04-09,US11135F1012,AVGO.US,43.8913
2021-04-12,US11135F1012,AVGO.US,43.7628
2021-04-13,US11135F1012,AVGO.US,43.8795
2021-04-14,US11135F1012,AVGO.US,43.1864
2021-04-15,US11135F1012,AVGO.US,43.4307
2021-04-16,US11135F1012,AVGO.US,43.3212
2021-04-19,US11135F1012,AVGO.US,41.8021
2021-04-20,US11135F1012,AVGO.US,41.3732
2021-04-21,US11135F1012,AVGO.US,41.6021
2021-04-22,US11135F1012,AVGO.US,41.1787
2021-04-23,US11135F1012,AVGO.US,42.1758
2021-04-26,US11135F1012,AVGO.US,42.6933
2021-04-27,US11135F1012,AVGO.US,42.1957
2021-04-28,US11135F1012,AVGO.US,41.5487
2021-04-29,US11135F1012,AVGO.US,42.1902
2021-04-30,US11135F1012,AVGO.US,41.2773
2021-05-03,US11135F1012,AVGO.US,40.729
2021-05-04,US11135F1012,AVGO.US,40.2223
2021-05-05,US11135F1012,AVGO.US,40.158
2021-05-06,US11135F1012,AVGO.US,40.5878
2021-05-07,US11135F1012,AVGO.US,40.9498
2021-05-10,US11135F1012,AVGO.US,39.4586
2021-05-11,US11135F1012,AVGO.US,39.8178
2021-05-12,US11135F1012,AVGO.US,38.2172
2021-05-13,US11135F1012,AVGO.US,38.961
2021-05-14,US11135F1012,AVGO.US,39.9581
2021-05-17,US11135F1012,AVGO.US,39.8061
2021-05-18,US11135F1012,AVGO.US,39.2451
2021-05-19,US11135F1012,AVGO.US,39.9671
2021-05-20,US11135F1012,AVGO.US,41.1687
2021-05-21,US11135F1012,AVGO.US,40.8285
2021-05-24,US11135F1012,AVGO.US,41.5478
2021-05-25,US11135F1012,AVGO.US,41.5795
2021-05-26,US11135F1012,AVGO.US,41.6655
2021-05-27,US11135F1012,AVGO.US,42.316
2021-05-28,US11135F1012,AVGO.US,42.7367
2021-06-01,US11135F1012,AVGO.US,42.373
2021-06-02,US11135F1012,AVGO.US,42.8634
2021-06-03,US11135F1012,AVGO.US,42.0554
2021-06-04,US11135F1012,AVGO.US,42.9783
2021-06-07,US11135F1012,AVGO.US,41.9631
2021-06-08,US11135F1012,AVGO.US,41.9405
2021-06-09,US11135F1012,AVGO.US,41.9767
2021-06-10,US11135F1012,AVGO.US,42.4056
2021-06-11,US11135F1012,AVGO.US,42.5893
2021-06-14,US11135F1012,AVGO.US,43.0534
2021-06-15,US11135F1012,AVGO.US,42.5929
2021-06-16,US11135F1012,AVGO.US,42.1414
2021-06-17,US11135F1012,AVGO.US,42.6318
2021-06-18,US11135F1012,AVGO.US,41.9378
2021-06-21,US11135F1012,AVGO.US,42.3673
2021-06-22,US11135F1012,AVGO.US,42.3527
2021-06-23,US11135F1012,AVGO.US,42.5542
2021-06-24,US11135F1012,AVGO.US,42.8643
2021-06-25,US11135F1012,AVGO.US,42.1475
2021-06-28,US11135F1012,AVGO.US,43.1141
2021-06-29,US11135F1012,AVGO.US,43.5108
2021-06-30,US11135F1012,AVGO.US,43.4825
2021-07-01,US11135F1012,AVGO.US,42.826
2021-07-02,US11135F1012,AVGO.US,42.6919
2021-07-06,US11135F1012,AVGO.US,43.1579
2021-07-07,US11135F1012,AVGO.US,42.8169
2021-07-08,US11135F1012,AVGO.US,42.9044
2021-07-09,US11135F1012,AVGO.US,43.7871
2021-07-12,US11135F1012,AVGO.US,44.295
2021-07-13,US11135F1012,AVGO.US,44.1364
2021-07-14,US11135F1012,AVGO.US,43.9157
2021-07-15,US11135F1012,AVGO.US,43.5281
2021-07-16,US11135F1012,AVGO.US,42.6828
2021-07-19,US11135F1012,AVGO.US,42.464
2021-07-20,US11135F1012,AVGO.US,42.7302
2021-07-21,US11135F1012,AVGO.US,43.6813
2021-07-22,US11135F1012,AVGO.US,43.436
2021-07-23,US11135F1012,AVGO.US,44.0579
2021-07-26,US11135F1012,AVGO.US,43.975
2021-07-27,US11135F1012,AVGO.US,43.3476
2021-07-28,US11135F1012,AVGO.US,43.5564
2021-07-29,US11135F1012,AVGO.US,44.1455
2021-07-30,US11135F1012,AVGO.US,44.2631
2021-08-02,US11135F1012,AVGO.US,44.1975
2021-08-03,US11135F1012,AVGO.US,44.3899
2021-08-04,US11135F1012,AVGO.US,44.482
2021-08-05,US11135F1012,AVGO.US,44.4701
2021-08-06,US11135F1012,AVGO.US,44.2659
2021-08-09,US11135F1012,AVGO.US,44.1975
2021-08-10,US11135F1012,AVGO.US,43.9768
2021-08-11,US11135F1012,AVGO.US,44.0944
2021-08-12,US11135F1012,AVGO.US,44.1592
2021-08-13,US11135F1012,AVGO.US,44.3324
2021-08-16,US11135F1012,AVGO.US,44.513
2021-08-17,US11135F1012,AVGO.US,43.6512
2021-08-18,US11135F1012,AVGO.US,42.7649
2021-08-19,US11135F1012,AVGO.US,43.1807
2021-08-20,US11135F1012,AVGO.US,43.3303
2021-08-23,US11135F1012,AVGO.US,43.9941
2021-08-24,US11135F1012,AVGO.US,43.9011
2021-08-25,US11135F1012,AVGO.US,44.0817
2021-08-26,US11135F1012,AVGO.US,44.2941
2021-08-27,US11135F1012,AVGO.US,45.2243
2021-08-30,US11135F1012,AVGO.US,45.4933
2021-08-31,US11135F1012,AVGO.US,45.3401
2021-09-01,US11135F1012,AVGO.US,44.9707
2021-09-02,US11135F1012,AVGO.US,44.8558
2021-09-03,US11135F1012,AVGO.US,45.3829
2021-09-07,US11135F1012,AVGO.US,45.2835
2021-09-08,US11135F1012,AVGO.US,45.082
2021-09-09,US11135F1012,AVGO.US,45.0008
2021-09-10,US11135F1012,AVGO.US,45.4258
2021-09-13,US11135F1012,AVGO.US,45.4996
2021-09-14,US11135F1012,AVGO.US,45.765
2021-09-15,US11135F1012,AVGO.US,46.4827
2021-09-16,US11135F1012,AVGO.US,46.2647
2021-09-17,US11135F1012,AVGO.US,46.1416
2021-09-20,US11135F1012,AVGO.US,45.1221
2021-09-21,US11135F1012,AVGO.US,45.101
2021-09-22,US11135F1012,AVGO.US,45.9828
2021-09-23,US11135F1012,AVGO.US,46.3236
2021-09-24,US11135F1012,AVGO.US,46.3806
2021-09-27,US11135F1012,AVGO.US,46.3741
2021-09-28,US11135F1012,AVGO.US,45.1037
2021-09-29,US11135F1012,AVGO.US,44.9623
2021-09-30,US11135F1012,AVGO.US,44.5443
2021-10-01,US11135F1012,AVGO.US,44.7666
2021-10-04,US11135F1012,AVGO.US,43.7195
2021-10-05,US11135F1012,AVGO.US,44.5893
2021-10-06,US11135F1012,AVGO.US,44.898
2021-10-07,US11135F1012,AVGO.US,45.3701
2021-10-08,US11135F1012,AVGO.US,45.2718
2021-10-11,US11135F1012,AVGO.US,45.225
2021-10-12,US11135F1012,AVGO.US,44.5765
2021-10-13,US11135F1012,AVGO.US,44.5517
2021-10-14,US11135F1012,AVGO.US,45.7082
2021-10-15,US11135F1012,AVGO.US,46.2272
2021-10-18,US11135F1012,AVGO.US,46.2373
2021-10-19,US11135F1012,AVGO.US,46.883
2021-10-20,US11135F1012,AVGO.US,46.7912
2021-10-21,US11135F1012,AVGO.US,47.2284
2021-10-22,US11135F1012,AVGO.US,47.3441
2021-10-25,US11135F1012,AVGO.US,47.9559
2021-10-26,US11135F1012,AVGO.US,49.0398
2021-10-27,US11135F1012,AVGO.US,48.0514
2021-10-28,US11135F1012,AVGO.US,48.6448
2021-10-29,US11135F1012,AVGO.US,48.8377
2021-11-01,US11135F1012,AVGO.US,48.5052
2021-11-02,US11135F1012,AVGO.US,49.3338
2021-11-03,US11135F1012,AVGO.US,49.8206
2021-11-04,US11135F1012,AVGO.US,50.3947
2021-11-05,US11135F1012,AVGO.US,51.3409
2021-11-08,US11135F1012,AVGO.US,51.3436
2021-11-09,US11135F1012,AVGO.US,51.238
2021-11-10,US11135F1012,AVGO.US,50.4085
2021-11-11,US11135F1012,AVGO.US,51.0175
2021-11-12,US11135F1012,AVGO.US,51.7358
2021-11-15,US11135F1012,AVGO.US,51.9701
2021-11-16,US11135F1012,AVGO.US,52.2456
2021-11-17,US11135F1012,AVGO.US,52.3256
2021-11-18,US11135F1012,AVGO.US,52.8005
2021-11-19,US11135F1012,AVGO.US,52.2411
2021-11-22,US11135F1012,AVGO.US,50.8228
2021-11-23,US11135F1012,AVGO.US,50.9918
2021-11-24,US11135F1012,AVGO.US,51.3234
2021-11-26,US11135F1012,AVGO.US,50.2083
2021-11-29,US11135F1012,AVGO.US,51.8387
2021-11-30,US11135F1012,AVGO.US,50.8595
2021-12-01,US11135F1012,AVGO.US,50.9587
2021-12-02,US11135F1012,AVGO.US,50.7465
2021-12-03,US11135F1012,AVGO.US,51.2674
2021-12-06,US11135F1012,AVGO.US,51.8975
2021-12-07,US11135F1012,AVGO.US,54.2325
2021-12-08,US11135F1012,AVGO.US,54.0635
2021-12-09,US11135F1012,AVGO.US,53.5914
2021-12-10,US11135F1012,AVGO.US,58.0244
2021-12-13,US11135F1012,AVGO.US,57.104
2021-12-14,US11135F1012,AVGO.US,56.4839
2021-12-15,US11135F1012,AVGO.US,58.7758
2021-12-16,US11135F1012,AVGO.US,57.014
2021-12-17,US11135F1012,AVGO.US,58.3257
2021-12-20,US11135F1012,AVGO.US,59.2507
2021-12-21,US11135F1012,AVGO.US,59.7416
2021-12-22,US11135F1012,AVGO.US,60.5699
2021-12-23,US11135F1012,AVGO.US,61.4573
2021-12-27,US11135F1012,AVGO.US,62.3337
2021-12-28,US11135F1012,AVGO.US,61.8456
2021-12-29,US11135F1012,AVGO.US,62.1793
2021-12-30,US11135F1012,AVGO.US,61.4832
2021-12-31,US11135F1012,AVGO.US,61.5137
2022-01-03,US11135F1012,AVGO.US,61.3205
2022-01-04,US11135F1012,AVGO.US,62.0231
2022-01-05,US11135F1012,AVGO.US,59.442
2022-01-06,US11135F1012,AVGO.US,58.8901
2022-01-07,US11135F1012,AVGO.US,57.2372
2022-01-10,US11135F1012,AVGO.US,57.423
2022-01-11,US11135F1012,AVGO.US,57.5053
2022-01-12,US11135F1012,AVGO.US,57.5007
2022-01-13,US11135F1012,AVGO.US,55.2071
2022-01-14,US11135F1012,AVGO.US,55.1313
2022-01-18,US11135F1012,AVGO.US,53.4137
2022-01-19,US11135F1012,AVGO.US,52.1361
2022-01-20,US11135F1012,AVGO.US,50.6339
2022-01-21,US11135F1012,AVGO.US,49.2944
2022-01-24,US11135F1012,AVGO.US,50.0663
2022-01-25,US11135F1012,AVGO.US,49.3785
2022-01-26,US11135F1012,AVGO.US,51.5029
2022-01-27,US11135F1012,AVGO.US,50.1338
2022-01-28,US11135F1012,AVGO.US,51.7784
2022-01-31,US11135F1012,AVGO.US,54.1616
2022-02-01,US11135F1012,AVGO.US,54.7939
2022-02-02,US11135F1012,AVGO.US,55.784
2022-02-03,US11135F1012,AVGO.US,53.6966
2022-02-04,US11135F1012,AVGO.US,54.5573
2022-02-07,US11135F1012,AVGO.US,54.3234
2022-02-08,US11135F1012,AVGO.US,55.4873
2022-02-09,US11135F1012,AVGO.US,56.5152
2022-02-10,US11135F1012,AVGO.US,54.6682
2022-02-11,US11135F1012,AVGO.US,53.0097
2022-02-14,US11135F1012,AVGO.US,53.4867
2022-02-15,US11135F1012,AVGO.US,55.723
2022-02-16,US11135F1012,AVGO.US,55.209
2022-02-17,US11135F1012,AVGO.US,53.5256
2022-02-18,US11135F1012,AVGO.US,53.6171
2022-02-22,US11135F1012,AVGO.US,53.3832
2022-02-23,US11135F1012,AVGO.US,52.2489
2022-02-24,US11135F1012,AVGO.US,53.618
2022-02-25,US11135F1012,AVGO.US,54.3585
2022-02-28,US11135F1012,AVGO.US,54.3058
2022-03-01,US11135F1012,AVGO.US,52.7047
2022-03-02,US11135F1012,AVGO.US,54.1523
2022-03-03,US11135F1012,AVGO.US,53.4886
2022-03-04,US11135F1012,AVGO.US,55.0962
2022-03-07,US11135F1012,AVGO.US,52.7583
2022-03-08,US11135F1012,AVGO.US,53.2436
2022-03-09,US11135F1012,AVGO.US,55.1914
2022-03-10,US11135F1012,AVGO.US,54.3326
2022-03-11,US11135F1012,AVGO.US,53.4193
2022-03-14,US11135F1012,AVGO.US,52.4902
2022-03-15,US11135F1012,AVGO.US,54.7976
2022-03-16,US11135F1012,AVGO.US,56.1251
2022-03-17,US11135F1012,AVGO.US,55.7137
2022-03-18,US11135F1012,AVGO.US,56.4293
2022-03-21,US11135F1012,AVGO.US,55.9621
2022-03-22,US11135F1012,AVGO.US,56.8974
2022-03-23,US11135F1012,AVGO.US,55.7843
2022-03-24,US11135F1012,AVGO.US,58.3018
2022-03-25,US11135F1012,AVGO.US,58.5289
2022-03-28,US11135F1012,AVGO.US,58.9021
2022-03-29,US11135F1012,AVGO.US,59.7016
2022-03-30,US11135F1012,AVGO.US,58.7355
2022-03-31,US11135F1012,AVGO.US,58.6043
2022-04-01,US11135F1012,AVGO.US,58.353
2022-04-04,US11135F1012,AVGO.US,59.0855
2022-04-05,US11135F1012,AVGO.US,57.1561
2022-04-06,US11135F1012,AVGO.US,56.0281
2022-04-07,US11135F1012,AVGO.US,56.1259
2022-04-08,US11135F1012,AVGO.US,54.6321
2022-04-11,US11135F1012,AVGO.US,54.0374
2022-04-12,US11135F1012,AVGO.US,54.4525
2022-04-13,US11135F1012,AVGO.US,55.1477
2022-04-14,US11135F1012,AVGO.US,53.4082
2022-04-18,US11135F1012,AVGO.US,54.5855
2022-04-19,US11135F1012,AVGO.US,55.6205
2022-04-20,US11135F1012,AVGO.US,55.6298
2022-04-21,US11135F1012,AVGO.US,55.1654
2022-04-22,US11135F1012,AVGO.US,54.6274
2022-04-25,US11135F1012,AVGO.US,54.714
2022-04-26,US11135F1012,AVGO.US,52.1257
2022-04-27,US11135F1012,AVGO.US,52.0764
2022-04-28,US11135F1012,AVGO.US,53.8819
2022-04-29,US11135F1012,AVGO.US,51.5971
2022-05-02,US11135F1012,AVGO.US,53.6409
2022-05-03,US11135F1012,AVGO.US,54.0895
2022-05-04,US11135F1012,AVGO.US,56.1826
2022-05-05,US11135F1012,AVGO.US,53.9797
2022-05-06,US11135F1012,AVGO.US,53.9899
2022-05-09,US11135F1012,AVGO.US,52.391
2022-05-10,US11135F1012,AVGO.US,54.11
2022-05-11,US11135F1012,AVGO.US,52.7809
2022-05-12,US11135F1012,AVGO.US,53.196
2022-05-13,US11135F1012,AVGO.US,54.7475
2022-05-16,US11135F1012,AVGO.US,54.2291
2022-05-17,US11135F1012,AVGO.US,56.6005
2022-05-18,US11135F1012,AVGO.US,53.1029
2022-05-19,US11135F1012,AVGO.US,50.8358
2022-05-20,US11135F1012,AVGO.US,50.5547
2022-05-23,US11135F1012,AVGO.US,48.9883
2022-05-24,US11135F1012,AVGO.US,48.7873
2022-05-25,US11135F1012,AVGO.US,49.4788
2022-05-26,US11135F1012,AVGO.US,51.2499
2022-05-27,US11135F1012,AVGO.US,54.2859
2022-05-31,US11135F1012,AVGO.US,53.9927
2022-06-01,US11135F1012,AVGO.US,53.3868
2022-06-02,US11135F1012,AVGO.US,53.6772
2022-06-03,US11135F1012,AVGO.US,52.4282
2022-06-06,US11135F1012,AVGO.US,52.2337
2022-06-07,US11135F1012,AVGO.US,53.3282
2022-06-08,US11135F1012,AVGO.US,52.618
2022-06-09,US11135F1012,AVGO.US,51.7674
2022-06-10,US11135F1012,AVGO.US,50.376
2022-06-13,US11135F1012,AVGO.US,48.1749
2022-06-14,US11135F1012,AVGO.US,48.4122
2022-06-15,US11135F1012,AVGO.US,49.0209
2022-06-16,US11135F1012,AVGO.US,46.2725
2022-06-17,US11135F1012,AVGO.US,46.4094
2022-06-21,US11135F1012,AVGO.US,47.2706
2022-06-22,US11135F1012,AVGO.US,46.5509
2022-06-23,US11135F1012,AVGO.US,46.5959
2022-06-24,US11135F1012,AVGO.US,47.7698
2022-06-27,US11135F1012,AVGO.US,47.4526
2022-06-28,US11135F1012,AVGO.US,46.7714
2022-06-29,US11135F1012,AVGO.US,46.017
2022-06-30,US11135F1012,AVGO.US,45.5853
2022-07-01,US11135F1012,AVGO.US,44.8375
2022-07-05,US11135F1012,AVGO.US,44.693
2022-07-06,US11135F1012,AVGO.US,45.2851
2022-07-07,US11135F1012,AVGO.US,46.7798
2022-07-08,US11135F1012,AVGO.US,46.7939
2022-07-11,US11135F1012,AVGO.US,45.3085
2022-07-12,US11135F1012,AVGO.US,45.1687
2022-07-13,US11135F1012,AVGO.US,45.2025
2022-07-14,US11135F1012,AVGO.US,45.4755
2022-07-15,US11135F1012,AVGO.US,46.397
2022-07-18,US11135F1012,AVGO.US,46.078
2022-07-19,US11135F1012,AVGO.US,47.7613
2022-07-20,US11135F1012,AVGO.US,48.0213
2022-07-21,US11135F1012,AVGO.US,48.5758
2022-07-22,US11135F1012,AVGO.US,48.0916
2022-07-25,US11135F1012,AVGO.US,48.147
2022-07-26,US11135F1012,AVGO.US,47.9574
2022-07-27,US11135F1012,AVGO.US,49.5245
2022-07-28,US11135F1012,AVGO.US,50.0706
2022-07-29,US11135F1012,AVGO.US,50.2461
2022-08-01,US11135F1012,AVGO.US,50.3296
2022-08-02,US11135F1012,AVGO.US,49.8454
2022-08-03,US11135F1012,AVGO.US,51.3026
2022-08-04,US11135F1012,AVGO.US,51.8713
2022-08-05,US11135F1012,AVGO.US,51.7436
2022-08-08,US11135F1012,AVGO.US,51.1891
2022-08-09,US11135F1012,AVGO.US,49.9946
2022-08-10,US11135F1012,AVGO.US,51.647
2022-08-11,US11135F1012,AVGO.US,51.1797
2022-08-12,US11135F1012,AVGO.US,52.3808
2022-08-15,US11135F1012,AVGO.US,52.4493
2022-08-16,US11135F1012,AVGO.US,51.7633
2022-08-17,US11135F1012,AVGO.US,50.5379
2022-08-18,US11135F1012,AVGO.US,52.4014
2022-08-19,US11135F1012,AVGO.US,51.4612
2022-08-22,US11135F1012,AVGO.US,49.6146
2022-08-23,US11135F1012,AVGO.US,49.7112
2022-08-24,US11135F1012,AVGO.US,49.8107
2022-08-25,US11135F1012,AVGO.US,51.6207
2022-08-26,US11135F1012,AVGO.US,48.8742
2022-08-29,US11135F1012,AVGO.US,48.2474
2022-08-30,US11135F1012,AVGO.US,47.5164
2022-08-31,US11135F1012,AVGO.US,46.8333
2022-09-01,US11135F1012,AVGO.US,46.1671
2022-09-02,US11135F1012,AVGO.US,46.9375
2022-09-06,US11135F1012,AVGO.US,46.7479
2022-09-07,US11135F1012,AVGO.US,47.3982
2022-09-08,US11135F1012,AVGO.US,48.0363
2022-09-09,US11135F1012,AVGO.US,49.0187
2022-09-12,US11135F1012,AVGO.US,49.6436
2022-09-13,US11135F1012,AVGO.US,47.2593
2022-09-14,US11135F1012,AVGO.US,47.9255
2022-09-15,US11135F1012,AVGO.US,46.93
2022-09-16,US11135F1012,AVGO.US,47.1514
2022-09-19,US11135F1012,AVGO.US,47.0895
2022-09-20,US11135F1012,AVGO.US,46.2656
2022-09-21,US11135F1012,AVGO.US,45.6203
2022-09-22,US11135F1012,AVGO.US,45.1917
2022-09-23,US11135F1012,AVGO.US,44.3467
2022-09-26,US11135F1012,AVGO.US,43.7393
2022-09-27,US11135F1012,AVGO.US,43.9749
2022-09-28,US11135F1012,AVGO.US,44.0894
2022-09-29,US11135F1012,AVGO.US,42.5915
2022-09-30,US11135F1012,AVGO.US,42.0124
2022-10-03,US11135F1012,AVGO.US,43.2207
2022-10-04,US11135F1012,AVGO.US,45.4046
2022-10-05,US11135F1012,AVGO.US,45.872
2022-10-06,US11135F1012,AVGO.US,45.3705
2022-10-07,US11135F1012,AVGO.US,43.5708
2022-10-10,US11135F1012,AVGO.US,41.4154
2022-10-11,US11135F1012,AVGO.US,40.7587
2022-10-12,US11135F1012,AVGO.US,40.7407
2022-10-13,US11135F1012,AVGO.US,41.4409
2022-10-14,US11135F1012,AVGO.US,40.4124
2022-10-17,US11135F1012,AVGO.US,41.1949
2022-10-18,US11135F1012,AVGO.US,41.1438
2022-10-19,US11135F1012,AVGO.US,41.1883
2022-10-20,US11135F1012,AVGO.US,40.7152
2022-10-21,US11135F1012,AVGO.US,42.5537
2022-10-24,US11135F1012,AVGO.US,43.1961
2022-10-25,US11135F1012,AVGO.US,43.532
2022-10-26,US11135F1012,AVGO.US,43.6371
2022-10-27,US11135F1012,AVGO.US,43.0902
2022-10-28,US11135F1012,AVGO.US,44.746
2022-10-31,US11135F1012,AVGO.US,44.483
2022-11-01,US11135F1012,AVGO.US,44.2729
2022-11-02,US11135F1012,AVGO.US,43.1498
2022-11-03,US11135F1012,AVGO.US,42.0228
2022-11-04,US11135F1012,AVGO.US,44.0269
2022-11-07,US11135F1012,AVGO.US,44.9655
2022-11-08,US11135F1012,AVGO.US,45.6175
2022-11-09,US11135F1012,AVGO.US,44.4215
2022-11-10,US11135F1012,AVGO.US,47.9319
2022-11-11,US11135F1012,AVGO.US,49.0219
2022-11-14,US11135F1012,AVGO.US,48.5611
2022-11-15,US11135F1012,AVGO.US,49.6209
2022-11-16,US11135F1012,AVGO.US,48.4201
2022-11-17,US11135F1012,AVGO.US,48.4561
2022-11-18,US11135F1012,AVGO.US,48.7447
2022-11-21,US11135F1012,AVGO.US,48.9604
2022-11-22,US11135F1012,AVGO.US,50.1536
2022-11-23,US11135F1012,AVGO.US,50.4933
2022-11-25,US11135F1012,AVGO.US,50.1403
2022-11-28,US11135F1012,AVGO.US,49.4118
2022-11-29,US11135F1012,AVGO.US,49.3342
2022-11-30,US11135F1012,AVGO.US,52.1387
2022-12-01,US11135F1012,AVGO.US,52.1122
2022-12-02,US11135F1012,AVGO.US,51.1708
2022-12-05,US11135F1012,AVGO.US,50.2094
2022-12-06,US11135F1012,AVGO.US,49.7533
2022-12-07,US11135F1012,AVGO.US,49.0607
2022-12-08,US11135F1012,AVGO.US,50.251
2022-12-09,US11135F1012,AVGO.US,51.5417
2022-12-12,US11135F1012,AVGO.US,52.6686
2022-12-13,US11135F1012,AVGO.US,54.0321
2022-12-14,US11135F1012,AVGO.US,54.3538
2022-12-15,US11135F1012,AVGO.US,52.7982
2022-12-16,US11135F1012,AVGO.US,52.6005
2022-12-19,US11135F1012,AVGO.US,52.4402
2022-12-20,US11135F1012,AVGO.US,51.9049
2022-12-21,US11135F1012,AVGO.US,53.5469
2022-12-22,US11135F1012,AVGO.US,52.7703
2022-12-23,US11135F1012,AVGO.US,52.7073
2022-12-27,US11135F1012,AVGO.US,52.8132
2022-12-28,US11135F1012,AVGO.US,51.9879
2022-12-29,US11135F1012,AVGO.US,53.2206
2022-12-30,US11135F1012,AVGO.US,53.3466
2023-01-03,US11135F1012,AVGO.US,52.8075
2023-01-04,US11135F1012,AVGO.US,53.4525
2023-01-05,US11135F1012,AVGO.US,52.9544
2023-01-06,US11135F1012,AVGO.US,56.1421
2023-01-09,US11135F1012,AVGO.US,55.0411
2023-01-10,US11135F1012,AVGO.US,54.8541
2023-01-11,US11135F1012,AVGO.US,55.1603
2023-01-12,US11135F1012,AVGO.US,55.5229
2023-01-13,US11135F1012,AVGO.US,55.2424
2023-01-17,US11135F1012,AVGO.US,55.2653
2023-01-18,US11135F1012,AVGO.US,54.793
2023-01-19,US11135F1012,AVGO.US,53.7368
2023-01-20,US11135F1012,AVGO.US,54.4581
2023-01-23,US11135F1012,AVGO.US,55.4933
2023-01-24,US11135F1012,AVGO.US,55.8177
2023-01-25,US11135F1012,AVGO.US,55.8797
2023-01-26,US11135F1012,AVGO.US,57.1105
2023-01-27,US11135F1012,AVGO.US,56.3863
2023-01-30,US11135F1012,AVGO.US,55.4761
2023-01-31,US11135F1012,AVGO.US,55.8158
2023-02-01,US11135F1012,AVGO.US,57.5084
2023-02-02,US11135F1012,AVGO.US,57.7965
2023-02-03,US11135F1012,AVGO.US,57.0189
2023-02-06,US11135F1012,AVGO.US,57.37
2023-02-07,US11135F1012,AVGO.US,58.6247
2023-02-08,US11135F1012,AVGO.US,57.4091
2023-02-09,US11135F1012,AVGO.US,57.1897
2023-02-10,US11135F1012,AVGO.US,56.602
2023-02-13,US11135F1012,AVGO.US,57.3528
2023-02-14,US11135F1012,AVGO.US,57.4664
2023-02-15,US11135F1012,AVGO.US,57.9797
2023-02-16,US11135F1012,AVGO.US,57.2975
2023-02-17,US11135F1012,AVGO.US,56.8252
2023-02-21,US11135F1012,AVGO.US,55.4847
2023-02-22,US11135F1012,AVGO.US,54.9724
2023-02-23,US11135F1012,AVGO.US,55.7003
2023-02-24,US11135F1012,AVGO.US,55.1231
2023-02-27,US11135F1012,AVGO.US,55.8578
2023-02-28,US11135F1012,AVGO.US,56.7012
2023-03-01,US11135F1012,AVGO.US,56.6325
2023-03-02,US11135F1012,AVGO.US,57.1172
2023-03-03,US11135F1012,AVGO.US,60.3716
2023-03-06,US11135F1012,AVGO.US,60.3869
2023-03-07,US11135F1012,AVGO.US,59.6455
2023-03-08,US11135F1012,AVGO.US,60.3239
2023-03-09,US11135F1012,AVGO.US,59.3946
2023-03-10,US11135F1012,AVGO.US,58.6609
2023-03-13,US11135F1012,AVGO.US,58.8174
2023-03-14,US11135F1012,AVGO.US,60.343
2023-03-15,US11135F1012,AVGO.US,59.7305
2023-03-16,US11135F1012,AVGO.US,60.7284
2023-03-17,US11135F1012,AVGO.US,60.2008
2023-03-20,US11135F1012,AVGO.US,61.4163
2023-03-21,US11135F1012,AVGO.US,61.1896
2023-03-22,US11135F1012,AVGO.US,60.6293
2023-03-23,US11135F1012,AVGO.US,61.4279
2023-03-24,US11135F1012,AVGO.US,61.1338
2023-03-27,US11135F1012,AVGO.US,60.2372
2023-03-28,US11135F1012,AVGO.US,60.0316
2023-03-29,US11135F1012,AVGO.US,60.1085
2023-03-30,US11135F1012,AVGO.US,60.9013
2023-03-31,US11135F1012,AVGO.US,61.6499
2023-04-03,US11135F1012,AVGO.US,61.7392
2023-04-04,US11135F1012,AVGO.US,60.9647
2023-04-05,US11135F1012,AVGO.US,60.4458
2023-04-06,US11135F1012,AVGO.US,59.8336
2023-04-10,US11135F1012,AVGO.US,60.2901
2023-04-11,US11135F1012,AVGO.US,59.7308
2023-04-12,US11135F1012,AVGO.US,59.2628
2023-04-13,US11135F1012,AVGO.US,59.9874
2023-04-14,US11135F1012,AVGO.US,59.5357
2023-04-17,US11135F1012,AVGO.US,60.2872
2023-04-18,US11135F1012,AVGO.US,60.7639
2023-04-19,US11135F1012,AVGO.US,60.9733
2023-04-20,US11135F1012,AVGO.US,60.8311
2023-04-21,US11135F1012,AVGO.US,60.8196
2023-04-24,US11135F1012,AVGO.US,60.9772
2023-04-25,US11135F1012,AVGO.US,59.7741
2023-04-26,US11135F1012,AVGO.US,59.2138
2023-04-27,US11135F1012,AVGO.US,59.4271
2023-04-28,US11135F1012,AVGO.US,60.2046
2023-05-01,US11135F1012,AVGO.US,61.3049
2023-05-02,US11135F1012,AVGO.US,58.8438
2023-05-03,US11135F1012,AVGO.US,58.9265
2023-05-04,US11135F1012,AVGO.US,58.6344
2023-05-05,US11135F1012,AVGO.US,60.5524
2023-05-08,US11135F1012,AVGO.US,60.4506
2023-05-09,US11135F1012,AVGO.US,59.4368
2023-05-10,US11135F1012,AVGO.US,60.1825
2023-05-11,US11135F1012,AVGO.US,60.317
2023-05-12,US11135F1012,AVGO.US,60.6514
2023-05-15,US11135F1012,AVGO.US,61.4827
2023-05-16,US11135F1012,AVGO.US,61.6403
2023-05-17,US11135F1012,AVGO.US,63.1807
2023-05-18,US11135F1012,AVGO.US,65.1439
2023-05-19,US11135F1012,AVGO.US,65.562
2023-05-22,US11135F1012,AVGO.US,65.1891
2023-05-23,US11135F1012,AVGO.US,65.9704
2023-05-24,US11135F1012,AVGO.US,65.3006
2023-05-25,US11135F1012,AVGO.US,70.0353
2023-05-26,US11135F1012,AVGO.US,78.1007
2023-05-30,US11135F1012,AVGO.US,77.1983
2023-05-31,US11135F1012,AVGO.US,77.6423
2023-06-01,US11135F1012,AVGO.US,75.9116
2023-06-02,US11135F1012,AVGO.US,78.0305
2023-06-05,US11135F1012,AVGO.US,77.0984
2023-06-06,US11135F1012,AVGO.US,75.9164
2023-06-07,US11135F1012,AVGO.US,76.1691
2023-06-08,US11135F1012,AVGO.US,77.281
2023-06-09,US11135F1012,AVGO.US,77.3213
2023-06-12,US11135F1012,AVGO.US,82.1973
2023-06-13,US11135F1012,AVGO.US,81.7898
2023-06-14,US11135F1012,AVGO.US,85.159
2023-06-15,US11135F1012,AVGO.US,84.8947
2023-06-16,US11135F1012,AVGO.US,83.4225
2023-06-20,US11135F1012,AVGO.US,83.4148
2023-06-21,US11135F1012,AVGO.US,81.8913
2023-06-22,US11135F1012,AVGO.US,81.386
2023-06-23,US11135F1012,AVGO.US,79.4268
2023-06-26,US11135F1012,AVGO.US,79.3766
2023-06-27,US11135F1012,AVGO.US,81.9628
2023-06-28,US11135F1012,AVGO.US,81.9183
2023-06-29,US11135F1012,AVGO.US,83.3317
2023-06-30,US11135F1012,AVGO.US,83.8012
2023-07-03,US11135F1012,AVGO.US,84.6717
2023-07-05,US11135F1012,AVGO.US,83.2631
2023-07-06,US11135F1012,AVGO.US,81.9241
2023-07-07,US11135F1012,AVGO.US,81.8034
2023-07-10,US11135F1012,AVGO.US,84.7963
2023-07-11,US11135F1012,AVGO.US,85.2137
2023-07-12,US11135F1012,AVGO.US,85.9769
2023-07-13,US11135F1012,AVGO.US,86.0165
2023-07-14,US11135F1012,AVGO.US,85.8445
2023-07-17,US11135F1012,AVGO.US,87.9477
2023-07-18,US11135F1012,AVGO.US,87.2791
2023-07-19,US11135F1012,AVGO.US,87.0801
2023-07-20,US11135F1012,AVGO.US,85.8213
2023-07-21,US11135F1012,AVGO.US,86.6338
2023-07-24,US11135F1012,AVGO.US,87.1014
2023-07-25,US11135F1012,AVGO.US,88.6858
2023-07-26,US11135F1012,AVGO.US,86.2802
2023-07-27,US11135F1012,AVGO.US,86.3227
2023-07-28,US11135F1012,AVGO.US,86.9275
2023-07-31,US11135F1012,AVGO.US,86.8174
2023-08-01,US11135F1012,AVGO.US,88.88
2023-08-02,US11135F1012,AVGO.US,86.2039
2023-08-03,US11135F1012,AVGO.US,85.4967
2023-08-04,US11135F1012,AVGO.US,85.175
2023-08-07,US11135F1012,AVGO.US,86.6638
2023-08-08,US11135F1012,AVGO.US,85.3209
2023-08-09,US11135F1012,AVGO.US,82.1879
2023-08-10,US11135F1012,AVGO.US,81.4314
2023-08-11,US11135F1012,AVGO.US,80.162
2023-08-14,US11135F1012,AVGO.US,82.5134
2023-08-15,US11135F1012,AVGO.US,81.3947
2023-08-16,US11135F1012,AVGO.US,80.474
2023-08-17,US11135F1012,AVGO.US,79.905
2023-08-18,US11135F1012,AVGO.US,79.7833
2023-08-21,US11135F1012,AVGO.US,83.58
2023-08-22,US11135F1012,AVGO.US,82.6767
2023-08-23,US11135F1012,AVGO.US,84.6852
2023-08-24,US11135F1012,AVGO.US,82.5482
2023-08-25,US11135F1012,AVGO.US,82.2932
2023-08-28,US11135F1012,AVGO.US,83.1878
2023-08-29,US11135F1012,AVGO.US,85.9749
2023-08-30,US11135F1012,AVGO.US,86.202
2023-08-31,US11135F1012,AVGO.US,89.1592
2023-09-01,US11135F1012,AVGO.US,84.293
2023-09-05,US11135F1012,AVGO.US,84.2592
2023-09-06,US11135F1012,AVGO.US,84.2688
2023-09-07,US11135F1012,AVGO.US,82.7965
2023-09-08,US11135F1012,AVGO.US,82.8467
2023-09-11,US11135F1012,AVGO.US,83.0004
2023-09-12,US11135F1012,AVGO.US,81.5879
2023-09-13,US11135F1012,AVGO.US,82.4004
2023-09-14,US11135F1012,AVGO.US,84.208
2023-09-15,US11135F1012,AVGO.US,82.2797
2023-09-18,US11135F1012,AVGO.US,82.1173
2023-09-19,US11135F1012,AVGO.US,82.0401
2023-09-20,US11135F1012,AVGO.US,80.6773
2023-09-21,US11135F1012,AVGO.US,78.5199
2023-09-22,US11135F1012,AVGO.US,80.5325
2023-09-25,US11135F1012,AVGO.US,80.9997
2023-09-26,US11135F1012,AVGO.US,79.2805
2023-09-27,US11135F1012,AVGO.US,79.3407
2023-09-28,US11135F1012,AVGO.US,80.8162
2023-09-29,US11135F1012,AVGO.US,80.6782
2023-10-02,US11135F1012,AVGO.US,81.1027
2023-10-03,US11135F1012,AVGO.US,79.1484
2023-10-04,US11135F1012,AVGO.US,80.0206
2023-10-05,US11135F1012,AVGO.US,80.0255
2023-10-06,US11135F1012,AVGO.US,82.1042
2023-10-09,US11135F1012,AVGO.US,83.1357
2023-10-10,US11135F1012,AVGO.US,83.3815
2023-10-11,US11135F1012,AVGO.US,84.9502
2023-10-12,US11135F1012,AVGO.US,87.9653
2023-10-13,US11135F1012,AVGO.US,85.7875
2023-10-16,US11135F1012,AVGO.US,87.671
2023-10-17,US11135F1012,AVGO.US,85.906
2023-10-18,US11135F1012,AVGO.US,86.1615
2023-10-19,US11135F1012,AVGO.US,84.2965
2023-10-20,US11135F1012,AVGO.US,82.9172
2023-10-23,US11135F1012,AVGO.US,83.7516
2023-10-24,US11135F1012,AVGO.US,85.5865
2023-10-25,US11135F1012,AVGO.US,82.5286
2023-10-26,US11135F1012,AVGO.US,80.3062
2023-10-27,US11135F1012,AVGO.US,81.4339
2023-10-30,US11135F1012,AVGO.US,81.7147
2023-10-31,US11135F1012,AVGO.US,81.7263
2023-11-01,US11135F1012,AVGO.US,82.8502
2023-11-02,US11135F1012,AVGO.US,84.6336
2023-11-03,US11135F1012,AVGO.US,85.739
2023-11-06,US11135F1012,AVGO.US,85.5593
2023-11-07,US11135F1012,AVGO.US,87.2096
2023-11-08,US11135F1012,AVGO.US,88.5024
2023-11-09,US11135F1012,AVGO.US,88.5267
2023-11-10,US11135F1012,AVGO.US,93.0085
2023-11-13,US11135F1012,AVGO.US,91.9799
2023-11-14,US11135F1012,AVGO.US,94.5083
2023-11-15,US11135F1012,AVGO.US,94.7453
2023-11-16,US11135F1012,AVGO.US,93.2057
2023-11-17,US11135F1012,AVGO.US,94.9716
2023-11-20,US11135F1012,AVGO.US,96.7181
2023-11-21,US11135F1012,AVGO.US,95.3087
2023-11-22,US11135F1012,AVGO.US,94.415
2023-11-24,US11135F1012,AVGO.US,95.0824
2023-11-27,US11135F1012,AVGO.US,92.3014
2023-11-28,US11135F1012,AVGO.US,91.9235
2023-11-29,US11135F1012,AVGO.US,91.3873
2023-11-30,US11135F1012,AVGO.US,89.9206
2023-12-01,US11135F1012,AVGO.US,90.3354
2023-12-04,US11135F1012,AVGO.US,89.7497
2023-12-05,US11135F1012,AVGO.US,88.6957
2023-12-06,US11135F1012,AVGO.US,87.7749
2023-12-07,US11135F1012,AVGO.US,89.5836
2023-12-08,US11135F1012,AVGO.US,91.7244
2023-12-11,US11135F1012,AVGO.US,99.975
2023-12-12,US11135F1012,AVGO.US,104.1557
2023-12-13,US11135F1012,AVGO.US,105.8468
2023-12-14,US11135F1012,AVGO.US,107.4787
2023-12-15,US11135F1012,AVGO.US,109.7371
2023-12-18,US11135F1012,AVGO.US,111.4136
2023-12-19,US11135F1012,AVGO.US,111.2019
2023-12-20,US11135F1012,AVGO.US,108.3525
2023-12-21,US11135F1012,AVGO.US,110.0026
2023-12-22,US11135F1012,AVGO.US,109.4844
2023-12-26,US11135F1012,AVGO.US,110.4515
2023-12-27,US11135F1012,AVGO.US,109.8933
2023-12-28,US11135F1012,AVGO.US,109.5264
2023-12-29,US11135F1012,AVGO.US,108.9253
2024-01-02,US11135F1012,AVGO.US,105.913
2024-01-03,US11135F1012,AVGO.US,103.2978
2024-01-04,US11135F1012,AVGO.US,102.3639
2024-01-05,US11135F1012,AVGO.US,102.3903
2024-01-08,US11135F1012,AVGO.US,104.8854
2024-01-09,US11135F1012,AVGO.US,105.631
2024-01-10,US11135F1012,AVGO.US,105.4436
2024-01-11,US11135F1012,AVGO.US,107.3377
2024-01-12,US11135F1012,AVGO.US,108.089
2024-01-16,US11135F1012,AVGO.US,108.7994
2024-01-17,US11135F1012,AVGO.US,107.6977
2024-01-18,US11135F1012,AVGO.US,111.6244
2024-01-19,US11135F1012,AVGO.US,118.1907
2024-01-22,US11135F1012,AVGO.US,119.0982
2024-01-23,US11135F1012,AVGO.US,119.6651
2024-01-24,US11135F1012,AVGO.US,122.3545
2024-01-25,US11135F1012,AVGO.US,120.0252
2024-01-26,US11135F1012,AVGO.US,117.5739
2024-01-29,US11135F1012,AVGO.US,118.8318
2024-01-30,US11135F1012,AVGO.US,117.894
2024-01-31,US11135F1012,AVGO.US,115.1461
2024-02-01,US11135F1012,AVGO.US,117.0987
2024-02-02,US11135F1012,AVGO.US,119.4729
2024-02-05,US11135F1012,AVGO.US,121.3035
2024-02-06,US11135F1012,AVGO.US,119.308
2024-02-07,US11135F1012,AVGO.US,122.6657
2024-02-08,US11135F1012,AVGO.US,124.3929
2024-02-09,US11135F1012,AVGO.US,125.2399
2024-02-12,US11135F1012,AVGO.US,123.4405
2024-02-13,US11135F1012,AVGO.US,122.1378
2024-02-14,US11135F1012,AVGO.US,123.1693
2024-02-15,US11135F1012,AVGO.US,123.4474
2024-02-16,US11135F1012,AVGO.US,121.5358
2024-02-20,US11135F1012,AVGO.US,119.6885
2024-02-21,US11135F1012,AVGO.US,119.7764
2024-02-22,US11135F1012,AVGO.US,127.334
2024-02-23,US11135F1012,AVGO.US,126.5017
2024-02-26,US11135F1012,AVGO.US,127.7468
2024-02-27,US11135F1012,AVGO.US,126.488
2024-02-28,US11135F1012,AVGO.US,125.8235
2024-02-29,US11135F1012,AVGO.US,126.9037
2024-03-01,US11135F1012,AVGO.US,136.533
2024-03-04,US11135F1012,AVGO.US,136.8346
2024-03-05,US11135F1012,AVGO.US,131.0275
2024-03-06,US11135F1012,AVGO.US,131.735
2024-03-07,US11135F1012,AVGO.US,137.2981
2024-03-08,US11135F1012,AVGO.US,127.7068
2024-03-11,US11135F1012,AVGO.US,126.1845
2024-03-12,US11135F1012,AVGO.US,126.0635
2024-03-13,US11135F1012,AVGO.US,122.7448
2024-03-14,US11135F1012,AVGO.US,123.1741
2024-03-15,US11135F1012,AVGO.US,120.5619
2024-03-18,US11135F1012,AVGO.US,120.7317
2024-03-19,US11135F1012,AVGO.US,120.8068
2024-03-20,US11135F1012,AVGO.US,125.0442
2024-03-21,US11135F1012,AVGO.US,132.1
2024-03-22,US11135F1012,AVGO.US,132.636
2024-03-25,US11135F1012,AVGO.US,132.4508
2024-03-26,US11135F1012,AVGO.US,130.4821
2024-03-27,US11135F1012,AVGO.US,129.2316
2024-03-28,US11135F1012,AVGO.US,129.8862
2024-04-01,US11135F1012,AVGO.US,132.3215
2024-04-02,US11135F1012,AVGO.US,131.1945
2024-04-03,US11135F1012,AVGO.US,133.5905
2024-04-04,US11135F1012,AVGO.US,129.1111
2024-04-05,US11135F1012,AVGO.US,131.2602
2024-04-08,US11135F1012,AVGO.US,130.9338
2024-04-09,US11135F1012,AVGO.US,130.7359
2024-04-10,US11135F1012,AVGO.US,129.5883
2024-04-11,US11135F1012,AVGO.US,135.477
2024-04-12,US11135F1012,AVGO.US,131.7149
2024-04-15,US11135F1012,AVGO.US,128.4437
2024-04-16,US11135F1012,AVGO.US,130.2439
2024-04-17,US11135F1012,AVGO.US,125.6939
2024-04-18,US11135F1012,AVGO.US,123.3773
2024-04-19,US11135F1012,AVGO.US,118.058
2024-04-22,US11135F1012,AVGO.US,119.9934
2024-04-23,US11135F1012,AVGO.US,122.4169
2024-04-24,US11135F1012,AVGO.US,123.1646
2024-04-25,US11135F1012,AVGO.US,126.8493
2024-04-26,US11135F1012,AVGO.US,131.7149
2024-04-29,US11135F1012,AVGO.US,131.1808
2024-04-30,US11135F1012,AVGO.US,127.4226
2024-05-01,US11135F1012,AVGO.US,121.7966
2024-05-02,US11135F1012,AVGO.US,121.3762
2024-05-03,US11135F1012,AVGO.US,125.251
2024-05-06,US11135F1012,AVGO.US,128.4065
2024-05-07,US11135F1012,AVGO.US,127.7009
2024-05-08,US11135F1012,AVGO.US,129.8823
2024-05-09,US11135F1012,AVGO.US,127.9518
2024-05-10,US11135F1012,AVGO.US,130.6104
2024-05-13,US11135F1012,AVGO.US,131.072
2024-05-14,US11135F1012,AVGO.US,135.2388
2024-05-15,US11135F1012,AVGO.US,140.7404
2024-05-16,US11135F1012,AVGO.US,138.3845
2024-05-17,US11135F1012,AVGO.US,136.7343
2024-05-20,US11135F1012,AVGO.US,138.5707
2024-05-21,US11135F1012,AVGO.US,137.1174
2024-05-22,US11135F1012,AVGO.US,136.4354
2024-05-23,US11135F1012,AVGO.US,136.5383
2024-05-24,US11135F1012,AVGO.US,137.9641
2024-05-28,US11135F1012,AVGO.US,138.4159
2024-05-29,US11135F1012,AVGO.US,136.2815
2024-05-30,US11135F1012,AVGO.US,133.6758
2024-05-31,US11135F1012,AVGO.US,130.194
2024-06-03,US11135F1012,AVGO.US,129.5423
2024-06-04,US11135F1012,AVGO.US,130.4164
2024-06-05,US11135F1012,AVGO.US,138.4786
2024-06-06,US11135F1012,AVGO.US,137.3203
2024-06-07,US11135F1012,AVGO.US,137.8465
2024-06-10,US11135F1012,AVGO.US,141.1618
2024-06-11,US11135F1012,AVGO.US,143.1766
2024-06-12,US11135F1012,AVGO.US,146.5555
2024-06-13,US11135F1012,AVGO.US,164.536
2024-06-14,US11135F1012,AVGO.US,170.0288
2024-06-17,US11135F1012,AVGO.US,179.2238
2024-06-18,US11135F1012,AVGO.US,176.6416
2024-06-20,US11135F1012,AVGO.US,169.9817
2024-06-21,US11135F1012,AVGO.US,162.5408
2024-06-24,US11135F1012,AVGO.US,156.5273
2024-06-25,US11135F1012,AVGO.US,155.4046
2024-06-26,US11135F1012,AVGO.US,156.5067
2024-06-27,US11135F1012,AVGO.US,155.9817
2024-06-28,US11135F1012,AVGO.US,157.8368
2024-07-01,US11135F1012,AVGO.US,161.3041
2024-07-02,US11135F1012,AVGO.US,162.9439
2024-07-03,US11135F1012,AVGO.US,169.9965
2024-07-05,US11135F1012,AVGO.US,167.4493
2024-07-08,US11135F1012,AVGO.US,171.6324
2024-07-09,US11135F1012,AVGO.US,170.3986
2024-07-10,US11135F1012,AVGO.US,171.5173
2024-07-11,US11135F1012,AVGO.US,167.7089
2024-07-12,US11135F1012,AVGO.US,167.1898
2024-07-15,US11135F1012,AVGO.US,168.5199
2024-07-16,US11135F1012,AVGO.US,166.5144
2024-07-17,US11135F1012,AVGO.US,153.3411
2024-07-18,US11135F1012,AVGO.US,157.8043
2024-07-19,US11135F1012,AVGO.US,154.688
2024-07-22,US11135F1012,AVGO.US,158.3352
2024-07-23,US11135F1012,AVGO.US,160.9993
2024-07-24,US11135F1012,AVGO.US,148.7796
2024-07-25,US11135F1012,AVGO.US,146.7348
2024-07-26,US11135F1012,AVGO.US,149.0647
2024-07-29,US11135F1012,AVGO.US,147.6786
2024-07-30,US11135F1012,AVGO.US,141.0919
2024-07-31,US11135F1012,AVGO.US,157.9616
2024-08-01,US11135F1012,AVGO.US,144.5327
2024-08-02,US11135F1012,AVGO.US,141.3869
2024-08-05,US11135F1012,AVGO.US,139.6763
2024-08-06,US11135F1012,AVGO.US,141.4852
2024-08-07,US11135F1012,AVGO.US,133.9646
2024-08-08,US11135F1012,AVGO.US,143.2744
2024-08-09,US11135F1012,AVGO.US,145.7517
2024-08-12,US11135F1012,AVGO.US,146.1056
2024-08-13,US11135F1012,AVGO.US,153.5181
2024-08-14,US11135F1012,AVGO.US,155.0222
2024-08-15,US11135F1012,AVGO.US,163.3194
2024-08-16,US11135F1012,AVGO.US,162.9164
2024-08-19,US11135F1012,AVGO.US,164.8727
2024-08-20,US11135F1012,AVGO.US,163.1425
2024-08-21,US11135F1012,AVGO.US,162.9753
2024-08-22,US11135F1012,AVGO.US,159.5935
2024-08-23,US11135F1012,AVGO.US,163.5455
2024-08-26,US11135F1012,AVGO.US,156.9196
2024-08-27,US11135F1012,AVGO.US,158.6596
2024-08-28,US11135F1012,AVGO.US,155.5039
2024-08-29,US11135F1012,AVGO.US,154.2751
2024-08-30,US11135F1012,AVGO.US,160.0654
2024-09-03,US11135F1012,AVGO.US,150.2051
2024-09-04,US11135F1012,AVGO.US,151.5126
2024-09-05,US11135F1012,AVGO.US,150.2346
2024-09-06,US11135F1012,AVGO.US,134.6822
2024-09-09,US11135F1012,AVGO.US,138.4376
2024-09-10,US11135F1012,AVGO.US,145.7026
2024-09-11,US11135F1012,AVGO.US,155.5924
2024-09-12,US11135F1012,AVGO.US,161.776
2024-09-13,US11135F1012,AVGO.US,164.853
2024-09-16,US11135F1012,AVGO.US,161.2451
2024-09-17,US11135F1012,AVGO.US,159.7213
2024-09-18,US11135F1012,AVGO.US,158.9349
2024-09-19,US11135F1012,AVGO.US,165.1289
2024-09-20,US11135F1012,AVGO.US,168.7586
2024-09-23,US11135F1012,AVGO.US,170.5734
2024-09-24,US11135F1012,AVGO.US,172.4474
2024-09-25,US11135F1012,AVGO.US,173.1181
2024-09-26,US11135F1012,AVGO.US,175.6529
2024-09-27,US11135F1012,AVGO.US,170.3268
2024-09-30,US11135F1012,AVGO.US,170.1394
2024-10-01,US11135F1012,AVGO.US,165.1782
2024-10-02,US11135F1012,AVGO.US,168.3246
2024-10-03,US11135F1012,AVGO.US,169.5378
2024-10-04,US11135F1012,AVGO.US,174.2228
2024-10-07,US11135F1012,AVGO.US,172.6841
2024-10-08,US11135F1012,AVGO.US,178.2568
2024-10-09,US11135F1012,AVGO.US,183.4054
2024-10-10,US11135F1012,AVGO.US,183.1489
2024-10-11,US11135F1012,AVGO.US,178.9965
2024-10-14,US11135F1012,AVGO.US,179.8152
2024-10-15,US11135F1012,AVGO.US,173.5718
2024-10-16,US11135F1012,AVGO.US,174.4003
2024-10-17,US11135F1012,AVGO.US,179.0458
2024-10-18,US11135F1012,AVGO.US,177.4283
2024-10-21,US11135F1012,AVGO.US,177.5269
2024-10-22,US11135F1012,AVGO.US,176.9253
2024-10-23,US11135F1012,AVGO.US,171.1356
2024-10-24,US11135F1012,AVGO.US,169.0051
2024-10-25,US11135F1012,AVGO.US,170.6326
2024-10-28,US11135F1012,AVGO.US,169.666
2024-10-29,US11135F1012,AVGO.US,176.7872
2024-10-30,US11135F1012,AVGO.US,174.2228
2024-10-31,US11135F1012,AVGO.US,167.4468
2024-11-01,US11135F1012,AVGO.US,166.6084
2024-11-04,US11135F1012,AVGO.US,166.2435
2024-11-05,US11135F1012,AVGO.US,171.5203
2024-11-06,US11135F1012,AVGO.US,177.0929
2024-11-07,US11135F1012,AVGO.US,181.2946
2024-11-08,US11135F1012,AVGO.US,181.127
2024-11-11,US11135F1012,AVGO.US,176.4617
2024-11-12,US11135F1012,AVGO.US,173.8085
2024-11-13,US11135F1012,AVGO.US,171.2046
2024-11-14,US11135F1012,AVGO.US,168.0484
2024-11-15,US11135F1012,AVGO.US,162.5842
2024-11-18,US11135F1012,AVGO.US,163.4029
2024-11-19,US11135F1012,AVGO.US,163.0873
2024-11-20,US11135F1012,AVGO.US,161.016
2024-11-21,US11135F1012,AVGO.US,161.6966
2024-11-22,US11135F1012,AVGO.US,161.9826
2024-11-25,US11135F1012,AVGO.US,162.5645
2024-11-26,US11135F1012,AVGO.US,162.4856
2024-11-27,US11135F1012,AVGO.US,157.485
2024-11-29,US11135F1012,AVGO.US,159.862
2024-12-02,US11135F1012,AVGO.US,164.2314
2024-12-03,US11135F1012,AVGO.US,165.8489
2024-12-04,US11135F1012,AVGO.US,168.226
2024-12-05,US11135F1012,AVGO.US,168.1372
2024-12-06,US11135F1012,AVGO.US,177.0732
2024-12-09,US11135F1012,AVGO.US,176.4913
2024-12-10,US11135F1012,AVGO.US,169.4589
2024-12-11,US11135F1012,AVGO.US,180.693
2024-12-12,US11135F1012,AVGO.US,178.1877
2024-12-13,US11135F1012,AVGO.US,221.7237
2024-12-16,US11135F1012,AVGO.US,246.5789
2024-12-17,US11135F1012,AVGO.US,236.9426
2024-12-18,US11135F1012,AVGO.US,220.5599
2024-12-19,US11135F1012,AVGO.US,215.3324
2024-12-20,US11135F1012,AVGO.US,217.7686
2024-12-23,US11135F1012,AVGO.US,229.7844
2024-12-24,US11135F1012,AVGO.US,237.0335
2024-12-26,US11135F1012,AVGO.US,242.6508
2024-12-27,US11135F1012,AVGO.US,239.0806
2024-12-30,US11135F1012,AVGO.US,232.9788
2024-12-31,US11135F1012,AVGO.US,229.2801
2025-01-02,US11135F1012,AVGO.US,229.4185
2025-01-03,US11135F1012,AVGO.US,229.9822
2025-01-06,US11135F1012,AVGO.US,233.7996
2025-01-07,US11135F1012,AVGO.US,226.1154
2025-01-08,US11135F1012,AVGO.US,226.778
2025-01-10,US11135F1012,AVGO.US,221.8332
2025-01-13,US11135F1012,AVGO.US,222.8024
2025-01-14,US11135F1012,AVGO.US,222.2189
2025-01-15,US11135F1012,AVGO.US,225.4825
2025-01-16,US11135F1012,AVGO.US,226.8769
2025-01-17,US11135F1012,AVGO.US,234.8182
2025-01-21,US11135F1012,AVGO.US,237.6565
2025-01-22,US11135F1012,AVGO.US,238.2499
2025-01-23,US11135F1012,AVGO.US,237.6269
2025-01-24,US11135F1012,AVGO.US,241.9981
2025-01-27,US11135F1012,AVGO.US,199.8981
2025-01-28,US11135F1012,AVGO.US,205.0704
2025-01-29,US11135F1012,AVGO.US,204.0715
2025-01-30,US11135F1012,AVGO.US,213.2787
2025-01-31,US11135F1012,AVGO.US,218.8268
2025-02-03,US11135F1012,AVGO.US,215.3259
2025-02-04,US11135F1012,AVGO.US,219.974
2025-02-05,US11135F1012,AVGO.US,229.4383
2025-02-06,US11135F1012,AVGO.US,228.8054
2025-02-07,US11135F1012,AVGO.US,222.387
2025-02-10,US11135F1012,AVGO.US,232.4447
2025-02-11,US11135F1012,AVGO.US,232.4447
2025-02-12,US11135F1012,AVGO.US,233.7403
2025-02-13,US11135F1012,AVGO.US,233.1963
2025-02-14,US11135F1012,AVGO.US,230.4668
2025-02-18,US11135F1012,AVGO.US,226.0066
2025-02-19,US11135F1012,AVGO.US,226.2044
2025-02-20,US11135F1012,AVGO.US,224.2364
2025-02-21,US11135F1012,AVGO.US,216.2456
2025-02-24,US11135F1012,AVGO.US,205.6341
2025-02-25,US11135F1012,AVGO.US,200.3036
2025-02-26,US11135F1012,AVGO.US,210.5887
2025-02-27,US11135F1012,AVGO.US,195.6159
2025-02-28,US11135F1012,AVGO.US,197.2279
2025-03-03,US11135F1012,AVGO.US,185.3011
2025-03-04,US11135F1012,AVGO.US,185.4099
2025-03-05,US11135F1012,AVGO.US,189.4646
2025-03-06,US11135F1012,AVGO.US,177.4685
2025-03-07,US11135F1012,AVGO.US,192.8073
2025-03-10,US11135F1012,AVGO.US,182.4133
2025-03-11,US11135F1012,AVGO.US,187.9911
2025-03-12,US11135F1012,AVGO.US,192.0853
2025-03-13,US11135F1012,AVGO.US,189.247
2025-03-14,US11135F1012,AVGO.US,193.3809
2025-03-17,US11135F1012,AVGO.US,192.3524
2025-03-18,US11135F1012,AVGO.US,186.5867
2025-03-19,US11135F1012,AVGO.US,193.4105
2025-03-20,US11135F1012,AVGO.US,189.0063
2025-03-21,US11135F1012,AVGO.US,190.1173
2025-03-24,US11135F1012,AVGO.US,189.7106
2025-03-25,US11135F1012,AVGO.US,186.7446
2025-03-26,US11135F1012,AVGO.US,177.827
2025-03-27,US11135F1012,AVGO.US,170.6056
2025-03-28,US11135F1012,AVGO.US,167.7587
2025-03-31,US11135F1012,AVGO.US,166.0823
2025-04-01,US11135F1012,AVGO.US,167.1635
2025-04-02,US11135F1012,AVGO.US,170.7048
2025-04-03,US11135F1012,AVGO.US,152.7703
2025-04-04,US11135F1012,AVGO.US,145.1125
2025-04-07,US11135F1012,AVGO.US,152.8993
2025-04-08,US11135F1012,AVGO.US,154.7741
2025-04-09,US11135F1012,AVGO.US,183.6597
2025-04-10,US11135F1012,AVGO.US,170.9131
2025-04-11,US11135F1012,AVGO.US,180.4755
2025-04-14,US11135F1012,AVGO.US,176.9243
2025-04-15,US11135F1012,AVGO.US,177.5096
2025-04-16,US11135F1012,AVGO.US,173.2045
2025-04-17,US11135F1012,AVGO.US,169.6136
2025-04-21,US11135F1012,AVGO.US,164.8721
2025-04-22,US11135F1012,AVGO.US,168.215
2025-04-23,US11135F1012,AVGO.US,175.486
2025-04-24,US11135F1012,AVGO.US,186.6355
2025-04-25,US11135F1012,AVGO.US,190.762
2025-04-28,US11135F1012,AVGO.US,190.9207
2025-04-29,US11135F1012,AVGO.US,189.6312
2025-04-30,US11135F1012,AVGO.US,190.9207
2025-05-01,US11135F1012,AVGO.US,195.7416
2025-05-02,US11135F1012,AVGO.US,202.0008
2025-05-05,US11135F1012,AVGO.US,199.1043
2025-05-06,US11135F1012,AVGO.US,198.4794
2025-05-07,US11135F1012,AVGO.US,203.1614
2025-05-08,US11135F1012,AVGO.US,206.0976
2025-05-09,US11135F1012,AVGO.US,206.5241
2025-05-12,US11135F1012,AVGO.US,219.7964
2025-05-13,US11135F1012,AVGO.US,230.5492
2025-05-14,US11135F1012,AVGO.US,230.2516
2025-05-15,US11135F1012,AVGO.US,230.7674
2025-05-16,US11135F1012,AVGO.US,226.7698
2025-05-19,US11135F1012,AVGO.US,228.7736
2025-05-20,US11135F1012,AVGO.US,229.8151
2025-05-21,US11135F1012,AVGO.US,227.8808
2025-05-22,US11135F1012,AVGO.US,228.6744
2025-05-23,US11135F1012,AVGO.US,226.879
2025-05-27,US11135F1012,AVGO.US,233.7532
2025-05-28,US11135F1012,AVGO.US,237.5028
2025-05-29,US11135F1012,AVGO.US,240.0223
2025-05-30,US11135F1012,AVGO.US,240.1215
2025-06-02,US11135F1012,AVGO.US,246.7081
2025-06-03,US11135F1012,AVGO.US,254.7825
2025-06-04,US11135F1012,AVGO.US,258.9785
2025-06-05,US11135F1012,AVGO.US,257.8377
2025-06-06,US11135F1012,AVGO.US,244.9424
2025-06-09,US11135F1012,AVGO.US,242.3137
2025-06-10,US11135F1012,AVGO.US,242.6609
2025-06-11,US11135F1012,AVGO.US,250.8742
2025-06-12,US11135F1012,AVGO.US,254.0088
2025-06-13,US11135F1012,AVGO.US,246.6981
2025-06-16,US11135F1012,AVGO.US,250.0708
2025-06-17,US11135F1012,AVGO.US,247.3627
2025-06-18,US11135F1012,AVGO.US,249.2375
2025-06-20,US11135F1012,AVGO.US,248.5644
2025-06-23,US11135F1012,AVGO.US,252.3228
2025-06-24,US11135F1012,AVGO.US,262.2658
2025-06-25,US11135F1012,AVGO.US,263.1408
2025-06-26,US11135F1012,AVGO.US,268.6293
2025-06-27,US11135F1012,AVGO.US,267.814
2025-06-30,US11135F1012,AVGO.US,274.0781
2025-07-01,US11135F1012,AVGO.US,263.2303
2025-07-02,US11135F1012,AVGO.US,268.3608
2025-07-03,US11135F1012,AVGO.US,273.6107
2025-07-07,US11135F1012,AVGO.US,272.6164
2025-07-08,US11135F1012,AVGO.US,270.25
2025-07-09,US11135F1012,AVGO.US,276.3152
2025-07-10,US11135F1012,AVGO.US,273.8295
2025-07-11,US11135F1012,AVGO.US,272.8153
2025-07-14,US11135F1012,AVGO.US,274.0283
2025-07-15,US11135F1012,AVGO.US,279.3379
2025-07-16,US11135F1012,AVGO.US,279.2086
2025-07-17,US11135F1012,AVGO.US,284.8165
2025-07-18,US11135F1012,AVGO.US,281.7242
2025-07-21,US11135F1012,AVGO.US,286.5664
2025-07-22,US11135F1012,AVGO.US,277.0013
2025-07-23,US11135F1012,AVGO.US,282.0722
2025-07-24,US11135F1012,AVGO.US,287.0636
2025-07-25,US11135F1012,AVGO.US,288.5252
2025-07-28,US11135F1012,AVGO.US,292.6217
2025-07-29,US11135F1012,AVGO.US,295.7239
2025-07-30,US11135F1012,AVGO.US,300.8943
2025-07-31,US11135F1012,AVGO.US,292.0251
2025-08-01,US11135F1012,AVGO.US,286.994
2025-08-04,US11135F1012,AVGO.US,296.0222
2025-08-05,US11135F1012,AVGO.US,291.2595
2025-08-06,US11135F1012,AVGO.US,299.9497
2025-08-07,US11135F1012,AVGO.US,302.0278
2025-08-08,US11135F1012,AVGO.US,303.2309
2025-08-11,US11135F1012,AVGO.US,302.167
2025-08-12,US11135F1012,AVGO.US,311.046
2025-08-13,US11135F1012,AVGO.US,307.3274
2025-08-14,US11135F1012,AVGO.US,309.4552
2025-08-15,US11135F1012,AVGO.US,304.593
2025-08-18,US11135F1012,AVGO.US,304.0163
2025-08-19,US11135F1012,AVGO.US,293.2282
2025-08-20,US11135F1012,AVGO.US,289.5096
2025-08-21,US11135F1012,AVGO.US,287.9485
2025-08-22,US11135F1012,AVGO.US,292.3234
2025-08-25,US11135F1012,AVGO.US,292.5521
2025-08-26,US11135F1012,AVGO.US,296.3105
2025-08-27,US11135F1012,AVGO.US,298.5378
2025-08-28,US11135F1012,AVGO.US,306.8899
2025-08-29,US11135F1012,AVGO.US,295.6941
2025-09-02,US11135F1012,AVGO.US,296.5392
2025-09-03,US11135F1012,AVGO.US,300.6656
2025-09-04,US11135F1012,AVGO.US,304.3544
2025-09-05,US11135F1012,AVGO.US,332.9802
2025-09-08,US11135F1012,AVGO.US,343.6789
2025-09-09,US11135F1012,AVGO.US,334.7501
2025-09-10,US11135F1012,AVGO.US,367.4625
2025-09-11,US11135F1012,AVGO.US,357.5791
2025-09-12,US11135F1012,AVGO.US,357.8178
2025-09-15,US11135F1012,AVGO.US,362.0137
2025-09-16,US11135F1012,AVGO.US,357.947
2025-09-17,US11135F1012,AVGO.US,344.1959
2025-09-18,US11135F1012,AVGO.US,343.3806
2025-09-19,US11135F1012,AVGO.US,342.9729
2025-09-22,US11135F1012,AVGO.US,337.4352
2025-09-23,US11135F1012,AVGO.US,337.5846
2025-09-24,US11135F1012,AVGO.US,337.9531
2025-09-25,US11135F1012,AVGO.US,334.7559
2025-09-26,US11135F1012,AVGO.US,333.1922
2025-09-29,US11135F1012,AVGO.US,326.5887
2025-09-30,US11135F1012,AVGO.US,328.5907
2025-10-01,US11135F1012,AVGO.US,332.0567
2025-10-02,US11135F1012,AVGO.US,336.8276
2025-10-03,US11135F1012,AVGO.US,337.0168
2025-10-06,US11135F1012,AVGO.US,334.1484
2025-10-07,US11135F1012,AVGO.US,335.0647
2025-10-08,US11135F1012,AVGO.US,344.1183
2025-10-09,US11135F1012,AVGO.US,343.6402
2025-10-10,US11135F1012,AVGO.US,323.3318
2025-10-13,US11135F1012,AVGO.US,355.2735
2025-10-14,US11135F1012,AVGO.US,342.7538
2025-10-15,US11135F1012,AVGO.US,349.925
2025-10-16,US11135F1012,AVGO.US,352.7337
2025-10-17,US11135F1012,AVGO.US,347.933
2025-10-20,US11135F1012,AVGO.US,347.8434
2025-10-21,US11135F1012,AVGO.US,341.2897
2025-10-22,US11135F1012,AVGO.US,338.9391
2025-10-23,US11135F1012,AVGO.US,342.9132
2025-10-24,US11135F1012,AVGO.US,352.7138
2025-10-27,US11135F1012,AVGO.US,360.6021
2025-10-28,US11135F1012,AVGO.US,371.4785
2025-10-29,US11135F1012,AVGO.US,384.4364
2025-10-30,US11135F1012,AVGO.US,374.9645
2025-10-31,US11135F1012,AVGO.US,368.1518
2025-11-03,US11135F1012,AVGO.US,361.1001
2025-11-04,US11135F1012,AVGO.US,350.5326
2025-11-05,US11135F1012,AVGO.US,357.5444
2025-11-06,US11135F1012,AVGO.US,354.168
2025-11-07,US11135F1012,AVGO.US,348.0326
2025-11-10,US11135F1012,AVGO.US,356.9568
2025-11-11,US11135F1012,AVGO.US,350.5525
2025-11-12,US11135F1012,AVGO.US,353.7994
2025-11-13,US11135F1012,AVGO.US,338.6204
2025-11-14,US11135F1012,AVGO.US,341.0905
2025-11-17,US11135F1012,AVGO.US,341.2797
2025-11-18,US11135F1012,AVGO.US,339.1383
2025-11-19,US11135F1012,AVGO.US,353.0026
2025-11-20,US11135F1012,AVGO.US,345.433
2025-11-21,US11135F1012,AVGO.US,338.8395
2025-11-24,US11135F1012,AVGO.US,376.4485
2025-11-25,US11135F1012,AVGO.US,383.4902
2025-11-26,US11135F1012,AVGO.US,395.9801
2025-11-28,US11135F1012,AVGO.US,401.3485
2025-12-01,US11135F1012,AVGO.US,384.536
2025-12-02,US11135F1012,AVGO.US,380.0441
2025-12-03,US11135F1012,AVGO.US,379.0879
2025-12-04,US11135F1012,AVGO.US,379.5062
2025-12-05,US11135F1012,AVGO.US,388.6794
2025-12-08,US11135F1012,AVGO.US,399.496
2025-12-09,US11135F1012,AVGO.US,404.6652
2025-12-10,US11135F1012,AVGO.US,411.3185
2025-12-11,US11135F1012,AVGO.US,404.7449
2025-12-12,US11135F1012,AVGO.US,358.4906
2025-12-15,US11135F1012,AVGO.US,338.4511
2025-12-16,US11135F1012,AVGO.US,339.9351
2025-12-17,US11135F1012,AVGO.US,324.7162
2025-12-18,US11135F1012,AVGO.US,328.5608
2025-12-19,US11135F1012,AVGO.US,338.9989
2025-12-22,US11135F1012,AVGO.US,340.7352
2025-12-23,US11135F1012,AVGO.US,348.5888
2025-12-24,US11135F1012,AVGO.US,349.4869
2025-12-26,US11135F1012,AVGO.US,351.3929
2025-12-29,US11135F1012,AVGO.US,348.6586
2025-12-30,US11135F1012,AVGO.US,349.1176
2025-12-31,US11135F1012,AVGO.US,345.3755
2026-01-02,US11135F1012,AVGO.US,346.8923
2026-01-05,US11135F1012,AVGO.US,342.7011
2026-01-06,US11135F1012,AVGO.US,343.0504
2026-01-07,US11135F1012,AVGO.US,342.7809
2026-01-08,US11135F1012,AVGO.US,331.784
2026-01-09,US11135F1012,AVGO.US,344.2479
2026-01-12,US11135F1012,AVGO.US,351.4727
2026-01-13,US11135F1012,AVGO.US,353.8677
2026-01-14,US11135F1012,AVGO.US,339.1785
2026-01-15,US11135F1012,AVGO.US,342.3019
2026-01-16,US11135F1012,AVGO.US,350.9738
2026-01-20,US11135F1012,AVGO.US,331.9038
2026-01-21,US11135F1012,AVGO.US,328.1117
2026-01-22,US11135F1012,AVGO.US,324.8086
2026-01-23,US11135F1012,AVGO.US,319.38
2026-01-26,US11135F1012,AVGO.US,324.17
2026-01-27,US11135F1012,AVGO.US,332.0934
2026-01-28,US11135F1012,AVGO.US,332.5424
2026-01-29,US11135F1012,AVGO.US,330.0377
2026-01-30,US11135F1012,AVGO.US,330.6065
2026-02-02,US11135F1012,AVGO.US,330.4169
2026-02-03,US11135F1012,AVGO.US,319.6594
2026-02-04,US11135F1012,AVGO.US,307.4051
2026-02-05,US11135F1012,AVGO.US,309.86
2026-02-06,US11135F1012,AVGO.US,332.2231
2026-02-09,US11135F1012,AVGO.US,343.22
2026-02-10,US11135F1012,AVGO.US,339.7273
2026-02-11,US11135F1012,AVGO.US,342.0425
2026-02-12,US11135F1012,AVGO.US,330.4768
2026-02-13,US11135F1012,AVGO.US,324.4893
2026-02-17,US11135F1012,AVGO.US,331.8439
2026-02-18,US11135F1012,AVGO.US,332.8119
2026-02-19,US11135F1012,AVGO.US,333.2908
2026-02-20,US11135F1012,AVGO.US,331.9537
2026-02-23,US11135F1012,AVGO.US,329.6485
2026-02-24,US11135F1012,AVGO.US,324.8086
2026-02-25,US11135F1012,AVGO.US,331.6144
2026-02-26,US11135F1012,AVGO.US,321.0266
2026-02-27,US11135F1012,AVGO.US,318.8811
2026-03-02,US11135F1012,AVGO.US,318.1526
2026-03-03,US11135F1012,AVGO.US,313.183
2026-03-04,US11135F1012,AVGO.US,316.8653
2026-03-05,US11135F1012,AVGO.US,332.0734
2026-03-06,US11135F1012,AVGO.US,329.7882
2026-03-09,US11135F1012,AVGO.US,345.0262
2026-03-10,US11135F1012,AVGO.US,341.8629
2026-03-11,US11135F1012,AVGO.US,340.855
2026-03-12,US11135F1012,AVGO.US,335.2667
2026-03-13,US11135F1012,AVGO.US,321.4856
2026-03-16,US11135F1012,AVGO.US,324.2398
2026-03-17,US11135F1012,AVGO.US,320.6374
2026-03-18,US11135F1012,AVGO.US,315.2687
2026-03-19,US11135F1012,AVGO.US,319.1705
2026-03-20,US11135F1012,AVGO.US,309.86
2026-03-23,US11135F1012,AVGO.US,322.51
2026-03-24,US11135F1012,AVGO.US,318.29
2026-03-25,US11135F1012,AVGO.US,318.81
2026-03-26,US11135F1012,AVGO.US,309.42
2026-03-27,US11135F1012,AVGO.US,300.68
2026-03-30,US11135F1012,AVGO.US,293.41
2026-03-31,US11135F1012,AVGO.US,309.51
2026-04-01,US11135F1012,AVGO.US,313.49
2026-04-02,US11135F1012,AVGO.US,314.55
2026-04-06,US11135F1012,AVGO.US,314.43
2026-04-07,US11135F1012,AVGO.US,333.97
2026-04-08,US11135F1012,AVGO.US,350.63
2026-04-09,US11135F1012,AVGO.US,354.91
2026-04-10,US11135F1012,AVGO.US,371.55
2026-04-13,US11135F1012,AVGO.US,379.75
2026-04-14,US11135F1012,AVGO.US,380.78
2026-04-15,US11135F1012,AVGO.US,396.72
2026-04-16,US11135F1012,AVGO.US,398.47
2026-04-17,US11135F1012,AVGO.US,406.54
2026-04-20,US11135F1012,AVGO.US,399.63
2026-04-21,US11135F1012,AVGO.US,402.17
2026-04-22,US11135F1012,AVGO.US,422.65
2026-04-23,US11135F1012,AVGO.US,419.94
2026-04-24,US11135F1012,AVGO.US,422.76
2023-04-26,US4642863926,URTH.US,111.565
2023-04-27,US4642863926,URTH.US,113.5369
2023-04-28,US4642863926,URTH.US,114.1181
2023-05-01,US4642863926,URTH.US,114.0037
2023-05-02,US4642863926,URTH.US,112.7653
2023-05-03,US4642863926,URTH.US,112.2794
2023-05-04,US4642863926,URTH.US,111.7364
2023-05-05,US4642863926,URTH.US,113.6989
2023-05-08,US4642863926,URTH.US,113.7465
2023-05-09,US4642863926,URTH.US,113.2797
2023-05-10,US4642863926,URTH.US,113.556
2023-05-11,US4642863926,URTH.US,113.2893
2023-05-12,US4642863926,URTH.US,113.1273
2023-05-15,US4642863926,URTH.US,113.8037
2023-05-16,US4642863926,URTH.US,112.8225
2023-05-17,US4642863926,URTH.US,113.899
2023-05-18,US4642863926,URTH.US,114.6325
2023-05-19,US4642863926,URTH.US,114.6897
2023-05-22,US4642863926,URTH.US,114.7659
2023-05-23,US4642863926,URTH.US,113.394
2023-05-24,US4642863926,URTH.US,112.3271
2023-05-25,US4642863926,URTH.US,112.8034
2023-05-26,US4642863926,URTH.US,114.2324
2023-05-30,US4642863926,URTH.US,113.8608
2023-05-31,US4642863926,URTH.US,112.9844
2023-06-01,US4642863926,URTH.US,114.3467
2023-06-02,US4642863926,URTH.US,116.0615
2023-06-05,US4642863926,URTH.US,115.709
2023-06-06,US4642863926,URTH.US,116.2044
2023-06-07,US4642863926,URTH.US,115.5791
2023-06-08,US4642863926,URTH.US,116.339
2023-06-09,US4642863926,URTH.US,116.4737
2023-06-12,US4642863926,URTH.US,117.3779
2023-06-13,US4642863926,URTH.US,118.2628
2023-06-14,US4642863926,URTH.US,118.484
2023-06-15,US4642863926,URTH.US,119.9461
2023-06-16,US4642863926,URTH.US,119.5517
2023-06-20,US4642863926,URTH.US,118.5417
2023-06-21,US4642863926,URTH.US,118.2243
2023-06-22,US4642863926,URTH.US,118.2051
2023-06-23,US4642863926,URTH.US,117.147
2023-06-26,US4642863926,URTH.US,116.9065
2023-06-27,US4642863926,URTH.US,118.1185
2023-06-28,US4642863926,URTH.US,118.1377
2023-06-29,US4642863926,URTH.US,118.484
2023-06-30,US4642863926,URTH.US,119.7729
2023-07-03,US4642863926,URTH.US,120.0423
2023-07-05,US4642863926,URTH.US,119.4267
2023-07-06,US4642863926,URTH.US,118.0896
2023-07-07,US4642863926,URTH.US,118.1858
2023-07-10,US4642863926,URTH.US,118.5513
2023-07-11,US4642863926,URTH.US,119.4459
2023-07-12,US4642863926,URTH.US,120.7444
2023-07-13,US4642863926,URTH.US,122.1392
2023-07-14,US4642863926,URTH.US,121.8121
2023-07-17,US4642863926,URTH.US,122.0814
2023-07-18,US4642863926,URTH.US,123.0529
2023-07-19,US4642863926,URTH.US,123.2165
2023-07-20,US4642863926,URTH.US,122.4758
2023-07-21,US4642863926,URTH.US,122.5431
2023-07-24,US4642863926,URTH.US,122.7259
2023-07-25,US4642863926,URTH.US,123.0433
2023-07-26,US4642863926,URTH.US,123.1299
2023-07-27,US4642863926,URTH.US,122.37
2023-07-28,US4642863926,URTH.US,123.5435
2023-07-31,US4642863926,URTH.US,123.6397
2023-08-01,US4642863926,URTH.US,123.0337
2023-08-02,US4642863926,URTH.US,121.1003
2023-08-03,US4642863926,URTH.US,120.7348
2023-08-04,US4642863926,URTH.US,120.4462
2023-08-07,US4642863926,URTH.US,121.4755
2023-08-08,US4642863926,URTH.US,120.8599
2023-08-09,US4642863926,URTH.US,120.2443
2023-08-10,US4642863926,URTH.US,120.3982
2023-08-11,US4642863926,URTH.US,120.1096
2023-08-14,US4642863926,URTH.US,120.3982
2023-08-15,US4642863926,URTH.US,118.965
2023-08-16,US4642863926,URTH.US,118.0223
2023-08-17,US4642863926,URTH.US,117.2047
2023-08-18,US4642863926,URTH.US,117.1759
2023-08-21,US4642863926,URTH.US,117.8973
2023-08-22,US4642863926,URTH.US,117.551
2023-08-23,US4642863926,URTH.US,118.8014
2023-08-24,US4642863926,URTH.US,117.224
2023-08-25,US4642863926,URTH.US,118.0223
2023-08-28,US4642863926,URTH.US,118.9265
2023-08-29,US4642863926,URTH.US,120.6194
2023-08-30,US4642863926,URTH.US,121.0907
2023-08-31,US4642863926,URTH.US,120.9079
2023-09-01,US4642863926,URTH.US,121.1099
2023-09-05,US4642863926,URTH.US,120.4366
2023-09-06,US4642863926,URTH.US,119.7056
2023-09-07,US4642863926,URTH.US,119.3593
2023-09-08,US4642863926,URTH.US,119.3882
2023-09-11,US4642863926,URTH.US,120.3212
2023-09-12,US4642863926,URTH.US,119.7345
2023-09-13,US4642863926,URTH.US,119.7729
2023-09-14,US4642863926,URTH.US,120.9272
2023-09-15,US4642863926,URTH.US,119.8691
2023-09-18,US4642863926,URTH.US,119.7729
2023-09-19,US4642863926,URTH.US,119.5998
2023-09-20,US4642863926,URTH.US,118.7245
2023-09-21,US4642863926,URTH.US,116.7334
2023-09-22,US4642863926,URTH.US,116.5506
2023-09-25,US4642863926,URTH.US,116.7623
2023-09-26,US4642863926,URTH.US,115.1078
2023-09-27,US4642863926,URTH.US,115.0213
2023-09-28,US4642863926,URTH.US,115.9254
2023-09-29,US4642863926,URTH.US,115.5888
2023-10-02,US4642863926,URTH.US,114.9539
2023-10-03,US4642863926,URTH.US,113.4438
2023-10-04,US4642863926,URTH.US,114.1075
2023-10-05,US4642863926,URTH.US,114.3479
2023-10-06,US4642863926,URTH.US,115.6657
2023-10-09,US4642863926,URTH.US,116.1851
2023-10-10,US4642863926,URTH.US,117.1374
2023-10-11,US4642863926,URTH.US,117.6568
2023-10-12,US4642863926,URTH.US,116.7526
2023-10-13,US4642863926,URTH.US,116.0793
2023-10-16,US4642863926,URTH.US,117.2047
2023-10-17,US4642863926,URTH.US,117.1951
2023-10-18,US4642863926,URTH.US,115.483
2023-10-19,US4642863926,URTH.US,114.4441
2023-10-20,US4642863926,URTH.US,113.1648
2023-10-23,US4642863926,URTH.US,113.0206
2023-10-24,US4642863926,URTH.US,113.7901
2023-10-25,US4642863926,URTH.US,112.3184
2023-10-26,US4642863926,URTH.US,111.1738
2023-10-27,US4642863926,URTH.US,110.6255
2023-10-30,US4642863926,URTH.US,111.9913
2023-10-31,US4642863926,URTH.US,112.6454
2023-11-01,US4642863926,URTH.US,113.8093
2023-11-02,US4642863926,URTH.US,116.1178
2023-11-03,US4642863926,URTH.US,117.2817
2023-11-06,US4642863926,URTH.US,117.2432
2023-11-07,US4642863926,URTH.US,117.3394
2023-11-08,US4642863926,URTH.US,117.3682
2023-11-09,US4642863926,URTH.US,116.6853
2023-11-10,US4642863926,URTH.US,118.157
2023-11-13,US4642863926,URTH.US,118.1955
2023-11-14,US4642863926,URTH.US,120.6771
2023-11-15,US4642863926,URTH.US,120.8695
2023-11-16,US4642863926,URTH.US,120.8695
2023-11-17,US4642863926,URTH.US,121.4851
2023-11-20,US4642863926,URTH.US,122.2257
2023-11-21,US4642863926,URTH.US,121.966
2023-11-22,US4642863926,URTH.US,122.3796
2023-11-24,US4642863926,URTH.US,122.6586
2023-11-27,US4642863926,URTH.US,122.4566
2023-11-28,US4642863926,URTH.US,122.5528
2023-11-29,US4642863926,URTH.US,122.572
2023-11-30,US4642863926,URTH.US,122.9087
2023-12-01,US4642863926,URTH.US,123.8513
2023-12-04,US4642863926,URTH.US,123.1587
2023-12-05,US4642863926,URTH.US,122.9664
2023-12-06,US4642863926,URTH.US,122.6778
2023-12-07,US4642863926,URTH.US,123.5627
2023-12-08,US4642863926,URTH.US,124.0052
2023-12-11,US4642863926,URTH.US,124.4765
2023-12-12,US4642863926,URTH.US,124.8036
2023-12-13,US4642863926,URTH.US,126.6504
2023-12-14,US4642863926,URTH.US,127.3141
2023-12-15,US4642863926,URTH.US,126.9197
2023-12-18,US4642863926,URTH.US,127.5064
2023-12-19,US4642863926,URTH.US,128.3914
2023-12-20,US4642863926,URTH.US,126.6836
2023-12-21,US4642863926,URTH.US,128.1673
2023-12-22,US4642863926,URTH.US,128.4292
2023-12-26,US4642863926,URTH.US,128.9626
2023-12-27,US4642863926,URTH.US,129.3311
2023-12-28,US4642863926,URTH.US,129.2535
2023-12-29,US4642863926,URTH.US,129.0013
2024-01-02,US4642863926,URTH.US,127.9249
2024-01-03,US4642863926,URTH.US,126.8969
2024-01-04,US4642863926,URTH.US,126.7514
2024-01-05,US4642863926,URTH.US,126.9066
2024-01-08,US4642863926,URTH.US,128.5843
2024-01-09,US4642863926,URTH.US,128.0704
2024-01-10,US4642863926,URTH.US,128.8171
2024-01-11,US4642863926,URTH.US,128.8074
2024-01-12,US4642863926,URTH.US,128.9141
2024-01-16,US4642863926,URTH.US,128.0219
2024-01-17,US4642863926,URTH.US,127.1878
2024-01-18,US4642863926,URTH.US,128.2546
2024-01-19,US4642863926,URTH.US,129.5929
2024-01-22,US4642863926,URTH.US,129.8936
2024-01-23,US4642863926,URTH.US,130.0584
2024-01-24,US4642863926,URTH.US,130.3591
2024-01-25,US4642863926,URTH.US,130.873
2024-01-26,US4642863926,URTH.US,130.9894
2024-01-29,US4642863926,URTH.US,131.998
2024-01-30,US4642863926,URTH.US,131.8816
2024-01-31,US4642863926,URTH.US,130.1457
2024-02-01,US4642863926,URTH.US,131.6489
2024-02-02,US4642863926,URTH.US,132.3277
2024-02-05,US4642863926,URTH.US,131.7362
2024-02-06,US4642863926,URTH.US,132.2501
2024-02-07,US4642863926,URTH.US,133.0066
2024-02-08,US4642863926,URTH.US,133.0842
2024-02-09,US4642863926,URTH.US,133.7339
2024-02-12,US4642863926,URTH.US,133.8309
2024-02-13,US4642863926,URTH.US,131.8234
2024-02-14,US4642863926,URTH.US,133.2296
2024-02-15,US4642863926,URTH.US,134.3643
2024-02-16,US4642863926,URTH.US,133.8697
2024-02-20,US4642863926,URTH.US,133.4527
2024-02-21,US4642863926,URTH.US,133.54
2024-02-22,US4642863926,URTH.US,135.945
2024-02-23,US4642863926,URTH.US,136.0905
2024-02-26,US4642863926,URTH.US,135.5668
2024-02-27,US4642863926,URTH.US,135.9159
2024-02-28,US4642863926,URTH.US,135.4892
2024-02-29,US4642863926,URTH.US,136.042
2024-03-01,US4642863926,URTH.US,137.264
2024-03-04,US4642863926,URTH.US,137.0991
2024-03-05,US4642863926,URTH.US,136.0323
2024-03-06,US4642863926,URTH.US,137.0506
2024-03-07,US4642863926,URTH.US,138.5247
2024-03-08,US4642863926,URTH.US,137.7876
2024-03-11,US4642863926,URTH.US,137.39
2024-03-12,US4642863926,URTH.US,138.835
2024-03-13,US4642863926,URTH.US,138.7089
2024-03-14,US4642863926,URTH.US,138.098
2024-03-15,US4642863926,URTH.US,137.4579
2024-03-18,US4642863926,URTH.US,137.8749
2024-03-19,US4642863926,URTH.US,138.5538
2024-03-20,US4642863926,URTH.US,139.8533
2024-03-21,US4642863926,URTH.US,140.2994
2024-03-22,US4642863926,URTH.US,140.0376
2024-03-25,US4642863926,URTH.US,139.6496
2024-03-26,US4642863926,URTH.US,139.4654
2024-03-27,US4642863926,URTH.US,140.5321
2024-03-28,US4642863926,URTH.US,140.5321
2024-04-01,US4642863926,URTH.US,140.1345
2024-04-02,US4642863926,URTH.US,139.1647
2024-04-03,US4642863926,URTH.US,139.5817
2024-04-04,US4642863926,URTH.US,138.001
2024-04-05,US4642863926,URTH.US,139.2229
2024-04-08,US4642863926,URTH.US,139.3781
2024-04-09,US4642863926,URTH.US,139.4848
2024-04-10,US4642863926,URTH.US,137.9428
2024-04-11,US4642863926,URTH.US,138.8932
2024-04-12,US4642863926,URTH.US,136.7306
2024-04-15,US4642863926,URTH.US,135.3341
2024-04-16,US4642863926,URTH.US,134.7813
2024-04-17,US4642863926,URTH.US,134.3352
2024-04-18,US4642863926,URTH.US,133.9376
2024-04-19,US4642863926,URTH.US,133.1617
2024-04-22,US4642863926,URTH.US,134.3255
2024-04-23,US4642863926,URTH.US,135.8287
2024-04-24,US4642863926,URTH.US,135.722
2024-04-25,US4642863926,URTH.US,135.2371
2024-04-26,US4642863926,URTH.US,136.5463
2024-04-29,US4642863926,URTH.US,136.9633
2024-04-30,US4642863926,URTH.US,134.9656
2024-05-01,US4642863926,URTH.US,134.4128
2024-05-02,US4642863926,URTH.US,135.8481
2024-05-03,US4642863926,URTH.US,137.4967
2024-05-06,US4642863926,URTH.US,138.8447
2024-05-07,US4642863926,URTH.US,138.9902
2024-05-08,US4642863926,URTH.US,138.9805
2024-05-09,US4642863926,URTH.US,139.7854
2024-05-10,US4642863926,URTH.US,140.0182
2024-05-13,US4642863926,URTH.US,139.9309
2024-05-14,US4642863926,URTH.US,140.7552
2024-05-15,US4642863926,URTH.US,142.365
2024-05-16,US4642863926,URTH.US,142.0159
2024-05-17,US4642863926,URTH.US,142.2972
2024-05-20,US4642863926,URTH.US,142.3456
2024-05-21,US4642863926,URTH.US,142.5784
2024-05-22,US4642863926,URTH.US,141.8898
2024-05-23,US4642863926,URTH.US,140.9104
2024-05-24,US4642863926,URTH.US,141.8898
2024-05-28,US4642863926,URTH.US,141.9189
2024-05-29,US4642863926,URTH.US,140.4449
2024-05-30,US4642863926,URTH.US,140.2606
2024-05-31,US4642863926,URTH.US,141.308
2024-06-03,US4642863926,URTH.US,141.6474
2024-06-04,US4642863926,URTH.US,141.6183
2024-06-05,US4642863926,URTH.US,143.1021
2024-06-06,US4642863926,URTH.US,143.1894
2024-06-07,US4642863926,URTH.US,142.5881
2024-06-10,US4642863926,URTH.US,142.9081
2024-06-11,US4642863926,URTH.US,142.7116
2024-06-12,US4642863926,URTH.US,144.0413
2024-06-13,US4642863926,URTH.US,143.7284
2024-06-14,US4642863926,URTH.US,143.308
2024-06-17,US4642863926,URTH.US,144.1781
2024-06-18,US4642863926,URTH.US,144.6572
2024-06-20,US4642863926,URTH.US,144.4225
2024-06-21,US4642863926,URTH.US,143.9435
2024-06-24,US4642863926,URTH.US,143.9826
2024-06-25,US4642863926,URTH.US,144.4812
2024-06-26,US4642863926,URTH.US,144.403
2024-06-27,US4642863926,URTH.US,144.4421
2024-06-28,US4642863926,URTH.US,144.1977
2024-07-01,US4642863926,URTH.US,144.5105
2024-07-02,US4642863926,URTH.US,145.2634
2024-07-03,US4642863926,URTH.US,146.2508
2024-07-05,US4642863926,URTH.US,147.1405
2024-07-08,US4642863926,URTH.US,146.9841
2024-07-09,US4642863926,URTH.US,147.0721
2024-07-10,US4642863926,URTH.US,148.6266
2024-07-11,US4642863926,URTH.US,147.8933
2024-07-12,US4642863926,URTH.US,148.9981
2024-07-15,US4642863926,URTH.US,149.0079
2024-07-16,US4642863926,URTH.US,149.878
2024-07-17,US4642863926,URTH.US,148.2159
2024-07-18,US4642863926,URTH.US,146.8863
2024-07-19,US4642863926,URTH.US,145.85
2024-07-22,US4642863926,URTH.US,147.4045
2024-07-23,US4642863926,URTH.US,146.9352
2024-07-24,US4642863926,URTH.US,143.9435
2024-07-25,US4642863926,URTH.US,143.2298
2024-07-26,US4642863926,URTH.US,144.8234
2024-07-29,US4642863926,URTH.US,144.7745
2024-07-30,US4642863926,URTH.US,144.3639
2024-07-31,US4642863926,URTH.US,146.6223
2024-08-01,US4642863926,URTH.US,144.0217
2024-08-02,US4642863926,URTH.US,141.3917
2024-08-05,US4642863926,URTH.US,137.5397
2024-08-06,US4642863926,URTH.US,138.5956
2024-08-07,US4642863926,URTH.US,138.0285
2024-08-08,US4642863926,URTH.US,140.9616
2024-08-09,US4642863926,URTH.US,141.7926
2024-08-12,US4642863926,URTH.US,141.6655
2024-08-13,US4642863926,URTH.US,144.1292
2024-08-14,US4642863926,URTH.US,144.5692
2024-08-15,US4642863926,URTH.US,146.7396
2024-08-16,US4642863926,URTH.US,147.3458
2024-08-19,US4642863926,URTH.US,148.8221
2024-08-20,US4642863926,URTH.US,148.607
2024-08-21,US4642863926,URTH.US,149.4576
2024-08-22,US4642863926,URTH.US,148.1084
2024-08-23,US4642863926,URTH.US,150.3668
2024-08-26,US4642863926,URTH.US,149.9367
2024-08-27,US4642863926,URTH.US,150.1615
2024-08-28,US4642863926,URTH.US,149.4478
2024-08-29,US4642863926,URTH.US,149.5456
2024-08-30,US4642863926,URTH.US,150.7383
2024-09-03,US4642863926,URTH.US,147.6391
2024-09-04,US4642863926,URTH.US,147.3556
2024-09-05,US4642863926,URTH.US,146.8374
2024-09-06,US4642863926,URTH.US,144.4519
2024-09-09,US4642863926,URTH.US,145.9966
2024-09-10,US4642863926,URTH.US,146.3975
2024-09-11,US4642863926,URTH.US,147.8346
2024-09-12,US4642863926,URTH.US,148.959
2024-09-13,US4642863926,URTH.US,149.7216
2024-09-16,US4642863926,URTH.US,150.2397
2024-09-17,US4642863926,URTH.US,149.9953
2024-09-18,US4642863926,URTH.US,149.5945
2024-09-19,US4642863926,URTH.US,152.1853
2024-09-20,US4642863926,URTH.US,151.6476
2024-09-23,US4642863926,URTH.US,152.1071
2024-09-24,US4642863926,URTH.US,152.5862
2024-09-25,US4642863926,URTH.US,152.2049
2024-09-26,US4642863926,URTH.US,153.5932
2024-09-27,US4642863926,URTH.US,153.1239
2024-09-30,US4642863926,URTH.US,153.4074
2024-10-01,US4642863926,URTH.US,152.1364
2024-10-02,US4642863926,URTH.US,152.156
2024-10-03,US4642863926,URTH.US,151.5791
2024-10-04,US4642863926,URTH.US,152.8501
2024-10-07,US4642863926,URTH.US,151.54
2024-10-08,US4642863926,URTH.US,152.5862
2024-10-09,US4642863926,URTH.US,153.3976
2024-10-10,US4642863926,URTH.US,153.1434
2024-10-11,US4642863926,URTH.US,154.0233
2024-10-14,US4642863926,URTH.US,155.001
2024-10-15,US4642863926,URTH.US,153.4661
2024-10-16,US4642863926,URTH.US,154.0918
2024-10-17,US4642863926,URTH.US,154.1798
2024-10-18,US4642863926,URTH.US,154.8641
2024-10-21,US4642863926,URTH.US,154.1895
2024-10-22,US4642863926,URTH.US,153.9451
2024-10-23,US4642863926,URTH.US,152.4102
2024-10-24,US4642863926,URTH.US,152.9088
2024-10-25,US4642863926,URTH.US,152.6644
2024-10-28,US4642863926,URTH.US,153.339
2024-10-29,US4642863926,URTH.US,153.339
2024-10-30,US4642863926,URTH.US,152.7817
2024-10-31,US4642863926,URTH.US,150.2984
2024-11-01,US4642863926,URTH.US,150.9046
2024-11-04,US4642863926,URTH.US,150.6992
2024-11-05,US4642863926,URTH.US,152.4786
2024-11-06,US4642863926,URTH.US,154.825
2024-11-07,US4642863926,URTH.US,156.3404
2024-11-08,US4642863926,URTH.US,156.3111
2024-11-11,US4642863926,URTH.US,156.6729
2024-11-12,US4642863926,URTH.US,155.6267
2024-11-13,US4642863926,URTH.US,155.4214
2024-11-14,US4642863926,URTH.US,154.7762
2024-11-15,US4642863926,URTH.US,153.163
2024-11-18,US4642863926,URTH.US,153.8767
2024-11-19,US4642863926,URTH.US,154.3264
2024-11-20,US4642863926,URTH.US,154.2384
2024-11-21,US4642863926,URTH.US,155.0304
2024-11-22,US4642863926,URTH.US,155.7049
2024-11-25,US4642863926,URTH.US,156.1938
2024-11-26,US4642863926,URTH.US,156.4773
2024-11-27,US4642863926,URTH.US,156.2818
2024-11-29,US4642863926,URTH.US,157.543
2024-12-02,US4642863926,URTH.US,157.9438
2024-12-03,US4642863926,URTH.US,158.11
2024-12-04,US4642863926,URTH.US,159.0291
2024-12-05,US4642863926,URTH.US,159.0388
2024-12-06,US4642863926,URTH.US,159.3126
2024-12-09,US4642863926,URTH.US,158.4033
2024-12-10,US4642863926,URTH.US,157.7287
2024-12-11,US4642863926,URTH.US,158.9606
2024-12-12,US4642863926,URTH.US,157.9341
2024-12-13,US4642863926,URTH.US,157.7483
2024-12-16,US4642863926,URTH.US,158.0905
2024-12-17,US4642863926,URTH.US,157.5028
2024-12-18,US4642863926,URTH.US,152.9549
2024-12-19,US4642863926,URTH.US,152.7383
2024-12-20,US4642863926,URTH.US,153.9196
2024-12-23,US4642863926,URTH.US,154.9434
2024-12-24,US4642863926,URTH.US,156.292
2024-12-26,US4642863926,URTH.US,156.5775
2024-12-27,US4642863926,URTH.US,155.1403
2024-12-30,US4642863926,URTH.US,153.6834
2024-12-31,US4642863926,URTH.US,153.073
2025-01-02,US4642863926,URTH.US,152.7777
2025-01-03,US4642863926,URTH.US,154.5299
2025-01-06,US4642863926,URTH.US,155.2978
2025-01-07,US4642863926,URTH.US,153.9688
2025-01-08,US4642863926,URTH.US,153.9885
2025-01-10,US4642863926,URTH.US,151.8425
2025-01-13,US4642863926,URTH.US,151.8229
2025-01-14,US4642863926,URTH.US,152.0197
2025-01-15,US4642863926,URTH.US,154.6579
2025-01-16,US4642863926,URTH.US,154.6874
2025-01-17,US4642863926,URTH.US,155.9278
2025-01-21,US4642863926,URTH.US,157.7686
2025-01-22,US4642863926,URTH.US,158.3789
2025-01-23,US4642863926,URTH.US,159.3436
2025-01-24,US4642863926,URTH.US,159.2156
2025-01-27,US4642863926,URTH.US,157.4831
2025-01-28,US4642863926,URTH.US,158.4183
2025-01-29,US4642863926,URTH.US,157.9064
2025-01-30,US4642863926,URTH.US,159.0286
2025-01-31,US4642863926,URTH.US,158.1525
2025-02-03,US4642863926,URTH.US,156.8826
2025-02-04,US4642863926,URTH.US,158.1328
2025-02-05,US4642863926,URTH.US,159.0286
2025-02-06,US4642863926,URTH.US,159.5306
2025-02-07,US4642863926,URTH.US,158.0934
2025-02-10,US4642863926,URTH.US,159.1566
2025-02-11,US4642863926,URTH.US,159.4421
2025-02-12,US4642863926,URTH.US,159.3042
2025-02-13,US4642863926,URTH.US,160.9974
2025-02-14,US4642863926,URTH.US,161.0072
2025-02-18,US4642863926,URTH.US,161.529
2025-02-19,US4642863926,URTH.US,161.4699
2025-02-20,US4642863926,URTH.US,161.1549
2025-02-21,US4642863926,URTH.US,158.7628
2025-02-24,US4642863926,URTH.US,158.123
2025-02-25,US4642863926,URTH.US,157.9064
2025-02-26,US4642863926,URTH.US,158.0048
2025-02-27,US4642863926,URTH.US,155.5931
2025-02-28,US4642863926,URTH.US,157.5028
2025-03-03,US4642863926,URTH.US,155.8195
2025-03-04,US4642863926,URTH.US,154.5102
2025-03-05,US4642863926,URTH.US,156.7547
2025-03-06,US4642863926,URTH.US,154.0476
2025-03-07,US4642863926,URTH.US,155.1796
2025-03-10,US4642863926,URTH.US,150.9467
2025-03-11,US4642863926,URTH.US,150.0509
2025-03-12,US4642863926,URTH.US,150.8089
2025-03-13,US4642863926,URTH.US,148.8795
2025-03-14,US4642863926,URTH.US,152.0493
2025-03-17,US4642863926,URTH.US,153.4373
2025-03-18,US4642863926,URTH.US,152.1182
2025-03-19,US4642863926,URTH.US,153.4963
2025-03-20,US4642863926,URTH.US,152.9057
2025-03-21,US4642863926,URTH.US,152.8072
2025-03-24,US4642863926,URTH.US,154.9631
2025-03-25,US4642863926,URTH.US,155.3174
2025-03-26,US4642863926,URTH.US,153.5455
2025-03-27,US4642863926,URTH.US,153.1518
2025-03-28,US4642863926,URTH.US,150.4939
2025-03-31,US4642863926,URTH.US,150.7892
2025-04-01,US4642863926,URTH.US,151.2027
2025-04-02,US4642863926,URTH.US,152.2166
2025-04-03,US4642863926,URTH.US,145.9657
2025-04-04,US4642863926,URTH.US,137.0767
2025-04-07,US4642863926,URTH.US,135.856
2025-04-08,US4642863926,URTH.US,134.1727
2025-04-09,US4642863926,URTH.US,146.1626
2025-04-10,US4642863926,URTH.US,141.851
2025-04-11,US4642863926,URTH.US,144.6269
2025-04-14,US4642863926,URTH.US,145.9559
2025-04-15,US4642863926,URTH.US,146.1331
2025-04-16,US4642863926,URTH.US,143.7607
2025-04-17,US4642863926,URTH.US,144.3808
2025-04-21,US4642863926,URTH.US,141.7328
2025-04-22,US4642863926,URTH.US,145.0798
2025-04-23,US4642863926,URTH.US,146.891
2025-04-24,US4642863926,URTH.US,149.7261
2025-04-25,US4642863926,URTH.US,150.6613
2025-04-28,US4642863926,URTH.US,151.055
2025-04-29,US4642863926,URTH.US,151.7736
2025-04-30,US4642863926,URTH.US,151.8721
2025-05-01,US4642863926,URTH.US,152.3643
2025-05-02,US4642863926,URTH.US,154.7563
2025-05-05,US4642863926,URTH.US,154.1854
2025-05-06,US4642863926,URTH.US,153.2798
2025-05-07,US4642863926,URTH.US,153.5948
2025-05-08,US4642863926,URTH.US,154.1756
2025-05-09,US4642863926,URTH.US,154.3331
2025-05-12,US4642863926,URTH.US,158.123
2025-05-13,US4642863926,URTH.US,159.0975
2025-05-14,US4642863926,URTH.US,159.0975
2025-05-15,US4642863926,URTH.US,159.9736
2025-05-16,US4642863926,URTH.US,160.958
2025-05-19,US4642863926,URTH.US,161.3715
2025-05-20,US4642863926,URTH.US,161.2041
2025-05-21,US4642863926,URTH.US,159.0877
2025-05-22,US4642863926,URTH.US,158.9695
2025-05-23,US4642863926,URTH.US,158.4478
2025-05-27,US4642863926,URTH.US,161.273
2025-05-28,US4642863926,URTH.US,160.2296
2025-05-29,US4642863926,URTH.US,160.8005
2025-05-30,US4642863926,URTH.US,160.7611
2025-06-02,US4642863926,URTH.US,161.8833
2025-06-03,US4642863926,URTH.US,162.346
2025-06-04,US4642863926,URTH.US,162.5429
2025-06-05,US4642863926,URTH.US,161.8735
2025-06-06,US4642863926,URTH.US,163.2615
2025-06-09,US4642863926,URTH.US,163.3402
2025-06-10,US4642863926,URTH.US,163.9506
2025-06-11,US4642863926,URTH.US,163.5765
2025-06-12,US4642863926,URTH.US,164.364
2025-06-13,US4642863926,URTH.US,162.4248
2025-06-16,US4642863926,URTH.US,163.8344
2025-06-17,US4642863926,URTH.US,162.3266
2025-06-18,US4642863926,URTH.US,162.3662
2025-06-20,US4642863926,URTH.US,161.7115
2025-06-23,US4642863926,URTH.US,163.1697
2025-06-24,US4642863926,URTH.US,165.0743
2025-06-25,US4642863926,URTH.US,164.7867
2025-06-26,US4642863926,URTH.US,166.354
2025-06-27,US4642863926,URTH.US,167.2368
2025-06-30,US4642863926,URTH.US,168.0205
2025-07-01,US4642863926,URTH.US,167.7923
2025-07-02,US4642863926,URTH.US,168.5066
2025-07-03,US4642863926,URTH.US,169.4985
2025-07-07,US4642863926,URTH.US,168.1098
2025-07-08,US4642863926,URTH.US,168.199
2025-07-09,US4642863926,URTH.US,169.3299
2025-07-10,US4642863926,URTH.US,169.6572
2025-07-11,US4642863926,URTH.US,168.7446
2025-07-14,US4642863926,URTH.US,169.0918
2025-07-15,US4642863926,URTH.US,168.1098
2025-07-16,US4642863926,URTH.US,168.6355
2025-07-17,US4642863926,URTH.US,169.5779
2025-07-18,US4642863926,URTH.US,169.439
2025-07-21,US4642863926,URTH.US,169.8457
2025-07-22,US4642863926,URTH.US,170.1433
2025-07-23,US4642863926,URTH.US,172.0975
2025-07-24,US4642863926,URTH.US,171.9586
2025-07-25,US4642863926,URTH.US,172.3554
2025-07-28,US4642863926,URTH.US,171.6114
2025-07-29,US4642863926,URTH.US,171.2444
2025-07-30,US4642863926,URTH.US,170.7583
2025-07-31,US4642863926,URTH.US,169.7267
2025-08-01,US4642863926,URTH.US,167.6039
2025-08-04,US4642863926,URTH.US,170.0441
2025-08-05,US4642863926,URTH.US,169.4688
2025-08-06,US4642863926,URTH.US,170.8079
2025-08-07,US4642863926,URTH.US,170.9666
2025-08-08,US4642863926,URTH.US,172.2364
2025-08-11,US4642863926,URTH.US,171.7106
2025-08-12,US4642863926,URTH.US,173.7144
2025-08-13,US4642863926,URTH.US,174.3592
2025-08-14,US4642863926,URTH.US,174.1906
2025-08-15,US4642863926,URTH.US,174.3096
2025-08-18,US4642863926,URTH.US,174.1112
2025-08-19,US4642863926,URTH.US,173.3871
2025-08-20,US4642863926,URTH.US,173.268
2025-08-21,US4642863926,URTH.US,172.5637
2025-08-22,US4642863926,URTH.US,175.1429
2025-08-25,US4642863926,URTH.US,174.0814
2025-08-26,US4642863926,URTH.US,174.5278
2025-08-27,US4642863926,URTH.US,174.7957
2025-08-28,US4642863926,URTH.US,175.5
2025-08-29,US4642863926,URTH.US,174.4683
2025-09-02,US4642863926,URTH.US,173.149
2025-09-03,US4642863926,URTH.US,173.7938
2025-09-04,US4642863926,URTH.US,175.2421
2025-09-05,US4642863926,URTH.US,175.0139
2025-09-08,US4642863926,URTH.US,175.8372
2025-09-09,US4642863926,URTH.US,176.1348
2025-09-10,US4642863926,URTH.US,176.4324
2025-09-11,US4642863926,URTH.US,178.0295
2025-09-12,US4642863926,URTH.US,177.8113
2025-09-15,US4642863926,URTH.US,178.7338
2025-09-16,US4642863926,URTH.US,178.5652
2025-09-17,US4642863926,URTH.US,178.1188
2025-09-18,US4642863926,URTH.US,179.0512
2025-09-19,US4642863926,URTH.US,179.5869
2025-09-22,US4642863926,URTH.US,180.2515
2025-09-23,US4642863926,URTH.US,179.5175
2025-09-24,US4642863926,URTH.US,178.714
2025-09-25,US4642863926,URTH.US,177.9005
2025-09-26,US4642863926,URTH.US,178.8528
2025-09-29,US4642863926,URTH.US,179.4778
2025-09-30,US4642863926,URTH.US,180.1027
2025-10-01,US4642863926,URTH.US,180.8963
2025-10-02,US4642863926,URTH.US,181.1741
2025-10-03,US4642863926,URTH.US,181.5411
2025-10-06,US4642863926,URTH.US,182.1363
2025-10-07,US4642863926,URTH.US,181.1542
2025-10-08,US4642863926,URTH.US,182.047
2025-10-09,US4642863926,URTH.US,181.2038
2025-10-10,US4642863926,URTH.US,176.7697
2025-10-13,US4642863926,URTH.US,179.2
2025-10-14,US4642863926,URTH.US,179.3191
2025-10-15,US4642863926,URTH.US,180.0531
2025-10-16,US4642863926,URTH.US,179.4282
2025-10-17,US4642863926,URTH.US,180.1821
2025-10-20,US4642863926,URTH.US,181.7692
2025-10-21,US4642863926,URTH.US,181.3923
2025-10-22,US4642863926,URTH.US,180.5293
2025-10-23,US4642863926,URTH.US,181.6899
2025-10-24,US4642863926,URTH.US,182.8108
2025-10-27,US4642863926,URTH.US,184.765
2025-10-28,US4642863926,URTH.US,185.1419
2025-10-29,US4642863926,URTH.US,184.7154
2025-10-30,US4642863926,URTH.US,183.1679
2025-10-31,US4642863926,URTH.US,183.5449
2025-11-03,US4642863926,URTH.US,183.8722
2025-11-04,US4642863926,URTH.US,181.6105
2025-11-05,US4642863926,URTH.US,182.4339
2025-11-06,US4642863926,URTH.US,180.7078
2025-11-07,US4642863926,URTH.US,181.0947
2025-11-10,US4642863926,URTH.US,183.6837
2025-11-11,US4642863926,URTH.US,184.269
2025-11-12,US4642863926,URTH.US,184.7452
2025-11-13,US4642863926,URTH.US,181.7593
2025-11-14,US4642863926,URTH.US,181.7196
2025-11-17,US4642863926,URTH.US,179.825
2025-11-18,US4642863926,URTH.US,178.3271
2025-11-19,US4642863926,URTH.US,178.6148
2025-11-20,US4642863926,URTH.US,175.8769
2025-11-21,US4642863926,URTH.US,177.7418
2025-11-24,US4642863926,URTH.US,179.7059
2025-11-25,US4642863926,URTH.US,181.7494
2025-11-26,US4642863926,URTH.US,183.2473
2025-11-28,US4642863926,URTH.US,184.1698
2025-12-01,US4642863926,URTH.US,183.3465
2025-12-02,US4642863926,URTH.US,183.7929
2025-12-03,US4642863926,URTH.US,184.5666
2025-12-04,US4642863926,URTH.US,184.7551
2025-12-05,US4642863926,URTH.US,185.0824
2025-12-08,US4642863926,URTH.US,184.4178
2025-12-09,US4642863926,URTH.US,184.3881
2025-12-10,US4642863926,URTH.US,185.628
2025-12-11,US4642863926,URTH.US,186.3422
2025-12-12,US4642863926,URTH.US,184.5964
2025-12-15,US4642863926,URTH.US,184.765
2025-12-16,US4642863926,URTH.US,184.19
2025-12-17,US4642863926,URTH.US,182.29
2025-12-18,US4642863926,URTH.US,183.67
2025-12-19,US4642863926,URTH.US,185.18
2025-12-22,US4642863926,URTH.US,186.29
2025-12-23,US4642863926,URTH.US,187.21
2025-12-24,US4642863926,URTH.US,187.72
2025-12-26,US4642863926,URTH.US,187.81
2025-12-29,US4642863926,URTH.US,187.1
2025-12-30,US4642863926,URTH.US,187.01
2025-12-31,US4642863926,URTH.US,185.77
2026-01-02,US4642863926,URTH.US,186.51
2026-01-05,US4642863926,URTH.US,188.01
2026-01-06,US4642863926,URTH.US,188.98
2026-01-07,US4642863926,URTH.US,188.22
2026-01-08,US4642863926,URTH.US,188.24
2026-01-09,US4642863926,URTH.US,189.53
2026-01-12,US4642863926,URTH.US,190.05
2026-01-13,US4642863926,URTH.US,189.53
2026-01-14,US4642863926,URTH.US,188.93
2026-01-15,US4642863926,URTH.US,189.25
2026-01-16,US4642863926,URTH.US,189.21
2026-01-20,US4642863926,URTH.US,185.64
2026-01-21,US4642863926,URTH.US,187.66
2026-01-22,US4642863926,URTH.US,188.56
2026-01-23,US4642863926,URTH.US,188.86
2026-01-26,US4642863926,URTH.US,189.91
2026-01-27,US4642863926,URTH.US,191.29
2026-01-28,US4642863926,URTH.US,190.79
2026-01-29,US4642863926,URTH.US,190.8
2026-01-30,US4642863926,URTH.US,189.63
2026-02-02,US4642863926,URTH.US,190.66
2026-02-03,US4642863926,URTH.US,189.44
2026-02-04,US4642863926,URTH.US,188.98
2026-02-05,US4642863926,URTH.US,186.46
2026-02-06,US4642863926,URTH.US,190.24
2026-02-09,US4642863926,URTH.US,191.84
2026-02-10,US4642863926,URTH.US,191.6
2026-02-11,US4642863926,URTH.US,191.83
2026-02-12,US4642863926,URTH.US,189.02
2026-02-13,US4642863926,URTH.US,189.4
2026-02-17,US4642863926,URTH.US,189.46
2026-02-18,US4642863926,URTH.US,190.41
2026-02-19,US4642863926,URTH.US,189.89
2026-02-20,US4642863926,URTH.US,191.19
2026-02-23,US4642863926,URTH.US,189.5
2026-02-24,US4642863926,URTH.US,190.77
2026-02-25,US4642863926,URTH.US,192.37
2026-02-26,US4642863926,URTH.US,191.68
2026-02-27,US4642863926,URTH.US,190.84
2026-03-02,US4642863926,URTH.US,190.18
2026-03-03,US4642863926,URTH.US,187.21
2026-03-04,US4642863926,URTH.US,188.82
2026-03-05,US4642863926,URTH.US,187.09
2026-03-06,US4642863926,URTH.US,184.98
2026-03-09,US4642863926,URTH.US,186.45
2026-03-10,US4642863926,URTH.US,186.36
2026-03-11,US4642863926,URTH.US,186.02
2026-03-12,US4642863926,URTH.US,183.15
2026-03-13,US4642863926,URTH.US,181.75
2026-03-16,US4642863926,URTH.US,184.04
2026-03-17,US4642863926,URTH.US,184.49
2026-03-18,US4642863926,URTH.US,181.77
2026-03-19,US4642863926,URTH.US,181.36
2026-03-20,US4642863926,URTH.US,178.0
2026-03-23,US4642863926,URTH.US,180.54
2026-03-24,US4642863926,URTH.US,179.85
2026-03-25,US4642863926,URTH.US,181.19
2026-03-26,US4642863926,URTH.US,178.04
2026-03-27,US4642863926,URTH.US,175.42
2026-03-30,US4642863926,URTH.US,174.94
2026-03-31,US4642863926,URTH.US,180.02
2026-04-01,US4642863926,URTH.US,181.81
2026-04-02,US4642863926,URTH.US,181.72
2026-04-06,US4642863926,URTH.US,182.52
2026-04-07,US4642863926,URTH.US,182.47
2026-04-08,US4642863926,URTH.US,187.66
2026-04-09,US4642863926,URTH.US,188.36
2026-04-10,US4642863926,URTH.US,188.38
2026-04-13,US4642863926,URTH.US,189.99
2026-04-14,US4642863926,URTH.US,192.0
2026-04-15,US4642863926,URTH.US,193.33
2026-04-16,US4642863926,URTH.US,193.38
2026-04-17,US4642863926,URTH.US,195.79
2026-04-20,US4642863926,URTH.US,195.51
2026-04-21,US4642863926,URTH.US,193.28
2026-04-22,US4642863926,URTH.US,194.92
2026-04-23,US4642863926,URTH.US,193.82
2026-04-24,US4642863926,URTH.US,195.27
2020-04-27,US67066G1040,NVDA.US,7.398
2020-04-28,US67066G1040,NVDA.US,7.2556
2020-04-29,US67066G1040,NVDA.US,7.4324
2020-04-30,US67066G1040,NVDA.US,7.2785
2020-05-01,US67066G1040,NVDA.US,7.0419
2020-05-04,US67066G1040,NVDA.US,7.2537
2020-05-05,US67066G1040,NVDA.US,7.3148
2020-05-06,US67066G1040,NVDA.US,7.4157
2020-05-07,US67066G1040,NVDA.US,7.592
2020-05-08,US67066G1040,NVDA.US,7.782
2020-05-11,US67066G1040,NVDA.US,8.034
2020-05-12,US67066G1040,NVDA.US,7.772
2020-05-13,US67066G1040,NVDA.US,7.7496
2020-05-14,US67066G1040,NVDA.US,7.9991
2020-05-15,US67066G1040,NVDA.US,8.4576
2020-05-18,US67066G1040,NVDA.US,8.7161
2020-05-19,US67066G1040,NVDA.US,8.7711
2020-05-20,US67066G1040,NVDA.US,8.935
2020-05-21,US67066G1040,NVDA.US,8.741
2020-05-22,US67066G1040,NVDA.US,8.991
2020-05-26,US67066G1040,NVDA.US,8.6837
2020-05-27,US67066G1040,NVDA.US,8.492
2020-05-28,US67066G1040,NVDA.US,8.4539
2020-05-29,US67066G1040,NVDA.US,8.8408
2020-06-01,US67066G1040,NVDA.US,8.7719
2020-06-02,US67066G1040,NVDA.US,8.7908
2020-06-03,US67066G1040,NVDA.US,8.7353
2020-06-04,US67066G1040,NVDA.US,8.7363
2020-06-05,US67066G1040,NVDA.US,8.8892
2020-06-08,US67066G1040,NVDA.US,8.7746
2020-06-09,US67066G1040,NVDA.US,9.0148
2020-06-10,US67066G1040,NVDA.US,9.3344
2020-06-11,US67066G1040,NVDA.US,8.7659
2020-06-12,US67066G1040,NVDA.US,8.9017
2020-06-15,US67066G1040,NVDA.US,9.1421
2020-06-16,US67066G1040,NVDA.US,9.0372
2020-06-17,US67066G1040,NVDA.US,9.2041
2020-06-18,US67066G1040,NVDA.US,9.1862
2020-06-19,US67066G1040,NVDA.US,9.2293
2020-06-22,US67066G1040,NVDA.US,9.4939
2020-06-23,US67066G1040,NVDA.US,9.4174
2020-06-24,US67066G1040,NVDA.US,9.2036
2020-06-25,US67066G1040,NVDA.US,9.4573
2020-06-26,US67066G1040,NVDA.US,9.1234
2020-06-29,US67066G1040,NVDA.US,9.1683
2020-06-30,US67066G1040,NVDA.US,9.465
2020-07-01,US67066G1040,NVDA.US,9.4971
2020-07-02,US67066G1040,NVDA.US,9.5791
2020-07-06,US67066G1040,NVDA.US,9.8053
2020-07-07,US67066G1040,NVDA.US,9.8377
2020-07-08,US67066G1040,NVDA.US,10.1807
2020-07-09,US67066G1040,NVDA.US,10.4727
2020-07-10,US67066G1040,NVDA.US,10.4431
2020-07-13,US67066G1040,NVDA.US,10.0176
2020-07-14,US67066G1040,NVDA.US,10.3412
2020-07-15,US67066G1040,NVDA.US,10.192
2020-07-16,US67066G1040,NVDA.US,10.0998
2020-07-17,US67066G1040,NVDA.US,10.1663
2020-07-20,US67066G1040,NVDA.US,10.4745
2020-07-21,US67066G1040,NVDA.US,10.2929
2020-07-22,US67066G1040,NVDA.US,10.4027
2020-07-23,US67066G1040,NVDA.US,10.0948
2020-07-24,US67066G1040,NVDA.US,10.1593
2020-07-27,US67066G1040,NVDA.US,10.3855
2020-07-28,US67066G1040,NVDA.US,10.1802
2020-07-29,US67066G1040,NVDA.US,10.4294
2020-07-30,US67066G1040,NVDA.US,10.5774
2020-07-31,US67066G1040,NVDA.US,10.5781
2020-08-03,US67066G1040,NVDA.US,10.9723
2020-08-04,US67066G1040,NVDA.US,11.189
2020-08-05,US67066G1040,NVDA.US,11.2478
2020-08-06,US67066G1040,NVDA.US,11.2964
2020-08-07,US67066G1040,NVDA.US,11.1609
2020-08-10,US67066G1040,NVDA.US,11.1265
2020-08-11,US67066G1040,NVDA.US,10.8126
2020-08-12,US67066G1040,NVDA.US,11.4008
2020-08-13,US67066G1040,NVDA.US,11.4035
2020-08-14,US67066G1040,NVDA.US,11.5241
2020-08-17,US67066G1040,NVDA.US,12.2944
2020-08-18,US67066G1040,NVDA.US,12.2184
2020-08-19,US67066G1040,NVDA.US,12.0966
2020-08-20,US67066G1040,NVDA.US,12.0991
2020-08-21,US67066G1040,NVDA.US,12.6397
2020-08-24,US67066G1040,NVDA.US,12.6764
2020-08-25,US67066G1040,NVDA.US,12.706
2020-08-26,US67066G1040,NVDA.US,12.7289
2020-08-27,US67066G1040,NVDA.US,12.5847
2020-08-28,US67066G1040,NVDA.US,13.1024
2020-08-31,US67066G1040,NVDA.US,13.3283
2020-09-01,US67066G1040,NVDA.US,13.7774
2020-09-02,US67066G1040,NVDA.US,14.3013
2020-09-03,US67066G1040,NVDA.US,12.9745
2020-09-04,US67066G1040,NVDA.US,12.5827
2020-09-08,US67066G1040,NVDA.US,11.8754
2020-09-09,US67066G1040,NVDA.US,12.6749
2020-09-10,US67066G1040,NVDA.US,12.2729
2020-09-11,US67066G1040,NVDA.US,12.1261
2020-09-14,US67066G1040,NVDA.US,12.8317
2020-09-15,US67066G1040,NVDA.US,12.95
2020-09-16,US67066G1040,NVDA.US,12.475
2020-09-17,US67066G1040,NVDA.US,12.4242
2020-09-18,US67066G1040,NVDA.US,12.1508
2020-09-21,US67066G1040,NVDA.US,12.4778
2020-09-22,US67066G1040,NVDA.US,12.5979
2020-09-23,US67066G1040,NVDA.US,12.0855
2020-09-24,US67066G1040,NVDA.US,12.3091
2020-09-25,US67066G1040,NVDA.US,12.8332
2020-09-28,US67066G1040,NVDA.US,12.9939
2020-09-29,US67066G1040,NVDA.US,13.1841
2020-09-30,US67066G1040,NVDA.US,13.4878
2020-10-01,US67066G1040,NVDA.US,13.5716
2020-10-02,US67066G1040,NVDA.US,13.0211
2020-10-05,US67066G1040,NVDA.US,13.5995
2020-10-06,US67066G1040,NVDA.US,13.6932
2020-10-07,US67066G1040,NVDA.US,13.92
2020-10-08,US67066G1040,NVDA.US,13.7951
2020-10-09,US67066G1040,NVDA.US,13.7194
2020-10-12,US67066G1040,NVDA.US,14.1811
2020-10-13,US67066G1040,NVDA.US,14.2033
2020-10-14,US67066G1040,NVDA.US,14.0508
2020-10-15,US67066G1040,NVDA.US,13.926
2020-10-16,US67066G1040,NVDA.US,13.768
2020-10-19,US67066G1040,NVDA.US,13.4552
2020-10-20,US67066G1040,NVDA.US,13.6025
2020-10-21,US67066G1040,NVDA.US,13.4821
2020-10-22,US67066G1040,NVDA.US,13.3189
2020-10-23,US67066G1040,NVDA.US,13.5474
2020-10-26,US67066G1040,NVDA.US,13.0998
2020-10-27,US67066G1040,NVDA.US,13.3545
2020-10-28,US67066G1040,NVDA.US,12.5872
2020-10-29,US67066G1040,NVDA.US,12.9829
2020-10-30,US67066G1040,NVDA.US,12.4945
2020-11-02,US67066G1040,NVDA.US,12.5411
2020-11-03,US67066G1040,NVDA.US,12.9785
2020-11-04,US67066G1040,NVDA.US,13.7508
2020-11-05,US67066G1040,NVDA.US,14.1154
2020-11-06,US67066G1040,NVDA.US,14.5161
2020-11-09,US67066G1040,NVDA.US,13.5878
2020-11-10,US67066G1040,NVDA.US,12.7297
2020-11-11,US67066G1040,NVDA.US,13.3757
2020-11-12,US67066G1040,NVDA.US,13.4143
2020-11-13,US67066G1040,NVDA.US,13.2551
2020-11-16,US67066G1040,NVDA.US,13.4726
2020-11-17,US67066G1040,NVDA.US,13.3799
2020-11-18,US67066G1040,NVDA.US,13.3864
2020-11-19,US67066G1040,NVDA.US,13.3979
2020-11-20,US67066G1040,NVDA.US,13.0465
2020-11-23,US67066G1040,NVDA.US,13.0986
2020-11-24,US67066G1040,NVDA.US,12.9169
2020-11-25,US67066G1040,NVDA.US,13.193
2020-11-27,US67066G1040,NVDA.US,13.2194
2020-11-30,US67066G1040,NVDA.US,13.3592
2020-12-01,US67066G1040,NVDA.US,13.3478
2020-12-02,US67066G1040,NVDA.US,13.5018
2020-12-03,US67066G1040,NVDA.US,13.3577
2020-12-04,US67066G1040,NVDA.US,13.5195
2020-12-07,US67066G1040,NVDA.US,13.5679
2020-12-08,US67066G1040,NVDA.US,13.3118
2020-12-09,US67066G1040,NVDA.US,12.8938
2020-12-10,US67066G1040,NVDA.US,12.9352
2020-12-11,US67066G1040,NVDA.US,12.9761
2020-12-14,US67066G1040,NVDA.US,13.2707
2020-12-15,US67066G1040,NVDA.US,13.3223
2020-12-16,US67066G1040,NVDA.US,13.2046
2020-12-17,US67066G1040,NVDA.US,13.3031
2020-12-18,US67066G1040,NVDA.US,13.2341
2020-12-21,US67066G1040,NVDA.US,13.2941
2020-12-22,US67066G1040,NVDA.US,13.2403
2020-12-23,US67066G1040,NVDA.US,12.9721
2020-12-24,US67066G1040,NVDA.US,12.9566
2020-12-28,US67066G1040,NVDA.US,12.8631
2020-12-29,US67066G1040,NVDA.US,12.9063
2020-12-30,US67066G1040,NVDA.US,13.1082
2020-12-31,US67066G1040,NVDA.US,13.0177
2021-01-04,US67066G1040,NVDA.US,13.076
2021-01-05,US67066G1040,NVDA.US,13.3664
2021-01-06,US67066G1040,NVDA.US,12.5784
2021-01-07,US67066G1040,NVDA.US,13.3059
2021-01-08,US67066G1040,NVDA.US,13.2388
2021-01-11,US67066G1040,NVDA.US,13.5826
2021-01-12,US67066G1040,NVDA.US,13.4462
2021-01-13,US67066G1040,NVDA.US,13.4931
2021-01-14,US67066G1040,NVDA.US,13.1625
2021-01-15,US67066G1040,NVDA.US,12.8227
2021-01-19,US67066G1040,NVDA.US,12.988
2021-01-20,US67066G1040,NVDA.US,13.3275
2021-01-21,US67066G1040,NVDA.US,13.8279
2021-01-22,US67066G1040,NVDA.US,13.6733
2021-01-25,US67066G1040,NVDA.US,13.6142
2021-01-26,US67066G1040,NVDA.US,13.3968
2021-01-27,US67066G1040,NVDA.US,12.8808
2021-01-28,US67066G1040,NVDA.US,13.0137
2021-01-29,US67066G1040,NVDA.US,12.9526
2021-02-01,US67066G1040,NVDA.US,13.1992
2021-02-02,US67066G1040,NVDA.US,13.518
2021-02-03,US67066G1040,NVDA.US,13.4918
2021-02-04,US67066G1040,NVDA.US,13.6252
2021-02-05,US67066G1040,NVDA.US,13.5522
2021-02-08,US67066G1040,NVDA.US,14.3975
2021-02-09,US67066G1040,NVDA.US,14.2225
2021-02-10,US67066G1040,NVDA.US,14.722
2021-02-11,US67066G1040,NVDA.US,15.2072
2021-02-12,US67066G1040,NVDA.US,14.9185
2021-02-16,US67066G1040,NVDA.US,15.2864
2021-02-17,US67066G1040,NVDA.US,14.8634
2021-02-18,US67066G1040,NVDA.US,14.7866
2021-02-19,US67066G1040,NVDA.US,14.8838
2021-02-22,US67066G1040,NVDA.US,14.3147
2021-02-23,US67066G1040,NVDA.US,14.1016
2021-02-24,US67066G1040,NVDA.US,14.4576
2021-02-25,US67066G1040,NVDA.US,13.2695
2021-02-26,US67066G1040,NVDA.US,13.6753
2021-03-01,US67066G1040,NVDA.US,13.8022
2021-03-02,US67066G1040,NVDA.US,13.3679
2021-03-03,US67066G1040,NVDA.US,12.7682
2021-03-04,US67066G1040,NVDA.US,12.3349
2021-03-05,US67066G1040,NVDA.US,12.4259
2021-03-08,US67066G1040,NVDA.US,11.5601
2021-03-09,US67066G1040,NVDA.US,12.4888
2021-03-10,US67066G1040,NVDA.US,12.4369
2021-03-11,US67066G1040,NVDA.US,12.9608
2021-03-12,US67066G1040,NVDA.US,12.8237
2021-03-15,US67066G1040,NVDA.US,13.1581
2021-03-16,US67066G1040,NVDA.US,13.2578
2021-03-17,US67066G1040,NVDA.US,13.3077
2021-03-18,US67066G1040,NVDA.US,12.6905
2021-03-19,US67066G1040,NVDA.US,12.8135
2021-03-22,US67066G1040,NVDA.US,13.1531
2021-03-23,US67066G1040,NVDA.US,13.0379
2021-03-24,US67066G1040,NVDA.US,12.6112
2021-03-25,US67066G1040,NVDA.US,12.5037
2021-03-26,US67066G1040,NVDA.US,12.807
2021-03-29,US67066G1040,NVDA.US,12.9157
2021-03-30,US67066G1040,NVDA.US,12.8394
2021-03-31,US67066G1040,NVDA.US,13.3147
2021-04-01,US67066G1040,NVDA.US,13.777
2021-04-05,US67066G1040,NVDA.US,13.9523
2021-04-06,US67066G1040,NVDA.US,13.8267
2021-04-07,US67066G1040,NVDA.US,14.1079
2021-04-08,US67066G1040,NVDA.US,14.281
2021-04-09,US67066G1040,NVDA.US,14.3638
2021-04-12,US67066G1040,NVDA.US,15.1708
2021-04-13,US67066G1040,NVDA.US,15.6401
2021-04-14,US67066G1040,NVDA.US,15.2386
2021-04-15,US67066G1040,NVDA.US,16.0967
2021-04-16,US67066G1040,NVDA.US,15.8725
2021-04-19,US67066G1040,NVDA.US,15.3231
2021-04-20,US67066G1040,NVDA.US,15.1331
2021-04-21,US67066G1040,NVDA.US,15.3219
2021-04-22,US67066G1040,NVDA.US,14.8129
2021-04-23,US67066G1040,NVDA.US,15.2269
2021-04-26,US67066G1040,NVDA.US,15.4391
2021-04-27,US67066G1040,NVDA.US,15.3431
2021-04-28,US67066G1040,NVDA.US,15.2383
2021-04-29,US67066G1040,NVDA.US,15.2862
2021-04-30,US67066G1040,NVDA.US,14.9718
2021-05-03,US67066G1040,NVDA.US,14.7994
2021-05-04,US67066G1040,NVDA.US,14.3152
2021-05-05,US67066G1040,NVDA.US,14.4221
2021-05-06,US67066G1040,NVDA.US,14.4865
2021-05-07,US67066G1040,NVDA.US,14.775
2021-05-10,US67066G1040,NVDA.US,14.2299
2021-05-11,US67066G1040,NVDA.US,14.2703
2021-05-12,US67066G1040,NVDA.US,13.7239
2021-05-13,US67066G1040,NVDA.US,13.6309
2021-05-14,US67066G1040,NVDA.US,14.2072
2021-05-17,US67066G1040,NVDA.US,14.1299
2021-05-18,US67066G1040,NVDA.US,13.9805
2021-05-19,US67066G1040,NVDA.US,14.0304
2021-05-20,US67066G1040,NVDA.US,14.5758
2021-05-21,US67066G1040,NVDA.US,14.9541
2021-05-24,US67066G1040,NVDA.US,15.5727
2021-05-25,US67066G1040,NVDA.US,15.6084
2021-05-26,US67066G1040,NVDA.US,15.6605
2021-05-27,US67066G1040,NVDA.US,15.4491
2021-05-28,US67066G1040,NVDA.US,16.2037
2021-06-01,US67066G1040,NVDA.US,16.2236
2021-06-02,US67066G1040,NVDA.US,16.7361
2021-06-03,US67066G1040,NVDA.US,16.9271
2021-06-04,US67066G1040,NVDA.US,17.5341
2021-06-07,US67066G1040,NVDA.US,17.5747
2021-06-08,US67066G1040,NVDA.US,17.4131
2021-06-09,US67066G1040,NVDA.US,17.3186
2021-06-10,US67066G1040,NVDA.US,17.3852
2021-06-11,US67066G1040,NVDA.US,17.7845
2021-06-14,US67066G1040,NVDA.US,17.9776
2021-06-15,US67066G1040,NVDA.US,17.7478
2021-06-16,US67066G1040,NVDA.US,17.7695
2021-06-17,US67066G1040,NVDA.US,18.6146
2021-06-18,US67066G1040,NVDA.US,18.5962
2021-06-21,US67066G1040,NVDA.US,18.3851
2021-06-22,US67066G1040,NVDA.US,18.8436
2021-06-23,US67066G1040,NVDA.US,19.0137
2021-06-24,US67066G1040,NVDA.US,19.1616
2021-06-25,US67066G1040,NVDA.US,18.9875
2021-06-28,US67066G1040,NVDA.US,19.9393
2021-06-29,US67066G1040,NVDA.US,19.981
2021-06-30,US67066G1040,NVDA.US,19.9568
2021-07-01,US67066G1040,NVDA.US,20.1658
2021-07-02,US67066G1040,NVDA.US,20.4402
2021-07-06,US67066G1040,NVDA.US,20.6512
2021-07-07,US67066G1040,NVDA.US,20.3252
2021-07-08,US67066G1040,NVDA.US,19.8573
2021-07-09,US67066G1040,NVDA.US,20.0044
2021-07-12,US67066G1040,NVDA.US,20.4656
2021-07-13,US67066G1040,NVDA.US,20.2037
2021-07-14,US67066G1040,NVDA.US,19.7962
2021-07-15,US67066G1040,NVDA.US,18.9229
2021-07-16,US67066G1040,NVDA.US,18.1195
2021-07-19,US67066G1040,NVDA.US,18.7368
2021-07-20,US67066G1040,NVDA.US,18.5695
2021-07-21,US67066G1040,NVDA.US,19.3656
2021-07-22,US67066G1040,NVDA.US,19.5492
2021-07-23,US67066G1040,NVDA.US,19.5133
2021-07-26,US67066G1040,NVDA.US,19.2499
2021-07-27,US67066G1040,NVDA.US,19.1641
2021-07-28,US67066G1040,NVDA.US,19.4584
2021-07-29,US67066G1040,NVDA.US,19.6171
2021-07-30,US67066G1040,NVDA.US,19.4544
2021-08-02,US67066G1040,NVDA.US,19.7049
2021-08-03,US67066G1040,NVDA.US,19.7697
2021-08-04,US67066G1040,NVDA.US,20.2277
2021-08-05,US67066G1040,NVDA.US,20.5898
2021-08-06,US67066G1040,NVDA.US,20.3195
2021-08-09,US67066G1040,NVDA.US,20.2486
2021-08-10,US67066G1040,NVDA.US,19.8904
2021-08-11,US67066G1040,NVDA.US,19.654
2021-08-12,US67066G1040,NVDA.US,19.8595
2021-08-13,US67066G1040,NVDA.US,20.1419
2021-08-16,US67066G1040,NVDA.US,19.9044
2021-08-17,US67066G1040,NVDA.US,19.4135
2021-08-18,US67066G1040,NVDA.US,18.9965
2021-08-19,US67066G1040,NVDA.US,19.7528
2021-08-20,US67066G1040,NVDA.US,20.7684
2021-08-23,US67066G1040,NVDA.US,21.9078
2021-08-24,US67066G1040,NVDA.US,21.7432
2021-08-25,US67066G1040,NVDA.US,22.1622
2021-08-26,US67066G1040,NVDA.US,22.0176
2021-08-27,US67066G1040,NVDA.US,22.5843
2021-08-30,US67066G1040,NVDA.US,22.6361
2021-08-31,US67066G1040,NVDA.US,22.3378
2021-09-01,US67066G1040,NVDA.US,22.3937
2021-09-02,US67066G1040,NVDA.US,22.3488
2021-09-03,US67066G1040,NVDA.US,22.7948
2021-09-07,US67066G1040,NVDA.US,22.6142
2021-09-08,US67066G1040,NVDA.US,22.2919
2021-09-09,US67066G1040,NVDA.US,22.1302
2021-09-10,US67066G1040,NVDA.US,22.4306
2021-09-13,US67066G1040,NVDA.US,22.1053
2021-09-14,US67066G1040,NVDA.US,22.1951
2021-09-15,US67066G1040,NVDA.US,22.2939
2021-09-16,US67066G1040,NVDA.US,22.1951
2021-09-17,US67066G1040,NVDA.US,21.8538
2021-09-20,US67066G1040,NVDA.US,21.0685
2021-09-21,US67066G1040,NVDA.US,21.2012
2021-09-22,US67066G1040,NVDA.US,21.8947
2021-09-23,US67066G1040,NVDA.US,22.4346
2021-09-24,US67066G1040,NVDA.US,22.0344
2021-09-27,US67066G1040,NVDA.US,21.6143
2021-09-28,US67066G1040,NVDA.US,20.6553
2021-09-29,US67066G1040,NVDA.US,20.4737
2021-09-30,US67066G1040,NVDA.US,20.6723
2021-10-01,US67066G1040,NVDA.US,20.6982
2021-10-04,US67066G1040,NVDA.US,19.6904
2021-10-05,US67066G1040,NVDA.US,20.4079
2021-10-06,US67066G1040,NVDA.US,20.6563
2021-10-07,US67066G1040,NVDA.US,21.0305
2021-10-08,US67066G1040,NVDA.US,20.7871
2021-10-11,US67066G1040,NVDA.US,20.6513
2021-10-12,US67066G1040,NVDA.US,20.6274
2021-10-13,US67066G1040,NVDA.US,20.8948
2021-10-14,US67066G1040,NVDA.US,21.7001
2021-10-15,US67066G1040,NVDA.US,21.8159
2021-10-18,US67066G1040,NVDA.US,22.1751
2021-10-19,US67066G1040,NVDA.US,22.243
2021-10-20,US67066G1040,NVDA.US,22.0564
2021-10-21,US67066G1040,NVDA.US,22.6441
2021-10-22,US67066G1040,NVDA.US,22.6781
2021-10-25,US67066G1040,NVDA.US,23.1171
2021-10-26,US67066G1040,NVDA.US,24.6649
2021-10-27,US67066G1040,NVDA.US,24.3994
2021-10-28,US67066G1040,NVDA.US,24.8884
2021-10-29,US67066G1040,NVDA.US,25.5131
2021-11-01,US67066G1040,NVDA.US,25.7725
2021-11-02,US67066G1040,NVDA.US,26.3453
2021-11-03,US67066G1040,NVDA.US,26.5419
2021-11-04,US67066G1040,NVDA.US,29.7381
2021-11-05,US67066G1040,NVDA.US,29.6892
2021-11-08,US67066G1040,NVDA.US,30.739
2021-11-09,US67066G1040,NVDA.US,30.5923
2021-11-10,US67066G1040,NVDA.US,29.3969
2021-11-11,US67066G1040,NVDA.US,30.3259
2021-11-12,US67066G1040,NVDA.US,30.3259
2021-11-15,US67066G1040,NVDA.US,29.9617
2021-11-16,US67066G1040,NVDA.US,30.1393
2021-11-17,US67066G1040,NVDA.US,29.1993
2021-11-18,US67066G1040,NVDA.US,31.6082
2021-11-19,US67066G1040,NVDA.US,32.9154
2021-11-22,US67066G1040,NVDA.US,31.8886
2021-11-23,US67066G1040,NVDA.US,31.679
2021-11-24,US67066G1040,NVDA.US,32.6051
2021-11-26,US67066G1040,NVDA.US,31.4365
2021-11-29,US67066G1040,NVDA.US,33.3056
2021-11-30,US67066G1040,NVDA.US,32.6071
2021-12-01,US67066G1040,NVDA.US,31.3725
2021-12-02,US67066G1040,NVDA.US,32.0622
2021-12-03,US67066G1040,NVDA.US,30.632
2021-12-06,US67066G1040,NVDA.US,29.9773
2021-12-07,US67066G1040,NVDA.US,32.3626
2021-12-08,US67066G1040,NVDA.US,31.7627
2021-12-09,US67066G1040,NVDA.US,30.4294
2021-12-10,US67066G1040,NVDA.US,30.138
2021-12-13,US67066G1040,NVDA.US,28.105
2021-12-14,US67066G1040,NVDA.US,28.2807
2021-12-15,US67066G1040,NVDA.US,30.3985
2021-12-16,US67066G1040,NVDA.US,28.3306
2021-12-17,US67066G1040,NVDA.US,27.7457
2021-12-20,US67066G1040,NVDA.US,27.6639
2021-12-21,US67066G1040,NVDA.US,29.0172
2021-12-22,US67066G1040,NVDA.US,29.3416
2021-12-23,US67066G1040,NVDA.US,29.5811
2021-12-27,US67066G1040,NVDA.US,30.8835
2021-12-28,US67066G1040,NVDA.US,30.2617
2021-12-29,US67066G1040,NVDA.US,29.9414
2021-12-30,US67066G1040,NVDA.US,29.5272
2021-12-31,US67066G1040,NVDA.US,29.3525
2022-01-03,US67066G1040,NVDA.US,30.0611
2022-01-04,US67066G1040,NVDA.US,29.2318
2022-01-05,US67066G1040,NVDA.US,27.5491
2022-01-06,US67066G1040,NVDA.US,28.122
2022-01-07,US67066G1040,NVDA.US,27.1928
2022-01-10,US67066G1040,NVDA.US,27.3455
2022-01-11,US67066G1040,NVDA.US,27.7617
2022-01-12,US67066G1040,NVDA.US,27.9434
2022-01-13,US67066G1040,NVDA.US,26.5222
2022-01-14,US67066G1040,NVDA.US,26.8885
2022-01-18,US67066G1040,NVDA.US,25.8515
2022-01-19,US67066G1040,NVDA.US,25.0172
2022-01-20,US67066G1040,NVDA.US,24.102
2022-01-21,US67066G1040,NVDA.US,23.3275
2022-01-24,US67066G1040,NVDA.US,23.3256
2022-01-25,US67066G1040,NVDA.US,22.2796
2022-01-26,US67066G1040,NVDA.US,22.7267
2022-01-27,US67066G1040,NVDA.US,21.9004
2022-01-28,US67066G1040,NVDA.US,22.7946
2022-01-31,US67066G1040,NVDA.US,24.4373
2022-02-01,US67066G1040,NVDA.US,24.589
2022-02-02,US67066G1040,NVDA.US,25.1918
2022-02-03,US67066G1040,NVDA.US,23.9004
2022-02-04,US67066G1040,NVDA.US,24.2707
2022-02-07,US67066G1040,NVDA.US,24.6789
2022-02-08,US67066G1040,NVDA.US,25.0581
2022-02-09,US67066G1040,NVDA.US,26.6519
2022-02-10,US67066G1040,NVDA.US,25.7727
2022-02-11,US67066G1040,NVDA.US,23.9014
2022-02-14,US67066G1040,NVDA.US,24.2188
2022-02-15,US67066G1040,NVDA.US,26.4423
2022-02-16,US67066G1040,NVDA.US,26.4583
2022-02-17,US67066G1040,NVDA.US,24.4583
2022-02-18,US67066G1040,NVDA.US,23.595
2022-02-22,US67066G1040,NVDA.US,23.3435
2022-02-23,US67066G1040,NVDA.US,22.3425
2022-02-24,US67066G1040,NVDA.US,23.7008
2022-02-25,US67066G1040,NVDA.US,24.109
2022-02-28,US67066G1040,NVDA.US,24.3365
2022-03-01,US67066G1040,NVDA.US,23.4303
2022-03-02,US67066G1040,NVDA.US,24.176
2022-03-03,US67066G1040,NVDA.US,23.6709
2022-03-04,US67066G1040,NVDA.US,22.8943
2022-03-07,US67066G1040,NVDA.US,21.3132
2022-03-08,US67066G1040,NVDA.US,21.4749
2022-03-09,US67066G1040,NVDA.US,22.9722
2022-03-10,US67066G1040,NVDA.US,22.6168
2022-03-11,US67066G1040,NVDA.US,22.0598
2022-03-14,US67066G1040,NVDA.US,21.2912
2022-03-15,US67066G1040,NVDA.US,22.9313
2022-03-16,US67066G1040,NVDA.US,24.4515
2022-03-17,US67066G1040,NVDA.US,24.721
2022-03-18,US67066G1040,NVDA.US,26.4049
2022-03-21,US67066G1040,NVDA.US,26.6854
2022-03-22,US67066G1040,NVDA.US,26.4758
2022-03-23,US67066G1040,NVDA.US,25.5874
2022-03-24,US67066G1040,NVDA.US,28.0988
2022-03-25,US67066G1040,NVDA.US,27.6417
2022-03-28,US67066G1040,NVDA.US,28.1677
2022-03-29,US67066G1040,NVDA.US,28.6039
2022-03-30,US67066G1040,NVDA.US,27.6397
2022-03-31,US67066G1040,NVDA.US,27.2364
2022-04-01,US67066G1040,NVDA.US,26.6635
2022-04-04,US67066G1040,NVDA.US,27.3103
2022-04-05,US67066G1040,NVDA.US,25.8839
2022-04-06,US67066G1040,NVDA.US,24.3626
2022-04-07,US67066G1040,NVDA.US,24.164
2022-04-08,US67066G1040,NVDA.US,23.077
2022-04-11,US67066G1040,NVDA.US,21.8772
2022-04-12,US67066G1040,NVDA.US,21.4649
2022-04-13,US67066G1040,NVDA.US,22.1626
2022-04-14,US67066G1040,NVDA.US,21.2194
2022-04-18,US67066G1040,NVDA.US,21.7434
2022-04-19,US67066G1040,NVDA.US,22.1577
2022-04-20,US67066G1040,NVDA.US,21.443
2022-04-21,US67066G1040,NVDA.US,20.1463
2022-04-22,US67066G1040,NVDA.US,19.4795
2022-04-25,US67066G1040,NVDA.US,19.8658
2022-04-26,US67066G1040,NVDA.US,18.7539
2022-04-27,US67066G1040,NVDA.US,18.3815
2022-04-28,US67066G1040,NVDA.US,19.746
2022-04-29,US67066G1040,NVDA.US,18.5133
2022-05-02,US67066G1040,NVDA.US,19.4975
2022-05-03,US67066G1040,NVDA.US,19.5664
2022-05-04,US67066G1040,NVDA.US,20.297
2022-05-05,US67066G1040,NVDA.US,18.8098
2022-05-06,US67066G1040,NVDA.US,18.6411
2022-05-09,US67066G1040,NVDA.US,16.9192
2022-05-10,US67066G1040,NVDA.US,17.563
2022-05-11,US67066G1040,NVDA.US,16.5998
2022-05-12,US67066G1040,NVDA.US,16.1456
2022-05-13,US67066G1040,NVDA.US,17.6738
2022-05-16,US67066G1040,NVDA.US,17.2326
2022-05-17,US67066G1040,NVDA.US,18.144
2022-05-18,US67066G1040,NVDA.US,16.9072
2022-05-19,US67066G1040,NVDA.US,17.0929
2022-05-20,US67066G1040,NVDA.US,16.6637
2022-05-23,US67066G1040,NVDA.US,16.8673
2022-05-24,US67066G1040,NVDA.US,16.1246
2022-05-25,US67066G1040,NVDA.US,16.9442
2022-05-26,US67066G1040,NVDA.US,17.8186
2022-05-27,US67066G1040,NVDA.US,18.7768
2022-05-31,US67066G1040,NVDA.US,18.6381
2022-06-01,US67066G1040,NVDA.US,18.2867
2022-06-02,US67066G1040,NVDA.US,19.5564
2022-06-03,US67066G1040,NVDA.US,18.686
2022-06-06,US67066G1040,NVDA.US,18.7519
2022-06-07,US67066G1040,NVDA.US,18.8916
2022-06-08,US67066G1040,NVDA.US,18.618
2022-06-09,US67066G1040,NVDA.US,18.019
2022-06-10,US67066G1040,NVDA.US,16.9467
2022-06-13,US67066G1040,NVDA.US,15.6219
2022-06-14,US67066G1040,NVDA.US,15.8106
2022-06-15,US67066G1040,NVDA.US,16.5005
2022-06-16,US67066G1040,NVDA.US,15.5759
2022-06-17,US67066G1040,NVDA.US,15.8545
2022-06-21,US67066G1040,NVDA.US,16.5394
2022-06-22,US67066G1040,NVDA.US,16.3337
2022-06-23,US67066G1040,NVDA.US,16.1989
2022-06-24,US67066G1040,NVDA.US,17.0985
2022-06-27,US67066G1040,NVDA.US,16.8419
2022-06-28,US67066G1040,NVDA.US,15.9563
2022-06-29,US67066G1040,NVDA.US,15.517
2022-06-30,US67066G1040,NVDA.US,15.1346
2022-07-01,US67066G1040,NVDA.US,14.4997
2022-07-05,US67066G1040,NVDA.US,14.94
2022-07-06,US67066G1040,NVDA.US,15.1057
2022-07-07,US67066G1040,NVDA.US,15.8325
2022-07-08,US67066G1040,NVDA.US,15.8126
2022-07-11,US67066G1040,NVDA.US,15.1277
2022-07-12,US67066G1040,NVDA.US,15.0578
2022-07-13,US67066G1040,NVDA.US,15.1396
2022-07-14,US67066G1040,NVDA.US,15.3473
2022-07-15,US67066G1040,NVDA.US,15.7367
2022-07-18,US67066G1040,NVDA.US,16.0751
2022-07-19,US67066G1040,NVDA.US,16.9647
2022-07-20,US67066G1040,NVDA.US,17.7784
2022-07-21,US67066G1040,NVDA.US,18.021
2022-07-22,US67066G1040,NVDA.US,17.2912
2022-07-25,US67066G1040,NVDA.US,16.9967
2022-07-26,US67066G1040,NVDA.US,16.5064
2022-07-27,US67066G1040,NVDA.US,17.7614
2022-07-28,US67066G1040,NVDA.US,17.9551
2022-07-29,US67066G1040,NVDA.US,18.1338
2022-08-01,US67066G1040,NVDA.US,18.4114
2022-08-02,US67066G1040,NVDA.US,18.4962
2022-08-03,US67066G1040,NVDA.US,18.8627
2022-08-04,US67066G1040,NVDA.US,19.1841
2022-08-05,US67066G1040,NVDA.US,18.9585
2022-08-08,US67066G1040,NVDA.US,17.7644
2022-08-09,US67066G1040,NVDA.US,17.0586
2022-08-10,US67066G1040,NVDA.US,18.0679
2022-08-11,US67066G1040,NVDA.US,17.9132
2022-08-12,US67066G1040,NVDA.US,18.6789
2022-08-15,US67066G1040,NVDA.US,19.0014
2022-08-16,US67066G1040,NVDA.US,18.8487
2022-08-17,US67066G1040,NVDA.US,18.3055
2022-08-18,US67066G1040,NVDA.US,18.7428
2022-08-19,US67066G1040,NVDA.US,17.8203
2022-08-22,US67066G1040,NVDA.US,17.0066
2022-08-23,US67066G1040,NVDA.US,17.1534
2022-08-24,US67066G1040,NVDA.US,17.1943
2022-08-25,US67066G1040,NVDA.US,17.8842
2022-08-26,US67066G1040,NVDA.US,16.2339
2022-08-29,US67066G1040,NVDA.US,15.7756
2022-08-30,US67066G1040,NVDA.US,15.4432
2022-08-31,US67066G1040,NVDA.US,15.0698
2022-09-01,US67066G1040,NVDA.US,13.9146
2022-09-02,US67066G1040,NVDA.US,13.6251
2022-09-06,US67066G1040,NVDA.US,13.4434
2022-09-07,US67066G1040,NVDA.US,13.696
2022-09-08,US67066G1040,NVDA.US,13.9717
2022-09-09,US67066G1040,NVDA.US,14.3682
2022-09-12,US67066G1040,NVDA.US,14.486
2022-09-13,US67066G1040,NVDA.US,13.1138
2022-09-14,US67066G1040,NVDA.US,13.1108
2022-09-15,US67066G1040,NVDA.US,12.9121
2022-09-16,US67066G1040,NVDA.US,13.1807
2022-09-19,US67066G1040,NVDA.US,13.3645
2022-09-20,US67066G1040,NVDA.US,13.1587
2022-09-21,US67066G1040,NVDA.US,13.2436
2022-09-22,US67066G1040,NVDA.US,12.5445
2022-09-23,US67066G1040,NVDA.US,12.4996
2022-09-26,US67066G1040,NVDA.US,12.212
2022-09-27,US67066G1040,NVDA.US,12.3967
2022-09-28,US67066G1040,NVDA.US,12.7193
2022-09-29,US67066G1040,NVDA.US,12.204
2022-09-30,US67066G1040,NVDA.US,12.1231
2022-10-03,US67066G1040,NVDA.US,12.4956
2022-10-04,US67066G1040,NVDA.US,13.1498
2022-10-05,US67066G1040,NVDA.US,13.1917
2022-10-06,US67066G1040,NVDA.US,13.1128
2022-10-07,US67066G1040,NVDA.US,12.0602
2022-10-10,US67066G1040,NVDA.US,11.6547
2022-10-11,US67066G1040,NVDA.US,11.5708
2022-10-12,US67066G1040,NVDA.US,11.4849
2022-10-13,US67066G1040,NVDA.US,11.9443
2022-10-14,US67066G1040,NVDA.US,11.2123
2022-10-17,US67066G1040,NVDA.US,11.8724
2022-10-18,US67066G1040,NVDA.US,11.9513
2022-10-19,US67066G1040,NVDA.US,12.0352
2022-10-20,US67066G1040,NVDA.US,12.178
2022-10-21,US67066G1040,NVDA.US,12.4497
2022-10-24,US67066G1040,NVDA.US,12.5825
2022-10-25,US67066G1040,NVDA.US,13.2436
2022-10-26,US67066G1040,NVDA.US,12.8791
2022-10-27,US67066G1040,NVDA.US,13.1587
2022-10-28,US67066G1040,NVDA.US,13.8159
2022-10-31,US67066G1040,NVDA.US,13.4793
2022-11-01,US67066G1040,NVDA.US,13.5253
2022-11-02,US67066G1040,NVDA.US,13.2017
2022-11-03,US67066G1040,NVDA.US,13.4034
2022-11-04,US67066G1040,NVDA.US,14.1375
2022-11-07,US67066G1040,NVDA.US,14.2823
2022-11-08,US67066G1040,NVDA.US,14.5829
2022-11-09,US67066G1040,NVDA.US,13.758
2022-11-10,US67066G1040,NVDA.US,15.7294
2022-11-11,US67066G1040,NVDA.US,16.3056
2022-11-14,US67066G1040,NVDA.US,16.2737
2022-11-15,US67066G1040,NVDA.US,16.6442
2022-11-16,US67066G1040,NVDA.US,15.8892
2022-11-17,US67066G1040,NVDA.US,15.6565
2022-11-18,US67066G1040,NVDA.US,15.3888
2022-11-21,US67066G1040,NVDA.US,15.2969
2022-11-22,US67066G1040,NVDA.US,16.017
2022-11-23,US67066G1040,NVDA.US,16.4974
2022-11-25,US67066G1040,NVDA.US,16.2487
2022-11-28,US67066G1040,NVDA.US,15.8063
2022-11-29,US67066G1040,NVDA.US,15.6185
2022-11-30,US67066G1040,NVDA.US,16.9052
2022-12-01,US67066G1040,NVDA.US,17.1169
2022-12-02,US67066G1040,NVDA.US,16.8582
2022-12-05,US67066G1040,NVDA.US,16.5925
2022-12-06,US67066G1040,NVDA.US,15.9701
2022-12-07,US67066G1040,NVDA.US,16.103
2022-12-08,US67066G1040,NVDA.US,17.1509
2022-12-09,US67066G1040,NVDA.US,16.9831
2022-12-12,US67066G1040,NVDA.US,17.5165
2022-12-13,US67066G1040,NVDA.US,18.0529
2022-12-14,US67066G1040,NVDA.US,17.6554
2022-12-15,US67066G1040,NVDA.US,16.9341
2022-12-16,US67066G1040,NVDA.US,16.5535
2022-12-19,US67066G1040,NVDA.US,16.2369
2022-12-20,US67066G1040,NVDA.US,16.068
2022-12-21,US67066G1040,NVDA.US,16.4836
2022-12-22,US67066G1040,NVDA.US,15.3228
2022-12-23,US67066G1040,NVDA.US,15.19
2022-12-27,US67066G1040,NVDA.US,14.1061
2022-12-28,US67066G1040,NVDA.US,14.0212
2022-12-29,US67066G1040,NVDA.US,14.5876
2022-12-30,US67066G1040,NVDA.US,14.5986
2023-01-03,US67066G1040,NVDA.US,14.2999
2023-01-04,US67066G1040,NVDA.US,14.7335
2023-01-05,US67066G1040,NVDA.US,14.25
2023-01-06,US67066G1040,NVDA.US,14.8433
2023-01-09,US67066G1040,NVDA.US,15.6115
2023-01-10,US67066G1040,NVDA.US,15.8922
2023-01-11,US67066G1040,NVDA.US,15.9841
2023-01-12,US67066G1040,NVDA.US,16.4936
2023-01-13,US67066G1040,NVDA.US,16.8812
2023-01-17,US67066G1040,NVDA.US,17.6833
2023-01-18,US67066G1040,NVDA.US,17.3587
2023-01-19,US67066G1040,NVDA.US,16.7473
2023-01-20,US67066G1040,NVDA.US,17.8202
2023-01-23,US67066G1040,NVDA.US,19.1728
2023-01-24,US67066G1040,NVDA.US,19.2447
2023-01-25,US67066G1040,NVDA.US,19.3026
2023-01-26,US67066G1040,NVDA.US,19.7811
2023-01-27,US67066G1040,NVDA.US,20.3435
2023-01-30,US67066G1040,NVDA.US,19.1418
2023-01-31,US67066G1040,NVDA.US,19.5164
2023-02-01,US67066G1040,NVDA.US,20.9209
2023-02-02,US67066G1040,NVDA.US,21.6861
2023-02-03,US67066G1040,NVDA.US,21.0778
2023-02-06,US67066G1040,NVDA.US,21.0668
2023-02-07,US67066G1040,NVDA.US,22.1496
2023-02-08,US67066G1040,NVDA.US,22.1816
2023-02-09,US67066G1040,NVDA.US,22.3135
2023-02-10,US67066G1040,NVDA.US,21.2426
2023-02-13,US67066G1040,NVDA.US,21.765
2023-02-14,US67066G1040,NVDA.US,22.9468
2023-02-15,US67066G1040,NVDA.US,22.74
2023-02-16,US67066G1040,NVDA.US,21.9788
2023-02-17,US67066G1040,NVDA.US,21.3655
2023-02-21,US67066G1040,NVDA.US,20.6332
2023-02-22,US67066G1040,NVDA.US,20.7321
2023-02-23,US67066G1040,NVDA.US,23.6391
2023-02-24,US67066G1040,NVDA.US,23.2615
2023-02-27,US67066G1040,NVDA.US,23.4762
2023-02-28,US67066G1040,NVDA.US,23.1915
2023-03-01,US67066G1040,NVDA.US,22.6741
2023-03-02,US67066G1040,NVDA.US,23.2894
2023-03-03,US67066G1040,NVDA.US,23.8648
2023-03-06,US67066G1040,NVDA.US,23.5292
2023-03-07,US67066G1040,NVDA.US,23.2674
2023-03-08,US67066G1040,NVDA.US,24.1596
2023-03-09,US67066G1040,NVDA.US,23.4153
2023-03-10,US67066G1040,NVDA.US,22.9447
2023-03-13,US67066G1040,NVDA.US,22.9457
2023-03-14,US67066G1040,NVDA.US,24.0417
2023-03-15,US67066G1040,NVDA.US,24.2066
2023-03-16,US67066G1040,NVDA.US,25.5184
2023-03-17,US67066G1040,NVDA.US,25.7022
2023-03-20,US67066G1040,NVDA.US,25.8771
2023-03-21,US67066G1040,NVDA.US,26.1758
2023-03-22,US67066G1040,NVDA.US,26.4446
2023-03-23,US67066G1040,NVDA.US,27.167
2023-03-24,US67066G1040,NVDA.US,26.7553
2023-03-27,US67066G1040,NVDA.US,26.5075
2023-03-28,US67066G1040,NVDA.US,26.3866
2023-03-29,US67066G1040,NVDA.US,26.9601
2023-03-30,US67066G1040,NVDA.US,27.3588
2023-03-31,US67066G1040,NVDA.US,27.7524
2023-04-03,US67066G1040,NVDA.US,27.9403
2023-04-04,US67066G1040,NVDA.US,27.4287
2023-04-05,US67066G1040,NVDA.US,26.8572
2023-04-06,US67066G1040,NVDA.US,27.0131
2023-04-10,US67066G1040,NVDA.US,27.5546
2023-04-11,US67066G1040,NVDA.US,27.145
2023-04-12,US67066G1040,NVDA.US,26.4716
2023-04-13,US67066G1040,NVDA.US,26.4396
2023-04-14,US67066G1040,NVDA.US,26.7343
2023-04-17,US67066G1040,NVDA.US,26.9781
2023-04-18,US67066G1040,NVDA.US,27.6425
2023-04-19,US67066G1040,NVDA.US,27.9063
2023-04-20,US67066G1040,NVDA.US,27.08
2023-04-21,US67066G1040,NVDA.US,27.095
2023-04-24,US67066G1040,NVDA.US,27.0181
2023-04-25,US67066G1040,NVDA.US,26.2178
2023-04-26,US67066G1040,NVDA.US,26.9322
2023-04-27,US67066G1040,NVDA.US,27.2019
2023-04-28,US67066G1040,NVDA.US,27.7245
2023-05-01,US67066G1040,NVDA.US,28.8844
2023-05-02,US67066G1040,NVDA.US,28.185
2023-05-03,US67066G1040,NVDA.US,27.7774
2023-05-04,US67066G1040,NVDA.US,27.5376
2023-05-05,US67066G1040,NVDA.US,28.6546
2023-05-08,US67066G1040,NVDA.US,29.1252
2023-05-09,US67066G1040,NVDA.US,28.5457
2023-05-10,US67066G1040,NVDA.US,28.8595
2023-05-11,US67066G1040,NVDA.US,28.5527
2023-05-12,US67066G1040,NVDA.US,28.3149
2023-05-15,US67066G1040,NVDA.US,28.9274
2023-05-16,US67066G1040,NVDA.US,29.1872
2023-05-17,US67066G1040,NVDA.US,30.1513
2023-05-18,US67066G1040,NVDA.US,31.65
2023-05-19,US67066G1040,NVDA.US,31.2363
2023-05-22,US67066G1040,NVDA.US,31.1484
2023-05-23,US67066G1040,NVDA.US,30.6609
2023-05-24,US67066G1040,NVDA.US,30.511
2023-05-25,US67066G1040,NVDA.US,37.9464
2023-05-26,US67066G1040,NVDA.US,38.9116
2023-05-30,US67066G1040,NVDA.US,40.0755
2023-05-31,US67066G1040,NVDA.US,37.8005
2023-06-01,US67066G1040,NVDA.US,39.7348
2023-06-02,US67066G1040,NVDA.US,39.2922
2023-06-05,US67066G1040,NVDA.US,39.1364
2023-06-06,US67066G1040,NVDA.US,38.6198
2023-06-07,US67066G1040,NVDA.US,37.4457
2023-06-08,US67066G1040,NVDA.US,38.4799
2023-06-09,US67066G1040,NVDA.US,38.7397
2023-06-12,US67066G1040,NVDA.US,39.4512
2023-06-13,US67066G1040,NVDA.US,40.99
2023-06-14,US67066G1040,NVDA.US,42.9634
2023-06-15,US67066G1040,NVDA.US,42.6197
2023-06-16,US67066G1040,NVDA.US,42.6587
2023-06-20,US67066G1040,NVDA.US,43.7738
2023-06-21,US67066G1040,NVDA.US,43.0114
2023-06-22,US67066G1040,NVDA.US,42.9914
2023-06-23,US67066G1040,NVDA.US,42.176
2023-06-26,US67066G1040,NVDA.US,40.6003
2023-06-27,US67066G1040,NVDA.US,41.8433
2023-06-28,US67066G1040,NVDA.US,41.0849
2023-06-29,US67066G1040,NVDA.US,40.7901
2023-06-30,US67066G1040,NVDA.US,42.269
2023-07-03,US67066G1040,NVDA.US,42.3799
2023-07-05,US67066G1040,NVDA.US,42.2839
2023-07-06,US67066G1040,NVDA.US,42.0701
2023-07-07,US67066G1040,NVDA.US,42.4698
2023-07-10,US67066G1040,NVDA.US,42.1471
2023-07-11,US67066G1040,NVDA.US,42.3719
2023-07-12,US67066G1040,NVDA.US,43.8677
2023-07-13,US67066G1040,NVDA.US,45.9411
2023-07-14,US67066G1040,NVDA.US,45.4335
2023-07-17,US67066G1040,NVDA.US,46.4247
2023-07-18,US67066G1040,NVDA.US,47.4569
2023-07-19,US67066G1040,NVDA.US,47.0402
2023-07-20,US67066G1040,NVDA.US,45.4844
2023-07-21,US67066G1040,NVDA.US,44.2744
2023-07-24,US67066G1040,NVDA.US,44.5772
2023-07-25,US67066G1040,NVDA.US,45.6433
2023-07-26,US67066G1040,NVDA.US,45.4165
2023-07-27,US67066G1040,NVDA.US,45.8641
2023-07-28,US67066G1040,NVDA.US,46.7135
2023-07-31,US67066G1040,NVDA.US,46.6925
2023-08-01,US67066G1040,NVDA.US,46.4707
2023-08-02,US67066G1040,NVDA.US,44.2344
2023-08-03,US67066G1040,NVDA.US,44.4802
2023-08-04,US67066G1040,NVDA.US,44.6451
2023-08-07,US67066G1040,NVDA.US,45.381
2023-08-08,US67066G1040,NVDA.US,44.6291
2023-08-09,US67066G1040,NVDA.US,42.5208
2023-08-10,US67066G1040,NVDA.US,42.3549
2023-08-11,US67066G1040,NVDA.US,40.8231
2023-08-14,US67066G1040,NVDA.US,43.7188
2023-08-15,US67066G1040,NVDA.US,43.9057
2023-08-16,US67066G1040,NVDA.US,43.452
2023-08-17,US67066G1040,NVDA.US,43.3096
2023-08-18,US67066G1040,NVDA.US,43.2652
2023-08-21,US67066G1040,NVDA.US,46.9303
2023-08-22,US67066G1040,NVDA.US,45.6323
2023-08-23,US67066G1040,NVDA.US,47.0792
2023-08-24,US67066G1040,NVDA.US,47.1262
2023-08-25,US67066G1040,NVDA.US,45.9821
2023-08-28,US67066G1040,NVDA.US,46.7984
2023-08-29,US67066G1040,NVDA.US,48.7459
2023-08-30,US67066G1040,NVDA.US,49.2255
2023-08-31,US67066G1040,NVDA.US,49.3165
2023-09-01,US67066G1040,NVDA.US,48.4711
2023-09-05,US67066G1040,NVDA.US,48.5101
2023-09-06,US67066G1040,NVDA.US,47.0281
2023-09-07,US67066G1040,NVDA.US,46.2087
2023-09-08,US67066G1040,NVDA.US,45.5402
2023-09-11,US67066G1040,NVDA.US,45.1464
2023-09-12,US67066G1040,NVDA.US,44.8386
2023-09-13,US67066G1040,NVDA.US,45.4532
2023-09-14,US67066G1040,NVDA.US,45.5492
2023-09-15,US67066G1040,NVDA.US,43.8693
2023-09-18,US67066G1040,NVDA.US,43.9353
2023-09-19,US67066G1040,NVDA.US,43.4896
2023-09-20,US67066G1040,NVDA.US,42.2095
2023-09-21,US67066G1040,NVDA.US,40.9883
2023-09-22,US67066G1040,NVDA.US,41.5809
2023-09-25,US67066G1040,NVDA.US,42.1925
2023-09-26,US67066G1040,NVDA.US,41.8817
2023-09-27,US67066G1040,NVDA.US,42.4383
2023-09-28,US67066G1040,NVDA.US,43.0589
2023-09-29,US67066G1040,NVDA.US,43.4686
2023-10-02,US67066G1040,NVDA.US,44.7507
2023-10-03,US67066G1040,NVDA.US,43.4866
2023-10-04,US67066G1040,NVDA.US,44.0102
2023-10-05,US67066G1040,NVDA.US,44.6568
2023-10-06,US67066G1040,NVDA.US,45.73
2023-10-09,US67066G1040,NVDA.US,45.2414
2023-10-10,US67066G1040,NVDA.US,45.766
2023-10-11,US67066G1040,NVDA.US,46.7733
2023-10-12,US67066G1040,NVDA.US,46.9122
2023-10-13,US67066G1040,NVDA.US,45.4292
2023-10-16,US67066G1040,NVDA.US,46.0628
2023-10-17,US67066G1040,NVDA.US,43.9073
2023-10-18,US67066G1040,NVDA.US,42.1665
2023-10-19,US67066G1040,NVDA.US,42.0716
2023-10-20,US67066G1040,NVDA.US,41.3581
2023-10-23,US67066G1040,NVDA.US,42.945
2023-10-24,US67066G1040,NVDA.US,43.6325
2023-10-25,US67066G1040,NVDA.US,41.7498
2023-10-26,US67066G1040,NVDA.US,40.2978
2023-10-27,US67066G1040,NVDA.US,40.4717
2023-10-30,US67066G1040,NVDA.US,41.1322
2023-10-31,US67066G1040,NVDA.US,40.7515
2023-11-01,US67066G1040,NVDA.US,42.2954
2023-11-02,US67066G1040,NVDA.US,43.4756
2023-11-03,US67066G1040,NVDA.US,44.9736
2023-11-06,US67066G1040,NVDA.US,45.719
2023-11-07,US67066G1040,NVDA.US,45.9229
2023-11-08,US67066G1040,NVDA.US,46.5415
2023-11-09,US67066G1040,NVDA.US,46.9172
2023-11-10,US67066G1040,NVDA.US,48.3012
2023-11-13,US67066G1040,NVDA.US,48.586
2023-11-14,US67066G1040,NVDA.US,49.6213
2023-11-15,US67066G1040,NVDA.US,48.8538
2023-11-16,US67066G1040,NVDA.US,49.4454
2023-11-17,US67066G1040,NVDA.US,49.2636
2023-11-20,US67066G1040,NVDA.US,50.3738
2023-11-21,US67066G1040,NVDA.US,49.9091
2023-11-22,US67066G1040,NVDA.US,48.682
2023-11-24,US67066G1040,NVDA.US,47.7426
2023-11-27,US67066G1040,NVDA.US,48.2083
2023-11-28,US67066G1040,NVDA.US,47.7876
2023-11-29,US67066G1040,NVDA.US,48.1064
2023-11-30,US67066G1040,NVDA.US,46.7373
2023-12-01,US67066G1040,NVDA.US,46.7323
2023-12-04,US67066G1040,NVDA.US,45.4782
2023-12-05,US67066G1040,NVDA.US,46.5376
2023-12-06,US67066G1040,NVDA.US,45.4752
2023-12-07,US67066G1040,NVDA.US,46.5675
2023-12-08,US67066G1040,NVDA.US,47.477
2023-12-11,US67066G1040,NVDA.US,46.5985
2023-12-12,US67066G1040,NVDA.US,47.6279
2023-12-13,US67066G1040,NVDA.US,48.0586
2023-12-14,US67066G1040,NVDA.US,48.3205
2023-12-15,US67066G1040,NVDA.US,48.8601
2023-12-18,US67066G1040,NVDA.US,50.0464
2023-12-19,US67066G1040,NVDA.US,49.5737
2023-12-20,US67066G1040,NVDA.US,48.0816
2023-12-21,US67066G1040,NVDA.US,48.9601
2023-12-22,US67066G1040,NVDA.US,48.8002
2023-12-26,US67066G1040,NVDA.US,49.2489
2023-12-27,US67066G1040,NVDA.US,49.3868
2023-12-28,US67066G1040,NVDA.US,49.4917
2023-12-29,US67066G1040,NVDA.US,49.4917
2024-01-02,US67066G1040,NVDA.US,48.1386
2024-01-03,US67066G1040,NVDA.US,47.5399
2024-01-04,US67066G1040,NVDA.US,47.9687
2024-01-05,US67066G1040,NVDA.US,49.067
2024-01-08,US67066G1040,NVDA.US,52.2211
2024-01-09,US67066G1040,NVDA.US,53.1075
2024-01-10,US67066G1040,NVDA.US,54.3168
2024-01-11,US67066G1040,NVDA.US,54.7885
2024-01-12,US67066G1040,NVDA.US,54.6766
2024-01-16,US67066G1040,NVDA.US,56.3476
2024-01-17,US67066G1040,NVDA.US,56.0188
2024-01-18,US67066G1040,NVDA.US,57.0721
2024-01-19,US67066G1040,NVDA.US,59.4547
2024-01-22,US67066G1040,NVDA.US,59.6176
2024-01-23,US67066G1040,NVDA.US,59.8364
2024-01-24,US67066G1040,NVDA.US,61.3245
2024-01-25,US67066G1040,NVDA.US,61.5794
2024-01-26,US67066G1040,NVDA.US,60.9937
2024-01-29,US67066G1040,NVDA.US,62.4268
2024-01-30,US67066G1040,NVDA.US,62.7357
2024-01-31,US67066G1040,NVDA.US,61.4894
2024-02-01,US67066G1040,NVDA.US,62.9885
2024-02-02,US67066G1040,NVDA.US,66.1196
2024-02-05,US67066G1040,NVDA.US,69.2896
2024-02-06,US67066G1040,NVDA.US,68.1813
2024-02-07,US67066G1040,NVDA.US,70.0562
2024-02-08,US67066G1040,NVDA.US,69.5985
2024-02-09,US67066G1040,NVDA.US,72.0889
2024-02-12,US67066G1040,NVDA.US,72.2039
2024-02-13,US67066G1040,NVDA.US,72.0839
2024-02-14,US67066G1040,NVDA.US,73.8549
2024-02-15,US67066G1040,NVDA.US,72.6136
2024-02-16,US67066G1040,NVDA.US,72.5686
2024-02-20,US67066G1040,NVDA.US,69.4096
2024-02-21,US67066G1040,NVDA.US,67.4308
2024-02-22,US67066G1040,NVDA.US,78.49
2024-02-23,US67066G1040,NVDA.US,78.7689
2024-02-26,US67066G1040,NVDA.US,79.0437
2024-02-27,US67066G1040,NVDA.US,78.6529
2024-02-28,US67066G1040,NVDA.US,77.6156
2024-02-29,US67066G1040,NVDA.US,79.0637
2024-03-01,US67066G1040,NVDA.US,82.2287
2024-03-04,US67066G1040,NVDA.US,85.1849
2024-03-05,US67066G1040,NVDA.US,85.9155
2024-03-06,US67066G1040,NVDA.US,88.65
2024-03-07,US67066G1040,NVDA.US,92.6167
2024-03-08,US67066G1040,NVDA.US,87.4786
2024-03-11,US67066G1040,NVDA.US,85.7256
2024-03-12,US67066G1040,NVDA.US,91.8612
2024-03-13,US67066G1040,NVDA.US,90.8367
2024-03-14,US67066G1040,NVDA.US,87.8944
2024-03-15,US67066G1040,NVDA.US,87.787
2024-03-18,US67066G1040,NVDA.US,88.4051
2024-03-19,US67066G1040,NVDA.US,89.3476
2024-03-20,US67066G1040,NVDA.US,90.321
2024-03-21,US67066G1040,NVDA.US,91.3834
2024-03-22,US67066G1040,NVDA.US,94.2358
2024-03-25,US67066G1040,NVDA.US,94.9484
2024-03-26,US67066G1040,NVDA.US,92.5088
2024-03-27,US67066G1040,NVDA.US,90.1991
2024-03-28,US67066G1040,NVDA.US,90.305
2024-04-01,US67066G1040,NVDA.US,90.312
2024-04-02,US67066G1040,NVDA.US,89.4015
2024-04-03,US67066G1040,NVDA.US,88.9138
2024-04-04,US67066G1040,NVDA.US,85.8565
2024-04-05,US67066G1040,NVDA.US,87.9584
2024-04-08,US67066G1040,NVDA.US,87.0839
2024-04-09,US67066G1040,NVDA.US,85.3059
2024-04-10,US67066G1040,NVDA.US,86.9899
2024-04-11,US67066G1040,NVDA.US,90.5649
2024-04-12,US67066G1040,NVDA.US,88.1363
2024-04-15,US67066G1040,NVDA.US,85.9525
2024-04-16,US67066G1040,NVDA.US,87.3657
2024-04-17,US67066G1040,NVDA.US,83.9876
2024-04-18,US67066G1040,NVDA.US,84.6233
2024-04-19,US67066G1040,NVDA.US,76.157
2024-04-22,US67066G1040,NVDA.US,79.4732
2024-04-23,US67066G1040,NVDA.US,82.3765
2024-04-24,US67066G1040,NVDA.US,79.6321
2024-04-25,US67066G1040,NVDA.US,82.5854
2024-04-26,US67066G1040,NVDA.US,87.6855
2024-04-29,US67066G1040,NVDA.US,87.7075
2024-04-30,US67066G1040,NVDA.US,86.3533
2024-05-01,US67066G1040,NVDA.US,82.9942
2024-05-02,US67066G1040,NVDA.US,85.7686
2024-05-03,US67066G1040,NVDA.US,88.7389
2024-05-06,US67066G1040,NVDA.US,92.088
2024-05-07,US67066G1040,NVDA.US,90.5029
2024-05-08,US67066G1040,NVDA.US,90.361
2024-05-09,US67066G1040,NVDA.US,88.6969
2024-05-10,US67066G1040,NVDA.US,89.8273
2024-05-13,US67066G1040,NVDA.US,90.348
2024-05-14,US67066G1040,NVDA.US,91.3045
2024-05-15,US67066G1040,NVDA.US,94.5766
2024-05-16,US67066G1040,NVDA.US,94.3058
2024-05-17,US67066G1040,NVDA.US,92.4268
2024-05-20,US67066G1040,NVDA.US,94.7265
2024-05-21,US67066G1040,NVDA.US,95.3322
2024-05-22,US67066G1040,NVDA.US,94.8965
2024-05-23,US67066G1040,NVDA.US,103.7405
2024-05-24,US67066G1040,NVDA.US,106.409
2024-05-28,US67066G1040,NVDA.US,113.8368
2024-05-29,US67066G1040,NVDA.US,114.7602
2024-05-30,US67066G1040,NVDA.US,110.4377
2024-05-31,US67066G1040,NVDA.US,109.5712
2024-06-03,US67066G1040,NVDA.US,114.9351
2024-06-04,US67066G1040,NVDA.US,116.3713
2024-06-05,US67066G1040,NVDA.US,122.3709
2024-06-06,US67066G1040,NVDA.US,120.9298
2024-06-07,US67066G1040,NVDA.US,120.8198
2024-06-10,US67066G1040,NVDA.US,121.7213
2024-06-11,US67066G1040,NVDA.US,120.8517
2024-06-12,US67066G1040,NVDA.US,125.1397
2024-06-13,US67066G1040,NVDA.US,129.5475
2024-06-14,US67066G1040,NVDA.US,131.8164
2024-06-17,US67066G1040,NVDA.US,130.9169
2024-06-18,US67066G1040,NVDA.US,135.5147
2024-06-20,US67066G1040,NVDA.US,130.717
2024-06-21,US67066G1040,NVDA.US,126.509
2024-06-24,US67066G1040,NVDA.US,118.0531
2024-06-25,US67066G1040,NVDA.US,126.0292
2024-06-26,US67066G1040,NVDA.US,126.3391
2024-06-27,US67066G1040,NVDA.US,123.9302
2024-06-28,US67066G1040,NVDA.US,123.4805
2024-07-01,US67066G1040,NVDA.US,124.2401
2024-07-02,US67066G1040,NVDA.US,122.6109
2024-07-03,US67066G1040,NVDA.US,128.2182
2024-07-05,US67066G1040,NVDA.US,125.7694
2024-07-08,US67066G1040,NVDA.US,128.1382
2024-07-09,US67066G1040,NVDA.US,131.3167
2024-07-10,US67066G1040,NVDA.US,134.845
2024-07-11,US67066G1040,NVDA.US,127.3386
2024-07-12,US67066G1040,NVDA.US,129.1777
2024-07-15,US67066G1040,NVDA.US,128.3781
2024-07-16,US67066G1040,NVDA.US,126.2991
2024-07-17,US67066G1040,NVDA.US,117.9331
2024-07-18,US67066G1040,NVDA.US,121.0316
2024-07-19,US67066G1040,NVDA.US,117.8732
2024-07-22,US67066G1040,NVDA.US,123.4805
2024-07-23,US67066G1040,NVDA.US,122.5309
2024-07-24,US67066G1040,NVDA.US,114.1949
2024-07-25,US67066G1040,NVDA.US,112.2259
2024-07-26,US67066G1040,NVDA.US,113.0055
2024-07-29,US67066G1040,NVDA.US,111.5362
2024-07-30,US67066G1040,NVDA.US,103.68
2024-07-31,US67066G1040,NVDA.US,116.9636
2024-08-01,US67066G1040,NVDA.US,109.1574
2024-08-02,US67066G1040,NVDA.US,107.2183
2024-08-05,US67066G1040,NVDA.US,100.4016
2024-08-06,US67066G1040,NVDA.US,104.1998
2024-08-07,US67066G1040,NVDA.US,98.8623
2024-08-08,US67066G1040,NVDA.US,104.9194
2024-08-09,US67066G1040,NVDA.US,104.6995
2024-08-12,US67066G1040,NVDA.US,108.9675
2024-08-13,US67066G1040,NVDA.US,116.084
2024-08-14,US67066G1040,NVDA.US,118.0231
2024-08-15,US67066G1040,NVDA.US,122.8008
2024-08-16,US67066G1040,NVDA.US,124.52
2024-08-19,US67066G1040,NVDA.US,129.9373
2024-08-20,US67066G1040,NVDA.US,127.1887
2024-08-21,US67066G1040,NVDA.US,128.4381
2024-08-22,US67066G1040,NVDA.US,123.6804
2024-08-23,US67066G1040,NVDA.US,129.3077
2024-08-26,US67066G1040,NVDA.US,126.3991
2024-08-27,US67066G1040,NVDA.US,128.2382
2024-08-28,US67066G1040,NVDA.US,125.5495
2024-08-29,US67066G1040,NVDA.US,117.5333
2024-08-30,US67066G1040,NVDA.US,119.3125
2024-09-03,US67066G1040,NVDA.US,107.948
2024-09-04,US67066G1040,NVDA.US,106.1588
2024-09-05,US67066G1040,NVDA.US,107.1583
2024-09-06,US67066G1040,NVDA.US,102.7804
2024-09-09,US67066G1040,NVDA.US,106.4187
2024-09-10,US67066G1040,NVDA.US,108.0479
2024-09-11,US67066G1040,NVDA.US,116.8537
2024-09-12,US67066G1040,NVDA.US,119.0928
2024-09-13,US67066G1040,NVDA.US,119.0528
2024-09-16,US67066G1040,NVDA.US,116.7337
2024-09-17,US67066G1040,NVDA.US,115.5442
2024-09-18,US67066G1040,NVDA.US,113.3251
2024-09-19,US67066G1040,NVDA.US,117.8233
2024-09-20,US67066G1040,NVDA.US,115.954
2024-09-23,US67066G1040,NVDA.US,116.2139
2024-09-24,US67066G1040,NVDA.US,120.8221
2024-09-25,US67066G1040,NVDA.US,123.461
2024-09-26,US67066G1040,NVDA.US,123.9908
2024-09-27,US67066G1040,NVDA.US,121.3519
2024-09-30,US67066G1040,NVDA.US,121.3919
2024-10-01,US67066G1040,NVDA.US,116.9536
2024-10-02,US67066G1040,NVDA.US,118.8029
2024-10-03,US67066G1040,NVDA.US,122.8013
2024-10-04,US67066G1040,NVDA.US,124.8705
2024-10-07,US67066G1040,NVDA.US,127.6694
2024-10-08,US67066G1040,NVDA.US,132.8373
2024-10-09,US67066G1040,NVDA.US,132.5974
2024-10-10,US67066G1040,NVDA.US,134.7566
2024-10-11,US67066G1040,NVDA.US,134.7466
2024-10-14,US67066G1040,NVDA.US,138.0153
2024-10-15,US67066G1040,NVDA.US,131.5478
2024-10-16,US67066G1040,NVDA.US,135.6662
2024-10-17,US67066G1040,NVDA.US,136.8757
2024-10-18,US67066G1040,NVDA.US,137.9453
2024-10-21,US67066G1040,NVDA.US,143.653
2024-10-22,US67066G1040,NVDA.US,143.5331
2024-10-23,US67066G1040,NVDA.US,139.5047
2024-10-24,US67066G1040,NVDA.US,140.3543
2024-10-25,US67066G1040,NVDA.US,141.4839
2024-10-28,US67066G1040,NVDA.US,140.4643
2024-10-29,US67066G1040,NVDA.US,141.194
2024-10-30,US67066G1040,NVDA.US,139.2798
2024-10-31,US67066G1040,NVDA.US,132.7074
2024-11-01,US67066G1040,NVDA.US,135.3463
2024-11-04,US67066G1040,NVDA.US,135.9961
2024-11-05,US67066G1040,NVDA.US,139.8545
2024-11-06,US67066G1040,NVDA.US,145.5523
2024-11-07,US67066G1040,NVDA.US,148.821
2024-11-08,US67066G1040,NVDA.US,147.5715
2024-11-11,US67066G1040,NVDA.US,145.2024
2024-11-12,US67066G1040,NVDA.US,148.2312
2024-11-13,US67066G1040,NVDA.US,146.212
2024-11-14,US67066G1040,NVDA.US,146.7018
2024-11-15,US67066G1040,NVDA.US,141.9237
2024-11-18,US67066G1040,NVDA.US,140.0944
2024-11-19,US67066G1040,NVDA.US,146.9517
2024-11-20,US67066G1040,NVDA.US,145.8322
2024-11-21,US67066G1040,NVDA.US,146.6119
2024-11-22,US67066G1040,NVDA.US,141.8937
2024-11-25,US67066G1040,NVDA.US,135.9661
2024-11-26,US67066G1040,NVDA.US,136.8657
2024-11-27,US67066G1040,NVDA.US,135.2863
2024-11-29,US67066G1040,NVDA.US,138.1952
2024-12-02,US67066G1040,NVDA.US,138.575
2024-12-03,US67066G1040,NVDA.US,140.2044
2024-12-04,US67066G1040,NVDA.US,145.0825
2024-12-05,US67066G1040,NVDA.US,145.0125
2024-12-06,US67066G1040,NVDA.US,142.3933
2024-12-09,US67066G1040,NVDA.US,138.7645
2024-12-10,US67066G1040,NVDA.US,135.0258
2024-12-11,US67066G1040,NVDA.US,139.2644
2024-12-12,US67066G1040,NVDA.US,137.295
2024-12-13,US67066G1040,NVDA.US,134.206
2024-12-16,US67066G1040,NVDA.US,131.9568
2024-12-17,US67066G1040,NVDA.US,130.3473
2024-12-18,US67066G1040,NVDA.US,128.8678
2024-12-19,US67066G1040,NVDA.US,130.6372
2024-12-20,US67066G1040,NVDA.US,134.6559
2024-12-23,US67066G1040,NVDA.US,139.6242
2024-12-24,US67066G1040,NVDA.US,140.1741
2024-12-26,US67066G1040,NVDA.US,139.8842
2024-12-27,US67066G1040,NVDA.US,136.9651
2024-12-30,US67066G1040,NVDA.US,137.445
2024-12-31,US67066G1040,NVDA.US,134.246
2025-01-02,US67066G1040,NVDA.US,138.2647
2025-01-03,US67066G1040,NVDA.US,144.4227
2025-01-06,US67066G1040,NVDA.US,149.3811
2025-01-07,US67066G1040,NVDA.US,140.0941
2025-01-08,US67066G1040,NVDA.US,140.0641
2025-01-10,US67066G1040,NVDA.US,135.8655
2025-01-13,US67066G1040,NVDA.US,133.1864
2025-01-14,US67066G1040,NVDA.US,131.7168
2025-01-15,US67066G1040,NVDA.US,136.1954
2025-01-16,US67066G1040,NVDA.US,133.5262
2025-01-17,US67066G1040,NVDA.US,137.6649
2025-01-21,US67066G1040,NVDA.US,140.7839
2025-01-22,US67066G1040,NVDA.US,147.0218
2025-01-23,US67066G1040,NVDA.US,147.1718
2025-01-24,US67066G1040,NVDA.US,142.5733
2025-01-27,US67066G1040,NVDA.US,118.3812
2025-01-28,US67066G1040,NVDA.US,128.9477
2025-01-29,US67066G1040,NVDA.US,123.6595
2025-01-30,US67066G1040,NVDA.US,124.6092
2025-01-31,US67066G1040,NVDA.US,120.0307
2025-02-03,US67066G1040,NVDA.US,116.6218
2025-02-04,US67066G1040,NVDA.US,118.6111
2025-02-05,US67066G1040,NVDA.US,124.7891
2025-02-06,US67066G1040,NVDA.US,128.6378
2025-02-07,US67066G1040,NVDA.US,129.7975
2025-02-10,US67066G1040,NVDA.US,133.5262
2025-02-11,US67066G1040,NVDA.US,132.7565
2025-02-12,US67066G1040,NVDA.US,131.097
2025-02-13,US67066G1040,NVDA.US,135.2457
2025-02-14,US67066G1040,NVDA.US,138.8045
2025-02-18,US67066G1040,NVDA.US,139.3543
2025-02-19,US67066G1040,NVDA.US,139.1844
2025-02-20,US67066G1040,NVDA.US,140.0641
2025-02-21,US67066G1040,NVDA.US,134.386
2025-02-24,US67066G1040,NVDA.US,130.2373
2025-02-25,US67066G1040,NVDA.US,126.5885
2025-02-26,US67066G1040,NVDA.US,131.237
2025-02-27,US67066G1040,NVDA.US,120.1106
2025-02-28,US67066G1040,NVDA.US,124.8791
2025-03-03,US67066G1040,NVDA.US,114.0226
2025-03-04,US67066G1040,NVDA.US,115.952
2025-03-05,US67066G1040,NVDA.US,117.2616
2025-03-06,US67066G1040,NVDA.US,110.5338
2025-03-07,US67066G1040,NVDA.US,112.6531
2025-03-10,US67066G1040,NVDA.US,106.945
2025-03-11,US67066G1040,NVDA.US,108.7244
2025-03-12,US67066G1040,NVDA.US,115.7127
2025-03-13,US67066G1040,NVDA.US,115.5528
2025-03-14,US67066G1040,NVDA.US,121.6413
2025-03-17,US67066G1040,NVDA.US,119.5018
2025-03-18,US67066G1040,NVDA.US,115.4028
2025-03-19,US67066G1040,NVDA.US,117.4923
2025-03-20,US67066G1040,NVDA.US,118.5021
2025-03-21,US67066G1040,NVDA.US,117.6723
2025-03-24,US67066G1040,NVDA.US,121.3814
2025-03-25,US67066G1040,NVDA.US,120.6616
2025-03-26,US67066G1040,NVDA.US,113.7332
2025-03-27,US67066G1040,NVDA.US,111.4037
2025-03-28,US67066G1040,NVDA.US,109.6442
2025-03-31,US67066G1040,NVDA.US,108.3545
2025-04-01,US67066G1040,NVDA.US,110.124
2025-04-02,US67066G1040,NVDA.US,110.394
2025-04-03,US67066G1040,NVDA.US,101.776
2025-04-04,US67066G1040,NVDA.US,94.2878
2025-04-07,US67066G1040,NVDA.US,97.617
2025-04-08,US67066G1040,NVDA.US,96.2773
2025-04-09,US67066G1040,NVDA.US,114.3031
2025-04-10,US67066G1040,NVDA.US,107.5447
2025-04-11,US67066G1040,NVDA.US,110.9039
2025-04-14,US67066G1040,NVDA.US,110.6839
2025-04-15,US67066G1040,NVDA.US,112.1736
2025-04-16,US67066G1040,NVDA.US,104.4654
2025-04-17,US67066G1040,NVDA.US,101.4661
2025-04-21,US67066G1040,NVDA.US,96.8872
2025-04-22,US67066G1040,NVDA.US,98.8667
2025-04-23,US67066G1040,NVDA.US,102.6858
2025-04-24,US67066G1040,NVDA.US,106.4049
2025-04-25,US67066G1040,NVDA.US,110.9838
2025-04-28,US67066G1040,NVDA.US,108.7044
2025-04-29,US67066G1040,NVDA.US,108.9943
2025-04-30,US67066G1040,NVDA.US,108.8943
2025-05-01,US67066G1040,NVDA.US,111.5837
2025-05-02,US67066G1040,NVDA.US,114.473
2025-05-05,US67066G1040,NVDA.US,113.7932
2025-05-06,US67066G1040,NVDA.US,113.5132
2025-05-07,US67066G1040,NVDA.US,117.0324
2025-05-08,US67066G1040,NVDA.US,117.3423
2025-05-09,US67066G1040,NVDA.US,116.6225
2025-05-12,US67066G1040,NVDA.US,122.971
2025-05-13,US67066G1040,NVDA.US,129.8994
2025-05-14,US67066G1040,NVDA.US,135.3081
2025-05-15,US67066G1040,NVDA.US,134.7982
2025-05-16,US67066G1040,NVDA.US,135.3681
2025-05-19,US67066G1040,NVDA.US,135.5381
2025-05-20,US67066G1040,NVDA.US,134.3483
2025-05-21,US67066G1040,NVDA.US,131.7689
2025-05-22,US67066G1040,NVDA.US,132.7987
2025-05-23,US67066G1040,NVDA.US,131.2591
2025-05-27,US67066G1040,NVDA.US,135.4681
2025-05-28,US67066G1040,NVDA.US,134.7782
2025-05-29,US67066G1040,NVDA.US,139.1572
2025-05-30,US67066G1040,NVDA.US,135.0982
2025-06-02,US67066G1040,NVDA.US,137.3476
2025-06-03,US67066G1040,NVDA.US,141.1867
2025-06-04,US67066G1040,NVDA.US,141.8866
2025-06-05,US67066G1040,NVDA.US,139.957
2025-06-06,US67066G1040,NVDA.US,141.6866
2025-06-09,US67066G1040,NVDA.US,142.5964
2025-06-10,US67066G1040,NVDA.US,143.9261
2025-06-11,US67066G1040,NVDA.US,142.8063
2025-06-12,US67066G1040,NVDA.US,144.9759
2025-06-13,US67066G1040,NVDA.US,141.9464
2025-06-16,US67066G1040,NVDA.US,144.666
2025-06-17,US67066G1040,NVDA.US,144.096
2025-06-18,US67066G1040,NVDA.US,145.4558
2025-06-20,US67066G1040,NVDA.US,143.8261
2025-06-23,US67066G1040,NVDA.US,144.146
2025-06-24,US67066G1040,NVDA.US,147.8754
2025-06-25,US67066G1040,NVDA.US,154.2844
2025-06-26,US67066G1040,NVDA.US,154.9942
2025-06-27,US67066G1040,NVDA.US,157.7238
2025-06-30,US67066G1040,NVDA.US,157.9637
2025-07-01,US67066G1040,NVDA.US,153.2745
2025-07-02,US67066G1040,NVDA.US,157.2239
2025-07-03,US67066G1040,NVDA.US,159.3135
2025-07-07,US67066G1040,NVDA.US,158.2137
2025-07-08,US67066G1040,NVDA.US,159.9734
2025-07-09,US67066G1040,NVDA.US,162.8529
2025-07-10,US67066G1040,NVDA.US,164.0727
2025-07-11,US67066G1040,NVDA.US,164.8926
2025-07-14,US67066G1040,NVDA.US,164.0427
2025-07-15,US67066G1040,NVDA.US,170.6716
2025-07-16,US67066G1040,NVDA.US,171.3415
2025-07-17,US67066G1040,NVDA.US,172.9712
2025-07-18,US67066G1040,NVDA.US,172.3813
2025-07-21,US67066G1040,NVDA.US,171.3515
2025-07-22,US67066G1040,NVDA.US,167.0022
2025-07-23,US67066G1040,NVDA.US,170.7516
2025-07-24,US67066G1040,NVDA.US,173.7111
2025-07-25,US67066G1040,NVDA.US,173.4712
2025-07-28,US67066G1040,NVDA.US,176.7206
2025-07-29,US67066G1040,NVDA.US,175.4808
2025-07-30,US67066G1040,NVDA.US,179.2402
2025-07-31,US67066G1040,NVDA.US,177.8404
2025-08-01,US67066G1040,NVDA.US,173.6911
2025-08-04,US67066G1040,NVDA.US,179.9701
2025-08-05,US67066G1040,NVDA.US,178.2304
2025-08-06,US67066G1040,NVDA.US,179.3902
2025-08-07,US67066G1040,NVDA.US,180.74
2025-08-08,US67066G1040,NVDA.US,182.6696
2025-08-11,US67066G1040,NVDA.US,182.0297
2025-08-12,US67066G1040,NVDA.US,183.1296
2025-08-13,US67066G1040,NVDA.US,181.5598
2025-08-14,US67066G1040,NVDA.US,181.9898
2025-08-15,US67066G1040,NVDA.US,180.42
2025-08-18,US67066G1040,NVDA.US,181.9798
2025-08-19,US67066G1040,NVDA.US,175.6108
2025-08-20,US67066G1040,NVDA.US,175.3709
2025-08-21,US67066G1040,NVDA.US,174.9509
2025-08-22,US67066G1040,NVDA.US,177.9604
2025-08-25,US67066G1040,NVDA.US,179.7801
2025-08-26,US67066G1040,NVDA.US,181.7398
2025-08-27,US67066G1040,NVDA.US,181.5698
2025-08-28,US67066G1040,NVDA.US,180.1401
2025-08-29,US67066G1040,NVDA.US,174.1511
2025-09-02,US67066G1040,NVDA.US,170.7516
2025-09-03,US67066G1040,NVDA.US,170.5916
2025-09-04,US67066G1040,NVDA.US,171.6315
2025-09-05,US67066G1040,NVDA.US,166.9922
2025-09-08,US67066G1040,NVDA.US,168.282
2025-09-09,US67066G1040,NVDA.US,170.7316
2025-09-10,US67066G1040,NVDA.US,177.3005
2025-09-11,US67066G1040,NVDA.US,177.1505
2025-09-12,US67066G1040,NVDA.US,177.8005
2025-09-15,US67066G1040,NVDA.US,177.7305
2025-09-16,US67066G1040,NVDA.US,174.8608
2025-09-17,US67066G1040,NVDA.US,170.2713
2025-09-18,US67066G1040,NVDA.US,176.2206
2025-09-19,US67066G1040,NVDA.US,176.6506
2025-09-22,US67066G1040,NVDA.US,183.5898
2025-09-23,US67066G1040,NVDA.US,178.4104
2025-09-24,US67066G1040,NVDA.US,176.9506
2025-09-25,US67066G1040,NVDA.US,177.6705
2025-09-26,US67066G1040,NVDA.US,178.1704
2025-09-29,US67066G1040,NVDA.US,181.83
2025-09-30,US67066G1040,NVDA.US,186.5595
2025-10-01,US67066G1040,NVDA.US,187.2194
2025-10-02,US67066G1040,NVDA.US,188.8693
2025-10-03,US67066G1040,NVDA.US,187.5994
2025-10-06,US67066G1040,NVDA.US,185.5196
2025-10-07,US67066G1040,NVDA.US,185.0197
2025-10-08,US67066G1040,NVDA.US,189.0892
2025-10-09,US67066G1040,NVDA.US,192.5489
2025-10-10,US67066G1040,NVDA.US,183.1399
2025-10-13,US67066G1040,NVDA.US,188.2993
2025-10-14,US67066G1040,NVDA.US,180.0102
2025-10-15,US67066G1040,NVDA.US,179.8103
2025-10-16,US67066G1040,NVDA.US,181.79
2025-10-17,US67066G1040,NVDA.US,183.1999
2025-10-20,US67066G1040,NVDA.US,182.6199
2025-10-21,US67066G1040,NVDA.US,181.1401
2025-10-22,US67066G1040,NVDA.US,180.2602
2025-10-23,US67066G1040,NVDA.US,182.14
2025-10-24,US67066G1040,NVDA.US,186.2395
2025-10-27,US67066G1040,NVDA.US,191.469
2025-10-28,US67066G1040,NVDA.US,201.0079
2025-10-29,US67066G1040,NVDA.US,207.0173
2025-10-30,US67066G1040,NVDA.US,202.8677
2025-10-31,US67066G1040,NVDA.US,202.4678
2025-11-03,US67066G1040,NVDA.US,206.8573
2025-11-04,US67066G1040,NVDA.US,198.6682
2025-11-05,US67066G1040,NVDA.US,195.1886
2025-11-06,US67066G1040,NVDA.US,188.0593
2025-11-07,US67066G1040,NVDA.US,188.1293
2025-11-10,US67066G1040,NVDA.US,199.0281
2025-11-11,US67066G1040,NVDA.US,193.1388
2025-11-12,US67066G1040,NVDA.US,193.7787
2025-11-13,US67066G1040,NVDA.US,186.8395
2025-11-14,US67066G1040,NVDA.US,190.1491
2025-11-17,US67066G1040,NVDA.US,186.5795
2025-11-18,US67066G1040,NVDA.US,181.3401
2025-11-19,US67066G1040,NVDA.US,186.4995
2025-11-20,US67066G1040,NVDA.US,180.6202
2025-11-21,US67066G1040,NVDA.US,178.8604
2025-11-24,US67066G1040,NVDA.US,182.53
2025-11-25,US67066G1040,NVDA.US,177.8005
2025-11-26,US67066G1040,NVDA.US,180.2402
2025-11-28,US67066G1040,NVDA.US,176.9806
2025-12-01,US67066G1040,NVDA.US,179.9002
2025-12-02,US67066G1040,NVDA.US,181.4401
2025-12-03,US67066G1040,NVDA.US,179.5703
2025-12-04,US67066G1040,NVDA.US,183.3701
2025-12-05,US67066G1040,NVDA.US,182.4001
2025-12-08,US67066G1040,NVDA.US,185.54
2025-12-09,US67066G1040,NVDA.US,184.96
2025-12-10,US67066G1040,NVDA.US,183.7701
2025-12-11,US67066G1040,NVDA.US,180.9202
2025-12-12,US67066G1040,NVDA.US,175.0105
2025-12-15,US67066G1040,NVDA.US,176.2805
2025-12-16,US67066G1040,NVDA.US,177.7104
2025-12-17,US67066G1040,NVDA.US,170.9307
2025-12-18,US67066G1040,NVDA.US,174.1306
2025-12-19,US67066G1040,NVDA.US,180.9802
2025-12-22,US67066G1040,NVDA.US,183.6801
2025-12-23,US67066G1040,NVDA.US,189.1998
2025-12-24,US67066G1040,NVDA.US,188.5998
2025-12-26,US67066G1040,NVDA.US,190.5197
2025-12-29,US67066G1040,NVDA.US,188.2098
2025-12-30,US67066G1040,NVDA.US,187.5299
2025-12-31,US67066G1040,NVDA.US,186.4899
2026-01-02,US67066G1040,NVDA.US,188.8398
2026-01-05,US67066G1040,NVDA.US,188.1098
2026-01-06,US67066G1040,NVDA.US,187.2299
2026-01-07,US67066G1040,NVDA.US,189.0998
2026-01-08,US67066G1040,NVDA.US,185.03
2026-01-09,US67066G1040,NVDA.US,184.85
2026-01-12,US67066G1040,NVDA.US,184.93
2026-01-13,US67066G1040,NVDA.US,185.7999
2026-01-14,US67066G1040,NVDA.US,183.1301
2026-01-15,US67066G1040,NVDA.US,187.0399
2026-01-16,US67066G1040,NVDA.US,186.2199
2026-01-20,US67066G1040,NVDA.US,178.0604
2026-01-21,US67066G1040,NVDA.US,183.3101
2026-01-22,US67066G1040,NVDA.US,184.83
2026-01-23,US67066G1040,NVDA.US,187.6598
2026-01-26,US67066G1040,NVDA.US,186.4599
2026-01-27,US67066G1040,NVDA.US,188.5098
2026-01-28,US67066G1040,NVDA.US,191.5096
2026-01-29,US67066G1040,NVDA.US,192.4996
2026-01-30,US67066G1040,NVDA.US,191.1197
2026-02-02,US67066G1040,NVDA.US,185.6
2026-02-03,US67066G1040,NVDA.US,180.3302
2026-02-04,US67066G1040,NVDA.US,174.1806
2026-02-05,US67066G1040,NVDA.US,171.8707
2026-02-06,US67066G1040,NVDA.US,185.4
2026-02-09,US67066G1040,NVDA.US,190.0297
2026-02-10,US67066G1040,NVDA.US,188.5298
2026-02-11,US67066G1040,NVDA.US,190.0397
2026-02-12,US67066G1040,NVDA.US,186.9299
2026-02-13,US67066G1040,NVDA.US,182.8001
2026-02-17,US67066G1040,NVDA.US,184.96
2026-02-18,US67066G1040,NVDA.US,187.9698
2026-02-19,US67066G1040,NVDA.US,187.8898
2026-02-20,US67066G1040,NVDA.US,189.8097
2026-02-23,US67066G1040,NVDA.US,191.5396
2026-02-24,US67066G1040,NVDA.US,192.8396
2026-02-25,US67066G1040,NVDA.US,195.5494
2026-02-26,US67066G1040,NVDA.US,184.88
2026-02-27,US67066G1040,NVDA.US,177.1804
2026-03-02,US67066G1040,NVDA.US,182.4701
2026-03-03,US67066G1040,NVDA.US,180.0403
2026-03-04,US67066G1040,NVDA.US,183.0301
2026-03-05,US67066G1040,NVDA.US,183.3301
2026-03-06,US67066G1040,NVDA.US,177.8104
2026-03-09,US67066G1040,NVDA.US,182.6401
2026-03-10,US67066G1040,NVDA.US,184.76
2026-03-11,US67066G1040,NVDA.US,186.03
2026-03-12,US67066G1040,NVDA.US,183.14
2026-03-13,US67066G1040,NVDA.US,180.25
2026-03-16,US67066G1040,NVDA.US,183.22
2026-03-17,US67066G1040,NVDA.US,181.93
2026-03-18,US67066G1040,NVDA.US,180.4
2026-03-19,US67066G1040,NVDA.US,178.56
2026-03-20,US67066G1040,NVDA.US,172.7
2026-03-23,US67066G1040,NVDA.US,175.64
2026-03-24,US67066G1040,NVDA.US,175.2
2026-03-25,US67066G1040,NVDA.US,178.68
2026-03-26,US67066G1040,NVDA.US,171.24
2026-03-27,US67066G1040,NVDA.US,167.52
2026-03-30,US67066G1040,NVDA.US,165.17
2026-03-31,US67066G1040,NVDA.US,174.4
2026-04-01,US67066G1040,NVDA.US,175.75
2026-04-02,US67066G1040,NVDA.US,177.39
2026-04-06,US67066G1040,NVDA.US,177.64
2026-04-07,US67066G1040,NVDA.US,178.1
2026-04-08,US67066G1040,NVDA.US,182.08
2026-04-09,US67066G1040,NVDA.US,183.91
2026-04-10,US67066G1040,NVDA.US,188.63
2026-04-13,US67066G1040,NVDA.US,189.31
2026-04-14,US67066G1040,NVDA.US,196.51
2026-04-15,US67066G1040,NVDA.US,198.87
2026-04-16,US67066G1040,NVDA.US,198.35
2026-04-17,US67066G1040,NVDA.US,201.68
2026-04-20,US67066G1040,NVDA.US,202.06
2026-04-21,US67066G1040,NVDA.US,199.88
2026-04-22,US67066G1040,NVDA.US,202.5
2026-04-23,US67066G1040,NVDA.US,199.64
2026-04-24,US67066G1040,NVDA.US,208.27
