fetch_date,isin,ticker,expiry,type,strike,last_price,bid,ask,iv,volume,open_interest
2026-05-02,CH0432492467,ALC,2026-05-15,call,60.0,23.35,0.0,0.0,1.0000000000000003e-05,,0
2026-05-02,CH0432492467,ALC,2026-05-15,call,65.0,18.8,0.0,0.0,1.0000000000000003e-05,,0
2026-05-02,CH0432492467,ALC,2026-05-15,call,67.5,16.6,0.0,0.0,1.0000000000000003e-05,,0
2026-05-02,CH0432492467,ALC,2026-05-15,call,70.0,5.61,4.9,5.4,0.5170946728515625,1,2
2026-05-02,CH0432492467,ALC,2026-05-15,call,72.5,3.8,3.3,3.6,0.4770560107421875,15,21
2026-05-02,CH0432492467,ALC,2026-05-15,call,75.0,2.35,1.1,2.45,0.495122236328125,9,1729
2026-05-02,CH0432492467,ALC,2026-05-15,call,77.5,1.3,1.15,1.55,0.4978077563476563,24,252
2026-05-02,CH0432492467,ALC,2026-05-15,call,80.0,0.94,0.55,0.85,0.481450498046875,3,64
2026-05-02,CH0432492467,ALC,2026-05-15,call,82.5,0.46,0.25,0.6,0.5214891601562499,2,77
2026-05-02,CH0432492467,ALC,2026-05-15,call,85.0,0.1,0.05,0.4,0.5463912548828126,218,326
2026-05-02,CH0432492467,ALC,2026-05-15,call,87.5,1.19,0.0,0.35,0.5195360546875,4,12
2026-05-02,CH0432492467,ALC,2026-05-15,call,90.0,0.17,0.0,0.3,0.570316796875,1,45
2026-05-02,CH0432492467,ALC,2026-05-15,call,92.5,2.55,0.0,0.0,0.2500075,,0
2026-05-02,CH0432492467,ALC,2026-05-15,call,95.0,1.2,0.0,0.0,0.2500075,28,0
2026-05-02,CH0432492467,ALC,2026-05-15,call,100.0,1.0,0.0,0.0,0.2500075,2,0
2026-05-02,CH0432492467,ALC,2026-05-15,call,105.0,0.9,0.0,2.75,1.4677760986328123,1,1
2026-05-02,CH0432492467,ALC,2026-05-15,call,110.0,0.15,0.0,0.0,0.500005,1,0
2026-05-02,CH0432492467,ALC,2026-05-15,call,115.0,0.55,0.0,2.45,1.6650407373046878,,19
2026-05-02,CH0432492467,ALC,2026-05-15,put,55.0,0.13,0.0,0.25,0.8183611914062499,1,3
2026-05-02,CH0432492467,ALC,2026-05-15,put,60.0,0.18,0.05,0.35,0.6699251757812501,1,8
2026-05-02,CH0432492467,ALC,2026-05-15,put,65.0,0.25,0.25,0.6,0.5576216113281252,1,72
2026-05-02,CH0432492467,ALC,2026-05-15,put,67.5,1.0,0.5,0.8,0.5048877636718749,36,60
2026-05-02,CH0432492467,ALC,2026-05-15,put,70.0,1.75,1.0,1.4,0.5356491748046875,17,45
2026-05-02,CH0432492467,ALC,2026-05-15,put,72.5,1.8,1.8,2.2,0.5112353564453125,11,62
2026-05-02,CH0432492467,ALC,2026-05-15,put,75.0,2.85,3.0,3.5,0.5192919165039063,10,2267
2026-05-02,CH0432492467,ALC,2026-05-15,put,77.5,5.9,4.5,5.1,0.5239305419921875,2,88
2026-05-02,CH0432492467,ALC,2026-05-15,put,80.0,2.65,6.1,7.0,0.5351608984375,1,107
2026-05-02,CH0432492467,ALC,2026-05-15,put,82.5,4.6,8.0,9.3,0.5986368261718751,8,73
2026-05-02,CH0432492467,ALC,2026-05-15,put,85.0,6.1,10.2,11.7,0.6694368994140626,4,94
2026-05-02,CH0432492467,ALC,2026-05-15,put,87.5,6.5,0.0,0.0,1.0000000000000003e-05,13,0
2026-05-02,CH0432492467,ALC,2026-05-15,put,90.0,6.1,0.0,0.0,1.0000000000000003e-05,14,0
2026-05-02,CH0432492467,ALC,2026-05-15,put,95.0,9.5,0.0,0.0,1.0000000000000003e-05,,0
2026-05-02,CH0432492467,ALC,2026-05-15,put,100.0,13.5,0.0,0.0,1.0000000000000003e-05,,0
2026-05-02,CH0432492467,ALC,2026-06-18,call,60.0,16.6,21.4,25.1,1.5921651251220699,,14
2026-05-02,CH0432492467,ALC,2026-06-18,call,65.0,15.0,12.8,13.3,0.7651390673828126,1,3
2026-05-02,CH0432492467,ALC,2026-06-18,call,67.5,11.5,16.1,16.9,1.2753942480468747,,3
2026-05-02,CH0432492467,ALC,2026-06-18,call,70.0,5.2,5.9,6.5,0.3973448937988281,10,36
2026-05-02,CH0432492467,ALC,2026-06-18,call,72.5,4.7,4.3,4.7,0.3635317553710938,12,29
2026-05-02,CH0432492467,ALC,2026-06-18,call,75.0,3.5,3.0,3.4,0.35608554077148435,4,200
2026-05-02,CH0432492467,ALC,2026-06-18,call,77.5,2.3,1.85,2.35,0.3481510498046875,1,321
2026-05-02,CH0432492467,ALC,2026-06-18,call,80.0,1.21,1.3,1.55,0.340826904296875,1,69
2026-05-02,CH0432492467,ALC,2026-06-18,call,82.5,0.75,0.8,1.05,0.3442448388671875,1,163
2026-05-02,CH0432492467,ALC,2026-06-18,call,85.0,0.68,0.45,0.75,0.35547519531249994,1,329
2026-05-02,CH0432492467,ALC,2026-06-18,call,87.5,1.45,0.25,0.5,0.3591372680664062,11,51
2026-05-02,CH0432492467,ALC,2026-06-18,call,90.0,0.32,0.15,0.4,0.37964487548828124,2,77
2026-05-02,CH0432492467,ALC,2026-06-18,call,92.5,3.1,0.0,0.0,0.12500875,,0
2026-05-02,CH0432492467,ALC,2026-06-18,call,95.0,0.45,0.05,0.25,0.41211525390625,2,78
2026-05-02,CH0432492467,ALC,2026-06-18,call,100.0,1.4,0.0,0.0,0.2500075,2,0
2026-05-02,CH0432492467,ALC,2026-06-18,call,105.0,0.35,0.1,0.75,0.5952188916015625,1,2
2026-05-02,CH0432492467,ALC,2026-06-18,call,110.0,0.6,0.0,0.4,0.570316796875,10,10
2026-05-02,CH0432492467,ALC,2026-06-18,call,115.0,0.46,0.3,0.55,0.7104521142578125,2,1
2026-05-02,CH0432492467,ALC,2026-06-18,call,120.0,0.37,0.0,0.45,0.6816438085937502,2,3
2026-05-02,CH0432492467,ALC,2026-06-18,put,40.0,0.2,0.0,0.25,0.8339860351562498,2,3
2026-05-02,CH0432492467,ALC,2026-06-18,put,42.5,0.31,0.0,0.35,0.8027363476562499,2,3
2026-05-02,CH0432492467,ALC,2026-06-18,put,45.0,0.42,0.15,0.75,0.8745129736328124,1,1
2026-05-02,CH0432492467,ALC,2026-06-18,put,47.5,0.52,0.0,0.75,0.76367423828125,2,0
2026-05-02,CH0432492467,ALC,2026-06-18,put,50.0,0.63,0.0,0.8,0.6992217578125001,40,91
2026-05-02,CH0432492467,ALC,2026-06-18,put,55.0,0.28,0.1,0.3,0.5229539892578124,20,114
2026-05-02,CH0432492467,ALC,2026-06-18,put,60.0,1.64,0.6,1.05,0.5190477783203125,4,21
2026-05-02,CH0432492467,ALC,2026-06-18,put,65.0,0.8,0.05,0.9,0.38403936279296874,21,119
2026-05-02,CH0432492467,ALC,2026-06-18,put,67.5,1.37,1.15,1.3,0.36157864990234373,20,57
2026-05-02,CH0432492467,ALC,2026-06-18,put,70.0,1.8,1.75,1.95,0.3491276025390625,47,111
2026-05-02,CH0432492467,ALC,2026-06-18,put,72.5,2.55,2.65,2.95,0.34839518798828123,19,128
2026-05-02,CH0432492467,ALC,2026-06-18,put,75.0,3.75,3.8,4.1,0.3365544860839844,58,113
2026-05-02,CH0432492467,ALC,2026-06-18,put,77.5,4.6,5.3,5.6,0.33264827514648443,1,174
2026-05-02,CH0432492467,ALC,2026-06-18,put,80.0,7.15,6.9,7.4,0.33447931152343746,8,87
2026-05-02,CH0432492467,ALC,2026-06-18,put,82.5,7.55,8.6,9.6,0.3618227880859375,2,50
2026-05-02,CH0432492467,ALC,2026-06-18,put,85.0,8.1,5.7,6.3,1.0000000000000003e-05,13,56
2026-05-02,CH0432492467,ALC,2026-06-18,put,87.5,7.1,0.0,0.0,1.0000000000000003e-05,1,0
2026-05-02,CH0432492467,ALC,2026-06-18,put,90.0,15.7,15.2,16.6,0.4382380395507813,8,24
2026-05-02,CH0432492467,ALC,2026-08-21,call,77.5,3.4,3.7,4.1,0.33728690063476563,12,13
2026-05-02,CH0432492467,ALC,2026-08-21,call,80.0,2.5,2.8,3.2,0.33374689697265625,7,34
2026-05-02,CH0432492467,ALC,2026-08-21,call,82.5,3.7,2.05,2.4,0.32642275146484373,22,49
2026-05-02,CH0432492467,ALC,2026-08-21,call,85.0,2.2,1.6,1.8,0.3227606787109374,1,15
2026-05-02,CH0432492467,ALC,2026-08-21,call,87.5,1.25,1.15,1.35,0.3215399877929687,2,48
2026-05-02,CH0432492467,ALC,2026-08-21,call,90.0,0.9,0.75,1.05,0.3254461987304687,2,66
2026-05-02,CH0432492467,ALC,2026-08-21,call,92.5,1.1,0.5,0.85,0.33301448242187504,1,0
2026-05-02,CH0432492467,ALC,2026-08-21,call,95.0,0.55,0.35,0.65,0.334967587890625,1,18
2026-05-02,CH0432492467,ALC,2026-08-21,call,100.0,0.8,0.15,0.45,0.35205726074218746,2,32
2026-05-02,CH0432492467,ALC,2026-08-21,call,110.0,1.0,0.2,0.95,0.5124560473632812,,5
2026-05-02,CH0432492467,ALC,2026-08-21,put,50.0,0.3,0.15,0.45,0.46973186523437505,1,3
2026-05-02,CH0432492467,ALC,2026-08-21,put,55.0,0.42,0.35,0.65,0.4116269775390625,1,3
2026-05-02,CH0432492467,ALC,2026-08-21,put,60.0,1.1,0.75,1.1,0.37305314453125,11,12
2026-05-02,CH0432492467,ALC,2026-08-21,put,65.0,1.5,1.35,1.75,0.32923034057617184,56,129
2026-05-02,CH0432492467,ALC,2026-08-21,put,67.5,2.05,2.15,2.4,0.3217841259765625,2,17
2026-05-02,CH0432492467,ALC,2026-08-21,put,70.0,2.55,2.95,3.2,0.3133613586425781,5,20
2026-05-02,CH0432492467,ALC,2026-08-21,put,72.5,4.3,1.9,2.4,0.19348951049804688,9,34
2026-05-02,CH0432492467,ALC,2026-08-21,put,75.0,3.0,5.0,5.4,0.299811689453125,2,92
2026-05-02,CH0432492467,ALC,2026-08-21,put,77.5,4.33,6.4,6.8,0.2934640966796874,4,10
2026-05-02,CH0432492467,ALC,2026-08-21,put,80.0,8.9,8.0,8.5,0.2941965112304687,17,48
2026-05-02,CH0432492467,ALC,2026-08-21,put,82.5,9.3,5.5,6.1,1.0000000000000003e-05,14,16
2026-05-02,CH0432492467,ALC,2026-08-21,put,85.0,6.8,0.0,0.0,1.0000000000000003e-05,,0
2026-05-02,CH0432492467,ALC,2026-08-21,put,87.5,14.0,13.4,14.5,0.29834686035156244,2,31
2026-05-02,CH0432492467,ALC,2026-08-21,put,90.0,16.1,15.5,17.0,0.32959654785156245,10,18
2026-05-02,CH0432492467,ALC,2026-11-20,call,75.0,8.7,6.6,7.2,0.34564863342285157,,3
2026-05-02,CH0432492467,ALC,2026-11-20,call,95.0,3.1,1.2,1.55,0.32117378051757806,1,1
2026-05-02,CH0432492467,ALC,2026-12-18,call,45.0,34.75,36.5,41.5,1.198368265991211,1,1
2026-05-02,CH0432492467,ALC,2026-12-18,call,60.0,18.8,20.5,21.1,0.59570716796875,,3
2026-05-02,CH0432492467,ALC,2026-12-18,call,75.0,12.8,0.0,0.0,0.0039162109375,1,0
2026-05-02,CH0432492467,ALC,2026-12-18,call,77.5,9.45,11.9,12.9,0.588993367919922,25,26
2026-05-02,CH0432492467,ALC,2026-12-18,call,80.0,8.9,10.4,11.5,0.5653119641113282,4,11
2026-05-02,CH0432492467,ALC,2026-12-18,call,82.5,7.8,9.2,10.3,0.5497481549072267,4,20
2026-05-02,CH0432492467,ALC,2026-12-18,call,85.0,6.9,8.2,8.8,0.5293626165771486,8,20
2026-05-02,CH0432492467,ALC,2026-12-18,call,87.5,5.02,5.4,7.9,0.5340622766113281,10,95
2026-05-02,CH0432492467,ALC,2026-12-18,call,90.0,4.26,4.5,5.2,0.44287666503906253,10,94
2026-05-02,CH0432492467,ALC,2026-12-18,call,92.5,3.6,3.7,4.5,0.4359187268066406,5,38
2026-05-02,CH0432492467,ALC,2026-12-18,call,95.0,2.2,1.45,1.8,0.31677929321289056,2,15
2026-05-02,CH0432492467,ALC,2026-12-18,call,100.0,1.5,0.9,1.25,0.3178779150390625,1,9
2026-05-02,CH0432492467,ALC,2026-12-18,put,37.5,0.35,0.0,1.3,0.5634809277343751,2,64
2026-05-02,CH0432492467,ALC,2026-12-18,put,40.0,0.5,0.1,0.65,0.5173388110351562,35,154
2026-05-02,CH0432492467,ALC,2026-12-18,put,42.5,0.35,0.1,1.25,0.5600629931640625,30,322
2026-05-02,CH0432492467,ALC,2026-12-18,put,45.0,0.5,0.15,0.8,0.4555718505859375,,40
2026-05-02,CH0432492467,ALC,2026-12-18,put,47.5,0.55,0.5,0.95,0.4343318286132813,50,111
2026-05-02,CH0432492467,ALC,2026-12-18,put,50.0,1.0,0.45,1.0,0.39990834472656256,128,130
2026-05-02,CH0432492467,ALC,2026-12-18,put,55.0,1.2,0.9,1.1,0.3332586206054688,5,155
2026-05-02,CH0432492467,ALC,2026-12-18,put,60.0,1.85,0.65,2.0,0.32471378417968744,20,26
2026-05-02,CH0432492467,ALC,2026-12-18,put,65.0,2.9,2.8,3.1,0.30408410766601557,1,62
2026-05-02,CH0432492467,ALC,2026-12-18,put,67.5,3.5,2.05,4.2,0.3129951513671875,2,18
2026-05-02,CH0432492467,ALC,2026-12-18,put,70.0,4.5,2.6,4.5,0.2778392529296875,10,105
2026-05-02,CH0432492467,ALC,2026-12-18,put,72.5,5.4,5.4,5.7,0.27857166748046874,10,76
2026-05-02,CH0432492467,ALC,2026-12-18,put,75.0,6.5,6.6,6.9,0.2726513165283203,5,70
2026-05-02,CH0432492467,ALC,2026-12-18,put,77.5,7.8,7.9,8.3,0.26892820922851557,10,71
2026-05-02,CH0432492467,ALC,2026-12-18,put,80.0,9.2,9.4,9.9,0.26758544921875,10,140
2026-05-02,CH0432492467,ALC,2026-12-18,put,82.5,10.2,7.1,7.8,1.0000000000000003e-05,16,171
2026-05-02,CH0432492467,ALC,2026-12-18,put,85.0,7.2,0.0,0.0,1.0000000000000003e-05,59,0
2026-05-02,CH0432492467,ALC,2026-12-18,put,87.5,8.5,0.0,0.0,1.0000000000000003e-05,26,0
2026-05-02,CH0432492467,ALC,2026-12-18,put,90.0,9.8,0.0,0.0,1.0000000000000003e-05,51,0
2026-05-02,CH0432492467,ALC,2026-12-18,put,92.5,11.3,0.0,0.0,1.0000000000000003e-05,18,0
2026-05-02,CH0432492467,ALC,2027-01-15,call,60.0,24.33,22.4,25.5,0.7200955725097657,40,42
2026-05-02,CH0432492467,ALC,2027-01-15,call,65.0,20.33,18.5,20.3,0.624027197265625,40,42
2026-05-02,CH0432492467,ALC,2027-01-15,call,67.5,16.5,0.0,0.0,1.0000000000000003e-05,1,0
2026-05-02,CH0432492467,ALC,2027-01-15,call,70.0,12.61,10.3,10.9,0.36084623535156246,1,2
2026-05-02,CH0432492467,ALC,2027-01-15,call,72.5,16.39,0.0,0.0,1.0000000000000003e-05,2,0
2026-05-02,CH0432492467,ALC,2027-01-15,call,75.0,15.5,0.0,0.0,0.0039162109375,,0
2026-05-02,CH0432492467,ALC,2027-01-15,call,80.0,7.87,5.4,5.9,0.3306341351318359,1,7
2026-05-02,CH0432492467,ALC,2027-01-15,call,82.5,5.7,4.5,5.0,0.32642275146484373,5,6
2026-05-02,CH0432492467,ALC,2027-01-15,call,85.0,6.71,3.7,4.2,0.3221503332519531,4,470
2026-05-02,CH0432492467,ALC,2027-01-15,call,87.5,5.4,5.9,8.1,0.512578116455078,7,13
2026-05-02,CH0432492467,ALC,2027-01-15,call,90.0,3.4,2.5,2.9,0.31439894592285156,2,150
2026-05-02,CH0432492467,ALC,2027-01-15,call,92.5,4.0,4.1,6.7,0.506840869140625,4,26
2026-05-02,CH0432492467,ALC,2027-01-15,call,95.0,4.2,3.4,4.1,0.41602146484374997,19,51
2026-05-02,CH0432492467,ALC,2027-01-15,call,100.0,1.9,1.1,1.45,0.3138496350097656,5,41
2026-05-02,CH0432492467,ALC,2027-01-15,call,105.0,2.55,2.55,2.95,0.436529072265625,,95
2026-05-02,CH0432492467,ALC,2027-01-15,put,37.5,0.35,0.15,0.45,0.49170430175781255,1,3
2026-05-02,CH0432492467,ALC,2027-01-15,put,40.0,0.59,0.0,0.65,0.4887746435546876,2,3
2026-05-02,CH0432492467,ALC,2027-01-15,put,42.5,0.7,0.5,0.85,0.477544287109375,,4
2026-05-02,CH0432492467,ALC,2027-01-15,put,45.0,0.5,0.0,0.0,0.12500875,,0
2026-05-02,CH0432492467,ALC,2027-01-15,put,50.0,0.56,0.0,0.0,0.12500875,26,0
2026-05-02,CH0432492467,ALC,2027-01-15,put,55.0,0.8,0.0,0.0,0.062509375,65,0
2026-05-02,CH0432492467,ALC,2027-01-15,put,60.0,2.0,0.8,2.15,0.31604687866210934,83,93
2026-05-02,CH0432492467,ALC,2027-01-15,put,65.0,2.2,2.95,3.3,0.2971261694335937,1,107
2026-05-02,CH0432492467,ALC,2027-01-15,put,67.5,2.15,0.0,0.0,0.0312596875,,0
2026-05-02,CH0432492467,ALC,2027-01-15,put,70.0,5.65,4.8,6.2,0.3350896569824219,1,4
2026-05-02,CH0432492467,ALC,2027-01-15,put,72.5,5.5,5.6,6.0,0.27539787109374997,1,29
2026-05-02,CH0432492467,ALC,2027-01-15,put,75.0,6.6,6.8,7.2,0.2695385546875,1,5
2026-05-02,CH0432492467,ALC,2027-01-15,put,77.5,8.0,8.1,8.5,0.26203130554199217,1,7
2026-05-02,CH0432492467,ALC,2027-01-15,put,80.0,9.2,9.5,10.2,0.2651440673828125,1,54
2026-05-02,CH0432492467,ALC,2027-01-15,put,82.5,8.1,11.2,11.7,0.2543409527587891,10,20
2026-05-02,CH0432492467,ALC,2027-01-15,put,85.0,7.2,0.0,0.0,1.0000000000000003e-05,11,0
2026-05-02,CH0432492467,ALC,2027-01-15,put,95.0,18.5,23.2,25.4,0.43420975952148444,,19
2026-05-02,CH0432492467,ALC,2027-06-17,call,65.0,17.2,22.4,23.3,0.6204261590576172,1,3
2026-05-02,CH0432492467,ALC,2027-06-17,call,70.0,16.8,17.0,20.6,0.5540205731201173,,1
2026-05-02,CH0432492467,ALC,2027-06-17,call,77.5,10.0,6.9,9.4,0.34491621887207036,3,3
2026-05-02,CH0432492467,ALC,2027-06-17,call,80.0,8.9,5.9,8.3,0.3388127642822265,8,68
2026-05-02,CH0432492467,ALC,2027-06-17,call,82.5,7.4,4.9,7.3,0.3333196551513672,3,16
2026-05-02,CH0432492467,ALC,2027-06-17,call,85.0,6.5,4.0,6.4,0.3284979260253906,4,21
2026-05-02,CH0432492467,ALC,2027-06-17,call,87.5,5.7,3.3,5.7,0.32776551147460936,4,55
2026-05-02,CH0432492467,ALC,2027-06-17,call,90.0,7.36,4.4,5.0,0.32471378417968744,2,135
2026-05-02,CH0432492467,ALC,2027-06-17,call,95.0,4.45,3.3,3.8,0.31873239868164055,8,25
2026-05-02,CH0432492467,ALC,2027-06-17,call,100.0,4.96,3.5,8.2,0.5060474200439453,,10
2026-05-02,CH0432492467,ALC,2027-06-17,call,120.0,2.05,1.4,3.0,0.4221859539794922,2,3
2026-05-02,CH0432492467,ALC,2027-06-17,put,37.5,0.65,0.35,0.75,0.43579665771484377,2,54
2026-05-02,CH0432492467,ALC,2027-06-17,put,40.0,0.75,0.0,0.0,0.12500875,,1
2026-05-02,CH0432492467,ALC,2027-06-17,put,42.5,1.0,0.05,1.25,0.4194393994140625,,10
2026-05-02,CH0432492467,ALC,2027-06-17,put,45.0,1.1,0.9,1.25,0.3845276391601562,,13
2026-05-02,CH0432492467,ALC,2027-06-17,put,47.5,1.1,0.05,1.25,0.3513248461914062,10,15
2026-05-02,CH0432492467,ALC,2027-06-17,put,50.0,1.39,0.05,1.45,0.33460138061523437,5,23
2026-05-02,CH0432492467,ALC,2027-06-17,put,55.0,1.93,1.2,1.95,0.30286341674804684,,29
2026-05-02,CH0432492467,ALC,2027-06-17,put,60.0,2.38,2.9,3.4,0.3082954913330078,3,78
2026-05-02,CH0432492467,ALC,2027-06-17,put,65.0,3.44,3.0,4.8,0.29315892395019527,1,129
2026-05-02,CH0432492467,ALC,2027-06-17,put,67.5,4.06,3.0,5.6,0.28436994934082027,1,21
2026-05-02,CH0432492467,ALC,2027-06-17,put,70.0,4.77,4.0,6.6,0.2791820129394531,2,91
2026-05-02,CH0432492467,ALC,2027-06-17,put,72.5,6.8,5.0,8.1,0.2868723657226562,3,46
2026-05-02,CH0432492467,ALC,2027-06-17,put,75.0,8.7,6.2,10.5,0.31940377868652337,1,130
2026-05-02,CH0432492467,ALC,2027-06-17,put,77.5,10.0,7.5,11.9,0.3162299822998046,1,175
2026-05-02,CH0432492467,ALC,2027-06-17,put,80.0,11.55,8.9,12.7,0.2909616802978515,2,81
2026-05-02,CH0432492467,ALC,2027-06-17,put,82.5,9.9,10.4,14.3,0.28815409118652335,1,35
2026-05-02,CH0432492467,ALC,2027-06-17,put,85.0,11.21,12.0,14.6,0.2381667980957031,,1
2026-05-02,CH0432492467,ALC,2027-06-17,put,90.0,17.64,12.8,13.8,1.0000000000000003e-05,1,25
2026-05-02,CH0432492467,ALC,2027-12-17,call,67.5,21.9,20.1,22.1,0.5263108892822266,1,1
2026-05-02,CH0432492467,ALC,2027-12-17,call,70.0,16.3,19.0,21.5,0.5025684509277344,5,5
2026-05-02,CH0432492467,ALC,2027-12-17,call,77.5,15.45,15.9,17.2,0.49658706542968756,3,1
2026-05-02,CH0432492467,ALC,2027-12-17,call,82.5,14.0,12.5,17.0,0.5356491748046875,,5
2026-05-02,CH0432492467,ALC,2027-12-17,call,85.0,11.6,7.1,11.8,0.41736422485351554,,48
2026-05-02,CH0432492467,ALC,2027-12-17,call,87.5,8.2,7.1,7.9,0.3327093096923829,,10
2026-05-02,CH0432492467,ALC,2027-12-17,call,90.0,7.4,6.4,7.1,0.32874206420898433,3,26
2026-05-02,CH0432492467,ALC,2027-12-17,call,95.0,9.0,7.0,11.9,0.4909108526611329,,25
2026-05-02,CH0432492467,ALC,2027-12-17,call,100.0,4.6,4.0,4.7,0.3203803314208984,,5
2026-05-02,CH0432492467,ALC,2027-12-17,call,105.0,3.9,3.2,3.9,0.3202582623291015,1,16
2026-05-02,CH0432492467,ALC,2027-12-17,put,37.5,0.9,0.6,2.1,0.47986359985351557,,30
2026-05-02,CH0432492467,ALC,2027-12-17,put,40.0,1.05,0.0,0.0,0.12500875,1,1
2026-05-02,CH0432492467,ALC,2027-12-17,put,45.0,1.44,0.6,2.95,0.4239559558105469,,1
2026-05-02,CH0432492467,ALC,2027-12-17,put,50.0,1.5,0.8,2.3,0.32556826782226556,1,5
2026-05-02,CH0432492467,ALC,2027-12-17,put,55.0,2.31,2.65,3.2,0.3075630767822265,,1
2026-05-02,CH0432492467,ALC,2027-12-17,put,60.0,3.48,2.35,4.4,0.2924875439453124,1,74
2026-05-02,CH0432492467,ALC,2027-12-17,put,65.0,5.6,3.1,5.8,0.27503166381835936,30,80
2026-05-02,CH0432492467,ALC,2027-12-17,put,67.5,5.92,4.0,6.7,0.26892820922851557,5,40
2026-05-02,CH0432492467,ALC,2027-12-17,put,70.0,5.91,7.0,7.6,0.26044440734863283,3,45
2026-05-02,CH0432492467,ALC,2027-12-17,put,72.5,8.6,6.0,8.7,0.2550733673095704,1,105
2026-05-02,CH0432492467,ALC,2027-12-17,put,75.0,9.8,9.2,9.9,0.2498243963623047,3,17
2026-05-02,CH0432492467,ALC,2027-12-17,put,77.5,11.1,10.5,11.2,0.24463645996093752,1,78
2026-05-02,CH0432492467,ALC,2027-12-17,put,80.0,12.5,11.9,13.0,0.25012956909179684,1,33
2026-05-02,CH0432492467,ALC,2027-12-17,put,82.5,12.41,13.3,15.8,0.28009753112792957,1,23
2026-05-02,CH0432492467,ALC,2027-12-17,put,85.0,13.52,14.9,17.5,0.27887684020996095,1,43
2026-05-02,CH0432492467,ALC,2027-12-17,put,87.5,13.64,16.6,19.3,0.27838856384277344,1,40
2026-05-02,CH0432492467,ALC,2027-12-17,put,95.0,20.0,20.3,21.5,0.14270876831054688,5,5
2026-05-02,CH0432492467,ALC,2028-01-21,call,45.0,37.04,38.4,41.5,0.7658714819335939,,16
2026-05-02,CH0432492467,ALC,2028-01-21,call,60.0,22.6,21.0,22.7,0.42175871215820315,2,101
2026-05-02,CH0432492467,ALC,2028-01-21,call,65.0,21.95,23.0,25.5,0.543247975769043,1,11
2026-05-02,CH0432492467,ALC,2028-01-21,call,67.5,20.32,0.0,0.0,1.0000000000000003e-05,,0
2026-05-02,CH0432492467,ALC,2028-01-21,call,72.5,17.31,16.3,20.0,0.5088550091552735,10,10
2026-05-02,CH0432492467,ALC,2028-01-21,call,75.0,16.6,11.3,13.3,0.3549869189453124,27,177
2026-05-02,CH0432492467,ALC,2028-01-21,call,77.5,15.9,16.1,17.5,0.4905446453857423,,2
2026-05-02,CH0432492467,ALC,2028-01-21,call,80.0,11.97,10.2,11.0,0.3435124243164062,1,42
2026-05-02,CH0432492467,ALC,2028-01-21,call,82.5,17.37,0.0,0.0,0.015634843750000002,2,0
2026-05-02,CH0432492467,ALC,2028-01-21,call,85.0,11.19,6.6,9.1,0.33600517517089845,1,25
2026-05-02,CH0432492467,ALC,2028-01-21,call,87.5,10.35,8.0,13.0,0.45523616058349614,10,10
2026-05-02,CH0432492467,ALC,2028-01-21,call,90.0,9.4,7.0,12.0,0.4471185659790039,35,35
2026-05-02,CH0432492467,ALC,2028-01-21,call,92.5,6.68,6.0,6.7,0.3248968878173828,,33
2026-05-02,CH0432492467,ALC,2028-01-21,call,95.0,5.8,5.4,6.1,0.32367619689941396,10,80
2026-05-02,CH0432492467,ALC,2028-01-21,call,100.0,6.28,4.3,5.0,0.3201361932373046,1,17
2026-05-02,CH0432492467,ALC,2028-01-21,call,110.0,4.98,2.8,3.4,0.316840327758789,1,21
2026-05-02,CH0432492467,ALC,2028-01-21,call,115.0,2.2,2.2,2.8,0.31555860229492183,2,3
2026-05-02,CH0432492467,ALC,2028-01-21,call,120.0,4.8,0.0,0.0,0.062509375,,0
2026-05-02,CH0432492467,ALC,2028-01-21,put,55.0,2.8,0.0,0.0,0.062509375,,1
2026-05-02,CH0432492467,ALC,2028-01-21,put,70.0,6.1,4.0,7.7,0.25586681640625003,1,2
2026-05-02,CH0432492467,ALC,2028-01-21,put,72.5,8.1,6.1,8.9,0.25318129638671877,13,14
2026-05-02,CH0432492467,ALC,2028-01-21,put,75.0,9.1,9.3,10.0,0.24536887451171874,2,6
2026-05-02,CH0432492467,ALC,2028-01-21,put,77.5,10.5,10.6,11.3,0.24030300720214842,1,57
2026-05-02,CH0432492467,ALC,2028-01-21,put,80.0,11.02,12.0,12.6,0.23279575805664063,1,12
2026-05-02,CH0432492467,ALC,2028-01-21,put,82.5,12.47,13.4,14.2,0.2304764453125,1,53
2026-05-02,CH0432492467,ALC,2028-01-21,put,85.0,13.86,15.0,16.9,0.255164919128418,1,43
2026-05-02,CH0432492467,ALC,2028-01-21,put,87.5,14.13,16.7,19.2,0.26782958740234375,1,42
2026-05-02,CH0432492467,ALC,2028-01-21,put,90.0,18.9,18.4,21.0,0.2655102746582031,1,42
2026-05-02,US0079031078,AMD,2026-05-08,call,40.0,321.8,318.6,322.4,8.859379462890626,10,170
2026-05-02,US0079031078,AMD,2026-05-08,call,70.0,269.7,288.45,291.7,6.028322777099609,1,1
2026-05-02,US0079031078,AMD,2026-05-08,call,75.0,272.45,283.85,286.75,5.818362102050782,1,1
2026-05-02,US0079031078,AMD,2026-05-08,call,80.0,266.89,278.85,281.75,5.583010833740234,1,1
2026-05-02,US0079031078,AMD,2026-05-08,call,90.0,267.97,268.85,271.75,5.158206677246094,3,4
2026-05-02,US0079031078,AMD,2026-05-08,call,95.0,235.66,263.85,266.7,4.929691337890624,1,2
2026-05-02,US0079031078,AMD,2026-05-08,call,100.0,257.48,258.85,261.8,4.814457106933593,2,7
2026-05-02,US0079031078,AMD,2026-05-08,call,105.0,255.35,253.85,256.8,4.639652637939454,2,16
2026-05-02,US0079031078,AMD,2026-05-08,call,110.0,242.55,248.95,251.8,4.473637220458983,10,16
2026-05-02,US0079031078,AMD,2026-05-08,call,115.0,203.52,243.5,246.8,4.31543429321289,5,11
2026-05-02,US0079031078,AMD,2026-05-08,call,120.0,227.88,238.95,241.8,4.165043856201171,12,5
2026-05-02,US0079031078,AMD,2026-05-08,call,125.0,235.41,233.55,236.8,4.020512786865234,5,2
2026-05-02,US0079031078,AMD,2026-05-08,call,130.0,222.24,228.95,231.8,3.881836232910157,10,18
2026-05-02,US0079031078,AMD,2026-05-08,call,135.0,217.39,223.9,226.8,3.7490240649414064,1,6
2026-05-02,US0079031078,AMD,2026-05-08,call,140.0,207.65,218.95,221.8,3.621094697265625,10,13
2026-05-02,US0079031078,AMD,2026-05-08,call,145.0,216.36,214.15,216.8,3.4980481298828128,1,21
2026-05-02,US0079031078,AMD,2026-05-08,call,150.0,208.08,208.9,211.8,3.378907802734375,17,31
2026-05-02,US0079031078,AMD,2026-05-08,call,155.0,197.64,203.9,206.55,3.144533388671875,1,38
2026-05-02,US0079031078,AMD,2026-05-08,call,160.0,201.37,198.9,201.8,3.1528341491699217,3,35
2026-05-02,US0079031078,AMD,2026-05-08,call,165.0,192.91,193.95,196.8,3.0449242626953126,5,51
2026-05-02,US0079031078,AMD,2026-05-08,call,170.0,188.33,189.0,191.85,2.9609400976562497,8,61
2026-05-02,US0079031078,AMD,2026-05-08,call,175.0,180.25,184.0,186.85,2.858401291503906,3,76
2026-05-02,US0079031078,AMD,2026-05-08,call,180.0,178.5,178.95,181.85,2.7592804455566404,3,64
2026-05-02,US0079031078,AMD,2026-05-08,call,185.0,173.2,174.0,176.85,2.66260099975586,8,49
2026-05-02,US0079031078,AMD,2026-05-08,call,190.0,167.7,169.05,171.75,2.5322302319335934,1,211
2026-05-02,US0079031078,AMD,2026-05-08,call,195.0,152.68,164.0,166.85,2.47656630859375,2,63
2026-05-02,US0079031078,AMD,2026-05-08,call,200.0,160.55,159.55,161.8,1.71484517578125,9,193
2026-05-02,US0079031078,AMD,2026-05-08,call,205.0,155.7,154.05,157.05,1.2812535937499998,11,207
2026-05-02,US0079031078,AMD,2026-05-08,call,210.0,150.49,149.05,151.55,2.112309406738281,24,278
2026-05-02,US0079031078,AMD,2026-05-08,call,215.0,145.48,144.05,146.75,2.0991258459472655,68,284
2026-05-02,US0079031078,AMD,2026-05-08,call,217.5,140.0,141.6,144.1,2.00928232055664,9,5
2026-05-02,US0079031078,AMD,2026-05-08,call,220.0,139.67,139.05,141.65,1.986328193359375,113,332
2026-05-02,US0079031078,AMD,2026-05-08,call,222.5,131.77,136.1,139.15,1.9467776098632816,2,18
2026-05-02,US0079031078,AMD,2026-05-08,call,225.0,134.25,134.05,136.5,1.8583991455078124,70,1027
2026-05-02,US0079031078,AMD,2026-05-08,call,230.0,130.04,129.65,131.75,1.3671906640625,134,544
2026-05-02,US0079031078,AMD,2026-05-08,call,232.5,128.51,126.4,129.45,1.876953740234375,3,15
2026-05-02,US0079031078,AMD,2026-05-08,call,235.0,126.33,124.1,126.95,1.8383797143554683,11,646
2026-05-02,US0079031078,AMD,2026-05-08,call,240.0,120.05,119.1,122.15,1.16016044921875,75,1352
2026-05-02,US0079031078,AMD,2026-05-08,call,242.5,118.8,117.15,119.45,1.3017613037109372,19,15
2026-05-02,US0079031078,AMD,2026-05-08,call,245.0,115.82,114.35,117.0,1.1679729101562502,44,759
2026-05-02,US0079031078,AMD,2026-05-08,call,247.5,112.4,111.6,114.45,1.6489275366210938,12,14
2026-05-02,US0079031078,AMD,2026-05-08,call,250.0,110.0,110.0,111.85,1.2832067089843748,233,1401
2026-05-02,US0079031078,AMD,2026-05-08,call,252.5,108.13,106.65,109.55,0.9882813671875,31,11
2026-05-02,US0079031078,AMD,2026-05-08,call,255.0,105.39,104.15,106.55,1.4409207641601562,63,1190
2026-05-02,US0079031078,AMD,2026-05-08,call,257.5,92.67,101.7,104.55,0.9765627343750001,2,79
2026-05-02,US0079031078,AMD,2026-05-08,call,260.0,98.87,99.8,101.6,1.0273486132812502,38,1129
2026-05-02,US0079031078,AMD,2026-05-08,call,262.5,99.45,96.8,99.65,1.01953615234375,14,37
2026-05-02,US0079031078,AMD,2026-05-08,call,265.0,95.29,94.4,97.1,1.009770576171875,61,447
2026-05-02,US0079031078,AMD,2026-05-08,call,267.5,93.35,91.9,94.6,0.98242205078125,15,32
2026-05-02,US0079031078,AMD,2026-05-08,call,270.0,91.04,90.0,91.65,0.99804689453125,106,1091
2026-05-02,US0079031078,AMD,2026-05-08,call,272.5,87.68,86.9,89.8,0.98242205078125,2,85
2026-05-02,US0079031078,AMD,2026-05-08,call,275.0,86.0,85.55,86.9,1.0893600219726562,78,542
2026-05-02,US0079031078,AMD,2026-05-08,call,277.5,74.68,81.95,84.9,0.9589847851562499,11,91
2026-05-02,US0079031078,AMD,2026-05-08,call,280.0,80.59,80.35,82.35,1.0610398510742187,220,1747
2026-05-02,US0079031078,AMD,2026-05-08,call,282.5,77.2,77.25,80.0,0.9692385888671875,6,254
2026-05-02,US0079031078,AMD,2026-05-08,call,285.0,76.26,75.6,76.9,0.973633076171875,82,780
2026-05-02,US0079031078,AMD,2026-05-08,call,287.5,71.25,72.2,74.65,0.8466812207031249,3,161
2026-05-02,US0079031078,AMD,2026-05-08,call,290.0,72.0,70.5,72.2,0.9372564868164062,140,1531
2026-05-02,US0079031078,AMD,2026-05-08,call,292.5,68.77,67.55,70.0,0.8896495410156249,30,995
2026-05-02,US0079031078,AMD,2026-05-08,call,295.0,66.26,65.05,67.95,0.9077157666015624,78,299
2026-05-02,US0079031078,AMD,2026-05-08,call,297.5,63.2,63.35,66.05,0.993164130859375,5,152
2026-05-02,US0079031078,AMD,2026-05-08,call,300.0,62.1,61.05,62.7,0.9104012866210938,386,1329
2026-05-02,US0079031078,AMD,2026-05-08,call,302.5,56.64,57.9,60.2,0.8237322314453124,7,146
2026-05-02,US0079031078,AMD,2026-05-08,call,305.0,57.5,56.45,57.85,0.8852550537109375,120,713
2026-05-02,US0079031078,AMD,2026-05-08,call,307.5,55.04,53.75,56.4,0.9064950756835937,45,210
2026-05-02,US0079031078,AMD,2026-05-08,call,310.0,52.7,51.7,54.15,0.9118661157226562,394,850
2026-05-02,US0079031078,AMD,2026-05-08,call,312.5,50.82,49.25,51.3,0.8596205444335938,7,213
2026-05-02,US0079031078,AMD,2026-05-08,call,315.0,49.1,47.85,49.3,0.9057626611328125,31,502
2026-05-02,US0079031078,AMD,2026-05-08,call,317.5,46.4,45.0,47.1,0.866212275390625,18,260
2026-05-02,US0079031078,AMD,2026-05-08,call,320.0,44.3,42.95,44.65,0.8513198461914062,332,1552
2026-05-02,US0079031078,AMD,2026-05-08,call,322.5,42.45,41.05,42.9,0.870118486328125,232,840
2026-05-02,US0079031078,AMD,2026-05-08,call,325.0,39.57,39.6,41.2,0.9018564501953125,126,934
2026-05-02,US0079031078,AMD,2026-05-08,call,327.5,37.02,37.4,39.25,0.8911143701171874,31,696
2026-05-02,US0079031078,AMD,2026-05-08,call,330.0,35.2,35.75,36.55,0.8712171081542968,407,1173
2026-05-02,US0079031078,AMD,2026-05-08,call,332.5,32.68,33.8,34.85,0.8728040063476561,601,381
2026-05-02,US0079031078,AMD,2026-05-08,call,335.0,32.4,31.95,32.95,0.8677991735839843,336,888
2026-05-02,US0079031078,AMD,2026-05-08,call,337.5,30.52,30.0,31.0,0.8554701953125,588,469
2026-05-02,US0079031078,AMD,2026-05-08,call,340.0,28.45,28.5,29.35,0.8627943408203125,667,1803
2026-05-02,US0079031078,AMD,2026-05-08,call,342.5,26.51,26.65,27.7,0.8564467480468749,196,317
2026-05-02,US0079031078,AMD,2026-05-08,call,345.0,26.05,25.4,26.05,0.8638929626464844,362,1119
2026-05-02,US0079031078,AMD,2026-05-08,call,347.5,24.05,23.85,24.5,0.8625502026367188,250,467
2026-05-02,US0079031078,AMD,2026-05-08,call,350.0,22.76,22.45,22.85,0.8594984753417969,2337,3699
2026-05-02,US0079031078,AMD,2026-05-08,call,352.5,21.25,21.0,21.55,0.8612074426269531,1362,1586
2026-05-02,US0079031078,AMD,2026-05-08,call,355.0,20.05,19.7,20.2,0.862428133544922,6104,832
2026-05-02,US0079031078,AMD,2026-05-08,call,357.5,18.66,18.4,18.9,0.8619398571777344,1817,323
2026-05-02,US0079031078,AMD,2026-05-08,call,360.0,17.5,17.2,17.65,0.8623060644531251,11869,3116
2026-05-02,US0079031078,AMD,2026-05-08,call,362.5,16.3,16.0,16.5,0.8623060644531251,1372,1902
2026-05-02,US0079031078,AMD,2026-05-08,call,365.0,15.17,14.95,15.4,0.8643812390136718,6626,950
2026-05-02,US0079031078,AMD,2026-05-08,call,367.5,13.95,13.9,14.35,0.8648695153808592,4387,235
2026-05-02,US0079031078,AMD,2026-05-08,call,370.0,13.0,12.9,13.3,0.8638929626464844,5525,3335
2026-05-02,US0079031078,AMD,2026-05-08,call,372.5,12.0,12.0,12.45,0.8677991735839843,356,1036
2026-05-02,US0079031078,AMD,2026-05-08,call,375.0,11.3,11.1,11.45,0.865113653564453,1834,1128
2026-05-02,US0079031078,AMD,2026-05-08,call,377.5,10.45,10.3,10.75,0.870240555419922,460,1121
2026-05-02,US0079031078,AMD,2026-05-08,call,380.0,9.79,9.55,9.95,0.8715833154296875,4169,5056
2026-05-02,US0079031078,AMD,2026-05-08,call,382.5,9.05,8.8,9.25,0.8730481445312499,3773,343
2026-05-02,US0079031078,AMD,2026-05-08,call,385.0,8.2,8.2,8.5,0.8747571118164061,2643,531
2026-05-02,US0079031078,AMD,2026-05-08,call,387.5,7.68,7.5,7.85,0.873902628173828,446,62
2026-05-02,US0079031078,AMD,2026-05-08,call,390.0,7.0,6.95,7.35,0.8795178063964844,1345,519
2026-05-02,US0079031078,AMD,2026-05-08,call,392.5,6.85,6.35,6.75,0.8782971154785155,160,225
2026-05-02,US0079031078,AMD,2026-05-08,call,395.0,6.1,5.85,6.2,0.8792736682128905,769,382
2026-05-02,US0079031078,AMD,2026-05-08,call,397.5,5.65,5.4,5.65,0.8795178063964844,81,158
2026-05-02,US0079031078,AMD,2026-05-08,call,400.0,5.1,5.0,5.2,0.8825695336914061,10810,6576
2026-05-02,US0079031078,AMD,2026-05-08,call,402.5,4.7,4.6,4.85,0.8868419519042967,325,142
2026-05-02,US0079031078,AMD,2026-05-08,call,405.0,4.33,4.2,4.45,0.8874522973632811,1200,229
2026-05-02,US0079031078,AMD,2026-05-08,call,407.5,3.9,3.9,4.2,0.8952647192382811,731,267
2026-05-02,US0079031078,AMD,2026-05-08,call,410.0,3.5,3.55,3.8,0.893555751953125,618,482
2026-05-02,US0079031078,AMD,2026-05-08,call,412.5,3.34,3.25,3.45,0.8936778210449219,191,88
2026-05-02,US0079031078,AMD,2026-05-08,call,415.0,3.15,3.0,3.25,0.9003916210937499,426,440
2026-05-02,US0079031078,AMD,2026-05-08,call,417.5,2.86,2.72,2.97,0.9003916210937499,110,222
2026-05-02,US0079031078,AMD,2026-05-08,call,420.0,2.62,2.51,2.71,0.9027109338378907,585,995
2026-05-02,US0079031078,AMD,2026-05-08,call,422.5,2.15,2.25,2.49,0.9025888647460938,121,136
2026-05-02,US0079031078,AMD,2026-05-08,call,425.0,2.11,2.07,2.3,0.9064950756835937,349,276
2026-05-02,US0079031078,AMD,2026-05-08,call,430.0,1.85,1.69,1.93,0.9082040429687499,626,3063
2026-05-02,US0079031078,AMD,2026-05-08,call,435.0,1.55,1.47,1.65,0.918946123046875,317,364
2026-05-02,US0079031078,AMD,2026-05-08,call,440.0,1.28,1.23,1.38,0.9233406103515626,702,537
2026-05-02,US0079031078,AMD,2026-05-08,call,445.0,1.07,1.01,1.15,0.9257819921875,184,388
2026-05-02,US0079031078,AMD,2026-05-08,call,450.0,0.91,0.88,0.94,0.9321295849609376,796,2887
2026-05-02,US0079031078,AMD,2026-05-08,call,460.0,0.64,0.57,0.7,0.9414068359375,249,166
2026-05-02,US0079031078,AMD,2026-05-08,call,470.0,0.42,0.43,0.52,0.9614261669921874,113,335
2026-05-02,US0079031078,AMD,2026-05-08,call,480.0,0.27,0.31,0.4,0.9794923925781251,88,320
2026-05-02,US0079031078,AMD,2026-05-08,call,490.0,0.24,0.21,0.29,0.9882813671875,36,197
2026-05-02,US0079031078,AMD,2026-05-08,call,500.0,0.18,0.17,0.23,1.013676806640625,588,1360
2026-05-02,US0079031078,AMD,2026-05-08,call,510.0,0.16,0.09,0.17,1.01172369140625,7,83
2026-05-02,US0079031078,AMD,2026-05-08,call,520.0,0.09,0.09,0.17,1.0605515722656251,88,356
2026-05-02,US0079031078,AMD,2026-05-08,call,530.0,0.08,0.08,0.1,1.0644578027343752,103,229
2026-05-02,US0079031078,AMD,2026-05-08,call,540.0,0.05,0.03,0.1,1.0742233789062503,14,49
2026-05-02,US0079031078,AMD,2026-05-08,call,550.0,0.05,0.03,0.09,1.1054732226562503,39,126
2026-05-02,US0079031078,AMD,2026-05-08,call,560.0,0.06,0.01,0.09,1.12891060546875,23,30
2026-05-02,US0079031078,AMD,2026-05-08,call,570.0,0.04,0.03,0.05,1.1445355273437499,164,211
2026-05-02,US0079031078,AMD,2026-05-08,call,580.0,0.04,0.01,0.05,1.15234798828125,10,97
2026-05-02,US0079031078,AMD,2026-05-08,call,590.0,0.04,0.01,0.04,1.171879140625,10,8
2026-05-02,US0079031078,AMD,2026-05-08,call,600.0,0.03,0.02,0.03,1.203128984375,91,1247
2026-05-02,US0079031078,AMD,2026-05-08,put,40.0,0.02,0.0,0.01,4.62500421875,1,16
2026-05-02,US0079031078,AMD,2026-05-08,put,90.0,0.01,0.0,0.05,3.281251796875,1,10
2026-05-02,US0079031078,AMD,2026-05-08,put,100.0,0.02,0.0,0.05,3.031252421875,1,14
2026-05-02,US0079031078,AMD,2026-05-08,put,105.0,0.02,0.0,0.05,2.9218776953125003,3,11
2026-05-02,US0079031078,AMD,2026-05-08,put,110.0,0.01,0.0,0.05,2.81250296875,1,41
2026-05-02,US0079031078,AMD,2026-05-08,put,115.0,0.02,0.0,0.05,2.718753203125,1,17
2026-05-02,US0079031078,AMD,2026-05-08,put,120.0,0.01,0.0,0.04,2.56250359375,1,153
2026-05-02,US0079031078,AMD,2026-05-08,put,125.0,0.03,0.0,0.05,2.5312536718749996,1,95
2026-05-02,US0079031078,AMD,2026-05-08,put,130.0,0.01,0.0,0.05,2.43750390625,20,205
2026-05-02,US0079031078,AMD,2026-05-08,put,135.0,0.01,0.0,0.05,2.3437541406249993,20,117
2026-05-02,US0079031078,AMD,2026-05-08,put,140.0,0.02,0.0,0.04,2.2187544531249994,15,84
2026-05-02,US0079031078,AMD,2026-05-08,put,145.0,0.02,0.0,0.05,2.1875045312499997,90,255
2026-05-02,US0079031078,AMD,2026-05-08,put,150.0,0.01,0.0,0.07,2.1718795703125,91,5357
2026-05-02,US0079031078,AMD,2026-05-08,put,155.0,0.01,0.0,0.05,2.031254921875,19,1042
2026-05-02,US0079031078,AMD,2026-05-08,put,160.0,0.01,0.0,0.01,1.71875140625,19,241
2026-05-02,US0079031078,AMD,2026-05-08,put,165.0,0.02,0.01,0.06,1.9453127734375002,1,1782
2026-05-02,US0079031078,AMD,2026-05-08,put,170.0,0.01,0.01,0.04,1.8203133984375,50,1040
2026-05-02,US0079031078,AMD,2026-05-08,put,175.0,0.03,0.01,0.06,1.8046884765624998,21,445
2026-05-02,US0079031078,AMD,2026-05-08,put,180.0,0.03,0.01,0.05,1.71875140625,3,3358
2026-05-02,US0079031078,AMD,2026-05-08,put,185.0,0.03,0.01,0.06,1.671876640625,16,1179
2026-05-02,US0079031078,AMD,2026-05-08,put,190.0,0.03,0.01,0.06,1.609376953125,15,964
2026-05-02,US0079031078,AMD,2026-05-08,put,195.0,0.02,0.01,0.05,1.5312523437499999,160,368
2026-05-02,US0079031078,AMD,2026-05-08,put,200.0,0.03,0.01,0.04,1.4453152734375,2736,13768
2026-05-02,US0079031078,AMD,2026-05-08,put,205.0,0.03,0.0,0.05,1.3906280468749999,838,446
2026-05-02,US0079031078,AMD,2026-05-08,put,210.0,0.04,0.01,0.05,1.359378203125,2702,2575
2026-05-02,US0079031078,AMD,2026-05-08,put,215.0,0.04,0.03,0.08,1.3789093554687497,295,380
2026-05-02,US0079031078,AMD,2026-05-08,put,217.5,0.06,0.0,0.06,1.2734411328124997,32,54
2026-05-02,US0079031078,AMD,2026-05-08,put,220.0,0.05,0.02,0.05,1.2656286718749998,4145,1411
2026-05-02,US0079031078,AMD,2026-05-08,put,222.5,0.09,0.01,0.08,1.2695349023437497,36,187
2026-05-02,US0079031078,AMD,2026-05-08,put,225.0,0.04,0.03,0.07,1.25390998046875,605,498
2026-05-02,US0079031078,AMD,2026-05-08,put,227.5,0.05,0.01,0.08,1.2148476757812499,4,191
2026-05-02,US0079031078,AMD,2026-05-08,put,230.0,0.09,0.05,0.07,1.22266013671875,1106,1553
2026-05-02,US0079031078,AMD,2026-05-08,put,232.5,0.04,0.02,0.11,1.2070352148437498,2,90
2026-05-02,US0079031078,AMD,2026-05-08,put,235.0,0.1,0.05,0.1,1.19922275390625,39,648
2026-05-02,US0079031078,AMD,2026-05-08,put,237.5,0.09,0.05,0.12,1.1875040625,19,172
2026-05-02,US0079031078,AMD,2026-05-08,put,240.0,0.08,0.07,0.1,1.16016044921875,355,2152
2026-05-02,US0079031078,AMD,2026-05-08,put,242.5,0.11,0.07,0.11,1.140629296875,20,53
2026-05-02,US0079031078,AMD,2026-05-08,put,245.0,0.11,0.05,0.14,1.12109814453125,105,1958
2026-05-02,US0079031078,AMD,2026-05-08,put,247.5,0.13,0.07,0.15,1.11328568359375,106,96
2026-05-02,US0079031078,AMD,2026-05-08,put,250.0,0.14,0.11,0.15,1.107426337890625,497,1755
2026-05-02,US0079031078,AMD,2026-05-08,put,252.5,0.17,0.15,0.2,1.12109814453125,31,101
2026-05-02,US0079031078,AMD,2026-05-08,put,255.0,0.17,0.17,0.21,1.1054732226562503,397,1568
2026-05-02,US0079031078,AMD,2026-05-08,put,257.5,0.17,0.17,0.23,1.0859420703125,46,142
2026-05-02,US0079031078,AMD,2026-05-08,put,260.0,0.21,0.2,0.23,1.0683640332031252,506,2238
2026-05-02,US0079031078,AMD,2026-05-08,put,262.5,0.28,0.19,0.27,1.05078599609375,440,134
2026-05-02,US0079031078,AMD,2026-05-08,put,265.0,0.26,0.23,0.32,1.0488328808593752,123,987
2026-05-02,US0079031078,AMD,2026-05-08,put,267.5,0.33,0.25,0.33,1.0293017285156252,66,274
2026-05-02,US0079031078,AMD,2026-05-08,put,270.0,0.35,0.33,0.35,1.0253954980468751,474,1325
2026-05-02,US0079031078,AMD,2026-05-08,put,272.5,0.41,0.35,0.44,1.0205127099609377,38,568
2026-05-02,US0079031078,AMD,2026-05-08,put,275.0,0.41,0.41,0.45,1.0053760668945313,319,2694
2026-05-02,US0079031078,AMD,2026-05-08,put,277.5,0.56,0.43,0.53,0.9946289599609376,217,237
2026-05-02,US0079031078,AMD,2026-05-08,put,280.0,0.54,0.51,0.58,0.9868165380859376,830,2008
2026-05-02,US0079031078,AMD,2026-05-08,put,282.5,0.6,0.57,0.65,0.9765627343750001,204,1876
2026-05-02,US0079031078,AMD,2026-05-08,put,285.0,0.68,0.65,0.72,0.9672854833984376,335,594
2026-05-02,US0079031078,AMD,2026-05-08,put,287.5,0.76,0.73,0.79,0.956055126953125,294,289
2026-05-02,US0079031078,AMD,2026-05-08,put,290.0,0.85,0.77,0.88,0.9409185595703125,868,1117
2026-05-02,US0079031078,AMD,2026-05-08,put,292.5,1.03,0.95,1.03,0.9448247705078124,247,221
2026-05-02,US0079031078,AMD,2026-05-08,put,295.0,1.06,1.02,1.13,0.929688203125,502,1816
2026-05-02,US0079031078,AMD,2026-05-08,put,297.5,1.23,1.2,1.27,0.9262702685546875,579,303
2026-05-02,US0079031078,AMD,2026-05-08,put,300.0,1.4,1.35,1.43,0.9191902612304688,3507,3101
2026-05-02,US0079031078,AMD,2026-05-08,put,302.5,1.57,1.49,1.6,0.9096688720703124,156,299
2026-05-02,US0079031078,AMD,2026-05-08,put,305.0,1.7,1.71,1.85,0.9084481811523437,3748,709
2026-05-02,US0079031078,AMD,2026-05-08,put,307.5,2.0,1.92,2.01,0.8979502392578124,234,383
2026-05-02,US0079031078,AMD,2026-05-08,put,310.0,2.27,2.17,2.27,0.8933116137695312,2300,1112
2026-05-02,US0079031078,AMD,2026-05-08,put,312.5,2.61,2.41,2.55,0.8864757446289062,570,349
2026-05-02,US0079031078,AMD,2026-05-08,put,315.0,2.85,2.64,2.85,0.8774426318359375,1821,815
2026-05-02,US0079031078,AMD,2026-05-08,put,317.5,3.15,3.05,3.25,0.8791515991210936,225,218
2026-05-02,US0079031078,AMD,2026-05-08,put,320.0,3.55,3.4,3.65,0.8747571118164061,2071,1361
2026-05-02,US0079031078,AMD,2026-05-08,put,322.5,3.95,3.75,4.05,0.8673108972167969,503,428
2026-05-02,US0079031078,AMD,2026-05-08,put,325.0,4.4,4.3,4.5,0.8670667590332031,1159,606
2026-05-02,US0079031078,AMD,2026-05-08,put,327.5,4.9,4.8,5.0,0.8634046862792968,501,258
2026-05-02,US0079031078,AMD,2026-05-08,put,330.0,5.4,5.35,5.55,0.8602308898925781,1470,3003
2026-05-02,US0079031078,AMD,2026-05-08,put,332.5,6.08,5.9,6.25,0.8590101989746093,590,370
2026-05-02,US0079031078,AMD,2026-05-08,put,335.0,6.72,6.6,6.85,0.8562026098632812,1060,881
2026-05-02,US0079031078,AMD,2026-05-08,put,337.5,7.44,7.25,7.6,0.8533950207519532,680,579
2026-05-02,US0079031078,AMD,2026-05-08,put,340.0,8.4,8.1,8.4,0.8549819189453125,4821,4950
2026-05-02,US0079031078,AMD,2026-05-08,put,342.5,9.28,8.9,9.25,0.8531508825683594,351,280
2026-05-02,US0079031078,AMD,2026-05-08,put,345.0,10.05,9.8,10.1,0.8510757080078125,1317,1645
2026-05-02,US0079031078,AMD,2026-05-08,put,347.5,11.07,10.75,11.15,0.852662606201172,361,627
2026-05-02,US0079031078,AMD,2026-05-08,put,350.0,12.0,11.8,12.1,0.8510757080078125,3982,1525
2026-05-02,US0079031078,AMD,2026-05-08,put,352.5,13.05,13.05,13.2,0.8555312298583984,970,301
2026-05-02,US0079031078,AMD,2026-05-08,put,355.0,14.22,14.1,14.35,0.8530288134765626,1148,340
2026-05-02,US0079031078,AMD,2026-05-08,put,357.5,15.25,15.3,15.7,0.8564467480468749,661,74
2026-05-02,US0079031078,AMD,2026-05-08,put,360.0,16.9,16.45,16.9,0.8518081225585938,1236,101
2026-05-02,US0079031078,AMD,2026-05-08,put,362.5,18.0,17.85,18.4,0.8580336462402343,297,77
2026-05-02,US0079031078,AMD,2026-05-08,put,365.0,19.85,19.1,19.75,0.8538832971191408,195,6
2026-05-02,US0079031078,AMD,2026-05-08,put,370.0,22.5,22.05,22.7,0.8544936425781251,303,168
2026-05-02,US0079031078,AMD,2026-05-08,put,372.5,24.95,23.5,26.0,0.8968516174316405,16,1
2026-05-02,US0079031078,AMD,2026-05-08,put,375.0,25.51,25.1,26.1,0.8581557153320312,53,50
2026-05-02,US0079031078,AMD,2026-05-08,put,377.5,27.24,26.05,27.75,0.8393570751953124,25,27
2026-05-02,US0079031078,AMD,2026-05-08,put,380.0,30.75,28.6,29.45,0.8616346844482423,78,28
2026-05-02,US0079031078,AMD,2026-05-08,put,382.5,39.05,30.45,31.25,0.8656019299316406,1,22
2026-05-02,US0079031078,AMD,2026-05-08,put,387.5,40.0,33.35,35.7,0.8676771044921875,25,27
2026-05-02,US0079031078,AMD,2026-05-08,put,390.0,37.48,35.05,37.65,0.8640150317382812,8,53
2026-05-02,US0079031078,AMD,2026-05-08,put,395.0,41.25,39.45,41.5,0.8786633227539062,52,23
2026-05-02,US0079031078,AMD,2026-05-08,put,400.0,45.8,43.9,45.55,0.8937998901367187,119,9
2026-05-02,US0079031078,AMD,2026-05-08,put,410.0,53.1,51.95,54.35,0.8948985119628905,5,5
2026-05-02,US0079031078,AMD,2026-05-08,put,412.5,63.6,54.05,56.4,0.8864757446289062,4,5
2026-05-02,US0079031078,AMD,2026-05-08,put,420.0,92.41,60.5,63.4,0.8908702319335937,3,19
2026-05-02,US0079031078,AMD,2026-05-08,put,422.5,81.12,62.55,65.95,0.8942881665039062,2,1
2026-05-02,US0079031078,AMD,2026-05-08,put,440.0,96.55,78.9,82.55,0.9172371557617188,4,2
2026-05-02,US0079031078,AMD,2026-05-08,put,450.0,98.0,88.65,92.2,0.9428716650390624,16,16
2026-05-02,US0079031078,AMD,2026-05-08,put,510.0,174.55,148.15,151.3,1.1054732226562503,1,0
2026-05-02,US0079031078,AMD,2026-05-08,put,550.0,228.33,188.05,191.2,1.2343788281249999,1,1
2026-05-02,US0079031078,AMD,2026-05-15,call,25.0,323.5,333.5,336.65,7.054688681640625,2,1761
2026-05-02,US0079031078,AMD,2026-05-15,call,30.0,318.53,328.45,331.75,6.621095473632813,2,6
2026-05-02,US0079031078,AMD,2026-05-15,call,35.0,175.29,323.65,326.75,6.175783530273437,1,9
2026-05-02,US0079031078,AMD,2026-05-15,call,40.0,245.13,318.45,322.4,6.264650606689454,2,4
2026-05-02,US0079031078,AMD,2026-05-15,call,45.0,122.9,115.5,116.45,1.0000000000000003e-05,1,1
2026-05-02,US0079031078,AMD,2026-05-15,call,50.0,145.05,227.8,229.05,1.0000000000000003e-05,2,2
2026-05-02,US0079031078,AMD,2026-05-15,call,55.0,191.15,303.65,307.4,5.316409604492186,47,37
2026-05-02,US0079031078,AMD,2026-05-15,call,60.0,218.15,298.55,302.2,4.960941298828125,60,47
2026-05-02,US0079031078,AMD,2026-05-15,call,65.0,287.27,293.6,297.05,4.65918386352539,1,8
2026-05-02,US0079031078,AMD,2026-05-15,call,70.0,129.5,207.85,209.15,1.0000000000000003e-05,1,20
2026-05-02,US0079031078,AMD,2026-05-15,call,75.0,126.28,0.0,0.0,1.0000000000000003e-05,1,0
2026-05-02,US0079031078,AMD,2026-05-15,call,80.0,267.67,278.5,281.8,3.9746094384765627,2,42
2026-05-02,US0079031078,AMD,2026-05-15,call,85.0,220.11,273.5,276.85,3.843750390625,6,28
2026-05-02,US0079031078,AMD,2026-05-15,call,90.0,257.73,268.6,271.85,3.696289821777344,4,14
2026-05-02,US0079031078,AMD,2026-05-15,call,95.0,230.25,263.85,266.85,3.557618293457031,3,11
2026-05-02,US0079031078,AMD,2026-05-15,call,100.0,229.95,258.8,261.85,3.425782685546875,3,126
2026-05-02,US0079031078,AMD,2026-05-15,call,105.0,232.43,253.85,256.85,3.301759558105468,2,45
2026-05-02,US0079031078,AMD,2026-05-15,call,110.0,242.63,248.85,251.85,3.184084071044922,10,82
2026-05-02,US0079031078,AMD,2026-05-15,call,115.0,203.63,243.95,246.9,3.091799145507812,5,150
2026-05-02,US0079031078,AMD,2026-05-15,call,120.0,232.68,238.9,241.9,2.983400979003906,1,136
2026-05-02,US0079031078,AMD,2026-05-15,call,125.0,210.4,234.05,236.9,2.880373892822266,2,131
2026-05-02,US0079031078,AMD,2026-05-15,call,130.0,220.0,229.65,231.9,2.1582077294921875,2,218
2026-05-02,US0079031078,AMD,2026-05-15,call,135.0,195.73,224.0,226.9,2.68603844116211,1,238
2026-05-02,US0079031078,AMD,2026-05-15,call,140.0,212.73,218.95,221.9,2.594730075683594,1,337
2026-05-02,US0079031078,AMD,2026-05-15,call,145.0,179.74,214.05,216.95,2.522464631347656,16,269
2026-05-02,US0079031078,AMD,2026-05-15,call,150.0,175.27,209.0,211.9,2.421390665283203,6,634
2026-05-02,US0079031078,AMD,2026-05-15,call,155.0,197.67,204.1,206.75,2.291996457519531,1,1042
2026-05-02,US0079031078,AMD,2026-05-15,call,160.0,197.5,199.0,201.95,2.2739300964355467,4,766
2026-05-02,US0079031078,AMD,2026-05-15,call,165.0,174.06,194.1,196.95,2.1962935717773435,5,916
2026-05-02,US0079031078,AMD,2026-05-15,call,170.0,187.56,189.0,192.0,2.134770288085937,4,462
2026-05-02,US0079031078,AMD,2026-05-15,call,175.0,185.45,184.3,187.0,1.431643466796875,3,510
2026-05-02,US0079031078,AMD,2026-05-15,call,180.0,180.49,179.05,182.0,1.9897461450195313,2,589
2026-05-02,US0079031078,AMD,2026-05-15,call,185.0,175.75,174.15,177.0,1.1796916015624999,2,792
2026-05-02,US0079031078,AMD,2026-05-15,call,190.0,170.5,169.15,171.7,1.776856584472656,14,981
2026-05-02,US0079031078,AMD,2026-05-15,call,195.0,152.65,164.1,167.05,1.09375453125,7,1281
2026-05-02,US0079031078,AMD,2026-05-15,call,200.0,160.77,159.7,162.0,1.3457063964843747,58,16056
2026-05-02,US0079031078,AMD,2026-05-15,call,210.0,150.58,149.75,151.75,1.1816447167968749,20,6117
2026-05-02,US0079031078,AMD,2026-05-15,call,220.0,141.1,139.85,141.8,1.1337933935546878,38,7297
2026-05-02,US0079031078,AMD,2026-05-15,call,225.0,133.2,134.2,137.25,1.0273486132812502,9,88
2026-05-02,US0079031078,AMD,2026-05-15,call,230.0,131.16,130.55,132.1,1.2172890698242185,115,6404
2026-05-02,US0079031078,AMD,2026-05-15,call,235.0,126.35,124.8,127.25,1.0786178881835937,22,43
2026-05-02,US0079031078,AMD,2026-05-15,call,240.0,121.19,120.05,121.85,1.0053760668945313,213,6516
2026-05-02,US0079031078,AMD,2026-05-15,call,245.0,115.29,114.55,117.45,0.9775392871093751,74,30
2026-05-02,US0079031078,AMD,2026-05-15,call,250.0,110.25,110.3,112.0,0.9765627343750001,109,8833
2026-05-02,US0079031078,AMD,2026-05-15,call,255.0,105.1,104.65,107.6,0.9243171630859376,83,182
2026-05-02,US0079031078,AMD,2026-05-15,call,257.5,97.31,102.2,105.1,0.9082040429687499,1,196
2026-05-02,US0079031078,AMD,2026-05-15,call,260.0,100.3,100.4,102.25,0.9257819921875,90,7789
2026-05-02,US0079031078,AMD,2026-05-15,call,262.5,100.51,97.45,100.3,0.913086806640625,5,32
2026-05-02,US0079031078,AMD,2026-05-15,call,265.0,94.11,94.8,97.85,0.8798840136718749,8,196
2026-05-02,US0079031078,AMD,2026-05-15,call,267.5,85.86,92.55,95.45,0.8901378173828124,2,80
2026-05-02,US0079031078,AMD,2026-05-15,call,270.0,91.9,90.8,92.8,0.9157723266601563,111,5246
2026-05-02,US0079031078,AMD,2026-05-15,call,272.5,86.0,88.3,90.45,0.9025888647460938,23,59
2026-05-02,US0079031078,AMD,2026-05-15,call,275.0,84.76,85.15,88.15,0.8452163916015624,12,462
2026-05-02,US0079031078,AMD,2026-05-15,call,277.5,82.0,82.65,85.75,0.8293474096679687,4,104
2026-05-02,US0079031078,AMD,2026-05-15,call,280.0,80.6,81.05,83.35,0.8720715917968749,154,8981
2026-05-02,US0079031078,AMD,2026-05-15,call,282.5,79.0,78.7,81.1,0.8706067626953125,3,122
2026-05-02,US0079031078,AMD,2026-05-15,call,285.0,75.98,76.4,78.6,0.8564467480468749,101,97
2026-05-02,US0079031078,AMD,2026-05-15,call,287.5,64.35,73.95,76.35,0.8469253588867187,1,112
2026-05-02,US0079031078,AMD,2026-05-15,call,290.0,72.84,71.9,73.9,0.8457046679687499,89,6069
2026-05-02,US0079031078,AMD,2026-05-15,call,292.5,70.22,69.4,71.75,0.8359391406249999,3,145
2026-05-02,US0079031078,AMD,2026-05-15,call,295.0,67.95,67.15,69.45,0.8294694787597656,12,281
2026-05-02,US0079031078,AMD,2026-05-15,call,297.5,61.75,64.85,66.95,0.8115253222656249,4,105
2026-05-02,US0079031078,AMD,2026-05-15,call,300.0,63.87,62.7,64.95,0.818117053222656,332,8602
2026-05-02,US0079031078,AMD,2026-05-15,call,302.5,60.67,60.45,62.35,0.7967549621582031,84,216
2026-05-02,US0079031078,AMD,2026-05-15,call,305.0,59.0,58.3,60.6,0.8079853186035155,24,496
2026-05-02,US0079031078,AMD,2026-05-15,call,307.5,55.61,56.05,58.35,0.7966328930664062,23,102
2026-05-02,US0079031078,AMD,2026-05-15,call,310.0,53.02,54.2,55.85,0.7889425402832031,147,4643
2026-05-02,US0079031078,AMD,2026-05-15,call,312.5,52.49,51.85,54.05,0.7858908129882812,11,93
2026-05-02,US0079031078,AMD,2026-05-15,call,315.0,51.05,50.2,52.15,0.797853583984375,39,321
2026-05-02,US0079031078,AMD,2026-05-15,call,317.5,48.47,47.75,49.6,0.7679466564941408,19,187
2026-05-02,US0079031078,AMD,2026-05-15,call,320.0,46.65,46.35,48.0,0.7899190930175781,5292,6491
2026-05-02,US0079031078,AMD,2026-05-15,call,322.5,45.74,44.35,46.0,0.7835715002441408,10,184
2026-05-02,US0079031078,AMD,2026-05-15,call,325.0,42.65,42.3,44.15,0.7781394256591796,94,511
2026-05-02,US0079031078,AMD,2026-05-15,call,327.5,40.9,40.15,42.45,0.7723411437988281,12,126
2026-05-02,US0079031078,AMD,2026-05-15,call,330.0,39.55,39.25,39.95,0.7749045947265626,295,3517
2026-05-02,US0079031078,AMD,2026-05-15,call,332.5,36.9,36.55,38.85,0.7669090692138674,34,139
2026-05-02,US0079031078,AMD,2026-05-15,call,335.0,35.3,35.45,36.4,0.762697685546875,109,1023
2026-05-02,US0079031078,AMD,2026-05-15,call,337.5,33.27,33.9,34.85,0.7659935510253908,16,172
2026-05-02,US0079031078,AMD,2026-05-15,call,340.0,32.6,32.4,33.0,0.7623314782714845,324,3393
2026-05-02,US0079031078,AMD,2026-05-15,call,342.5,30.55,30.65,31.5,0.7590356127929689,38,232
2026-05-02,US0079031078,AMD,2026-05-15,call,345.0,29.75,29.3,30.25,0.7663597583007813,445,1153
2026-05-02,US0079031078,AMD,2026-05-15,call,347.5,27.8,27.85,28.7,0.7642235491943359,184,223
2026-05-02,US0079031078,AMD,2026-05-15,call,350.0,26.65,26.45,27.0,0.7585473364257813,7387,17677
2026-05-02,US0079031078,AMD,2026-05-15,call,352.5,25.4,25.05,25.8,0.7604394073486329,827,453
2026-05-02,US0079031078,AMD,2026-05-15,call,355.0,24.1,23.8,24.3,0.7578149218750001,1088,697
2026-05-02,US0079031078,AMD,2026-05-15,call,357.5,22.85,22.5,23.0,0.7562890582275392,621,102
2026-05-02,US0079031078,AMD,2026-05-15,call,360.0,21.5,21.3,21.85,0.7575097491455078,2439,2916
2026-05-02,US0079031078,AMD,2026-05-15,call,362.5,20.4,20.1,20.65,0.7561669891357423,344,105
2026-05-02,US0079031078,AMD,2026-05-15,call,365.0,19.25,18.95,19.55,0.7559228509521485,525,742
2026-05-02,US0079031078,AMD,2026-05-15,call,367.5,17.34,17.75,18.5,0.7540307800292969,90,101
2026-05-02,US0079031078,AMD,2026-05-15,call,370.0,17.3,16.95,17.45,0.7576318182373047,1052,3080
2026-05-02,US0079031078,AMD,2026-05-15,call,372.5,16.5,15.95,16.5,0.7578759564208986,15,135
2026-05-02,US0079031078,AMD,2026-05-15,call,375.0,15.25,15.05,15.4,0.7556787127685547,728,2666
2026-05-02,US0079031078,AMD,2026-05-15,call,377.5,14.5,13.95,14.7,0.7555566436767578,90,91
2026-05-02,US0079031078,AMD,2026-05-15,call,380.0,13.5,13.35,13.75,0.7585473364257813,4777,5046
2026-05-02,US0079031078,AMD,2026-05-15,call,382.5,13.05,12.55,13.05,0.7609887182617189,30,42
2026-05-02,US0079031078,AMD,2026-05-15,call,385.0,11.7,11.6,12.25,0.7572656109619142,171,1030
2026-05-02,US0079031078,AMD,2026-05-15,call,387.5,11.07,10.75,11.7,0.7587304400634767,39,36
2026-05-02,US0079031078,AMD,2026-05-15,call,390.0,10.57,10.4,10.8,0.7617211328125001,260,3443
2026-05-02,US0079031078,AMD,2026-05-15,call,392.5,9.55,9.75,10.25,0.7644066528320312,81,73
2026-05-02,US0079031078,AMD,2026-05-15,call,395.0,9.27,9.1,9.65,0.764772860107422,234,239
2026-05-02,US0079031078,AMD,2026-05-15,call,397.5,8.46,8.55,9.05,0.7658714819335939,63,62
2026-05-02,US0079031078,AMD,2026-05-15,call,400.0,8.4,8.05,8.4,0.7656273437500001,1766,6216
2026-05-02,US0079031078,AMD,2026-05-15,call,402.5,7.6,7.3,8.0,0.7640404455566407,33,110
2026-05-02,US0079031078,AMD,2026-05-15,call,405.0,7.15,7.05,7.5,0.7700218310546876,120,450
2026-05-02,US0079031078,AMD,2026-05-15,call,407.5,6.7,6.35,7.1,0.7668480346679689,6,600
2026-05-02,US0079031078,AMD,2026-05-15,call,410.0,6.3,6.2,6.5,0.7706321765136719,310,684
2026-05-02,US0079031078,AMD,2026-05-15,call,412.5,5.5,5.6,6.15,0.7683128637695313,23,573
2026-05-02,US0079031078,AMD,2026-05-15,call,415.0,5.4,5.4,5.8,0.7749045947265626,56,606
2026-05-02,US0079031078,AMD,2026-05-15,call,417.5,5.45,5.0,5.45,0.7752708020019532,16,160
2026-05-02,US0079031078,AMD,2026-05-15,call,420.0,4.72,4.7,4.95,0.7731956274414062,137,1312
2026-05-02,US0079031078,AMD,2026-05-15,call,422.5,4.5,4.15,4.75,0.7709983837890625,9,44
2026-05-02,US0079031078,AMD,2026-05-15,call,425.0,4.2,4.1,4.35,0.7763694238281251,42,314
2026-05-02,US0079031078,AMD,2026-05-15,call,427.5,4.15,3.6,4.25,0.7762473547363282,10,818
2026-05-02,US0079031078,AMD,2026-05-15,call,430.0,3.6,3.55,3.95,0.7829611547851563,212,445
2026-05-02,US0079031078,AMD,2026-05-15,call,432.5,3.35,3.3,3.75,0.7856466748046875,58,52
2026-05-02,US0079031078,AMD,2026-05-15,call,435.0,3.18,3.0,3.4,0.7806418420410157,28,482
2026-05-02,US0079031078,AMD,2026-05-15,call,437.5,2.81,2.86,3.25,0.7868673657226561,3,16
2026-05-02,US0079031078,AMD,2026-05-15,call,440.0,2.73,2.64,2.99,0.7854025366210937,68,178
2026-05-02,US0079031078,AMD,2026-05-15,call,442.5,2.6,2.48,2.82,0.7885763330078125,7,53
2026-05-02,US0079031078,AMD,2026-05-15,call,445.0,2.31,2.37,2.52,0.7877218493652343,43,103
2026-05-02,US0079031078,AMD,2026-05-15,call,447.5,1.76,2.15,2.38,0.7877218493652343,3,21
2026-05-02,US0079031078,AMD,2026-05-15,call,450.0,2.13,2.1,2.21,0.7929708203125,1562,2204
2026-05-02,US0079031078,AMD,2026-05-15,call,460.0,1.42,1.53,1.74,0.7990742749023438,49,930
2026-05-02,US0079031078,AMD,2026-05-15,call,470.0,1.19,1.18,1.41,0.8122577368164061,50,358
2026-05-02,US0079031078,AMD,2026-05-15,call,480.0,0.99,0.95,1.04,0.8198260205078124,593,455
2026-05-02,US0079031078,AMD,2026-05-15,call,490.0,0.72,0.68,0.8,0.8227556787109375,15,340
2026-05-02,US0079031078,AMD,2026-05-15,call,500.0,0.6,0.54,0.6,0.8308122387695311,1049,4110
2026-05-02,US0079031078,AMD,2026-05-15,call,510.0,0.44,0.37,0.54,0.842775009765625,17,490
2026-05-02,US0079031078,AMD,2026-05-15,call,520.0,0.38,0.32,0.44,0.85937640625,27,3014
2026-05-02,US0079031078,AMD,2026-05-15,call,530.0,0.3,0.2,0.31,0.8500991552734375,5528,16196
2026-05-02,US0079031078,AMD,2026-05-15,call,540.0,0.22,0.18,0.24,0.8642591699218749,70,1369
2026-05-02,US0079031078,AMD,2026-05-15,call,550.0,0.19,0.12,0.21,0.8720715917968749,83,353
2026-05-02,US0079031078,AMD,2026-05-15,call,560.0,0.21,0.09,0.21,0.8945323046874999,2,23
2026-05-02,US0079031078,AMD,2026-05-15,call,570.0,0.15,0.06,0.17,0.8984385156249999,2,280
2026-05-02,US0079031078,AMD,2026-05-15,call,580.0,0.13,0.06,0.17,0.92773509765625,1,9
2026-05-02,US0079031078,AMD,2026-05-15,call,590.0,0.09,0.05,0.09,0.9101571484375,4,78
2026-05-02,US0079031078,AMD,2026-05-15,call,600.0,0.08,0.06,0.08,0.937500625,132,1006
2026-05-02,US0079031078,AMD,2026-05-15,put,25.0,0.01,0.0,0.06,4.546879316406249,10,3319
2026-05-02,US0079031078,AMD,2026-05-15,put,30.0,0.01,0.0,0.07,4.2812546484375,100,202
2026-05-02,US0079031078,AMD,2026-05-15,put,35.0,0.02,0.0,0.07,4.000005,1,248
2026-05-02,US0079031078,AMD,2026-05-15,put,40.0,0.02,0.0,0.07,3.7812505468750004,3,806
2026-05-02,US0079031078,AMD,2026-05-15,put,45.0,0.01,0.0,0.07,3.56250109375,2,131
2026-05-02,US0079031078,AMD,2026-05-15,put,50.0,0.05,0.0,0.01,2.8750028125,4,112
2026-05-02,US0079031078,AMD,2026-05-15,put,55.0,0.04,0.0,0.07,3.2187519531249995,47,99
2026-05-02,US0079031078,AMD,2026-05-15,put,60.0,0.02,0.0,0.07,3.0781273046874995,1,93
2026-05-02,US0079031078,AMD,2026-05-15,put,65.0,0.02,0.0,0.07,2.93750265625,2,102
2026-05-02,US0079031078,AMD,2026-05-15,put,70.0,0.04,0.0,0.07,2.81250296875,4,594
2026-05-02,US0079031078,AMD,2026-05-15,put,75.0,0.04,0.0,0.05,2.6250034375,15,312
2026-05-02,US0079031078,AMD,2026-05-15,put,80.0,0.02,0.0,0.06,2.5468786328124997,40,260
2026-05-02,US0079031078,AMD,2026-05-15,put,85.0,0.01,0.0,0.04,2.3750040624999995,39,2264
2026-05-02,US0079031078,AMD,2026-05-15,put,90.0,0.02,0.0,0.06,2.3593791015624994,1,182
2026-05-02,US0079031078,AMD,2026-05-15,put,95.0,0.02,0.0,0.02,2.0625048437499998,10,534
2026-05-02,US0079031078,AMD,2026-05-15,put,100.0,0.01,0.0,0.05,2.1406296484375,80,1417
2026-05-02,US0079031078,AMD,2026-05-15,put,105.0,0.02,0.0,0.07,2.1250046874999997,19,460
2026-05-02,US0079031078,AMD,2026-05-15,put,110.0,0.02,0.0,0.06,2.02344244140625,10,841
2026-05-02,US0079031078,AMD,2026-05-15,put,115.0,0.01,0.0,0.05,1.9218753906250001,4,735
2026-05-02,US0079031078,AMD,2026-05-15,put,120.0,0.01,0.0,0.01,1.625001875,5,1702
2026-05-02,US0079031078,AMD,2026-05-15,put,125.0,0.03,0.01,0.07,1.859375703125,5,517
2026-05-02,US0079031078,AMD,2026-05-15,put,130.0,0.02,0.01,0.07,1.7968760156249999,7,1749
2026-05-02,US0079031078,AMD,2026-05-15,put,135.0,0.03,0.01,0.05,1.6875015625,1,2225
2026-05-02,US0079031078,AMD,2026-05-15,put,140.0,0.03,0.01,0.05,1.625001875,6,7170
2026-05-02,US0079031078,AMD,2026-05-15,put,145.0,0.05,0.01,0.08,1.625001875,1,2971
2026-05-02,US0079031078,AMD,2026-05-15,put,150.0,0.01,0.01,0.03,1.4609401953124999,69,2228
2026-05-02,US0079031078,AMD,2026-05-15,put,155.0,0.02,0.01,0.04,1.4375028125,6,3013
2026-05-02,US0079031078,AMD,2026-05-15,put,160.0,0.04,0.01,0.05,1.40625296875,1,4715
2026-05-02,US0079031078,AMD,2026-05-15,put,165.0,0.04,0.0,0.05,1.3359408203124996,23,7175
2026-05-02,US0079031078,AMD,2026-05-15,put,170.0,0.04,0.0,0.07,1.3281283593749997,6,5615
2026-05-02,US0079031078,AMD,2026-05-15,put,175.0,0.02,0.01,0.05,1.2578162109375,57,5699
2026-05-02,US0079031078,AMD,2026-05-15,put,180.0,0.04,0.04,0.07,1.2851598242187499,72,7199
2026-05-02,US0079031078,AMD,2026-05-15,put,185.0,0.07,0.04,0.06,1.2265663671875,81,5291
2026-05-02,US0079031078,AMD,2026-05-15,put,190.0,0.04,0.03,0.06,1.1679729101562502,85,6634
2026-05-02,US0079031078,AMD,2026-05-15,put,195.0,0.06,0.05,0.08,1.1640666796875,52,3934
2026-05-02,US0079031078,AMD,2026-05-15,put,200.0,0.07,0.05,0.09,1.12891060546875,1640,21879
2026-05-02,US0079031078,AMD,2026-05-15,put,210.0,0.09,0.08,0.12,1.08203583984375,424,6102
2026-05-02,US0079031078,AMD,2026-05-15,put,220.0,0.14,0.1,0.18,1.0371141894531253,158,4607
2026-05-02,US0079031078,AMD,2026-05-15,put,225.0,0.17,0.13,0.23,1.0244189404296877,35,225
2026-05-02,US0079031078,AMD,2026-05-15,put,230.0,0.21,0.19,0.23,1.0009815576171874,374,4486
2026-05-02,US0079031078,AMD,2026-05-15,put,235.0,0.27,0.24,0.3,0.99023447265625,128,197
2026-05-02,US0079031078,AMD,2026-05-15,put,240.0,0.3,0.28,0.37,0.971679970703125,386,5956
2026-05-02,US0079031078,AMD,2026-05-15,put,245.0,0.38,0.34,0.38,0.9423833886718749,74,352
2026-05-02,US0079031078,AMD,2026-05-15,put,250.0,0.45,0.4,0.48,0.9267585449218749,688,7363
2026-05-02,US0079031078,AMD,2026-05-15,put,255.0,0.5,0.43,0.54,0.8964854101562498,39,517
2026-05-02,US0079031078,AMD,2026-05-15,put,257.5,0.63,0.51,0.62,0.8969736865234373,2,170
2026-05-02,US0079031078,AMD,2026-05-15,put,260.0,0.59,0.57,0.65,0.885743330078125,286,3563
2026-05-02,US0079031078,AMD,2026-05-15,put,262.5,0.74,0.6,0.7,0.8730481445312499,32,171
2026-05-02,US0079031078,AMD,2026-05-15,put,265.0,0.76,0.64,0.88,0.87500125,56,718
2026-05-02,US0079031078,AMD,2026-05-15,put,267.5,0.84,0.73,0.9,0.8632826171875,525,146
2026-05-02,US0079031078,AMD,2026-05-15,put,270.0,0.91,0.82,1.0,0.858399853515625,543,2462
2026-05-02,US0079031078,AMD,2026-05-15,put,272.5,1.0,0.95,1.13,0.85742330078125,24,683
2026-05-02,US0079031078,AMD,2026-05-15,put,275.0,1.06,0.98,1.15,0.8383805224609374,155,1160
2026-05-02,US0079031078,AMD,2026-05-15,put,277.5,1.24,1.11,1.36,0.8405777661132812,58,230
2026-05-02,US0079031078,AMD,2026-05-15,put,280.0,1.32,1.23,1.4,0.8281267187499999,476,2704
2026-05-02,US0079031078,AMD,2026-05-15,put,282.5,1.52,1.38,1.51,0.8212908496093749,10,281
2026-05-02,US0079031078,AMD,2026-05-15,put,285.0,1.65,1.48,1.74,0.8173846386718748,161,1620
2026-05-02,US0079031078,AMD,2026-05-15,put,287.5,1.94,1.68,1.88,0.8122577368164061,79,229
2026-05-02,US0079031078,AMD,2026-05-15,put,290.0,1.96,1.83,2.09,0.80664255859375,335,1682
2026-05-02,US0079031078,AMD,2026-05-15,put,292.5,2.15,1.98,2.31,0.8000508276367188,853,225
2026-05-02,US0079031078,AMD,2026-05-15,put,295.0,2.4,2.31,2.43,0.7956563403320311,176,967
2026-05-02,US0079031078,AMD,2026-05-15,put,297.5,2.65,2.44,2.82,0.7924825439453125,99,206
2026-05-02,US0079031078,AMD,2026-05-15,put,300.0,2.92,2.8,2.91,0.7849142602539063,1417,2720
2026-05-02,US0079031078,AMD,2026-05-15,put,302.5,3.17,3.0,3.25,0.7794211511230469,110,238
2026-05-02,US0079031078,AMD,2026-05-15,put,305.0,3.5,3.35,3.6,0.7780783911132813,214,516
2026-05-02,US0079031078,AMD,2026-05-15,put,307.5,3.8,3.7,3.9,0.7730735583496093,201,176
2026-05-02,US0079031078,AMD,2026-05-15,put,310.0,4.3,4.05,4.25,0.7680687255859376,630,1909
2026-05-02,US0079031078,AMD,2026-05-15,put,312.5,4.9,4.35,4.8,0.7659935510253908,69,109
2026-05-02,US0079031078,AMD,2026-05-15,put,315.0,5.15,4.8,5.4,0.7678245874023439,253,399
2026-05-02,US0079031078,AMD,2026-05-15,put,317.5,5.67,5.3,5.8,0.7633690655517578,135,111
2026-05-02,US0079031078,AMD,2026-05-15,put,320.0,5.98,5.85,6.1,0.755983885498047,494,1367
2026-05-02,US0079031078,AMD,2026-05-15,put,322.5,6.7,6.25,7.0,0.7584252673339844,83,472
2026-05-02,US0079031078,AMD,2026-05-15,put,325.0,7.25,7.05,7.4,0.7562890582275392,763,822
2026-05-02,US0079031078,AMD,2026-05-15,put,327.5,8.0,7.5,8.25,0.7546411254882812,280,217
2026-05-02,US0079031078,AMD,2026-05-15,put,330.0,8.55,8.35,8.7,0.7512231909179687,721,848
2026-05-02,US0079031078,AMD,2026-05-15,put,332.5,9.25,9.1,9.45,0.7503687072753906,67,311
2026-05-02,US0079031078,AMD,2026-05-15,put,335.0,10.1,9.85,10.35,0.750856983642578,277,608
2026-05-02,US0079031078,AMD,2026-05-15,put,337.5,10.98,10.7,11.25,0.7514673291015624,147,694
2026-05-02,US0079031078,AMD,2026-05-15,put,340.0,11.75,11.55,11.9,0.7451807708740235,3111,3155
2026-05-02,US0079031078,AMD,2026-05-15,put,342.5,12.75,12.45,12.8,0.743166630859375,142,242
2026-05-02,US0079031078,AMD,2026-05-15,put,345.0,13.78,13.45,13.95,0.7460962890625,453,732
2026-05-02,US0079031078,AMD,2026-05-15,put,347.5,14.87,14.3,15.15,0.7452418054199219,699,608
2026-05-02,US0079031078,AMD,2026-05-15,put,350.0,15.7,15.7,15.95,0.7453638745117188,2326,517
2026-05-02,US0079031078,AMD,2026-05-15,put,352.5,16.88,16.65,17.3,0.7455469781494142,1079,75
2026-05-02,US0079031078,AMD,2026-05-15,put,355.0,18.3,17.7,18.6,0.7448755981445312,555,185
2026-05-02,US0079031078,AMD,2026-05-15,put,357.5,19.3,19.0,19.5,0.7398707653808592,201,47
2026-05-02,US0079031078,AMD,2026-05-15,put,360.0,20.6,20.35,20.95,0.7438380108642577,436,139
2026-05-02,US0079031078,AMD,2026-05-15,put,362.5,22.5,21.55,22.45,0.7443262872314453,51,37
2026-05-02,US0079031078,AMD,2026-05-15,put,365.0,23.2,23.05,23.85,0.7467066345214843,288,38
2026-05-02,US0079031078,AMD,2026-05-15,put,367.5,38.95,24.4,25.25,0.7448145635986327,16,31
2026-05-02,US0079031078,AMD,2026-05-15,put,370.0,25.81,25.9,26.85,0.7475000836181642,25,48
2026-05-02,US0079031078,AMD,2026-05-15,put,372.5,55.55,27.3,28.3,0.74414318359375,2,2
2026-05-02,US0079031078,AMD,2026-05-15,put,377.5,50.2,30.6,31.5,0.747072841796875,10,9
2026-05-02,US0079031078,AMD,2026-05-15,put,380.0,33.69,31.8,33.4,0.7434107690429688,70,43
2026-05-02,US0079031078,AMD,2026-05-15,put,382.5,34.05,33.9,36.2,0.7718528674316407,1,6
2026-05-02,US0079031078,AMD,2026-05-15,put,385.0,50.62,35.55,36.6,0.7455469781494142,10,28
2026-05-02,US0079031078,AMD,2026-05-15,put,387.5,37.9,37.45,38.4,0.7487207745361328,1,1
2026-05-02,US0079031078,AMD,2026-05-15,put,390.0,41.55,38.95,40.6,0.7506128454589844,21,25
2026-05-02,US0079031078,AMD,2026-05-15,put,395.0,56.42,42.1,44.6,0.7448755981445312,3,3
2026-05-02,US0079031078,AMD,2026-05-15,put,400.0,47.49,46.05,48.05,0.7381617980957031,49,7
2026-05-02,US0079031078,AMD,2026-05-15,put,402.5,53.2,48.0,50.35,0.7447535290527343,5,15
2026-05-02,US0079031078,AMD,2026-05-15,put,405.0,52.6,49.8,52.5,0.7433497344970703,5,11
2026-05-02,US0079031078,AMD,2026-05-15,put,410.0,63.23,54.0,56.6,0.7459131854248047,16,2
2026-05-02,US0079031078,AMD,2026-05-15,put,415.0,72.8,58.1,60.9,0.7459742199707031,15,15
2026-05-02,US0079031078,AMD,2026-05-15,put,420.0,65.0,62.5,65.1,0.7462183581542969,1,0
2026-05-02,US0079031078,AMD,2026-05-15,put,425.0,81.55,66.85,69.55,0.747194910888672,15,15
2026-05-02,US0079031078,AMD,2026-05-15,put,430.0,81.27,71.3,74.2,0.7532983654785157,7,8
2026-05-02,US0079031078,AMD,2026-05-15,put,440.0,188.2,223.85,225.7,6.210756631088257,5,0
2026-05-02,US0079031078,AMD,2026-05-15,put,450.0,187.5,246.0,249.55,6.810609396896362,2,0
2026-05-02,US0079031078,AMD,2026-05-15,put,460.0,105.34,99.45,102.0,0.7573266455078126,4,24
2026-05-02,US0079031078,AMD,2026-05-15,put,480.0,121.03,118.7,121.65,0.7739280419921876,1,1
2026-05-02,US0079031078,AMD,2026-05-15,put,500.0,182.0,138.45,141.25,0.7851583984375,1,0
2026-05-02,US0079031078,AMD,2026-05-15,put,530.0,320.26,314.5,316.4,6.9060072268676755,,0
2026-05-02,US0079031078,AMD,2026-05-15,put,600.0,255.0,238.05,241.05,0.96289099609375,3,0
2026-05-02,US0079031078,AMD,2026-05-22,call,55.0,290.85,303.65,307.55,2.7656280859375,2,1
2026-05-02,US0079031078,AMD,2026-05-22,call,80.0,239.77,278.8,282.35,2.1093797265624996,22,53
2026-05-02,US0079031078,AMD,2026-05-22,call,85.0,234.63,273.6,277.6,2.1250046874999997,30,40
2026-05-02,US0079031078,AMD,2026-05-22,call,90.0,228.8,268.55,272.6,1.9453127734375002,22,33
2026-05-02,US0079031078,AMD,2026-05-22,call,95.0,225.0,263.75,267.15,3.009768100585937,22,17
2026-05-02,US0079031078,AMD,2026-05-22,call,100.0,259.5,258.75,261.95,2.8330107299804688,2,28
2026-05-02,US0079031078,AMD,2026-05-22,call,105.0,212.61,253.75,257.55,1.9375003125,50,35
2026-05-02,US0079031078,AMD,2026-05-22,call,110.0,208.46,248.65,252.6,1.8203133984375,10,50
2026-05-02,US0079031078,AMD,2026-05-22,call,115.0,230.27,243.7,247.2,2.614261276855469,130,80
2026-05-02,US0079031078,AMD,2026-05-22,call,120.0,227.82,238.75,242.25,2.5366247521972656,1,33
2026-05-02,US0079031078,AMD,2026-05-22,call,125.0,196.19,233.85,237.5,1.712892060546875,4,27
2026-05-02,US0079031078,AMD,2026-05-22,call,130.0,223.77,228.85,232.25,1.2968785156249998,1,23
2026-05-02,US0079031078,AMD,2026-05-22,call,135.0,189.2,223.75,227.5,1.5156274218749999,5,26
2026-05-02,US0079031078,AMD,2026-05-22,call,140.0,177.28,218.85,222.75,1.6621110644531252,42,9
2026-05-02,US0079031078,AMD,2026-05-22,call,145.0,192.97,213.9,217.7,1.6035176074218749,2,10
2026-05-02,US0079031078,AMD,2026-05-22,call,150.0,202.1,208.85,212.55,1.4609401953124999,1,6
2026-05-02,US0079031078,AMD,2026-05-22,call,155.0,178.76,203.95,207.75,1.5273461132812498,10,60
2026-05-02,US0079031078,AMD,2026-05-22,call,160.0,165.0,198.9,202.2,1.0468797656250002,2,47
2026-05-02,US0079031078,AMD,2026-05-22,call,165.0,168.73,193.95,198.2,1.5332054589843749,22,23
2026-05-02,US0079031078,AMD,2026-05-22,call,170.0,163.73,189.0,193.05,1.4589870800781248,28,46
2026-05-02,US0079031078,AMD,2026-05-22,call,175.0,163.0,184.0,187.9,1.3740265673828125,2,12
2026-05-02,US0079031078,AMD,2026-05-22,call,180.0,181.64,179.05,182.85,1.3251986865234373,2,25
2026-05-02,US0079031078,AMD,2026-05-22,call,185.0,141.0,174.05,177.5,1.1865275048828123,2,11
2026-05-02,US0079031078,AMD,2026-05-22,call,190.0,136.1,169.15,172.9,1.26172244140625,2,253
2026-05-02,US0079031078,AMD,2026-05-22,call,195.0,148.85,164.15,167.9,1.2148476757812499,2,38
2026-05-02,US0079031078,AMD,2026-05-22,call,200.0,125.5,159.0,162.6,1.0732468212890627,1,65
2026-05-02,US0079031078,AMD,2026-05-22,call,205.0,150.2,154.1,158.0,1.1342816723632816,3,36
2026-05-02,US0079031078,AMD,2026-05-22,call,210.0,143.77,149.15,152.95,1.0908248583984377,6,91
2026-05-02,US0079031078,AMD,2026-05-22,call,215.0,137.69,144.3,148.15,1.098149040527344,9,78
2026-05-02,US0079031078,AMD,2026-05-22,call,220.0,135.97,139.4,143.1,1.0615281298828125,10,188
2026-05-02,US0079031078,AMD,2026-05-22,call,225.0,135.57,134.35,138.1,1.0127002490234376,10,75
2026-05-02,US0079031078,AMD,2026-05-22,call,230.0,124.75,129.6,132.95,0.9829103271484375,14,145
2026-05-02,US0079031078,AMD,2026-05-22,call,235.0,127.14,124.65,128.3,0.98242205078125,60,142
2026-05-02,US0079031078,AMD,2026-05-22,call,240.0,122.91,119.85,122.85,0.9169930175781251,65,350
2026-05-02,US0079031078,AMD,2026-05-22,call,245.0,114.2,115.0,118.05,0.9082040429687499,9,227
2026-05-02,US0079031078,AMD,2026-05-22,call,250.0,112.86,110.15,113.15,0.8874522973632811,23,948
2026-05-02,US0079031078,AMD,2026-05-22,call,255.0,106.55,105.4,108.2,0.8684095190429688,6,340
2026-05-02,US0079031078,AMD,2026-05-22,call,260.0,102.06,100.65,103.35,0.8530288134765626,226,564
2026-05-02,US0079031078,AMD,2026-05-22,call,265.0,98.35,95.8,98.7,0.8403336279296875,211,432
2026-05-02,US0079031078,AMD,2026-05-22,call,270.0,92.0,90.9,93.95,0.8166522241210936,11,324
2026-05-02,US0079031078,AMD,2026-05-22,call,275.0,87.28,86.9,89.2,0.8308122387695311,4,443
2026-05-02,US0079031078,AMD,2026-05-22,call,280.0,83.1,82.3,84.65,0.8205584350585937,36,263
2026-05-02,US0079031078,AMD,2026-05-22,call,285.0,78.62,77.6,80.05,0.8012715185546875,3,204
2026-05-02,US0079031078,AMD,2026-05-22,call,290.0,72.1,73.15,75.55,0.7904073693847657,32,360
2026-05-02,US0079031078,AMD,2026-05-22,call,295.0,69.12,68.7,70.75,0.7669701037597658,20,583
2026-05-02,US0079031078,AMD,2026-05-22,call,300.0,65.74,64.5,67.05,0.7773459765625,21,492
2026-05-02,US0079031078,AMD,2026-05-22,call,305.0,61.4,60.25,62.9,0.7682518292236329,13,529
2026-05-02,US0079031078,AMD,2026-05-22,call,310.0,58.65,55.7,58.5,0.7426783544921874,19,206
2026-05-02,US0079031078,AMD,2026-05-22,call,315.0,52.55,52.5,54.55,0.7524438818359375,17,126
2026-05-02,US0079031078,AMD,2026-05-22,call,320.0,48.9,48.85,50.75,0.749575258178711,17,383
2026-05-02,US0079031078,AMD,2026-05-22,call,325.0,44.6,45.3,47.15,0.7472559454345704,13,337
2026-05-02,US0079031078,AMD,2026-05-22,call,330.0,42.6,41.8,43.6,0.7416407672119141,136,712
2026-05-02,US0079031078,AMD,2026-05-22,call,335.0,38.89,38.4,40.1,0.7338893798828124,62,165
2026-05-02,US0079031078,AMD,2026-05-22,call,340.0,35.95,35.4,36.9,0.7327907580566406,25,505
2026-05-02,US0079031078,AMD,2026-05-22,call,345.0,33.0,32.4,33.5,0.7236966107177734,265,735
2026-05-02,US0079031078,AMD,2026-05-22,call,350.0,30.22,29.85,30.7,0.7259548889160157,153,461
2026-05-02,US0079031078,AMD,2026-05-22,call,355.0,27.65,27.25,28.8,0.7357814508056642,264,154
2026-05-02,US0079031078,AMD,2026-05-22,call,360.0,25.0,24.75,25.55,0.7225369543457032,344,433
2026-05-02,US0079031078,AMD,2026-05-22,call,365.0,22.9,22.45,23.35,0.7229641961669921,135,179
2026-05-02,US0079031078,AMD,2026-05-22,call,370.0,20.5,20.45,21.1,0.7225369543457032,109,343
2026-05-02,US0079031078,AMD,2026-05-22,call,380.0,17.03,16.55,17.4,0.7216824707031251,62,485
2026-05-02,US0079031078,AMD,2026-05-22,call,390.0,13.6,13.6,14.15,0.7251004052734374,73,646
2026-05-02,US0079031078,AMD,2026-05-22,call,400.0,11.15,10.85,11.4,0.7236355761718749,147,402
2026-05-02,US0079031078,AMD,2026-05-22,call,410.0,9.0,8.8,9.4,0.7316311016845702,46,412
2026-05-02,US0079031078,AMD,2026-05-22,call,420.0,7.25,7.1,7.5,0.73437765625,9,254
2026-05-02,US0079031078,AMD,2026-05-22,call,430.0,5.86,5.65,6.1,0.7392604199218749,211,97
2026-05-02,US0079031078,AMD,2026-05-22,call,440.0,4.55,4.45,4.85,0.7409693872070311,134,319
2026-05-02,US0079031078,AMD,2026-05-22,call,450.0,3.75,3.6,3.8,0.7446924945068358,75,2768
2026-05-02,US0079031078,AMD,2026-05-22,call,460.0,2.77,2.78,3.25,0.7535425036621093,23,2082
2026-05-02,US0079031078,AMD,2026-05-22,call,470.0,2.37,2.22,2.61,0.7587914746093751,31,265
2026-05-02,US0079031078,AMD,2026-05-22,call,480.0,2.09,1.84,2.13,0.7684349328613282,9,260
2026-05-02,US0079031078,AMD,2026-05-22,call,490.0,1.6,1.48,1.73,0.7749045947265626,14,163
2026-05-02,US0079031078,AMD,2026-05-22,call,500.0,1.27,1.14,1.44,0.780275634765625,8,136
2026-05-02,US0079031078,AMD,2026-05-22,call,510.0,1.06,0.91,1.2,0.7878439184570312,52,712
2026-05-02,US0079031078,AMD,2026-05-22,call,520.0,0.85,0.71,0.99,0.7929708203125,64,65
2026-05-02,US0079031078,AMD,2026-05-22,call,530.0,0.65,0.64,0.82,0.8061542822265625,40,75
2026-05-02,US0079031078,AMD,2026-05-22,call,540.0,0.59,0.53,0.69,0.8149432568359375,52,188
2026-05-02,US0079031078,AMD,2026-05-22,call,550.0,0.46,0.43,0.58,0.82226740234375,6,25
2026-05-02,US0079031078,AMD,2026-05-22,call,560.0,0.45,0.3,0.5,0.8242205078124999,2,14
2026-05-02,US0079031078,AMD,2026-05-22,call,570.0,0.31,0.25,0.42,0.8320329296874999,7,6
2026-05-02,US0079031078,AMD,2026-05-22,call,580.0,0.27,0.24,0.36,0.8466812207031249,1,6
2026-05-02,US0079031078,AMD,2026-05-22,call,590.0,0.26,0.14,0.33,0.8466812207031249,1,11
2026-05-02,US0079031078,AMD,2026-05-22,call,600.0,0.2,0.12,0.26,0.84961087890625,12,164
2026-05-02,US0079031078,AMD,2026-05-22,put,85.0,0.13,0.0,0.08,2.0468798828125,1,1
2026-05-02,US0079031078,AMD,2026-05-22,put,90.0,0.01,0.0,0.08,1.96875015625,1,3
2026-05-02,US0079031078,AMD,2026-05-22,put,100.0,0.07,0.0,0.08,1.8281258593749998,1,1
2026-05-02,US0079031078,AMD,2026-05-22,put,110.0,0.01,0.0,0.08,1.6953140234375002,2,1
2026-05-02,US0079031078,AMD,2026-05-22,put,115.0,0.04,0.0,0.09,1.6484392578125,2,10
2026-05-02,US0079031078,AMD,2026-05-22,put,120.0,0.2,0.0,0.09,1.5937520312499998,1,4
2026-05-02,US0079031078,AMD,2026-05-22,put,125.0,0.03,0.0,0.09,1.53515857421875,2,22
2026-05-02,US0079031078,AMD,2026-05-22,put,130.0,0.06,0.0,0.09,1.48047134765625,4,10
2026-05-02,US0079031078,AMD,2026-05-22,put,135.0,0.08,0.0,0.1,1.44140904296875,20,16
2026-05-02,US0079031078,AMD,2026-05-22,put,140.0,0.04,0.0,0.11,1.40234673828125,1,34
2026-05-02,US0079031078,AMD,2026-05-22,put,145.0,0.07,0.0,0.1,1.3437532812499997,2,21
2026-05-02,US0079031078,AMD,2026-05-22,put,150.0,0.15,0.0,0.12,1.3164096679687498,6,78
2026-05-02,US0079031078,AMD,2026-05-22,put,155.0,0.07,0.0,0.12,1.2695349023437497,34,45
2026-05-02,US0079031078,AMD,2026-05-22,put,160.0,0.07,0.0,0.12,1.2265663671875,1,2263
2026-05-02,US0079031078,AMD,2026-05-22,put,165.0,0.05,0.0,0.11,1.171879140625,1,65
2026-05-02,US0079031078,AMD,2026-05-22,put,170.0,0.13,0.01,0.14,1.1640666796875,3,149
2026-05-02,US0079031078,AMD,2026-05-22,put,175.0,0.21,0.06,0.13,1.150394873046875,1,161
2026-05-02,US0079031078,AMD,2026-05-22,put,180.0,0.09,0.08,0.15,1.1328168359375002,20,211
2026-05-02,US0079031078,AMD,2026-05-22,put,185.0,0.12,0.11,0.18,1.119145029296875,3,235
2026-05-02,US0079031078,AMD,2026-05-22,put,190.0,0.15,0.05,0.22,1.0703171484375003,14,2323
2026-05-02,US0079031078,AMD,2026-05-22,put,195.0,0.2,0.11,0.24,1.0615281298828125,5,251
2026-05-02,US0079031078,AMD,2026-05-22,put,200.0,0.2,0.18,0.26,1.05078599609375,49,632
2026-05-02,US0079031078,AMD,2026-05-22,put,205.0,0.25,0.2,0.31,1.0302782861328126,4,260
2026-05-02,US0079031078,AMD,2026-05-22,put,210.0,0.25,0.22,0.27,0.98437515625,13,499
2026-05-02,US0079031078,AMD,2026-05-22,put,215.0,0.33,0.22,0.36,0.9677737597656251,2,210
2026-05-02,US0079031078,AMD,2026-05-22,put,220.0,0.44,0.3,0.37,0.94726615234375,19,554
2026-05-02,US0079031078,AMD,2026-05-22,put,225.0,0.44,0.35,0.44,0.930664755859375,8,305
2026-05-02,US0079031078,AMD,2026-05-22,put,230.0,0.51,0.36,0.55,0.9106454248046875,50,479
2026-05-02,US0079031078,AMD,2026-05-22,put,235.0,0.54,0.5,0.66,0.9062509375,61,276
2026-05-02,US0079031078,AMD,2026-05-22,put,240.0,0.62,0.52,0.67,0.8706067626953125,18,609
2026-05-02,US0079031078,AMD,2026-05-22,put,245.0,0.81,0.62,0.86,0.8632826171875,13,436
2026-05-02,US0079031078,AMD,2026-05-22,put,250.0,0.85,0.78,0.9,0.8430191479492187,85,836
2026-05-02,US0079031078,AMD,2026-05-22,put,255.0,1.04,0.88,1.14,0.8320329296874999,36,497
2026-05-02,US0079031078,AMD,2026-05-22,put,260.0,1.19,1.05,1.24,0.8120135986328124,62,641
2026-05-02,US0079031078,AMD,2026-05-22,put,265.0,1.39,1.27,1.46,0.8007832421875,57,434
2026-05-02,US0079031078,AMD,2026-05-22,put,270.0,1.66,1.58,1.83,0.7983418603515625,242,714
2026-05-02,US0079031078,AMD,2026-05-22,put,275.0,1.97,1.77,2.02,0.7758811474609376,118,429
2026-05-02,US0079031078,AMD,2026-05-22,put,280.0,2.35,2.25,2.36,0.7707542456054688,183,503
2026-05-02,US0079031078,AMD,2026-05-22,put,285.0,2.94,2.62,2.92,0.7644066528320312,112,549
2026-05-02,US0079031078,AMD,2026-05-22,put,290.0,3.25,3.0,3.3,0.7475611181640626,593,386
2026-05-02,US0079031078,AMD,2026-05-22,put,295.0,3.73,3.55,3.95,0.7412135253906249,55,525
2026-05-02,US0079031078,AMD,2026-05-22,put,300.0,4.75,4.3,4.65,0.7369411071777343,693,786
2026-05-02,US0079031078,AMD,2026-05-22,put,305.0,5.25,5.0,5.45,0.7287624780273438,182,120
2026-05-02,US0079031078,AMD,2026-05-22,put,310.0,6.4,6.0,6.65,0.7320583435058592,75,278
2026-05-02,US0079031078,AMD,2026-05-22,put,315.0,7.34,7.0,7.5,0.7218655743408204,152,312
2026-05-02,US0079031078,AMD,2026-05-22,put,320.0,8.45,8.25,8.6,0.7172269488525391,1617,195
2026-05-02,US0079031078,AMD,2026-05-22,put,325.0,9.82,9.5,10.0,0.7131376342773439,139,88
2026-05-02,US0079031078,AMD,2026-05-22,put,330.0,11.56,11.05,11.55,0.711916943359375,86,137
2026-05-02,US0079031078,AMD,2026-05-22,put,335.0,12.58,12.7,13.5,0.7138090142822267,60,120
2026-05-02,US0079031078,AMD,2026-05-22,put,340.0,14.45,14.55,15.2,0.7095365960693358,102,84
2026-05-02,US0079031078,AMD,2026-05-22,put,345.0,17.07,16.55,17.45,0.7111845288085938,29,145
2026-05-02,US0079031078,AMD,2026-05-22,put,350.0,18.96,18.7,19.3,0.7039824523925782,148,134
2026-05-02,US0079031078,AMD,2026-05-22,put,355.0,21.6,21.05,22.0,0.707583490600586,52,176
2026-05-02,US0079031078,AMD,2026-05-22,put,360.0,24.0,23.6,24.55,0.7070341796875,42,136
2026-05-02,US0079031078,AMD,2026-05-22,put,365.0,27.45,26.25,27.35,0.7067900415039063,8,52
2026-05-02,US0079031078,AMD,2026-05-22,put,380.0,36.85,35.15,37.0,0.7110624597167969,10,8
2026-05-02,US0079031078,AMD,2026-05-22,put,390.0,43.8,42.1,43.85,0.713992117919922,6,1
2026-05-02,US0079031078,AMD,2026-05-22,put,400.0,51.3,48.6,51.1,0.6992827923583984,37,81
2026-05-02,US0079031078,AMD,2026-05-22,put,410.0,61.9,56.85,58.95,0.7079496978759765,30,9
2026-05-02,US0079031078,AMD,2026-05-22,put,420.0,86.1,64.5,67.3,0.7001372760009765,2,2
2026-05-02,US0079031078,AMD,2026-05-22,put,450.0,106.95,91.15,94.1,0.7137479797363282,2,1
2026-05-02,US0079031078,AMD,2026-05-22,put,480.0,144.86,119.15,122.85,0.7287624780273438,2,21
2026-05-02,US0079031078,AMD,2026-05-22,put,490.0,144.56,129.1,132.55,0.7507349145507812,2,1
2026-05-02,US0079031078,AMD,2026-05-22,put,510.0,164.29,148.35,151.85,0.7253445434570311,82,41
2026-05-02,US0079031078,AMD,2026-05-22,put,520.0,174.03,158.25,161.65,0.72851833984375,2,0
2026-05-02,US0079031078,AMD,2026-05-22,put,550.0,203.56,187.95,191.6,0.7719749365234375,2,0
2026-05-02,US0079031078,AMD,2026-05-22,put,570.0,238.88,207.6,211.45,0.6953155468750001,2,0
2026-05-02,US0079031078,AMD,2026-05-22,put,590.0,255.01,227.6,231.5,0.76367423828125,2,0
2026-05-02,US0079031078,AMD,2026-05-29,call,80.0,254.61,278.75,282.55,2.03906740234375,102,54
2026-05-02,US0079031078,AMD,2026-05-29,call,85.0,249.17,273.75,277.65,2.03906740234375,80,40
2026-05-02,US0079031078,AMD,2026-05-29,call,95.0,252.55,263.9,267.6,1.9453127734375002,2,3
2026-05-02,US0079031078,AMD,2026-05-29,call,100.0,247.65,258.75,262.6,1.78125109375,1,40
2026-05-02,US0079031078,AMD,2026-05-29,call,105.0,212.16,253.65,257.65,1.6796891015625,5,34
2026-05-02,US0079031078,AMD,2026-05-29,call,110.0,242.88,248.95,252.5,1.712892060546875,6,27
2026-05-02,US0079031078,AMD,2026-05-29,call,115.0,219.29,243.85,247.85,1.7578137109375,128,43
2026-05-02,US0079031078,AMD,2026-05-29,call,120.0,214.07,238.8,242.7,1.6171894140625,3,33
2026-05-02,US0079031078,AMD,2026-05-29,call,125.0,237.53,233.9,237.7,1.6005879345703122,5,27
2026-05-02,US0079031078,AMD,2026-05-29,call,130.0,214.09,228.85,232.85,1.5791036669921872,1,16
2026-05-02,US0079031078,AMD,2026-05-29,call,135.0,218.2,223.9,227.75,1.5078149609375,1,43
2026-05-02,US0079031078,AMD,2026-05-29,call,140.0,218.56,218.95,222.8,1.486330693359375,1,32
2026-05-02,US0079031078,AMD,2026-05-29,call,145.0,193.78,214.0,217.8,1.4482449462890625,2,11
2026-05-02,US0079031078,AMD,2026-05-29,call,150.0,188.27,209.1,212.85,1.43359658203125,6,23
2026-05-02,US0079031078,AMD,2026-05-29,call,155.0,180.5,204.05,207.85,1.3730500097656249,4,26
2026-05-02,US0079031078,AMD,2026-05-29,call,160.0,197.82,199.25,202.3,1.2324257128906249,5,159
2026-05-02,US0079031078,AMD,2026-05-29,call,165.0,190.59,193.95,197.8,1.2441444042968748,1,23
2026-05-02,US0079031078,AMD,2026-05-29,call,170.0,187.88,189.15,192.95,1.272464575195312,2,32
2026-05-02,US0079031078,AMD,2026-05-29,call,175.0,175.04,184.1,187.85,1.2001993115234375,50,28
2026-05-02,US0079031078,AMD,2026-05-29,call,180.0,173.3,179.2,183.1,1.2158242333984375,1,32
2026-05-02,US0079031078,AMD,2026-05-29,call,185.0,127.74,174.05,178.05,1.1416058544921874,1,85
2026-05-02,US0079031078,AMD,2026-05-29,call,190.0,143.5,169.4,173.0,1.144047248535156,3,150
2026-05-02,US0079031078,AMD,2026-05-29,call,195.0,155.3,164.35,168.25,1.1274457690429687,1,36
2026-05-02,US0079031078,AMD,2026-05-29,call,200.0,161.25,159.45,163.25,1.0976607617187502,1,72
2026-05-02,US0079031078,AMD,2026-05-29,call,205.0,143.36,154.55,158.3,1.0722702636718753,2,58
2026-05-02,US0079031078,AMD,2026-05-29,call,210.0,144.03,149.4,153.3,1.0166064794921876,6,70
2026-05-02,US0079031078,AMD,2026-05-29,call,215.0,145.24,144.65,148.65,1.0329638195800785,3,47
2026-05-02,US0079031078,AMD,2026-05-29,call,220.0,140.21,139.9,142.9,0.9492192578124999,18,86
2026-05-02,US0079031078,AMD,2026-05-29,call,225.0,132.48,134.7,138.35,0.9333502758789063,4,93
2026-05-02,US0079031078,AMD,2026-05-29,call,230.0,130.81,130.05,133.1,0.9038095556640625,1,88
2026-05-02,US0079031078,AMD,2026-05-29,call,235.0,127.61,125.25,128.25,0.8920909228515624,1,173
2026-05-02,US0079031078,AMD,2026-05-29,call,240.0,120.7,120.3,123.65,0.883790224609375,10,123
2026-05-02,US0079031078,AMD,2026-05-29,call,245.0,114.82,115.5,118.55,0.8518081225585938,2,123
2026-05-02,US0079031078,AMD,2026-05-29,call,250.0,111.76,110.65,113.75,0.833741896972656,23,197
2026-05-02,US0079031078,AMD,2026-05-29,call,255.0,102.0,105.9,108.9,0.8161639477539062,2,176
2026-05-02,US0079031078,AMD,2026-05-29,call,260.0,96.52,101.15,104.15,0.8012715185546875,15,180
2026-05-02,US0079031078,AMD,2026-05-29,call,265.0,98.0,96.55,99.35,0.788088056640625,9,262
2026-05-02,US0079031078,AMD,2026-05-29,call,270.0,91.52,92.25,94.65,0.7866232275390624,7,469
2026-05-02,US0079031078,AMD,2026-05-29,call,275.0,88.1,87.45,90.15,0.7708763146972657,5,132
2026-05-02,US0079031078,AMD,2026-05-29,call,280.0,86.65,82.85,85.55,0.7557397473144531,2,327
2026-05-02,US0079031078,AMD,2026-05-29,call,285.0,77.76,78.6,81.1,0.751833536376953,30,182
2026-05-02,US0079031078,AMD,2026-05-29,call,290.0,76.33,74.3,76.6,0.7413355944824218,16,5158
2026-05-02,US0079031078,AMD,2026-05-29,call,295.0,70.73,69.9,72.35,0.7312038598632812,17,123
2026-05-02,US0079031078,AMD,2026-05-29,call,300.0,65.88,65.8,68.1,0.7242459216308592,27,477
2026-05-02,US0079031078,AMD,2026-05-29,call,305.0,56.5,61.65,63.45,0.7047148669433594,10,168
2026-05-02,US0079031078,AMD,2026-05-29,call,310.0,56.58,57.7,60.1,0.7108793560791016,25,260
2026-05-02,US0079031078,AMD,2026-05-29,call,315.0,54.92,53.8,56.35,0.7056914196777344,15,254
2026-05-02,US0079031078,AMD,2026-05-29,call,320.0,51.23,50.3,52.55,0.7024565887451173,80,337
2026-05-02,US0079031078,AMD,2026-05-29,call,325.0,46.45,46.75,49.05,0.6990386541748048,37,367
2026-05-02,US0079031078,AMD,2026-05-29,call,330.0,45.0,43.25,45.55,0.6925079577636719,37,290
2026-05-02,US0079031078,AMD,2026-05-29,call,335.0,39.6,39.95,42.55,0.6922027850341796,22,210
2026-05-02,US0079031078,AMD,2026-05-29,call,340.0,38.1,37.75,39.3,0.6994353787231445,70,1037
2026-05-02,US0079031078,AMD,2026-05-29,call,345.0,34.1,34.35,36.45,0.6917145086669922,40,577
2026-05-02,US0079031078,AMD,2026-05-29,call,350.0,32.46,32.2,33.2,0.6915314050292969,153,545
2026-05-02,US0079031078,AMD,2026-05-29,call,355.0,29.98,29.6,30.5,0.6888458850097658,1666,169
2026-05-02,US0079031078,AMD,2026-05-29,call,360.0,27.73,27.2,28.05,0.6881745050048829,202,267
2026-05-02,US0079031078,AMD,2026-05-29,call,365.0,25.39,24.5,25.7,0.6813386358642579,74,94
2026-05-02,US0079031078,AMD,2026-05-29,call,370.0,23.27,22.9,23.6,0.6879303668212893,77,252
2026-05-02,US0079031078,AMD,2026-05-29,call,380.0,19.4,19.05,19.65,0.6857941577148439,62,711
2026-05-02,US0079031078,AMD,2026-05-29,call,390.0,15.94,15.4,16.55,0.6838410522460938,48,242
2026-05-02,US0079031078,AMD,2026-05-29,call,400.0,13.58,13.15,13.95,0.6948883050537109,253,397
2026-05-02,US0079031078,AMD,2026-05-29,call,410.0,10.9,10.55,11.5,0.6917755432128907,41,132
2026-05-02,US0079031078,AMD,2026-05-29,call,420.0,9.2,8.6,9.5,0.6936676141357423,107,276
2026-05-02,US0079031078,AMD,2026-05-29,call,430.0,6.95,7.0,7.9,0.6974517559814455,48,140
2026-05-02,US0079031078,AMD,2026-05-29,call,440.0,6.12,5.8,6.55,0.7033721069335939,56,117
2026-05-02,US0079031078,AMD,2026-05-29,call,450.0,4.9,4.65,5.45,0.7064238342285156,208,319
2026-05-02,US0079031078,AMD,2026-05-29,call,460.0,3.99,3.95,4.45,0.7132597033691408,28,183
2026-05-02,US0079031078,AMD,2026-05-29,call,470.0,3.34,3.15,3.7,0.7161283270263672,8,143
2026-05-02,US0079031078,AMD,2026-05-29,call,480.0,2.86,2.59,3.1,0.7224148852539063,12,138
2026-05-02,US0079031078,AMD,2026-05-29,call,490.0,2.45,2.14,2.55,0.7272976489257812,10,187
2026-05-02,US0079031078,AMD,2026-05-29,call,500.0,1.91,1.76,2.05,0.7297390307617188,102,291
2026-05-02,US0079031078,AMD,2026-05-29,call,510.0,1.8,1.48,1.73,0.7375514526367187,65,202
2026-05-02,US0079031078,AMD,2026-05-29,call,520.0,1.41,1.17,1.52,0.74414318359375,8,316
2026-05-02,US0079031078,AMD,2026-05-29,call,530.0,0.99,0.96,1.29,0.7502466381835937,2,17
2026-05-02,US0079031078,AMD,2026-05-29,call,540.0,0.99,0.79,1.09,0.7556176782226562,1,72
2026-05-02,US0079031078,AMD,2026-05-29,call,550.0,0.78,0.65,0.94,0.7624535473632813,11,41
2026-05-02,US0079031078,AMD,2026-05-29,call,560.0,0.68,0.58,0.81,0.772463212890625,8,15
2026-05-02,US0079031078,AMD,2026-05-29,call,570.0,0.55,0.48,0.69,0.7778342529296876,39,142
2026-05-02,US0079031078,AMD,2026-05-29,call,580.0,0.59,0.36,0.61,0.7812521875,1,22
2026-05-02,US0079031078,AMD,2026-05-29,call,590.0,0.34,0.29,0.53,0.7866232275390624,8,66
2026-05-02,US0079031078,AMD,2026-05-29,call,600.0,0.33,0.24,0.47,0.7939473730468749,18,392
2026-05-02,US0079031078,AMD,2026-05-29,put,105.0,0.05,0.0,0.1,1.5546897265624997,5,5
2026-05-02,US0079031078,AMD,2026-05-29,put,115.0,0.12,0.0,0.11,1.4570339648437498,,1
2026-05-02,US0079031078,AMD,2026-05-29,put,125.0,0.09,0.0,0.12,1.3671906640625,1,12
2026-05-02,US0079031078,AMD,2026-05-29,put,130.0,0.11,0.0,0.12,1.3164096679687498,1,28
2026-05-02,US0079031078,AMD,2026-05-29,put,135.0,0.04,0.0,0.12,1.2695349023437497,4,5
2026-05-02,US0079031078,AMD,2026-05-29,put,140.0,0.05,0.0,0.11,1.2148476757812499,1,26
2026-05-02,US0079031078,AMD,2026-05-29,put,145.0,0.08,0.0,0.14,1.19922275390625,2,32
2026-05-02,US0079031078,AMD,2026-05-29,put,150.0,0.1,0.0,0.16,1.173832255859375,3,46
2026-05-02,US0079031078,AMD,2026-05-29,put,155.0,0.16,0.0,0.16,1.1328168359375002,23,34
2026-05-02,US0079031078,AMD,2026-05-29,put,160.0,0.12,0.01,0.19,1.1171919140625,4,27
2026-05-02,US0079031078,AMD,2026-05-29,put,165.0,0.13,0.02,0.2,1.08984830078125,25,19
2026-05-02,US0079031078,AMD,2026-05-29,put,170.0,0.2,0.05,0.21,1.0703171484375003,28,80
2026-05-02,US0079031078,AMD,2026-05-29,put,175.0,0.17,0.08,0.24,1.056645341796875,9,349
2026-05-02,US0079031078,AMD,2026-05-29,put,180.0,0.16,0.1,0.23,1.021489267578125,7,68
2026-05-02,US0079031078,AMD,2026-05-29,put,185.0,0.2,0.11,0.28,1.0048877880859375,21,123
2026-05-02,US0079031078,AMD,2026-05-29,put,190.0,0.21,0.2,0.29,0.9960937890625,106,191
2026-05-02,US0079031078,AMD,2026-05-29,put,195.0,0.43,0.2,0.36,0.975586181640625,1,64
2026-05-02,US0079031078,AMD,2026-05-29,put,200.0,0.3,0.28,0.39,0.9619144433593749,191,933
2026-05-02,US0079031078,AMD,2026-05-29,put,205.0,0.47,0.24,0.45,0.928711650390625,3,189
2026-05-02,US0079031078,AMD,2026-05-29,put,210.0,0.4,0.28,0.51,0.9101571484375,15,193
2026-05-02,US0079031078,AMD,2026-05-29,put,215.0,0.48,0.36,0.54,0.8916026464843749,34,197
2026-05-02,US0079031078,AMD,2026-05-29,put,220.0,0.55,0.5,0.63,0.8862316064453124,37,349
2026-05-02,US0079031078,AMD,2026-05-29,put,225.0,0.63,0.57,0.65,0.86132951171875,97,374
2026-05-02,US0079031078,AMD,2026-05-29,put,230.0,0.75,0.57,0.8,0.8415543188476562,60,465
2026-05-02,US0079031078,AMD,2026-05-29,put,235.0,0.77,0.67,0.92,0.826906027832031,42,270
2026-05-02,US0079031078,AMD,2026-05-29,put,240.0,1.06,0.77,1.06,0.8115253222656249,73,452
2026-05-02,US0079031078,AMD,2026-05-29,put,245.0,1.09,0.88,1.21,0.7954122021484374,63,216
2026-05-02,US0079031078,AMD,2026-05-29,put,250.0,1.33,1.2,1.39,0.7922384057617188,250,2132
2026-05-02,US0079031078,AMD,2026-05-29,put,255.0,1.48,1.26,1.56,0.7695335546875001,13,578
2026-05-02,US0079031078,AMD,2026-05-29,put,260.0,1.67,1.59,1.83,0.7644066528320312,66,457
2026-05-02,US0079031078,AMD,2026-05-29,put,265.0,1.95,1.87,2.11,0.7532983654785157,97,292
2026-05-02,US0079031078,AMD,2026-05-29,put,270.0,2.26,2.14,2.41,0.7396266271972656,108,532
2026-05-02,US0079031078,AMD,2026-05-29,put,275.0,2.62,2.4,2.83,0.7272976489257812,157,1063
2026-05-02,US0079031078,AMD,2026-05-29,put,280.0,3.1,2.91,3.25,0.7202176416015625,178,306
2026-05-02,US0079031078,AMD,2026-05-29,put,285.0,3.62,3.4,3.85,0.713992117919922,113,186
2026-05-02,US0079031078,AMD,2026-05-29,put,290.0,4.25,4.05,4.4,0.7067290069580079,96,463
2026-05-02,US0079031078,AMD,2026-05-29,put,295.0,4.93,4.75,5.05,0.6994048614501953,134,250
2026-05-02,US0079031078,AMD,2026-05-29,put,300.0,5.67,5.5,5.85,0.6927520959472657,652,6876
2026-05-02,US0079031078,AMD,2026-05-29,put,305.0,6.64,6.1,6.85,0.6834138104248049,93,120
2026-05-02,US0079031078,AMD,2026-05-29,put,310.0,7.66,7.45,7.8,0.6838410522460938,180,324
2026-05-02,US0079031078,AMD,2026-05-29,put,315.0,8.62,8.25,8.95,0.673404144897461,66,297
2026-05-02,US0079031078,AMD,2026-05-29,put,320.0,10.14,9.6,10.45,0.6745638012695314,175,345
2026-05-02,US0079031078,AMD,2026-05-29,put,325.0,11.6,11.25,12.1,0.6780427703857423,45,2060
2026-05-02,US0079031078,AMD,2026-05-29,put,330.0,13.1,12.85,13.35,0.6702303485107424,94,1130
2026-05-02,US0079031078,AMD,2026-05-29,put,335.0,14.45,14.6,15.2,0.6694368994140626,24,184
2026-05-02,US0079031078,AMD,2026-05-29,put,340.0,16.8,16.65,17.1,0.6692537957763673,282,171
2026-05-02,US0079031078,AMD,2026-05-29,put,345.0,19.19,18.6,19.45,0.6696810375976563,50,192
2026-05-02,US0079031078,AMD,2026-05-29,put,350.0,21.2,20.8,21.8,0.6693148303222658,110,88
2026-05-02,US0079031078,AMD,2026-05-29,put,355.0,23.6,22.9,23.95,0.661258270263672,60,36
2026-05-02,US0079031078,AMD,2026-05-29,put,360.0,26.06,25.7,26.8,0.6671786212158206,98,6
2026-05-02,US0079031078,AMD,2026-05-29,put,365.0,28.75,28.45,29.7,0.6692537957763673,17,6
2026-05-02,US0079031078,AMD,2026-05-29,put,370.0,31.63,31.35,32.5,0.6682772430419923,41,3
2026-05-02,US0079031078,AMD,2026-05-29,put,380.0,49.42,36.85,38.55,0.6575351629638673,8,5
2026-05-02,US0079031078,AMD,2026-05-29,put,390.0,56.54,43.35,45.9,0.6624179266357424,3,2
2026-05-02,US0079031078,AMD,2026-05-29,put,400.0,55.27,50.7,53.1,0.6640048248291017,3,30
2026-05-02,US0079031078,AMD,2026-05-29,put,410.0,75.45,58.6,60.8,0.6683993121337892,16,15
2026-05-02,US0079031078,AMD,2026-05-29,put,440.0,91.95,83.0,86.25,0.663333444824219,2,4
2026-05-02,US0079031078,AMD,2026-05-29,put,460.0,103.3,101.6,104.35,0.6794465649414063,1,1
2026-05-02,US0079031078,AMD,2026-05-29,put,470.0,126.58,110.4,113.95,0.6759065612792969,2,0
2026-05-02,US0079031078,AMD,2026-05-29,put,490.0,147.75,129.6,132.5,0.6701693139648439,20,20
2026-05-02,US0079031078,AMD,2026-05-29,put,500.0,147.45,139.3,141.9,0.6608920629882813,1,21
2026-05-02,US0079031078,AMD,2026-05-29,put,520.0,174.54,158.75,161.75,0.6792024267578126,2,1
2026-05-02,US0079031078,AMD,2026-05-29,put,530.0,183.89,168.6,171.55,0.6806672558593752,3,1
2026-05-02,US0079031078,AMD,2026-05-29,put,590.0,243.65,227.7,231.5,0.69336244140625,4,0
2026-05-02,US0079031078,AMD,2026-06-05,call,85.0,265.0,273.95,277.65,1.9296878515625,18,9
2026-05-02,US0079031078,AMD,2026-06-05,call,95.0,253.89,263.9,267.8,1.82421962890625,2,1
2026-05-02,US0079031078,AMD,2026-06-05,call,120.0,203.94,238.85,242.8,1.5009790576171875,2,6
2026-05-02,US0079031078,AMD,2026-06-05,call,125.0,220.24,233.9,237.85,1.478518232421875,4,2
2026-05-02,US0079031078,AMD,2026-06-05,call,140.0,207.95,219.1,222.7,1.3418001660156247,2,
2026-05-02,US0079031078,AMD,2026-06-05,call,145.0,202.84,214.05,217.95,1.338870493164062,6,
2026-05-02,US0079031078,AMD,2026-06-05,call,165.0,170.51,194.25,198.25,1.2392616162109373,2,1
2026-05-02,US0079031078,AMD,2026-06-05,call,170.0,161.91,189.35,193.3,1.2148476757812499,1,2
2026-05-02,US0079031078,AMD,2026-06-05,call,180.0,167.34,179.45,183.25,1.1367230664062502,2,1
2026-05-02,US0079031078,AMD,2026-06-05,call,185.0,135.55,174.5,178.3,1.107426337890625,2,41
2026-05-02,US0079031078,AMD,2026-06-05,call,190.0,144.71,169.4,173.35,1.0625046875000002,80,42
2026-05-02,US0079031078,AMD,2026-06-05,call,195.0,139.8,164.65,168.45,1.0573777600097656,142,72
2026-05-02,US0079031078,AMD,2026-06-05,call,200.0,136.5,159.7,163.5,1.0273486132812502,26,14
2026-05-02,US0079031078,AMD,2026-06-05,call,205.0,116.88,154.8,158.6,1.0056202062988282,2,54
2026-05-02,US0079031078,AMD,2026-06-05,call,210.0,128.06,149.8,153.7,0.975586181640625,60,34
2026-05-02,US0079031078,AMD,2026-06-05,call,215.0,144.46,145.0,148.8,0.9592289233398437,4,11
2026-05-02,US0079031078,AMD,2026-06-05,call,220.0,135.15,140.4,143.8,0.94726615234375,1,130
2026-05-02,US0079031078,AMD,2026-06-05,call,230.0,131.78,130.65,133.65,0.8798840136718749,10,47
2026-05-02,US0079031078,AMD,2026-06-05,call,235.0,126.18,125.8,128.85,0.8623060644531251,8,5
2026-05-02,US0079031078,AMD,2026-06-05,call,240.0,120.83,121.0,124.0,0.8435074243164062,1,22
2026-05-02,US0079031078,AMD,2026-06-05,call,245.0,117.7,116.2,119.2,0.8255632678222655,3,37
2026-05-02,US0079031078,AMD,2026-06-05,call,250.0,107.3,111.4,114.45,0.8083515258789062,1,44
2026-05-02,US0079031078,AMD,2026-06-05,call,255.0,84.29,106.6,109.7,0.7895528857421875,3,27
2026-05-02,US0079031078,AMD,2026-06-05,call,260.0,102.22,101.8,104.95,0.7696556237792969,57,57
2026-05-02,US0079031078,AMD,2026-06-05,call,265.0,98.31,97.8,100.35,0.7778342529296876,4,23
2026-05-02,US0079031078,AMD,2026-06-05,call,270.0,93.86,93.2,95.8,0.7651390673828126,8,27
2026-05-02,US0079031078,AMD,2026-06-05,call,275.0,84.02,88.7,91.3,0.7541528491210938,8,21
2026-05-02,US0079031078,AMD,2026-06-05,call,280.0,79.6,84.25,87.15,0.7500635345458984,1,28
2026-05-02,US0079031078,AMD,2026-06-05,call,285.0,74.15,79.9,82.4,0.7317531707763671,5,21
2026-05-02,US0079031078,AMD,2026-06-05,call,290.0,73.6,75.65,78.05,0.722109712524414,4,45
2026-05-02,US0079031078,AMD,2026-06-05,call,295.0,60.75,71.75,73.95,0.7211941943359376,5,29
2026-05-02,US0079031078,AMD,2026-06-05,call,300.0,68.05,67.85,69.9,0.7173490179443358,7,149
2026-05-02,US0079031078,AMD,2026-06-05,call,305.0,58.0,63.45,65.85,0.7019683123779297,8,65
2026-05-02,US0079031078,AMD,2026-06-05,call,310.0,60.0,59.65,62.15,0.6994048614501953,7,29
2026-05-02,US0079031078,AMD,2026-06-05,call,315.0,58.36,55.85,58.65,0.696414168701172,25,14
2026-05-02,US0079031078,AMD,2026-06-05,call,320.0,53.17,52.6,54.85,0.6936065795898438,9,67
2026-05-02,US0079031078,AMD,2026-06-05,call,325.0,51.22,48.85,51.45,0.6862213995361328,10,49
2026-05-02,US0079031078,AMD,2026-06-05,call,330.0,42.58,45.65,48.15,0.6843293286132813,3,154
2026-05-02,US0079031078,AMD,2026-06-05,call,335.0,44.5,42.45,44.65,0.6767000103759766,17,61
2026-05-02,US0079031078,AMD,2026-06-05,call,340.0,40.4,39.4,42.05,0.6788972540283205,22,235
2026-05-02,US0079031078,AMD,2026-06-05,call,345.0,37.98,36.75,38.75,0.6742586285400394,101,125
2026-05-02,US0079031078,AMD,2026-06-05,call,350.0,33.95,34.0,36.4,0.6763948376464846,204,201
2026-05-02,US0079031078,AMD,2026-06-05,call,355.0,33.05,31.25,33.6,0.6702608657836916,365,360
2026-05-02,US0079031078,AMD,2026-06-05,call,360.0,30.45,28.95,31.55,0.674777422180176,161,117
2026-05-02,US0079031078,AMD,2026-06-05,call,365.0,28.25,27.4,28.5,0.6734651794433595,80,37
2026-05-02,US0079031078,AMD,2026-06-05,call,370.0,25.21,24.85,26.7,0.6720308676147463,12,66
2026-05-02,US0079031078,AMD,2026-06-05,call,380.0,21.68,20.75,23.1,0.6720003503417971,33,60
2026-05-02,US0079031078,AMD,2026-06-05,call,390.0,18.1,17.65,19.65,0.6743806976318361,97,423
2026-05-02,US0079031078,AMD,2026-06-05,call,400.0,16.6,14.9,16.6,0.6753877676391603,137,1020
2026-05-02,US0079031078,AMD,2026-06-05,call,410.0,13.67,12.25,14.05,0.6740144903564456,16,75
2026-05-02,US0079031078,AMD,2026-06-05,call,420.0,11.65,10.3,12.0,0.6790193231201174,133,130
2026-05-02,US0079031078,AMD,2026-06-05,call,430.0,9.05,8.75,10.05,0.6826813958740237,31,69
2026-05-02,US0079031078,AMD,2026-06-05,call,440.0,7.95,7.0,8.55,0.6820100158691409,13,78
2026-05-02,US0079031078,AMD,2026-06-05,call,450.0,6.9,6.15,7.25,0.6917145086669922,50,126
2026-05-02,US0079031078,AMD,2026-06-05,call,460.0,5.8,4.95,5.8,0.68555001953125,83,36
2026-05-02,US0079031078,AMD,2026-06-05,call,470.0,4.1,4.2,5.35,0.7008696905517577,9,40
2026-05-02,US0079031078,AMD,2026-06-05,call,480.0,4.25,3.75,4.15,0.7015410705566407,4,41
2026-05-02,US0079031078,AMD,2026-06-05,call,490.0,3.28,3.0,3.65,0.7056914196777344,3,32
2026-05-02,US0079031078,AMD,2026-06-05,call,500.0,2.8,2.54,3.1,0.710940390625,75,45
2026-05-02,US0079031078,AMD,2026-06-05,call,520.0,2.0,1.74,2.2,0.7164334997558592,28,42
2026-05-02,US0079031078,AMD,2026-06-05,call,530.0,1.6,1.45,1.73,0.7143583251953125,5,32
2026-05-02,US0079031078,AMD,2026-06-05,call,540.0,0.7,1.19,1.58,0.7226590234375,1,4
2026-05-02,US0079031078,AMD,2026-06-05,call,550.0,1.23,0.98,1.35,0.7260769580078125,3,89
2026-05-02,US0079031078,AMD,2026-06-05,call,560.0,0.6,0.81,1.16,0.7299831689453125,11,42
2026-05-02,US0079031078,AMD,2026-06-05,call,570.0,0.9,0.67,0.99,0.7331569653320311,5,18
2026-05-02,US0079031078,AMD,2026-06-05,call,580.0,0.72,0.55,0.86,0.737307314453125,20,141
2026-05-02,US0079031078,AMD,2026-06-05,call,590.0,0.61,0.44,0.74,0.7395045581054687,1,19
2026-05-02,US0079031078,AMD,2026-06-05,call,600.0,0.63,0.36,0.59,0.7377955908203124,1,268
2026-05-02,US0079031078,AMD,2026-06-05,put,100.0,0.03,0.0,0.12,1.46875265625,1,1
2026-05-02,US0079031078,AMD,2026-06-05,put,120.0,0.07,0.0,0.13,1.2773473632812498,10,5
2026-05-02,US0079031078,AMD,2026-06-05,put,140.0,0.29,0.0,0.16,1.12891060546875,18,12
2026-05-02,US0079031078,AMD,2026-06-05,put,145.0,0.23,0.0,0.17,1.0957076464843751,14,12
2026-05-02,US0079031078,AMD,2026-06-05,put,150.0,0.21,0.02,0.2,1.0859420703125,1,2
2026-05-02,US0079031078,AMD,2026-06-05,put,175.0,0.14,0.1,0.31,0.973633076171875,1,4
2026-05-02,US0079031078,AMD,2026-06-05,put,195.0,0.42,0.35,0.43,0.9125985302734375,16,41
2026-05-02,US0079031078,AMD,2026-06-05,put,200.0,0.45,0.43,0.54,0.9067392138671875,227,98
2026-05-02,US0079031078,AMD,2026-06-05,put,210.0,0.57,0.45,0.72,0.8632826171875,4,17
2026-05-02,US0079031078,AMD,2026-06-05,put,215.0,0.9,0.51,0.8,0.8447281152343749,5,18
2026-05-02,US0079031078,AMD,2026-06-05,put,225.0,0.89,0.72,1.04,0.8188494677734374,45,25
2026-05-02,US0079031078,AMD,2026-06-05,put,230.0,0.98,0.83,1.12,0.799806689453125,27,64
2026-05-02,US0079031078,AMD,2026-06-05,put,235.0,1.25,0.96,1.32,0.7893087475585938,15,33
2026-05-02,US0079031078,AMD,2026-06-05,put,240.0,1.31,1.12,1.5,0.7763694238281251,48,90
2026-05-02,US0079031078,AMD,2026-06-05,put,245.0,1.56,1.3,1.72,0.764650791015625,32,56
2026-05-02,US0079031078,AMD,2026-06-05,put,250.0,1.72,1.52,1.8,0.7458521508789062,79,102
2026-05-02,US0079031078,AMD,2026-06-05,put,255.0,2.1,1.76,2.23,0.7417018017578124,35,44
2026-05-02,US0079031078,AMD,2026-06-05,put,260.0,2.3,2.07,2.55,0.732302481689453,15,87
2026-05-02,US0079031078,AMD,2026-06-05,put,265.0,2.74,2.41,2.92,0.7227810925292968,28,118
2026-05-02,US0079031078,AMD,2026-06-05,put,270.0,3.07,2.78,3.35,0.7133817724609376,23,127
2026-05-02,US0079031078,AMD,2026-06-05,put,275.0,3.6,3.25,3.85,0.7060576269531251,40,201
2026-05-02,US0079031078,AMD,2026-06-05,put,280.0,4.05,3.75,4.4,0.6976348596191408,101,356
2026-05-02,US0079031078,AMD,2026-06-05,put,285.0,4.7,4.4,5.05,0.6921417504882813,20,64
2026-05-02,US0079031078,AMD,2026-06-05,put,290.0,5.42,5.1,5.75,0.68555001953125,85,97
2026-05-02,US0079031078,AMD,2026-06-05,put,295.0,6.15,5.9,6.5,0.6787141503906251,40,138
2026-05-02,US0079031078,AMD,2026-06-05,put,300.0,7.15,7.0,7.4,0.6770662176513673,152,182
2026-05-02,US0079031078,AMD,2026-06-05,put,305.0,8.19,8.0,8.6,0.6750520776367189,62,70
2026-05-02,US0079031078,AMD,2026-06-05,put,310.0,9.32,8.85,9.75,0.6662020684814456,65,148
2026-05-02,US0079031078,AMD,2026-06-05,put,315.0,10.58,10.25,11.35,0.6695589685058594,74,61
2026-05-02,US0079031078,AMD,2026-06-05,put,320.0,12.0,11.8,12.5,0.6645541357421877,49,189
2026-05-02,US0079031078,AMD,2026-06-05,put,325.0,14.25,13.05,14.75,0.6671786212158206,22,66
2026-05-02,US0079031078,AMD,2026-06-05,put,330.0,15.4,15.2,16.1,0.6660799993896487,59,107
2026-05-02,US0079031078,AMD,2026-06-05,put,335.0,17.24,16.65,18.4,0.6646762048339845,12,97
2026-05-02,US0079031078,AMD,2026-06-05,put,340.0,19.5,18.55,20.05,0.6575961975097657,23,60
2026-05-02,US0079031078,AMD,2026-06-05,put,345.0,21.32,20.65,22.55,0.6599155102539063,11,25
2026-05-02,US0079031078,AMD,2026-06-05,put,350.0,23.6,23.1,24.85,0.6606479248046876,43,62
2026-05-02,US0079031078,AMD,2026-06-05,put,355.0,27.8,25.3,27.35,0.6575656802368165,28,16
2026-05-02,US0079031078,AMD,2026-06-05,put,360.0,28.9,27.35,29.8,0.6492344647216797,32,35
2026-05-02,US0079031078,AMD,2026-06-05,put,365.0,31.4,30.65,32.7,0.6569858520507813,4,6
2026-05-02,US0079031078,AMD,2026-06-05,put,370.0,34.72,33.05,35.55,0.6511265356445313,1,6
2026-05-02,US0079031078,AMD,2026-06-05,put,400.0,72.0,52.8,55.4,0.648441015625,1,4
2026-05-02,US0079031078,AMD,2026-06-05,put,410.0,71.59,60.35,62.95,0.6493565338134766,2,1
2026-05-02,US0079031078,AMD,2026-06-05,put,420.0,83.2,68.3,70.95,0.6520420538330078,138,69
2026-05-02,US0079031078,AMD,2026-06-05,put,440.0,100.35,84.45,88.1,0.6508823974609376,14,7
2026-05-02,US0079031078,AMD,2026-06-05,put,460.0,118.35,102.3,105.75,0.653445848388672,8,4
2026-05-02,US0079031078,AMD,2026-06-05,put,470.0,127.6,111.45,114.9,0.6544834356689455,14,7
2026-05-02,US0079031078,AMD,2026-06-05,put,490.0,162.85,130.35,133.2,0.6489292919921875,1,13
2026-05-02,US0079031078,AMD,2026-06-05,put,500.0,155.7,139.9,142.9,0.6555210229492189,48,24
2026-05-02,US0079031078,AMD,2026-06-05,put,510.0,173.9,149.5,152.5,0.6547886083984377,2,18
2026-05-02,US0079031078,AMD,2026-06-05,put,520.0,172.6,159.15,162.65,0.6745638012695314,4,2
2026-05-02,US0079031078,AMD,2026-06-05,put,530.0,185.25,168.9,171.95,0.6540561938476563,2,1
2026-05-02,US0079031078,AMD,2026-06-05,put,540.0,190.55,178.7,181.8,0.6577182666015625,32,0
2026-05-02,US0079031078,AMD,2026-06-05,put,550.0,202.35,188.35,191.55,0.6352575537109376,2,0
2026-05-02,US0079031078,AMD,2026-06-05,put,560.0,211.6,198.45,201.4,0.6528355029296876,20,0
2026-05-02,US0079031078,AMD,2026-06-05,put,570.0,222.85,207.8,211.7,0.6342810009765626,2,0
2026-05-02,US0079031078,AMD,2026-06-18,call,5.0,357.0,353.6,356.75,7.121094848632813,10,144
2026-05-02,US0079031078,AMD,2026-06-18,call,10.0,342.81,348.7,351.95,5.708987238769532,1,936
2026-05-02,US0079031078,AMD,2026-06-18,call,15.0,300.87,343.45,347.4,5.183597270507812,1,6
2026-05-02,US0079031078,AMD,2026-06-18,call,20.0,196.07,338.6,342.25,4.532230897216797,1,6
2026-05-02,US0079031078,AMD,2026-06-18,call,25.0,290.87,333.55,337.3,4.149418875732422,1,204
2026-05-02,US0079031078,AMD,2026-06-18,call,30.0,300.49,328.65,332.45,2.0937547656249995,1,58
2026-05-02,US0079031078,AMD,2026-06-18,call,35.0,210.59,323.6,327.55,2.16406708984375,1,29
2026-05-02,US0079031078,AMD,2026-06-18,call,40.0,168.14,318.7,322.5,2.1406296484375,1,18
2026-05-02,US0079031078,AMD,2026-06-18,call,45.0,156.2,232.75,234.5,1.0000000000000003e-05,1,25
2026-05-02,US0079031078,AMD,2026-06-18,call,50.0,152.5,308.6,312.55,1.8281258593749998,8,2382
2026-05-02,US0079031078,AMD,2026-06-18,call,55.0,191.34,303.65,307.65,1.9414065429687501,47,98
2026-05-02,US0079031078,AMD,2026-06-18,call,60.0,290.37,298.8,302.65,1.958984580078125,1,147
2026-05-02,US0079031078,AMD,2026-06-18,call,65.0,287.55,293.85,297.7,1.9238285058593751,16,508
2026-05-02,US0079031078,AMD,2026-06-18,call,70.0,253.75,288.8,292.75,1.8417976660156248,1,540
2026-05-02,US0079031078,AMD,2026-06-18,call,75.0,261.22,283.85,287.95,1.861328818359375,2,916
2026-05-02,US0079031078,AMD,2026-06-18,call,80.0,242.14,279.0,283.0,1.8447273388671874,1,830
2026-05-02,US0079031078,AMD,2026-06-18,call,85.0,272.6,274.1,277.75,1.7304700976562502,10,917
2026-05-02,US0079031078,AMD,2026-06-18,call,90.0,236.75,269.0,272.45,1.5214867675781247,5,1235
2026-05-02,US0079031078,AMD,2026-06-18,call,95.0,240.15,263.9,268.1,1.6396502392578123,40,1722
2026-05-02,US0079031078,AMD,2026-06-18,call,100.0,261.0,259.5,262.25,1.5146508642578125,105,4652
2026-05-02,US0079031078,AMD,2026-06-18,call,105.0,233.0,254.05,257.5,1.396487392578125,1,2543
2026-05-02,US0079031078,AMD,2026-06-18,call,110.0,250.0,249.15,252.3,1.3085972070312497,2,2263
2026-05-02,US0079031078,AMD,2026-06-18,call,115.0,239.01,244.4,247.45,1.3808624707031247,3,1154
2026-05-02,US0079031078,AMD,2026-06-18,call,120.0,233.08,239.3,242.65,1.3535188574218748,1,3408
2026-05-02,US0079031078,AMD,2026-06-18,call,125.0,228.39,234.3,237.75,1.3261752441406247,1,3432
2026-05-02,US0079031078,AMD,2026-06-18,call,130.0,229.25,229.45,232.75,1.306155812988281,12,3408
2026-05-02,US0079031078,AMD,2026-06-18,call,135.0,225.3,224.4,227.95,1.2841832666015622,11,3315
2026-05-02,US0079031078,AMD,2026-06-18,call,140.0,219.46,219.7,222.8,1.2607458837890624,2,2331
2026-05-02,US0079031078,AMD,2026-06-18,call,145.0,208.99,214.5,218.2,1.2421912890624998,1,1819
2026-05-02,US0079031078,AMD,2026-06-18,call,150.0,212.93,209.45,212.7,1.126957490234375,81,5530
2026-05-02,US0079031078,AMD,2026-06-18,call,155.0,200.0,204.5,208.05,1.1411175756835936,2,1557
2026-05-02,US0079031078,AMD,2026-06-18,call,160.0,202.35,199.85,202.9,1.1240278173828124,57,4964
2026-05-02,US0079031078,AMD,2026-06-18,call,165.0,196.05,194.6,197.95,1.0634812451171878,5,6045
2026-05-02,US0079031078,AMD,2026-06-18,call,170.0,189.27,189.95,192.9,1.0576218994140625,30,4784
2026-05-02,US0079031078,AMD,2026-06-18,call,175.0,188.27,184.9,187.45,0.9687503125,12,3323
2026-05-02,US0079031078,AMD,2026-06-18,call,180.0,182.65,179.95,182.6,0.9558109887695312,51,4648
2026-05-02,US0079031078,AMD,2026-06-18,call,185.0,174.52,175.35,178.4,1.0200244311523439,51,1885
2026-05-02,US0079031078,AMD,2026-06-18,call,190.0,172.92,170.35,173.5,0.9904786108398438,18,1919
2026-05-02,US0079031078,AMD,2026-06-18,call,195.0,167.0,165.65,168.6,0.9797365307617188,20,2768
2026-05-02,US0079031078,AMD,2026-06-18,call,200.0,160.35,160.35,163.45,0.9174812939453125,27,6944
2026-05-02,US0079031078,AMD,2026-06-18,call,210.0,151.64,150.75,153.55,0.8791515991210936,47,11499
2026-05-02,US0079031078,AMD,2026-06-18,call,220.0,142.0,141.75,143.7,0.8669446899414062,44,6052
2026-05-02,US0079031078,AMD,2026-06-18,call,230.0,134.0,132.1,134.0,0.8262956823730467,120,7702
2026-05-02,US0079031078,AMD,2026-06-18,call,240.0,124.45,123.35,124.9,0.8303239624023437,88,5578
2026-05-02,US0079031078,AMD,2026-06-18,call,250.0,114.14,113.45,115.0,0.7689232092285156,25143,30971
2026-05-02,US0079031078,AMD,2026-06-18,call,260.0,104.0,104.25,106.35,0.7562280236816408,590,9574
2026-05-02,US0079031078,AMD,2026-06-18,call,270.0,96.38,95.35,97.05,0.7274197180175781,371,11145
2026-05-02,US0079031078,AMD,2026-06-18,call,280.0,87.98,86.85,88.65,0.7167386724853515,282,5218
2026-05-02,US0079031078,AMD,2026-06-18,call,290.0,80.15,79.05,80.35,0.7092314233398438,95,3748
2026-05-02,US0079031078,AMD,2026-06-18,call,300.0,71.88,70.7,72.95,0.696841410522461,135,7859
2026-05-02,US0079031078,AMD,2026-06-18,call,310.0,63.77,63.95,65.55,0.6959564096069336,118,3366
2026-05-02,US0079031078,AMD,2026-06-18,call,320.0,56.4,56.95,58.2,0.6824372576904298,32992,6246
2026-05-02,US0079031078,AMD,2026-06-18,call,330.0,51.2,50.65,51.45,0.6746248358154299,278,3562
2026-05-02,US0079031078,AMD,2026-06-18,call,340.0,44.75,44.75,45.65,0.6716951776123048,331,3433
2026-05-02,US0079031078,AMD,2026-06-18,call,350.0,39.78,39.4,40.25,0.6689486230468751,2275,11730
2026-05-02,US0079031078,AMD,2026-06-18,call,360.0,34.75,34.5,35.25,0.6655001712036135,938,3295
2026-05-02,US0079031078,AMD,2026-06-18,call,370.0,29.7,30.15,30.9,0.6649203430175783,1851,2413
2026-05-02,US0079031078,AMD,2026-06-18,call,380.0,26.65,26.2,26.95,0.663638617553711,794,3236
2026-05-02,US0079031078,AMD,2026-06-18,call,390.0,23.0,22.7,23.5,0.6636081002807619,561,4707
2026-05-02,US0079031078,AMD,2026-06-18,call,400.0,20.17,19.75,20.35,0.6643710321044924,2992,8083
2026-05-02,US0079031078,AMD,2026-06-18,call,410.0,17.2,17.05,17.8,0.6666293103027345,267,2115
2026-05-02,US0079031078,AMD,2026-06-18,call,420.0,15.0,14.8,15.3,0.6674532766723634,301,5694
2026-05-02,US0079031078,AMD,2026-06-18,call,430.0,13.02,12.55,13.3,0.6673006903076173,233,907
2026-05-02,US0079031078,AMD,2026-06-18,call,440.0,11.13,10.75,11.45,0.6679110357666018,387,1320
2026-05-02,US0079031078,AMD,2026-06-18,call,450.0,9.6,9.4,10.0,0.6734651794433595,769,13928
2026-05-02,US0079031078,AMD,2026-06-18,call,460.0,8.03,8.0,8.7,0.6752351812744142,331,2041
2026-05-02,US0079031078,AMD,2026-06-18,call,470.0,7.1,6.95,7.3,0.6753572503662111,74,2661
2026-05-02,US0079031078,AMD,2026-06-18,call,480.0,6.2,6.0,6.5,0.6814607049560548,86,618
2026-05-02,US0079031078,AMD,2026-06-18,call,490.0,5.31,5.15,5.6,0.6833527758789064,81,376
2026-05-02,US0079031078,AMD,2026-06-18,call,500.0,4.58,4.45,4.7,0.6835358795166018,677,2706
2026-05-02,US0079031078,AMD,2026-06-18,call,510.0,3.87,3.85,4.15,0.6884796777343751,11,489
2026-05-02,US0079031078,AMD,2026-06-18,call,520.0,3.37,3.3,3.6,0.690982094116211,137,359
2026-05-02,US0079031078,AMD,2026-06-18,call,530.0,2.85,2.8,3.1,0.692080715942383,684,5712
2026-05-02,US0079031078,AMD,2026-06-18,call,540.0,2.54,2.4,2.71,0.6950714086914063,154,228
2026-05-02,US0079031078,AMD,2026-06-18,call,550.0,2.2,2.03,2.34,0.6962920996093751,237,388
2026-05-02,US0079031078,AMD,2026-06-18,call,560.0,1.92,1.79,2.05,0.7010527941894531,36,1192
2026-05-02,US0079031078,AMD,2026-06-18,call,570.0,1.64,1.5,1.79,0.7023955541992188,32,260
2026-05-02,US0079031078,AMD,2026-06-18,call,580.0,1.46,1.31,1.53,0.7045927978515626,2,69
2026-05-02,US0079031078,AMD,2026-06-18,call,590.0,1.0,1.1,1.37,0.7075224560546876,20,56
2026-05-02,US0079031078,AMD,2026-06-18,call,600.0,1.05,0.97,1.11,0.7067900415039063,2126,12880
2026-05-02,US0079031078,AMD,2026-06-18,put,5.0,0.01,0.0,0.01,3.50000125,2,136
2026-05-02,US0079031078,AMD,2026-06-18,put,20.0,0.02,0.0,0.04,2.5781285546875,24,24
2026-05-02,US0079031078,AMD,2026-06-18,put,25.0,0.01,0.0,0.08,2.5156287109374995,1,1710
2026-05-02,US0079031078,AMD,2026-06-18,put,30.0,0.02,0.0,0.08,2.3437541406249993,250,512
2026-05-02,US0079031078,AMD,2026-06-18,put,35.0,0.02,0.0,0.08,2.1875045312499997,1250,1701
2026-05-02,US0079031078,AMD,2026-06-18,put,40.0,0.01,0.0,0.08,2.0625048437499998,2,204
2026-05-02,US0079031078,AMD,2026-06-18,put,45.0,0.01,0.0,0.08,1.953125234375,1,3031
2026-05-02,US0079031078,AMD,2026-06-18,put,50.0,0.01,0.0,0.09,1.8671881640625,3,2274
2026-05-02,US0079031078,AMD,2026-06-18,put,55.0,0.03,0.0,0.08,1.7578137109375,20,748
2026-05-02,US0079031078,AMD,2026-06-18,put,60.0,0.02,0.01,0.06,1.65625171875,10,1700
2026-05-02,US0079031078,AMD,2026-06-18,put,65.0,0.02,0.01,0.06,1.5859395703124997,8,1980
2026-05-02,US0079031078,AMD,2026-06-18,put,70.0,0.02,0.01,0.06,1.5156274218749999,3,3680
2026-05-02,US0079031078,AMD,2026-06-18,put,75.0,0.03,0.01,0.06,1.453127734375,6,4070
2026-05-02,US0079031078,AMD,2026-06-18,put,80.0,0.03,0.02,0.07,1.4296903515625,10,6247
2026-05-02,US0079031078,AMD,2026-06-18,put,85.0,0.06,0.01,0.1,1.3984405078125,112,3515
2026-05-02,US0079031078,AMD,2026-06-18,put,90.0,0.06,0.02,0.12,1.3750031249999999,2,6320
2026-05-02,US0079031078,AMD,2026-06-18,put,95.0,0.06,0.05,0.06,1.29297228515625,9,5822
2026-05-02,US0079031078,AMD,2026-06-18,put,100.0,0.06,0.05,0.12,1.2968785156249998,11,7484
2026-05-02,US0079031078,AMD,2026-06-18,put,105.0,0.1,0.02,0.11,1.21875390625,100,3327
2026-05-02,US0079031078,AMD,2026-06-18,put,110.0,0.08,0.05,0.12,1.203128984375,41,12029
2026-05-02,US0079031078,AMD,2026-06-18,put,115.0,0.12,0.01,0.17,1.1679729101562502,6,6665
2026-05-02,US0079031078,AMD,2026-06-18,put,120.0,0.11,0.1,0.11,1.1445355273437499,16,5019
2026-05-02,US0079031078,AMD,2026-06-18,put,125.0,0.18,0.08,0.2,1.138676181640625,21,14721
2026-05-02,US0079031078,AMD,2026-06-18,put,130.0,0.15,0.12,0.22,1.1220747021484376,1,8560
2026-05-02,US0079031078,AMD,2026-06-18,put,135.0,0.2,0.12,0.24,1.08984830078125,10,5611
2026-05-02,US0079031078,AMD,2026-06-18,put,140.0,0.2,0.13,0.24,1.0546922265625,20,6105
2026-05-02,US0079031078,AMD,2026-06-18,put,145.0,0.28,0.2,0.24,1.0390673046875003,4,5031
2026-05-02,US0079031078,AMD,2026-06-18,put,150.0,0.27,0.25,0.3,1.0312548437500002,1,9464
2026-05-02,US0079031078,AMD,2026-06-18,put,155.0,0.36,0.18,0.35,0.9907227490234375,6,5702
2026-05-02,US0079031078,AMD,2026-06-18,put,160.0,0.31,0.27,0.36,0.9775392871093751,45,7417
2026-05-02,US0079031078,AMD,2026-06-18,put,165.0,0.35,0.29,0.4,0.9545902978515625,32,6208
2026-05-02,US0079031078,AMD,2026-06-18,put,170.0,0.4,0.39,0.45,0.9458013232421875,26,10040
2026-05-02,US0079031078,AMD,2026-06-18,put,175.0,0.41,0.42,0.49,0.922852333984375,11,4168
2026-05-02,US0079031078,AMD,2026-06-18,put,180.0,0.51,0.5,0.58,0.9125985302734375,180,19723
2026-05-02,US0079031078,AMD,2026-06-18,put,185.0,0.56,0.53,0.64,0.8901378173828124,133,4949
2026-05-02,US0079031078,AMD,2026-06-18,put,190.0,0.62,0.6,0.68,0.870118486328125,159,14699
2026-05-02,US0079031078,AMD,2026-06-18,put,195.0,0.67,0.63,0.73,0.8461929443359374,40,5890
2026-05-02,US0079031078,AMD,2026-06-18,put,200.0,0.78,0.76,0.8,0.8334977587890623,465,18356
2026-05-02,US0079031078,AMD,2026-06-18,put,210.0,1.0,0.95,1.05,0.8051777294921875,428,7721
2026-05-02,US0079031078,AMD,2026-06-18,put,220.0,1.27,1.2,1.35,0.778322529296875,553,4686
2026-05-02,US0079031078,AMD,2026-06-18,put,230.0,1.64,1.56,1.69,0.752932158203125,105,5499
2026-05-02,US0079031078,AMD,2026-06-18,put,240.0,2.11,2.05,2.17,0.7321804125976561,429,8016
2026-05-02,US0079031078,AMD,2026-06-18,put,250.0,2.69,2.63,2.75,0.7104521142578125,967,8665
2026-05-02,US0079031078,AMD,2026-06-18,put,260.0,3.53,3.5,3.65,0.6981231359863282,426,6955
2026-05-02,US0079031078,AMD,2026-06-18,put,270.0,4.8,4.5,4.75,0.6837189831542969,553,4837
2026-05-02,US0079031078,AMD,2026-06-18,put,280.0,5.95,5.85,6.2,0.6738924212646487,350,3415
2026-05-02,US0079031078,AMD,2026-06-18,put,290.0,7.68,7.4,7.85,0.6607699938964844,719,3230
2026-05-02,US0079031078,AMD,2026-06-18,put,300.0,9.75,9.65,9.85,0.653873090209961,1216,4178
2026-05-02,US0079031078,AMD,2026-06-18,put,310.0,12.2,12.2,12.55,0.6497532583618165,185,1351
2026-05-02,US0079031078,AMD,2026-06-18,put,320.0,15.2,15.0,15.6,0.6422765264892578,421,1041
2026-05-02,US0079031078,AMD,2026-06-18,put,330.0,18.92,18.45,19.3,0.6393468682861327,231,1138
2026-05-02,US0079031078,AMD,2026-06-18,put,340.0,23.05,22.75,23.3,0.6382482464599608,522,1447
2026-05-02,US0079031078,AMD,2026-06-18,put,350.0,27.57,27.15,28.1,0.6362341064453125,567,864
2026-05-02,US0079031078,AMD,2026-06-18,put,360.0,32.76,32.1,32.8,0.6291540991210938,248,461
2026-05-02,US0079031078,AMD,2026-06-18,put,370.0,37.85,37.85,38.85,0.6336706555175782,37,183
2026-05-02,US0079031078,AMD,2026-06-18,put,380.0,44.75,44.05,45.05,0.6351354846191408,294,29
2026-05-02,US0079031078,AMD,2026-06-18,put,390.0,51.76,50.35,51.8,0.6345556564331055,338,18
2026-05-02,US0079031078,AMD,2026-06-18,put,400.0,58.14,57.35,58.6,0.6334570346069336,26,57
2026-05-02,US0079031078,AMD,2026-06-18,put,410.0,66.25,64.7,65.85,0.632938240966797,32,52
2026-05-02,US0079031078,AMD,2026-06-18,put,420.0,76.85,72.3,73.8,0.6353796228027344,24,2
2026-05-02,US0079031078,AMD,2026-06-18,put,430.0,81.82,79.6,81.95,0.6297339273071288,179,35
2026-05-02,US0079031078,AMD,2026-06-18,put,440.0,90.09,87.7,90.2,0.6277503045654298,154,38
2026-05-02,US0079031078,AMD,2026-06-18,put,450.0,97.14,96.1,98.9,0.6290320300292969,1,6
2026-05-02,US0079031078,AMD,2026-06-18,put,460.0,105.81,104.8,107.6,0.6286047882080079,1,3
2026-05-02,US0079031078,AMD,2026-06-18,put,470.0,128.0,113.65,116.5,0.6275672009277344,4,2
2026-05-02,US0079031078,AMD,2026-06-18,put,480.0,151.25,122.85,125.5,0.6285437536621095,20,20
2026-05-02,US0079031078,AMD,2026-06-18,put,520.0,269.7,326.0,328.55,4.1585741377258305,,0
2026-05-02,US0079031078,AMD,2026-06-18,put,530.0,180.5,169.5,173.15,0.6295203063964845,15,15
2026-05-02,US0079031078,AMD,2026-07-17,call,100.0,249.85,259.5,263.3,1.3647492700195314,3,19
2026-05-02,US0079031078,AMD,2026-07-17,call,105.0,246.48,254.45,258.35,1.3149448315429684,4,27
2026-05-02,US0079031078,AMD,2026-07-17,call,110.0,165.46,249.65,253.6,1.3154331103515622,2,60
2026-05-02,US0079031078,AMD,2026-07-17,call,115.0,171.03,244.7,248.2,1.2336464099121094,2,33
2026-05-02,US0079031078,AMD,2026-07-17,call,120.0,212.84,239.65,243.6,1.224613251953125,2,45
2026-05-02,US0079031078,AMD,2026-07-17,call,125.0,222.32,234.9,238.65,1.2077676330566405,1,16
2026-05-02,US0079031078,AMD,2026-07-17,call,130.0,223.42,229.9,233.75,1.174076395263672,1,62
2026-05-02,US0079031078,AMD,2026-07-17,call,135.0,219.85,225.0,229.05,1.1628459826660156,100,191
2026-05-02,US0079031078,AMD,2026-07-17,call,140.0,136.05,219.9,224.05,1.1164594958496092,4,56
2026-05-02,US0079031078,AMD,2026-07-17,call,145.0,191.23,215.15,218.8,1.0786178881835937,4,35
2026-05-02,US0079031078,AMD,2026-07-17,call,150.0,211.9,210.25,214.0,1.0607957116699218,5,128
2026-05-02,US0079031078,AMD,2026-07-17,call,155.0,184.2,205.35,209.1,1.0366259106445317,5,64
2026-05-02,US0079031078,AMD,2026-07-17,call,160.0,196.0,200.5,204.4,1.0255175677490236,1,66
2026-05-02,US0079031078,AMD,2026-07-17,call,165.0,198.2,195.5,199.5,0.9958496508789063,19,148
2026-05-02,US0079031078,AMD,2026-07-17,call,170.0,194.4,190.8,194.35,0.9691165197753906,10,122
2026-05-02,US0079031078,AMD,2026-07-17,call,175.0,189.56,185.8,189.9,0.9603275451660156,10,143
2026-05-02,US0079031078,AMD,2026-07-17,call,180.0,158.5,181.1,184.3,0.9147957739257813,10,430
2026-05-02,US0079031078,AMD,2026-07-17,call,185.0,142.26,176.35,179.45,0.8995371374511718,2,197
2026-05-02,US0079031078,AMD,2026-07-17,call,190.0,163.96,171.75,174.5,0.8852550537109375,1,2377
2026-05-02,US0079031078,AMD,2026-07-17,call,195.0,160.05,166.7,169.85,0.8649915844726561,3,270
2026-05-02,US0079031078,AMD,2026-07-17,call,200.0,163.23,162.0,165.05,0.8509536389160157,11,1501
2026-05-02,US0079031078,AMD,2026-07-17,call,210.0,143.18,152.3,155.55,0.8148211877441407,3,1576
2026-05-02,US0079031078,AMD,2026-07-17,call,220.0,141.8,142.9,146.0,0.7836935693359376,5,2109
2026-05-02,US0079031078,AMD,2026-07-17,call,230.0,135.18,134.2,136.7,0.7712425219726562,28,3349
2026-05-02,US0079031078,AMD,2026-07-17,call,240.0,126.03,125.2,127.7,0.7521997436523438,126,1829
2026-05-02,US0079031078,AMD,2026-07-17,call,250.0,117.63,116.5,118.8,0.7351100708007812,35,2627
2026-05-02,US0079031078,AMD,2026-07-17,call,260.0,107.9,107.9,109.9,0.7143583251953125,59,3956
2026-05-02,US0079031078,AMD,2026-07-17,call,270.0,100.73,100.25,101.3,0.7059660751342774,53,1689
2026-05-02,US0079031078,AMD,2026-07-17,call,280.0,92.9,91.65,93.95,0.6945831323242189,56,1588
2026-05-02,US0079031078,AMD,2026-07-17,call,290.0,83.2,84.35,86.3,0.6882355395507813,28,1577
2026-05-02,US0079031078,AMD,2026-07-17,call,300.0,76.85,77.25,79.1,0.681887946777344,120,2289
2026-05-02,US0079031078,AMD,2026-07-17,call,310.0,70.69,69.85,71.7,0.664615170288086,20,2121
2026-05-02,US0079031078,AMD,2026-07-17,call,320.0,63.5,63.8,66.0,0.6692537957763673,36,1789
2026-05-02,US0079031078,AMD,2026-07-17,call,330.0,58.42,57.45,59.45,0.657229990234375,109,1490
2026-05-02,US0079031078,AMD,2026-07-17,call,340.0,52.95,52.15,53.8,0.6555210229492189,80,3195
2026-05-02,US0079031078,AMD,2026-07-17,call,350.0,47.77,47.55,48.5,0.6560703338623048,319,4267
2026-05-02,US0079031078,AMD,2026-07-17,call,360.0,43.04,42.8,43.35,0.65079084564209,227,2062
2026-05-02,US0079031078,AMD,2026-07-17,call,370.0,38.4,38.5,39.35,0.6522251574707032,175,946
2026-05-02,US0079031078,AMD,2026-07-17,call,380.0,34.98,34.6,35.5,0.6524998129272462,338,929
2026-05-02,US0079031078,AMD,2026-07-17,call,390.0,31.01,30.85,31.85,0.6504246383666993,117,407
2026-05-02,US0079031078,AMD,2026-07-17,call,400.0,28.2,27.65,28.55,0.6503636038208008,235,2257
2026-05-02,US0079031078,AMD,2026-07-17,call,410.0,24.85,24.75,25.7,0.6515537774658204,137,406
2026-05-02,US0079031078,AMD,2026-07-17,call,420.0,22.25,22.05,22.75,0.6492039474487304,135,849
2026-05-02,US0079031078,AMD,2026-07-17,call,430.0,19.9,19.65,20.75,0.6528355029296876,71,877
2026-05-02,US0079031078,AMD,2026-07-17,call,440.0,17.8,17.3,18.4,0.6500584310913086,43,894
2026-05-02,US0079031078,AMD,2026-07-17,call,450.0,15.75,15.8,16.25,0.6525913647460939,234,1179
2026-05-02,US0079031078,AMD,2026-07-17,call,460.0,14.3,13.6,14.75,0.6511265356445313,77,149
2026-05-02,US0079031078,AMD,2026-07-17,call,470.0,12.84,12.4,13.0,0.6533542965698244,55,421
2026-05-02,US0079031078,AMD,2026-07-17,call,480.0,11.1,10.75,11.7,0.6523472265625001,23,1053
2026-05-02,US0079031078,AMD,2026-07-17,call,490.0,10.17,9.75,10.55,0.6567417138671876,17,136
2026-05-02,US0079031078,AMD,2026-07-17,call,500.0,9.15,8.8,9.35,0.6584506811523438,123,1293
2026-05-02,US0079031078,AMD,2026-07-17,call,510.0,8.29,7.65,8.5,0.659183095703125,3,23
2026-05-02,US0079031078,AMD,2026-07-17,call,520.0,6.75,6.95,7.75,0.664309997558594,3,13
2026-05-02,US0079031078,AMD,2026-07-17,call,530.0,6.6,6.2,6.9,0.6651644812011721,4,82
2026-05-02,US0079031078,AMD,2026-07-17,call,540.0,5.8,5.35,6.2,0.6642489630126955,4,69
2026-05-02,US0079031078,AMD,2026-07-17,call,550.0,5.15,4.75,5.6,0.6661410339355471,19,212
2026-05-02,US0079031078,AMD,2026-07-17,call,560.0,4.6,4.35,4.85,0.666690344848633,3,219
2026-05-02,US0079031078,AMD,2026-07-17,call,570.0,4.2,3.8,4.45,0.6685824157714846,71,111
2026-05-02,US0079031078,AMD,2026-07-17,call,580.0,3.75,3.55,4.05,0.6744417321777345,126,77
2026-05-02,US0079031078,AMD,2026-07-17,call,590.0,3.41,3.15,3.75,0.6777375976562501,8,14
2026-05-02,US0079031078,AMD,2026-07-17,call,600.0,3.1,2.81,3.3,0.6774934594726563,76,426
2026-05-02,US0079031078,AMD,2026-07-17,put,100.0,0.12,0.11,0.31,1.1298871630859377,5,256
2026-05-02,US0079031078,AMD,2026-07-17,put,105.0,0.22,0.05,0.39,1.0947310888671877,1,698
2026-05-02,US0079031078,AMD,2026-07-17,put,110.0,0.18,0.1,0.33,1.0517625537109376,1,915
2026-05-02,US0079031078,AMD,2026-07-17,put,115.0,0.24,0.14,0.28,1.01172369140625,21,354
2026-05-02,US0079031078,AMD,2026-07-17,put,120.0,0.22,0.2,0.28,0.991211025390625,22,680
2026-05-02,US0079031078,AMD,2026-07-17,put,125.0,0.3,0.12,0.46,0.9785158398437501,20,636
2026-05-02,US0079031078,AMD,2026-07-17,put,130.0,0.29,0.29,0.5,0.983398603515625,20,1225
2026-05-02,US0079031078,AMD,2026-07-17,put,135.0,0.44,0.28,0.57,0.9584965087890623,1,1004
2026-05-02,US0079031078,AMD,2026-07-17,put,140.0,0.41,0.19,0.61,0.9174812939453125,10,1185
2026-05-02,US0079031078,AMD,2026-07-17,put,145.0,0.54,0.2,0.69,0.8989267919921874,16,1660
2026-05-02,US0079031078,AMD,2026-07-17,put,150.0,0.5,0.31,0.72,0.885743330078125,7,4673
2026-05-02,US0079031078,AMD,2026-07-17,put,155.0,0.65,0.33,0.76,0.8618177880859376,3,380
2026-05-02,US0079031078,AMD,2026-07-17,put,160.0,0.6,0.46,0.78,0.8481460498046874,49,2835
2026-05-02,US0079031078,AMD,2026-07-17,put,165.0,0.77,0.59,1.02,0.8522963989257812,20,1550
2026-05-02,US0079031078,AMD,2026-07-17,put,170.0,0.8,0.7,0.98,0.8281267187499999,40,2163
2026-05-02,US0079031078,AMD,2026-07-17,put,175.0,0.84,0.83,1.14,0.8205584350585937,62,2194
2026-05-02,US0079031078,AMD,2026-07-17,put,180.0,0.95,0.77,1.15,0.7883321948242188,340,5734
2026-05-02,US0079031078,AMD,2026-07-17,put,185.0,1.02,0.89,1.2,0.77148666015625,23,1523
2026-05-02,US0079031078,AMD,2026-07-17,put,190.0,1.17,1.11,1.37,0.7668480346679689,6,1892
2026-05-02,US0079031078,AMD,2026-07-17,put,195.0,1.38,1.21,1.46,0.7492700854492188,4,1644
2026-05-02,US0079031078,AMD,2026-07-17,put,200.0,1.55,1.45,1.72,0.7459742199707031,258,8240
2026-05-02,US0079031078,AMD,2026-07-17,put,210.0,1.94,1.82,2.08,0.7215604016113282,213,3720
2026-05-02,US0079031078,AMD,2026-07-17,put,220.0,2.5,2.32,2.56,0.7014190014648438,305,4499
2026-05-02,US0079031078,AMD,2026-07-17,put,230.0,3.2,2.93,3.25,0.6850617431640625,27,1661
2026-05-02,US0079031078,AMD,2026-07-17,put,240.0,4.05,3.85,4.15,0.6746858703613283,105,2641
2026-05-02,US0079031078,AMD,2026-07-17,put,250.0,5.0,4.95,5.1,0.6615024084472658,343,4471
2026-05-02,US0079031078,AMD,2026-07-17,put,260.0,6.4,6.25,6.6,0.6544834356689455,142,2861
2026-05-02,US0079031078,AMD,2026-07-17,put,270.0,7.95,7.85,8.25,0.6464268756103515,112,1605
2026-05-02,US0079031078,AMD,2026-07-17,put,280.0,10.15,9.75,10.45,0.6420323883056642,302,713
2026-05-02,US0079031078,AMD,2026-07-17,put,290.0,12.2,11.8,12.8,0.6334875518798828,119,593
2026-05-02,US0079031078,AMD,2026-07-17,put,300.0,14.95,14.8,15.3,0.6297644445800781,268,918
2026-05-02,US0079031078,AMD,2026-07-17,put,310.0,18.19,17.9,18.75,0.6288489263916017,92,337
2026-05-02,US0079031078,AMD,2026-07-17,put,320.0,21.4,21.0,22.3,0.6216468499755861,119,676
2026-05-02,US0079031078,AMD,2026-07-17,put,330.0,25.9,25.0,26.35,0.6199378826904298,67,481
2026-05-02,US0079031078,AMD,2026-07-17,put,340.0,29.9,29.7,30.4,0.617313397216797,96,315
2026-05-02,US0079031078,AMD,2026-07-17,put,350.0,34.76,34.5,35.15,0.614658394470215,503,696
2026-05-02,US0079031078,AMD,2026-07-17,put,360.0,40.69,39.75,40.8,0.6163063272094728,71,133
2026-05-02,US0079031078,AMD,2026-07-17,put,370.0,45.0,44.9,46.45,0.6112404598999025,35,62
2026-05-02,US0079031078,AMD,2026-07-17,put,380.0,51.87,51.25,52.45,0.6123390817260744,27,32
2026-05-02,US0079031078,AMD,2026-07-17,put,390.0,58.58,57.5,58.6,0.6084328707885743,1,17
2026-05-02,US0079031078,AMD,2026-07-17,put,400.0,65.61,63.35,66.05,0.6061745925903321,19,63
2026-05-02,US0079031078,AMD,2026-07-17,put,410.0,71.37,70.2,73.05,0.6032144171142579,1,16
2026-05-02,US0079031078,AMD,2026-07-17,put,420.0,83.7,77.7,80.4,0.603489072570801,1,43
2026-05-02,US0079031078,AMD,2026-07-17,put,430.0,103.9,85.2,88.1,0.6021768298339845,1,21
2026-05-02,US0079031078,AMD,2026-07-17,put,440.0,106.12,93.15,96.05,0.6025430371093752,21,20
2026-05-02,US0079031078,AMD,2026-07-17,put,450.0,123.01,101.2,104.1,0.6005288970947267,1,40
2026-05-02,US0079031078,AMD,2026-07-17,put,460.0,117.35,109.55,112.35,0.5991861370849609,1,1
2026-05-02,US0079031078,AMD,2026-07-17,put,470.0,118.34,118.0,120.9,0.5979654461669923,1,14
2026-05-02,US0079031078,AMD,2026-07-17,put,490.0,297.68,295.95,298.55,3.1967793518066405,,0
2026-05-02,US0079031078,AMD,2026-07-17,put,500.0,159.67,144.55,147.35,0.5946085461425781,2,1
2026-05-02,US0079031078,AMD,2026-07-17,put,540.0,195.75,181.5,184.2,0.5840495697021484,2,1
2026-05-02,US0079031078,AMD,2026-07-17,put,550.0,220.17,191.0,193.9,0.5870402624511719,2,1
2026-05-02,US0079031078,AMD,2026-07-17,put,560.0,216.15,200.1,203.85,0.5842326733398437,10,10
2026-05-02,US0079031078,AMD,2026-07-17,put,570.0,250.55,209.75,213.25,0.5778240460205077,1,61
2026-05-02,US0079031078,AMD,2026-07-17,put,580.0,234.8,219.35,223.1,0.5788616333007812,4,2
2026-05-02,US0079031078,AMD,2026-07-17,put,600.0,278.65,238.7,242.0,0.5456588403320313,3,5
2026-05-02,US0079031078,AMD,2026-08-21,call,5.0,194.17,353.6,357.3,5.1718785351562495,3,192
2026-05-02,US0079031078,AMD,2026-08-21,call,10.0,336.93,348.55,352.5,4.03418464477539,2,2
2026-05-02,US0079031078,AMD,2026-08-21,call,20.0,196.15,0.0,0.0,1.0000000000000003e-05,20,0
2026-05-02,US0079031078,AMD,2026-08-21,call,90.0,228.71,269.85,273.55,1.2800328967285153,22,144
2026-05-02,US0079031078,AMD,2026-08-21,call,95.0,225.02,264.9,268.65,1.2448768225097653,16,32
2026-05-02,US0079031078,AMD,2026-08-21,call,100.0,221.16,260.05,263.75,1.21875390625,32,57
2026-05-02,US0079031078,AMD,2026-08-21,call,105.0,230.14,255.3,258.55,1.1782267651367184,2,69
2026-05-02,US0079031078,AMD,2026-08-21,call,110.0,213.75,250.15,253.9,1.1499065942382813,14,34
2026-05-02,US0079031078,AMD,2026-08-21,call,115.0,209.57,245.4,249.05,1.1347699511718752,8,42
2026-05-02,US0079031078,AMD,2026-08-21,call,120.0,204.03,240.4,244.35,1.1125532653808592,9,59
2026-05-02,US0079031078,AMD,2026-08-21,call,125.0,198.25,235.5,239.3,1.0767868426513674,12,85
2026-05-02,US0079031078,AMD,2026-08-21,call,130.0,216.42,230.8,234.45,1.062748826904297,1,95
2026-05-02,US0079031078,AMD,2026-08-21,call,135.0,196.0,225.85,229.6,1.035893492431641,1,94
2026-05-02,US0079031078,AMD,2026-08-21,call,140.0,220.58,221.1,224.75,1.0185595947265624,1,73
2026-05-02,US0079031078,AMD,2026-08-21,call,145.0,216.45,216.25,219.85,0.9945068908691408,2,173
2026-05-02,US0079031078,AMD,2026-08-21,call,150.0,206.2,211.3,214.7,0.9572758178710936,1,295
2026-05-02,US0079031078,AMD,2026-08-21,call,155.0,201.6,206.6,210.4,0.9616703051757811,5,283
2026-05-02,US0079031078,AMD,2026-08-21,call,160.0,167.87,201.7,205.35,0.9312751013183593,9,1113
2026-05-02,US0079031078,AMD,2026-08-21,call,165.0,194.0,197.25,200.3,0.916138533935547,9,720
2026-05-02,US0079031078,AMD,2026-08-21,call,170.0,186.0,192.45,195.55,0.8989267919921874,1,349
2026-05-02,US0079031078,AMD,2026-08-21,call,175.0,181.7,187.8,190.8,0.8856822955322265,1,600
2026-05-02,US0079031078,AMD,2026-08-21,call,180.0,184.64,183.05,186.1,0.8703626245117188,30,574
2026-05-02,US0079031078,AMD,2026-08-21,call,185.0,156.32,178.35,181.4,0.8558364025878906,46,205
2026-05-02,US0079031078,AMD,2026-08-21,call,190.0,173.09,173.55,177.0,0.8453994952392576,4,427
2026-05-02,US0079031078,AMD,2026-08-21,call,195.0,168.42,169.0,171.55,0.8166522241210936,4,402
2026-05-02,US0079031078,AMD,2026-08-21,call,200.0,166.1,164.8,167.35,0.8217180914306641,33,1167
2026-05-02,US0079031078,AMD,2026-08-21,call,210.0,156.35,155.7,158.35,0.8006611730957032,1,2633
2026-05-02,US0079031078,AMD,2026-08-21,call,220.0,140.87,146.75,149.4,0.7796042547607422,1,2172
2026-05-02,US0079031078,AMD,2026-08-21,call,230.0,137.9,138.25,140.0,0.7554956091308593,66,2208
2026-05-02,US0079031078,AMD,2026-08-21,call,240.0,130.77,129.25,132.05,0.7413966290283203,8,1544
2026-05-02,US0079031078,AMD,2026-08-21,call,250.0,122.66,121.8,124.0,0.7399928344726561,179,2728
2026-05-02,US0079031078,AMD,2026-08-21,call,260.0,113.82,114.05,115.85,0.7282742016601562,33,1742
2026-05-02,US0079031078,AMD,2026-08-21,call,270.0,106.22,106.5,107.45,0.7119779779052735,339,2938
2026-05-02,US0079031078,AMD,2026-08-21,call,280.0,99.41,98.85,100.9,0.708010732421875,21,1401
2026-05-02,US0079031078,AMD,2026-08-21,call,290.0,93.05,92.05,94.25,0.7053862469482424,37,1268
2026-05-02,US0079031078,AMD,2026-08-21,call,300.0,85.45,85.75,87.45,0.7006255523681642,269,8613
2026-05-02,US0079031078,AMD,2026-08-21,call,310.0,79.1,79.55,81.2,0.6963531341552736,223,5632
2026-05-02,US0079031078,AMD,2026-08-21,call,320.0,73.7,73.55,75.3,0.6917145086669922,153,3061
2026-05-02,US0079031078,AMD,2026-08-21,call,330.0,68.5,68.1,70.0,0.6909210595703126,436,6552
2026-05-02,US0079031078,AMD,2026-08-21,call,340.0,63.5,62.85,64.45,0.6856415713500977,43,1040
2026-05-02,US0079031078,AMD,2026-08-21,call,350.0,58.75,58.2,59.25,0.6827729476928713,125,709
2026-05-02,US0079031078,AMD,2026-08-21,call,360.0,53.6,53.7,54.65,0.6810029458618166,173,759
2026-05-02,US0079031078,AMD,2026-08-21,call,370.0,49.62,49.45,50.15,0.677859666748047,81,2499
2026-05-02,US0079031078,AMD,2026-08-21,call,380.0,46.24,45.5,46.45,0.6781648394775392,89,947
2026-05-02,US0079031078,AMD,2026-08-21,call,390.0,41.48,41.8,42.8,0.6770509590148928,92,487
2026-05-02,US0079031078,AMD,2026-08-21,call,400.0,38.72,38.4,39.55,0.677157769470215,247,5818
2026-05-02,US0079031078,AMD,2026-08-21,call,410.0,35.4,35.05,36.4,0.6751741467285157,93,514
2026-05-02,US0079031078,AMD,2026-08-21,call,420.0,31.7,32.05,33.65,0.6750825949096682,83,644
2026-05-02,US0079031078,AMD,2026-08-21,call,430.0,29.88,29.65,30.95,0.676455872192383,193,297
2026-05-02,US0079031078,AMD,2026-08-21,call,440.0,27.72,27.3,28.45,0.676883114013672,306,431
2026-05-02,US0079031078,AMD,2026-08-21,call,450.0,25.36,25.1,26.55,0.6798738067626955,433,2716
2026-05-02,US0079031078,AMD,2026-08-21,call,460.0,23.58,23.15,24.15,0.6788514781188966,322,475
2026-05-02,US0079031078,AMD,2026-08-21,call,470.0,21.95,21.05,22.2,0.677585011291504,48,279
2026-05-02,US0079031078,AMD,2026-08-21,call,480.0,19.55,19.5,20.35,0.6788057022094728,145,393
2026-05-02,US0079031078,AMD,2026-08-21,call,490.0,18.55,17.4,19.0,0.677585011291504,4,239
2026-05-02,US0079031078,AMD,2026-08-21,call,500.0,16.3,16.5,17.4,0.6817048431396486,185,737
2026-05-02,US0079031078,AMD,2026-08-21,call,510.0,15.7,15.15,15.95,0.6816743258666994,118,134
2026-05-02,US0079031078,AMD,2026-08-21,call,520.0,14.35,14.0,14.65,0.6827119131469729,98,467
2026-05-02,US0079031078,AMD,2026-08-21,call,530.0,12.8,12.9,13.55,0.6842072595214845,190,1321
2026-05-02,US0079031078,AMD,2026-08-21,call,540.0,11.65,11.85,12.6,0.6859162268066408,299,64
2026-05-02,US0079031078,AMD,2026-08-21,call,550.0,10.6,10.8,11.65,0.6860688131713868,1,92
2026-05-02,US0079031078,AMD,2026-08-21,call,560.0,10.05,10.0,10.7,0.6871064004516602,1,53
2026-05-02,US0079031078,AMD,2026-08-21,call,570.0,9.45,9.25,9.8,0.6876862286376955,2,37
2026-05-02,US0079031078,AMD,2026-08-21,call,580.0,8.33,8.55,9.2,0.6906158868408205,1,31
2026-05-02,US0079031078,AMD,2026-08-21,call,590.0,6.85,7.9,8.4,0.6906769213867189,1,49
2026-05-02,US0079031078,AMD,2026-08-21,call,600.0,7.72,7.35,7.85,0.6934845104980469,12,937
2026-05-02,US0079031078,AMD,2026-08-21,put,5.0,0.1,0.0,0.15,2.9609400976562497,5,8
2026-05-02,US0079031078,AMD,2026-08-21,put,15.0,0.1,0.0,0.16,2.128910927734375,,1
2026-05-02,US0079031078,AMD,2026-08-21,put,20.0,0.01,0.0,0.39,2.1210984472656245,1,95
2026-05-02,US0079031078,AMD,2026-08-21,put,90.0,0.22,0.1,0.52,1.0600632934570315,40,780
2026-05-02,US0079031078,AMD,2026-08-21,put,95.0,0.33,0.1,0.52,1.0200244311523439,3,494
2026-05-02,US0079031078,AMD,2026-08-21,put,100.0,0.38,0.1,0.53,0.98437515625,1,277
2026-05-02,US0079031078,AMD,2026-08-21,put,105.0,0.4,0.22,0.57,0.9765627343750001,13,302
2026-05-02,US0079031078,AMD,2026-08-21,put,110.0,0.41,0.16,0.62,0.93945373046875,1,1148
2026-05-02,US0079031078,AMD,2026-08-21,put,115.0,0.43,0.16,0.56,0.8964854101562498,15,1498
2026-05-02,US0079031078,AMD,2026-08-21,put,120.0,0.62,0.23,0.65,0.8881847119140623,2,523
2026-05-02,US0079031078,AMD,2026-08-21,put,125.0,0.61,0.35,0.78,0.8872081591796874,3,1538
2026-05-02,US0079031078,AMD,2026-08-21,put,130.0,0.64,0.4,0.85,0.86914193359375,1,2923
2026-05-02,US0079031078,AMD,2026-08-21,put,135.0,0.71,0.65,0.98,0.8732922827148437,1,614
2026-05-02,US0079031078,AMD,2026-08-21,put,140.0,0.8,0.61,0.97,0.8393570751953124,2,4428
2026-05-02,US0079031078,AMD,2026-08-21,put,145.0,0.91,0.83,1.18,0.8420425952148438,3,994
2026-05-02,US0079031078,AMD,2026-08-21,put,150.0,0.93,0.9,1.1,0.8125018749999999,2,4071
2026-05-02,US0079031078,AMD,2026-08-21,put,155.0,1.13,0.86,1.39,0.8005391040039063,14,1861
2026-05-02,US0079031078,AMD,2026-08-21,put,160.0,1.2,0.98,1.49,0.7855246057128906,24,4006
2026-05-02,US0079031078,AMD,2026-08-21,put,165.0,1.43,1.3,1.68,0.7844259838867188,2,1447
2026-05-02,US0079031078,AMD,2026-08-21,put,170.0,1.6,1.32,1.74,0.7612328564453126,1,3136
2026-05-02,US0079031078,AMD,2026-08-21,put,175.0,1.79,1.71,1.85,0.7563500927734376,2,1543
2026-05-02,US0079031078,AMD,2026-08-21,put,180.0,1.89,1.9,2.2,0.750856983642578,303,3042
2026-05-02,US0079031078,AMD,2026-08-21,put,185.0,2.21,2.13,2.33,0.7374293835449219,64,1639
2026-05-02,US0079031078,AMD,2026-08-21,put,190.0,2.47,2.39,2.6,0.7287624780273438,4,2347
2026-05-02,US0079031078,AMD,2026-08-21,put,195.0,2.76,2.58,2.86,0.7165555688476561,101,1988
2026-05-02,US0079031078,AMD,2026-08-21,put,200.0,2.91,2.91,3.35,0.7135038415527344,95,4198
2026-05-02,US0079031078,AMD,2026-08-21,put,210.0,3.84,3.65,4.1,0.6983672741699221,143,3298
2026-05-02,US0079031078,AMD,2026-08-21,put,220.0,4.85,4.8,5.0,0.6893341613769532,149,3416
2026-05-02,US0079031078,AMD,2026-08-21,put,230.0,6.0,5.95,6.4,0.6826203613281252,2111,3023
2026-05-02,US0079031078,AMD,2026-08-21,put,240.0,7.45,7.35,7.8,0.6733431103515627,91,1824
2026-05-02,US0079031078,AMD,2026-08-21,put,250.0,9.15,9.0,9.6,0.6669955175781253,87,2620
2026-05-02,US0079031078,AMD,2026-08-21,put,260.0,11.22,10.95,11.5,0.6595493029785158,100,908
2026-05-02,US0079031078,AMD,2026-08-21,put,270.0,13.2,13.3,13.85,0.6555820574951172,61,1569
2026-05-02,US0079031078,AMD,2026-08-21,put,280.0,16.3,16.0,16.6,0.6530491238403321,39,1478
2026-05-02,US0079031078,AMD,2026-08-21,put,290.0,18.65,18.8,19.45,0.6467320483398438,27,388
2026-05-02,US0079031078,AMD,2026-08-21,put,300.0,22.39,22.1,22.65,0.6424901473999024,153,428
2026-05-02,US0079031078,AMD,2026-08-21,put,310.0,25.86,25.75,27.1,0.6454808401489257,167,132
2026-05-02,US0079031078,AMD,2026-08-21,put,320.0,29.79,29.7,30.7,0.6392400578308104,24,509
2026-05-02,US0079031078,AMD,2026-08-21,put,330.0,34.5,33.4,34.85,0.6308172904968261,29,828
2026-05-02,US0079031078,AMD,2026-08-21,put,340.0,38.89,38.7,40.0,0.6357153128051759,32,162
2026-05-02,US0079031078,AMD,2026-08-21,put,350.0,44.37,43.75,45.1,0.6340673800659181,104,164
2026-05-02,US0079031078,AMD,2026-08-21,put,360.0,49.76,49.05,50.25,0.6302679795837403,15,42
2026-05-02,US0079031078,AMD,2026-08-21,put,370.0,55.28,54.7,55.95,0.6283148741149902,10,918
2026-05-02,US0079031078,AMD,2026-08-21,put,380.0,61.8,60.7,62.0,0.6270178900146486,8,40
2026-05-02,US0079031078,AMD,2026-08-21,put,390.0,74.65,66.3,68.3,0.6211890908813477,3,13
2026-05-02,US0079031078,AMD,2026-08-21,put,400.0,73.36,72.9,75.4,0.6232032308959962,7,84
2026-05-02,US0079031078,AMD,2026-08-21,put,410.0,84.75,79.75,81.95,0.6200599517822267,2,10
2026-05-02,US0079031078,AMD,2026-08-21,put,420.0,133.5,86.65,89.35,0.6194801235961916,3,8
2026-05-02,US0079031078,AMD,2026-08-21,put,430.0,106.9,94.65,96.65,0.6225013336181642,3,12
2026-05-02,US0079031078,AMD,2026-08-21,put,440.0,111.02,101.3,104.1,0.6145668426513673,2,12
2026-05-02,US0079031078,AMD,2026-08-21,put,450.0,135.94,109.15,112.05,0.6152992572021485,2,2
2026-05-02,US0079031078,AMD,2026-08-21,put,460.0,144.24,117.0,119.9,0.6126747717285157,12,9
2026-05-02,US0079031078,AMD,2026-08-21,put,470.0,134.8,124.85,128.05,0.609500975341797,9,2
2026-05-02,US0079031078,AMD,2026-08-21,put,480.0,141.8,133.15,136.35,0.6082802844238282,3,56
2026-05-02,US0079031078,AMD,2026-08-21,put,490.0,147.6,142.55,144.5,0.6123695989990237,5,21
2026-05-02,US0079031078,AMD,2026-08-21,put,500.0,153.3,151.2,153.15,0.6123390817260744,9,21
2026-05-02,US0079031078,AMD,2026-08-21,put,510.0,159.5,159.75,161.85,0.6096230444335939,12,20
2026-05-02,US0079031078,AMD,2026-08-21,put,520.0,168.05,167.7,170.6,0.5991251025390626,9,27
2026-05-02,US0079031078,AMD,2026-08-21,put,530.0,176.95,176.9,179.5,0.5995523443603517,12,3
2026-05-02,US0079031078,AMD,2026-08-21,put,540.0,186.45,186.5,188.6,0.6045266598510745,12,5
2026-05-02,US0079031078,AMD,2026-08-21,put,550.0,195.1,195.65,197.85,0.6046792462158206,12,3
2026-05-02,US0079031078,AMD,2026-08-21,put,560.0,203.95,204.1,206.9,0.5918009570312501,12,6
2026-05-02,US0079031078,AMD,2026-08-21,put,570.0,213.55,213.35,216.15,0.5884440570068359,12,6
2026-05-02,US0079031078,AMD,2026-08-21,put,600.0,268.65,241.65,244.4,0.5807537042236328,20,40
2026-05-02,US0079031078,AMD,2026-09-18,call,5.0,330.33,353.65,357.45,2.1875045312499997,2,209
2026-05-02,US0079031078,AMD,2026-09-18,call,10.0,212.5,202.25,206.1,1.0000000000000003e-05,70,66
2026-05-02,US0079031078,AMD,2026-09-18,call,15.0,200.72,222.95,226.05,1.0000000000000003e-05,,6
2026-05-02,US0079031078,AMD,2026-09-18,call,20.0,184.0,172.05,174.7,1.0000000000000003e-05,20,12
2026-05-02,US0079031078,AMD,2026-09-18,call,25.0,197.2,187.95,191.45,1.0000000000000003e-05,1,49
2026-05-02,US0079031078,AMD,2026-09-18,call,30.0,165.77,162.3,165.55,1.0000000000000003e-05,20,21
2026-05-02,US0079031078,AMD,2026-09-18,call,35.0,170.49,324.15,327.85,1.681642216796875,2,5
2026-05-02,US0079031078,AMD,2026-09-18,call,40.0,205.81,319.4,323.05,1.673829755859375,1,25
2026-05-02,US0079031078,AMD,2026-09-18,call,45.0,152.0,0.0,0.0,1.0000000000000003e-05,1,0
2026-05-02,US0079031078,AMD,2026-09-18,call,50.0,287.25,309.35,313.25,1.5219750463867183,3,25
2026-05-02,US0079031078,AMD,2026-09-18,call,55.0,166.63,162.1,165.5,1.0000000000000003e-05,1,1
2026-05-02,US0079031078,AMD,2026-09-18,call,60.0,221.1,299.55,303.3,1.4121123144531251,1,40
2026-05-02,US0079031078,AMD,2026-09-18,call,65.0,268.9,294.7,298.55,1.3930694409179685,2,9
2026-05-02,US0079031078,AMD,2026-09-18,call,70.0,225.0,289.8,293.85,1.3706086157226562,4,27
2026-05-02,US0079031078,AMD,2026-09-18,call,75.0,252.72,284.9,288.6,1.3002964672851558,3,71
2026-05-02,US0079031078,AMD,2026-09-18,call,80.0,260.9,280.05,283.7,1.2685583447265623,5,177
2026-05-02,US0079031078,AMD,2026-09-18,call,85.0,250.92,275.1,278.95,1.2412147314453121,2,59
2026-05-02,US0079031078,AMD,2026-09-18,call,90.0,272.0,270.35,273.75,1.197269638671875,3,112
2026-05-02,US0079031078,AMD,2026-09-18,call,95.0,255.0,265.4,269.05,1.175052952880859,2,76
2026-05-02,US0079031078,AMD,2026-09-18,call,100.0,231.76,260.45,264.2,1.1435589697265625,3,243
2026-05-02,US0079031078,AMD,2026-09-18,call,105.0,256.22,255.5,259.35,1.11328568359375,1,208
2026-05-02,US0079031078,AMD,2026-09-18,call,110.0,254.01,251.05,254.15,1.091801416015625,1,614
2026-05-02,US0079031078,AMD,2026-09-18,call,115.0,225.0,245.7,249.6,1.0581101782226563,2,251
2026-05-02,US0079031078,AMD,2026-09-18,call,120.0,229.51,241.2,244.45,1.037358328857422,8,360
2026-05-02,US0079031078,AMD,2026-09-18,call,125.0,225.79,236.35,239.95,1.0285693103027347,8,681
2026-05-02,US0079031078,AMD,2026-09-18,call,130.0,216.87,231.45,235.1,1.0031788122558591,2,470
2026-05-02,US0079031078,AMD,2026-09-18,call,135.0,211.8,226.6,230.3,0.9818117053222657,2,345
2026-05-02,US0079031078,AMD,2026-09-18,call,140.0,215.5,221.7,225.7,0.9656985852050781,2,661
2026-05-02,US0079031078,AMD,2026-09-18,call,145.0,211.35,217.15,220.9,0.9536137451171874,2,833
2026-05-02,US0079031078,AMD,2026-09-18,call,150.0,190.59,212.25,216.3,0.9364630377197265,8,1259
2026-05-02,US0079031078,AMD,2026-09-18,call,155.0,201.8,207.75,211.15,0.9150399121093751,2,1341
2026-05-02,US0079031078,AMD,2026-09-18,call,160.0,206.21,202.95,206.05,0.8873302282714843,3,1353
2026-05-02,US0079031078,AMD,2026-09-18,call,165.0,191.55,198.3,201.3,0.872926075439453,1,724
2026-05-02,US0079031078,AMD,2026-09-18,call,170.0,196.14,193.65,196.7,0.861451580810547,6,1698
2026-05-02,US0079031078,AMD,2026-09-18,call,175.0,189.68,188.9,192.0,0.8450332879638671,13,563
2026-05-02,US0079031078,AMD,2026-09-18,call,180.0,180.3,184.35,187.35,0.8334977587890623,2,1237
2026-05-02,US0079031078,AMD,2026-09-18,call,185.0,180.5,180.15,182.6,0.8261125787353514,7,1385
2026-05-02,US0079031078,AMD,2026-09-18,call,190.0,167.62,175.1,177.8,0.8013325531005859,21,715
2026-05-02,US0079031078,AMD,2026-09-18,call,195.0,167.4,171.15,173.3,0.8013325531005859,21,811
2026-05-02,US0079031078,AMD,2026-09-18,call,200.0,165.02,166.45,168.95,0.7898580584716797,2,1852
2026-05-02,US0079031078,AMD,2026-09-18,call,210.0,160.0,157.65,160.25,0.7738670074462892,35,1475
2026-05-02,US0079031078,AMD,2026-09-18,call,220.0,149.72,149.1,151.55,0.7577538873291016,75,4284
2026-05-02,US0079031078,AMD,2026-09-18,call,230.0,142.0,140.7,143.15,0.7437769763183593,38,2809
2026-05-02,US0079031078,AMD,2026-09-18,call,240.0,132.55,132.75,135.0,0.7338588626098632,37,2060
2026-05-02,US0079031078,AMD,2026-09-18,call,250.0,125.38,124.7,127.05,0.7210110906982423,141,3693
2026-05-02,US0079031078,AMD,2026-09-18,call,260.0,115.55,117.2,119.45,0.7129545306396485,73,7452
2026-05-02,US0079031078,AMD,2026-09-18,call,270.0,110.76,109.8,112.2,0.7048064187622071,10,2001
2026-05-02,US0079031078,AMD,2026-09-18,call,280.0,103.9,102.85,105.3,0.6992217578125001,70,1860
2026-05-02,US0079031078,AMD,2026-09-18,call,290.0,95.9,96.1,98.5,0.6919891641235353,28,1482
2026-05-02,US0079031078,AMD,2026-09-18,call,300.0,90.66,89.9,92.3,0.6892731268310548,37,4559
2026-05-02,US0079031078,AMD,2026-09-18,call,310.0,85.0,83.9,86.3,0.6854279504394531,34,1108
2026-05-02,US0079031078,AMD,2026-09-18,call,320.0,78.44,78.1,80.35,0.6796754444885256,22,3143
2026-05-02,US0079031078,AMD,2026-09-18,call,330.0,74.03,73.2,74.75,0.6783784603881836,46,2100
2026-05-02,US0079031078,AMD,2026-09-18,call,340.0,69.35,68.25,70.1,0.679110874938965,134,1530
2026-05-02,US0079031078,AMD,2026-09-18,call,350.0,63.05,63.1,64.65,0.6706881076049805,311,3016
2026-05-02,US0079031078,AMD,2026-09-18,call,360.0,60.0,59.0,60.15,0.6709780216979981,208,2394
2026-05-02,US0079031078,AMD,2026-09-18,call,370.0,55.35,54.75,56.0,0.6694063821411134,925,1813
2026-05-02,US0079031078,AMD,2026-09-18,call,380.0,51.3,50.65,51.95,0.6664767239379885,354,3408
2026-05-02,US0079031078,AMD,2026-09-18,call,390.0,47.8,46.95,48.4,0.6658968957519533,53,1025
2026-05-02,US0079031078,AMD,2026-09-18,call,400.0,44.2,43.7,44.85,0.665286550292969,213,2175
2026-05-02,US0079031078,AMD,2026-09-18,call,410.0,41.05,40.55,42.25,0.6681551739501954,17,1157
2026-05-02,US0079031078,AMD,2026-09-18,call,420.0,37.8,37.55,39.0,0.6658358612060549,50,824
2026-05-02,US0079031078,AMD,2026-09-18,call,430.0,34.53,34.7,36.3,0.665286550292969,27,551
2026-05-02,US0079031078,AMD,2026-09-18,call,440.0,33.39,32.6,33.7,0.6675143112182619,6,553
2026-05-02,US0079031078,AMD,2026-09-18,call,450.0,29.95,30.2,31.35,0.6674837939453127,81,888
2026-05-02,US0079031078,AMD,2026-09-18,call,460.0,28.17,27.7,29.0,0.6648593084716798,52,423
2026-05-02,US0079031078,AMD,2026-09-18,call,470.0,25.77,25.8,27.0,0.6661105166625979,1,311
2026-05-02,US0079031078,AMD,2026-09-18,call,480.0,25.25,24.3,25.3,0.6700167276000978,8,857
2026-05-02,US0079031078,AMD,2026-09-18,call,490.0,20.5,22.3,23.45,0.66817043258667,1,547
2026-05-02,US0079031078,AMD,2026-09-18,call,500.0,21.0,20.55,21.95,0.6685518984985354,144,1482
2026-05-02,US0079031078,AMD,2026-09-18,call,510.0,18.77,19.0,20.45,0.668719743499756,72,531
2026-05-02,US0079031078,AMD,2026-09-18,call,520.0,18.34,17.7,18.95,0.6691012094116212,304,252
2026-05-02,US0079031078,AMD,2026-09-18,call,530.0,17.43,16.45,17.75,0.6705965557861329,137,3276
2026-05-02,US0079031078,AMD,2026-09-18,call,540.0,15.15,15.55,16.5,0.6730074203491213,6,237
2026-05-02,US0079031078,AMD,2026-09-18,call,550.0,14.25,14.65,15.25,0.6741975939941409,148,318
2026-05-02,US0079031078,AMD,2026-09-18,call,560.0,12.4,13.45,14.4,0.6749300085449221,10,270
2026-05-02,US0079031078,AMD,2026-09-18,call,570.0,12.93,12.6,13.35,0.6757234576416018,168,34
2026-05-02,US0079031078,AMD,2026-09-18,call,580.0,12.06,11.65,12.45,0.6757539749145509,10,403
2026-05-02,US0079031078,AMD,2026-09-18,call,590.0,10.8,10.7,11.75,0.6763643203735353,3,1
2026-05-02,US0079031078,AMD,2026-09-18,call,600.0,10.25,10.15,10.9,0.6782258740234376,105,1137
2026-05-02,US0079031078,AMD,2026-09-18,put,5.0,0.02,0.0,0.46,3.05468986328125,1,36
2026-05-02,US0079031078,AMD,2026-09-18,put,10.0,0.01,0.0,0.16,2.1718795703125,10,11
2026-05-02,US0079031078,AMD,2026-09-18,put,15.0,0.04,0.0,0.42,2.1250046874999997,2,6
2026-05-02,US0079031078,AMD,2026-09-18,put,20.0,0.1,0.0,0.18,1.7382825585937498,2,11
2026-05-02,US0079031078,AMD,2026-09-18,put,25.0,0.05,0.0,0.32,1.6992202539062502,1,19
2026-05-02,US0079031078,AMD,2026-09-18,put,30.0,0.01,0.0,0.25,1.53515857421875,5,89
2026-05-02,US0079031078,AMD,2026-09-18,put,35.0,0.06,0.0,0.0,0.500005,28,0
2026-05-02,US0079031078,AMD,2026-09-18,put,40.0,0.05,0.0,0.28,1.3671906640625,7,532
2026-05-02,US0079031078,AMD,2026-09-18,put,45.0,0.05,0.0,0.12,1.1875040625,1,117
2026-05-02,US0079031078,AMD,2026-09-18,put,50.0,0.1,0.05,0.16,1.189457177734375,3,357
2026-05-02,US0079031078,AMD,2026-09-18,put,55.0,0.09,0.07,0.33,1.2148476757812499,7,492
2026-05-02,US0079031078,AMD,2026-09-18,put,60.0,0.12,0.1,0.36,1.1767619287109374,1,416
2026-05-02,US0079031078,AMD,2026-09-18,put,65.0,0.18,0.01,0.25,1.0546922265625,3,225
2026-05-02,US0079031078,AMD,2026-09-18,put,70.0,0.34,0.1,0.37,1.0791061669921875,2,192
2026-05-02,US0079031078,AMD,2026-09-18,put,75.0,0.22,0.01,0.45,1.0312548437500002,3,308
2026-05-02,US0079031078,AMD,2026-09-18,put,80.0,0.22,0.11,0.32,0.98242205078125,2,246
2026-05-02,US0079031078,AMD,2026-09-18,put,85.0,0.53,0.1,0.49,0.9804689453125001,4,326
2026-05-02,US0079031078,AMD,2026-09-18,put,90.0,0.25,0.1,0.5,0.9443364941406249,4,274
2026-05-02,US0079031078,AMD,2026-09-18,put,95.0,0.44,0.17,0.54,0.9282233740234375,22,403
2026-05-02,US0079031078,AMD,2026-09-18,put,100.0,0.48,0.35,0.65,0.9355475195312499,4,2109
2026-05-02,US0079031078,AMD,2026-09-18,put,105.0,0.56,0.22,0.67,0.8872081591796874,15,922
2026-05-02,US0079031078,AMD,2026-09-18,put,110.0,0.61,0.31,0.58,0.8549819189453125,1,2106
2026-05-02,US0079031078,AMD,2026-09-18,put,115.0,0.58,0.39,0.81,0.8598646826171875,9,2153
2026-05-02,US0079031078,AMD,2026-09-18,put,120.0,0.72,0.42,0.89,0.8403336279296875,1,2872
2026-05-02,US0079031078,AMD,2026-09-18,put,125.0,0.8,0.47,0.88,0.81445498046875,40,1871
2026-05-02,US0079031078,AMD,2026-09-18,put,130.0,0.86,0.86,1.05,0.8293474096679687,30,3129
2026-05-02,US0079031078,AMD,2026-09-18,put,135.0,1.07,0.86,1.24,0.8132342895507811,82,1393
2026-05-02,US0079031078,AMD,2026-09-18,put,140.0,1.06,0.98,1.3,0.7961446166992188,2,16493
2026-05-02,US0079031078,AMD,2026-09-18,put,145.0,1.32,1.11,1.5,0.78711150390625,1,8269
2026-05-02,US0079031078,AMD,2026-09-18,put,150.0,1.35,1.26,1.49,0.7673363110351563,1,7487
2026-05-02,US0079031078,AMD,2026-09-18,put,155.0,1.53,1.39,1.9,0.7656273437500001,3,3802
2026-05-02,US0079031078,AMD,2026-09-18,put,160.0,1.73,1.54,2.06,0.7521997436523438,7,12396
2026-05-02,US0079031078,AMD,2026-09-18,put,165.0,1.96,1.8,2.15,0.7398707653808592,1,3831
2026-05-02,US0079031078,AMD,2026-09-18,put,170.0,2.19,2.04,2.48,0.7341335180664061,2,7506
2026-05-02,US0079031078,AMD,2026-09-18,put,175.0,2.41,2.3,2.58,0.7204617797851562,3,3841
2026-05-02,US0079031078,AMD,2026-09-18,put,180.0,2.65,2.46,2.79,0.7067900415039063,10,8043
2026-05-02,US0079031078,AMD,2026-09-18,put,185.0,3.0,2.68,3.2,0.6995879650878907,2,1840
2026-05-02,US0079031078,AMD,2026-09-18,put,190.0,3.4,3.05,3.45,0.6909210595703126,3,2005
2026-05-02,US0079031078,AMD,2026-09-18,put,195.0,3.7,3.6,4.05,0.6931183032226562,90,1697
2026-05-02,US0079031078,AMD,2026-09-18,put,200.0,4.16,4.1,4.45,0.687625194091797,3093,11183
2026-05-02,US0079031078,AMD,2026-09-18,put,210.0,5.2,5.05,5.25,0.6720003503417971,77,5349
2026-05-02,US0079031078,AMD,2026-09-18,put,220.0,6.35,6.25,6.55,0.6643710321044924,34,3393
2026-05-02,US0079031078,AMD,2026-09-18,put,230.0,8.0,7.6,8.1,0.6568637829589845,25,2965
2026-05-02,US0079031078,AMD,2026-09-18,put,240.0,9.75,9.2,10.0,0.651492742919922,56,1497
2026-05-02,US0079031078,AMD,2026-09-18,put,250.0,11.84,11.15,12.05,0.6463048065185546,205,2654
2026-05-02,US0079031078,AMD,2026-09-18,put,260.0,13.75,13.4,14.05,0.6386449710083008,95,2264
2026-05-02,US0079031078,AMD,2026-09-18,put,270.0,16.58,16.1,16.85,0.6376684182739257,40,1522
2026-05-02,US0079031078,AMD,2026-09-18,put,280.0,19.55,18.8,19.9,0.633640138244629,28,920
2026-05-02,US0079031078,AMD,2026-09-18,put,290.0,22.4,22.4,22.85,0.63125979095459,18,864
2026-05-02,US0079031078,AMD,2026-09-18,put,300.0,26.25,25.95,26.65,0.6301916864013672,66,1697
2026-05-02,US0079031078,AMD,2026-09-18,put,310.0,30.03,29.8,30.65,0.6281775463867189,49,500
2026-05-02,US0079031078,AMD,2026-09-18,put,320.0,34.82,34.0,34.8,0.62540047454834,26,217
2026-05-02,US0079031078,AMD,2026-09-18,put,330.0,39.61,37.8,39.35,0.6189155540466309,44,442
2026-05-02,US0079031078,AMD,2026-09-18,put,340.0,43.45,42.9,44.2,0.6186256399536134,55,1960
2026-05-02,US0079031078,AMD,2026-09-18,put,350.0,48.7,48.35,49.05,0.6168251208496094,69,330
2026-05-02,US0079031078,AMD,2026-09-18,put,360.0,54.0,53.1,54.8,0.6128578753662111,36,111
2026-05-02,US0079031078,AMD,2026-09-18,put,370.0,59.36,59.0,60.55,0.6122627885437013,5,106
2026-05-02,US0079031078,AMD,2026-09-18,put,380.0,65.87,64.95,66.6,0.6105538212585451,20,14
2026-05-02,US0079031078,AMD,2026-09-18,put,390.0,72.59,71.35,72.85,0.6095467512512209,107,27
2026-05-02,US0079031078,AMD,2026-09-18,put,400.0,78.0,77.8,79.45,0.6079751116943359,16,11
2026-05-02,US0079031078,AMD,2026-09-18,put,410.0,84.68,84.45,86.75,0.6087838194274904,4,1
2026-05-02,US0079031078,AMD,2026-09-18,put,420.0,98.55,91.3,93.75,0.6064645066833496,30,32
2026-05-02,US0079031078,AMD,2026-09-18,put,430.0,100.1,98.55,101.05,0.6056863162231446,30,35
2026-05-02,US0079031078,AMD,2026-09-18,put,440.0,106.55,106.05,108.4,0.6042977803039553,30,53
2026-05-02,US0079031078,AMD,2026-09-18,put,450.0,122.0,113.1,116.1,0.5999490689086916,50,25
2026-05-02,US0079031078,AMD,2026-09-18,put,460.0,140.8,120.85,123.9,0.5982095843505859,10,10
2026-05-02,US0079031078,AMD,2026-09-18,put,470.0,148.55,128.85,131.85,0.5968057897949219,25,25
2026-05-02,US0079031078,AMD,2026-09-18,put,480.0,157.15,136.95,139.95,0.5949442361450196,1,6
2026-05-02,US0079031078,AMD,2026-09-18,put,490.0,152.61,145.05,148.2,0.5920145779418947,1,16
2026-05-02,US0079031078,AMD,2026-09-18,put,500.0,154.67,153.8,156.55,0.5923807852172852,11,42
2026-05-02,US0079031078,AMD,2026-09-18,put,510.0,163.32,162.15,165.25,0.5905497488403321,1,4
2026-05-02,US0079031078,AMD,2026-09-18,put,520.0,184.1,170.85,173.9,0.5891459542846681,3,2
2026-05-02,US0079031078,AMD,2026-09-18,put,530.0,280.4,326.2,329.35,2.3354838976287833,30,0
2026-05-02,US0079031078,AMD,2026-09-18,put,560.0,213.5,206.5,209.5,0.5813030151367188,20,20
2026-05-02,US0079031078,AMD,2026-09-18,put,600.0,257.95,243.45,246.25,0.5699505895996093,25,25
2026-05-02,US0079031078,AMD,2026-10-16,call,100.0,250.35,261.0,264.85,1.1027876892089847,78,117
2026-05-02,US0079031078,AMD,2026-10-16,call,105.0,232.65,256.2,260.15,1.0842330944824217,68,75
2026-05-02,US0079031078,AMD,2026-10-16,call,110.0,217.76,251.35,255.05,1.0477342535400391,4,77
2026-05-02,US0079031078,AMD,2026-10-16,call,115.0,212.87,246.5,250.5,1.033452098388672,2,44
2026-05-02,US0079031078,AMD,2026-10-16,call,120.0,228.58,241.7,245.65,1.0098926458740234,116,61
2026-05-02,US0079031078,AMD,2026-10-16,call,125.0,214.0,236.85,240.9,0.9884034362792968,2,84
2026-05-02,US0079031078,AMD,2026-10-16,call,130.0,209.99,232.0,235.75,0.9548344360351562,20,77
2026-05-02,US0079031078,AMD,2026-10-16,call,135.0,204.48,227.35,231.0,0.940430283203125,2,144
2026-05-02,US0079031078,AMD,2026-10-16,call,140.0,198.06,222.65,226.35,0.9267585449218749,132,170
2026-05-02,US0079031078,AMD,2026-10-16,call,145.0,194.44,217.9,221.5,0.9062509375,38,121
2026-05-02,US0079031078,AMD,2026-10-16,call,150.0,215.0,213.5,216.85,0.8991098956298826,1,110
2026-05-02,US0079031078,AMD,2026-10-16,call,155.0,183.93,208.8,211.85,0.8762829754638672,102,136
2026-05-02,US0079031078,AMD,2026-10-16,call,160.0,199.8,204.05,207.5,0.8667005517578125,18,199
2026-05-02,US0079031078,AMD,2026-10-16,call,165.0,162.04,199.45,202.55,0.8472915661621092,2,69
2026-05-02,US0079031078,AMD,2026-10-16,call,170.0,171.49,194.85,197.85,0.8328874133300779,12,135
2026-05-02,US0079031078,AMD,2026-10-16,call,175.0,156.79,190.25,193.3,0.8208636077880858,2,125
2026-05-02,US0079031078,AMD,2026-10-16,call,180.0,153.1,185.7,188.65,0.8075580767822266,2,312
2026-05-02,US0079031078,AMD,2026-10-16,call,185.0,179.88,181.2,184.2,0.7979146185302735,22,227
2026-05-02,US0079031078,AMD,2026-10-16,call,190.0,151.79,176.9,179.6,0.7883321948242188,91,922
2026-05-02,US0079031078,AMD,2026-10-16,call,195.0,159.63,172.05,175.3,0.774538387451172,2,208
2026-05-02,US0079031078,AMD,2026-10-16,call,200.0,163.2,167.9,171.0,0.7700218310546876,2,203
2026-05-02,US0079031078,AMD,2026-10-16,call,210.0,139.12,159.4,162.3,0.7541528491210938,2,654
2026-05-02,US0079031078,AMD,2026-10-16,call,220.0,151.98,151.3,153.85,0.7426478372192382,2,263
2026-05-02,US0079031078,AMD,2026-10-16,call,230.0,141.75,143.25,145.75,0.7318447225952148,4,620
2026-05-02,US0079031078,AMD,2026-10-16,call,240.0,137.0,135.35,137.9,0.7214383325195313,19,283
2026-05-02,US0079031078,AMD,2026-10-16,call,250.0,128.89,128.0,130.3,0.7146024633789063,6,756
2026-05-02,US0079031078,AMD,2026-10-16,call,260.0,121.48,120.5,122.9,0.7046843496704102,33,459
2026-05-02,US0079031078,AMD,2026-10-16,call,270.0,114.13,113.6,115.95,0.6995269305419922,8,510
2026-05-02,US0079031078,AMD,2026-10-16,call,280.0,108.04,106.8,109.05,0.6920196813964845,6,1010
2026-05-02,US0079031078,AMD,2026-10-16,call,290.0,102.5,100.0,102.85,0.6861145890808105,1,295
2026-05-02,US0079031078,AMD,2026-10-16,call,300.0,96.2,93.75,96.7,0.6809419113159182,9,1228
2026-05-02,US0079031078,AMD,2026-10-16,call,310.0,89.51,88.4,90.9,0.6803010485839844,25,572
2026-05-02,US0079031078,AMD,2026-10-16,call,320.0,83.12,83.05,85.4,0.6782563912963868,45,901
2026-05-02,US0079031078,AMD,2026-10-16,call,330.0,77.3,77.65,80.15,0.6744112149047853,10,1008
2026-05-02,US0079031078,AMD,2026-10-16,call,340.0,73.67,73.0,75.2,0.6736330244445803,32,1031
2026-05-02,US0079031078,AMD,2026-10-16,call,350.0,69.05,67.85,70.6,0.6693606062316897,23,633
2026-05-02,US0079031078,AMD,2026-10-16,call,360.0,64.91,63.8,65.5,0.665790085296631,51,280
2026-05-02,US0079031078,AMD,2026-10-16,call,370.0,61.27,59.45,61.65,0.6647677566528322,95,517
2026-05-02,US0079031078,AMD,2026-10-16,call,380.0,56.9,56.1,57.3,0.6639743075561525,17,430
2026-05-02,US0079031078,AMD,2026-10-16,call,390.0,52.49,52.6,53.9,0.6650424121093752,39,119
2026-05-02,US0079031078,AMD,2026-10-16,call,400.0,49.7,48.85,50.35,0.6618991329956055,58,350
2026-05-02,US0079031078,AMD,2026-10-16,call,410.0,45.9,46.0,47.3,0.663913273010254,28,40
2026-05-02,US0079031078,AMD,2026-10-16,call,420.0,43.4,42.9,44.05,0.6616397361755373,10,415
2026-05-02,US0079031078,AMD,2026-10-16,call,430.0,40.4,40.25,41.5,0.6634402552795413,12,278
2026-05-02,US0079031078,AMD,2026-10-16,call,440.0,38.1,37.35,38.95,0.6621737884521486,7,93
2026-05-02,US0079031078,AMD,2026-10-16,call,450.0,35.55,35.2,36.45,0.6634249966430666,63,400
2026-05-02,US0079031078,AMD,2026-10-16,call,460.0,34.15,32.9,34.2,0.6635775830078127,8,30
2026-05-02,US0079031078,AMD,2026-10-16,call,470.0,30.95,30.85,32.15,0.6646456875610353,160,33
2026-05-02,US0079031078,AMD,2026-10-16,call,480.0,29.44,28.95,29.8,0.663409738006592,309,37
2026-05-02,US0079031078,AMD,2026-10-16,call,490.0,23.9,26.4,28.65,0.6637912039184571,3,180
2026-05-02,US0079031078,AMD,2026-10-16,call,500.0,25.9,25.4,26.4,0.6654238780212405,2,229
2026-05-02,US0079031078,AMD,2026-10-16,call,510.0,24.3,23.35,24.8,0.663409738006592,123,139
2026-05-02,US0079031078,AMD,2026-10-16,call,520.0,22.65,21.8,23.5,0.6648898257446291,57,357
2026-05-02,US0079031078,AMD,2026-10-16,call,530.0,21.15,20.45,22.05,0.6655001712036135,125,49
2026-05-02,US0079031078,AMD,2026-10-16,call,540.0,19.95,19.6,20.65,0.6684603466796877,6,28
2026-05-02,US0079031078,AMD,2026-10-16,call,550.0,18.65,18.3,19.3,0.6678194839477541,62,298
2026-05-02,US0079031078,AMD,2026-10-16,call,560.0,17.6,17.05,18.35,0.6691012094116212,18,143
2026-05-02,US0079031078,AMD,2026-10-16,call,570.0,16.5,16.2,16.95,0.6690096575927735,34,104
2026-05-02,US0079031078,AMD,2026-10-16,call,580.0,15.31,15.2,16.25,0.6718172467041017,614,102
2026-05-02,US0079031078,AMD,2026-10-16,call,590.0,14.6,14.05,15.15,0.669772589416504,6,5
2026-05-02,US0079031078,AMD,2026-10-16,call,600.0,13.65,13.15,14.25,0.670047244873047,530,221
2026-05-02,US0079031078,AMD,2026-10-16,put,100.0,0.62,0.27,0.81,0.8632826171875,12,370
2026-05-02,US0079031078,AMD,2026-10-16,put,105.0,0.98,0.5,0.77,0.8510757080078125,10,88
2026-05-02,US0079031078,AMD,2026-10-16,put,110.0,0.72,0.58,0.86,0.8359391406249999,3,433
2026-05-02,US0079031078,AMD,2026-10-16,put,115.0,0.98,0.45,0.89,0.7976094458007812,1,33
2026-05-02,US0079031078,AMD,2026-10-16,put,120.0,1.0,0.7,1.13,0.8068866967773438,1,890
2026-05-02,US0079031078,AMD,2026-10-16,put,125.0,1.14,0.67,1.31,0.7888204711914062,32,349
2026-05-02,US0079031078,AMD,2026-10-16,put,130.0,1.25,0.91,1.2,0.7692894165039064,2,235
2026-05-02,US0079031078,AMD,2026-10-16,put,135.0,1.22,1.08,1.45,0.7658714819335939,2,162
2026-05-02,US0079031078,AMD,2026-10-16,put,140.0,1.44,1.07,1.78,0.7552514709472657,40,348
2026-05-02,US0079031078,AMD,2026-10-16,put,145.0,1.8,1.28,1.72,0.73633076171875,1,354
2026-05-02,US0079031078,AMD,2026-10-16,put,150.0,1.5,1.44,2.06,0.7316921362304687,32,2119
2026-05-02,US0079031078,AMD,2026-10-16,put,155.0,1.98,1.61,2.32,0.7227810925292968,8,122
2026-05-02,US0079031078,AMD,2026-10-16,put,160.0,2.38,1.85,2.38,0.7084990087890625,20,2277
2026-05-02,US0079031078,AMD,2026-10-16,put,165.0,2.49,2.17,2.73,0.705203143310547,21,792
2026-05-02,US0079031078,AMD,2026-10-16,put,170.0,3.07,2.5,2.95,0.6967803759765626,1,342
2026-05-02,US0079031078,AMD,2026-10-16,put,175.0,3.11,2.96,3.45,0.6975127905273439,29,497
2026-05-02,US0079031078,AMD,2026-10-16,put,180.0,3.8,3.25,3.8,0.6887238159179689,3,473
2026-05-02,US0079031078,AMD,2026-10-16,put,185.0,4.2,3.45,4.1,0.6761506994628907,1,257
2026-05-02,US0079031078,AMD,2026-10-16,put,190.0,4.25,3.95,4.55,0.672122419433594,21,257
2026-05-02,US0079031078,AMD,2026-10-16,put,195.0,4.87,4.65,5.15,0.6729158685302736,20,425
2026-05-02,US0079031078,AMD,2026-10-16,put,200.0,5.66,5.0,5.55,0.6626010302734376,3,2025
2026-05-02,US0079031078,AMD,2026-10-16,put,210.0,6.61,6.4,6.9,0.6586948193359375,2,742
2026-05-02,US0079031078,AMD,2026-10-16,put,220.0,7.75,7.9,8.35,0.6517368811035158,6,671
2026-05-02,US0079031078,AMD,2026-10-16,put,230.0,10.0,9.6,10.25,0.6475254974365234,33,523
2026-05-02,US0079031078,AMD,2026-10-16,put,240.0,11.5,11.45,12.25,0.6410558355712892,43,408
2026-05-02,US0079031078,AMD,2026-10-16,put,250.0,13.71,13.55,14.6,0.635867899169922,9,716
2026-05-02,US0079031078,AMD,2026-10-16,put,260.0,16.6,16.05,17.1,0.6311682391357423,27,530
2026-05-02,US0079031078,AMD,2026-10-16,put,270.0,19.5,18.9,19.9,0.6274756491088869,73,601
2026-05-02,US0079031078,AMD,2026-10-16,put,280.0,22.49,22.05,22.85,0.6230811618041993,20,173
2026-05-02,US0079031078,AMD,2026-10-16,put,290.0,25.95,25.3,26.65,0.6214027117919922,121,531
2026-05-02,US0079031078,AMD,2026-10-16,put,300.0,29.7,29.25,30.4,0.620090469055176,47,586
2026-05-02,US0079031078,AMD,2026-10-16,put,310.0,33.68,33.35,34.3,0.6170082244873047,10,568
2026-05-02,US0079031078,AMD,2026-10-16,put,320.0,37.99,37.2,39.2,0.6149940844726562,10,160
2026-05-02,US0079031078,AMD,2026-10-16,put,330.0,43.25,41.6,43.1,0.607273214416504,56,167
2026-05-02,US0079031078,AMD,2026-10-16,put,340.0,47.8,47.1,48.4,0.6104470108032228,13,94
2026-05-02,US0079031078,AMD,2026-10-16,put,350.0,53.35,52.1,54.15,0.6101723553466798,27,176
2026-05-02,US0079031078,AMD,2026-10-16,put,360.0,58.66,57.55,59.15,0.6055032125854494,4,46
2026-05-02,US0079031078,AMD,2026-10-16,put,370.0,65.03,63.45,64.9,0.6044198493957522,26,47
2026-05-02,US0079031078,AMD,2026-10-16,put,380.0,69.6,69.25,70.95,0.6017801052856447,66,59
2026-05-02,US0079031078,AMD,2026-10-16,put,390.0,77.3,75.45,77.25,0.60001010345459,3,12
2026-05-02,US0079031078,AMD,2026-10-16,put,400.0,83.85,81.9,83.8,0.5984232052612305,19,15
2026-05-02,US0079031078,AMD,2026-10-16,put,410.0,97.46,88.55,90.55,0.596607427520752,2,1
2026-05-02,US0079031078,AMD,2026-10-16,put,420.0,99.77,95.85,97.8,0.5985757916259766,12,15
2026-05-02,US0079031078,AMD,2026-10-16,put,430.0,109.45,102.2,105.05,0.5934794070434571,30,30
2026-05-02,US0079031078,AMD,2026-10-16,put,450.0,118.05,117.15,119.55,0.5890544024658204,30,10
2026-05-02,US0079031078,AMD,2026-10-16,put,460.0,165.0,124.6,127.05,0.5851176742553711,,3
2026-05-02,US0079031078,AMD,2026-10-16,put,470.0,182.26,132.65,135.45,0.5877726770019531,,3
2026-05-02,US0079031078,AMD,2026-10-16,put,480.0,158.15,140.65,143.55,0.5867961242675781,45,45
2026-05-02,US0079031078,AMD,2026-10-16,put,490.0,161.4,148.9,151.7,0.5859111233520508,3,6
2026-05-02,US0079031078,AMD,2026-10-16,put,500.0,164.75,157.15,159.95,0.5840037937927245,1,41
2026-05-02,US0079031078,AMD,2026-10-16,put,520.0,185.8,173.7,176.95,0.5787700814819335,3,3
2026-05-02,US0079031078,AMD,2026-10-16,put,560.0,222.4,208.9,212.05,0.5721478332519532,2,2
2026-05-02,US0079031078,AMD,2026-10-16,put,570.0,264.15,218.25,221.05,0.5731243859863282,,1
2026-05-02,US0079031078,AMD,2026-10-16,put,600.0,252.15,245.4,248.35,0.5631147204589844,25,30
2026-05-02,US0079031078,AMD,2026-11-20,call,100.0,236.77,261.7,265.4,1.0513963446044923,48,101
2026-05-02,US0079031078,AMD,2026-11-20,call,105.0,222.59,256.85,260.8,1.0324755407714847,2,104
2026-05-02,US0079031078,AMD,2026-11-20,call,110.0,252.47,252.05,256.05,1.0102588549804685,1,59
2026-05-02,US0079031078,AMD,2026-11-20,call,115.0,246.26,247.4,251.1,0.9869386071777344,3,58
2026-05-02,US0079031078,AMD,2026-11-20,call,120.0,217.89,242.5,246.2,0.9584965087890623,10,65
2026-05-02,US0079031078,AMD,2026-11-20,call,125.0,200.0,237.9,241.65,0.9484258087158204,4,98
2026-05-02,US0079031078,AMD,2026-11-20,call,130.0,193.6,233.2,236.85,0.9288337194824219,14,60
2026-05-02,US0079031078,AMD,2026-11-20,call,135.0,198.6,228.35,232.1,0.907105421142578,1,103
2026-05-02,US0079031078,AMD,2026-11-20,call,140.0,187.16,224.1,227.5,0.9021005883789062,2,243
2026-05-02,US0079031078,AMD,2026-11-20,call,145.0,213.35,219.45,222.45,0.8785412536621093,2,85
2026-05-02,US0079031078,AMD,2026-11-20,call,150.0,217.27,214.8,217.8,0.8633436517333983,6,259
2026-05-02,US0079031078,AMD,2026-11-20,call,155.0,205.16,210.2,213.25,0.8507705352783204,2,129
2026-05-02,US0079031078,AMD,2026-11-20,call,160.0,179.29,205.65,208.6,0.8369767279052733,25,107
2026-05-02,US0079031078,AMD,2026-11-20,call,165.0,195.82,201.1,204.1,0.8253801641845702,2,174
2026-05-02,US0079031078,AMD,2026-11-20,call,170.0,178.94,196.2,199.55,0.8071918695068359,1,101
2026-05-02,US0079031078,AMD,2026-11-20,call,175.0,186.0,192.1,195.1,0.8024311749267576,6,78
2026-05-02,US0079031078,AMD,2026-11-20,call,180.0,187.25,187.75,190.65,0.7931539239501952,22,142
2026-05-02,US0079031078,AMD,2026-11-20,call,185.0,176.85,183.5,186.15,0.7839377075195313,10,109
2026-05-02,US0079031078,AMD,2026-11-20,call,190.0,178.18,179.2,181.95,0.7772849420166017,5,112
2026-05-02,US0079031078,AMD,2026-11-20,call,195.0,168.25,174.75,177.7,0.7674583801269532,2,402
2026-05-02,US0079031078,AMD,2026-11-20,call,200.0,172.0,170.8,173.6,0.7644676873779297,37,437
2026-05-02,US0079031078,AMD,2026-11-20,call,210.0,165.5,162.55,165.2,0.7498193963623048,3,265
2026-05-02,US0079031078,AMD,2026-11-20,call,220.0,155.33,154.55,157.2,0.7388636953735351,4,896
2026-05-02,US0079031078,AMD,2026-11-20,call,230.0,147.0,146.8,149.25,0.7276638562011719,2,941
2026-05-02,US0079031078,AMD,2026-11-20,call,240.0,140.49,139.3,141.8,0.7197903997802735,4,16780
2026-05-02,US0079031078,AMD,2026-11-20,call,250.0,134.63,132.0,134.6,0.712313667907715,4,1617
2026-05-02,US0079031078,AMD,2026-11-20,call,260.0,125.7,125.05,127.65,0.706179696044922,22,9807
2026-05-02,US0079031078,AMD,2026-11-20,call,270.0,120.19,118.45,120.9,0.7008086560058593,4,617
2026-05-02,US0079031078,AMD,2026-11-20,call,280.0,113.42,112.05,114.55,0.6963531341552736,109,1244
2026-05-02,US0079031078,AMD,2026-11-20,call,290.0,107.4,105.9,108.45,0.6921417504882813,4,442
2026-05-02,US0079031078,AMD,2026-11-20,call,300.0,100.89,100.1,102.6,0.6886932986450197,11,1111
2026-05-02,US0079031078,AMD,2026-11-20,call,310.0,95.75,94.7,96.8,0.6851838122558593,19,553
2026-05-02,US0079031078,AMD,2026-11-20,call,320.0,90.88,89.15,91.7,0.6821320849609377,14,401
2026-05-02,US0079031078,AMD,2026-11-20,call,330.0,77.1,84.2,86.65,0.6800874276733401,7,863
2026-05-02,US0079031078,AMD,2026-11-20,call,340.0,79.84,79.9,81.8,0.680011134490967,254,717
2026-05-02,US0079031078,AMD,2026-11-20,call,350.0,75.72,75.3,77.1,0.6769746658325196,108,897
2026-05-02,US0079031078,AMD,2026-11-20,call,360.0,71.42,70.9,72.75,0.6745485426330569,91,601
2026-05-02,US0079031078,AMD,2026-11-20,call,370.0,66.64,66.7,68.8,0.6730074203491213,15,416
2026-05-02,US0079031078,AMD,2026-11-20,call,380.0,63.1,62.75,64.55,0.6693300889587404,43,469
2026-05-02,US0079031078,AMD,2026-11-20,call,390.0,59.27,59.15,61.0,0.6687807780456543,34,408
2026-05-02,US0079031078,AMD,2026-11-20,call,400.0,57.1,55.8,57.3,0.6669497416687014,65,1142
2026-05-02,US0079031078,AMD,2026-11-20,call,410.0,52.8,52.55,54.45,0.6678500012207034,46,254
2026-05-02,US0079031078,AMD,2026-11-20,call,420.0,50.6,49.95,51.75,0.6709017285156251,22,209
2026-05-02,US0079031078,AMD,2026-11-20,call,430.0,46.95,46.8,48.7,0.6682162084960939,14,232
2026-05-02,US0079031078,AMD,2026-11-20,call,440.0,45.0,43.95,46.15,0.6678194839477541,4,73
2026-05-02,US0079031078,AMD,2026-11-20,call,450.0,42.5,41.6,43.65,0.6686129330444338,3,190
2026-05-02,US0079031078,AMD,2026-11-20,call,460.0,37.25,39.2,41.2,0.668094139404297,1,168
2026-05-02,US0079031078,AMD,2026-11-20,call,470.0,38.05,37.0,38.95,0.6682162084960939,9,37
2026-05-02,US0079031078,AMD,2026-11-20,call,480.0,31.1,34.9,36.55,0.6668581898498538,1,210
2026-05-02,US0079031078,AMD,2026-11-20,call,490.0,31.4,32.95,34.75,0.668017846221924,12,66
2026-05-02,US0079031078,AMD,2026-11-20,call,500.0,32.2,30.95,32.75,0.6668124139404299,236,3238
2026-05-02,US0079031078,AMD,2026-11-20,call,510.0,28.6,29.35,30.9,0.6673006903076173,2,33
2026-05-02,US0079031078,AMD,2026-11-20,call,520.0,26.3,27.65,29.6,0.6691012094116212,4,38
2026-05-02,US0079031078,AMD,2026-11-20,call,530.0,24.0,26.1,28.0,0.6691622439575197,18,91
2026-05-02,US0079031078,AMD,2026-11-20,call,540.0,18.0,24.7,26.55,0.6698946585083009,2,29
2026-05-02,US0079031078,AMD,2026-11-20,call,550.0,22.95,23.4,25.1,0.6702608657836916,7,124
2026-05-02,US0079031078,AMD,2026-11-20,call,560.0,16.05,22.6,23.5,0.671725694885254,2,87
2026-05-02,US0079031078,AMD,2026-11-20,call,570.0,19.4,21.4,22.8,0.6752809571838381,1,22
2026-05-02,US0079031078,AMD,2026-11-20,call,590.0,19.6,18.8,20.5,0.6736788003540041,40,2
2026-05-02,US0079031078,AMD,2026-11-20,call,600.0,17.94,18.15,18.9,0.6728853512573244,55,206
2026-05-02,US0079031078,AMD,2026-11-20,put,100.0,0.85,0.53,1.15,0.8376481079101561,41,722
2026-05-02,US0079031078,AMD,2026-11-20,put,105.0,1.34,0.64,1.14,0.81445498046875,2,195
2026-05-02,US0079031078,AMD,2026-11-20,put,110.0,1.27,0.77,1.17,0.795900478515625,37,333
2026-05-02,US0079031078,AMD,2026-11-20,put,115.0,1.3,0.91,1.35,0.78711150390625,64,208
2026-05-02,US0079031078,AMD,2026-11-20,put,120.0,1.25,1.07,1.49,0.775514940185547,14,441
2026-05-02,US0079031078,AMD,2026-11-20,put,125.0,1.52,1.25,1.65,0.7648949291992189,1,589
2026-05-02,US0079031078,AMD,2026-11-20,put,130.0,1.8,1.22,1.98,0.7517114672851561,2,1847
2026-05-02,US0079031078,AMD,2026-11-20,put,135.0,1.85,1.59,2.01,0.7419459399414061,56,516
2026-05-02,US0079031078,AMD,2026-11-20,put,140.0,1.93,1.63,2.13,0.7226590234375,4,2835
2026-05-02,US0079031078,AMD,2026-11-20,put,145.0,2.34,2.02,2.59,0.7264431652832031,52,375
2026-05-02,US0079031078,AMD,2026-11-20,put,150.0,2.49,2.11,2.6,0.7050810742187501,5,4025
2026-05-02,US0079031078,AMD,2026-11-20,put,155.0,2.86,2.57,3.0,0.7053252124023439,19,1061
2026-05-02,US0079031078,AMD,2026-11-20,put,160.0,3.1,2.72,3.3,0.6932403723144531,1,3731
2026-05-02,US0079031078,AMD,2026-11-20,put,165.0,3.32,3.2,3.55,0.6871369177246094,25,1550
2026-05-02,US0079031078,AMD,2026-11-20,put,170.0,3.76,3.6,4.0,0.6824982922363283,1,747
2026-05-02,US0079031078,AMD,2026-11-20,put,175.0,4.7,4.0,4.55,0.6784700122070313,4,697
2026-05-02,US0079031078,AMD,2026-11-20,put,180.0,4.92,4.45,5.0,0.6721834539794924,10,1017
2026-05-02,US0079031078,AMD,2026-11-20,put,185.0,5.2,4.95,5.4,0.6649813775634767,10,974
2026-05-02,US0079031078,AMD,2026-11-20,put,190.0,5.7,5.55,5.9,0.6600375793457032,6,5010
2026-05-02,US0079031078,AMD,2026-11-20,put,195.0,6.35,6.1,6.45,0.6539951593017579,14,1360
2026-05-02,US0079031078,AMD,2026-11-20,put,200.0,7.65,6.85,7.2,0.6525303302001955,1,4403
2026-05-02,US0079031078,AMD,2026-11-20,put,210.0,8.69,8.45,9.0,0.6503025692749024,113,4728
2026-05-02,US0079031078,AMD,2026-11-20,put,220.0,10.42,10.15,10.75,0.6435277346801759,54,1384
2026-05-02,US0079031078,AMD,2026-11-20,put,230.0,12.28,12.05,12.9,0.6386144537353515,4,390
2026-05-02,US0079031078,AMD,2026-11-20,put,240.0,14.6,14.4,15.25,0.635318588256836,12,1208
2026-05-02,US0079031078,AMD,2026-11-20,put,250.0,17.6,16.9,17.7,0.6300391000366211,5,1624
2026-05-02,US0079031078,AMD,2026-11-20,put,260.0,20.55,19.55,20.85,0.6274756491088869,25,627
2026-05-02,US0079031078,AMD,2026-11-20,put,270.0,23.6,22.85,23.7,0.6236915072631836,38,294
2026-05-02,US0079031078,AMD,2026-11-20,put,280.0,26.9,26.05,27.6,0.6226539199829101,11,76
2026-05-02,US0079031078,AMD,2026-11-20,put,290.0,30.85,29.65,31.2,0.6188545195007324,15,117
2026-05-02,US0079031078,AMD,2026-11-20,put,300.0,34.4,33.6,35.15,0.6161232235717774,41,123
2026-05-02,US0079031078,AMD,2026-11-20,put,310.0,38.61,37.65,39.5,0.6132240826416018,6,66
2026-05-02,US0079031078,AMD,2026-11-20,put,320.0,43.24,42.3,44.0,0.611576149902344,305,955
2026-05-02,US0079031078,AMD,2026-11-20,put,330.0,48.35,47.0,49.05,0.6102944244384767,4,216
2026-05-02,US0079031078,AMD,2026-11-20,put,340.0,52.9,52.05,53.85,0.6069375244140626,9,90
2026-05-02,US0079031078,AMD,2026-11-20,put,350.0,58.55,57.7,59.2,0.6068154553222658,29,83
2026-05-02,US0079031078,AMD,2026-11-20,put,360.0,64.0,62.75,64.85,0.6028939857482913,11,29
2026-05-02,US0079031078,AMD,2026-11-20,put,370.0,84.7,68.55,70.7,0.6012918289184571,18,110
2026-05-02,US0079031078,AMD,2026-11-20,put,380.0,75.45,74.7,76.6,0.5994302752685547,91,8
2026-05-02,US0079031078,AMD,2026-11-20,put,390.0,85.2,80.85,83.05,0.5980875152587892,3,44
2026-05-02,US0079031078,AMD,2026-11-20,put,400.0,104.41,87.35,89.7,0.5973551007080078,25,38
2026-05-02,US0079031078,AMD,2026-11-20,put,410.0,112.5,94.05,96.3,0.595432512512207,1,11
2026-05-02,US0079031078,AMD,2026-11-20,put,420.0,109.02,100.85,103.25,0.5937998384094239,26,16
2026-05-02,US0079031078,AMD,2026-11-20,put,430.0,169.65,107.9,110.4,0.5925486302185059,3,1
2026-05-02,US0079031078,AMD,2026-11-20,put,440.0,122.1,114.9,117.45,0.5888865574645996,30,86
2026-05-02,US0079031078,AMD,2026-11-20,put,450.0,176.35,122.35,125.1,0.5886424192810058,3,5
2026-05-02,US0079031078,AMD,2026-11-20,put,460.0,131.45,129.9,132.55,0.5863688824462892,30,39
2026-05-02,US0079031078,AMD,2026-11-20,put,470.0,138.75,137.75,140.45,0.5862925892639161,30,9
2026-05-02,US0079031078,AMD,2026-11-20,put,480.0,194.45,145.4,148.3,0.5835307760620116,3,4
2026-05-02,US0079031078,AMD,2026-11-20,put,490.0,203.05,153.45,156.3,0.5821574987792968,,3
2026-05-02,US0079031078,AMD,2026-11-20,put,500.0,181.8,161.55,164.45,0.58047904876709,15,35
2026-05-02,US0079031078,AMD,2026-11-20,put,600.0,270.45,248.4,251.35,0.5620466159057618,21,11
2026-05-02,US0079031078,AMD,2026-12-18,call,5.0,238.64,353.75,357.7,2.306644858398437,20,1383
2026-05-02,US0079031078,AMD,2026-12-18,call,10.0,213.45,227.35,231.05,1.0000000000000003e-05,,3
2026-05-02,US0079031078,AMD,2026-12-18,call,20.0,216.15,339.05,343.1,1.689454677734375,2,952
2026-05-02,US0079031078,AMD,2026-12-18,call,25.0,177.77,334.25,338.1,1.5859395703124997,25,215
2026-05-02,US0079031078,AMD,2026-12-18,call,30.0,164.23,247.95,250.75,1.0000000000000003e-05,1,15
2026-05-02,US0079031078,AMD,2026-12-18,call,35.0,189.52,199.05,203.0,1.0000000000000003e-05,4,9
2026-05-02,US0079031078,AMD,2026-12-18,call,40.0,168.66,319.8,323.45,1.4008819018554686,1,17
2026-05-02,US0079031078,AMD,2026-12-18,call,45.0,281.75,315.0,318.6,1.3559602514648437,1,106
2026-05-02,US0079031078,AMD,2026-12-18,call,50.0,157.6,143.55,146.4,1.0000000000000003e-05,5,208
2026-05-02,US0079031078,AMD,2026-12-18,call,55.0,183.99,153.35,156.85,1.0000000000000003e-05,10,51
2026-05-02,US0079031078,AMD,2026-12-18,call,60.0,291.31,300.45,304.1,1.230716737060547,1,163
2026-05-02,US0079031078,AMD,2026-12-18,call,65.0,286.0,295.95,299.15,1.2077676330566405,1,224
2026-05-02,US0079031078,AMD,2026-12-18,call,70.0,269.7,290.75,294.35,1.1552776611328124,6,339
2026-05-02,US0079031078,AMD,2026-12-18,call,75.0,264.0,285.9,289.55,1.1247602355957032,88,330
2026-05-02,US0079031078,AMD,2026-12-18,call,80.0,257.18,281.1,284.7,1.0954635070800784,50,243
2026-05-02,US0079031078,AMD,2026-12-18,call,85.0,277.79,276.2,280.0,1.069462660522461,1,1294
2026-05-02,US0079031078,AMD,2026-12-18,call,90.0,270.8,271.5,274.9,1.0363817712402348,1,664
2026-05-02,US0079031078,AMD,2026-12-18,call,95.0,242.4,267.1,270.55,1.0422411169433596,74,1205
2026-05-02,US0079031078,AMD,2026-12-18,call,100.0,263.3,261.95,265.65,1.0023243243408204,7,1929
2026-05-02,US0079031078,AMD,2026-12-18,call,105.0,230.21,257.25,261.0,0.9863282617187501,3,497
2026-05-02,US0079031078,AMD,2026-12-18,call,110.0,224.6,252.55,256.3,0.9684451397705078,2,1065
2026-05-02,US0079031078,AMD,2026-12-18,call,115.0,249.11,248.05,251.6,0.9557499542236327,1,773
2026-05-02,US0079031078,AMD,2026-12-18,call,120.0,243.35,243.15,246.9,0.932739930419922,4,1035
2026-05-02,US0079031078,AMD,2026-12-18,call,125.0,240.24,238.3,242.2,0.9114999084472657,2,1146
2026-05-02,US0079031078,AMD,2026-12-18,call,130.0,229.25,234.1,237.5,0.9047250738525392,2,2176
2026-05-02,US0079031078,AMD,2026-12-18,call,135.0,232.0,229.6,232.45,0.8837291900634765,10,3896
2026-05-02,US0079031078,AMD,2026-12-18,call,140.0,226.2,225.1,227.9,0.8727429718017576,1,5076
2026-05-02,US0079031078,AMD,2026-12-18,call,145.0,199.0,220.25,223.25,0.8531508825683594,2,2049
2026-05-02,US0079031078,AMD,2026-12-18,call,150.0,210.62,215.8,218.6,0.8406998352050781,2,1783
2026-05-02,US0079031078,AMD,2026-12-18,call,155.0,208.77,211.2,214.1,0.828004649658203,8,909
2026-05-02,US0079031078,AMD,2026-12-18,call,160.0,204.3,206.7,209.7,0.8179949841308591,10,1035
2026-05-02,US0079031078,AMD,2026-12-18,call,165.0,196.5,202.25,205.2,0.8068256622314454,1,1613
2026-05-02,US0079031078,AMD,2026-12-18,call,170.0,197.86,197.85,200.85,0.7979146185302735,1,1191
2026-05-02,US0079031078,AMD,2026-12-18,call,175.0,193.0,193.35,196.45,0.7865621929931641,12,650
2026-05-02,US0079031078,AMD,2026-12-18,call,180.0,191.0,188.85,192.1,0.7754844229125978,11,1059
2026-05-02,US0079031078,AMD,2026-12-18,call,185.0,186.8,184.85,187.9,0.7716697637939454,16,965
2026-05-02,US0079031078,AMD,2026-12-18,call,190.0,181.75,180.6,183.65,0.7635521691894531,7,1992
2026-05-02,US0079031078,AMD,2026-12-18,call,195.0,171.54,176.5,179.45,0.7569909555053712,3,1362
2026-05-02,US0079031078,AMD,2026-12-18,call,200.0,173.55,172.35,175.4,0.7507654318237305,124,2710
2026-05-02,US0079031078,AMD,2026-12-18,call,210.0,165.5,164.65,166.9,0.7382533499145507,6,2139
2026-05-02,US0079031078,AMD,2026-12-18,call,220.0,155.5,156.55,159.35,0.7280300634765625,26,1793
2026-05-02,US0079031078,AMD,2026-12-18,call,230.0,150.56,149.3,151.65,0.7206754006958008,9,1998
2026-05-02,US0079031078,AMD,2026-12-18,call,240.0,143.9,141.9,144.55,0.7138090142822267,12,2706
2026-05-02,US0079031078,AMD,2026-12-18,call,250.0,134.8,134.9,137.4,0.706606937866211,160,3155
2026-05-02,US0079031078,AMD,2026-12-18,call,260.0,127.8,127.85,130.6,0.6988250332641602,16,1704
2026-05-02,US0079031078,AMD,2026-12-18,call,270.0,119.87,121.2,124.1,0.6929657168579101,18,2305
2026-05-02,US0079031078,AMD,2026-12-18,call,280.0,115.4,115.2,117.85,0.6898529550170901,64,2213
2026-05-02,US0079031078,AMD,2026-12-18,call,290.0,111.12,109.3,111.95,0.6867096759033204,6,1661
2026-05-02,US0079031078,AMD,2026-12-18,call,300.0,103.0,103.7,106.2,0.6835511381530763,328,4851
2026-05-02,US0079031078,AMD,2026-12-18,call,310.0,99.5,98.15,100.7,0.6796601858520509,14,2395
2026-05-02,US0079031078,AMD,2026-12-18,call,320.0,92.45,92.9,95.35,0.6759065612792969,35,1093
2026-05-02,US0079031078,AMD,2026-12-18,call,330.0,89.23,87.95,90.35,0.6732515585327151,33,1758
2026-05-02,US0079031078,AMD,2026-12-18,call,340.0,84.9,83.2,85.65,0.6709627630615236,124,1892
2026-05-02,US0079031078,AMD,2026-12-18,call,350.0,80.0,78.8,81.05,0.6688265539550782,60,5579
2026-05-02,US0079031078,AMD,2026-12-18,call,360.0,75.64,74.55,76.8,0.6671481039428714,325,1552
2026-05-02,US0079031078,AMD,2026-12-18,call,370.0,72.0,70.8,72.0,0.6634860311889651,125,1545
2026-05-02,US0079031078,AMD,2026-12-18,call,380.0,68.0,66.6,68.85,0.6634860311889651,24,1969
2026-05-02,US0079031078,AMD,2026-12-18,call,390.0,63.99,63.25,64.85,0.6618533570861818,43,4842
2026-05-02,US0079031078,AMD,2026-12-18,call,400.0,60.73,59.65,61.5,0.6604343038940431,2101,2739
2026-05-02,US0079031078,AMD,2026-12-18,call,410.0,56.5,56.5,58.15,0.6594882684326173,3,739
2026-05-02,US0079031078,AMD,2026-12-18,call,420.0,51.0,53.4,55.3,0.6595340443420412,6,798
2026-05-02,US0079031078,AMD,2026-12-18,call,430.0,51.15,50.6,52.5,0.6597476652526855,4,502
2026-05-02,US0079031078,AMD,2026-12-18,call,440.0,48.82,48.15,49.75,0.6604190452575684,29,440
2026-05-02,US0079031078,AMD,2026-12-18,call,450.0,46.35,45.7,47.1,0.6602969761657715,68,1479
2026-05-02,US0079031078,AMD,2026-12-18,call,460.0,43.51,43.45,44.7,0.660983614807129,18,336
2026-05-02,US0079031078,AMD,2026-12-18,call,470.0,38.7,41.1,42.75,0.6621280125427247,1,110
2026-05-02,US0079031078,AMD,2026-12-18,call,480.0,39.82,38.85,40.2,0.6599155102539063,10,1159
2026-05-02,US0079031078,AMD,2026-12-18,call,490.0,36.7,36.8,38.3,0.6605258557128908,6,358
2026-05-02,US0079031078,AMD,2026-12-18,call,500.0,35.0,35.05,36.35,0.6613040461730959,58,1116
2026-05-02,US0079031078,AMD,2026-12-18,call,510.0,32.27,33.2,34.55,0.6613650807189944,2,342
2026-05-02,US0079031078,AMD,2026-12-18,call,520.0,32.64,31.15,32.7,0.6592899061584474,8,377
2026-05-02,US0079031078,AMD,2026-12-18,call,530.0,30.24,29.85,31.4,0.6626010302734376,177,1709
2026-05-02,US0079031078,AMD,2026-12-18,call,540.0,27.0,28.05,30.1,0.6626773234558105,25,31
2026-05-02,US0079031078,AMD,2026-12-18,call,550.0,27.25,27.05,28.4,0.6639437902832033,26,156
2026-05-02,US0079031078,AMD,2026-12-18,call,560.0,26.6,25.35,27.05,0.6626468061828614,21,145
2026-05-02,US0079031078,AMD,2026-12-18,call,570.0,24.43,24.1,25.8,0.663409738006592,90,102
2026-05-02,US0079031078,AMD,2026-12-18,call,580.0,16.05,22.8,24.65,0.6637301693725587,1,7
2026-05-02,US0079031078,AMD,2026-12-18,call,590.0,21.45,21.8,23.35,0.6641574111938479,3,30
2026-05-02,US0079031078,AMD,2026-12-18,call,600.0,21.62,21.1,21.75,0.6638980143737794,131,449
2026-05-02,US0079031078,AMD,2026-12-18,put,5.0,0.01,0.0,0.45,2.3710978222656243,,2
2026-05-02,US0079031078,AMD,2026-12-18,put,10.0,0.06,0.0,0.49,1.935547197265625,2,2
2026-05-02,US0079031078,AMD,2026-12-18,put,15.0,0.16,0.0,0.53,1.705079599609375,2,200
2026-05-02,US0079031078,AMD,2026-12-18,put,20.0,0.05,0.0,0.33,1.4472683886718751,1,525
2026-05-02,US0079031078,AMD,2026-12-18,put,25.0,0.07,0.02,0.04,1.1171919140625,2,847
2026-05-02,US0079031078,AMD,2026-12-18,put,30.0,0.19,0.05,0.39,1.2744176904296873,1,185
2026-05-02,US0079031078,AMD,2026-12-18,put,35.0,0.11,0.05,0.18,1.107426337890625,1,489
2026-05-02,US0079031078,AMD,2026-12-18,put,40.0,0.11,0.05,0.37,1.115238798828125,12,245
2026-05-02,US0079031078,AMD,2026-12-18,put,45.0,0.23,0.1,0.29,1.0449266503906252,1,726
2026-05-02,US0079031078,AMD,2026-12-18,put,50.0,0.19,0.1,0.24,0.975586181640625,1,735
2026-05-02,US0079031078,AMD,2026-12-18,put,55.0,0.33,0.13,0.46,0.99023447265625,1,1565
2026-05-02,US0079031078,AMD,2026-12-18,put,60.0,0.26,0.1,0.4,0.9257819921875,2,1551
2026-05-02,US0079031078,AMD,2026-12-18,put,65.0,0.3,0.15,0.48,0.9096688720703124,3,532
2026-05-02,US0079031078,AMD,2026-12-18,put,70.0,0.25,0.15,0.48,0.8706067626953125,5,1077
2026-05-02,US0079031078,AMD,2026-12-18,put,75.0,0.5,0.16,0.64,0.860352958984375,4,1373
2026-05-02,US0079031078,AMD,2026-12-18,put,80.0,0.63,0.22,0.68,0.8388687988281249,1,2097
2026-05-02,US0079031078,AMD,2026-12-18,put,85.0,0.61,0.48,0.76,0.8422867333984375,20,1531
2026-05-02,US0079031078,AMD,2026-12-18,put,90.0,0.65,0.56,0.9,0.8295915478515624,1,4145
2026-05-02,US0079031078,AMD,2026-12-18,put,95.0,0.86,0.66,1.04,0.8168963623046874,1,1328
2026-05-02,US0079031078,AMD,2026-12-18,put,100.0,0.83,0.76,0.85,0.780275634765625,7,10763
2026-05-02,US0079031078,AMD,2026-12-18,put,105.0,1.05,0.85,1.19,0.7800314965820312,2,1065
2026-05-02,US0079031078,AMD,2026-12-18,put,110.0,1.15,1.03,1.29,0.7680687255859376,4,3170
2026-05-02,US0079031078,AMD,2026-12-18,put,115.0,1.24,1.13,1.4,0.751833536376953,9,1998
2026-05-02,US0079031078,AMD,2026-12-18,put,120.0,1.47,1.27,1.81,0.7507349145507812,79,6028
2026-05-02,US0079031078,AMD,2026-12-18,put,125.0,1.66,1.49,1.74,0.7309597216796875,1,2110
2026-05-02,US0079031078,AMD,2026-12-18,put,130.0,1.82,1.65,2.02,0.7226590234375,26,2838
2026-05-02,US0079031078,AMD,2026-12-18,put,135.0,2.08,1.89,2.18,0.7117948742675781,8,1587
2026-05-02,US0079031078,AMD,2026-12-18,put,140.0,2.52,2.15,2.41,0.70312796875,2,7171
2026-05-02,US0079031078,AMD,2026-12-18,put,145.0,2.53,2.4,2.76,0.6966583068847658,10,2220
2026-05-02,US0079031078,AMD,2026-12-18,put,150.0,2.9,2.72,3.0,0.6879303668212893,8,3751
2026-05-02,US0079031078,AMD,2026-12-18,put,155.0,3.45,3.1,3.45,0.6846955358886719,22,1659
2026-05-02,US0079031078,AMD,2026-12-18,put,160.0,3.7,3.45,3.85,0.6782258740234376,8,4521
2026-05-02,US0079031078,AMD,2026-12-18,put,165.0,4.25,3.8,4.2,0.6698031066894532,5,1601
2026-05-02,US0079031078,AMD,2026-12-18,put,170.0,4.7,4.4,4.7,0.6679110357666018,98,13068
2026-05-02,US0079031078,AMD,2026-12-18,put,175.0,5.0,4.85,5.15,0.6611362011718751,1,2080
2026-05-02,US0079031078,AMD,2026-12-18,put,180.0,5.7,5.2,5.85,0.6558872302246095,9,3605
2026-05-02,US0079031078,AMD,2026-12-18,put,185.0,6.02,6.0,6.35,0.6532627447509767,4,1484
2026-05-02,US0079031078,AMD,2026-12-18,put,190.0,6.65,6.7,7.0,0.6500279138183593,5,3471
2026-05-02,US0079031078,AMD,2026-12-18,put,195.0,7.6,7.2,7.8,0.6450535983276368,12,1127
2026-05-02,US0079031078,AMD,2026-12-18,put,200.0,8.3,8.0,8.5,0.6415441119384766,60,3428
2026-05-02,US0079031078,AMD,2026-12-18,put,210.0,9.77,9.7,10.2,0.635867899169922,23,2037
2026-05-02,US0079031078,AMD,2026-12-18,put,220.0,12.0,11.7,12.15,0.6314734118652343,38,1941
2026-05-02,US0079031078,AMD,2026-12-18,put,230.0,14.32,13.75,14.55,0.6275366836547852,23,1673
2026-05-02,US0079031078,AMD,2026-12-18,put,240.0,16.25,16.3,17.15,0.6253699572753908,24,725
2026-05-02,US0079031078,AMD,2026-12-18,put,250.0,19.25,18.9,19.9,0.6209144354248048,60,2223
2026-05-02,US0079031078,AMD,2026-12-18,put,260.0,22.35,21.9,22.7,0.6163063272094728,28,1047
2026-05-02,US0079031078,AMD,2026-12-18,put,270.0,25.54,25.05,26.15,0.6137276176452637,64,595
2026-05-02,US0079031078,AMD,2026-12-18,put,280.0,29.5,28.55,29.65,0.6104470108032228,130,1332
2026-05-02,US0079031078,AMD,2026-12-18,put,290.0,32.72,32.3,33.7,0.6088448539733888,163,443
2026-05-02,US0079031078,AMD,2026-12-18,put,300.0,37.14,36.5,37.8,0.6070901107788086,95,821
2026-05-02,US0079031078,AMD,2026-12-18,put,310.0,41.5,40.65,41.85,0.6021768298339845,31,201
2026-05-02,US0079031078,AMD,2026-12-18,put,320.0,46.29,45.3,46.7,0.6013833807373048,201,407
2026-05-02,US0079031078,AMD,2026-12-18,put,330.0,51.1,50.0,51.55,0.5983926879882813,119,275
2026-05-02,US0079031078,AMD,2026-12-18,put,340.0,55.12,55.45,56.8,0.5985605329895021,6,343
2026-05-02,US0079031078,AMD,2026-12-18,put,350.0,61.0,60.65,62.15,0.5957987197875977,26,300
2026-05-02,US0079031078,AMD,2026-12-18,put,360.0,66.99,65.95,67.85,0.5930216479492189,275,350
2026-05-02,US0079031078,AMD,2026-12-18,put,370.0,72.85,71.75,73.4,0.5898631101989746,104,122
2026-05-02,US0079031078,AMD,2026-12-18,put,380.0,84.0,77.6,79.8,0.5887797470092774,5,25
2026-05-02,US0079031078,AMD,2026-12-18,put,390.0,96.67,83.95,86.1,0.587620090637207,1,42
2026-05-02,US0079031078,AMD,2026-12-18,put,400.0,92.78,90.35,92.45,0.5851329328918458,304,95
2026-05-02,US0079031078,AMD,2026-12-18,put,410.0,117.91,97.0,99.3,0.5842326733398437,1,9
2026-05-02,US0079031078,AMD,2026-12-18,put,420.0,117.55,103.9,106.2,0.5830424996948241,1,2
2026-05-02,US0079031078,AMD,2026-12-18,put,430.0,111.99,110.75,113.35,0.581180946044922,42,15
2026-05-02,US0079031078,AMD,2026-12-18,put,440.0,121.22,117.95,120.6,0.579807668762207,2,131
2026-05-02,US0079031078,AMD,2026-12-18,put,450.0,139.95,125.3,128.0,0.5783428396606446,100,109
2026-05-02,US0079031078,AMD,2026-12-18,put,460.0,150.0,132.8,135.5,0.5766033551025391,1,102
2026-05-02,US0079031078,AMD,2026-12-18,put,470.0,163.35,140.3,143.15,0.5742077491760254,14,7
2026-05-02,US0079031078,AMD,2026-12-18,put,480.0,231.14,263.35,267.55,1.6148090548706056,,0
2026-05-02,US0079031078,AMD,2026-12-18,put,490.0,216.75,156.05,158.9,0.5711255046081543,2,1
2026-05-02,US0079031078,AMD,2026-12-18,put,500.0,206.93,164.1,167.0,0.5696454168701173,5,5
2026-05-02,US0079031078,AMD,2026-12-18,put,510.0,208.75,172.3,175.2,0.5682416223144531,2,1
2026-05-02,US0079031078,AMD,2026-12-18,put,520.0,293.25,303.7,307.75,1.6868759552764891,3,0
2026-05-02,US0079031078,AMD,2026-12-18,put,530.0,300.48,189.4,191.8,0.5667157586669922,6,0
2026-05-02,US0079031078,AMD,2026-12-18,put,540.0,202.7,197.45,200.4,0.563206272277832,25,11
2026-05-02,US0079031078,AMD,2027-01-15,call,5.0,320.31,354.1,357.8,2.458988227539063,5,4897
2026-05-02,US0079031078,AMD,2027-01-15,call,10.0,221.0,191.0,195.5,1.0000000000000003e-05,1,33
2026-05-02,US0079031078,AMD,2027-01-15,call,15.0,202.0,222.7,226.5,1.0000000000000003e-05,,3
2026-05-02,US0079031078,AMD,2027-01-15,call,20.0,173.93,257.65,260.9,1.0000000000000003e-05,1,36
2026-05-02,US0079031078,AMD,2027-01-15,call,25.0,315.1,334.6,338.05,1.5478538232421872,1,324
2026-05-02,US0079031078,AMD,2027-01-15,call,30.0,224.71,329.75,333.4,1.4980493847656249,1,198
2026-05-02,US0079031078,AMD,2027-01-15,call,35.0,171.7,324.9,328.55,1.4301786303710937,2,119
2026-05-02,US0079031078,AMD,2027-01-15,call,40.0,161.32,319.75,323.7,1.342776723632812,10,131
2026-05-02,US0079031078,AMD,2027-01-15,call,45.0,162.75,315.05,318.9,1.3098179040527342,1,34
2026-05-02,US0079031078,AMD,2027-01-15,call,50.0,286.7,310.2,314.3,1.2802770361328122,2,695
2026-05-02,US0079031078,AMD,2027-01-15,call,55.0,268.08,305.45,309.25,1.2292519006347655,2,59
2026-05-02,US0079031078,AMD,2027-01-15,call,60.0,277.35,300.45,304.45,1.183109553222656,2,186
2026-05-02,US0079031078,AMD,2027-01-15,call,65.0,255.67,295.6,299.45,1.1376996240234376,24,603
2026-05-02,US0079031078,AMD,2027-01-15,call,70.0,252.02,291.1,294.85,1.132206487426758,42,5181
2026-05-02,US0079031078,AMD,2027-01-15,call,75.0,282.25,286.1,290.0,1.0913131372070315,1,1946
2026-05-02,US0079031078,AMD,2027-01-15,call,80.0,283.0,281.55,285.25,1.0751999365234377,9,1394
2026-05-02,US0079031078,AMD,2027-01-15,call,85.0,239.55,277.2,280.5,1.0649460815429688,24,363
2026-05-02,US0079031078,AMD,2027-01-15,call,90.0,274.0,272.35,275.9,1.0419969775390627,61,9317
2026-05-02,US0079031078,AMD,2027-01-15,call,95.0,260.4,267.4,271.15,1.0119678308105469,1,1418
2026-05-02,US0079031078,AMD,2027-01-15,call,100.0,265.05,262.85,266.25,0.9904786108398438,20,8230
2026-05-02,US0079031078,AMD,2027-01-15,call,105.0,252.1,258.1,261.75,0.97460962890625,3,899
2026-05-02,US0079031078,AMD,2027-01-15,call,110.0,254.4,253.2,257.05,0.9499516723632812,5,2988
2026-05-02,US0079031078,AMD,2027-01-15,call,115.0,247.25,248.9,252.2,0.936524072265625,2,2076
2026-05-02,US0079031078,AMD,2027-01-15,call,120.0,246.95,243.75,247.5,0.9075936975097656,4,1673
2026-05-02,US0079031078,AMD,2027-01-15,call,125.0,232.06,239.55,243.15,0.9063119720458983,1,1724
2026-05-02,US0079031078,AMD,2027-01-15,call,130.0,234.3,235.0,237.95,0.8806774627685545,3,1509
2026-05-02,US0079031078,AMD,2027-01-15,call,135.0,225.65,230.4,233.3,0.8649915844726561,2,1622
2026-05-02,US0079031078,AMD,2027-01-15,call,140.0,224.31,225.85,228.75,0.8518691571044923,2,1822
2026-05-02,US0079031078,AMD,2027-01-15,call,145.0,214.0,221.3,223.85,0.8328874133300779,1,1152
2026-05-02,US0079031078,AMD,2027-01-15,call,150.0,217.0,216.8,219.6,0.8249529223632811,26,4010
2026-05-02,US0079031078,AMD,2027-01-15,call,155.0,214.8,212.3,214.95,0.8106098040771483,2,1357
2026-05-02,US0079031078,AMD,2027-01-15,call,160.0,207.95,207.85,210.9,0.8049946258544922,12,1194
2026-05-02,US0079031078,AMD,2027-01-15,call,165.0,199.19,203.5,206.4,0.7940389248657226,1,881
2026-05-02,US0079031078,AMD,2027-01-15,call,170.0,198.3,199.15,202.1,0.7852194329833984,5,1476
2026-05-02,US0079031078,AMD,2027-01-15,call,175.0,196.85,195.0,197.75,0.7775901147460937,6,1176
2026-05-02,US0079031078,AMD,2027-01-15,call,180.0,191.5,190.6,193.2,0.7644676873779297,10,3329
2026-05-02,US0079031078,AMD,2027-01-15,call,185.0,182.16,186.4,189.35,0.7606835455322267,18,1357
2026-05-02,US0079031078,AMD,2027-01-15,call,190.0,183.1,182.3,185.3,0.7550683673095704,6,1162
2026-05-02,US0079031078,AMD,2027-01-15,call,195.0,178.93,178.2,181.15,0.7478052563476563,4,778
2026-05-02,US0079031078,AMD,2027-01-15,call,200.0,175.6,174.2,177.0,0.7409083526611326,164,9671
2026-05-02,US0079031078,AMD,2027-01-15,call,210.0,168.0,166.6,169.05,0.7319057571411132,9,2030
2026-05-02,US0079031078,AMD,2027-01-15,call,220.0,160.26,158.6,161.4,0.7195767788696289,52,4412
2026-05-02,US0079031078,AMD,2027-01-15,call,230.0,152.53,151.15,153.95,0.7106352178955078,11,2919
2026-05-02,US0079031078,AMD,2027-01-15,call,240.0,145.0,144.35,146.8,0.7057829714965821,15,4488
2026-05-02,US0079031078,AMD,2027-01-15,call,250.0,138.96,138.0,139.65,0.7011290873718261,96,12551
2026-05-02,US0079031078,AMD,2027-01-15,call,260.0,130.0,130.95,133.25,0.694262700958252,10,3433
2026-05-02,US0079031078,AMD,2027-01-15,call,270.0,125.5,124.45,126.95,0.6889221781921389,32,4994
2026-05-02,US0079031078,AMD,2027-01-15,call,280.0,120.27,118.35,120.85,0.6846345013427735,85,2887
2026-05-02,US0079031078,AMD,2027-01-15,call,290.0,113.95,112.5,114.75,0.6794770822143555,14,6720
2026-05-02,US0079031078,AMD,2027-01-15,call,300.0,107.85,107.05,108.5,0.6735872485351564,107,9342
2026-05-02,US0079031078,AMD,2027-01-15,call,310.0,102.28,101.65,104.0,0.674502766723633,109,4714
2026-05-02,US0079031078,AMD,2027-01-15,call,320.0,97.3,96.6,98.35,0.6695284512329102,46,2211
2026-05-02,US0079031078,AMD,2027-01-15,call,330.0,91.55,91.65,93.65,0.6675753457641603,23,2684
2026-05-02,US0079031078,AMD,2027-01-15,call,340.0,88.0,87.0,89.3,0.6667056034851075,7,1438
2026-05-02,US0079031078,AMD,2027-01-15,call,350.0,83.9,82.5,84.85,0.6642947389221194,196,2749
2026-05-02,US0079031078,AMD,2027-01-15,call,360.0,79.37,78.25,80.3,0.6609073216247559,114,1348
2026-05-02,US0079031078,AMD,2027-01-15,call,370.0,75.4,74.2,76.0,0.6578861116027832,27,2489
2026-05-02,US0079031078,AMD,2027-01-15,call,380.0,70.56,70.35,71.95,0.6552768847656252,19,1174
2026-05-02,US0079031078,AMD,2027-01-15,call,390.0,67.95,66.85,68.9,0.6568637829589845,5,409
2026-05-02,US0079031078,AMD,2027-01-15,call,400.0,64.02,64.0,65.2,0.6570316279602051,227,5362
2026-05-02,US0079031078,AMD,2027-01-15,call,410.0,60.81,60.15,62.6,0.6562686961364748,23,1849
2026-05-02,US0079031078,AMD,2027-01-15,call,420.0,58.06,57.25,59.55,0.6562839547729493,5,1199
2026-05-02,US0079031078,AMD,2027-01-15,call,430.0,55.23,54.55,55.9,0.653445848388672,804,460
2026-05-02,US0079031078,AMD,2027-01-15,call,440.0,53.1,51.65,53.4,0.6533542965698244,40,331
2026-05-02,US0079031078,AMD,2027-01-15,call,450.0,49.6,48.95,50.85,0.6527592097473147,141,2688
2026-05-02,US0079031078,AMD,2027-01-15,call,460.0,47.57,46.65,48.6,0.6540256765747071,19,393
2026-05-02,US0079031078,AMD,2027-01-15,call,470.0,44.35,44.35,46.05,0.6530186065673829,4,718
2026-05-02,US0079031078,AMD,2027-01-15,call,480.0,43.02,42.05,43.6,0.6514317083740235,15,618
2026-05-02,US0079031078,AMD,2027-01-15,call,490.0,41.69,40.1,41.65,0.6525150715637209,100,204
2026-05-02,US0079031078,AMD,2027-01-15,call,500.0,38.5,38.5,39.7,0.6542392974853517,86,4312
2026-05-02,US0079031078,AMD,2027-01-15,call,510.0,36.9,36.0,38.05,0.6524845542907716,57,277
2026-05-02,US0079031078,AMD,2027-01-15,call,520.0,35.46,34.35,36.2,0.65274395111084,160,908
2026-05-02,US0079031078,AMD,2027-01-15,call,530.0,34.8,32.85,34.6,0.6540104179382324,30,2374
2026-05-02,US0079031078,AMD,2027-01-15,call,540.0,32.2,31.3,33.0,0.6543003320312502,5,38
2026-05-02,US0079031078,AMD,2027-01-15,call,550.0,30.72,29.85,31.4,0.6543155906677247,25,498
2026-05-02,US0079031078,AMD,2027-01-15,call,560.0,29.09,28.4,29.85,0.6538425729370119,116,72
2026-05-02,US0079031078,AMD,2027-01-15,call,570.0,28.28,27.25,28.85,0.6567417138671876,130,165
2026-05-02,US0079031078,AMD,2027-01-15,call,580.0,24.85,25.85,27.35,0.6553989538574221,94,39
2026-05-02,US0079031078,AMD,2027-01-15,call,590.0,23.8,24.65,26.15,0.6558567129516603,1,40
2026-05-02,US0079031078,AMD,2027-01-15,call,600.0,24.39,23.5,24.85,0.655444729766846,71,2780
2026-05-02,US0079031078,AMD,2027-01-15,put,5.0,0.03,0.0,0.46,2.2460981347656244,3683,3700
2026-05-02,US0079031078,AMD,2027-01-15,put,10.0,0.02,0.0,0.0,0.500005,,0
2026-05-02,US0079031078,AMD,2027-01-15,put,15.0,0.12,0.01,0.34,1.5273461132812498,1,2
2026-05-02,US0079031078,AMD,2027-01-15,put,20.0,0.09,0.03,0.15,1.2773473632812498,2,65
2026-05-02,US0079031078,AMD,2027-01-15,put,25.0,0.06,0.03,0.09,1.126957490234375,6,762
2026-05-02,US0079031078,AMD,2027-01-15,put,30.0,0.13,0.05,0.31,1.1757853710937498,6,375
2026-05-02,US0079031078,AMD,2027-01-15,put,35.0,0.1,0.06,0.35,1.1162153564453123,8,225
2026-05-02,US0079031078,AMD,2027-01-15,put,40.0,0.14,0.1,0.4,1.0751999365234377,2,404
2026-05-02,US0079031078,AMD,2027-01-15,put,45.0,0.21,0.1,0.37,1.0087940185546875,59,1100
2026-05-02,US0079031078,AMD,2027-01-15,put,50.0,0.2,0.1,0.37,0.956055126953125,752,5755
2026-05-02,US0079031078,AMD,2027-01-15,put,55.0,0.27,0.1,0.4,0.9169930175781251,1,3122
2026-05-02,US0079031078,AMD,2027-01-15,put,60.0,0.33,0.11,0.54,0.9028330029296875,2,4188
2026-05-02,US0079031078,AMD,2027-01-15,put,65.0,0.4,0.08,0.61,0.86914193359375,1,610
2026-05-02,US0079031078,AMD,2027-01-15,put,70.0,0.5,0.16,0.76,0.8637708935546875,11,6995
2026-05-02,US0079031078,AMD,2027-01-15,put,75.0,0.45,0.19,0.77,0.8325212060546874,2,5463
2026-05-02,US0079031078,AMD,2027-01-15,put,80.0,0.6,0.3,0.7,0.8034687622070311,1,6020
2026-05-02,US0079031078,AMD,2027-01-15,put,85.0,0.69,0.48,0.92,0.8095722167968749,1,3722
2026-05-02,US0079031078,AMD,2027-01-15,put,90.0,0.8,0.55,1.06,0.7949239257812499,1,10061
2026-05-02,US0079031078,AMD,2027-01-15,put,95.0,0.89,0.64,1.27,0.7856466748046875,4,3364
2026-05-02,US0079031078,AMD,2027-01-15,put,100.0,1.08,0.89,1.26,0.7709983837890625,50,10935
2026-05-02,US0079031078,AMD,2027-01-15,put,105.0,1.2,0.89,1.43,0.7524438818359375,7,7157
2026-05-02,US0079031078,AMD,2027-01-15,put,110.0,1.34,1.22,1.65,0.7520776745605469,1,7862
2026-05-02,US0079031078,AMD,2027-01-15,put,115.0,1.5,1.26,1.66,0.7277859252929688,7,2760
2026-05-02,US0079031078,AMD,2027-01-15,put,120.0,1.63,1.49,1.9,0.7213162634277344,24,16397
2026-05-02,US0079031078,AMD,2027-01-15,put,125.0,2.02,1.74,2.27,0.7185086743164062,1,2999
2026-05-02,US0079031078,AMD,2027-01-15,put,130.0,2.06,1.99,2.29,0.7026396923828125,12,5975
2026-05-02,US0079031078,AMD,2027-01-15,put,135.0,2.77,2.25,2.72,0.6990996887207033,10,2356
2026-05-02,US0079031078,AMD,2027-01-15,put,140.0,2.75,2.45,2.82,0.6837189831542969,16,8446
2026-05-02,US0079031078,AMD,2027-01-15,put,145.0,3.27,2.9,3.3,0.6837189831542969,6,4049
2026-05-02,US0079031078,AMD,2027-01-15,put,150.0,3.45,3.2,3.5,0.6722444885253909,20,15397
2026-05-02,US0079031078,AMD,2027-01-15,put,155.0,3.8,3.6,4.0,0.6685824157714846,2,2256
2026-05-02,US0079031078,AMD,2027-01-15,put,160.0,4.1,3.95,4.35,0.6598544757080078,11,5120
2026-05-02,US0079031078,AMD,2027-01-15,put,165.0,4.6,4.45,4.85,0.6557651611328126,2,3892
2026-05-02,US0079031078,AMD,2027-01-15,put,170.0,5.0,5.0,5.3,0.650516190185547,21,4393
2026-05-02,US0079031078,AMD,2027-01-15,put,175.0,5.66,5.5,5.85,0.6450230810546875,23,2765
2026-05-02,US0079031078,AMD,2027-01-15,put,180.0,6.45,6.05,6.5,0.6407506628417969,121,6350
2026-05-02,US0079031078,AMD,2027-01-15,put,185.0,6.98,6.6,7.15,0.6355016918945313,1,2978
2026-05-02,US0079031078,AMD,2027-01-15,put,190.0,7.63,7.5,7.9,0.634891346435547,8,2246
2026-05-02,US0079031078,AMD,2027-01-15,put,195.0,8.71,8.25,8.9,0.6340673800659181,2,1899
2026-05-02,US0079031078,AMD,2027-01-15,put,200.0,9.4,9.3,9.6,0.6319616882324219,1469,6592
2026-05-02,US0079031078,AMD,2027-01-15,put,210.0,11.22,10.95,11.4,0.6242408181762696,105,5056
2026-05-02,US0079031078,AMD,2027-01-15,put,220.0,13.4,13.0,13.6,0.6202735726928713,12,4473
2026-05-02,US0079031078,AMD,2027-01-15,put,230.0,15.75,15.3,16.2,0.6178627081298829,47,3719
2026-05-02,US0079031078,AMD,2027-01-15,put,240.0,18.28,17.9,18.85,0.6143837390136719,59,1838
2026-05-02,US0079031078,AMD,2027-01-15,put,250.0,21.16,20.7,21.65,0.6100502862548829,78,4183
2026-05-02,US0079031078,AMD,2027-01-15,put,260.0,24.4,24.05,24.65,0.6074868353271485,77,892
2026-05-02,US0079031078,AMD,2027-01-15,put,270.0,27.5,27.15,28.05,0.6029092443847659,43,1186
2026-05-02,US0079031078,AMD,2027-01-15,put,280.0,31.13,31.05,32.05,0.6034585552978518,82,1390
2026-05-02,US0079031078,AMD,2027-01-15,put,290.0,35.02,34.75,35.95,0.5995676029968262,120,1751
2026-05-02,US0079031078,AMD,2027-01-15,put,300.0,39.6,39.0,40.0,0.5968363070678712,161,2090
2026-05-02,US0079031078,AMD,2027-01-15,put,310.0,44.4,43.0,44.65,0.5934794070434571,45,353
2026-05-02,US0079031078,AMD,2027-01-15,put,320.0,49.15,47.65,49.3,0.5909769906616212,24,315
2026-05-02,US0079031078,AMD,2027-01-15,put,330.0,53.5,52.8,54.3,0.5902140588378908,21,646
2026-05-02,US0079031078,AMD,2027-01-15,put,340.0,58.37,57.7,59.45,0.5869029347229004,13,169
2026-05-02,US0079031078,AMD,2027-01-15,put,350.0,63.74,63.05,64.7,0.5840800869750976,153,606
2026-05-02,US0079031078,AMD,2027-01-15,put,360.0,69.61,68.8,69.9,0.580906290588379,721,224
2026-05-02,US0079031078,AMD,2027-01-15,put,370.0,75.14,74.4,75.75,0.5780681842041016,1,677
2026-05-02,US0079031078,AMD,2027-01-15,put,380.0,82.75,80.4,82.55,0.5791515473937989,11,72
2026-05-02,US0079031078,AMD,2027-01-15,put,390.0,93.57,87.0,88.85,0.5789531851196289,5,181
2026-05-02,US0079031078,AMD,2027-01-15,put,400.0,94.5,92.95,95.25,0.5748943878173829,32,203
2026-05-02,US0079031078,AMD,2027-01-15,put,410.0,110.45,99.75,101.95,0.574070421447754,29,55
2026-05-02,US0079031078,AMD,2027-01-15,put,420.0,114.86,106.6,108.7,0.5721936091613771,13,34
2026-05-02,US0079031078,AMD,2027-01-15,put,430.0,180.05,113.8,115.65,0.5711712805175782,40,20
2026-05-02,US0079031078,AMD,2027-01-15,put,440.0,129.68,120.55,123.15,0.5692334336853027,21,16
2026-05-02,US0079031078,AMD,2027-01-15,put,450.0,149.75,128.1,130.55,0.5689130023193358,5,20
2026-05-02,US0079031078,AMD,2027-01-15,put,460.0,140.3,135.3,138.0,0.5660748959350587,6,26
2026-05-02,US0079031078,AMD,2027-01-15,put,470.0,143.75,142.9,145.25,0.5628400650024415,1,23
2026-05-02,US0079031078,AMD,2027-01-15,put,480.0,274.95,205.5,208.6,1.0236407460784913,1,0
2026-05-02,US0079031078,AMD,2027-01-15,put,490.0,240.04,273.3,277.5,1.5417808555603025,,0
2026-05-02,US0079031078,AMD,2027-01-15,put,500.0,180.95,166.5,169.25,0.5595136822509765,2,25
2026-05-02,US0079031078,AMD,2027-01-15,put,520.0,223.3,182.8,185.65,0.5563246272277833,20,10
2026-05-02,US0079031078,AMD,2027-01-15,put,530.0,233.45,191.1,194.0,0.5546156599426271,2,1
2026-05-02,US0079031078,AMD,2027-01-15,put,540.0,211.14,199.5,202.4,0.552662554473877,10,10
2026-05-02,US0079031078,AMD,2027-01-15,put,550.0,220.1,208.05,210.95,0.5512435012817384,30,40
2026-05-02,US0079031078,AMD,2027-01-15,put,570.0,237.0,225.35,228.2,0.5474746180725099,2,1
2026-05-02,US0079031078,AMD,2027-01-15,put,580.0,256.45,234.05,237.05,0.5457198748779297,5,4
2026-05-02,US0079031078,AMD,2027-01-15,put,590.0,260.3,242.9,245.85,0.543644700317383,2,1
2026-05-02,US0079031078,AMD,2027-01-15,put,600.0,275.9,251.8,254.75,0.541569525756836,10,8
2026-05-02,US0079031078,AMD,2027-03-19,call,25.0,196.01,334.9,338.9,1.5249047192382812,,1
2026-05-02,US0079031078,AMD,2027-03-19,call,45.0,153.32,0.0,0.0,1.0000000000000003e-05,,0
2026-05-02,US0079031078,AMD,2027-03-19,call,50.0,152.72,311.0,315.0,1.2314491552734375,1,3
2026-05-02,US0079031078,AMD,2027-03-19,call,55.0,167.09,306.25,310.35,1.197269638671875,,2
2026-05-02,US0079031078,AMD,2027-03-19,call,70.0,132.85,210.45,213.95,1.0000000000000003e-05,,1
2026-05-02,US0079031078,AMD,2027-03-19,call,75.0,232.38,287.3,291.4,1.068608172607422,,1
2026-05-02,US0079031078,AMD,2027-03-19,call,80.0,242.63,282.55,286.7,1.0413866290283205,2,10
2026-05-02,US0079031078,AMD,2027-03-19,call,85.0,121.92,196.65,199.8,1.0000000000000003e-05,1,1
2026-05-02,US0079031078,AMD,2027-03-19,call,90.0,162.0,273.2,277.3,0.9941406835937501,1,11
2026-05-02,US0079031078,AMD,2027-03-19,call,95.0,238.5,268.0,272.65,0.9605716833496092,5,7
2026-05-02,US0079031078,AMD,2027-03-19,call,100.0,244.04,263.9,268.0,0.9531865032958984,5,37
2026-05-02,US0079031078,AMD,2027-03-19,call,105.0,221.6,258.5,263.35,0.9179085357666017,2,19
2026-05-02,US0079031078,AMD,2027-03-19,call,110.0,233.55,254.65,258.75,0.9158943957519532,2,11
2026-05-02,US0079031078,AMD,2027-03-19,call,115.0,244.07,249.5,254.2,0.8896495410156249,2,4
2026-05-02,US0079031078,AMD,2027-03-19,call,120.0,209.0,245.55,249.65,0.8850109155273438,3,34
2026-05-02,US0079031078,AMD,2027-03-19,call,125.0,203.0,241.45,244.55,0.8679822772216796,5,35
2026-05-02,US0079031078,AMD,2027-03-19,call,130.0,225.87,236.95,240.05,0.8541884698486328,4,9
2026-05-02,US0079031078,AMD,2027-03-19,call,135.0,220.7,232.5,235.65,0.8424698370361328,2,37
2026-05-02,US0079031078,AMD,2027-03-19,call,140.0,210.68,228.05,231.15,0.8291643060302734,1,74
2026-05-02,US0079031078,AMD,2027-03-19,call,145.0,217.38,223.65,226.8,0.8183306741333006,4,34
2026-05-02,US0079031078,AMD,2027-03-19,call,150.0,212.86,219.35,222.45,0.8084125604248047,8,56
2026-05-02,US0079031078,AMD,2027-03-19,call,155.0,209.12,215.05,218.0,0.7969991003417969,2,74
2026-05-02,US0079031078,AMD,2027-03-19,call,160.0,213.86,210.8,213.9,0.7897359893798828,3,70
2026-05-02,US0079031078,AMD,2027-03-19,call,165.0,205.76,206.55,209.7,0.7809470147705078,1,71
2026-05-02,US0079031078,AMD,2027-03-19,call,170.0,195.73,202.4,205.55,0.7732261447143555,1,39
2026-05-02,US0079031078,AMD,2027-03-19,call,175.0,192.52,198.35,201.45,0.7664818273925782,3,21
2026-05-02,US0079031078,AMD,2027-03-19,call,180.0,189.95,194.3,197.4,0.7596459582519532,3,67
2026-05-02,US0079031078,AMD,2027-03-19,call,185.0,191.58,190.35,193.4,0.7536645727539062,2,38
2026-05-02,US0079031078,AMD,2027-03-19,call,190.0,180.8,186.4,189.5,0.7479578427124024,2,219
2026-05-02,US0079031078,AMD,2027-03-19,call,195.0,183.43,182.5,185.6,0.7421595608520507,3,139
2026-05-02,US0079031078,AMD,2027-03-19,call,200.0,179.22,178.65,181.75,0.736605417175293,36,340
2026-05-02,US0079031078,AMD,2027-03-19,call,210.0,172.3,171.2,174.3,0.7276028216552735,21,237
2026-05-02,US0079031078,AMD,2027-03-19,call,220.0,165.2,163.95,167.0,0.7189053988647461,23,359
2026-05-02,US0079031078,AMD,2027-03-19,call,230.0,158.25,156.85,160.0,0.7110319424438477,2,580
2026-05-02,US0079031078,AMD,2027-03-19,call,240.0,154.7,150.15,153.25,0.7050200396728517,4,305
2026-05-02,US0079031078,AMD,2027-03-19,call,250.0,145.15,143.8,146.7,0.7000457241821288,8,1106
2026-05-02,US0079031078,AMD,2027-03-19,call,260.0,137.6,137.45,140.4,0.6944305459594727,5,1129
2026-05-02,US0079031078,AMD,2027-03-19,call,270.0,132.32,131.25,134.25,0.6885101950073244,4,269
2026-05-02,US0079031078,AMD,2027-03-19,call,280.0,126.36,125.35,128.45,0.6840241558837892,8,729
2026-05-02,US0079031078,AMD,2027-03-19,call,290.0,119.73,119.75,122.25,0.6773713903808594,7,375
2026-05-02,US0079031078,AMD,2027-03-19,call,300.0,116.4,114.35,117.6,0.6770662176513673,37,2325
2026-05-02,US0079031078,AMD,2027-03-19,call,310.0,110.57,109.2,111.9,0.6715120739746094,6,541
2026-05-02,US0079031078,AMD,2027-03-19,call,320.0,105.73,104.5,106.8,0.6689638816833496,14,308
2026-05-02,US0079031078,AMD,2027-03-19,call,330.0,102.2,99.55,102.5,0.6671786212158206,7,301
2026-05-02,US0079031078,AMD,2027-03-19,call,340.0,97.71,95.05,98.2,0.6657595680236819,11,663
2026-05-02,US0079031078,AMD,2027-03-19,call,350.0,91.64,90.7,94.05,0.6641268939208986,87,1053
2026-05-02,US0079031078,AMD,2027-03-19,call,360.0,88.13,86.65,89.0,0.6588474057006836,30,1242
2026-05-02,US0079031078,AMD,2027-03-19,call,370.0,83.65,82.7,86.05,0.6608462870788574,70,496
2026-05-02,US0079031078,AMD,2027-03-19,call,380.0,80.7,79.1,82.35,0.6600375793457032,288,225
2026-05-02,US0079031078,AMD,2027-03-19,call,390.0,76.05,76.25,78.6,0.6606937007141114,6,194
2026-05-02,US0079031078,AMD,2027-03-19,call,400.0,73.78,73.3,75.4,0.6619143916320802,34,1806
2026-05-02,US0079031078,AMD,2027-03-19,call,410.0,69.52,69.4,71.35,0.6553531779479982,6,40
2026-05-02,US0079031078,AMD,2027-03-19,call,420.0,63.0,66.3,68.25,0.6543155906677247,510,533
2026-05-02,US0079031078,AMD,2027-03-19,call,430.0,63.7,63.45,65.55,0.6546970565795901,11,190
2026-05-02,US0079031078,AMD,2027-03-19,call,440.0,61.11,61.1,63.25,0.6574741284179688,2,121
2026-05-02,US0079031078,AMD,2027-03-19,call,450.0,57.5,58.65,60.5,0.6573368006896974,10,1352
2026-05-02,US0079031078,AMD,2027-03-19,call,460.0,56.85,55.5,57.6,0.653171192932129,1,140
2026-05-02,US0079031078,AMD,2027-03-19,call,470.0,53.94,53.25,55.65,0.6550632638549806,4,125
2026-05-02,US0079031078,AMD,2027-03-19,call,480.0,49.03,50.8,52.8,0.6520573124694824,2,88
2026-05-02,US0079031078,AMD,2027-03-19,call,490.0,49.5,48.75,50.9,0.6533542965698244,11,170
2026-05-02,US0079031078,AMD,2027-03-19,call,500.0,49.3,46.75,49.25,0.6550785224914553,27,181
2026-05-02,US0079031078,AMD,2027-03-19,call,510.0,42.7,44.9,47.05,0.6546055047607424,1,46
2026-05-02,US0079031078,AMD,2027-03-19,call,520.0,38.5,42.85,45.4,0.6547886083984377,1,69
2026-05-02,US0079031078,AMD,2027-03-19,call,530.0,42.5,41.2,42.9,0.6525913647460939,15,78
2026-05-02,US0079031078,AMD,2027-03-19,call,540.0,38.65,39.5,41.9,0.6554294711303713,7,100
2026-05-02,US0079031078,AMD,2027-03-19,call,550.0,36.5,37.9,39.65,0.6531406756591798,566,1461
2026-05-02,US0079031078,AMD,2027-03-19,call,560.0,35.66,36.85,38.75,0.6578708529663085,3,228
2026-05-02,US0079031078,AMD,2027-03-19,call,570.0,33.65,35.2,36.35,0.6536136933898928,2,96
2026-05-02,US0079031078,AMD,2027-03-19,call,580.0,32.6,33.9,35.5,0.656528092956543,37,54
2026-05-02,US0079031078,AMD,2027-03-19,call,590.0,32.8,32.7,34.05,0.656924817504883,10,135
2026-05-02,US0079031078,AMD,2027-03-19,call,600.0,31.91,31.1,32.4,0.6542850733947756,38,260
2026-05-02,US0079031078,AMD,2027-03-19,put,25.0,0.24,0.0,0.5,1.1826212744140623,,11
2026-05-02,US0079031078,AMD,2027-03-19,put,30.0,0.14,0.0,0.0,0.500005,,0
2026-05-02,US0079031078,AMD,2027-03-19,put,45.0,0.2,0.1,0.66,0.9609378906249999,2,56
2026-05-02,US0079031078,AMD,2027-03-19,put,50.0,0.25,0.1,0.72,0.91992267578125,1,61
2026-05-02,US0079031078,AMD,2027-03-19,put,55.0,0.79,0.0,0.79,0.8706067626953125,2,14
2026-05-02,US0079031078,AMD,2027-03-19,put,60.0,0.54,0.07,0.83,0.8447281152343749,4,9
2026-05-02,US0079031078,AMD,2027-03-19,put,65.0,0.63,0.2,0.8,0.8188494677734374,1,9
2026-05-02,US0079031078,AMD,2027-03-19,put,70.0,0.6,0.23,0.9,0.79687703125,1,92
2026-05-02,US0079031078,AMD,2027-03-19,put,75.0,0.6,0.32,0.96,0.7773459765625,1,43
2026-05-02,US0079031078,AMD,2027-03-19,put,80.0,0.85,0.53,1.2,0.780275634765625,1,51
2026-05-02,US0079031078,AMD,2027-03-19,put,85.0,0.87,0.59,1.14,0.7495142236328125,1,46
2026-05-02,US0079031078,AMD,2027-03-19,put,90.0,1.65,0.82,1.47,0.7536645727539062,1,129
2026-05-02,US0079031078,AMD,2027-03-19,put,95.0,1.4,0.97,1.51,0.7349880017089843,6,137
2026-05-02,US0079031078,AMD,2027-03-19,put,100.0,1.47,1.21,1.5,0.7186307434082031,27,145
2026-05-02,US0079031078,AMD,2027-03-19,put,105.0,1.68,1.26,2.1,0.7192410888671875,1,29
2026-05-02,US0079031078,AMD,2027-03-19,put,110.0,2.12,1.54,2.24,0.7086210778808593,19,110
2026-05-02,US0079031078,AMD,2027-03-19,put,115.0,2.35,1.79,2.8,0.7094755615234375,1,253
2026-05-02,US0079031078,AMD,2027-03-19,put,120.0,2.64,2.13,2.88,0.6967803759765626,1,387
2026-05-02,US0079031078,AMD,2027-03-19,put,125.0,2.88,2.23,2.91,0.6763948376464846,1,120
2026-05-02,US0079031078,AMD,2027-03-19,put,130.0,3.51,2.73,3.55,0.6811555322265627,10,2074
2026-05-02,US0079031078,AMD,2027-03-19,put,135.0,3.74,3.15,4.05,0.6781038049316408,1,418
2026-05-02,US0079031078,AMD,2027-03-19,put,140.0,4.28,3.55,4.1,0.6644320666503909,1,374
2026-05-02,US0079031078,AMD,2027-03-19,put,145.0,4.3,4.05,4.55,0.6599765447998047,40,1689
2026-05-02,US0079031078,AMD,2027-03-19,put,150.0,5.38,4.25,5.3,0.6544224011230471,7,1500
2026-05-02,US0079031078,AMD,2027-03-19,put,155.0,5.74,5.15,5.65,0.6525303302001955,82,407
2026-05-02,US0079031078,AMD,2027-03-19,put,160.0,6.0,5.55,6.2,0.6450230810546875,50,1703
2026-05-02,US0079031078,AMD,2027-03-19,put,165.0,6.45,5.95,7.1,0.6416661810302735,11,506
2026-05-02,US0079031078,AMD,2027-03-19,put,170.0,7.15,6.9,7.75,0.6409337664794923,9,3731
2026-05-02,US0079031078,AMD,2027-03-19,put,175.0,7.9,7.4,8.25,0.6319616882324219,9,510
2026-05-02,US0079031078,AMD,2027-03-19,put,180.0,8.65,8.55,9.05,0.6330603100585939,12,717
2026-05-02,US0079031078,AMD,2027-03-19,put,185.0,9.85,9.35,10.3,0.6337316900634766,9,292
2026-05-02,US0079031078,AMD,2027-03-19,put,190.0,10.55,9.95,10.8,0.6239966799926758,2,1244
2026-05-02,US0079031078,AMD,2027-03-19,put,195.0,11.4,10.8,12.35,0.6259803027343751,70,306
2026-05-02,US0079031078,AMD,2027-03-19,put,200.0,12.5,12.25,12.8,0.6222877127075196,44,1642
2026-05-02,US0079031078,AMD,2027-03-19,put,210.0,14.6,14.3,15.05,0.6168251208496094,2,375
2026-05-02,US0079031078,AMD,2027-03-19,put,220.0,17.24,16.3,17.8,0.6117134776306155,6,1311
2026-05-02,US0079031078,AMD,2027-03-19,put,230.0,19.55,19.05,20.2,0.6065407998657227,6,414
2026-05-02,US0079031078,AMD,2027-03-19,put,240.0,23.95,22.25,23.5,0.6071206280517578,24,390
2026-05-02,US0079031078,AMD,2027-03-19,put,250.0,25.55,25.0,26.45,0.60001010345459,26,1837
2026-05-02,US0079031078,AMD,2027-03-19,put,260.0,29.05,28.8,30.4,0.6019326916503909,5,343
2026-05-02,US0079031078,AMD,2027-03-19,put,270.0,32.65,31.95,33.5,0.5933878552246095,18,375
2026-05-02,US0079031078,AMD,2027-03-19,put,280.0,36.5,35.8,37.5,0.590946473388672,16,406
2026-05-02,US0079031078,AMD,2027-03-19,put,290.0,40.96,39.7,41.75,0.5877726770019531,17,285
2026-05-02,US0079031078,AMD,2027-03-19,put,300.0,45.4,44.35,45.95,0.5857585369873046,20,659
2026-05-02,US0079031078,AMD,2027-03-19,put,310.0,50.1,48.8,50.7,0.5833171551513672,6,466
2026-05-02,US0079031078,AMD,2027-03-19,put,320.0,55.45,53.65,55.9,0.5826305165100099,11,182
2026-05-02,US0079031078,AMD,2027-03-19,put,330.0,60.0,58.85,61.0,0.5811351701354981,101,124
2026-05-02,US0079031078,AMD,2027-03-19,put,340.0,65.3,65.0,66.25,0.5823406024169921,61,112
2026-05-02,US0079031078,AMD,2027-03-19,put,350.0,71.6,69.3,71.75,0.5755962850952149,369,699
2026-05-02,US0079031078,AMD,2027-03-19,put,360.0,79.27,75.5,77.55,0.5759624923706054,1,63
2026-05-02,US0079031078,AMD,2027-03-19,put,370.0,81.75,81.0,83.45,0.5725292991638185,7,53
2026-05-02,US0079031078,AMD,2027-03-19,put,380.0,87.95,87.4,89.4,0.5713086082458496,7,67
2026-05-02,US0079031078,AMD,2027-03-19,put,390.0,95.3,93.15,95.95,0.5685773123168946,2,153
2026-05-02,US0079031078,AMD,2027-03-19,put,400.0,100.6,99.65,102.3,0.5665936895751953,2,272
2026-05-02,US0079031078,AMD,2027-03-19,put,410.0,117.65,106.55,109.0,0.5661664477539063,2,139
2026-05-02,US0079031078,AMD,2027-03-19,put,420.0,116.35,113.35,115.95,0.5650907138824464,501,583
2026-05-02,US0079031078,AMD,2027-03-19,put,430.0,127.75,119.95,122.9,0.5621381677246093,25,34
2026-05-02,US0079031078,AMD,2027-03-19,put,440.0,142.65,127.05,130.05,0.5606733386230469,2,20
2026-05-02,US0079031078,AMD,2027-03-19,put,450.0,148.01,134.05,137.55,0.5590864404296876,2,21
2026-05-02,US0079031078,AMD,2027-03-19,put,470.0,163.25,149.0,152.45,0.5560804890441897,1,20
2026-05-02,US0079031078,AMD,2027-03-19,put,480.0,171.45,156.65,160.05,0.5543562631225586,1,30
2026-05-02,US0079031078,AMD,2027-03-19,put,490.0,180.2,164.15,167.8,0.5517012603759766,2,22
2026-05-02,US0079031078,AMD,2027-03-19,put,520.0,223.0,188.35,191.7,0.5476577217102052,,1
2026-05-02,US0079031078,AMD,2027-03-19,put,530.0,207.33,196.5,199.85,0.5457198748779297,17,17
2026-05-02,US0079031078,AMD,2027-03-19,put,560.0,236.85,221.6,224.9,0.5404098693847659,10,10
2026-05-02,US0079031078,AMD,2027-03-19,put,570.0,250.9,230.1,233.4,0.5383499534606935,2,71
2026-05-02,US0079031078,AMD,2027-03-19,put,580.0,249.15,238.7,242.0,0.5364731411743165,10,10
2026-05-02,US0079031078,AMD,2027-03-19,put,600.0,300.45,256.1,259.4,0.5324448611450195,,1
2026-05-02,US0079031078,AMD,2027-06-17,call,25.0,223.35,189.55,194.45,1.0000000000000003e-05,2,43
2026-05-02,US0079031078,AMD,2027-06-17,call,30.0,194.5,204.8,209.5,1.0000000000000003e-05,42,39
2026-05-02,US0079031078,AMD,2027-06-17,call,35.0,189.96,200.25,204.5,1.0000000000000003e-05,,21
2026-05-02,US0079031078,AMD,2027-06-17,call,40.0,158.52,0.0,0.0,1.0000000000000003e-05,1,0
2026-05-02,US0079031078,AMD,2027-06-17,call,45.0,282.8,316.55,320.65,1.2039834722900389,1,3
2026-05-02,US0079031078,AMD,2027-06-17,call,50.0,240.95,311.85,315.95,1.1626018432617187,1,34
2026-05-02,US0079031078,AMD,2027-06-17,call,55.0,127.0,108.95,111.35,1.0000000000000003e-05,2,4
2026-05-02,US0079031078,AMD,2027-06-17,call,60.0,161.62,0.0,0.0,1.0000000000000003e-05,1,0
2026-05-02,US0079031078,AMD,2027-06-17,call,65.0,258.06,297.85,301.95,1.0636033148193362,2,9
2026-05-02,US0079031078,AMD,2027-06-17,call,70.0,268.87,293.2,297.3,1.035649353027344,2,159
2026-05-02,US0079031078,AMD,2027-06-17,call,75.0,135.4,207.0,210.45,1.0000000000000003e-05,10,43
2026-05-02,US0079031078,AMD,2027-06-17,call,80.0,287.0,283.95,288.1,0.9873048144531251,1,56
2026-05-02,US0079031078,AMD,2027-06-17,call,85.0,197.7,279.4,283.5,0.9661258270263673,3,10
2026-05-02,US0079031078,AMD,2027-06-17,call,90.0,260.75,274.85,278.95,0.9465947723388672,1,116
2026-05-02,US0079031078,AMD,2027-06-17,call,95.0,248.05,270.3,274.45,0.9284064776611327,2,173
2026-05-02,US0079031078,AMD,2027-06-17,call,100.0,259.18,265.8,269.95,0.9113778393554688,16,190
2026-05-02,US0079031078,AMD,2027-06-17,call,105.0,251.12,261.35,265.45,0.8954478228759764,1,3492
2026-05-02,US0079031078,AMD,2027-06-17,call,110.0,261.0,257.35,260.65,0.8818981536865234,3,145
2026-05-02,US0079031078,AMD,2027-06-17,call,115.0,255.11,252.9,256.0,0.8640760662841795,1,192
2026-05-02,US0079031078,AMD,2027-06-17,call,120.0,213.6,248.55,251.65,0.8519301916503907,2,2359
2026-05-02,US0079031078,AMD,2027-06-17,call,125.0,238.0,244.2,247.3,0.8396622479248046,4,230
2026-05-02,US0079031078,AMD,2027-06-17,call,130.0,235.4,239.9,243.05,0.8290422369384765,6,373
2026-05-02,US0079031078,AMD,2027-06-17,call,135.0,225.3,235.7,238.8,0.8192767095947264,2,403
2026-05-02,US0079031078,AMD,2027-06-17,call,140.0,226.22,231.45,234.6,0.8092670440673828,9,556
2026-05-02,US0079031078,AMD,2027-06-17,call,145.0,196.95,227.25,230.4,0.7994709994506836,1,194
2026-05-02,US0079031078,AMD,2027-06-17,call,150.0,216.78,223.2,226.3,0.7918721984863282,1,874
2026-05-02,US0079031078,AMD,2027-06-17,call,155.0,213.97,219.1,222.25,0.7838461557006836,1,272
2026-05-02,US0079031078,AMD,2027-06-17,call,160.0,197.51,215.1,218.25,0.7767661483764648,1,352
2026-05-02,US0079031078,AMD,2027-06-17,call,165.0,201.5,211.15,214.3,0.7701439001464845,10,441
2026-05-02,US0079031078,AMD,2027-06-17,call,170.0,198.0,207.25,210.35,0.7634911346435547,3,537
2026-05-02,US0079031078,AMD,2027-06-17,call,175.0,197.76,203.35,206.5,0.757235093688965,2,438
2026-05-02,US0079031078,AMD,2027-06-17,call,180.0,201.2,199.6,202.55,0.7509180181884765,1,581
2026-05-02,US0079031078,AMD,2027-06-17,call,185.0,194.8,195.8,198.95,0.7463709445190431,5,735
2026-05-02,US0079031078,AMD,2027-06-17,call,190.0,194.0,192.15,195.3,0.7420374917602538,7,331
2026-05-02,US0079031078,AMD,2027-06-17,call,195.0,180.3,188.5,191.65,0.7372005039978027,3,392
2026-05-02,US0079031078,AMD,2027-06-17,call,200.0,186.04,184.9,187.9,0.7316311016845702,11,2459
2026-05-02,US0079031078,AMD,2027-06-17,call,210.0,179.86,178.05,181.05,0.7254055780029296,10,1122
2026-05-02,US0079031078,AMD,2027-06-17,call,220.0,166.2,171.25,174.15,0.7173490179443358,17,2691
2026-05-02,US0079031078,AMD,2027-06-17,call,230.0,164.54,164.65,167.7,0.7111997874450684,6,990
2026-05-02,US0079031078,AMD,2027-06-17,call,240.0,159.25,158.1,161.75,0.7062102133178713,25,746
2026-05-02,US0079031078,AMD,2027-06-17,call,250.0,152.66,152.05,155.2,0.6991302059936525,19,2439
2026-05-02,US0079031078,AMD,2027-06-17,call,260.0,147.53,146.3,149.25,0.6948425291442872,9,646
2026-05-02,US0079031078,AMD,2027-06-17,call,270.0,143.52,140.45,143.05,0.687548900909424,3,494
2026-05-02,US0079031078,AMD,2027-06-17,call,280.0,135.43,135.35,137.95,0.6868927795410158,7,886
2026-05-02,US0079031078,AMD,2027-06-17,call,290.0,131.94,130.25,132.1,0.6816438085937502,5,385
2026-05-02,US0079031078,AMD,2027-06-17,call,300.0,126.0,124.6,127.5,0.6779817358398439,57,3089
2026-05-02,US0079031078,AMD,2027-06-17,call,310.0,122.07,119.9,122.3,0.6744417321777345,17,360
2026-05-02,US0079031078,AMD,2027-06-17,call,320.0,116.93,115.15,118.25,0.6738924212646487,10,697
2026-05-02,US0079031078,AMD,2027-06-17,call,330.0,111.0,110.5,113.75,0.6708254353332521,29,401
2026-05-02,US0079031078,AMD,2027-06-17,call,340.0,109.92,106.2,109.85,0.6701082794189455,4,570
2026-05-02,US0079031078,AMD,2027-06-17,call,350.0,102.88,102.1,105.3,0.6666979741668703,19,1066
2026-05-02,US0079031078,AMD,2027-06-17,call,360.0,100.35,98.05,100.95,0.6632037464141848,69,3358
2026-05-02,US0079031078,AMD,2027-06-17,call,370.0,95.73,94.35,97.55,0.663257151641846,29,550
2026-05-02,US0079031078,AMD,2027-06-17,call,380.0,92.13,91.05,93.9,0.6628604270935059,18,456
2026-05-02,US0079031078,AMD,2027-06-17,call,390.0,87.97,87.2,90.45,0.6603732693481447,20,242
2026-05-02,US0079031078,AMD,2027-06-17,call,400.0,86.35,84.55,87.1,0.6613955979919435,55,1077
2026-05-02,US0079031078,AMD,2027-06-17,call,410.0,83.15,81.75,84.1,0.6622424523162843,110,524
2026-05-02,US0079031078,AMD,2027-06-17,call,420.0,78.86,78.8,81.0,0.6614566325378419,25,485
2026-05-02,US0079031078,AMD,2027-06-17,call,430.0,74.42,75.8,77.85,0.6595950788879397,5,589
2026-05-02,US0079031078,AMD,2027-06-17,call,440.0,74.7,72.5,75.15,0.657504645690918,11,588
2026-05-02,US0079031078,AMD,2027-06-17,call,450.0,72.0,69.8,72.4,0.6565433515930177,24,931
2026-05-02,US0079031078,AMD,2027-06-17,call,460.0,67.61,67.9,69.85,0.6581760256958008,1,458
2026-05-02,US0079031078,AMD,2027-06-17,call,470.0,66.9,65.1,67.0,0.6552539968109132,3,368
2026-05-02,US0079031078,AMD,2027-06-17,call,480.0,59.2,62.6,65.15,0.6559711527252199,4,524
2026-05-02,US0079031078,AMD,2027-06-17,call,490.0,60.05,60.3,62.4,0.6538044263458254,17,438
2026-05-02,US0079031078,AMD,2027-06-17,call,500.0,60.0,58.05,60.3,0.653369555206299,77,752
2026-05-02,US0079031078,AMD,2027-06-17,call,510.0,57.77,55.9,58.15,0.65254558883667,1,447
2026-05-02,US0079031078,AMD,2027-06-17,call,520.0,54.48,53.7,56.65,0.6531864515686037,2,474
2026-05-02,US0079031078,AMD,2027-06-17,call,530.0,53.6,52.25,54.15,0.6524998129272462,3,2176
2026-05-02,US0079031078,AMD,2027-06-17,call,540.0,48.4,50.45,52.5,0.6529880892944336,3,10
2026-05-02,US0079031078,AMD,2027-06-17,call,550.0,50.4,48.45,50.4,0.6508213629150392,9,71
2026-05-02,US0079031078,AMD,2027-06-17,call,560.0,35.05,47.45,48.95,0.6538120556640626,7,167
2026-05-02,US0079031078,AMD,2027-06-17,call,570.0,44.03,44.95,47.55,0.6514088204193116,1,72
2026-05-02,US0079031078,AMD,2027-06-17,call,580.0,42.45,43.45,46.6,0.6535831761169435,21,93
2026-05-02,US0079031078,AMD,2027-06-17,call,590.0,29.29,41.9,44.8,0.6522251574707032,19,54
2026-05-02,US0079031078,AMD,2027-06-17,call,600.0,41.36,41.0,43.6,0.654872530899048,26,450
2026-05-02,US0079031078,AMD,2027-06-17,put,25.0,0.25,0.1,0.5,1.0693405908203126,2,197
2026-05-02,US0079031078,AMD,2027-06-17,put,30.0,0.31,0.0,0.0,0.500005,1,0
2026-05-02,US0079031078,AMD,2027-06-17,put,35.0,0.28,0.1,0.71,0.963867548828125,4,83
2026-05-02,US0079031078,AMD,2027-06-17,put,40.0,0.27,0.0,0.78,0.9018564501953125,2,19
2026-05-02,US0079031078,AMD,2027-06-17,put,45.0,0.83,0.0,0.0,0.500005,2,0
2026-05-02,US0079031078,AMD,2027-06-17,put,50.0,0.53,0.01,0.92,0.8271501660156249,2,71
2026-05-02,US0079031078,AMD,2027-06-17,put,55.0,0.98,1.13,1.54,0.9238288867187501,15,35
2026-05-02,US0079031078,AMD,2027-06-17,put,60.0,0.71,0.41,0.96,0.7922384057617188,5,124
2026-05-02,US0079031078,AMD,2027-06-17,put,65.0,0.82,0.14,1.28,0.7607445800781252,1,544
2026-05-02,US0079031078,AMD,2027-06-17,put,70.0,1.16,0.58,1.28,0.7585473364257813,1,341
2026-05-02,US0079031078,AMD,2027-06-17,put,75.0,1.21,0.87,1.39,0.7500025,2,156
2026-05-02,US0079031078,AMD,2027-06-17,put,80.0,1.43,0.93,1.6,0.7331569653320311,1,136
2026-05-02,US0079031078,AMD,2027-06-17,put,85.0,1.53,1.22,1.84,0.7277859252929688,2,156
2026-05-02,US0079031078,AMD,2027-06-17,put,90.0,1.95,1.21,2.05,0.7077665942382813,10,206
2026-05-02,US0079031078,AMD,2027-06-17,put,95.0,2.03,1.65,2.24,0.7033721069335939,1,341
2026-05-02,US0079031078,AMD,2027-06-17,put,100.0,2.2,2.01,2.57,0.6988555505371095,17,1109
2026-05-02,US0079031078,AMD,2027-06-17,put,105.0,2.72,2.17,2.93,0.6881134704589844,3,148
2026-05-02,US0079031078,AMD,2027-06-17,put,110.0,3.14,2.61,3.5,0.6887238159179689,1,761
2026-05-02,US0079031078,AMD,2027-06-17,put,115.0,3.47,3.1,3.85,0.6831696722412111,1,1752
2026-05-02,US0079031078,AMD,2027-06-17,put,120.0,3.7,3.4,4.05,0.6697420721435547,5,14743
2026-05-02,US0079031078,AMD,2027-06-17,put,125.0,4.0,3.85,4.3,0.6601596484375001,1,997
2026-05-02,US0079031078,AMD,2027-06-17,put,130.0,4.71,4.05,4.9,0.6518589501953126,1,1257
2026-05-02,US0079031078,AMD,2027-06-17,put,135.0,5.4,4.9,5.75,0.6571689556884766,2,587
2026-05-02,US0079031078,AMD,2027-06-17,put,140.0,5.92,5.45,6.25,0.6506382592773439,1,4210
2026-05-02,US0079031078,AMD,2027-06-17,put,145.0,6.14,6.0,6.55,0.6408422146606446,1,1268
2026-05-02,US0079031078,AMD,2027-06-17,put,150.0,6.9,6.7,7.5,0.6408116973876954,12,1576
2026-05-02,US0079031078,AMD,2027-06-17,put,155.0,8.29,7.05,7.9,0.6289099609375001,20,444
2026-05-02,US0079031078,AMD,2027-06-17,put,160.0,8.75,8.2,8.65,0.6297034100341796,1,870
2026-05-02,US0079031078,AMD,2027-06-17,put,165.0,9.5,8.75,9.45,0.6235389208984375,1,372
2026-05-02,US0079031078,AMD,2027-06-17,put,170.0,10.0,9.45,10.75,0.6231116790771485,1,8062
2026-05-02,US0079031078,AMD,2027-06-17,put,175.0,10.55,10.8,11.3,0.620670297241211,5,1958
2026-05-02,US0079031078,AMD,2027-06-17,put,180.0,12.2,11.85,12.3,0.618717191772461,10,2503
2026-05-02,US0079031078,AMD,2027-06-17,put,185.0,13.7,12.85,13.95,0.6207618490600587,1,2229
2026-05-02,US0079031078,AMD,2027-06-17,put,190.0,14.02,13.85,14.8,0.6154823608398439,11,781
2026-05-02,US0079031078,AMD,2027-06-17,put,195.0,15.15,14.65,15.75,0.6089821817016602,4,592
2026-05-02,US0079031078,AMD,2027-06-17,put,200.0,16.25,16.3,16.95,0.6098976998901369,5,1444
2026-05-02,US0079031078,AMD,2027-06-17,put,210.0,18.89,18.65,19.5,0.6038857971191409,6,1406
2026-05-02,US0079031078,AMD,2027-06-17,put,220.0,21.35,21.7,22.8,0.6043130389404299,6,1566
2026-05-02,US0079031078,AMD,2027-06-17,put,230.0,25.17,23.9,26.05,0.5969126002502443,3,306
2026-05-02,US0079031078,AMD,2027-06-17,put,240.0,28.05,28.0,29.35,0.5979349288940431,12,641
2026-05-02,US0079031078,AMD,2027-06-17,put,250.0,31.75,31.5,32.25,0.5915263015747071,99,1383
2026-05-02,US0079031078,AMD,2027-06-17,put,260.0,36.85,35.15,36.15,0.5888560401916505,9,236
2026-05-02,US0079031078,AMD,2027-06-17,put,270.0,39.7,38.4,40.35,0.5838969833374023,11,353
2026-05-02,US0079031078,AMD,2027-06-17,put,280.0,43.23,43.3,44.65,0.5847819842529296,4,366
2026-05-02,US0079031078,AMD,2027-06-17,put,290.0,48.15,47.5,48.85,0.58047904876709,12,240
2026-05-02,US0079031078,AMD,2027-06-17,put,300.0,52.35,52.1,54.1,0.5804332728576662,33,195
2026-05-02,US0079031078,AMD,2027-06-17,put,310.0,57.56,56.1,58.65,0.5737805073547364,8,127
2026-05-02,US0079031078,AMD,2027-06-17,put,320.0,61.9,61.9,63.15,0.5724530059814454,11,205
2026-05-02,US0079031078,AMD,2027-06-17,put,330.0,70.02,66.25,68.65,0.5680737773132323,34,66
2026-05-02,US0079031078,AMD,2027-06-17,put,340.0,74.97,71.5,74.35,0.5663953273010254,14,28
2026-05-02,US0079031078,AMD,2027-06-17,put,350.0,79.0,77.5,80.0,0.5658765336608886,61,251
2026-05-02,US0079031078,AMD,2027-06-17,put,360.0,86.32,83.05,85.5,0.5620695038604736,1,237
2026-05-02,US0079031078,AMD,2027-06-17,put,370.0,93.85,89.95,91.8,0.5644345925140382,15,474
2026-05-02,US0079031078,AMD,2027-06-17,put,380.0,99.52,96.05,98.15,0.5630994618225098,1,30
2026-05-02,US0079031078,AMD,2027-06-17,put,390.0,108.4,101.5,104.25,0.5577284217834475,1,36
2026-05-02,US0079031078,AMD,2027-06-17,put,400.0,109.67,108.05,111.1,0.5574842835998537,1,375
2026-05-02,US0079031078,AMD,2027-06-17,put,410.0,210.05,152.25,155.95,0.8083820431518555,268,112
2026-05-02,US0079031078,AMD,2027-06-17,put,420.0,128.2,120.9,124.4,0.5519759158325196,20,48
2026-05-02,US0079031078,AMD,2027-06-17,put,430.0,135.15,128.3,131.4,0.5521895367431642,2,452
2026-05-02,US0079031078,AMD,2027-06-17,put,440.0,231.1,134.85,138.35,0.5485884985351563,2,228
2026-05-02,US0079031078,AMD,2027-06-17,put,450.0,150.5,143.1,145.5,0.5503737590026856,57,197
2026-05-02,US0079031078,AMD,2027-06-17,put,460.0,153.08,149.3,152.8,0.5451095294189454,2,11
2026-05-02,US0079031078,AMD,2027-06-17,put,470.0,192.85,156.7,160.1,0.5429962082672121,20,20
2026-05-02,US0079031078,AMD,2027-06-17,put,480.0,178.15,164.25,167.7,0.5416153016662599,3,10
2026-05-02,US0079031078,AMD,2027-06-17,put,490.0,203.6,171.8,175.0,0.538487281188965,2,1
2026-05-02,US0079031078,AMD,2027-06-17,put,500.0,187.76,180.5,183.0,0.5409134043884278,306,272
2026-05-02,US0079031078,AMD,2027-06-17,put,510.0,200.8,188.3,190.85,0.539112885284424,2,4
2026-05-02,US0079031078,AMD,2027-06-17,put,520.0,236.4,196.2,198.75,0.5371521504974366,,10
2026-05-02,US0079031078,AMD,2027-06-17,put,530.0,219.4,203.35,206.75,0.5322159815979004,2,21
2026-05-02,US0079031078,AMD,2027-06-17,put,550.0,260.47,219.65,223.05,0.5285081329345704,,10
2026-05-02,US0079031078,AMD,2027-06-17,put,560.0,272.4,227.7,231.3,0.5257005438232423,,17
2026-05-02,US0079031078,AMD,2027-06-17,put,570.0,274.75,236.0,239.85,0.5243272665405273,,23
2026-05-02,US0079031078,AMD,2027-06-17,put,590.0,273.1,253.0,256.55,0.5198412274169921,2,24
2026-05-02,US0079031078,AMD,2027-06-17,put,600.0,273.7,261.55,265.15,0.5179033805847169,47,23
2026-05-02,US0079031078,AMD,2027-09-17,call,45.0,164.2,235.0,239.0,1.0000000000000003e-05,,1
2026-05-02,US0079031078,AMD,2027-09-17,call,55.0,284.82,308.15,312.25,1.0759323547363282,2,1
2026-05-02,US0079031078,AMD,2027-09-17,call,60.0,148.0,303.55,307.65,1.0445604412841798,1,3
2026-05-02,US0079031078,AMD,2027-09-17,call,65.0,290.1,299.0,303.15,1.0189258038330078,1,2
2026-05-02,US0079031078,AMD,2027-09-17,call,80.0,144.85,285.5,289.6,0.9509282250976561,2,3
2026-05-02,US0079031078,AMD,2027-09-17,call,85.0,226.76,281.05,285.2,0.9328619995117188,3,2
2026-05-02,US0079031078,AMD,2027-09-17,call,90.0,150.72,276.65,280.75,0.9152230157470704,4,5
2026-05-02,US0079031078,AMD,2027-09-17,call,95.0,122.2,191.4,194.0,1.0000000000000003e-05,14,8
2026-05-02,US0079031078,AMD,2027-09-17,call,100.0,213.92,267.95,272.05,0.8852550537109375,1,1
2026-05-02,US0079031078,AMD,2027-09-17,call,105.0,115.03,183.15,186.0,1.0000000000000003e-05,102,54
2026-05-02,US0079031078,AMD,2027-09-17,call,110.0,149.9,259.7,263.3,0.8607191662597657,1,2
2026-05-02,US0079031078,AMD,2027-09-17,call,115.0,245.12,254.55,259.05,0.8379227633666991,1,23
2026-05-02,US0079031078,AMD,2027-09-17,call,120.0,241.99,251.35,254.5,0.8342301733398436,5,18
2026-05-02,US0079031078,AMD,2027-09-17,call,125.0,93.05,246.9,250.75,0.8249834396362303,3,11
2026-05-02,US0079031078,AMD,2027-09-17,call,130.0,236.9,243.1,246.25,0.81445498046875,2,8
2026-05-02,US0079031078,AMD,2027-09-17,call,135.0,178.16,239.05,242.3,0.8066120413208008,2,8
2026-05-02,US0079031078,AMD,2027-09-17,call,140.0,223.1,235.05,238.2,0.7975178939819335,15,24
2026-05-02,US0079031078,AMD,2027-09-17,call,145.0,147.5,231.1,234.25,0.7898885757446289,3,19
2026-05-02,US0079031078,AMD,2027-09-17,call,150.0,226.26,227.2,230.35,0.7827780511474609,10,39
2026-05-02,US0079031078,AMD,2027-09-17,call,155.0,211.44,223.35,226.5,0.7760947683715821,1,8
2026-05-02,US0079031078,AMD,2027-09-17,call,160.0,221.4,219.55,222.7,0.7697929515075683,2,41
2026-05-02,US0079031078,AMD,2027-09-17,call,165.0,194.74,215.8,218.95,0.7638573419189454,2,17
2026-05-02,US0079031078,AMD,2027-09-17,call,170.0,205.65,212.1,215.25,0.7582574223327638,2,19
2026-05-02,US0079031078,AMD,2027-09-17,call,175.0,196.95,208.45,211.6,0.7529626754760742,2,17
2026-05-02,US0079031078,AMD,2027-09-17,call,180.0,205.41,204.85,208.4,0.7504297418212891,1,16
2026-05-02,US0079031078,AMD,2027-09-17,call,185.0,195.67,201.3,204.5,0.743441286315918,1,25
2026-05-02,US0079031078,AMD,2027-09-17,call,190.0,174.74,197.85,200.95,0.7388636953735351,1,62
2026-05-02,US0079031078,AMD,2027-09-17,call,195.0,187.71,194.45,197.55,0.7350948121643066,4,100
2026-05-02,US0079031078,AMD,2027-09-17,call,200.0,193.0,191.05,194.3,0.7317531707763671,2,218
2026-05-02,US0079031078,AMD,2027-09-17,call,210.0,180.04,184.4,187.55,0.7234219552612304,2,198
2026-05-02,US0079031078,AMD,2027-09-17,call,220.0,158.5,178.0,181.15,0.7168149656677245,2,91
2026-05-02,US0079031078,AMD,2027-09-17,call,230.0,148.25,171.8,174.95,0.7107572869873047,16,169
2026-05-02,US0079031078,AMD,2027-09-17,call,240.0,136.74,165.85,168.95,0.7054320228576663,2,89
2026-05-02,US0079031078,AMD,2027-09-17,call,250.0,158.1,160.0,163.05,0.6997252928161621,2,342
2026-05-02,US0079031078,AMD,2027-09-17,call,260.0,149.5,154.4,157.6,0.6957427886962892,6,195
2026-05-02,US0079031078,AMD,2027-09-17,call,270.0,150.39,149.0,152.25,0.6917602845764161,7,267
2026-05-02,US0079031078,AMD,2027-09-17,call,280.0,146.1,143.8,146.85,0.6872437281799317,3,141
2026-05-02,US0079031078,AMD,2027-09-17,call,290.0,139.61,138.8,141.9,0.6841004490661622,1,66
2026-05-02,US0079031078,AMD,2027-09-17,call,300.0,134.85,133.95,136.75,0.679736479034424,4,300
2026-05-02,US0079031078,AMD,2027-09-17,call,310.0,123.0,129.3,132.55,0.6784852708435058,3,80
2026-05-02,US0079031078,AMD,2027-09-17,call,320.0,127.11,124.8,127.65,0.6743120337677004,7,222
2026-05-02,US0079031078,AMD,2027-09-17,call,330.0,122.14,120.5,123.75,0.673327851715088,2,111
2026-05-02,US0079031078,AMD,2027-09-17,call,340.0,115.37,116.5,119.65,0.6717562121582032,26,206
2026-05-02,US0079031078,AMD,2027-09-17,call,350.0,114.92,112.4,115.6,0.669146985321045,6,234
2026-05-02,US0079031078,AMD,2027-09-17,call,360.0,109.83,108.65,111.7,0.6673540955352785,11,127
2026-05-02,US0079031078,AMD,2027-09-17,call,370.0,105.63,104.85,108.15,0.6657290507507325,12,108
2026-05-02,US0079031078,AMD,2027-09-17,call,380.0,103.07,101.3,104.5,0.6638217211914064,15,88
2026-05-02,US0079031078,AMD,2027-09-17,call,390.0,100.38,97.9,101.1,0.6624484439086916,13,1213
2026-05-02,US0079031078,AMD,2027-09-17,call,400.0,97.17,94.65,97.9,0.6614642618560793,17,2966
2026-05-02,US0079031078,AMD,2027-09-17,call,410.0,93.96,91.5,94.8,0.6604190452575684,10,195
2026-05-02,US0079031078,AMD,2027-09-17,call,420.0,86.29,88.4,91.8,0.659183095703125,26,249
2026-05-02,US0079031078,AMD,2027-09-17,call,430.0,87.25,85.55,88.9,0.65840490524292,11,94
2026-05-02,US0079031078,AMD,2027-09-17,call,440.0,82.74,82.75,86.15,0.657626714782715,4,52
2026-05-02,US0079031078,AMD,2027-09-17,call,450.0,81.9,80.2,83.15,0.6562992134094239,3,68
2026-05-02,US0079031078,AMD,2027-09-17,call,460.0,55.26,77.65,80.55,0.6556125747680664,1,7
2026-05-02,US0079031078,AMD,2027-09-17,call,470.0,33.17,75.5,78.45,0.6570774038696289,36,58
2026-05-02,US0079031078,AMD,2027-09-17,call,480.0,67.9,73.85,76.05,0.6586337847900392,1,58
2026-05-02,US0079031078,AMD,2027-09-17,call,490.0,73.25,70.5,73.75,0.6549717120361329,1,206
2026-05-02,US0079031078,AMD,2027-09-17,call,500.0,70.3,69.4,71.4,0.6573596886444092,4,380
2026-05-02,US0079031078,AMD,2027-09-17,call,510.0,65.66,66.2,69.45,0.6542698147583009,10,2
2026-05-02,US0079031078,AMD,2027-09-17,call,520.0,62.2,64.8,67.4,0.6557956784057618,1,1
2026-05-02,US0079031078,AMD,2027-09-17,call,530.0,52.49,62.15,65.45,0.6534992536163332,1,2
2026-05-02,US0079031078,AMD,2027-09-17,call,540.0,60.01,61.05,63.2,0.6545292115783694,18,22
2026-05-02,US0079031078,AMD,2027-09-17,call,550.0,59.27,59.1,61.35,0.6538273143005373,13,37
2026-05-02,US0079031078,AMD,2027-09-17,call,560.0,52.43,57.4,59.5,0.6535068829345705,10,22
2026-05-02,US0079031078,AMD,2027-09-17,call,570.0,52.1,55.0,58.15,0.6522251574707032,41,40
2026-05-02,US0079031078,AMD,2027-09-17,call,580.0,41.0,53.15,57.0,0.6528660202026368,1,12
2026-05-02,US0079031078,AMD,2027-09-17,call,600.0,49.9,50.8,53.35,0.6531864515686037,1,59
2026-05-02,US0079031078,AMD,2027-09-17,put,25.0,0.73,0.0,0.67,0.981445498046875,1,61
2026-05-02,US0079031078,AMD,2027-09-17,put,35.0,0.47,0.1,0.81,0.885743330078125,1,14
2026-05-02,US0079031078,AMD,2027-09-17,put,40.0,0.54,0.1,0.89,0.8422867333984375,1,17
2026-05-02,US0079031078,AMD,2027-09-17,put,45.0,0.98,0.09,1.15,0.8212908496093749,2,8
2026-05-02,US0079031078,AMD,2027-09-17,put,50.0,0.67,0.09,1.16,0.7797873583984375,4,12
2026-05-02,US0079031078,AMD,2027-09-17,put,55.0,0.97,0.22,1.39,0.7697776928710938,2,9
2026-05-02,US0079031078,AMD,2027-09-17,put,60.0,1.35,0.53,1.31,0.7490259472656251,8,27
2026-05-02,US0079031078,AMD,2027-09-17,put,65.0,1.16,0.69,1.74,0.7482935327148439,1,56
2026-05-02,US0079031078,AMD,2027-09-17,put,70.0,1.35,0.86,1.89,0.7310817907714844,2,12
2026-05-02,US0079031078,AMD,2027-09-17,put,75.0,1.68,1.15,2.07,0.7200955725097657,1,41
2026-05-02,US0079031078,AMD,2027-09-17,put,80.0,1.92,1.32,2.45,0.7110624597167969,1,66
2026-05-02,US0079031078,AMD,2027-09-17,put,85.0,2.25,1.58,2.81,0.7028838305664062,2,75
2026-05-02,US0079031078,AMD,2027-09-17,put,90.0,2.56,2.05,2.91,0.6922638195800781,1,152
2026-05-02,US0079031078,AMD,2027-09-17,put,95.0,3.15,2.22,3.5,0.6857331231689454,16,52
2026-05-02,US0079031078,AMD,2027-09-17,put,100.0,3.6,2.75,3.8,0.6795686340332032,15,43
2026-05-02,US0079031078,AMD,2027-09-17,put,105.0,3.73,3.2,4.3,0.6746858703613283,1,48
2026-05-02,US0079031078,AMD,2027-09-17,put,110.0,4.13,3.65,4.7,0.666690344848633,1,95
2026-05-02,US0079031078,AMD,2027-09-17,put,115.0,5.2,3.95,5.25,0.6580844738769531,12,108
2026-05-02,US0079031078,AMD,2027-09-17,put,120.0,4.98,4.35,5.7,0.6490513610839843,1,50
2026-05-02,US0079031078,AMD,2027-09-17,put,125.0,6.44,4.85,6.35,0.643985493774414,1,540
2026-05-02,US0079031078,AMD,2027-09-17,put,130.0,6.76,5.55,6.95,0.6400792828369142,1,36
2026-05-02,US0079031078,AMD,2027-09-17,put,135.0,7.18,6.25,7.3,0.6320837573242188,2,179
2026-05-02,US0079031078,AMD,2027-09-17,put,140.0,8.14,7.05,7.95,0.6284216845703126,4,381
2026-05-02,US0079031078,AMD,2027-09-17,put,145.0,9.2,8.1,9.2,0.6329687582397462,9,70
2026-05-02,US0079031078,AMD,2027-09-17,put,150.0,9.35,8.95,9.7,0.6261939236450197,7,1014
2026-05-02,US0079031078,AMD,2027-09-17,put,155.0,10.0,9.55,10.6,0.6204261590576172,1,155
2026-05-02,US0079031078,AMD,2027-09-17,put,160.0,12.28,10.6,11.85,0.6213111599731446,1,163
2026-05-02,US0079031078,AMD,2027-09-17,put,165.0,13.55,11.6,12.4,0.6147499462890625,5,99
2026-05-02,US0079031078,AMD,2027-09-17,put,170.0,14.85,12.4,13.6,0.6114235635375979,1,463
2026-05-02,US0079031078,AMD,2027-09-17,put,175.0,14.6,13.85,14.55,0.6105080453491213,1,265
2026-05-02,US0079031078,AMD,2027-09-17,put,180.0,15.57,14.65,16.15,0.6087380435180666,4,126
2026-05-02,US0079031078,AMD,2027-09-17,put,185.0,19.35,16.05,17.55,0.6090126989746094,1,37
2026-05-02,US0079031078,AMD,2027-09-17,put,190.0,19.27,17.35,18.45,0.6045266598510745,1,28
2026-05-02,US0079031078,AMD,2027-09-17,put,195.0,19.13,18.45,20.15,0.6033670034790041,6,93
2026-05-02,US0079031078,AMD,2027-09-17,put,200.0,21.13,20.15,21.5,0.6030313134765627,1,176
2026-05-02,US0079031078,AMD,2027-09-17,put,210.0,23.69,22.5,24.1,0.5940134593200683,3,157
2026-05-02,US0079031078,AMD,2027-09-17,put,220.0,26.61,25.8,27.05,0.5903819038391114,4,112
2026-05-02,US0079031078,AMD,2027-09-17,put,230.0,29.52,29.15,30.95,0.5897105238342286,16,159
2026-05-02,US0079031078,AMD,2027-09-17,put,240.0,38.6,32.45,34.65,0.5857737956237792,2,55
2026-05-02,US0079031078,AMD,2027-09-17,put,250.0,40.8,36.1,38.45,0.5821727574157713,6,1430
2026-05-02,US0079031078,AMD,2027-09-17,put,260.0,40.98,39.95,41.85,0.5761913719177245,1,62
2026-05-02,US0079031078,AMD,2027-09-17,put,270.0,49.7,44.05,46.55,0.5751232673645019,8,120
2026-05-02,US0079031078,AMD,2027-09-17,put,280.0,50.46,48.45,51.05,0.5728497305297852,78,139
2026-05-02,US0079031078,AMD,2027-09-17,put,290.0,52.75,53.15,55.1,0.568638346862793,6,30
2026-05-02,US0079031078,AMD,2027-09-17,put,300.0,60.2,58.05,60.3,0.5680432600402832,5,18
2026-05-02,US0079031078,AMD,2027-09-17,put,310.0,64.08,63.15,65.6,0.5671430004882813,1,43
2026-05-02,US0079031078,AMD,2027-09-17,put,320.0,71.8,68.3,70.5,0.5638318763732912,1,3
2026-05-02,US0079031078,AMD,2027-09-17,put,330.0,76.87,73.3,75.95,0.5607496318054199,2,26
2026-05-02,US0079031078,AMD,2027-09-17,put,340.0,81.8,79.0,81.65,0.5597120445251464,9,49
2026-05-02,US0079031078,AMD,2027-09-17,put,350.0,88.15,84.1,87.1,0.5549208326721193,3,43
2026-05-02,US0079031078,AMD,2027-09-17,put,360.0,93.23,90.0,92.9,0.5528227701568604,6,36
2026-05-02,US0079031078,AMD,2027-09-17,put,370.0,102.9,95.95,99.3,0.5517928121948242,3,33
2026-05-02,US0079031078,AMD,2027-09-17,put,380.0,106.2,103.0,105.45,0.5524184162902832,3,72
2026-05-02,US0079031078,AMD,2027-09-17,put,390.0,112.4,108.6,111.5,0.5474593594360352,3,70
2026-05-02,US0079031078,AMD,2027-09-17,put,400.0,118.75,115.2,118.3,0.5469634537506105,4,149
2026-05-02,US0079031078,AMD,2027-09-17,put,410.0,170.68,121.15,125.0,0.5434158207702637,2,546
2026-05-02,US0079031078,AMD,2027-09-17,put,420.0,136.85,128.1,131.7,0.5420730607604982,1,58
2026-05-02,US0079031078,AMD,2027-09-17,put,430.0,141.55,135.0,138.55,0.540287800292969,1,148
2026-05-02,US0079031078,AMD,2027-09-17,put,440.0,237.1,181.3,185.0,0.773813602218628,,3
2026-05-02,US0079031078,AMD,2027-09-17,put,450.0,152.22,149.35,152.65,0.5373810300445558,2,161
2026-05-02,US0079031078,AMD,2027-09-17,put,470.0,222.05,266.95,270.65,1.168522223815918,2,0
2026-05-02,US0079031078,AMD,2027-09-17,put,490.0,210.2,178.65,182.05,0.5290269265747071,2,1
2026-05-02,US0079031078,AMD,2027-09-17,put,500.0,187.88,186.3,189.75,0.5274247697448731,2,7
2026-05-02,US0079031078,AMD,2027-09-17,put,510.0,227.15,194.05,197.5,0.5257005438232423,,1
2026-05-02,US0079031078,AMD,2027-09-17,put,520.0,211.85,201.85,205.3,0.5237321797180177,2,3
2026-05-02,US0079031078,AMD,2027-09-17,put,530.0,241.15,209.75,213.2,0.5218248501586914,,1
2026-05-02,US0079031078,AMD,2027-09-17,put,540.0,249.65,217.75,221.15,0.5198564860534667,,1
2026-05-02,US0079031078,AMD,2027-09-17,put,550.0,267.2,225.8,229.25,0.5179949324035646,,5
2026-05-02,US0079031078,AMD,2027-09-17,put,580.0,261.6,250.15,254.1,0.5117846673583983,43,20
2026-05-02,US0079031078,AMD,2027-09-17,put,590.0,294.25,258.85,262.2,0.5100757000732423,,1
2026-05-02,US0079031078,AMD,2027-09-17,put,600.0,278.9,267.05,270.75,0.5077106114196777,4,2
2026-05-02,US0079031078,AMD,2027-12-17,call,5.0,351.0,354.9,359.05,2.1147508068847656,2,4394
2026-05-02,US0079031078,AMD,2027-12-17,call,10.0,339.51,350.3,354.4,1.7163100122070314,1,95
2026-05-02,US0079031078,AMD,2027-12-17,call,15.0,242.6,199.5,204.3,1.0000000000000003e-05,,1
2026-05-02,US0079031078,AMD,2027-12-17,call,25.0,331.26,336.45,340.55,1.3171420861816405,1,366
2026-05-02,US0079031078,AMD,2027-12-17,call,30.0,195.46,185.2,189.15,1.0000000000000003e-05,5,69
2026-05-02,US0079031078,AMD,2027-12-17,call,35.0,160.9,0.0,0.0,1.0000000000000003e-05,2,0
2026-05-02,US0079031078,AMD,2027-12-17,call,40.0,251.94,322.7,326.8,1.1447796667480468,1,161
2026-05-02,US0079031078,AMD,2027-12-17,call,45.0,205.2,318.15,322.25,1.1042525256347657,1,13
2026-05-02,US0079031078,AMD,2027-12-17,call,50.0,306.0,313.65,317.75,1.0705612878417972,1,395
2026-05-02,US0079031078,AMD,2027-12-17,call,55.0,199.74,309.15,313.25,1.0394335137939457,2,469
2026-05-02,US0079031078,AMD,2027-12-17,call,60.0,181.7,304.7,308.8,1.0128833535766604,1,182
2026-05-02,US0079031078,AMD,2027-12-17,call,65.0,191.0,300.25,304.35,0.987854125366211,1,395
2026-05-02,US0079031078,AMD,2027-12-17,call,70.0,289.45,295.85,299.95,0.9660037579345704,12,974
2026-05-02,US0079031078,AMD,2027-12-17,call,75.0,287.25,291.0,296.0,0.9450689086914061,1,183
2026-05-02,US0079031078,AMD,2027-12-17,call,80.0,284.4,287.1,291.25,0.9273078558349608,2,402
2026-05-02,US0079031078,AMD,2027-12-17,call,85.0,259.25,282.8,286.95,0.9107064593505858,3,397
2026-05-02,US0079031078,AMD,2027-12-17,call,90.0,259.0,278.55,282.65,0.8951426501464843,1,616
2026-05-02,US0079031078,AMD,2027-12-17,call,95.0,270.5,274.35,278.45,0.881715050048828,15,593
2026-05-02,US0079031078,AMD,2027-12-17,call,100.0,265.25,270.55,274.05,0.8706677972412109,7,1251
2026-05-02,US0079031078,AMD,2027-12-17,call,105.0,262.1,266.4,269.9,0.8583083016967773,32,805
2026-05-02,US0079031078,AMD,2027-12-17,call,110.0,258.5,262.35,265.8,0.847535704345703,4,614
2026-05-02,US0079031078,AMD,2027-12-17,call,115.0,261.06,258.25,261.4,0.8331620687866209,3,643
2026-05-02,US0079031078,AMD,2027-12-17,call,120.0,248.95,254.25,257.35,0.8233049896240234,4,992
2026-05-02,US0079031078,AMD,2027-12-17,call,125.0,245.0,250.25,253.85,0.8181475704956053,8,828
2026-05-02,US0079031078,AMD,2027-12-17,call,130.0,241.2,246.3,249.9,0.8090534231567382,4,632
2026-05-02,US0079031078,AMD,2027-12-17,call,135.0,237.25,242.5,246.05,0.8018208294677733,5,528
2026-05-02,US0079031078,AMD,2027-12-17,call,140.0,235.0,238.7,242.2,0.7942525457763672,1,984
2026-05-02,US0079031078,AMD,2027-12-17,call,145.0,228.21,234.85,238.45,0.7868063311767577,1,633
2026-05-02,US0079031078,AMD,2027-12-17,call,150.0,235.0,231.2,234.7,0.780550290222168,2,2892
2026-05-02,US0079031078,AMD,2027-12-17,call,155.0,190.51,227.55,231.05,0.7746299392700197,4,580
2026-05-02,US0079031078,AMD,2027-12-17,call,160.0,225.0,223.9,227.4,0.768404415588379,7,921
2026-05-02,US0079031078,AMD,2027-12-17,call,165.0,223.1,220.35,223.25,0.7594323373413087,2,977
2026-05-02,US0079031078,AMD,2027-12-17,call,170.0,209.65,216.85,220.35,0.7582269050598147,1,1348
2026-05-02,US0079031078,AMD,2027-12-17,call,175.0,213.75,213.4,216.85,0.7532373309326172,1,825
2026-05-02,US0079031078,AMD,2027-12-17,call,180.0,204.17,209.95,212.8,0.7448603395080566,15,1471
2026-05-02,US0079031078,AMD,2027-12-17,call,185.0,206.0,206.6,210.1,0.7443110285949708,3,250
2026-05-02,US0079031078,AMD,2027-12-17,call,190.0,204.12,203.3,206.55,0.7390010231018065,3,457
2026-05-02,US0079031078,AMD,2027-12-17,call,195.0,202.39,200.0,203.5,0.7360103303527832,8,2817
2026-05-02,US0079031078,AMD,2027-12-17,call,200.0,198.2,196.85,200.0,0.731173342590332,10,4168
2026-05-02,US0079031078,AMD,2027-12-17,call,210.0,186.0,190.6,193.7,0.7243374734497069,7,1571
2026-05-02,US0079031078,AMD,2027-12-17,call,220.0,185.81,184.5,187.4,0.7170438452148438,2,950
2026-05-02,US0079031078,AMD,2027-12-17,call,230.0,182.25,178.75,181.75,0.713015565185547,8,958
2026-05-02,US0079031078,AMD,2027-12-17,call,240.0,171.75,172.95,175.95,0.7069578865051271,4,511
2026-05-02,US0079031078,AMD,2027-12-17,call,250.0,170.2,167.5,170.65,0.7032805551147462,30,1257
2026-05-02,US0079031078,AMD,2027-12-17,call,260.0,163.37,162.15,165.3,0.698718222808838,2,1847
2026-05-02,US0079031078,AMD,2027-12-17,call,270.0,156.54,157.0,160.25,0.695040891418457,1,862
2026-05-02,US0079031078,AMD,2027-12-17,call,280.0,148.33,152.1,155.3,0.6916687327575683,56,1087
2026-05-02,US0079031078,AMD,2027-12-17,call,290.0,143.02,147.3,150.5,0.6882507981872559,16,497
2026-05-02,US0079031078,AMD,2027-12-17,call,300.0,141.2,142.7,145.95,0.6854889849853516,50,2083
2026-05-02,US0079031078,AMD,2027-12-17,call,310.0,140.84,138.25,141.0,0.6810792390441898,4,742
2026-05-02,US0079031078,AMD,2027-12-17,call,320.0,137.22,134.0,136.55,0.6781953567504884,3,1016
2026-05-02,US0079031078,AMD,2027-12-17,call,330.0,131.13,129.85,133.05,0.677859666748047,13,989
2026-05-02,US0079031078,AMD,2027-12-17,call,340.0,126.88,125.85,128.6,0.6742433699035648,10,425
2026-05-02,US0079031078,AMD,2027-12-17,call,350.0,121.48,122.0,125.3,0.6739305678558352,48,1442
2026-05-02,US0079031078,AMD,2027-12-17,call,360.0,117.67,118.35,121.5,0.6720003503417971,29,1681
2026-05-02,US0079031078,AMD,2027-12-17,call,370.0,116.3,114.7,118.0,0.6703066416931154,7,1007
2026-05-02,US0079031078,AMD,2027-12-17,call,380.0,114.0,111.25,114.55,0.668719743499756,39,476
2026-05-02,US0079031078,AMD,2027-12-17,call,390.0,110.0,107.95,110.85,0.666263103027344,2,362
2026-05-02,US0079031078,AMD,2027-12-17,call,400.0,105.46,105.1,108.0,0.6669573709869387,188,1130
2026-05-02,US0079031078,AMD,2027-12-17,call,410.0,103.29,101.65,104.85,0.6645236184692385,11,284
2026-05-02,US0079031078,AMD,2027-12-17,call,420.0,99.4,98.7,102.05,0.6639743075561525,3,442
2026-05-02,US0079031078,AMD,2027-12-17,call,430.0,98.34,95.85,99.2,0.6630435307312013,1,299
2026-05-02,US0079031078,AMD,2027-12-17,call,440.0,95.22,93.1,96.45,0.6621814177703859,5,318
2026-05-02,US0079031078,AMD,2027-12-17,call,450.0,92.15,90.65,93.15,0.6601596484375001,9,510
2026-05-02,US0079031078,AMD,2027-12-17,call,460.0,69.39,87.9,91.1,0.6603122348022462,3,123
2026-05-02,US0079031078,AMD,2027-12-17,call,470.0,82.05,85.7,88.15,0.6590762852478027,20,371
2026-05-02,US0079031078,AMD,2027-12-17,call,480.0,76.9,83.2,86.3,0.6595950788879397,1,433
2026-05-02,US0079031078,AMD,2027-12-17,call,490.0,82.4,81.15,84.05,0.6598544757080078,3,129
2026-05-02,US0079031078,AMD,2027-12-17,call,500.0,80.36,79.35,81.65,0.6599994327545167,151,981
2026-05-02,US0079031078,AMD,2027-12-17,call,510.0,69.2,76.9,79.35,0.6582752068328858,3,968
2026-05-02,US0079031078,AMD,2027-12-17,call,520.0,72.84,74.3,78.1,0.6586414141082765,1,509
2026-05-02,US0079031078,AMD,2027-12-17,call,530.0,71.0,72.95,75.5,0.6583896466064454,28,1587
2026-05-02,US0079031078,AMD,2027-12-17,call,540.0,67.7,70.65,73.65,0.6572605075073242,20,47
2026-05-02,US0079031078,AMD,2027-12-17,call,550.0,65.8,68.8,71.85,0.6571765850067138,2,22
2026-05-02,US0079031078,AMD,2027-12-17,call,560.0,63.6,67.0,70.05,0.6569171881866457,21,37
2026-05-02,US0079031078,AMD,2027-12-17,call,570.0,45.7,65.7,68.3,0.6578708529663085,8,17
2026-05-02,US0079031078,AMD,2027-12-17,call,580.0,64.09,63.65,66.65,0.6567493431854249,2,30
2026-05-02,US0079031078,AMD,2027-12-17,call,590.0,52.0,61.95,65.0,0.6563068427276612,14,30
2026-05-02,US0079031078,AMD,2027-12-17,call,600.0,61.91,60.55,63.45,0.6567035672760011,19,273
2026-05-02,US0079031078,AMD,2027-12-17,put,5.0,0.03,0.0,0.0,0.500005,46,0
2026-05-02,US0079031078,AMD,2027-12-17,put,10.0,0.02,0.0,0.5,1.2089883300781248,55,189
2026-05-02,US0079031078,AMD,2027-12-17,put,15.0,0.08,0.0,0.0,0.500005,6,0
2026-05-02,US0079031078,AMD,2027-12-17,put,20.0,0.18,0.0,0.35,0.9082040429687499,1,353
2026-05-02,US0079031078,AMD,2027-12-17,put,25.0,0.35,0.17,0.31,0.8652357226562499,2,360
2026-05-02,US0079031078,AMD,2027-12-17,put,30.0,0.57,0.1,0.76,0.8657239990234374,1,615
2026-05-02,US0079031078,AMD,2027-12-17,put,35.0,0.53,0.1,0.94,0.8305681005859374,1,108
2026-05-02,US0079031078,AMD,2027-12-17,put,40.0,0.63,0.07,0.98,0.7817404638671875,1,471
2026-05-02,US0079031078,AMD,2027-12-17,put,45.0,0.81,0.44,1.2,0.7883321948242188,2,284
2026-05-02,US0079031078,AMD,2027-12-17,put,50.0,0.9,0.24,1.37,0.745119736328125,1,463
2026-05-02,US0079031078,AMD,2027-12-17,put,55.0,1.34,0.64,1.53,0.7425562854003906,3,284
2026-05-02,US0079031078,AMD,2027-12-17,put,60.0,1.35,0.85,1.63,0.723513507080078,2,417
2026-05-02,US0079031078,AMD,2027-12-17,put,65.0,1.61,1.18,1.78,0.7121610815429689,1,237
2026-05-02,US0079031078,AMD,2027-12-17,put,70.0,1.86,1.53,2.19,0.709963837890625,1,2164
2026-05-02,US0079031078,AMD,2027-12-17,put,75.0,2.28,2.0,2.35,0.7005645178222657,1,1186
2026-05-02,US0079031078,AMD,2027-12-17,put,80.0,2.48,2.0,2.81,0.6854279504394531,2,417
2026-05-02,US0079031078,AMD,2027-12-17,put,85.0,3.14,2.8,2.98,0.6832307067871095,1,3026
2026-05-02,US0079031078,AMD,2027-12-17,put,90.0,3.32,2.99,3.65,0.676455872192383,4,1471
2026-05-02,US0079031078,AMD,2027-12-17,put,95.0,3.75,2.94,3.85,0.6543003320312502,2,2008
2026-05-02,US0079031078,AMD,2027-12-17,put,100.0,4.2,3.65,4.35,0.653445848388672,4,3458
2026-05-02,US0079031078,AMD,2027-12-17,put,105.0,4.91,4.5,4.9,0.6538120556640626,4,803
2026-05-02,US0079031078,AMD,2027-12-17,put,110.0,5.5,4.7,5.75,0.6469761865234375,9,794
2026-05-02,US0079031078,AMD,2027-12-17,put,115.0,6.1,5.5,6.1,0.6408727319335938,1,2237
2026-05-02,US0079031078,AMD,2027-12-17,put,120.0,6.85,6.3,6.95,0.6404454901123047,4,2434
2026-05-02,US0079031078,AMD,2027-12-17,put,125.0,7.25,6.65,7.5,0.6297034100341796,1,712
2026-05-02,US0079031078,AMD,2027-12-17,put,130.0,8.05,7.85,8.6,0.6344946218872071,1,8495
2026-05-02,US0079031078,AMD,2027-12-17,put,135.0,8.9,8.7,9.15,0.6281165118408205,1,2106
2026-05-02,US0079031078,AMD,2027-12-17,put,140.0,10.1,9.55,10.1,0.6250953018188478,2,2422
2026-05-02,US0079031078,AMD,2027-12-17,put,145.0,10.65,9.5,10.95,0.6122475299072268,1,598
2026-05-02,US0079031078,AMD,2027-12-17,put,150.0,11.65,10.95,12.3,0.6168861553955078,1,2292
2026-05-02,US0079031078,AMD,2027-12-17,put,155.0,12.3,11.55,12.95,0.6074563180541993,11,572
2026-05-02,US0079031078,AMD,2027-12-17,put,160.0,13.8,13.05,14.0,0.6079751116943359,112,1260
2026-05-02,US0079031078,AMD,2027-12-17,put,165.0,14.88,14.45,15.1,0.607151145324707,14,2153
2026-05-02,US0079031078,AMD,2027-12-17,put,170.0,16.05,15.4,16.8,0.6065560585021974,16,1667
2026-05-02,US0079031078,AMD,2027-12-17,put,175.0,17.02,16.8,17.55,0.6019174330139163,226,1969
2026-05-02,US0079031078,AMD,2027-12-17,put,180.0,18.3,17.8,19.35,0.6009561389160158,3,1474
2026-05-02,US0079031078,AMD,2027-12-17,put,185.0,20.5,19.6,20.15,0.5981485498046876,1,910
2026-05-02,US0079031078,AMD,2027-12-17,put,190.0,21.2,20.75,22.1,0.5977213079833985,17,914
2026-05-02,US0079031078,AMD,2027-12-17,put,195.0,23.18,21.9,23.15,0.5916636293029787,8,504
2026-05-02,US0079031078,AMD,2027-12-17,put,200.0,24.5,23.45,24.85,0.5910075079345705,2,3293
2026-05-02,US0079031078,AMD,2027-12-17,put,210.0,27.99,26.55,27.75,0.5855296574401854,9,1394
2026-05-02,US0079031078,AMD,2027-12-17,put,220.0,30.75,30.15,31.35,0.5841106042480468,8,1219
2026-05-02,US0079031078,AMD,2027-12-17,put,230.0,34.31,33.25,34.65,0.5773052523803711,6,2879
2026-05-02,US0079031078,AMD,2027-12-17,put,240.0,39.2,37.7,39.3,0.5805706005859376,10,644
2026-05-02,US0079031078,AMD,2027-12-17,put,250.0,42.3,41.1,42.4,0.5714611946105959,28,2013
2026-05-02,US0079031078,AMD,2027-12-17,put,260.0,47.95,45.3,47.5,0.5721478332519532,2,125
2026-05-02,US0079031078,AMD,2027-12-17,put,270.0,52.15,49.55,51.1,0.5659680854797364,1,438
2026-05-02,US0079031078,AMD,2027-12-17,put,280.0,56.6,54.55,55.8,0.5652967054748537,4,870
2026-05-02,US0079031078,AMD,2027-12-17,put,290.0,60.22,58.8,60.45,0.5606428213500977,2,99
2026-05-02,US0079031078,AMD,2027-12-17,put,300.0,65.25,64.05,65.35,0.5591016990661621,61,454
2026-05-02,US0079031078,AMD,2027-12-17,put,310.0,71.63,68.75,70.55,0.5556837644958497,2,450
2026-05-02,US0079031078,AMD,2027-12-17,put,320.0,75.3,74.15,76.65,0.556294109954834,4,126
2026-05-02,US0079031078,AMD,2027-12-17,put,330.0,83.65,80.0,81.3,0.5527846235656739,31,645
2026-05-02,US0079031078,AMD,2027-12-17,put,340.0,87.21,84.95,87.8,0.551258759918213,1,51
2026-05-02,US0079031078,AMD,2027-12-17,put,350.0,91.9,91.0,93.2,0.5488326367187502,6,100
2026-05-02,US0079031078,AMD,2027-12-17,put,360.0,109.07,96.9,99.6,0.548054446258545,3,71
2026-05-02,US0079031078,AMD,2027-12-17,put,370.0,104.27,102.6,104.8,0.5424468973541261,4,363
2026-05-02,US0079031078,AMD,2027-12-17,put,380.0,113.15,108.75,111.95,0.5429428030395509,1,33
2026-05-02,US0079031078,AMD,2027-12-17,put,390.0,117.0,115.05,117.4,0.5383041775512697,2,81
2026-05-02,US0079031078,AMD,2027-12-17,put,400.0,123.55,121.5,124.95,0.5392578423309328,10,77
2026-05-02,US0079031078,AMD,2027-12-17,put,410.0,198.75,128.15,130.5,0.5345200357055665,2,70
2026-05-02,US0079031078,AMD,2027-12-17,put,420.0,143.8,134.95,137.65,0.5339630954742431,1,380
2026-05-02,US0079031078,AMD,2027-12-17,put,430.0,223.55,141.9,144.25,0.5316666706848145,2,149
2026-05-02,US0079031078,AMD,2027-12-17,put,440.0,158.77,148.8,152.2,0.532307533416748,1,606
2026-05-02,US0079031078,AMD,2027-12-17,put,450.0,189.25,155.95,158.4,0.5282563654327393,2,489
2026-05-02,US0079031078,AMD,2027-12-17,put,460.0,262.75,202.35,205.8,0.7443568045043946,6,50
2026-05-02,US0079031078,AMD,2027-12-17,put,470.0,188.85,170.2,173.0,0.5243272665405273,2,162
2026-05-02,US0079031078,AMD,2027-12-17,put,480.0,277.12,218.9,222.8,0.7514749584197997,42,20
2026-05-02,US0079031078,AMD,2027-12-17,put,500.0,299.15,0.0,0.0,1.0000000000000003e-05,1,0
2026-05-02,US0079031078,AMD,2027-12-17,put,510.0,269.0,306.3,310.2,1.1160246225357053,,10
2026-05-02,US0079031078,AMD,2027-12-17,put,530.0,268.3,215.9,219.35,0.5152483778381347,5,5
2026-05-02,US0079031078,AMD,2027-12-17,put,540.0,235.0,223.8,227.25,0.5133563069152831,2,1
2026-05-02,US0079031078,AMD,2027-12-17,put,550.0,241.75,231.8,235.25,0.5115939344024659,4,2
2026-05-02,US0079031078,AMD,2027-12-17,put,580.0,264.75,256.2,259.6,0.5059177216339111,2,22
2026-05-02,US0079031078,AMD,2027-12-17,put,590.0,275.35,264.45,267.85,0.5039417282104492,4,2
2026-05-02,US0079031078,AMD,2027-12-17,put,600.0,283.1,272.75,276.15,0.5018512950134277,57,32
2026-05-02,US0079031078,AMD,2028-01-21,call,5.0,348.74,355.1,359.2,2.123051567382812,1,10119
2026-05-02,US0079031078,AMD,2028-01-21,call,10.0,245.0,192.1,197.0,1.0000000000000003e-05,5,107
2026-05-02,US0079031078,AMD,2028-01-21,call,15.0,265.0,345.9,350.0,1.5185570947265623,9,10
2026-05-02,US0079031078,AMD,2028-01-21,call,20.0,240.5,195.1,199.95,1.0000000000000003e-05,,1
2026-05-02,US0079031078,AMD,2028-01-21,call,25.0,229.81,178.5,183.5,1.0000000000000003e-05,2,57
2026-05-02,US0079031078,AMD,2028-01-21,call,30.0,256.79,332.15,336.25,1.2380409191894528,2,3
2026-05-02,US0079031078,AMD,2028-01-21,call,35.0,196.69,184.0,187.9,1.0000000000000003e-05,,43
2026-05-02,US0079031078,AMD,2028-01-21,call,40.0,242.2,323.05,327.15,1.1347699511718752,7,196
2026-05-02,US0079031078,AMD,2028-01-21,call,45.0,237.7,318.55,322.65,1.0955855767822267,7,143
2026-05-02,US0079031078,AMD,2028-01-21,call,50.0,156.1,0.0,0.0,1.0000000000000003e-05,30,0
2026-05-02,US0079031078,AMD,2028-01-21,call,55.0,165.94,188.55,192.45,1.0000000000000003e-05,2,142
2026-05-02,US0079031078,AMD,2028-01-21,call,60.0,226.76,305.2,309.3,1.0049488229370116,1,130
2026-05-02,US0079031078,AMD,2028-01-21,call,65.0,140.4,300.8,304.9,0.9807130834960938,1,5
2026-05-02,US0079031078,AMD,2028-01-21,call,70.0,202.72,140.65,144.05,1.0000000000000003e-05,1,248
2026-05-02,US0079031078,AMD,2028-01-21,call,75.0,231.17,292.1,296.2,0.9392706268310547,1,101
2026-05-02,US0079031078,AMD,2028-01-21,call,80.0,274.0,287.8,291.9,0.9212044012451173,1,99
2026-05-02,US0079031078,AMD,2028-01-21,call,85.0,155.7,283.55,287.65,0.9050302465820312,3,150
2026-05-02,US0079031078,AMD,2028-01-21,call,90.0,279.6,279.35,283.45,0.890504024658203,1,258
2026-05-02,US0079031078,AMD,2028-01-21,call,95.0,172.23,275.15,279.3,0.8767102172851562,3,131
2026-05-02,US0079031078,AMD,2028-01-21,call,100.0,263.5,271.45,274.95,0.8663953790283203,1,1203
2026-05-02,US0079031078,AMD,2028-01-21,call,105.0,242.2,267.35,270.75,0.853242434387207,1,399
2026-05-02,US0079031078,AMD,2028-01-21,call,110.0,259.6,263.3,266.4,0.8392044888305664,5,253
2026-05-02,US0079031078,AMD,2028-01-21,call,115.0,255.7,259.3,262.8,0.8329484478759763,16,229
2026-05-02,US0079031078,AMD,2028-01-21,call,120.0,251.0,255.35,258.45,0.81991757232666,17,197
2026-05-02,US0079031078,AMD,2028-01-21,call,125.0,254.0,251.5,254.55,0.8117694604492187,3,300
2026-05-02,US0079031078,AMD,2028-01-21,call,130.0,242.25,247.65,250.7,0.8037434176635742,1,257
2026-05-02,US0079031078,AMD,2028-01-21,call,135.0,238.75,243.75,246.9,0.795503753967285,10,131
2026-05-02,US0079031078,AMD,2028-01-21,call,140.0,234.75,240.0,243.1,0.7881796084594727,18,283
2026-05-02,US0079031078,AMD,2028-01-21,call,145.0,232.4,236.3,239.4,0.7816641706848146,25,172
2026-05-02,US0079031078,AMD,2028-01-21,call,150.0,228.09,232.65,235.75,0.7755454574584962,3,968
2026-05-02,US0079031078,AMD,2028-01-21,call,155.0,220.0,229.0,232.15,0.7694420028686525,6,201
2026-05-02,US0079031078,AMD,2028-01-21,call,160.0,224.82,225.05,228.6,0.7615380291748048,5,362
2026-05-02,US0079031078,AMD,2028-01-21,call,165.0,216.03,221.95,225.1,0.758913543701172,3,181
2026-05-02,US0079031078,AMD,2028-01-21,call,170.0,184.6,218.5,222.05,0.7563806100463868,2,744
2026-05-02,US0079031078,AMD,2028-01-21,call,175.0,213.51,215.1,218.65,0.7517114672851561,3,428
2026-05-02,US0079031078,AMD,2028-01-21,call,180.0,213.8,211.75,215.3,0.7473017213439943,3,428
2026-05-02,US0079031078,AMD,2028-01-21,call,185.0,204.16,208.45,212.0,0.7431055963134765,1,130
2026-05-02,US0079031078,AMD,2028-01-21,call,190.0,185.42,205.2,208.75,0.739138350830078,1,453
2026-05-02,US0079031078,AMD,2028-01-21,call,195.0,204.36,202.0,205.35,0.73437765625,2,562
2026-05-02,US0079031078,AMD,2028-01-21,call,200.0,199.95,198.85,202.4,0.7317836880493164,43,4284
2026-05-02,US0079031078,AMD,2028-01-21,call,210.0,192.35,192.7,195.85,0.7233456620788574,23,628
2026-05-02,US0079031078,AMD,2028-01-21,call,220.0,187.98,186.75,189.9,0.7174710870361327,5,1092
2026-05-02,US0079031078,AMD,2028-01-21,call,230.0,182.17,181.0,184.15,0.7122068574523928,8,1212
2026-05-02,US0079031078,AMD,2028-01-21,call,240.0,175.08,175.45,178.55,0.707308835144043,14,1269
2026-05-02,US0079031078,AMD,2028-01-21,call,250.0,171.0,170.05,173.1,0.7025633992004396,19,4363
2026-05-02,US0079031078,AMD,2028-01-21,call,260.0,167.0,164.8,168.0,0.6987487400817871,7,2671
2026-05-02,US0079031078,AMD,2028-01-21,call,270.0,158.85,159.75,162.9,0.6946899427795412,1,715
2026-05-02,US0079031078,AMD,2028-01-21,call,280.0,154.06,154.95,158.05,0.6915161463928223,3,480
2026-05-02,US0079031078,AMD,2028-01-21,call,290.0,150.1,150.15,153.35,0.6879914013671876,5,754
2026-05-02,US0079031078,AMD,2028-01-21,call,300.0,146.33,145.65,148.8,0.6851380363464354,55,3323
2026-05-02,US0079031078,AMD,2028-01-21,call,310.0,140.6,141.25,144.4,0.6823151885986329,5,911
2026-05-02,US0079031078,AMD,2028-01-21,call,320.0,138.28,137.15,140.2,0.680316307220459,8,761
2026-05-02,US0079031078,AMD,2028-01-21,call,330.0,134.5,133.05,136.1,0.6778901840209962,17,403
2026-05-02,US0079031078,AMD,2028-01-21,call,340.0,129.53,129.05,131.85,0.6746248358154299,6,509
2026-05-02,US0079031078,AMD,2028-01-21,call,350.0,125.88,125.2,128.45,0.6737093176269533,16,1719
2026-05-02,US0079031078,AMD,2028-01-21,call,360.0,122.95,121.65,124.75,0.672122419433594,15,337
2026-05-02,US0079031078,AMD,2028-01-21,call,370.0,118.1,118.4,120.95,0.6705050039672852,4,224
2026-05-02,US0079031078,AMD,2028-01-21,call,380.0,116.0,114.55,117.75,0.6683077603149415,27,466
2026-05-02,US0079031078,AMD,2028-01-21,call,390.0,110.95,111.25,114.6,0.6672549143981936,152,445
2026-05-02,US0079031078,AMD,2028-01-21,call,400.0,109.68,108.25,110.9,0.6649584896087648,57,1986
2026-05-02,US0079031078,AMD,2028-01-21,call,410.0,105.0,105.15,108.3,0.6649279723358156,5,1193
2026-05-02,US0079031078,AMD,2028-01-21,call,420.0,101.61,102.1,105.4,0.6636996520996095,17,551
2026-05-02,US0079031078,AMD,2028-01-21,call,430.0,99.5,99.3,102.3,0.6621280125427247,4,285
2026-05-02,US0079031078,AMD,2028-01-21,call,440.0,97.15,96.5,99.8,0.6617312879943849,26,478
2026-05-02,US0079031078,AMD,2028-01-21,call,450.0,90.6,94.05,97.15,0.6614261152648928,51,1917
2026-05-02,US0079031078,AMD,2028-01-21,call,460.0,92.41,91.25,95.0,0.6610904252624512,5,1360
2026-05-02,US0079031078,AMD,2028-01-21,call,470.0,89.6,89.0,91.7,0.6587405952453613,9,182
2026-05-02,US0079031078,AMD,2028-01-21,call,480.0,84.3,86.5,89.9,0.6593433113861085,250,1038
2026-05-02,US0079031078,AMD,2028-01-21,call,490.0,81.72,84.4,87.55,0.6591678370666505,2,418
2026-05-02,US0079031078,AMD,2028-01-21,call,500.0,83.52,82.1,85.0,0.6575580509185792,294,2114
2026-05-02,US0079031078,AMD,2028-01-21,call,510.0,76.51,79.95,83.2,0.6579852927398682,2,356
2026-05-02,US0079031078,AMD,2028-01-21,call,520.0,65.65,78.15,81.25,0.65860326751709,1,588
2026-05-02,US0079031078,AMD,2028-01-21,call,530.0,76.38,75.9,78.95,0.6567722311401368,2,3494
2026-05-02,US0079031078,AMD,2028-01-21,call,540.0,75.4,74.35,77.4,0.6584735691070558,7,19
2026-05-02,US0079031078,AMD,2028-01-21,call,550.0,72.73,72.0,75.5,0.656825636367798,5,41
2026-05-02,US0079031078,AMD,2028-01-21,call,560.0,69.9,71.0,73.2,0.6574054645538331,1,22
2026-05-02,US0079031078,AMD,2028-01-21,call,570.0,52.2,68.9,71.75,0.6570316279602051,1,143
2026-05-02,US0079031078,AMD,2028-01-21,call,580.0,56.0,66.9,69.8,0.6553302899932864,5,3
2026-05-02,US0079031078,AMD,2028-01-21,call,590.0,46.51,66.0,68.45,0.6578937409210205,27,48
2026-05-02,US0079031078,AMD,2028-01-21,call,600.0,65.0,63.45,66.3,0.653644210662842,3,346
2026-05-02,US0079031078,AMD,2028-01-21,put,5.0,0.04,0.01,0.06,1.15234798828125,20,305
2026-05-02,US0079031078,AMD,2028-01-21,put,10.0,0.07,0.0,0.0,0.500005,2,0
2026-05-02,US0079031078,AMD,2028-01-21,put,15.0,0.1,0.0,0.0,0.500005,2,0
2026-05-02,US0079031078,AMD,2028-01-21,put,20.0,0.01,0.0,0.72,0.9672854833984376,5,38
2026-05-02,US0079031078,AMD,2028-01-21,put,25.0,0.27,0.1,0.55,0.8740246972656249,3,204
2026-05-02,US0079031078,AMD,2028-01-21,put,30.0,0.65,0.1,0.75,0.8398453515625,1,45
2026-05-02,US0079031078,AMD,2028-01-21,put,35.0,0.82,0.0,0.0,0.2500075,1,0
2026-05-02,US0079031078,AMD,2028-01-21,put,40.0,0.99,0.01,1.2,0.7753928710937501,1,122
2026-05-02,US0079031078,AMD,2028-01-21,put,45.0,1.45,0.0,0.0,0.2500075,1,0
2026-05-02,US0079031078,AMD,2028-01-21,put,50.0,1.0,0.48,1.25,0.7321804125976561,1,88
2026-05-02,US0079031078,AMD,2028-01-21,put,55.0,1.6,0.81,1.7,0.7392604199218749,1,65
2026-05-02,US0079031078,AMD,2028-01-21,put,60.0,1.5,1.11,1.77,0.7213162634277344,2,67
2026-05-02,US0079031078,AMD,2028-01-21,put,65.0,1.74,1.37,1.93,0.7055693505859376,1,63
2026-05-02,US0079031078,AMD,2028-01-21,put,70.0,2.16,1.72,2.35,0.7015410705566407,55,49
2026-05-02,US0079031078,AMD,2028-01-21,put,75.0,2.17,1.83,3.15,0.6989776196289064,1,52
2026-05-02,US0079031078,AMD,2028-01-21,put,80.0,6.56,2.28,3.0,0.6785920812988282,15,247
2026-05-02,US0079031078,AMD,2028-01-21,put,85.0,4.47,2.83,3.25,0.671023797607422,10,803
2026-05-02,US0079031078,AMD,2028-01-21,put,90.0,3.42,3.05,4.2,0.670047244873047,2,73
2026-05-02,US0079031078,AMD,2028-01-21,put,95.0,5.3,3.6,4.2,0.6554599884033205,1,43
2026-05-02,US0079031078,AMD,2028-01-21,put,100.0,4.52,4.5,5.1,0.6623568920898439,64,1206
2026-05-02,US0079031078,AMD,2028-01-21,put,105.0,5.35,4.6,5.3,0.6432530792236328,1,807
2026-05-02,US0079031078,AMD,2028-01-21,put,110.0,5.8,5.2,5.9,0.6381261773681641,1,2147
2026-05-02,US0079031078,AMD,2028-01-21,put,115.0,6.7,6.0,6.65,0.6367223828125,1,207
2026-05-02,US0079031078,AMD,2028-01-21,put,120.0,7.3,6.65,7.45,0.6327551373291016,2,1270
2026-05-02,US0079031078,AMD,2028-01-21,put,125.0,8.86,7.05,8.2,0.6245765081787109,1,370
2026-05-02,US0079031078,AMD,2028-01-21,put,130.0,8.37,8.35,9.1,0.627078924560547,1,6745
2026-05-02,US0079031078,AMD,2028-01-21,put,135.0,9.3,9.05,9.65,0.6187782263183594,1,289
2026-05-02,US0079031078,AMD,2028-01-21,put,140.0,10.3,10.35,10.6,0.6194190890502932,22,2757
2026-05-02,US0079031078,AMD,2028-01-21,put,145.0,11.8,10.5,11.5,0.6085854571533205,31,443
2026-05-02,US0079031078,AMD,2028-01-21,put,150.0,12.07,11.7,12.7,0.6088906298828126,1,2884
2026-05-02,US0079031078,AMD,2028-01-21,put,155.0,13.97,12.55,13.6,0.6031838998413087,42,385
2026-05-02,US0079031078,AMD,2028-01-21,put,160.0,15.15,14.0,14.85,0.6040383834838869,29,2113
2026-05-02,US0079031078,AMD,2028-01-21,put,165.0,16.4,14.8,15.9,0.59805699798584,132,713
2026-05-02,US0079031078,AMD,2028-01-21,put,170.0,17.02,16.4,17.6,0.6013528634643556,20,2277
2026-05-02,US0079031078,AMD,2028-01-21,put,175.0,18.75,17.25,18.5,0.5938150970458984,32,877
2026-05-02,US0079031078,AMD,2028-01-21,put,180.0,20.2,19.0,20.45,0.5979044116210939,5,3094
2026-05-02,US0079031078,AMD,2028-01-21,put,185.0,20.99,20.25,21.2,0.5911448356628419,5,158
2026-05-02,US0079031078,AMD,2028-01-21,put,190.0,23.16,21.9,23.5,0.595005270690918,1,816
2026-05-02,US0079031078,AMD,2028-01-21,put,195.0,23.99,23.25,24.2,0.5878489701843261,4,1270
2026-05-02,US0079031078,AMD,2028-01-21,put,200.0,25.4,25.4,25.95,0.59004621383667,13,4567
2026-05-02,US0079031078,AMD,2028-01-21,put,210.0,30.48,27.6,28.95,0.5798687033081055,5,844
2026-05-02,US0079031078,AMD,2028-01-21,put,220.0,32.14,31.2,33.4,0.5816387051391602,7,875
2026-05-02,US0079031078,AMD,2028-01-21,put,230.0,38.11,34.7,36.8,0.5763897341918945,10,1050
2026-05-02,US0079031078,AMD,2028-01-21,put,240.0,39.9,39.0,40.25,0.573292230987549,13,1613
2026-05-02,US0079031078,AMD,2028-01-21,put,250.0,43.6,42.6,44.25,0.5682568809509276,203,2231
2026-05-02,US0079031078,AMD,2028-01-21,put,260.0,47.91,47.0,48.25,0.5650525672912599,104,602
2026-05-02,US0079031078,AMD,2028-01-21,put,270.0,52.2,51.65,52.75,0.5632825654602052,1,436
2026-05-02,US0079031078,AMD,2028-01-21,put,280.0,58.6,55.8,58.6,0.5631910136413574,8,722
2026-05-02,US0079031078,AMD,2028-01-21,put,290.0,62.89,60.65,62.25,0.5568815674591067,1,144
2026-05-02,US0079031078,AMD,2028-01-21,put,300.0,67.5,65.85,67.4,0.5556837644958497,98,464
2026-05-02,US0079031078,AMD,2028-01-21,put,310.0,71.6,70.35,72.35,0.5506178971862794,5,113
2026-05-02,US0079031078,AMD,2028-01-21,put,320.0,76.88,76.3,78.0,0.5512663892364503,2,656
2026-05-02,US0079031078,AMD,2028-01-21,put,330.0,84.67,81.35,83.25,0.5470168589782716,23,227
2026-05-02,US0079031078,AMD,2028-01-21,put,340.0,91.75,86.85,89.55,0.5463607376098634,22,151
2026-05-02,US0079031078,AMD,2028-01-21,put,350.0,94.71,93.05,94.7,0.5435378898620606,3,1258
2026-05-02,US0079031078,AMD,2028-01-21,put,360.0,100.58,98.55,101.65,0.5430572428131104,5,141
2026-05-02,US0079031078,AMD,2028-01-21,put,370.0,110.0,104.95,106.8,0.53926547164917,1,127
2026-05-02,US0079031078,AMD,2028-01-21,put,380.0,115.0,111.05,113.25,0.5375488750457765,25,134
2026-05-02,US0079031078,AMD,2028-01-21,put,390.0,127.25,117.2,119.55,0.5348557257080078,14,135
2026-05-02,US0079031078,AMD,2028-01-21,put,400.0,126.2,123.65,125.9,0.5324448611450195,1,107
2026-05-02,US0079031078,AMD,2028-01-21,put,410.0,176.08,130.9,132.5,0.532208352279663,2,114
2026-05-02,US0079031078,AMD,2028-01-21,put,420.0,144.25,137.6,139.95,0.53213205909729,2,138
2026-05-02,US0079031078,AMD,2028-01-21,put,430.0,160.35,144.3,146.2,0.5282563654327393,2,67
2026-05-02,US0079031078,AMD,2028-01-21,put,440.0,151.88,151.35,153.35,0.5271272263336182,2,231
2026-05-02,US0079031078,AMD,2028-01-21,put,450.0,162.8,157.95,160.3,0.523716921081543,25,748
2026-05-02,US0079031078,AMD,2028-01-21,put,460.0,173.3,165.65,168.2,0.5251817501831054,10,165
2026-05-02,US0079031078,AMD,2028-01-21,put,470.0,226.74,172.9,175.3,0.5228166615295411,2,42
2026-05-02,US0079031078,AMD,2028-01-21,put,480.0,221.25,180.2,183.2,0.5222063160705566,2,35
2026-05-02,US0079031078,AMD,2028-01-21,put,490.0,217.2,187.0,189.6,0.5157824301147461,2,3
2026-05-02,US0079031078,AMD,2028-01-21,put,500.0,209.9,194.55,198.3,0.5169954917144777,2,71
2026-05-02,US0079031078,AMD,2028-01-21,put,510.0,234.25,202.35,205.85,0.515355188293457,,1
2026-05-02,US0079031078,AMD,2028-01-21,put,520.0,211.87,210.1,213.6,0.5136614796447754,4,13
2026-05-02,US0079031078,AMD,2028-01-21,put,530.0,234.5,217.9,221.35,0.5116625982666017,2,34
2026-05-02,US0079031078,AMD,2028-01-21,put,540.0,227.14,225.75,229.2,0.5096484582519532,2,1
2026-05-02,US0079031078,AMD,2028-01-21,put,560.0,243.74,241.75,245.0,0.5054447039031981,2,23
2026-05-02,US0079031078,AMD,2028-01-21,put,570.0,251.9,249.85,253.3,0.5041400904846192,10,10
2026-05-02,US0079031078,AMD,2028-01-21,put,590.0,268.15,266.25,269.7,0.5003712072753908,2,13
2026-05-02,US0079031078,AMD,2028-01-21,put,600.0,285.3,274.55,277.95,0.5082522930145265,58,44
2026-05-02,US0079031078,AMD,2028-06-16,call,5.0,355.0,355.0,360.0,2.032231481933594,4,7
2026-05-02,US0079031078,AMD,2028-06-16,call,80.0,278.78,290.0,295.0,0.8963023065185545,2,1
2026-05-02,US0079031078,AMD,2028-06-16,call,85.0,264.97,286.0,291.0,0.8830578100585937,1,3
2026-05-02,US0079031078,AMD,2028-06-16,call,90.0,278.16,282.0,287.0,0.8699048654174805,2,1
2026-05-02,US0079031078,AMD,2028-06-16,call,100.0,260.36,274.5,279.0,0.8487869125366211,1,1
2026-05-02,US0079031078,AMD,2028-06-16,call,110.0,244.13,266.65,271.2,0.8261736132812498,2,1
2026-05-02,US0079031078,AMD,2028-06-16,call,115.0,181.15,263.0,267.3,0.8171710177612304,2,3
2026-05-02,US0079031078,AMD,2028-06-16,call,120.0,245.69,259.2,263.5,0.8076801458740235,1,3
2026-05-02,US0079031078,AMD,2028-06-16,call,125.0,174.85,255.55,260.0,0.8013935876464844,,1
2026-05-02,US0079031078,AMD,2028-06-16,call,140.0,184.46,245.0,249.4,0.7828390856933594,7,1
2026-05-02,US0079031078,AMD,2028-06-16,call,145.0,237.08,241.5,245.75,0.7755454574584962,2,4
2026-05-02,US0079031078,AMD,2028-06-16,call,150.0,237.9,238.0,242.35,0.769609847869873,10,4
2026-05-02,US0079031078,AMD,2028-06-16,call,155.0,230.25,234.6,239.0,0.7643151010131836,2,4
2026-05-02,US0079031078,AMD,2028-06-16,call,160.0,225.41,231.3,235.85,0.7604088900756837,22,9
2026-05-02,US0079031078,AMD,2028-06-16,call,165.0,222.39,228.0,232.5,0.7551294018554688,2,2
2026-05-02,US0079031078,AMD,2028-06-16,call,170.0,221.17,225.0,229.5,0.7529626754760742,14,5
2026-05-02,US0079031078,AMD,2028-06-16,call,175.0,224.02,221.65,226.0,0.7462183581542969,2,10
2026-05-02,US0079031078,AMD,2028-06-16,call,180.0,214.95,218.55,222.95,0.7427393890380858,10,9
2026-05-02,US0079031078,AMD,2028-06-16,call,190.0,207.49,212.5,216.5,0.7340724835205077,11,7
2026-05-02,US0079031078,AMD,2028-06-16,call,195.0,206.08,209.5,213.5,0.7305629971313475,6,5
2026-05-02,US0079031078,AMD,2028-06-16,call,200.0,183.85,206.6,210.5,0.7272366143798827,4,22
2026-05-02,US0079031078,AMD,2028-06-16,call,210.0,191.75,201.0,205.0,0.7227810925292968,36,19
2026-05-02,US0079031078,AMD,2028-06-16,call,220.0,190.96,195.35,199.5,0.7171201383972168,2,29
2026-05-02,US0079031078,AMD,2028-06-16,call,230.0,186.28,190.05,194.0,0.711962719268799,17,25
2026-05-02,US0079031078,AMD,2028-06-16,call,240.0,186.43,184.9,188.65,0.7070723262786865,3,42
2026-05-02,US0079031078,AMD,2028-06-16,call,250.0,173.29,179.9,183.75,0.7035094346618653,2,50
2026-05-02,US0079031078,AMD,2028-06-16,call,260.0,172.64,175.05,179.0,0.7001601639556885,2,18
2026-05-02,US0079031078,AMD,2028-06-16,call,270.0,165.44,170.4,174.5,0.6975280491638185,2,30
2026-05-02,US0079031078,AMD,2028-06-16,call,280.0,168.0,165.85,170.0,0.6944534339141847,2,32
2026-05-02,US0079031078,AMD,2028-06-16,call,290.0,136.95,161.5,165.5,0.6913177841186525,2,21
2026-05-02,US0079031078,AMD,2028-06-16,call,300.0,153.64,157.25,161.0,0.6878540736389163,1,33
2026-05-02,US0079031078,AMD,2028-06-16,call,310.0,148.75,153.2,157.0,0.6858704508972169,1,52
2026-05-02,US0079031078,AMD,2028-06-16,call,320.0,150.95,149.2,153.0,0.6834138104248049,1,35
2026-05-02,US0079031078,AMD,2028-06-16,call,330.0,147.12,145.4,149.05,0.6811021269989016,2,109
2026-05-02,US0079031078,AMD,2028-06-16,call,340.0,143.53,141.7,145.5,0.679637297897339,54,81
2026-05-02,US0079031078,AMD,2028-06-16,call,350.0,138.58,138.15,141.95,0.6780427703857423,16,56
2026-05-02,US0079031078,AMD,2028-06-16,call,360.0,134.9,134.75,138.4,0.6763490617370607,6,35
2026-05-02,US0079031078,AMD,2028-06-16,call,370.0,131.74,131.35,135.15,0.6749681551361086,6,127
2026-05-02,US0079031078,AMD,2028-06-16,call,380.0,124.42,128.1,131.9,0.6735109553527834,10,30
2026-05-02,US0079031078,AMD,2028-06-16,call,390.0,127.32,124.95,128.4,0.671222159881592,30,87
2026-05-02,US0079031078,AMD,2028-06-16,call,400.0,121.67,121.95,125.45,0.6703295296478273,9,184
2026-05-02,US0079031078,AMD,2028-06-16,call,410.0,116.1,119.0,122.8,0.6699099171447755,1,15
2026-05-02,US0079031078,AMD,2028-06-16,call,420.0,118.1,116.15,119.25,0.667064181442261,2,23
2026-05-02,US0079031078,AMD,2028-06-16,call,430.0,112.0,114.25,116.9,0.6692385371398928,2,15
2026-05-02,US0079031078,AMD,2028-06-16,call,440.0,111.0,110.75,115.0,0.6681551739501954,1,74
2026-05-02,US0079031078,AMD,2028-06-16,call,450.0,104.0,108.2,112.5,0.6675829750823976,10,40
2026-05-02,US0079031078,AMD,2028-06-16,call,460.0,98.0,105.7,110.5,0.6680254755401612,13,14
2026-05-02,US0079031078,AMD,2028-06-16,call,470.0,100.38,103.25,107.5,0.6658129732513429,2,43
2026-05-02,US0079031078,AMD,2028-06-16,call,480.0,101.94,102.1,104.95,0.6675524578094484,2,9
2026-05-02,US0079031078,AMD,2028-06-16,call,490.0,90.71,99.8,102.5,0.6664309480285648,2,10
2026-05-02,US0079031078,AMD,2028-06-16,call,500.0,90.49,97.5,100.35,0.6657519387054445,23,65
2026-05-02,US0079031078,AMD,2028-06-16,call,510.0,89.77,95.1,98.8,0.6659960768890383,1,11
2026-05-02,US0079031078,AMD,2028-06-16,call,520.0,78.35,92.5,97.0,0.6648898257446291,7,6
2026-05-02,US0079031078,AMD,2028-06-16,call,530.0,70.37,91.35,94.1,0.6643634027862552,2,3
2026-05-02,US0079031078,AMD,2028-06-16,call,540.0,90.97,89.5,92.25,0.6644244373321536,75,15
2026-05-02,US0079031078,AMD,2028-06-16,call,550.0,88.42,86.5,90.15,0.6609073216247559,78,15
2026-05-02,US0079031078,AMD,2028-06-16,call,560.0,86.62,85.0,88.7,0.6622805989074709,12,53
2026-05-02,US0079031078,AMD,2028-06-16,call,570.0,79.92,83.0,87.0,0.6616397361755373,4,13
2026-05-02,US0079031078,AMD,2028-06-16,call,580.0,82.5,81.0,85.5,0.661258270263672,25,1
2026-05-02,US0079031078,AMD,2028-06-16,call,590.0,77.0,79.5,83.95,0.6617389173126221,51,31
2026-05-02,US0079031078,AMD,2028-06-16,call,600.0,79.49,78.85,82.0,0.6630893066406252,6,77
2026-05-02,US0079031078,AMD,2028-06-16,put,45.0,1.05,0.01,2.73,0.7504907763671875,3,5
2026-05-02,US0079031078,AMD,2028-06-16,put,50.0,1.3,0.71,2.24,0.7202176416015625,2,4
2026-05-02,US0079031078,AMD,2028-06-16,put,55.0,1.86,0.83,2.73,0.707888663330078,20,22
2026-05-02,US0079031078,AMD,2028-06-16,put,70.0,3.03,2.18,3.75,0.6806672558593752,14,13
2026-05-02,US0079031078,AMD,2028-06-16,put,75.0,3.43,2.65,4.0,0.668094139404297,12,187
2026-05-02,US0079031078,AMD,2028-06-16,put,80.0,4.49,3.1,4.6,0.6618686157226563,14,12
2026-05-02,US0079031078,AMD,2028-06-16,put,85.0,4.53,3.05,5.4,0.6492344647216797,1,4
2026-05-02,US0079031078,AMD,2028-06-16,put,90.0,5.0,4.35,5.55,0.6479527392578125,2,17
2026-05-02,US0079031078,AMD,2028-06-16,put,95.0,6.0,4.7,6.1,0.6369665209960937,15,14
2026-05-02,US0079031078,AMD,2028-06-16,put,100.0,6.6,6.05,7.65,0.6519810192871094,6,91
2026-05-02,US0079031078,AMD,2028-06-16,put,105.0,7.91,6.45,8.35,0.6416966983032227,1,8
2026-05-02,US0079031078,AMD,2028-06-16,put,110.0,7.37,5.9,8.6,0.6156959817504883,7,3
2026-05-02,US0079031078,AMD,2028-06-16,put,115.0,8.96,7.75,9.85,0.6272620281982424,7,7
2026-05-02,US0079031078,AMD,2028-06-16,put,120.0,10.4,8.65,10.9,0.6247596118164063,8,8
2026-05-02,US0079031078,AMD,2028-06-16,put,125.0,11.0,9.6,11.1,0.614261669921875,2,8
2026-05-02,US0079031078,AMD,2028-06-16,put,135.0,18.35,10.9,12.95,0.6003457934570313,,1
2026-05-02,US0079031078,AMD,2028-06-16,put,140.0,14.1,12.7,14.2,0.6042214871215822,112,70
2026-05-02,US0079031078,AMD,2028-06-16,put,145.0,14.35,12.55,15.05,0.5899394033813478,1,13
2026-05-02,US0079031078,AMD,2028-06-16,put,150.0,15.69,15.3,16.65,0.6009866561889651,28,13
2026-05-02,US0079031078,AMD,2028-06-16,put,155.0,18.23,16.4,17.85,0.5969431175231934,12,18
2026-05-02,US0079031078,AMD,2028-06-16,put,160.0,18.97,17.25,20.95,0.602512519836426,24,60
2026-05-02,US0079031078,AMD,2028-06-16,put,170.0,22.08,20.35,22.7,0.5932352688598633,2,3
2026-05-02,US0079031078,AMD,2028-06-16,put,180.0,24.41,22.9,24.55,0.5805553419494629,1,23
2026-05-02,US0079031078,AMD,2028-06-16,put,185.0,26.54,24.8,26.15,0.5804637901306153,1,4
2026-05-02,US0079031078,AMD,2028-06-16,put,190.0,35.12,25.8,28.05,0.5769390451049804,1,3
2026-05-02,US0079031078,AMD,2028-06-16,put,195.0,30.91,26.9,29.5,0.5715069705200196,8,10
2026-05-02,US0079031078,AMD,2028-06-16,put,200.0,33.89,29.45,31.65,0.5755352505493164,25,34
2026-05-02,US0079031078,AMD,2028-06-16,put,210.0,35.28,32.9,34.8,0.5696454168701173,2,2
2026-05-02,US0079031078,AMD,2028-06-16,put,220.0,42.42,36.75,38.85,0.5678143804931641,33,65
2026-05-02,US0079031078,AMD,2028-06-16,put,230.0,45.85,39.75,42.5,0.559849372253418,3,24
2026-05-02,US0079031078,AMD,2028-06-16,put,240.0,50.75,44.6,47.3,0.5619092881774903,2,47
2026-05-02,US0079031078,AMD,2028-06-16,put,250.0,53.33,49.45,51.0,0.5586134226989747,1,48
2026-05-02,US0079031078,AMD,2028-06-16,put,260.0,57.35,53.85,56.5,0.5587660090637208,8,12
2026-05-02,US0079031078,AMD,2028-06-16,put,270.0,59.21,57.55,60.25,0.5498931119537356,5,64
2026-05-02,US0079031078,AMD,2028-06-16,put,280.0,63.9,62.35,67.0,0.5531203135681153,7,11
2026-05-02,US0079031078,AMD,2028-06-16,put,290.0,74.0,68.4,70.15,0.548077334213257,2,15
2026-05-02,US0079031078,AMD,2028-06-16,put,300.0,75.14,73.6,76.6,0.5494429821777345,33,118
2026-05-02,US0079031078,AMD,2028-06-16,put,310.0,79.95,77.95,80.7,0.5407608180236818,5,0
2026-05-02,US0079031078,AMD,2028-06-16,put,320.0,87.72,84.05,87.1,0.5427978459930421,3,5
2026-05-02,US0079031078,AMD,2028-06-16,put,330.0,93.28,89.95,91.8,0.5387771952819824,1,21
2026-05-02,US0079031078,AMD,2028-06-16,put,340.0,97.25,95.3,98.8,0.5387771952819824,2,2
2026-05-02,US0079031078,AMD,2028-06-16,put,350.0,102.87,100.9,103.55,0.53281106842041,6,9
2026-05-02,US0079031078,AMD,2028-06-16,put,360.0,108.47,106.95,110.8,0.533909690246582,5,2
2026-05-02,US0079031078,AMD,2028-06-16,put,370.0,114.21,113.8,115.75,0.5305070143127442,5,20
2026-05-02,US0079031078,AMD,2028-06-16,put,380.0,124.34,120.1,123.2,0.5314377911376953,3,40
2026-05-02,US0079031078,AMD,2028-06-16,put,390.0,126.95,125.55,128.45,0.5241746801757812,71,4
2026-05-02,US0079031078,AMD,2028-06-16,put,400.0,144.1,132.5,135.25,0.5239610592651367,20,10
2026-05-02,US0079031078,AMD,2028-06-16,put,410.0,171.7,138.95,142.65,0.523442265625,2,2
2026-05-02,US0079031078,AMD,2028-06-16,put,470.0,220.63,181.0,184.0,0.5108767784881593,,1
2026-05-02,US0079031078,AMD,2028-06-16,put,500.0,210.18,203.5,207.4,0.5088550091552735,10,12
2026-05-02,US0079031078,AMD,2028-06-16,put,540.0,234.51,234.0,237.7,0.5089236730194092,26,1
2026-05-02,US0079031078,AMD,2028-06-16,put,550.0,242.51,241.8,245.85,0.5085345777893067,22,2
2026-05-02,US0079031078,AMD,2028-06-16,put,570.0,270.45,257.5,261.45,0.5033924172973633,2,1
2026-05-02,US0079031078,AMD,2028-06-16,put,580.0,274.45,265.5,269.75,0.5028125891113282,2,1
2026-05-02,US0079031078,AMD,2028-06-16,put,590.0,276.01,273.5,277.85,0.5009434061431886,2,2
2026-05-02,US0079031078,AMD,2028-06-16,put,600.0,284.55,282.0,286.0,0.499028447265625,44,5
2026-05-02,US0079031078,AMD,2028-12-15,call,5.0,352.45,355.5,360.5,1.986328193359375,1,16799
2026-05-02,US0079031078,AMD,2028-12-15,call,10.0,349.5,351.0,356.0,1.5422386169433593,2,4
2026-05-02,US0079031078,AMD,2028-12-15,call,15.0,276.55,347.0,352.0,1.4060088293457031,3,4
2026-05-02,US0079031078,AMD,2028-12-15,call,20.0,325.23,342.5,347.5,1.2762487359619137,20,11
2026-05-02,US0079031078,AMD,2028-12-15,call,25.0,193.02,216.0,220.9,1.0000000000000003e-05,,4
2026-05-02,US0079031078,AMD,2028-12-15,call,30.0,320.79,334.0,339.0,1.1424603424072266,1,6
2026-05-02,US0079031078,AMD,2028-12-15,call,35.0,316.55,330.0,334.5,1.093937635803223,1,1
2026-05-02,US0079031078,AMD,2028-12-15,call,40.0,317.4,325.5,330.5,1.0524949719238283,1,31
2026-05-02,US0079031078,AMD,2028-12-15,call,45.0,193.15,321.5,326.5,1.0256396374511718,1,2
2026-05-02,US0079031078,AMD,2028-12-15,call,50.0,303.11,317.5,322.0,0.9924317163085938,2,11
2026-05-02,US0079031078,AMD,2028-12-15,call,60.0,230.3,309.5,314.0,0.9491582232666016,1,10
2026-05-02,US0079031078,AMD,2028-12-15,call,65.0,224.95,305.5,310.0,0.9293219958496093,1,6
2026-05-02,US0079031078,AMD,2028-12-15,call,70.0,244.0,301.5,306.0,0.9105233557128907,5,6
2026-05-02,US0079031078,AMD,2028-12-15,call,75.0,274.62,297.5,302.5,0.8981333428955076,2,6
2026-05-02,US0079031078,AMD,2028-12-15,call,80.0,209.7,293.5,298.5,0.8806469454956053,1,38
2026-05-02,US0079031078,AMD,2028-12-15,call,85.0,269.25,290.0,294.5,0.8687452090454101,15,39
2026-05-02,US0079031078,AMD,2028-12-15,call,90.0,264.77,286.5,291.0,0.8614210635375977,1,51
2026-05-02,US0079031078,AMD,2028-12-15,call,95.0,241.82,282.5,287.0,0.8452774261474607,22,37
2026-05-02,US0079031078,AMD,2028-12-15,call,100.0,272.0,279.0,283.5,0.837770177001953,1,297
2026-05-02,US0079031078,AMD,2028-12-15,call,105.0,274.95,275.5,280.0,0.8299882723999022,1,145
2026-05-02,US0079031078,AMD,2028-12-15,call,110.0,233.23,271.5,276.5,0.8184527432250975,14,258
2026-05-02,US0079031078,AMD,2028-12-15,call,115.0,262.73,268.0,273.0,0.8105487695312499,2,45
2026-05-02,US0079031078,AMD,2028-12-15,call,120.0,257.0,264.5,269.5,0.8025227267456053,7,83
2026-05-02,US0079031078,AMD,2028-12-15,call,125.0,238.09,261.5,266.0,0.797578928527832,4,78
2026-05-02,US0079031078,AMD,2028-12-15,call,130.0,235.0,258.0,262.0,0.7862875375366211,1,108
2026-05-02,US0079031078,AMD,2028-12-15,call,135.0,218.23,254.5,258.6,0.7787039952087402,4,51
2026-05-02,US0079031078,AMD,2028-12-15,call,140.0,246.5,251.5,255.35,0.7746909738159181,1,178
2026-05-02,US0079031078,AMD,2028-12-15,call,145.0,242.7,248.0,252.15,0.7679466564941408,3,116
2026-05-02,US0079031078,AMD,2028-12-15,call,150.0,245.0,245.0,249.0,0.7639641523742677,8,667
2026-05-02,US0079031078,AMD,2028-12-15,call,155.0,244.5,242.0,245.9,0.7599663896179201,50,110
2026-05-02,US0079031078,AMD,2028-12-15,call,160.0,242.44,239.0,242.85,0.7559686268615724,2,185
2026-05-02,US0079031078,AMD,2028-12-15,call,165.0,230.79,236.0,239.85,0.7519861227416992,8,109
2026-05-02,US0079031078,AMD,2028-12-15,call,170.0,228.01,233.0,236.85,0.7477899977111817,93,222
2026-05-02,US0079031078,AMD,2028-12-15,call,175.0,232.57,230.0,233.95,0.7438380108642577,1,175
2026-05-02,US0079031078,AMD,2028-12-15,call,180.0,228.92,227.0,231.0,0.7395045581054687,6,362
2026-05-02,US0079031078,AMD,2028-12-15,call,185.0,225.79,224.0,228.25,0.7358424853515625,2,287
2026-05-02,US0079031078,AMD,2028-12-15,call,190.0,223.13,221.0,225.5,0.7319973089599607,15,359
2026-05-02,US0079031078,AMD,2028-12-15,call,195.0,220.5,218.5,222.75,0.7299831689453125,40,444
2026-05-02,US0079031078,AMD,2028-12-15,call,200.0,217.45,215.5,220.0,0.7257870439147949,11,1204
2026-05-02,US0079031078,AMD,2028-12-15,call,210.0,213.12,210.0,214.8,0.7199887620544434,4,850
2026-05-02,US0079031078,AMD,2028-12-15,call,220.0,207.45,205.0,209.5,0.7149381533813476,2,720
2026-05-02,US0079031078,AMD,2028-12-15,call,230.0,198.12,200.0,204.5,0.7102537519836427,2,591
2026-05-02,US0079031078,AMD,2028-12-15,call,240.0,198.45,195.0,200.0,0.7065687912750245,62,451
2026-05-02,US0079031078,AMD,2028-12-15,call,250.0,193.53,191.0,194.95,0.7036620210266114,541,1568
2026-05-02,US0079031078,AMD,2028-12-15,call,260.0,188.51,186.0,190.35,0.6983977914428713,31,665
2026-05-02,US0079031078,AMD,2028-12-15,call,270.0,183.99,181.5,186.5,0.6964065393829347,11,437
2026-05-02,US0079031078,AMD,2028-12-15,call,280.0,181.06,178.05,182.5,0.6964217980194093,24,354
2026-05-02,US0079031078,AMD,2028-12-15,call,290.0,176.96,174.0,178.5,0.6940490800476073,12,388
2026-05-02,US0079031078,AMD,2028-12-15,call,300.0,173.3,170.1,174.4,0.691279637527466,36,1370
2026-05-02,US0079031078,AMD,2028-12-15,call,310.0,162.55,166.0,170.5,0.6880371772766114,5,570
2026-05-02,US0079031078,AMD,2028-12-15,call,320.0,164.75,163.6,166.95,0.6898376963806154,25,418
2026-05-02,US0079031078,AMD,2028-12-15,call,330.0,161.89,160.15,163.5,0.6885559709167481,31,402
2026-05-02,US0079031078,AMD,2028-12-15,call,340.0,156.1,155.7,160.0,0.6841004490661622,31,426
2026-05-02,US0079031078,AMD,2028-12-15,call,350.0,154.63,152.85,156.5,0.6833909224700929,25,1089
2026-05-02,US0079031078,AMD,2028-12-15,call,360.0,151.37,149.7,153.05,0.6816209206390382,105,280
2026-05-02,US0079031078,AMD,2028-12-15,call,370.0,147.73,145.5,150.0,0.6778749253845215,5,196
2026-05-02,US0079031078,AMD,2028-12-15,call,380.0,146.45,142.95,146.85,0.6776002699279786,7,376
2026-05-02,US0079031078,AMD,2028-12-15,call,390.0,140.64,139.9,142.5,0.6728548339843752,27,255
2026-05-02,US0079031078,AMD,2028-12-15,call,400.0,139.4,137.8,141.1,0.6771196228790285,43,1659
2026-05-02,US0079031078,AMD,2028-12-15,call,410.0,134.73,135.45,138.5,0.6775316060638428,8,155
2026-05-02,US0079031078,AMD,2028-12-15,call,420.0,134.0,132.6,135.55,0.6756319058227541,27,390
2026-05-02,US0079031078,AMD,2028-12-15,call,430.0,125.83,129.75,133.45,0.675403026275635,7,479
2026-05-02,US0079031078,AMD,2028-12-15,call,440.0,123.01,127.15,130.9,0.67442647354126,44,174
2026-05-02,US0079031078,AMD,2028-12-15,call,450.0,125.42,124.0,128.5,0.6722597471618654,508,1089
2026-05-02,US0079031078,AMD,2028-12-15,call,460.0,124.6,121.5,125.7,0.6704134521484376,3,100
2026-05-02,US0079031078,AMD,2028-12-15,call,470.0,114.75,119.35,123.0,0.6693377182769777,3,41
2026-05-02,US0079031078,AMD,2028-12-15,call,480.0,114.65,117.0,121.45,0.6701387966918947,2,419
2026-05-02,US0079031078,AMD,2028-12-15,call,490.0,116.7,115.9,119.2,0.6719011692047121,2,335
2026-05-02,US0079031078,AMD,2028-12-15,call,500.0,114.48,113.3,115.7,0.6673388368988038,47,2582
2026-05-02,US0079031078,AMD,2028-12-15,call,510.0,111.15,112.2,114.4,0.670726254196167,2,31
2026-05-02,US0079031078,AMD,2028-12-15,call,520.0,95.13,109.1,112.8,0.6688265539550782,5,279
2026-05-02,US0079031078,AMD,2028-12-15,call,530.0,108.25,108.1,110.7,0.6702303485107424,2,4
2026-05-02,US0079031078,AMD,2028-12-15,call,540.0,106.85,106.2,108.7,0.6696810375976563,30,33
2026-05-02,US0079031078,AMD,2028-12-15,call,550.0,103.44,104.25,106.75,0.6689409937286378,334,88
2026-05-02,US0079031078,AMD,2028-12-15,call,560.0,101.96,101.9,105.15,0.6679110357666018,578,32
2026-05-02,US0079031078,AMD,2028-12-15,call,570.0,99.97,100.05,103.5,0.667666897583008,168,518
2026-05-02,US0079031078,AMD,2028-12-15,call,580.0,97.93,98.3,101.75,0.6672549143981936,2,9
2026-05-02,US0079031078,AMD,2028-12-15,call,590.0,95.77,96.6,100.0,0.6667818966674807,2,28
2026-05-02,US0079031078,AMD,2028-12-15,call,600.0,96.5,95.4,98.4,0.6675448284912111,25,936
2026-05-02,US0079031078,AMD,2028-12-15,put,5.0,0.1,0.03,0.25,1.091801416015625,2,68
2026-05-02,US0079031078,AMD,2028-12-15,put,10.0,0.28,0.1,2.63,1.2685583447265623,1,110
2026-05-02,US0079031078,AMD,2028-12-15,put,15.0,0.36,0.01,3.4,1.138432042236328,2,22
2026-05-02,US0079031078,AMD,2028-12-15,put,20.0,0.24,0.1,5.0,1.1054732226562503,2,67
2026-05-02,US0079031078,AMD,2028-12-15,put,25.0,0.54,0.1,0.85,0.7460962890625,35,76
2026-05-02,US0079031078,AMD,2028-12-15,put,30.0,0.86,0.01,1.2,0.7158231542968749,7,148
2026-05-02,US0079031078,AMD,2028-12-15,put,35.0,1.55,0.01,2.01,0.7238797143554687,6,37
2026-05-02,US0079031078,AMD,2028-12-15,put,40.0,1.35,1.11,1.65,0.71679970703125,1,129
2026-05-02,US0079031078,AMD,2028-12-15,put,45.0,1.78,1.39,2.23,0.7103300451660157,14,76
2026-05-02,US0079031078,AMD,2028-12-15,put,50.0,2.38,1.54,2.89,0.6990996887207033,8,116
2026-05-02,US0079031078,AMD,2028-12-15,put,55.0,2.89,1.56,4.9,0.7175931561279296,4,33
2026-05-02,US0079031078,AMD,2028-12-15,put,60.0,3.89,2.14,5.1,0.7005645178222657,1,62
2026-05-02,US0079031078,AMD,2028-12-15,put,65.0,5.03,2.73,4.15,0.6611362011718751,2,29
2026-05-02,US0079031078,AMD,2028-12-15,put,70.0,4.05,2.94,4.6,0.6452061846923829,1,84
2026-05-02,US0079031078,AMD,2028-12-15,put,75.0,4.58,3.0,7.05,0.6606479248046876,52,152
2026-05-02,US0079031078,AMD,2028-12-15,put,80.0,5.6,3.05,6.8,0.6306799627685546,1,240
2026-05-02,US0079031078,AMD,2028-12-15,put,85.0,7.6,4.4,7.4,0.6333044482421876,1,534
2026-05-02,US0079031078,AMD,2028-12-15,put,90.0,6.9,5.6,8.9,0.6425816992187501,1,186
2026-05-02,US0079031078,AMD,2028-12-15,put,95.0,7.72,7.3,10.5,0.6548191256713869,1,107
2026-05-02,US0079031078,AMD,2028-12-15,put,100.0,8.67,8.0,9.6,0.628757374572754,8,2662
2026-05-02,US0079031078,AMD,2028-12-15,put,105.0,9.3,8.95,10.75,0.6264685791015626,4,108
2026-05-02,US0079031078,AMD,2028-12-15,put,110.0,10.25,9.6,10.75,0.6103249417114259,5,278
2026-05-02,US0079031078,AMD,2028-12-15,put,115.0,12.1,10.8,12.7,0.6159706372070313,1,148
2026-05-02,US0079031078,AMD,2028-12-15,put,120.0,12.25,11.9,14.8,0.620090469055176,10,726
2026-05-02,US0079031078,AMD,2028-12-15,put,125.0,14.17,13.15,14.9,0.6093178717041017,2,230
2026-05-02,US0079031078,AMD,2028-12-15,put,130.0,14.9,13.95,15.6,0.599735447998047,1,2282
2026-05-02,US0079031078,AMD,2028-12-15,put,135.0,16.27,14.75,17.15,0.5959207888793946,5,839
2026-05-02,US0079031078,AMD,2028-12-15,put,140.0,17.2,16.55,17.7,0.591648370666504,3,606
2026-05-02,US0079031078,AMD,2028-12-15,put,145.0,18.45,17.8,19.1,0.5888102642822266,1,948
2026-05-02,US0079031078,AMD,2028-12-15,put,150.0,20.45,19.05,20.25,0.5840953456115723,1,1223
2026-05-02,US0079031078,AMD,2028-12-15,put,155.0,21.1,20.2,21.95,0.581562411956787,2,887
2026-05-02,US0079031078,AMD,2028-12-15,put,160.0,22.05,22.05,24.0,0.5840800869750976,33,2545
2026-05-02,US0079031078,AMD,2028-12-15,put,165.0,24.15,23.65,26.2,0.5852702606201172,1,935
2026-05-02,US0079031078,AMD,2028-12-15,put,170.0,26.89,24.4,26.45,0.5723309368896485,22,1484
2026-05-02,US0079031078,AMD,2028-12-15,put,175.0,27.45,26.35,29.2,0.5769695623779296,2,513
2026-05-02,US0079031078,AMD,2028-12-15,put,180.0,29.05,28.4,30.1,0.5729107650756836,50,507
2026-05-02,US0079031078,AMD,2028-12-15,put,185.0,31.27,30.75,31.65,0.5727429200744629,1,64
2026-05-02,US0079031078,AMD,2028-12-15,put,190.0,32.62,30.4,34.0,0.5641675663757324,4,946
2026-05-02,US0079031078,AMD,2028-12-15,put,195.0,35.51,33.15,36.1,0.5672498109436035,2,437
2026-05-02,US0079031078,AMD,2028-12-15,put,200.0,35.77,34.4,36.75,0.558094629058838,93,2235
2026-05-02,US0079031078,AMD,2028-12-15,put,210.0,40.5,38.0,41.1,0.5555616954040528,8,980
2026-05-02,US0079031078,AMD,2028-12-15,put,220.0,44.54,43.0,45.4,0.5565840240478517,8,500
2026-05-02,US0079031078,AMD,2028-12-15,put,230.0,48.88,47.55,50.05,0.5558287215423585,133,635
2026-05-02,US0079031078,AMD,2028-12-15,put,240.0,52.6,51.25,54.4,0.5501906553649902,32,524
2026-05-02,US0079031078,AMD,2028-12-15,put,250.0,57.52,56.5,58.05,0.5464980653381348,24,942
2026-05-02,US0079031078,AMD,2028-12-15,put,260.0,62.64,60.05,63.45,0.5421417246246341,7,188
2026-05-02,US0079031078,AMD,2028-12-15,put,270.0,67.0,65.85,67.75,0.5404022400665286,5,290
2026-05-02,US0079031078,AMD,2028-12-15,put,280.0,74.17,70.2,73.25,0.5371445211791993,2,171
2026-05-02,US0079031078,AMD,2028-12-15,put,290.0,79.17,75.75,79.2,0.5376633148193359,4,169
2026-05-02,US0079031078,AMD,2028-12-15,put,300.0,81.0,80.65,83.75,0.5319260675048829,4,550
2026-05-02,US0079031078,AMD,2028-12-15,put,310.0,90.26,86.6,90.5,0.5340699059295654,4,156
2026-05-02,US0079031078,AMD,2028-12-15,put,320.0,93.9,92.3,94.95,0.5289658920288086,97,84
2026-05-02,US0079031078,AMD,2028-12-15,put,330.0,99.37,98.05,101.5,0.5286912365722658,176,161
2026-05-02,US0079031078,AMD,2028-12-15,put,340.0,105.5,104.55,107.95,0.5293549872589113,6,39
2026-05-02,US0079031078,AMD,2028-12-15,put,350.0,112.0,109.45,112.75,0.5216341172027588,17,301
2026-05-02,US0079031078,AMD,2028-12-15,put,360.0,116.1,115.6,119.8,0.5217867035675049,29,104
2026-05-02,US0079031078,AMD,2028-12-15,put,370.0,130.68,122.6,125.95,0.5212602806091307,57,129
2026-05-02,US0079031078,AMD,2028-12-15,put,380.0,154.05,128.35,132.35,0.5179338978576662,20,52
2026-05-02,US0079031078,AMD,2028-12-15,put,390.0,137.05,134.95,139.0,0.5166750603485107,93,46
2026-05-02,US0079031078,AMD,2028-12-15,put,400.0,143.65,141.55,145.3,0.5141726439666747,3,77
2026-05-02,US0079031078,AMD,2028-12-15,put,410.0,150.79,148.8,151.55,0.5125933750915526,1,22
2026-05-02,US0079031078,AMD,2028-12-15,put,420.0,156.68,154.65,157.85,0.5076190596008301,84,42
2026-05-02,US0079031078,AMD,2028-12-15,put,430.0,176.46,161.5,164.75,0.5058032818603515,31,83
2026-05-02,US0079031078,AMD,2028-12-15,put,440.0,183.75,168.7,172.65,0.5065280670928954,2,17
2026-05-02,US0079031078,AMD,2028-12-15,put,450.0,187.0,175.5,179.9,0.5045902202606202,1,50
2026-05-02,US0079031078,AMD,2028-12-15,put,460.0,184.57,182.55,187.1,0.5027286666107178,2,37
2026-05-02,US0079031078,AMD,2028-12-15,put,470.0,193.14,190.0,194.45,0.5016987086486817,3,49
2026-05-02,US0079031078,AMD,2028-12-15,put,480.0,214.25,197.5,201.6,0.5000126293182373,40,68
2026-05-02,US0079031078,AMD,2028-12-15,put,490.0,217.95,204.5,208.95,0.5069095330047607,51,44
2026-05-02,US0079031078,AMD,2028-12-15,put,500.0,217.2,212.0,216.5,0.5055438850402831,1,292
2026-05-02,US0079031078,AMD,2028-12-15,put,520.0,239.37,227.0,231.5,0.5014850877380372,2,23
2026-05-02,US0079031078,AMD,2028-12-15,put,530.0,239.85,235.0,239.1,0.49946331840515135,46,35
2026-05-02,US0079031078,AMD,2028-12-15,put,540.0,244.13,242.5,246.8,0.4975788768005372,80,55
2026-05-02,US0079031078,AMD,2028-12-15,put,550.0,251.54,250.5,254.5,0.49543503837585445,80,120
2026-05-02,US0079031078,AMD,2028-12-15,put,560.0,261.0,258.0,262.4,0.4938862867736817,2,50
2026-05-02,US0079031078,AMD,2028-12-15,put,570.0,273.45,266.0,270.25,0.4918568881225587,20,58
2026-05-02,US0079031078,AMD,2028-12-15,put,580.0,282.75,274.0,278.2,0.4900105931091309,42,20
2026-05-02,US0079031078,AMD,2028-12-15,put,590.0,286.8,282.0,286.2,0.4881414101409912,2,52
2026-05-02,US0079031078,AMD,2028-12-15,put,600.0,293.32,290.0,294.25,0.48624170989990234,12,78
2026-05-02,US0090661010,ABNB,2026-05-08,call,95.0,45.32,46.45,48.7,1.9306644091796876,1,2
2026-05-02,US0090661010,ABNB,2026-05-08,call,113.0,15.22,28.25,30.75,1.2001993115234375,5,5
2026-05-02,US0090661010,ABNB,2026-05-08,call,114.0,14.57,27.5,29.5,1.1640666796875,6,8
2026-05-02,US0090661010,ABNB,2026-05-08,call,115.0,24.15,26.15,28.4,1.0439500927734378,11,30
2026-05-02,US0090661010,ABNB,2026-05-08,call,116.0,13.61,25.3,27.95,1.1328168359375002,1,19
2026-05-02,US0090661010,ABNB,2026-05-08,call,117.0,17.59,24.55,26.95,1.1337933935546878,1,22
2026-05-02,US0090661010,ABNB,2026-05-08,call,118.0,16.99,23.35,25.95,1.0664109179687502,1,22
2026-05-02,US0090661010,ABNB,2026-05-08,call,119.0,20.61,22.5,24.65,1.0068409033203123,,3
2026-05-02,US0090661010,ABNB,2026-05-08,call,120.0,22.94,21.55,23.65,0.9780275634765626,6,11
2026-05-02,US0090661010,ABNB,2026-05-08,call,123.0,18.58,18.95,20.5,0.9023447265625,1,1
2026-05-02,US0090661010,ABNB,2026-05-08,call,124.0,18.0,17.75,20.35,0.9436040795898437,6,8
2026-05-02,US0090661010,ABNB,2026-05-08,call,125.0,17.7,17.0,18.9,0.8818371191406249,1,5
2026-05-02,US0090661010,ABNB,2026-05-08,call,126.0,15.32,16.0,17.4,0.7846701220703125,5,6
2026-05-02,US0090661010,ABNB,2026-05-08,call,127.0,16.35,15.15,17.1,0.84179845703125,6,12
2026-05-02,US0090661010,ABNB,2026-05-08,call,128.0,15.0,14.15,16.05,0.79687703125,1,11
2026-05-02,US0090661010,ABNB,2026-05-08,call,129.0,12.2,13.45,15.25,0.805666005859375,1,775
2026-05-02,US0090661010,ABNB,2026-05-08,call,130.0,13.72,12.35,14.6,0.78711150390625,2,22
2026-05-02,US0090661010,ABNB,2026-05-08,call,131.0,14.18,11.85,13.6,0.7885763330078125,1,4
2026-05-02,US0090661010,ABNB,2026-05-08,call,132.0,10.92,11.05,12.7,0.7695335546875001,2,10
2026-05-02,US0090661010,ABNB,2026-05-08,call,133.0,11.62,9.95,12.05,0.7446314599609375,5,9
2026-05-02,US0090661010,ABNB,2026-05-08,call,134.0,10.58,9.8,10.75,0.7407252490234374,1,29
2026-05-02,US0090661010,ABNB,2026-05-08,call,135.0,10.03,8.7,10.4,0.7334011035156249,75,66
2026-05-02,US0090661010,ABNB,2026-05-08,call,136.0,9.3,8.0,9.85,0.7370631762695312,7,27
2026-05-02,US0090661010,ABNB,2026-05-08,call,137.0,8.6,7.7,8.75,0.7263210961914062,6,28
2026-05-02,US0090661010,ABNB,2026-05-08,call,138.0,8.0,6.75,8.3,0.7126493579101563,30,118
2026-05-02,US0090661010,ABNB,2026-05-08,call,139.0,7.37,6.45,6.9,0.6757844921875001,15,22
2026-05-02,US0090661010,ABNB,2026-05-08,call,140.0,6.69,5.7,6.35,0.6623568920898439,37,349
2026-05-02,US0090661010,ABNB,2026-05-08,call,141.0,5.81,5.35,5.8,0.6711458666992189,2,25
2026-05-02,US0090661010,ABNB,2026-05-08,call,142.0,5.28,5.15,5.35,0.6916534741210938,188,35
2026-05-02,US0090661010,ABNB,2026-05-08,call,143.0,4.75,4.6,5.0,0.6926300268554688,192,187
2026-05-02,US0090661010,ABNB,2026-05-08,call,144.0,4.5,4.0,5.1,0.7153348779296875,39,51
2026-05-02,US0090661010,ABNB,2026-05-08,call,145.0,3.74,3.7,3.95,0.6733431103515627,1662,196
2026-05-02,US0090661010,ABNB,2026-05-08,call,146.0,3.75,3.15,3.55,0.659183095703125,4,53
2026-05-02,US0090661010,ABNB,2026-05-08,call,147.0,3.41,2.98,3.2,0.6701693139648439,24,267
2026-05-02,US0090661010,ABNB,2026-05-08,call,148.0,3.08,2.48,2.85,0.6547886083984377,7,17
2026-05-02,US0090661010,ABNB,2026-05-08,call,149.0,2.81,2.34,2.54,0.6635775830078127,13,47
2026-05-02,US0090661010,ABNB,2026-05-08,call,150.0,2.27,2.18,2.34,0.6760286303710938,1714,287
2026-05-02,US0090661010,ABNB,2026-05-08,call,152.5,1.75,1.36,1.72,0.6506382592773439,17,46
2026-05-02,US0090661010,ABNB,2026-05-08,call,155.0,1.2,0.88,1.32,0.6479527392578125,141,2767
2026-05-02,US0090661010,ABNB,2026-05-08,call,157.5,1.0,0.72,0.93,0.6586948193359375,7,25
2026-05-02,US0090661010,ABNB,2026-05-08,call,160.0,0.67,0.32,0.68,0.6342810009765626,63,48
2026-05-02,US0090661010,ABNB,2026-05-08,call,162.5,0.42,0.25,0.5,0.6489292919921875,24,30
2026-05-02,US0090661010,ABNB,2026-05-08,call,165.0,0.33,0.06,0.5,0.6621127539062501,12,29
2026-05-02,US0090661010,ABNB,2026-05-08,call,170.0,0.15,0.0,0.3,0.6826203613281252,42,24
2026-05-02,US0090661010,ABNB,2026-05-08,call,172.5,0.14,0.0,0.33,0.7382838671874999,2,2
2026-05-02,US0090661010,ABNB,2026-05-08,put,70.0,0.25,0.0,2.13,3.2226581933593748,,2
2026-05-02,US0090661010,ABNB,2026-05-08,put,85.0,0.14,0.0,2.13,2.4492226269531248,5,0
2026-05-02,US0090661010,ABNB,2026-05-08,put,90.0,0.57,0.0,2.13,2.2197310131835932,10,10
2026-05-02,US0090661010,ABNB,2026-05-08,put,95.0,0.06,0.0,0.75,1.609376953125,1,11
2026-05-02,US0090661010,ABNB,2026-05-08,put,100.0,0.15,0.0,0.58,1.3671906640625,2,326
2026-05-02,US0090661010,ABNB,2026-05-08,put,105.0,0.07,0.0,0.06,0.867188828125,2,260
2026-05-02,US0090661010,ABNB,2026-05-08,put,110.0,0.09,0.05,0.11,0.8457046679687499,135,359
2026-05-02,US0090661010,ABNB,2026-05-08,put,112.0,0.06,0.05,0.14,0.8125018749999999,38,20
2026-05-02,US0090661010,ABNB,2026-05-08,put,113.0,0.24,0.0,0.14,0.75195560546875,10,146
2026-05-02,US0090661010,ABNB,2026-05-08,put,114.0,0.28,0.0,0.18,0.7539087109375,52,53
2026-05-02,US0090661010,ABNB,2026-05-08,put,115.0,0.14,0.12,0.38,0.8632826171875,109,292
2026-05-02,US0090661010,ABNB,2026-05-08,put,116.0,0.31,0.08,0.23,0.764650791015625,35,59
2026-05-02,US0090661010,ABNB,2026-05-08,put,117.0,0.22,0.0,0.26,0.7148466015625,37,195
2026-05-02,US0090661010,ABNB,2026-05-08,put,118.0,0.24,0.12,0.29,0.745119736328125,38,39
2026-05-02,US0090661010,ABNB,2026-05-08,put,119.0,0.4,0.18,0.34,0.7500025,73,39
2026-05-02,US0090661010,ABNB,2026-05-08,put,120.0,0.39,0.24,0.42,0.7568383691406251,62,51
2026-05-02,US0090661010,ABNB,2026-05-08,put,121.0,0.4,0.07,0.43,0.68555001953125,12,45
2026-05-02,US0090661010,ABNB,2026-05-08,put,122.0,0.5,0.12,0.91,0.7709983837890625,4,16
2026-05-02,US0090661010,ABNB,2026-05-08,put,123.0,0.62,0.38,1.08,0.8085956640624999,11,360
2026-05-02,US0090661010,ABNB,2026-05-08,put,124.0,0.7,0.3,0.9,0.7338893798828124,1,19
2026-05-02,US0090661010,ABNB,2026-05-08,put,125.0,0.64,0.52,0.8,0.7187528125,48,184
2026-05-02,US0090661010,ABNB,2026-05-08,put,126.0,0.77,0.5,1.2,0.737307314453125,12,44
2026-05-02,US0090661010,ABNB,2026-05-08,put,127.0,1.05,0.8,0.94,0.7065459033203125,19,34
2026-05-02,US0090661010,ABNB,2026-05-08,put,128.0,1.03,0.83,1.14,0.6977569287109376,9,49
2026-05-02,US0090661010,ABNB,2026-05-08,put,129.0,1.08,1.05,1.22,0.6938507177734375,73,24
2026-05-02,US0090661010,ABNB,2026-05-08,put,130.0,1.23,1.06,1.42,0.6772493212890626,22,232
2026-05-02,US0090661010,ABNB,2026-05-08,put,131.0,1.43,1.4,1.59,0.6865265722656251,36,49
2026-05-02,US0090661010,ABNB,2026-05-08,put,132.0,1.75,1.34,1.81,0.6601596484375001,60,48
2026-05-02,US0090661010,ABNB,2026-05-08,put,133.0,1.81,1.61,2.07,0.6630893066406252,82,25
2026-05-02,US0090661010,ABNB,2026-05-08,put,134.0,2.27,2.05,2.34,0.6757844921875001,50,53
2026-05-02,US0090661010,ABNB,2026-05-08,put,135.0,2.53,2.46,2.62,0.6816438085937502,143,110
2026-05-02,US0090661010,ABNB,2026-05-08,put,136.0,2.68,2.63,2.99,0.672122419433594,13,80
2026-05-02,US0090661010,ABNB,2026-05-08,put,137.0,2.97,2.96,3.3,0.666263103027344,118,81
2026-05-02,US0090661010,ABNB,2026-05-08,put,138.0,3.6,3.3,3.8,0.6701693139648439,212,106
2026-05-02,US0090661010,ABNB,2026-05-08,put,139.0,4.02,3.75,4.05,0.6606479248046876,95,82
2026-05-02,US0090661010,ABNB,2026-05-08,put,140.0,4.36,4.15,4.55,0.6606479248046876,119,109
2026-05-02,US0090661010,ABNB,2026-05-08,put,141.0,4.73,4.75,5.2,0.6789582885742189,15,52
2026-05-02,US0090661010,ABNB,2026-05-08,put,142.0,5.45,5.35,5.55,0.6738313867187502,81,25
2026-05-02,US0090661010,ABNB,2026-05-08,put,143.0,5.67,5.8,6.25,0.6779817358398439,50,13
2026-05-02,US0090661010,ABNB,2026-05-08,put,144.0,6.15,6.25,6.8,0.6684603466796877,1,3
2026-05-02,US0090661010,ABNB,2026-05-08,put,145.0,7.0,6.85,7.15,0.6518589501953126,2,5
2026-05-02,US0090661010,ABNB,2026-05-08,put,150.0,10.35,10.15,11.05,0.6762727685546877,1,2
2026-05-02,US0090661010,ABNB,2026-05-15,call,65.0,67.2,75.05,78.05,2.636722158203125,,1
2026-05-02,US0090661010,ABNB,2026-05-15,call,70.0,60.05,70.0,73.8,1.7441419042968749,,5
2026-05-02,US0090661010,ABNB,2026-05-15,call,85.0,47.6,55.9,58.05,1.3662141064453124,,1
2026-05-02,US0090661010,ABNB,2026-05-15,call,95.0,47.79,46.0,48.1,1.1464886425781249,2,3
2026-05-02,US0090661010,ABNB,2026-05-15,call,100.0,37.31,41.45,43.05,1.107426337890625,100,138
2026-05-02,US0090661010,ABNB,2026-05-15,call,105.0,37.94,35.95,38.15,0.8984385156249999,3,9
2026-05-02,US0090661010,ABNB,2026-05-15,call,110.0,33.13,31.45,33.25,0.883790224609375,2,21
2026-05-02,US0090661010,ABNB,2026-05-15,call,115.0,26.07,26.6,28.4,0.7973653076171875,1,34
2026-05-02,US0090661010,ABNB,2026-05-15,call,120.0,20.3,21.9,23.65,0.7268093725585938,13,54
2026-05-02,US0090661010,ABNB,2026-05-15,call,125.0,15.85,17.25,19.15,0.6628451684570313,2,213
2026-05-02,US0090661010,ABNB,2026-05-15,call,130.0,13.09,13.15,15.0,0.6311072045898438,10,619
2026-05-02,US0090661010,ABNB,2026-05-15,call,133.0,10.89,11.05,12.1,0.5898478515625001,3,3
2026-05-02,US0090661010,ABNB,2026-05-15,call,134.0,11.23,10.1,11.55,0.5820354296875,1,2
2026-05-02,US0090661010,ABNB,2026-05-15,call,135.0,10.63,9.75,10.7,0.5876506079101562,6,771
2026-05-02,US0090661010,ABNB,2026-05-15,call,137.0,8.41,8.6,9.6,0.5980264807128908,5,8
2026-05-02,US0090661010,ABNB,2026-05-15,call,138.0,7.45,7.9,9.4,0.6101113208007813,1,5
2026-05-02,US0090661010,ABNB,2026-05-15,call,139.0,6.92,7.35,7.8,0.561527822265625,2,206
2026-05-02,US0090661010,ABNB,2026-05-15,call,140.0,7.03,6.95,7.25,0.5668988623046876,355,2277
2026-05-02,US0090661010,ABNB,2026-05-15,call,141.0,5.8,6.4,6.7,0.5629926513671876,1,100
2026-05-02,US0090661010,ABNB,2026-05-15,call,142.0,5.97,5.85,6.2,0.5590864404296876,20,5
2026-05-02,US0090661010,ABNB,2026-05-15,call,143.0,5.8,5.1,6.2,0.5665326550292968,11,9
2026-05-02,US0090661010,ABNB,2026-05-15,call,144.0,4.58,4.85,5.25,0.5512740185546876,1,11
2026-05-02,US0090661010,ABNB,2026-05-15,call,145.0,4.9,4.45,4.9,0.5542036767578126,59,1603
2026-05-02,US0090661010,ABNB,2026-05-15,call,146.0,4.45,4.05,4.9,0.5710492114257812,1,28
2026-05-02,US0090661010,ABNB,2026-05-15,call,147.0,4.05,3.4,4.5,0.5555464367675782,5,23
2026-05-02,US0090661010,ABNB,2026-05-15,call,148.0,3.54,3.35,4.05,0.5637250659179689,1,7
2026-05-02,US0090661010,ABNB,2026-05-15,call,149.0,2.97,2.95,3.6,0.5529829858398438,2,47
2026-05-02,US0090661010,ABNB,2026-05-15,call,150.0,2.98,2.66,3.3,0.5524947094726562,35,1953
2026-05-02,US0090661010,ABNB,2026-05-15,call,152.5,2.21,2.01,2.48,0.5417526293945314,2,1369
2026-05-02,US0090661010,ABNB,2026-05-15,call,155.0,1.69,1.51,1.8,0.5319871020507813,55,1860
2026-05-02,US0090661010,ABNB,2026-05-15,call,157.5,1.35,1.04,1.7,0.5485884985351563,11,41
2026-05-02,US0090661010,ABNB,2026-05-15,call,160.0,0.95,0.74,1.05,0.5249070947265625,278,1131
2026-05-02,US0090661010,ABNB,2026-05-15,call,162.5,0.74,0.55,0.97,0.5451705639648439,1,187
2026-05-02,US0090661010,ABNB,2026-05-15,call,165.0,0.6,0.23,0.72,0.524418818359375,9,414
2026-05-02,US0090661010,ABNB,2026-05-15,call,170.0,0.36,0.01,0.56,0.5410202148437502,195,374
2026-05-02,US0090661010,ABNB,2026-05-15,call,175.0,0.17,0.0,0.46,0.584965087890625,5,189
2026-05-02,US0090661010,ABNB,2026-05-15,call,180.0,0.26,0.0,0.27,0.594730615234375,4,194
2026-05-02,US0090661010,ABNB,2026-05-15,call,190.0,0.07,0.0,0.6,0.79883013671875,1,8
2026-05-02,US0090661010,ABNB,2026-05-15,put,75.0,0.13,0.0,0.81,1.7304700976562502,,3
2026-05-02,US0090661010,ABNB,2026-05-15,put,80.0,0.25,0.0,0.77,1.5605490722656248,1,13
2026-05-02,US0090661010,ABNB,2026-05-15,put,85.0,0.06,0.0,0.17,1.12891060546875,3,274
2026-05-02,US0090661010,ABNB,2026-05-15,put,90.0,0.7,0.0,0.38,1.1347699511718752,3,47
2026-05-02,US0090661010,ABNB,2026-05-15,put,95.0,0.05,0.0,0.2,0.9238288867187501,7,505
2026-05-02,US0090661010,ABNB,2026-05-15,put,100.0,0.1,0.0,0.3,0.867188828125,1,669
2026-05-02,US0090661010,ABNB,2026-05-15,put,105.0,0.08,0.0,0.1,0.6523472265625001,12,614
2026-05-02,US0090661010,ABNB,2026-05-15,put,110.0,0.18,0.1,0.35,0.7041045214843751,22,1457
2026-05-02,US0090661010,ABNB,2026-05-15,put,115.0,0.48,0.24,0.48,0.6557651611328126,6,979
2026-05-02,US0090661010,ABNB,2026-05-15,put,120.0,0.46,0.33,0.6,0.5776409423828125,8,1269
2026-05-02,US0090661010,ABNB,2026-05-15,put,125.0,0.99,0.82,1.32,0.5864299169921875,316,1276
2026-05-02,US0090661010,ABNB,2026-05-15,put,130.0,1.9,1.66,2.15,0.5681195532226562,24,1769
2026-05-02,US0090661010,ABNB,2026-05-15,put,131.0,1.98,1.67,2.31,0.5483443603515626,3,1
2026-05-02,US0090661010,ABNB,2026-05-15,put,132.0,2.23,1.94,2.65,0.5534712622070312,1,9
2026-05-02,US0090661010,ABNB,2026-05-15,put,133.0,2.46,2.27,2.87,0.5522505712890625,2,3
2026-05-02,US0090661010,ABNB,2026-05-15,put,134.0,3.4,2.37,3.05,0.5339402075195312,,2
2026-05-02,US0090661010,ABNB,2026-05-15,put,135.0,3.03,2.65,3.35,0.5300339965820313,6,1014
2026-05-02,US0090661010,ABNB,2026-05-15,put,136.0,3.97,3.45,3.85,0.5594526477050781,,2
2026-05-02,US0090661010,ABNB,2026-05-15,put,137.0,4.35,3.35,4.15,0.5316208947753907,,1
2026-05-02,US0090661010,ABNB,2026-05-15,put,138.0,4.06,4.2,4.6,0.5544478149414063,1,4
2026-05-02,US0090661010,ABNB,2026-05-15,put,139.0,6.25,4.6,4.85,0.543949873046875,2,16
2026-05-02,US0090661010,ABNB,2026-05-15,put,140.0,5.21,5.0,5.45,0.5472457385253908,11,430
2026-05-02,US0090661010,ABNB,2026-05-15,put,141.0,6.4,5.5,5.8,0.541264353027344,16,13
2026-05-02,US0090661010,ABNB,2026-05-15,put,142.0,5.9,5.45,6.5,0.5239305419921875,1,6
2026-05-02,US0090661010,ABNB,2026-05-15,put,143.0,7.13,6.45,7.0,0.5427291821289064,,8
2026-05-02,US0090661010,ABNB,2026-05-15,put,144.0,7.3,7.05,7.3,0.5317429638671876,1,16
2026-05-02,US0090661010,ABNB,2026-05-15,put,145.0,9.22,6.8,7.9,0.5437057348632813,3,202
2026-05-02,US0090661010,ABNB,2026-05-15,put,146.0,9.63,8.15,8.45,0.5231981274414061,1,2
2026-05-02,US0090661010,ABNB,2026-05-15,put,147.0,10.62,8.8,9.1,0.523442265625,1,2
2026-05-02,US0090661010,ABNB,2026-05-15,put,150.0,12.76,10.5,11.45,0.5173388110351562,1,169
2026-05-02,US0090661010,ABNB,2026-05-15,put,155.0,14.15,12.95,15.55,0.5988809643554689,2,2
2026-05-02,US0090661010,ABNB,2026-05-15,put,160.0,18.36,17.3,19.95,0.6335485864257813,2,3
2026-05-02,US0090661010,ABNB,2026-05-15,put,175.0,36.19,31.35,33.55,0.57617611328125,,0
2026-05-02,US0090661010,ABNB,2026-05-22,call,112.0,30.04,29.65,32.3,0.8051777294921875,2,2
2026-05-02,US0090661010,ABNB,2026-05-22,call,116.0,30.6,25.85,28.5,0.7453638745117188,2,1
2026-05-02,US0090661010,ABNB,2026-05-22,call,117.0,26.56,24.65,27.55,0.710940390625,1,3
2026-05-02,US0090661010,ABNB,2026-05-22,call,118.0,25.46,24.0,26.6,0.7172879833984375,1,2
2026-05-02,US0090661010,ABNB,2026-05-22,call,120.0,23.39,22.1,24.8,0.6906769213867189,1,4
2026-05-02,US0090661010,ABNB,2026-05-22,call,121.0,22.7,21.05,23.9,0.6701693139648439,3,3
2026-05-02,US0090661010,ABNB,2026-05-22,call,122.0,25.0,20.3,22.35,0.6269568554687501,2,1
2026-05-02,US0090661010,ABNB,2026-05-22,call,123.0,21.07,19.5,21.5,0.6254920263671876,1,2
2026-05-02,US0090661010,ABNB,2026-05-22,call,124.0,19.97,18.7,20.3,0.6015664843750002,1,2
2026-05-02,US0090661010,ABNB,2026-05-22,call,125.0,19.06,17.55,20.25,0.6236609899902343,2,2
2026-05-02,US0090661010,ABNB,2026-05-22,call,126.0,19.19,17.05,18.75,0.5986368261718751,2,1
2026-05-02,US0090661010,ABNB,2026-05-22,call,127.0,18.58,16.0,18.2,0.5948526843261719,2,24
2026-05-02,US0090661010,ABNB,2026-05-22,call,128.0,17.5,15.25,17.35,0.5896037133789063,3,26
2026-05-02,US0090661010,ABNB,2026-05-22,call,129.0,16.68,14.4,16.2,0.5634809277343751,4,6
2026-05-02,US0090661010,ABNB,2026-05-22,call,130.0,14.8,13.55,15.6,0.5634809277343751,2,12
2026-05-02,US0090661010,ABNB,2026-05-22,call,131.0,14.12,12.7,14.95,0.5593305786132813,2,24
2026-05-02,US0090661010,ABNB,2026-05-22,call,132.0,12.42,12.15,13.45,0.5293015820312501,1,24
2026-05-02,US0090661010,ABNB,2026-05-22,call,133.0,11.66,11.5,12.9,0.5361374511718751,2,18
2026-05-02,US0090661010,ABNB,2026-05-22,call,134.0,11.0,10.75,12.7,0.5510298803710938,2,18
2026-05-02,US0090661010,ABNB,2026-05-22,call,135.0,10.48,10.4,11.4,0.5350388293457031,1,25
2026-05-02,US0090661010,ABNB,2026-05-22,call,136.0,9.77,9.75,10.9,0.5379684875488282,2,17
2026-05-02,US0090661010,ABNB,2026-05-22,call,137.0,8.65,9.05,10.75,0.5505416040039064,1,17
2026-05-02,US0090661010,ABNB,2026-05-22,call,138.0,8.35,8.55,9.55,0.5286912365722658,2,25
2026-05-02,US0090661010,ABNB,2026-05-22,call,139.0,8.06,7.9,9.1,0.5283250292968751,10,9
2026-05-02,US0090661010,ABNB,2026-05-22,call,140.0,7.75,7.55,8.35,0.526371923828125,5,33
2026-05-02,US0090661010,ABNB,2026-05-22,call,141.0,7.33,7.0,7.4,0.5079394909667969,6,14
2026-05-02,US0090661010,ABNB,2026-05-22,call,142.0,6.7,6.5,6.9,0.5063525927734375,7,7
2026-05-02,US0090661010,ABNB,2026-05-22,call,143.0,6.6,5.65,7.0,0.5124560473632812,18,6
2026-05-02,US0090661010,ABNB,2026-05-22,call,144.0,6.12,5.55,5.95,0.5019581054687501,5,7
2026-05-02,US0090661010,ABNB,2026-05-22,call,145.0,5.4,4.85,5.85,0.5028125891113282,1,128
2026-05-02,US0090661010,ABNB,2026-05-22,call,146.0,5.0,4.5,5.55,0.5075732836914062,1,84
2026-05-02,US0090661010,ABNB,2026-05-22,call,147.0,4.74,4.3,4.7,0.510869149169922,2,30
2026-05-02,US0090661010,ABNB,2026-05-22,call,148.0,3.8,3.7,4.6,0.5299119274902344,1,22
2026-05-02,US0090661010,ABNB,2026-05-22,call,149.0,3.95,3.5,4.15,0.5207567456054687,1,11
2026-05-02,US0090661010,ABNB,2026-05-22,call,150.0,3.33,3.2,3.9,0.5255174401855469,2,159
2026-05-02,US0090661010,ABNB,2026-05-22,call,152.5,3.2,2.32,3.15,0.521367091064453,1,3
2026-05-02,US0090661010,ABNB,2026-05-22,call,155.0,2.01,1.71,2.55,0.5206346765136718,10,120
2026-05-02,US0090661010,ABNB,2026-05-22,call,157.5,1.6,1.18,2.05,0.5202684692382812,1,11
2026-05-02,US0090661010,ABNB,2026-05-22,call,160.0,1.31,0.86,1.69,0.5261277856445312,1,77
2026-05-02,US0090661010,ABNB,2026-05-22,call,162.5,1.96,0.68,1.5,0.5451705639648439,,11
2026-05-02,US0090661010,ABNB,2026-05-22,call,165.0,0.55,0.0,1.16,0.5397995239257813,11,2
2026-05-02,US0090661010,ABNB,2026-05-22,call,170.0,0.43,0.01,0.84,0.56055126953125,1,46
2026-05-02,US0090661010,ABNB,2026-05-22,call,175.0,0.65,0.0,0.75,0.523442265625,,15
2026-05-02,US0090661010,ABNB,2026-05-22,put,95.0,0.19,0.0,0.75,0.929688203125,250,251
2026-05-02,US0090661010,ABNB,2026-05-22,put,100.0,0.27,0.03,0.36,0.7382838671874999,24,372
2026-05-02,US0090661010,ABNB,2026-05-22,put,105.0,0.37,0.0,0.58,0.694338994140625,4,326
2026-05-02,US0090661010,ABNB,2026-05-22,put,110.0,0.6,0.0,0.76,0.6347692773437501,6,153
2026-05-02,US0090661010,ABNB,2026-05-22,put,112.0,0.58,0.0,0.86,0.6123085644531252,2,29
2026-05-02,US0090661010,ABNB,2026-05-22,put,113.0,0.39,0.13,0.66,0.5830119824218749,246,299
2026-05-02,US0090661010,ABNB,2026-05-22,put,114.0,0.67,0.0,0.95,0.586918193359375,1,16
2026-05-02,US0090661010,ABNB,2026-05-22,put,115.0,0.43,0.06,0.78,0.5532271240234375,3,268
2026-05-02,US0090661010,ABNB,2026-05-22,put,116.0,1.22,0.08,1.05,0.5712933496093751,1,260
2026-05-02,US0090661010,ABNB,2026-05-22,put,117.0,1.22,0.16,0.9,0.5437057348632813,1,5
2026-05-02,US0090661010,ABNB,2026-05-22,put,118.0,1.37,0.05,1.2,0.5459029785156251,1,10
2026-05-02,US0090661010,ABNB,2026-05-22,put,119.0,0.82,0.45,1.11,0.5568891967773439,21,253
2026-05-02,US0090661010,ABNB,2026-05-22,put,120.0,0.71,0.46,1.12,0.5383346948242189,2,14
2026-05-02,US0090661010,ABNB,2026-05-22,put,121.0,0.77,0.13,1.41,0.5144091528320311,2,7
2026-05-02,US0090661010,ABNB,2026-05-22,put,122.0,1.65,0.7,1.48,0.5463912548828126,2,12
2026-05-02,US0090661010,ABNB,2026-05-22,put,123.0,1.03,0.86,1.56,0.5422409057617189,2,11
2026-05-02,US0090661010,ABNB,2026-05-22,put,124.0,1.34,0.65,1.71,0.5161181201171875,2,36
2026-05-02,US0090661010,ABNB,2026-05-22,put,125.0,1.22,0.83,1.9,0.5190477783203125,3,104
2026-05-02,US0090661010,ABNB,2026-05-22,put,126.0,1.66,1.02,1.9,0.5083056982421875,3,144
2026-05-02,US0090661010,ABNB,2026-05-22,put,127.0,2.85,1.23,2.06,0.5073291455078125,120,155
2026-05-02,US0090661010,ABNB,2026-05-22,put,128.0,2.88,1.5,2.26,0.5100146655273439,46,26
2026-05-02,US0090661010,ABNB,2026-05-22,put,129.0,2.35,1.4,2.22,0.521367091064453,1,73
2026-05-02,US0090661010,ABNB,2026-05-22,put,130.0,2.48,2.0,2.55,0.5014698291015626,1,71
2026-05-02,US0090661010,ABNB,2026-05-22,put,131.0,3.43,2.11,2.95,0.5003712072753908,1,21
2026-05-02,US0090661010,ABNB,2026-05-22,put,132.0,2.58,2.31,3.45,0.5061084545898438,28,7
2026-05-02,US0090661010,ABNB,2026-05-22,put,133.0,2.9,2.32,3.65,0.5456588403320313,30,9
2026-05-02,US0090661010,ABNB,2026-05-22,put,134.0,3.22,2.65,4.05,0.5498091894531252,2,13
2026-05-02,US0090661010,ABNB,2026-05-22,put,135.0,3.6,3.1,4.1,0.5236864038085938,3,97
2026-05-02,US0090661010,ABNB,2026-05-22,put,136.0,4.01,3.95,4.6,0.5069629382324219,2,10
2026-05-02,US0090661010,ABNB,2026-05-22,put,137.0,6.2,3.65,4.65,0.504765694580078,2,6
2026-05-02,US0090661010,ABNB,2026-05-22,put,138.0,5.4,4.75,5.2,0.5141650146484374,12,18
2026-05-02,US0090661010,ABNB,2026-05-22,put,140.0,5.35,5.65,6.05,0.5085498364257812,122,11
2026-05-02,US0090661010,ABNB,2026-05-22,put,141.0,6.25,6.1,6.5,0.5050098327636718,1,7
2026-05-02,US0090661010,ABNB,2026-05-22,put,142.0,8.15,5.85,7.1,0.510869149169922,1,2
2026-05-02,US0090661010,ABNB,2026-05-22,put,143.0,9.26,7.1,7.6,0.5076953527832031,1,4
2026-05-02,US0090661010,ABNB,2026-05-22,put,144.0,9.13,6.95,8.0,0.4953663745117188,2,4
2026-05-02,US0090661010,ABNB,2026-05-22,put,145.0,9.82,8.05,8.7,0.5035450036621094,1,3
2026-05-02,US0090661010,ABNB,2026-05-22,put,146.0,10.37,7.6,9.1,0.48767602172851565,2,4
2026-05-02,US0090661010,ABNB,2026-05-22,put,147.0,11.12,9.35,9.7,0.48511257080078124,3,5
2026-05-02,US0090661010,ABNB,2026-05-29,call,124.0,16.7,18.65,20.9,0.5491988439941409,,1
2026-05-02,US0090661010,ABNB,2026-05-29,call,126.0,16.03,17.0,19.2,0.5371140039062501,1,12
2026-05-02,US0090661010,ABNB,2026-05-29,call,127.0,17.65,16.45,18.4,0.5441940112304688,3,12
2026-05-02,US0090661010,ABNB,2026-05-29,call,128.0,14.59,15.75,17.6,0.5427291821289064,1,3
2026-05-02,US0090661010,ABNB,2026-05-29,call,129.0,13.77,14.65,16.95,0.5297898583984376,1,2
2026-05-02,US0090661010,ABNB,2026-05-29,call,130.0,15.43,13.95,16.05,0.5222215747070311,1,2
2026-05-02,US0090661010,ABNB,2026-05-29,call,131.0,15.99,13.25,15.3,0.5195360546875,12,8
2026-05-02,US0090661010,ABNB,2026-05-29,call,132.0,15.02,12.6,13.95,0.5452926330566408,14,16
2026-05-02,US0090661010,ABNB,2026-05-29,call,133.0,13.89,12.0,13.9,0.5195360546875,8,8
2026-05-02,US0090661010,ABNB,2026-05-29,call,134.0,13.4,11.4,13.25,0.5200243310546875,9,14
2026-05-02,US0090661010,ABNB,2026-05-29,call,135.0,9.78,10.75,11.95,0.5366257275390626,1,28
2026-05-02,US0090661010,ABNB,2026-05-29,call,136.0,12.7,10.3,11.45,0.5035450036621094,1,15
2026-05-02,US0090661010,ABNB,2026-05-29,call,137.0,9.55,9.85,10.75,0.5036670727539063,24,21
2026-05-02,US0090661010,ABNB,2026-05-29,call,138.0,10.6,8.9,10.15,0.5305222729492188,2,16
2026-05-02,US0090661010,ABNB,2026-05-29,call,139.0,9.35,8.25,9.55,0.5261277856445312,1,35
2026-05-02,US0090661010,ABNB,2026-05-29,call,140.0,10.0,7.8,8.45,0.48816429809570316,6,29
2026-05-02,US0090661010,ABNB,2026-05-29,call,141.0,7.05,7.25,8.45,0.5201464001464844,5,11
2026-05-02,US0090661010,ABNB,2026-05-29,call,142.0,6.05,6.6,7.4,0.48328153442382815,5,12
2026-05-02,US0090661010,ABNB,2026-05-29,call,143.0,7.2,6.1,7.55,0.5219774365234374,4,15
2026-05-02,US0090661010,ABNB,2026-05-29,call,144.0,6.65,5.85,6.85,0.5051319018554687,1,15
2026-05-02,US0090661010,ABNB,2026-05-29,call,145.0,5.8,5.65,6.4,0.5029346582031251,1,112
2026-05-02,US0090661010,ABNB,2026-05-29,call,146.0,5.34,5.1,6.25,0.5188036401367188,1,40
2026-05-02,US0090661010,ABNB,2026-05-29,call,147.0,5.06,4.35,5.55,0.49805189453125004,1,153
2026-05-02,US0090661010,ABNB,2026-05-29,call,148.0,5.88,4.25,5.45,0.5150194982910157,2,11
2026-05-02,US0090661010,ABNB,2026-05-29,call,149.0,6.07,4.0,4.8,0.4946339599609375,11,22
2026-05-02,US0090661010,ABNB,2026-05-29,call,150.0,3.83,3.7,4.45,0.4928029235839845,2,96
2026-05-02,US0090661010,ABNB,2026-05-29,call,152.5,3.35,2.56,3.65,0.48779809082031256,9,17
2026-05-02,US0090661010,ABNB,2026-05-29,call,155.0,2.54,2.12,2.81,0.47119669433593747,7,57
2026-05-02,US0090661010,ABNB,2026-05-29,call,160.0,1.87,1.09,2.06,0.4899953344726563,2,41
2026-05-02,US0090661010,ABNB,2026-05-29,call,162.5,0.9,0.81,1.45,0.46680220703125,4,43
2026-05-02,US0090661010,ABNB,2026-05-29,call,165.0,1.46,0.43,1.43,0.49805189453125004,8,78
2026-05-02,US0090661010,ABNB,2026-05-29,call,170.0,1.17,0.01,1.25,0.5400436621093752,,17
2026-05-02,US0090661010,ABNB,2026-05-29,call,175.0,0.41,0.0,0.95,0.5571333349609376,15,21
2026-05-02,US0090661010,ABNB,2026-05-29,put,95.0,0.26,0.0,0.75,0.804689453125,,1
2026-05-02,US0090661010,ABNB,2026-05-29,put,100.0,0.27,0.03,0.64,0.70117486328125,30,38
2026-05-02,US0090661010,ABNB,2026-05-29,put,105.0,0.57,0.0,0.75,0.63086306640625,10,5
2026-05-02,US0090661010,ABNB,2026-05-29,put,110.0,1.28,0.0,0.85,0.5620160986328125,,2
2026-05-02,US0090661010,ABNB,2026-05-29,put,113.0,0.51,0.26,0.98,0.5576216113281252,245,256
2026-05-02,US0090661010,ABNB,2026-05-29,put,114.0,0.61,0.17,1.08,0.541264353027344,1,6
2026-05-02,US0090661010,ABNB,2026-05-29,put,115.0,0.55,0.18,1.13,0.5297898583984376,3,267
2026-05-02,US0090661010,ABNB,2026-05-29,put,116.0,0.62,0.27,0.97,0.50586431640625,2,286
2026-05-02,US0090661010,ABNB,2026-05-29,put,117.0,0.79,0.44,0.88,0.534184345703125,4,31
2026-05-02,US0090661010,ABNB,2026-05-29,put,118.0,0.81,0.4,1.18,0.5014698291015626,2,26
2026-05-02,US0090661010,ABNB,2026-05-29,put,119.0,0.75,0.45,0.99,0.5148974291992188,24,276
2026-05-02,US0090661010,ABNB,2026-05-29,put,120.0,0.94,0.53,1.42,0.5539595385742189,5,27
2026-05-02,US0090661010,ABNB,2026-05-29,put,121.0,1.18,0.81,1.53,0.5024463818359376,2,15
2026-05-02,US0090661010,ABNB,2026-05-29,put,122.0,1.34,0.77,1.7,0.5468795312500001,2,19
2026-05-02,US0090661010,ABNB,2026-05-29,put,123.0,1.45,1.07,1.91,0.5029346582031251,2,37
2026-05-02,US0090661010,ABNB,2026-05-29,put,124.0,1.62,0.91,2.08,0.5457809094238282,1,96
2026-05-02,US0090661010,ABNB,2026-05-29,put,125.0,1.72,1.05,2.24,0.5401657312011721,4,336
2026-05-02,US0090661010,ABNB,2026-05-29,put,126.0,1.91,1.42,2.4,0.5335740002441407,7,433
2026-05-02,US0090661010,ABNB,2026-05-29,put,127.0,1.99,1.55,2.48,0.5188036401367188,2,17
2026-05-02,US0090661010,ABNB,2026-05-29,put,128.0,2.24,1.84,2.57,0.5045215563964844,25,182
2026-05-02,US0090661010,ABNB,2026-05-29,put,129.0,2.42,1.79,2.97,0.5158739819335938,3,12
2026-05-02,US0090661010,ABNB,2026-05-29,put,130.0,2.55,2.16,3.05,0.499028447265625,12,76
2026-05-02,US0090661010,ABNB,2026-05-29,put,131.0,2.88,2.9,3.3,0.495122236328125,70,7
2026-05-02,US0090661010,ABNB,2026-05-29,put,132.0,2.7,2.65,4.0,0.5238084729003907,4,7
2026-05-02,US0090661010,ABNB,2026-05-29,put,133.0,3.38,2.66,4.2,0.5129443237304687,6,9
2026-05-02,US0090661010,ABNB,2026-05-29,put,134.0,4.98,3.25,4.4,0.5012256909179689,1,4
2026-05-02,US0090661010,ABNB,2026-05-29,put,135.0,4.12,4.1,4.75,0.4991505163574219,28,39
2026-05-02,US0090661010,ABNB,2026-05-29,put,137.0,6.06,4.55,5.3,0.4809622216796875,2,9
2026-05-02,US0090661010,ABNB,2026-05-29,put,138.0,6.58,5.25,5.65,0.47510290527343746,4,9
2026-05-02,US0090661010,ABNB,2026-05-29,put,139.0,7.26,5.25,6.2,0.48120635986328125,4,9
2026-05-02,US0090661010,ABNB,2026-05-29,put,140.0,5.6,6.05,6.55,0.4726615234375,2,3
2026-05-02,US0090661010,ABNB,2026-05-29,put,141.0,6.85,6.5,7.05,0.4726615234375,1,3
2026-05-02,US0090661010,ABNB,2026-05-29,put,142.0,7.47,7.0,7.65,0.477544287109375,1,2
2026-05-02,US0090661010,ABNB,2026-05-29,put,143.0,9.77,7.5,8.2,0.47803256347656253,1,7
2026-05-02,US0090661010,ABNB,2026-05-29,put,144.0,10.4,7.3,8.45,0.4577690942382813,2,10
2026-05-02,US0090661010,ABNB,2026-05-29,put,148.0,13.35,9.8,10.8,0.4497125341796875,2,12
2026-05-02,US0090661010,ABNB,2026-06-05,call,124.0,19.38,19.1,21.35,0.5305222729492188,1,1
2026-05-02,US0090661010,ABNB,2026-06-05,call,147.0,5.65,5.2,5.8,0.459966337890625,14,7
2026-05-02,US0090661010,ABNB,2026-06-05,put,130.0,3.99,2.44,3.7,0.49268085449218757,1,7
2026-05-02,US0090661010,ABNB,2026-06-05,put,135.0,5.0,3.95,5.1,0.4682670361328125,2,8
2026-05-02,US0090661010,ABNB,2026-06-18,call,60.0,60.05,77.15,79.25,1.0000000000000003e-05,2,12
2026-05-02,US0090661010,ABNB,2026-06-18,call,65.0,66.8,64.75,67.85,1.0000000000000003e-05,1,0
2026-05-02,US0090661010,ABNB,2026-06-18,call,70.0,68.69,59.95,63.0,1.0000000000000003e-05,1,2
2026-05-02,US0090661010,ABNB,2026-06-18,call,75.0,53.2,41.45,43.1,1.0000000000000003e-05,2,39
2026-05-02,US0090661010,ABNB,2026-06-18,call,80.0,38.85,0.0,0.0,1.0000000000000003e-05,2,0
2026-05-02,US0090661010,ABNB,2026-06-18,call,85.0,40.75,46.0,48.7,1.0000000000000003e-05,2,3
2026-05-02,US0090661010,ABNB,2026-06-18,call,90.0,52.93,51.3,53.7,0.8032246240234374,2,70
2026-05-02,US0090661010,ABNB,2026-06-18,call,95.0,26.19,0.0,0.0,1.0000000000000003e-05,2,0
2026-05-02,US0090661010,ABNB,2026-06-18,call,100.0,43.8,41.9,44.5,0.7517114672851561,4,47
2026-05-02,US0090661010,ABNB,2026-06-18,call,105.0,31.65,0.0,0.0,1.0000000000000003e-05,9,0
2026-05-02,US0090661010,ABNB,2026-06-18,call,110.0,33.42,32.55,35.05,0.6518589501953126,1,105
2026-05-02,US0090661010,ABNB,2026-06-18,call,115.0,27.1,28.3,30.45,0.6186561572265626,1,175
2026-05-02,US0090661010,ABNB,2026-06-18,call,120.0,24.27,23.4,25.95,0.5551802294921876,50,669
2026-05-02,US0090661010,ABNB,2026-06-18,call,125.0,20.17,19.25,21.55,0.5158739819335938,50,554
2026-05-02,US0090661010,ABNB,2026-06-18,call,130.0,17.05,15.55,16.9,0.5102588037109376,7,873
2026-05-02,US0090661010,ABNB,2026-06-18,call,135.0,13.28,12.1,13.6,0.49622085815429695,5,658
2026-05-02,US0090661010,ABNB,2026-06-18,call,140.0,9.98,9.7,10.3,0.46417772155761716,26,1711
2026-05-02,US0090661010,ABNB,2026-06-18,call,145.0,7.59,7.2,8.0,0.4624077197265626,4,1784
2026-05-02,US0090661010,ABNB,2026-06-18,call,150.0,5.54,5.1,6.0,0.4555718505859375,38,1739
2026-05-02,US0090661010,ABNB,2026-06-18,call,155.0,3.88,3.55,4.1,0.43335527587890627,141,1583
2026-05-02,US0090661010,ABNB,2026-06-18,call,160.0,2.72,2.46,2.83,0.4246883703613281,10,1027
2026-05-02,US0090661010,ABNB,2026-06-18,call,165.0,1.85,1.61,1.96,0.42212491943359376,8,1313
2026-05-02,US0090661010,ABNB,2026-06-18,call,170.0,1.2,0.96,1.37,0.42358974853515624,5,1249
2026-05-02,US0090661010,ABNB,2026-06-18,call,175.0,0.8,0.57,0.92,0.42212491943359376,5,679
2026-05-02,US0090661010,ABNB,2026-06-18,call,180.0,0.56,0.22,0.71,0.43555251953125,1,744
2026-05-02,US0090661010,ABNB,2026-06-18,call,185.0,0.22,0.16,0.52,0.44287666503906253,9,251
2026-05-02,US0090661010,ABNB,2026-06-18,call,190.0,0.18,0.08,0.39,0.45166563964843753,1,310
2026-05-02,US0090661010,ABNB,2026-06-18,call,195.0,0.16,0.01,0.29,0.45898978515625005,25,258
2026-05-02,US0090661010,ABNB,2026-06-18,call,200.0,0.01,0.02,0.37,0.508793974609375,27,265
2026-05-02,US0090661010,ABNB,2026-06-18,call,210.0,0.09,0.0,0.22,0.5210008837890624,1,429
2026-05-02,US0090661010,ABNB,2026-06-18,put,55.0,0.03,0.0,0.4,1.201175869140625,3,61
2026-05-02,US0090661010,ABNB,2026-06-18,put,60.0,0.18,0.01,0.13,0.9609378906249999,1,22
2026-05-02,US0090661010,ABNB,2026-06-18,put,65.0,0.52,0.0,0.0,0.500005,100,0
2026-05-02,US0090661010,ABNB,2026-06-18,put,70.0,0.1,0.0,0.59,0.9726565234375,1,34
2026-05-02,US0090661010,ABNB,2026-06-18,put,75.0,0.07,0.0,0.33,0.8125018749999999,2,155
2026-05-02,US0090661010,ABNB,2026-06-18,put,80.0,0.13,0.0,0.24,0.7050810742187501,6,189
2026-05-02,US0090661010,ABNB,2026-06-18,put,85.0,0.18,0.0,0.28,0.6513706738281251,1,1326
2026-05-02,US0090661010,ABNB,2026-06-18,put,90.0,0.16,0.0,0.26,0.5800823242187501,4,379
2026-05-02,US0090661010,ABNB,2026-06-18,put,95.0,0.23,0.1,0.39,0.5712933496093751,1,1985
2026-05-02,US0090661010,ABNB,2026-06-18,put,100.0,0.31,0.27,0.57,0.5585981640625001,98,2607
2026-05-02,US0090661010,ABNB,2026-06-18,put,105.0,0.55,0.17,0.86,0.5131884619140624,2,1451
2026-05-02,US0090661010,ABNB,2026-06-18,put,110.0,0.81,0.5,1.19,0.5012256909179689,17,1984
2026-05-02,US0090661010,ABNB,2026-06-18,put,115.0,1.07,1.07,1.38,0.4943898217773438,31,1626
2026-05-02,US0090661010,ABNB,2026-06-18,put,120.0,1.81,1.6,1.84,0.4611870288085938,142,1545
2026-05-02,US0090661010,ABNB,2026-06-18,put,125.0,2.74,2.43,2.91,0.4603325451660156,7,2464
2026-05-02,US0090661010,ABNB,2026-06-18,put,130.0,4.0,3.65,4.15,0.44739322143554683,7,1028
2026-05-02,US0090661010,ABNB,2026-06-18,put,135.0,5.1,5.25,5.7,0.4315242395019532,8,1241
2026-05-02,US0090661010,ABNB,2026-06-18,put,140.0,7.25,7.2,7.8,0.4227962994384765,36,442
2026-05-02,US0090661010,ABNB,2026-06-18,put,145.0,9.2,9.7,10.5,0.42139250488281255,23,469
2026-05-02,US0090661010,ABNB,2026-06-18,put,150.0,13.75,11.9,13.3,0.4027159338378906,1,625
2026-05-02,US0090661010,ABNB,2026-06-18,put,155.0,39.15,0.0,0.0,1.0000000000000003e-05,3,0
2026-05-02,US0090661010,ABNB,2026-06-18,put,160.0,19.66,18.5,21.0,0.414068359375,2,31
2026-05-02,US0090661010,ABNB,2026-06-18,put,165.0,23.82,22.9,25.4,0.42969320312500003,2,13
2026-05-02,US0090661010,ABNB,2026-06-18,put,170.0,47.45,50.9,54.2,1.6547868823242187,2,2
2026-05-02,US0090661010,ABNB,2026-06-18,put,175.0,54.85,53.35,55.8,1.5740377743530272,7,7
2026-05-02,US0090661010,ABNB,2026-06-18,put,200.0,71.0,77.4,79.45,1.793213924560547,1,0
2026-05-02,US0090661010,ABNB,2026-07-17,call,60.0,53.87,77.3,81.05,1.0000000000000003e-05,,1
2026-05-02,US0090661010,ABNB,2026-07-17,call,70.0,61.09,71.2,74.4,0.9858399853515626,1,10
2026-05-02,US0090661010,ABNB,2026-07-17,call,75.0,57.5,58.5,61.4,1.0000000000000003e-05,1,3
2026-05-02,US0090661010,ABNB,2026-07-17,call,80.0,49.4,61.1,64.15,0.7939473730468749,2,3
2026-05-02,US0090661010,ABNB,2026-07-17,call,90.0,54.31,51.8,54.7,0.7377955908203124,1,2
2026-05-02,US0090661010,ABNB,2026-07-17,call,95.0,37.22,47.3,50.1,0.7141141870117188,2,13
2026-05-02,US0090661010,ABNB,2026-07-17,call,100.0,45.05,42.45,45.15,0.6518589501953126,2,5
2026-05-02,US0090661010,ABNB,2026-07-17,call,105.0,26.25,37.85,40.5,0.6129189099121095,1,17
2026-05-02,US0090661010,ABNB,2026-07-17,call,110.0,34.95,33.15,35.9,0.56836369140625,1,35
2026-05-02,US0090661010,ABNB,2026-07-17,call,115.0,32.15,29.05,31.45,0.543949873046875,3,30
2026-05-02,US0090661010,ABNB,2026-07-17,call,120.0,23.6,24.6,27.4,0.5128222546386718,4,157
2026-05-02,US0090661010,ABNB,2026-07-17,call,125.0,22.76,21.2,22.2,0.4964039617919922,2,81
2026-05-02,US0090661010,ABNB,2026-07-17,call,130.0,17.5,17.15,18.7,0.48242705078125003,1,305
2026-05-02,US0090661010,ABNB,2026-07-17,call,135.0,14.87,14.35,15.5,0.46936565795898444,2,293
2026-05-02,US0090661010,ABNB,2026-07-17,call,140.0,12.27,11.35,12.3,0.44446356323242187,2,752
2026-05-02,US0090661010,ABNB,2026-07-17,call,145.0,9.6,8.95,10.15,0.4479425323486328,1,342
2026-05-02,US0090661010,ABNB,2026-07-17,call,150.0,7.55,6.7,8.0,0.4386652813720704,45,584
2026-05-02,US0090661010,ABNB,2026-07-17,call,155.0,5.75,5.1,6.0,0.42236905761718746,65,508
2026-05-02,US0090661010,ABNB,2026-07-17,call,160.0,4.35,3.8,4.85,0.4290828576660156,22,398
2026-05-02,US0090661010,ABNB,2026-07-17,call,165.0,3.04,2.76,3.25,0.4028380029296875,52,355
2026-05-02,US0090661010,ABNB,2026-07-17,call,170.0,2.28,1.95,2.3,0.3940490283203125,2,194
2026-05-02,US0090661010,ABNB,2026-07-17,call,175.0,1.8,1.36,1.99,0.41321387573242185,3,147
2026-05-02,US0090661010,ABNB,2026-07-17,call,180.0,1.32,0.74,1.36,0.4030821411132813,7,294
2026-05-02,US0090661010,ABNB,2026-07-17,call,185.0,0.75,0.52,0.97,0.40027455200195317,1,29
2026-05-02,US0090661010,ABNB,2026-07-17,call,190.0,1.0,0.0,1.41,0.46985393432617195,1,3
2026-05-02,US0090661010,ABNB,2026-07-17,call,195.0,0.38,0.0,0.77,0.43506424316406256,5,20
2026-05-02,US0090661010,ABNB,2026-07-17,call,200.0,0.5,0.0,0.44,0.414068359375,1,14
2026-05-02,US0090661010,ABNB,2026-07-17,put,60.0,0.18,0.07,0.63,0.9443364941406249,10,30
2026-05-02,US0090661010,ABNB,2026-07-17,put,65.0,0.57,0.06,0.63,0.86132951171875,10,10
2026-05-02,US0090661010,ABNB,2026-07-17,put,70.0,0.09,0.0,0.25,0.6777375976562501,2,29
2026-05-02,US0090661010,ABNB,2026-07-17,put,75.0,0.11,0.02,0.29,0.6357458300781251,1,14
2026-05-02,US0090661010,ABNB,2026-07-17,put,80.0,0.21,0.0,0.34,0.584965087890625,1,25
2026-05-02,US0090661010,ABNB,2026-07-17,put,85.0,0.2,0.08,0.61,0.5918009570312501,2,168
2026-05-02,US0090661010,ABNB,2026-07-17,put,90.0,0.32,0.01,0.54,0.5131884619140624,76,261
2026-05-02,US0090661010,ABNB,2026-07-17,put,95.0,0.47,0.29,0.75,0.516606396484375,20,224
2026-05-02,US0090661010,ABNB,2026-07-17,put,100.0,0.7,0.43,0.94,0.5239305419921875,50,131
2026-05-02,US0090661010,ABNB,2026-07-17,put,105.0,1.27,0.76,1.3,0.5043994873046875,3,116
2026-05-02,US0090661010,ABNB,2026-07-17,put,110.0,1.28,1.03,1.7,0.47900911621093745,50,573
2026-05-02,US0090661010,ABNB,2026-07-17,put,115.0,1.87,1.54,2.07,0.44397528686523435,1,254
2026-05-02,US0090661010,ABNB,2026-07-17,put,120.0,2.59,2.55,3.0,0.437505625,6,429
2026-05-02,US0090661010,ABNB,2026-07-17,put,125.0,3.8,3.55,4.1,0.42578699218750005,26,171
2026-05-02,US0090661010,ABNB,2026-07-17,put,130.0,5.08,4.85,5.7,0.42358974853515624,4,458
2026-05-02,US0090661010,ABNB,2026-07-17,put,135.0,6.7,6.45,7.0,0.3943542010498047,54,285
2026-05-02,US0090661010,ABNB,2026-07-17,put,140.0,8.55,8.8,9.45,0.39819937744140627,7,149
2026-05-02,US0090661010,ABNB,2026-07-17,put,145.0,12.15,11.15,12.1,0.3944762701416016,1,84
2026-05-02,US0090661010,ABNB,2026-07-17,put,150.0,14.65,14.15,14.8,0.3781190118408203,2,6
2026-05-02,US0090661010,ABNB,2026-07-17,put,155.0,18.85,16.05,18.25,0.37708142456054683,10,12
2026-05-02,US0090661010,ABNB,2026-07-17,put,180.0,35.85,37.5,39.3,0.36914693359375,,5
2026-05-02,US0090661010,ABNB,2026-09-18,call,60.0,74.25,73.55,77.7,1.0000000000000003e-05,1,3
2026-05-02,US0090661010,ABNB,2026-09-18,call,70.0,57.97,57.2,60.45,1.0000000000000003e-05,1,6
2026-05-02,US0090661010,ABNB,2026-09-18,call,75.0,47.4,63.7,66.4,1.0000000000000003e-05,2,1
2026-05-02,US0090661010,ABNB,2026-09-18,call,80.0,49.38,62.65,65.35,0.7312038598632812,5,21
2026-05-02,US0090661010,ABNB,2026-09-18,call,85.0,36.99,0.0,0.0,1.0000000000000003e-05,2,0
2026-05-02,US0090661010,ABNB,2026-09-18,call,90.0,42.1,53.35,56.2,0.6632113757324221,1,45
2026-05-02,US0090661010,ABNB,2026-09-18,call,95.0,36.43,48.55,51.35,0.6135292553710938,5,27
2026-05-02,US0090661010,ABNB,2026-09-18,call,100.0,30.35,44.05,46.85,0.582889913330078,1,49
2026-05-02,US0090661010,ABNB,2026-09-18,call,105.0,34.1,0.0,0.0,1.0000000000000003e-05,1,0
2026-05-02,US0090661010,ABNB,2026-09-18,call,110.0,37.3,35.7,38.3,0.5384567639160158,2,67
2026-05-02,US0090661010,ABNB,2026-09-18,call,115.0,33.6,31.85,34.15,0.5187426055908204,1,55
2026-05-02,US0090661010,ABNB,2026-09-18,call,120.0,31.0,27.75,29.7,0.5193529510498047,4,130
2026-05-02,US0090661010,ABNB,2026-09-18,call,125.0,25.17,24.15,26.75,0.5233812310791015,5,537
2026-05-02,US0090661010,ABNB,2026-09-18,call,130.0,19.85,21.25,23.4,0.5069019036865234,3,545
2026-05-02,US0090661010,ABNB,2026-09-18,call,135.0,19.27,17.75,19.95,0.4818167053222656,4,483
2026-05-02,US0090661010,ABNB,2026-09-18,call,140.0,15.6,15.3,16.75,0.45862357788085945,5,646
2026-05-02,US0090661010,ABNB,2026-09-18,call,145.0,13.7,12.9,14.05,0.4436701141357422,3,327
2026-05-02,US0090661010,ABNB,2026-09-18,call,150.0,11.5,10.6,11.85,0.43622389953613283,4,1771
2026-05-02,US0090661010,ABNB,2026-09-18,call,155.0,9.43,8.65,9.9,0.4292049267578125,111,315
2026-05-02,US0090661010,ABNB,2026-09-18,call,160.0,7.67,7.1,8.0,0.4167538793945312,1,1718
2026-05-02,US0090661010,ABNB,2026-09-18,call,165.0,6.4,6.05,6.7,0.4158993957519531,24,596
2026-05-02,US0090661010,ABNB,2026-09-18,call,170.0,5.2,4.9,5.45,0.4105283557128906,2,380
2026-05-02,US0090661010,ABNB,2026-09-18,call,175.0,4.1,3.95,4.6,0.4130307720947265,70,247
2026-05-02,US0090661010,ABNB,2026-09-18,call,180.0,3.25,3.2,3.55,0.4023497265625,6,278
2026-05-02,US0090661010,ABNB,2026-09-18,call,185.0,2.68,2.35,2.98,0.4052183502197265,3,448
2026-05-02,US0090661010,ABNB,2026-09-18,call,190.0,1.61,1.91,2.56,0.41089456298828125,2,299
2026-05-02,US0090661010,ABNB,2026-09-18,call,195.0,2.29,1.25,2.1,0.4107724938964844,2,27
2026-05-02,US0090661010,ABNB,2026-09-18,call,200.0,1.96,0.96,1.81,0.4161435339355468,1,143
2026-05-02,US0090661010,ABNB,2026-09-18,call,210.0,1.15,0.56,1.12,0.40869731933593745,1,40
2026-05-02,US0090661010,ABNB,2026-09-18,put,60.0,0.02,0.0,0.52,0.6684603466796877,5,141
2026-05-02,US0090661010,ABNB,2026-09-18,put,65.0,0.21,0.0,0.58,0.6215858154296876,1,45
2026-05-02,US0090661010,ABNB,2026-09-18,put,70.0,0.28,0.0,0.47,0.5498091894531252,1,21
2026-05-02,US0090661010,ABNB,2026-09-18,put,75.0,0.4,0.0,0.8,0.5459029785156251,2,95
2026-05-02,US0090661010,ABNB,2026-09-18,put,80.0,0.52,0.15,0.7,0.5019581054687501,4,57
2026-05-02,US0090661010,ABNB,2026-09-18,put,85.0,1.02,0.31,1.06,0.5471236694335939,58,357
2026-05-02,US0090661010,ABNB,2026-09-18,put,90.0,1.13,0.54,1.28,0.5183153637695312,20,1343
2026-05-02,US0090661010,ABNB,2026-09-18,put,95.0,1.43,1.0,1.66,0.5003712072753908,2,128
2026-05-02,US0090661010,ABNB,2026-09-18,put,100.0,1.9,1.29,1.89,0.46619186157226566,10,1318
2026-05-02,US0090661010,ABNB,2026-09-18,put,105.0,2.2,1.77,2.51,0.45435115966796874,67,464
2026-05-02,US0090661010,ABNB,2026-09-18,put,110.0,2.72,2.18,3.3,0.44385321777343745,45,588
2026-05-02,US0090661010,ABNB,2026-09-18,put,115.0,3.5,3.5,3.95,0.4195614685058594,127,804
2026-05-02,US0090661010,ABNB,2026-09-18,put,120.0,4.85,4.7,5.1,0.41040628662109374,9,843
2026-05-02,US0090661010,ABNB,2026-09-18,put,125.0,6.7,6.0,6.45,0.40027455200195317,7,1312
2026-05-02,US0090661010,ABNB,2026-09-18,put,130.0,7.7,7.65,8.05,0.39038695556640624,3,486
2026-05-02,US0090661010,ABNB,2026-09-18,put,135.0,10.0,9.3,10.0,0.38318487915039057,1,234
2026-05-02,US0090661010,ABNB,2026-09-18,put,140.0,12.87,11.15,12.35,0.3792786682128906,1,224
2026-05-02,US0090661010,ABNB,2026-09-18,put,145.0,13.85,13.4,14.95,0.37402969726562496,1,75
2026-05-02,US0090661010,ABNB,2026-09-18,put,150.0,17.2,15.9,17.7,0.364813480834961,1,221
2026-05-02,US0090661010,ABNB,2026-09-18,put,155.0,27.8,0.0,0.0,1.0000000000000003e-05,1,0
2026-05-02,US0090661010,ABNB,2026-09-18,put,160.0,30.95,0.0,0.0,1.0000000000000003e-05,1,0
2026-05-02,US0090661010,ABNB,2026-09-18,put,165.0,33.07,26.5,28.05,0.3508365698242187,2,1
2026-05-02,US0090661010,ABNB,2026-09-18,put,170.0,38.6,0.0,0.0,1.0000000000000003e-05,1,0
2026-05-02,US0090661010,ABNB,2026-09-18,put,175.0,38.2,51.7,52.35,0.8484512225341796,1,6
2026-05-02,US0090661010,ABNB,2026-09-18,put,180.0,51.27,38.1,40.4,0.33667655517578127,1,1
2026-05-02,US0090661010,ABNB,2026-09-18,put,185.0,60.8,42.75,44.95,0.33777517700195314,1,1
2026-05-02,US0090661010,ABNB,2026-10-16,call,70.0,73.55,72.65,75.35,0.7939473730468749,1,1
2026-05-02,US0090661010,ABNB,2026-10-16,call,105.0,42.38,39.95,43.4,0.5337571038818358,1,2
2026-05-02,US0090661010,ABNB,2026-10-16,call,120.0,29.86,29.3,31.45,0.5307664111328125,1,1
2026-05-02,US0090661010,ABNB,2026-10-16,call,125.0,28.87,25.75,27.5,0.5004322418212892,162,97
2026-05-02,US0090661010,ABNB,2026-10-16,call,130.0,23.6,22.45,24.3,0.48846947082519543,2,44
2026-05-02,US0090661010,ABNB,2026-10-16,call,135.0,19.2,19.3,20.9,0.46582565429687506,9,19
2026-05-02,US0090661010,ABNB,2026-10-16,call,140.0,18.87,16.6,18.25,0.45844047424316414,5,11
2026-05-02,US0090661010,ABNB,2026-10-16,call,145.0,12.26,14.3,15.2,0.43503372589111333,2,125
2026-05-02,US0090661010,ABNB,2026-10-16,call,150.0,12.5,12.1,12.95,0.42694664855957043,1,717
2026-05-02,US0090661010,ABNB,2026-10-16,call,155.0,12.82,10.2,10.95,0.41968353759765625,1,21
2026-05-02,US0090661010,ABNB,2026-10-16,call,160.0,8.15,8.25,9.15,0.41199318481445313,3,525
2026-05-02,US0090661010,ABNB,2026-10-16,call,165.0,6.71,6.75,7.95,0.41547215393066406,8,605
2026-05-02,US0090661010,ABNB,2026-10-16,call,170.0,5.65,5.25,6.6,0.4096738720703125,2,646
2026-05-02,US0090661010,ABNB,2026-10-16,call,175.0,5.07,4.65,5.55,0.4078428356933594,3,41
2026-05-02,US0090661010,ABNB,2026-10-16,call,180.0,4.6,3.75,4.5,0.40106800109863283,4,29
2026-05-02,US0090661010,ABNB,2026-10-16,call,185.0,3.4,2.95,3.6,0.39417109741210943,1,3
2026-05-02,US0090661010,ABNB,2026-10-16,call,190.0,2.67,2.47,3.25,0.4041197283935547,8,40
2026-05-02,US0090661010,ABNB,2026-10-16,call,200.0,1.44,1.61,2.49,0.414068359375,1,2
2026-05-02,US0090661010,ABNB,2026-10-16,put,65.0,0.51,0.0,0.67,0.5805706005859376,,1
2026-05-02,US0090661010,ABNB,2026-10-16,put,70.0,1.27,0.04,0.6,0.526371923828125,2,7
2026-05-02,US0090661010,ABNB,2026-10-16,put,80.0,1.38,0.52,0.99,0.5107470800781251,11,26
2026-05-02,US0090661010,ABNB,2026-10-16,put,85.0,1.21,0.55,1.27,0.5207567456054687,1,40
2026-05-02,US0090661010,ABNB,2026-10-16,put,90.0,1.35,0.84,1.57,0.49805189453125004,37,102
2026-05-02,US0090661010,ABNB,2026-10-16,put,95.0,1.73,1.4,1.81,0.4676566906738281,10,11
2026-05-02,US0090661010,ABNB,2026-10-16,put,100.0,2.32,1.72,2.83,0.48169463623046876,10,21
2026-05-02,US0090661010,ABNB,2026-10-16,put,105.0,2.74,1.57,3.55,0.4674125524902344,1,22
2026-05-02,US0090661010,ABNB,2026-10-16,put,110.0,3.4,1.91,4.6,0.46155323608398446,1,13
2026-05-02,US0090661010,ABNB,2026-10-16,put,115.0,4.22,4.0,5.0,0.42407802490234375,4,27
2026-05-02,US0090661010,ABNB,2026-10-16,put,120.0,6.06,5.1,6.15,0.41107766662597656,3,70
2026-05-02,US0090661010,ABNB,2026-10-16,put,125.0,6.9,6.55,7.65,0.4031431756591797,50,91
2026-05-02,US0090661010,ABNB,2026-10-16,put,130.0,8.05,7.85,9.15,0.38837281555175784,1,23
2026-05-02,US0090661010,ABNB,2026-10-16,put,135.0,11.0,9.85,11.3,0.385473674621582,1,34
2026-05-02,US0090661010,ABNB,2026-10-16,put,140.0,13.35,12.25,13.25,0.3700624517822265,1,18
2026-05-02,US0090661010,ABNB,2026-10-16,put,145.0,25.2,14.85,15.9,0.36627830993652344,1,3
2026-05-02,US0090661010,ABNB,2026-10-16,put,150.0,17.05,17.1,18.6,0.3567569207763671,2,2
2026-05-02,US0090661010,ABNB,2026-10-16,put,155.0,20.95,20.15,21.7,0.35071450073242183,1,1
2026-05-02,US0090661010,ABNB,2026-10-16,put,170.0,30.1,30.25,32.5,0.3336858624267578,,2
2026-05-02,US0090661010,ABNB,2026-12-18,call,55.0,85.88,71.8,72.95,1.0000000000000003e-05,,1
2026-05-02,US0090661010,ABNB,2026-12-18,call,60.0,68.85,0.0,0.0,1.0000000000000003e-05,4,0
2026-05-02,US0090661010,ABNB,2026-12-18,call,65.0,59.45,52.3,55.15,1.0000000000000003e-05,3,21
2026-05-02,US0090661010,ABNB,2026-12-18,call,70.0,57.65,58.85,61.8,1.0000000000000003e-05,14,27
2026-05-02,US0090661010,ABNB,2026-12-18,call,75.0,69.35,68.3,71.6,0.6848176049804688,1,7
2026-05-02,US0090661010,ABNB,2026-12-18,call,80.0,44.42,0.0,0.0,1.0000000000000003e-05,7,0
2026-05-02,US0090661010,ABNB,2026-12-18,call,85.0,48.82,60.0,62.0,0.6302527209472657,4,31
2026-05-02,US0090661010,ABNB,2026-12-18,call,90.0,53.16,55.4,58.1,0.6107827008056643,1,63
2026-05-02,US0090661010,ABNB,2026-12-18,call,95.0,49.24,51.1,53.75,0.5853312951660157,2,18
2026-05-02,US0090661010,ABNB,2026-12-18,call,100.0,48.6,47.1,49.5,0.5654340332031251,100,293
2026-05-02,US0090661010,ABNB,2026-12-18,call,105.0,45.23,42.9,45.55,0.5445602185058593,1,35
2026-05-02,US0090661010,ABNB,2026-12-18,call,110.0,37.75,39.15,41.5,0.5264939929199219,1,103
2026-05-02,US0090661010,ABNB,2026-12-18,call,115.0,30.85,36.05,37.6,0.5169726037597657,4,276
2026-05-02,US0090661010,ABNB,2026-12-18,call,120.0,34.4,31.85,34.4,0.5321396884155273,4,295
2026-05-02,US0090661010,ABNB,2026-12-18,call,125.0,30.1,28.8,30.55,0.5045825909423829,1,174
2026-05-02,US0090661010,ABNB,2026-12-18,call,130.0,26.16,25.4,28.0,0.5063525927734375,5,223
2026-05-02,US0090661010,ABNB,2026-12-18,call,135.0,23.95,22.6,25.0,0.4929860272216797,7,1313
2026-05-02,US0090661010,ABNB,2026-12-18,call,140.0,20.7,20.1,21.9,0.4738822143554688,1,307
2026-05-02,US0090661010,ABNB,2026-12-18,call,145.0,17.1,17.65,19.25,0.461492201538086,5,316
2026-05-02,US0090661010,ABNB,2026-12-18,call,150.0,15.9,15.3,16.75,0.4486444296264648,1,941
2026-05-02,US0090661010,ABNB,2026-12-18,call,155.0,13.85,13.15,14.7,0.44196114685058596,2,171
2026-05-02,US0090661010,ABNB,2026-12-18,call,160.0,13.58,11.05,13.15,0.44275459594726563,1,604
2026-05-02,US0090661010,ABNB,2026-12-18,call,165.0,11.0,9.95,11.35,0.43420975952148444,1,373
2026-05-02,US0090661010,ABNB,2026-12-18,call,170.0,9.05,8.55,9.3,0.41580784393310544,1,292
2026-05-02,US0090661010,ABNB,2026-12-18,call,175.0,8.0,7.05,8.1,0.4137631866455078,1,198
2026-05-02,US0090661010,ABNB,2026-12-18,call,180.0,6.7,6.1,7.1,0.41345801391601555,9,221
2026-05-02,US0090661010,ABNB,2026-12-18,call,185.0,5.65,5.4,6.3,0.4155331884765625,3,118
2026-05-02,US0090661010,ABNB,2026-12-18,call,190.0,4.9,4.25,5.35,0.4105283557128906,185,218
2026-05-02,US0090661010,ABNB,2026-12-18,call,195.0,5.03,3.6,4.65,0.4097959411621094,1,72
2026-05-02,US0090661010,ABNB,2026-12-18,call,200.0,3.46,3.0,4.0,0.40796490478515623,1,652
2026-05-02,US0090661010,ABNB,2026-12-18,call,210.0,2.6,1.95,2.99,0.4063780065917969,1,897
2026-05-02,US0090661010,ABNB,2026-12-18,call,220.0,1.82,1.49,2.08,0.39819937744140627,4,204
2026-05-02,US0090661010,ABNB,2026-12-18,call,230.0,1.2,0.94,1.57,0.39929799926757814,3,370
2026-05-02,US0090661010,ABNB,2026-12-18,call,240.0,1.08,0.45,1.27,0.40601179931640624,1,197
2026-05-02,US0090661010,ABNB,2026-12-18,call,250.0,0.65,0.37,0.74,0.387701435546875,5,425
2026-05-02,US0090661010,ABNB,2026-12-18,put,55.0,0.64,0.0,0.0,0.2500075,1,0
2026-05-02,US0090661010,ABNB,2026-12-18,put,60.0,0.56,0.05,0.62,0.5410202148437502,2,503
2026-05-02,US0090661010,ABNB,2026-12-18,put,65.0,0.63,0.01,0.76,0.5063525927734375,2,230
2026-05-02,US0090661010,ABNB,2026-12-18,put,70.0,0.89,0.01,1.16,0.5715374877929689,2,370
2026-05-02,US0090661010,ABNB,2026-12-18,put,75.0,1.12,0.6,1.69,0.5216112292480468,2,133
2026-05-02,US0090661010,ABNB,2026-12-18,put,80.0,1.3,1.0,1.82,0.5324753784179688,1,597
2026-05-02,US0090661010,ABNB,2026-12-18,put,85.0,1.39,1.19,1.88,0.4899953344726563,3,977
2026-05-02,US0090661010,ABNB,2026-12-18,put,90.0,2.0,1.85,2.51,0.48352567260742196,12,626
2026-05-02,US0090661010,ABNB,2026-12-18,put,95.0,3.1,2.21,3.2,0.4734549725341797,51,787
2026-05-02,US0090661010,ABNB,2026-12-18,put,100.0,3.5,2.86,3.65,0.44788149780273434,1,1751
2026-05-02,US0090661010,ABNB,2026-12-18,put,105.0,4.5,3.85,4.6,0.4398249377441406,6,620
2026-05-02,US0090661010,ABNB,2026-12-18,put,110.0,5.72,4.65,5.65,0.4298763067626954,6,3829
2026-05-02,US0090661010,ABNB,2026-12-18,put,115.0,6.66,5.5,6.9,0.4211483666992188,1,556
2026-05-02,US0090661010,ABNB,2026-12-18,put,120.0,7.5,7.2,8.6,0.4200497448730469,3,736
2026-05-02,US0090661010,ABNB,2026-12-18,put,125.0,9.17,8.7,10.3,0.4130307720947265,1,641
2026-05-02,US0090661010,ABNB,2026-12-18,put,130.0,12.35,10.25,12.15,0.40479110839843746,2,428
2026-05-02,US0090661010,ABNB,2026-12-18,put,135.0,13.95,12.35,13.75,0.3859924682617187,2,1347
2026-05-02,US0090661010,ABNB,2026-12-18,put,140.0,15.95,14.8,16.25,0.3834290173339844,20,450
2026-05-02,US0090661010,ABNB,2026-12-18,put,145.0,26.76,16.75,18.35,0.36694968994140625,14,51
2026-05-02,US0090661010,ABNB,2026-12-18,put,150.0,19.45,19.85,21.35,0.3656374472045898,1,39
2026-05-02,US0090661010,ABNB,2026-12-18,put,155.0,31.22,22.6,24.25,0.3572146798706054,1,18
2026-05-02,US0090661010,ABNB,2026-12-18,put,160.0,41.75,36.3,39.1,0.5818523260498047,1,37
2026-05-02,US0090661010,ABNB,2026-12-18,put,165.0,48.27,50.65,52.45,0.8122577368164061,1,10
2026-05-02,US0090661010,ABNB,2026-12-18,put,170.0,54.85,0.0,0.0,1.0000000000000003e-05,2,0
2026-05-02,US0090661010,ABNB,2026-12-18,put,175.0,53.54,36.4,38.25,0.3305731005859375,1,9
2026-05-02,US0090661010,ABNB,2026-12-18,put,180.0,46.8,49.5,53.0,0.5559431613159181,14,31
2026-05-02,US0090661010,ABNB,2026-12-18,put,185.0,51.8,0.0,0.0,1.0000000000000003e-05,3,0
2026-05-02,US0090661010,ABNB,2026-12-18,put,190.0,65.56,58.5,62.0,0.581486118774414,2,3
2026-05-02,US0090661010,ABNB,2026-12-18,put,195.0,78.85,0.0,0.0,1.0000000000000003e-05,,0
2026-05-02,US0090661010,ABNB,2026-12-18,put,200.0,63.62,68.0,71.65,0.6155433953857423,4,5
2026-05-02,US0090661010,ABNB,2026-12-18,put,220.0,76.89,76.35,79.5,0.3491276025390625,2,17
2026-05-02,US0090661010,ABNB,2026-12-18,put,240.0,112.37,96.25,100.0,0.43054768676757815,1,0
2026-05-02,US0090661010,ABNB,2026-12-18,put,250.0,108.83,106.25,110.2,0.46594772338867196,3,11
2026-05-02,US0090661010,ABNB,2027-01-15,call,55.0,64.45,0.0,0.0,1.0000000000000003e-05,4,0
2026-05-02,US0090661010,ABNB,2027-01-15,call,60.0,78.0,0.0,0.0,1.0000000000000003e-05,2,0
2026-05-02,US0090661010,ABNB,2027-01-15,call,65.0,80.9,78.05,81.35,0.7475611181640626,2,20
2026-05-02,US0090661010,ABNB,2027-01-15,call,70.0,62.66,73.85,76.65,0.7222928161621094,1,27
2026-05-02,US0090661010,ABNB,2027-01-15,call,75.0,58.55,58.05,61.25,1.0000000000000003e-05,2,26
2026-05-02,US0090661010,ABNB,2027-01-15,call,80.0,62.5,0.0,0.0,1.0000000000000003e-05,1,0
2026-05-02,US0090661010,ABNB,2027-01-15,call,85.0,54.0,0.0,0.0,1.0000000000000003e-05,1,0
2026-05-02,US0090661010,ABNB,2027-01-15,call,90.0,49.05,55.0,58.75,0.5820354296875,2,53
2026-05-02,US0090661010,ABNB,2027-01-15,call,95.0,53.84,51.35,54.4,0.5697674859619142,1,25
2026-05-02,US0090661010,ABNB,2027-01-15,call,100.0,48.95,46.9,49.65,0.5331467584228515,1,221
2026-05-02,US0090661010,ABNB,2027-01-15,call,105.0,38.45,0.0,0.0,1.0000000000000003e-05,3,0
2026-05-02,US0090661010,ABNB,2027-01-15,call,110.0,40.2,39.75,42.25,0.5168505346679688,2,105
2026-05-02,US0090661010,ABNB,2027-01-15,call,115.0,37.64,36.1,38.75,0.5043994873046875,5,153
2026-05-02,US0090661010,ABNB,2027-01-15,call,120.0,34.4,33.05,34.8,0.5126086337280272,4,453
2026-05-02,US0090661010,ABNB,2027-01-15,call,125.0,29.68,29.85,31.7,0.5040332800292968,5,222
2026-05-02,US0090661010,ABNB,2027-01-15,call,130.0,27.18,26.6,28.55,0.490788783569336,5,773
2026-05-02,US0090661010,ABNB,2027-01-15,call,135.0,21.25,23.85,25.45,0.4755301470947265,1,915
2026-05-02,US0090661010,ABNB,2027-01-15,call,140.0,20.71,21.05,22.75,0.46582565429687506,1,8510
2026-05-02,US0090661010,ABNB,2027-01-15,call,145.0,19.32,18.55,20.25,0.4569756451416016,1,1606
2026-05-02,US0090661010,ABNB,2027-01-15,call,150.0,17.05,16.4,17.85,0.44681339324951175,5,1614
2026-05-02,US0090661010,ABNB,2027-01-15,call,155.0,15.5,14.4,16.25,0.45001770690917964,1,2246
2026-05-02,US0090661010,ABNB,2027-01-15,call,160.0,13.75,12.4,13.9,0.43408769042968753,5,1100
2026-05-02,US0090661010,ABNB,2027-01-15,call,165.0,11.37,10.9,11.85,0.42090422851562503,4,340
2026-05-02,US0090661010,ABNB,2027-01-15,call,170.0,9.1,9.4,10.55,0.4207211248779297,1,1526
2026-05-02,US0090661010,ABNB,2027-01-15,call,175.0,7.8,8.0,9.2,0.4163266375732422,2,502
2026-05-02,US0090661010,ABNB,2027-01-15,call,180.0,7.52,7.0,8.1,0.41473973937988284,5,987
2026-05-02,US0090661010,ABNB,2027-01-15,call,185.0,6.15,6.1,7.0,0.4102842175292969,1,338
2026-05-02,US0090661010,ABNB,2027-01-15,call,190.0,5.5,5.25,5.8,0.399969379272461,6,893
2026-05-02,US0090661010,ABNB,2027-01-15,call,195.0,5.5,4.45,5.2,0.40286852020263675,1,46
2026-05-02,US0090661010,ABNB,2027-01-15,call,200.0,4.2,3.9,4.6,0.40369248657226564,15,1016
2026-05-02,US0090661010,ABNB,2027-01-15,call,210.0,2.95,2.51,4.3,0.42828940856933595,1,1327
2026-05-02,US0090661010,ABNB,2027-01-15,call,220.0,2.31,1.64,3.3,0.4249325085449219,1,421
2026-05-02,US0090661010,ABNB,2027-01-15,call,230.0,1.95,1.36,1.65,0.38129280822753897,1,660
2026-05-02,US0090661010,ABNB,2027-01-15,call,240.0,1.29,0.92,1.35,0.3883117810058594,2,614
2026-05-02,US0090661010,ABNB,2027-01-15,put,55.0,0.29,0.14,0.43,0.5449264257812501,7,397
2026-05-02,US0090661010,ABNB,2027-01-15,put,60.0,0.53,0.38,0.82,0.5642133422851563,2,260
2026-05-02,US0090661010,ABNB,2027-01-15,put,65.0,0.6,0.31,0.83,0.5117236328125,1,241
2026-05-02,US0090661010,ABNB,2027-01-15,put,70.0,1.16,0.46,1.25,0.5063525927734375,70,135
2026-05-02,US0090661010,ABNB,2027-01-15,put,75.0,1.1,0.7,1.45,0.5200243310546875,1,140
2026-05-02,US0090661010,ABNB,2027-01-15,put,80.0,1.26,1.03,1.83,0.5036670727539063,10,718
2026-05-02,US0090661010,ABNB,2027-01-15,put,85.0,1.99,1.57,2.22,0.48413601806640627,60,463
2026-05-02,US0090661010,ABNB,2027-01-15,put,90.0,2.3,1.7,3.05,0.4846242944335938,1,993
2026-05-02,US0090661010,ABNB,2027-01-15,put,95.0,3.15,2.26,3.7,0.4694877270507813,1,2189
2026-05-02,US0090661010,ABNB,2027-01-15,put,100.0,3.52,3.5,5.25,0.48474636352539063,11,6454
2026-05-02,US0090661010,ABNB,2027-01-15,put,105.0,4.5,3.9,5.65,0.4519097778320313,20,2529
2026-05-02,US0090661010,ABNB,2027-01-15,put,110.0,6.01,5.45,6.4,0.4295100994873047,10,2813
2026-05-02,US0090661010,ABNB,2027-01-15,put,115.0,7.33,6.55,7.15,0.40491317749023437,2,681
2026-05-02,US0090661010,ABNB,2027-01-15,put,120.0,8.2,8.1,8.6,0.3967345483398438,424,6366
2026-05-02,US0090661010,ABNB,2027-01-15,put,125.0,10.25,9.6,10.2,0.3876404010009765,2,1813
2026-05-02,US0090661010,ABNB,2027-01-15,put,130.0,13.5,11.3,12.15,0.3822998782348632,1,750
2026-05-02,US0090661010,ABNB,2027-01-15,put,135.0,14.97,13.0,14.3,0.37665418273925777,1,3114
2026-05-02,US0090661010,ABNB,2027-01-15,put,140.0,16.14,15.3,16.35,0.36426416992187505,1,846
2026-05-02,US0090661010,ABNB,2027-01-15,put,145.0,16.88,17.9,19.0,0.36023588989257804,5,891
2026-05-02,US0090661010,ABNB,2027-01-15,put,150.0,30.9,20.5,21.7,0.3526981234741211,5,344
2026-05-02,US0090661010,ABNB,2027-01-15,put,155.0,24.6,23.35,24.6,0.3448246670532227,5,70
2026-05-02,US0090661010,ABNB,2027-01-15,put,160.0,26.42,26.15,27.8,0.33884328155517573,2,43
2026-05-02,US0090661010,ABNB,2027-01-15,put,165.0,34.1,29.6,31.25,0.3339300006103516,2,27
2026-05-02,US0090661010,ABNB,2027-01-15,put,170.0,34.52,32.85,34.9,0.32926085784912107,1,19
2026-05-02,US0090661010,ABNB,2027-01-15,put,175.0,38.33,36.7,38.65,0.32263860961914054,5,9
2026-05-02,US0090661010,ABNB,2027-01-15,put,180.0,42.02,40.5,42.45,0.3124458404541015,2,85
2026-05-02,US0090661010,ABNB,2027-01-15,put,185.0,69.86,47.5,51.5,0.43921459228515625,2,0
2026-05-02,US0090661010,ABNB,2027-01-15,put,190.0,71.69,52.75,55.55,0.43707838317871095,2,7
2026-05-02,US0090661010,ABNB,2027-01-15,put,195.0,59.48,0.0,0.0,1.0000000000000003e-05,4,0
2026-05-02,US0090661010,ABNB,2027-01-15,put,230.0,109.5,107.0,111.5,0.9024667956542969,,0
2026-05-02,US0090661010,ABNB,2027-01-15,put,240.0,137.86,109.7,116.35,0.7952290985107422,,0
2026-05-02,US0090661010,ABNB,2027-03-19,call,85.0,47.75,60.5,64.5,0.5939982006835938,8,9
2026-05-02,US0090661010,ABNB,2027-03-19,call,90.0,51.5,56.0,60.5,0.5715985223388673,1,1
2026-05-02,US0090661010,ABNB,2027-03-19,call,95.0,47.85,53.05,56.5,0.5724530059814454,,11
2026-05-02,US0090661010,ABNB,2027-03-19,call,100.0,46.0,48.15,52.5,0.5398605584716798,1,18
2026-05-02,US0090661010,ABNB,2027-03-19,call,110.0,32.31,40.5,45.0,0.5083056982421875,,1
2026-05-02,US0090661010,ABNB,2027-03-19,call,125.0,33.0,30.7,34.6,0.5140124282836914,50,19
2026-05-02,US0090661010,ABNB,2027-03-19,call,130.0,21.15,27.8,32.0,0.511021735534668,3,78
2026-05-02,US0090661010,ABNB,2027-03-19,call,135.0,18.15,25.0,29.05,0.49805189453125004,1,4
2026-05-02,US0090661010,ABNB,2027-03-19,call,140.0,19.95,22.15,25.75,0.4758963543701171,1,66
2026-05-02,US0090661010,ABNB,2027-03-19,call,145.0,24.3,21.3,23.15,0.4650627224731446,7,39
2026-05-02,US0090661010,ABNB,2027-03-19,call,150.0,19.9,19.1,20.95,0.4592034060668946,1,12
2026-05-02,US0090661010,ABNB,2027-03-19,call,155.0,16.85,16.5,19.2,0.45917288879394536,5,36
2026-05-02,US0090661010,ABNB,2027-03-19,call,160.0,18.28,13.3,16.75,0.44336494140625,1,45
2026-05-02,US0090661010,ABNB,2027-03-19,call,165.0,13.52,11.75,15.95,0.4562432305908204,2,14
2026-05-02,US0090661010,ABNB,2027-03-19,call,170.0,14.4,11.85,13.75,0.44006907592773437,20,32
2026-05-02,US0090661010,ABNB,2027-03-19,call,175.0,11.02,9.1,11.9,0.42795371856689457,2,5
2026-05-02,US0090661010,ABNB,2027-03-19,call,180.0,10.15,8.85,10.8,0.4282588912963867,2,157
2026-05-02,US0090661010,ABNB,2027-03-19,call,185.0,9.54,6.65,10.2,0.43695631408691404,1,5
2026-05-02,US0090661010,ABNB,2027-03-19,call,190.0,4.7,5.3,9.5,0.4420221813964844,2,18
2026-05-02,US0090661010,ABNB,2027-03-19,call,195.0,7.2,4.75,8.6,0.44113718048095707,10,29
2026-05-02,US0090661010,ABNB,2027-03-19,call,200.0,5.15,4.1,7.4,0.4315242395019532,1,23
2026-05-02,US0090661010,ABNB,2027-03-19,put,70.0,1.26,0.5,1.95,0.5471236694335939,1,1
2026-05-02,US0090661010,ABNB,2027-03-19,put,75.0,1.6,1.0,2.34,0.5264939929199219,20,21
2026-05-02,US0090661010,ABNB,2027-03-19,put,80.0,2.05,1.65,2.98,0.5169726037597657,10,247
2026-05-02,US0090661010,ABNB,2027-03-19,put,85.0,2.45,1.95,3.95,0.5173998455810547,400,22
2026-05-02,US0090661010,ABNB,2027-03-19,put,90.0,3.12,2.18,4.55,0.4968922381591797,1,32
2026-05-02,US0090661010,ABNB,2027-03-19,put,95.0,6.1,3.35,5.5,0.486882572631836,,2
2026-05-02,US0090661010,ABNB,2027-03-19,put,100.0,7.2,2.9,6.5,0.4747977325439453,1,180
2026-05-02,US0090661010,ABNB,2027-03-19,put,105.0,6.77,3.65,7.1,0.44812563598632804,2,2
2026-05-02,US0090661010,ABNB,2027-03-19,put,110.0,7.3,5.5,8.65,0.44574528869628904,1,21
2026-05-02,US0090661010,ABNB,2027-03-19,put,115.0,7.6,6.5,10.1,0.43649855499267576,108,114
2026-05-02,US0090661010,ABNB,2027-03-19,put,120.0,12.0,8.8,11.65,0.4262142340087891,1,70
2026-05-02,US0090661010,ABNB,2027-03-19,put,125.0,13.35,10.45,12.7,0.4019530020141602,4,90
2026-05-02,US0090661010,ABNB,2027-03-19,put,130.0,12.63,11.45,14.7,0.39539178833007815,1,91
2026-05-02,US0090661010,ABNB,2027-03-19,put,135.0,17.85,14.35,17.1,0.3931945446777344,3,62
2026-05-02,US0090661010,ABNB,2027-03-19,put,140.0,20.15,15.65,19.45,0.38635867553710934,5,77
2026-05-02,US0090661010,ABNB,2027-03-19,put,145.0,21.0,18.55,22.0,0.379889013671875,1,9
2026-05-02,US0090661010,ABNB,2027-03-19,put,150.0,26.85,21.6,24.85,0.3757081472778321,,11
2026-05-02,US0090661010,ABNB,2027-03-19,put,155.0,25.6,25.1,27.4,0.36249416809082036,2,17
2026-05-02,US0090661010,ABNB,2027-03-19,put,160.0,28.5,26.8,31.4,0.3735109036254882,,1
2026-05-02,US0090661010,ABNB,2027-06-17,call,70.0,74.2,76.0,79.0,0.6722444885253909,6,30
2026-05-02,US0090661010,ABNB,2027-06-17,call,85.0,44.0,0.0,0.0,1.0000000000000003e-05,3,0
2026-05-02,US0090661010,ABNB,2027-06-17,call,90.0,43.92,0.0,0.0,1.0000000000000003e-05,,0
2026-05-02,US0090661010,ABNB,2027-06-17,call,95.0,40.5,0.0,0.0,1.0000000000000003e-05,,0
2026-05-02,US0090661010,ABNB,2027-06-17,call,100.0,45.98,51.15,54.9,0.5454757366943359,1,3
2026-05-02,US0090661010,ABNB,2027-06-17,call,110.0,30.39,0.0,0.0,1.0000000000000003e-05,,0
2026-05-02,US0090661010,ABNB,2027-06-17,call,115.0,42.04,41.0,44.5,0.5112658737182617,1,1
2026-05-02,US0090661010,ABNB,2027-06-17,call,120.0,38.0,36.5,41.5,0.5387009020996094,1,10
2026-05-02,US0090661010,ABNB,2027-06-17,call,125.0,36.31,33.65,38.15,0.5214281256103515,1,8
2026-05-02,US0090661010,ABNB,2027-06-17,call,130.0,32.88,31.15,35.05,0.5072986282348633,2,24
2026-05-02,US0090661010,ABNB,2027-06-17,call,135.0,33.6,28.0,32.35,0.4986317227172852,1,25
2026-05-02,US0090661010,ABNB,2027-06-17,call,140.0,27.8,26.8,29.4,0.483678258972168,2,22
2026-05-02,US0090661010,ABNB,2027-06-17,call,145.0,25.9,24.0,26.9,0.4746756634521484,2,11
2026-05-02,US0090661010,ABNB,2027-06-17,call,150.0,25.48,21.5,25.5,0.4822439471435547,1,10
2026-05-02,US0090661010,ABNB,2027-06-17,call,155.0,19.02,19.55,22.25,0.45676202423095713,1,26
2026-05-02,US0090661010,ABNB,2027-06-17,call,160.0,17.23,16.5,21.5,0.4711051425170898,1,15
2026-05-02,US0090661010,ABNB,2027-06-17,call,165.0,18.1,15.8,18.9,0.4527642614746094,80,81
2026-05-02,US0090661010,ABNB,2027-06-17,call,170.0,16.0,14.5,17.3,0.44922425781249997,20,54
2026-05-02,US0090661010,ABNB,2027-06-17,call,175.0,14.25,11.5,16.5,0.45752495605468757,1,4
2026-05-02,US0090661010,ABNB,2027-06-17,call,180.0,7.95,10.5,14.9,0.45062805236816406,1,24
2026-05-02,US0090661010,ABNB,2027-06-17,call,190.0,6.35,8.0,11.9,0.4350032086181641,1,3
2026-05-02,US0090661010,ABNB,2027-06-17,call,195.0,5.75,7.35,11.75,0.4492852923583984,1,72
2026-05-02,US0090661010,ABNB,2027-06-17,call,200.0,8.52,6.15,10.7,0.4460199441528321,2,11
2026-05-02,US0090661010,ABNB,2027-06-17,put,65.0,2.06,0.17,2.14,0.5394333166503908,108,37
2026-05-02,US0090661010,ABNB,2027-06-17,put,70.0,2.64,1.02,3.95,0.5155077746582031,10,15
2026-05-02,US0090661010,ABNB,2027-06-17,put,75.0,4.1,1.39,2.97,0.49774672180175783,1,11
2026-05-02,US0090661010,ABNB,2027-06-17,put,80.0,4.3,0.0,0.0,0.12500875,1,0
2026-05-02,US0090661010,ABNB,2027-06-17,put,85.0,3.36,2.62,4.8,0.48901878173828134,1,11
2026-05-02,US0090661010,ABNB,2027-06-17,put,90.0,5.8,2.93,5.8,0.48071808349609374,10,32
2026-05-02,US0090661010,ABNB,2027-06-17,put,100.0,6.4,3.5,8.5,0.473210834350586,1,510
2026-05-02,US0090661010,ABNB,2027-06-17,put,105.0,7.4,5.55,7.65,0.41010111389160153,3,316
2026-05-02,US0090661010,ABNB,2027-06-17,put,110.0,8.52,6.9,10.25,0.4307307904052735,1,30
2026-05-02,US0090661010,ABNB,2027-06-17,put,115.0,9.7,7.8,11.7,0.41998871032714846,2,25
2026-05-02,US0090661010,ABNB,2027-06-17,put,120.0,11.92,9.7,14.5,0.4336909658813477,1,209
2026-05-02,US0090661010,ABNB,2027-06-17,put,125.0,13.88,11.3,15.8,0.4142209457397461,2,106
2026-05-02,US0090661010,ABNB,2027-06-17,put,130.0,15.82,13.2,18.0,0.4094907684326171,52,86
2026-05-02,US0090661010,ABNB,2027-06-17,put,135.0,19.0,15.95,20.0,0.3985045501708985,1,48
2026-05-02,US0090661010,ABNB,2027-06-17,put,140.0,20.4,19.05,21.3,0.37317521362304684,2,124
2026-05-02,US0090661010,ABNB,2027-06-17,put,145.0,22.3,20.75,23.75,0.36524072265625,1,63
2026-05-02,US0090661010,ABNB,2027-06-17,put,150.0,24.6,23.1,26.75,0.363836928100586,2,6
2026-05-02,US0090661010,ABNB,2027-06-17,put,155.0,27.95,26.0,29.25,0.3513858807373046,3,5
2026-05-02,US0090661010,ABNB,2027-06-17,put,160.0,30.8,29.0,33.5,0.3656069299316406,,3
2026-05-02,US0090661010,ABNB,2027-06-17,put,165.0,38.25,38.15,42.0,0.44907167144775384,,0
2026-05-02,US0090661010,ABNB,2027-12-17,call,60.0,68.0,71.4,75.0,1.0000000000000003e-05,1,1
2026-05-02,US0090661010,ABNB,2027-12-17,call,65.0,63.25,67.5,71.0,1.0000000000000003e-05,1,4
2026-05-02,US0090661010,ABNB,2027-12-17,call,70.0,68.95,78.4,81.5,0.6389196264648438,1,19
2026-05-02,US0090661010,ABNB,2027-12-17,call,75.0,55.25,69.5,72.75,0.5236864038085938,1,16
2026-05-02,US0090661010,ABNB,2027-12-17,call,80.0,67.35,54.5,57.9,1.0000000000000003e-05,1,93
2026-05-02,US0090661010,ABNB,2027-12-17,call,85.0,60.2,65.5,70.0,0.5730023168945313,1,34
2026-05-02,US0090661010,ABNB,2027-12-17,call,90.0,46.75,48.7,52.25,0.21106745971679686,10,56
2026-05-02,US0090661010,ABNB,2027-12-17,call,95.0,49.2,40.0,42.5,1.0000000000000003e-05,3,18
2026-05-02,US0090661010,ABNB,2027-12-17,call,100.0,49.0,55.8,58.35,0.5357102093505859,1,63
2026-05-02,US0090661010,ABNB,2027-12-17,call,105.0,54.0,52.5,54.85,0.5236864038085938,1,16
2026-05-02,US0090661010,ABNB,2027-12-17,call,110.0,43.5,49.0,52.1,0.5153246710205077,1,16
2026-05-02,US0090661010,ABNB,2027-12-17,call,115.0,48.43,46.0,49.5,0.5109301837158204,1,18
2026-05-02,US0090661010,ABNB,2027-12-17,call,120.0,47.95,43.3,46.5,0.5039112109375,2,65
2026-05-02,US0090661010,ABNB,2027-12-17,call,125.0,38.5,39.0,43.7,0.5214891601562499,1,56
2026-05-02,US0090661010,ABNB,2027-12-17,call,130.0,29.0,37.75,41.0,0.5130663928222656,3,131
2026-05-02,US0090661010,ABNB,2027-12-17,call,135.0,30.11,35.0,37.4,0.48990378265380863,2,76
2026-05-02,US0090661010,ABNB,2027-12-17,call,140.0,33.74,31.5,36.0,0.49835706726074225,2,554
2026-05-02,US0090661010,ABNB,2027-12-17,call,145.0,30.3,29.0,34.0,0.4963429272460938,16,61
2026-05-02,US0090661010,ABNB,2027-12-17,call,150.0,26.8,27.0,31.25,0.4822744644165039,2,143
2026-05-02,US0090661010,ABNB,2027-12-17,call,155.0,27.4,25.5,28.95,0.4734549725341797,2,26
2026-05-02,US0090661010,ABNB,2027-12-17,call,160.0,25.05,23.0,27.5,0.47531652618408204,30,209
2026-05-02,US0090661010,ABNB,2027-12-17,call,165.0,26.33,22.0,25.2,0.4640861697387696,3,80
2026-05-02,US0090661010,ABNB,2027-12-17,call,170.0,21.45,20.15,22.8,0.4503228796386719,112,231
2026-05-02,US0090661010,ABNB,2027-12-17,call,175.0,20.23,17.75,21.3,0.4478509805297851,14,130
2026-05-02,US0090661010,ABNB,2027-12-17,call,180.0,12.5,16.0,20.4,0.45261167510986333,2,96
2026-05-02,US0090661010,ABNB,2027-12-17,call,185.0,18.3,14.5,18.65,0.44443304595947264,1,34
2026-05-02,US0090661010,ABNB,2027-12-17,call,190.0,11.65,13.5,18.0,0.45071960418701174,13,85
2026-05-02,US0090661010,ABNB,2027-12-17,call,195.0,10.31,12.55,16.85,0.4489801196289062,6,244
2026-05-02,US0090661010,ABNB,2027-12-17,call,200.0,9.05,11.45,14.55,0.4294490649414063,38,468
2026-05-02,US0090661010,ABNB,2027-12-17,call,210.0,13.0,9.85,14.0,0.4471185659790039,10,908
2026-05-02,US0090661010,ABNB,2027-12-17,put,60.0,2.46,0.97,2.37,0.5014698291015626,2,16
2026-05-02,US0090661010,ABNB,2027-12-17,put,65.0,3.2,2.16,2.61,0.4730277307128906,3,11
2026-05-02,US0090661010,ABNB,2027-12-17,put,70.0,2.65,1.5,5.3,0.5409591802978517,1,16
2026-05-02,US0090661010,ABNB,2027-12-17,put,75.0,3.8,2.84,4.1,0.4572808178710938,100,117
2026-05-02,US0090661010,ABNB,2027-12-17,put,80.0,4.6,3.0,4.95,0.4480035668945312,2,162
2026-05-02,US0090661010,ABNB,2027-12-17,put,85.0,5.44,4.4,6.75,0.46246875427246104,1,28
2026-05-02,US0090661010,ABNB,2027-12-17,put,90.0,5.95,4.75,7.05,0.4325007922363281,21,70
2026-05-02,US0090661010,ABNB,2027-12-17,put,95.0,7.47,5.0,8.25,0.42450526672363287,30,56
2026-05-02,US0090661010,ABNB,2027-12-17,put,100.0,8.45,7.75,9.35,0.4120542193603516,1,362
2026-05-02,US0090661010,ABNB,2027-12-17,put,105.0,10.3,9.45,11.25,0.41379370391845705,42,646
2026-05-02,US0090661010,ABNB,2027-12-17,put,110.0,11.35,10.65,12.3,0.3965514447021484,1,156
2026-05-02,US0090661010,ABNB,2027-12-17,put,115.0,12.95,12.45,14.0,0.389654541015625,1,52
2026-05-02,US0090661010,ABNB,2027-12-17,put,120.0,16.15,14.45,15.95,0.3848022946166991,2,295
2026-05-02,US0090661010,ABNB,2027-12-17,put,125.0,23.65,14.5,19.05,0.3958190301513672,51,131
2026-05-02,US0090661010,ABNB,2027-12-17,put,130.0,18.6,16.5,21.1,0.38767091827392575,2,248
2026-05-02,US0090661010,ABNB,2027-12-17,put,135.0,20.79,19.0,23.0,0.3755860781860352,108,268
2026-05-02,US0090661010,ABNB,2027-12-17,put,140.0,27.0,21.5,25.85,0.3755860781860352,1,120
2026-05-02,US0090661010,ABNB,2027-12-17,put,145.0,25.69,24.0,28.45,0.37000141723632807,21,12
2026-05-02,US0090661010,ABNB,2027-12-17,put,150.0,37.5,0.0,0.0,1.0000000000000003e-05,52,0
2026-05-02,US0090661010,ABNB,2027-12-17,put,155.0,36.75,30.35,34.0,0.35834381896972656,40,43
2026-05-02,US0090661010,ABNB,2027-12-17,put,160.0,37.2,37.45,39.9,0.3931945446777344,30,30
2026-05-02,US0090661010,ABNB,2027-12-17,put,165.0,51.73,52.7,56.5,0.5488021194458009,,1
2026-05-02,US0090661010,ABNB,2027-12-17,put,190.0,70.28,0.0,0.0,1.0000000000000003e-05,,0
2026-05-02,US0090661010,ABNB,2028-01-21,call,60.0,88.5,87.0,90.0,0.6763338031005861,1,8
2026-05-02,US0090661010,ABNB,2028-01-21,call,65.0,73.5,68.0,71.5,1.0000000000000003e-05,4,8
2026-05-02,US0090661010,ABNB,2028-01-21,call,70.0,69.54,70.5,75.0,0.4529473651123047,1,1
2026-05-02,US0090661010,ABNB,2028-01-21,call,75.0,75.87,73.5,78.0,0.5961954443359375,13,9
2026-05-02,US0090661010,ABNB,2028-01-21,call,80.0,64.3,71.0,74.0,0.5958292370605469,1,35
2026-05-02,US0090661010,ABNB,2028-01-21,call,85.0,49.93,0.0,0.0,1.0000000000000003e-05,1,0
2026-05-02,US0090661010,ABNB,2028-01-21,call,90.0,65.0,62.0,66.75,0.5502974658203126,3,33
2026-05-02,US0090661010,ABNB,2028-01-21,call,95.0,47.5,0.0,0.0,1.0000000000000003e-05,1,0
2026-05-02,US0090661010,ABNB,2028-01-21,call,100.0,45.75,56.35,59.7,0.5389450402832032,1,37
2026-05-02,US0090661010,ABNB,2028-01-21,call,105.0,56.16,53.0,56.25,0.5262803720092774,1,9
2026-05-02,US0090661010,ABNB,2028-01-21,call,110.0,39.88,48.5,53.5,0.5086108709716797,2,5
2026-05-02,US0090661010,ABNB,2028-01-21,call,115.0,48.5,47.0,50.45,0.5127001855468749,2,40
2026-05-02,US0090661010,ABNB,2028-01-21,call,120.0,45.32,42.5,47.5,0.5311936529541017,20,42
2026-05-02,US0090661010,ABNB,2028-01-21,call,125.0,41.15,41.0,43.35,0.501378277282715,14,73
2026-05-02,US0090661010,ABNB,2028-01-21,call,130.0,40.66,38.5,41.05,0.4993641372680664,2,28
2026-05-02,US0090661010,ABNB,2028-01-21,call,135.0,37.55,35.6,38.05,0.48553981262207035,5,27
2026-05-02,US0090661010,ABNB,2028-01-21,call,140.0,34.77,33.75,36.3,0.4885915399169922,3,596
2026-05-02,US0090661010,ABNB,2028-01-21,call,145.0,32.32,30.0,34.5,0.4893544717407228,3,67
2026-05-02,US0090661010,ABNB,2028-01-21,call,150.0,30.0,29.0,31.65,0.474187387084961,11,342
2026-05-02,US0090661010,ABNB,2028-01-21,call,155.0,27.75,26.75,29.15,0.46283496154785164,3,154
2026-05-02,US0090661010,ABNB,2028-01-21,call,160.0,25.25,24.5,27.7,0.4646202220153809,2,38
2026-05-02,US0090661010,ABNB,2028-01-21,call,165.0,24.0,23.0,26.05,0.46246875427246104,2,44
2026-05-02,US0090661010,ABNB,2028-01-21,call,170.0,21.45,20.0,25.0,0.46725996612548826,2,292
2026-05-02,US0090661010,ABNB,2028-01-21,call,175.0,21.45,18.5,23.5,0.4649101361083985,1,321
2026-05-02,US0090661010,ABNB,2028-01-21,call,180.0,20.25,17.0,20.0,0.4344233804321289,4,218
2026-05-02,US0090661010,ABNB,2028-01-21,call,185.0,18.75,15.5,18.5,0.42984578948974617,2,46
2026-05-02,US0090661010,ABNB,2028-01-21,call,190.0,16.33,14.4,18.5,0.4448908050537109,1,270
2026-05-02,US0090661010,ABNB,2028-01-21,call,195.0,11.5,13.0,17.0,0.4384211431884766,16,59
2026-05-02,US0090661010,ABNB,2028-01-21,call,200.0,13.95,12.0,15.3,0.42804527038574225,1,743
2026-05-02,US0090661010,ABNB,2028-01-21,put,60.0,2.0,0.65,3.55,0.5451705639648439,5,59
2026-05-02,US0090661010,ABNB,2028-01-21,put,65.0,3.2,0.0,0.0,0.12500875,4,0
2026-05-02,US0090661010,ABNB,2028-01-21,put,70.0,3.35,2.54,3.5,0.4598442687988281,229,289
2026-05-02,US0090661010,ABNB,2028-01-21,put,75.0,4.19,3.45,4.2,0.44788149780273434,5,12
2026-05-02,US0090661010,ABNB,2028-01-21,put,80.0,5.05,3.1,5.05,0.4384211431884766,2,442
2026-05-02,US0090661010,ABNB,2028-01-21,put,85.0,5.72,4.65,5.85,0.42517664672851563,1,28
2026-05-02,US0090661010,ABNB,2028-01-21,put,90.0,6.21,5.15,7.15,0.4227962994384765,10,95
2026-05-02,US0090661010,ABNB,2028-01-21,put,95.0,8.13,5.95,8.35,0.41477025665283207,4,276
2026-05-02,US0090661010,ABNB,2028-01-21,put,100.0,9.0,8.25,9.45,0.40250231292724614,1,51
2026-05-02,US0090661010,ABNB,2028-01-21,put,105.0,10.6,9.8,11.15,0.4002135174560547,1,190
2026-05-02,US0090661010,ABNB,2028-01-21,put,110.0,12.85,10.0,12.85,0.3952086846923829,1,71
2026-05-02,US0090661010,ABNB,2028-01-21,put,115.0,13.9,12.6,14.2,0.3820557400512695,2,176
2026-05-02,US0090661010,ABNB,2028-01-21,put,120.0,15.5,14.0,16.35,0.3803467727661133,1,1069
2026-05-02,US0090661010,ABNB,2028-01-21,put,125.0,17.0,16.3,18.85,0.38162849822998035,1,188
2026-05-02,US0090661010,ABNB,2028-01-21,put,130.0,18.87,18.85,20.6,0.369421589050293,4,588
2026-05-02,US0090661010,ABNB,2028-01-21,put,135.0,22.32,21.1,22.85,0.3628908926391602,10,100
2026-05-02,US0090661010,ABNB,2028-01-21,put,140.0,25.65,22.4,25.3,0.3573367489624023,2,472
2026-05-02,US0090661010,ABNB,2028-01-21,put,145.0,27.1,24.95,27.9,0.35205726074218746,5,139
2026-05-02,US0090661010,ABNB,2028-01-21,put,150.0,31.45,28.05,29.95,0.3375005215454102,2,54
2026-05-02,US0090661010,ABNB,2028-01-21,put,155.0,42.25,30.4,33.6,0.342856302947998,21,22
2026-05-02,US0090661010,ABNB,2028-01-21,put,160.0,42.7,33.9,36.4,0.334967587890625,18,6
2026-05-02,US0090661010,ABNB,2028-01-21,put,170.0,44.05,39.0,43.45,0.333716379699707,1,3
2026-05-02,US0090661010,ABNB,2028-01-21,put,190.0,64.5,62.25,64.55,0.4136106002807617,,2
2026-05-02,US0090661010,ABNB,2028-01-21,put,195.0,61.8,57.0,61.65,0.3112861840820312,1,4
2026-05-02,US0090661010,ABNB,2028-01-21,put,200.0,64.05,61.0,64.45,0.28705546936035153,1,14
2026-05-02,US11135F1012,AVGO,2026-05-04,call,300.0,100.9,119.3,123.0,2.3330119799804683,2,1
2026-05-02,US11135F1012,AVGO,2026-05-04,call,320.0,95.66,99.25,102.9,1.9370120336914063,1,2
2026-05-02,US11135F1012,AVGO,2026-05-04,call,350.0,69.64,69.3,72.05,1.2041055419921873,10,7
2026-05-02,US11135F1012,AVGO,2026-05-04,call,357.5,63.0,61.8,64.5,1.0756882153320313,2,8
2026-05-02,US11135F1012,AVGO,2026-05-04,call,360.0,58.99,59.3,62.45,1.150394873046875,1,11
2026-05-02,US11135F1012,AVGO,2026-05-04,call,370.0,50.24,49.3,52.05,0.901368173828125,1,4
2026-05-02,US11135F1012,AVGO,2026-05-04,call,375.0,36.85,44.3,47.1,0.8374039697265624,28,3
2026-05-02,US11135F1012,AVGO,2026-05-04,call,380.0,41.04,39.35,42.0,0.7392604199218749,1,14
2026-05-02,US11135F1012,AVGO,2026-05-04,call,382.5,37.67,37.0,39.85,0.7707542456054688,1,118
2026-05-02,US11135F1012,AVGO,2026-05-04,call,385.0,35.46,34.35,37.05,0.6748079394531252,21,6
2026-05-02,US11135F1012,AVGO,2026-05-04,call,390.0,30.05,29.35,32.05,0.5986368261718751,114,14
2026-05-02,US11135F1012,AVGO,2026-05-04,call,397.5,22.97,21.95,24.7,0.5063525927734375,8,19
2026-05-02,US11135F1012,AVGO,2026-05-04,call,400.0,22.46,19.75,22.25,0.47290566162109376,68,444
2026-05-02,US11135F1012,AVGO,2026-05-04,call,405.0,15.86,14.9,17.75,0.4470270141601562,29,94
2026-05-02,US11135F1012,AVGO,2026-05-04,call,410.0,11.45,10.3,13.0,0.3764710791015625,40,471
2026-05-02,US11135F1012,AVGO,2026-05-04,call,412.5,10.49,7.9,10.35,0.3127510131835937,25,52
2026-05-02,US11135F1012,AVGO,2026-05-04,call,415.0,6.6,6.7,8.45,0.30750204223632804,1020,415
2026-05-02,US11135F1012,AVGO,2026-05-04,call,417.5,4.85,5.4,6.4,0.2797923583984374,400,1311
2026-05-02,US11135F1012,AVGO,2026-05-04,call,420.0,4.63,4.3,4.8,0.27136959106445313,898,749
2026-05-02,US11135F1012,AVGO,2026-05-04,call,422.5,3.3,2.82,3.7,0.28064684204101553,599,132
2026-05-02,US11135F1012,AVGO,2026-05-04,call,425.0,2.3,2.09,2.45,0.2640454455566406,690,413
2026-05-02,US11135F1012,AVGO,2026-05-04,call,427.5,1.48,1.24,1.6,0.257819921875,407,205
2026-05-02,US11135F1012,AVGO,2026-05-04,call,430.0,0.95,0.85,1.12,0.2651440673828125,1249,289
2026-05-02,US11135F1012,AVGO,2026-05-04,call,432.5,0.58,0.55,0.66,0.25879647460937505,614,23
2026-05-02,US11135F1012,AVGO,2026-05-04,call,435.0,0.37,0.34,0.46,0.2688061401367187,272,226
2026-05-02,US11135F1012,AVGO,2026-05-04,call,440.0,0.17,0.13,0.19,0.2788158056640625,228,164
2026-05-02,US11135F1012,AVGO,2026-05-04,call,442.5,0.16,0.01,0.28,0.3320379296875,10,39
2026-05-02,US11135F1012,AVGO,2026-05-04,call,445.0,0.08,0.0,0.09,0.29688203124999996,112,224
2026-05-02,US11135F1012,AVGO,2026-05-04,call,447.5,0.08,0.0,0.13,0.3413151806640625,11,15
2026-05-02,US11135F1012,AVGO,2026-05-04,call,450.0,0.04,0.01,0.17,0.383795224609375,434,334
2026-05-02,US11135F1012,AVGO,2026-05-04,call,455.0,0.02,0.0,0.02,0.32813171874999997,10,22
2026-05-02,US11135F1012,AVGO,2026-05-04,call,460.0,0.14,0.0,0.28,0.5302781347656251,1,65
2026-05-02,US11135F1012,AVGO,2026-05-04,call,465.0,0.2,0.0,0.18,0.5419967675781252,2,6
2026-05-02,US11135F1012,AVGO,2026-05-04,call,470.0,0.03,0.0,0.72,0.6621127539062501,31,69
2026-05-02,US11135F1012,AVGO,2026-05-04,call,475.0,0.01,0.0,1.98,0.8710950390625,5,6
2026-05-02,US11135F1012,AVGO,2026-05-04,call,480.0,0.01,0.0,1.99,0.9299323413085938,5,9
2026-05-02,US11135F1012,AVGO,2026-05-04,call,485.0,0.01,0.0,1.99,0.9863282617187501,4,10
2026-05-02,US11135F1012,AVGO,2026-05-04,call,487.5,0.37,0.0,1.0,0.8867198828124999,903,448
2026-05-02,US11135F1012,AVGO,2026-05-04,call,490.0,0.38,0.0,1.0,0.91211025390625,2,1
2026-05-02,US11135F1012,AVGO,2026-05-04,call,500.0,0.07,0.0,0.01,0.5937540625000001,75,84
2026-05-02,US11135F1012,AVGO,2026-05-04,put,310.0,0.05,0.0,0.09,1.2578162109375,17,3
2026-05-02,US11135F1012,AVGO,2026-05-04,put,320.0,0.08,0.0,1.0,1.5546897265624997,100,151
2026-05-02,US11135F1012,AVGO,2026-05-04,put,330.0,0.38,0.0,0.55,1.2793004785156248,,2
2026-05-02,US11135F1012,AVGO,2026-05-04,put,340.0,0.35,0.0,0.57,1.1484417578125,15,710
2026-05-02,US11135F1012,AVGO,2026-05-04,put,345.0,0.25,0.0,1.13,1.2099648876953122,5,7
2026-05-02,US11135F1012,AVGO,2026-05-04,put,350.0,0.16,0.02,0.31,0.9355475195312499,66,905
2026-05-02,US11135F1012,AVGO,2026-05-04,put,355.0,0.01,0.0,0.35,0.8789074609374999,6,33
2026-05-02,US11135F1012,AVGO,2026-05-04,put,357.5,0.34,0.0,0.15,0.7578149218750001,12,17
2026-05-02,US11135F1012,AVGO,2026-05-04,put,360.0,0.05,0.0,0.57,0.8798840136718749,1,166
2026-05-02,US11135F1012,AVGO,2026-05-04,put,365.0,0.13,0.0,0.25,0.7187528125,1,86
2026-05-02,US11135F1012,AVGO,2026-05-04,put,367.5,0.04,0.0,0.13,0.632816171875,5,20
2026-05-02,US11135F1012,AVGO,2026-05-04,put,370.0,0.05,0.0,0.1,0.585941640625,11,112
2026-05-02,US11135F1012,AVGO,2026-05-04,put,375.0,0.03,0.02,0.05,0.5117236328125,20,34
2026-05-02,US11135F1012,AVGO,2026-05-04,put,377.5,0.18,0.0,0.18,0.5449264257812501,1,7
2026-05-02,US11135F1012,AVGO,2026-05-04,put,380.0,0.07,0.01,0.11,0.5302781347656251,65,107
2026-05-02,US11135F1012,AVGO,2026-05-04,put,385.0,0.05,0.01,0.13,0.48438015625,45,42
2026-05-02,US11135F1012,AVGO,2026-05-04,put,387.5,0.1,0.02,0.2,0.48633326171875,201,258
2026-05-02,US11135F1012,AVGO,2026-05-04,put,390.0,0.09,0.06,0.14,0.428716650390625,535,590
2026-05-02,US11135F1012,AVGO,2026-05-04,put,392.5,0.12,0.05,0.25,0.4409235595703125,59,66
2026-05-02,US11135F1012,AVGO,2026-05-04,put,395.0,0.16,0.1,0.22,0.398443515625,234,141
2026-05-02,US11135F1012,AVGO,2026-05-04,put,400.0,0.25,0.21,0.3,0.3549869189453124,619,525
2026-05-02,US11135F1012,AVGO,2026-05-04,put,402.5,0.33,0.27,0.41,0.34400070068359373,120,191
2026-05-02,US11135F1012,AVGO,2026-05-04,put,405.0,0.42,0.4,0.49,0.3215399877929687,401,204
2026-05-02,US11135F1012,AVGO,2026-05-04,put,407.5,0.59,0.5,0.69,0.31201859863281245,399,41
2026-05-02,US11135F1012,AVGO,2026-05-04,put,410.0,0.84,0.73,0.96,0.30152065673828127,373,275
2026-05-02,US11135F1012,AVGO,2026-05-04,put,415.0,1.75,1.55,1.85,0.2827220166015625,343,155
2026-05-02,US11135F1012,AVGO,2026-05-04,put,417.5,2.43,2.19,2.69,0.28479719116210933,120,38
2026-05-02,US11135F1012,AVGO,2026-05-04,put,420.0,3.37,3.15,3.55,0.27332269653320307,488,187
2026-05-02,US11135F1012,AVGO,2026-05-04,put,422.5,5.1,4.25,5.55,0.3221503332519531,59,74
2026-05-02,US11135F1012,AVGO,2026-05-04,put,425.0,6.55,5.4,7.5,0.35547519531249994,60,92
2026-05-02,US11135F1012,AVGO,2026-05-04,put,427.5,7.2,7.25,9.0,0.34668622070312494,3,48
2026-05-02,US11135F1012,AVGO,2026-05-04,put,430.0,9.7,9.25,11.6,0.40955180297851557,7,77
2026-05-02,US11135F1012,AVGO,2026-05-04,put,435.0,13.45,13.6,15.95,0.4567925415039063,2,1
2026-05-02,US11135F1012,AVGO,2026-05-04,put,440.0,40.51,18.1,20.8,0.5319871020507813,1,3
2026-05-02,US11135F1012,AVGO,2026-05-04,put,450.0,28.78,27.75,30.65,0.6772493212890626,2,0
2026-05-02,US11135F1012,AVGO,2026-05-04,put,455.0,37.05,33.05,35.4,0.534184345703125,,0
2026-05-02,US11135F1012,AVGO,2026-05-06,call,295.0,133.3,124.4,127.05,1.6171894140625,,0
2026-05-02,US11135F1012,AVGO,2026-05-06,call,300.0,99.03,119.8,122.1,1.5683615332031249,2,2
2026-05-02,US11135F1012,AVGO,2026-05-06,call,310.0,108.0,109.4,112.1,1.4384793701171876,,1
2026-05-02,US11135F1012,AVGO,2026-05-06,call,340.0,57.85,79.85,82.15,1.076664772949219,88,13
2026-05-02,US11135F1012,AVGO,2026-05-06,call,350.0,61.43,69.5,72.15,0.9555668505859375,1,3
2026-05-02,US11135F1012,AVGO,2026-05-06,call,360.0,60.3,59.55,62.25,0.8549819189453125,1,18
2026-05-02,US11135F1012,AVGO,2026-05-06,call,375.0,45.95,44.7,47.4,0.6967803759765626,46,30
2026-05-02,US11135F1012,AVGO,2026-05-06,call,377.5,43.57,42.55,44.95,0.673098972167969,46,8
2026-05-02,US11135F1012,AVGO,2026-05-06,call,390.0,33.07,30.1,32.85,0.5607954077148438,60,3
2026-05-02,US11135F1012,AVGO,2026-05-06,call,400.0,23.03,20.8,23.2,0.45532771240234376,21,499
2026-05-02,US11135F1012,AVGO,2026-05-06,call,405.0,17.7,16.6,19.15,0.4505670178222656,1,34
2026-05-02,US11135F1012,AVGO,2026-05-06,call,410.0,14.8,13.1,15.15,0.4288387194824219,130,380
2026-05-02,US11135F1012,AVGO,2026-05-06,call,412.5,13.8,11.35,14.0,0.4588677160644532,119,57
2026-05-02,US11135F1012,AVGO,2026-05-06,call,415.0,12.0,9.8,12.15,0.4430597686767578,4,95
2026-05-02,US11135F1012,AVGO,2026-05-06,call,417.5,9.43,8.05,9.9,0.4017393811035156,6,161
2026-05-02,US11135F1012,AVGO,2026-05-06,call,420.0,7.8,6.8,8.3,0.3891662646484375,178,313
2026-05-02,US11135F1012,AVGO,2026-05-06,call,422.5,6.4,5.95,7.0,0.38550419189453117,253,73
2026-05-02,US11135F1012,AVGO,2026-05-06,call,425.0,5.7,4.55,6.1,0.3957579956054688,60,223
2026-05-02,US11135F1012,AVGO,2026-05-06,call,427.5,5.0,3.65,5.1,0.39465937377929694,13,27
2026-05-02,US11135F1012,AVGO,2026-05-06,call,430.0,3.95,3.15,4.0,0.3812317736816406,249,77
2026-05-02,US11135F1012,AVGO,2026-05-06,call,432.5,3.01,2.33,3.2,0.37708142456054683,129,30
2026-05-02,US11135F1012,AVGO,2026-05-06,call,435.0,2.38,1.98,2.57,0.3763490100097656,73,34
2026-05-02,US11135F1012,AVGO,2026-05-06,call,440.0,1.42,1.25,1.59,0.37402969726562496,134,39
2026-05-02,US11135F1012,AVGO,2026-05-06,call,445.0,0.79,0.49,1.05,0.38403936279296874,55,10
2026-05-02,US11135F1012,AVGO,2026-05-06,call,450.0,0.5,0.33,0.56,0.3754945263671875,46,87
2026-05-02,US11135F1012,AVGO,2026-05-06,call,455.0,0.29,0.0,0.58,0.42627526855468756,4,35
2026-05-02,US11135F1012,AVGO,2026-05-06,call,460.0,0.39,0.0,0.52,0.46191944335937507,1,632
2026-05-02,US11135F1012,AVGO,2026-05-06,call,470.0,0.05,0.0,0.32,0.5024463818359376,19,213
2026-05-02,US11135F1012,AVGO,2026-05-06,call,475.0,0.01,0.0,0.4,0.5024463818359376,5,1
2026-05-02,US11135F1012,AVGO,2026-05-06,call,480.0,0.51,0.0,0.44,0.5468795312500001,,259
2026-05-02,US11135F1012,AVGO,2026-05-06,call,490.0,0.72,0.0,0.75,0.6723665576171877,,623
2026-05-02,US11135F1012,AVGO,2026-05-06,call,495.0,0.18,0.0,0.52,0.6699251757812501,2,1
2026-05-02,US11135F1012,AVGO,2026-05-06,call,500.0,0.24,0.0,0.25,0.6367223828125,3,182
2026-05-02,US11135F1012,AVGO,2026-05-06,call,510.0,0.3,0.0,0.3,0.7158231542968749,3,3
2026-05-02,US11135F1012,AVGO,2026-05-06,put,295.0,0.31,0.0,1.75,1.6538103247070315,1,6
2026-05-02,US11135F1012,AVGO,2026-05-06,put,300.0,0.31,0.0,1.68,1.5751974365234374,1,8
2026-05-02,US11135F1012,AVGO,2026-05-06,put,310.0,0.17,0.0,1.54,1.4228544482421874,,9
2026-05-02,US11135F1012,AVGO,2026-05-06,put,315.0,0.1,0.0,1.43,1.3418001660156247,42,44
2026-05-02,US11135F1012,AVGO,2026-05-06,put,320.0,0.48,0.0,0.67,1.1318402783203125,,682
2026-05-02,US11135F1012,AVGO,2026-05-06,put,330.0,0.44,0.0,0.98,1.083988955078125,4,7
2026-05-02,US11135F1012,AVGO,2026-05-06,put,340.0,0.24,0.0,0.58,0.8916026464843749,9,24
2026-05-02,US11135F1012,AVGO,2026-05-06,put,345.0,0.61,0.0,0.79,0.8813488427734374,2,6
2026-05-02,US11135F1012,AVGO,2026-05-06,put,350.0,0.07,0.0,0.15,0.6543003320312502,3,141
2026-05-02,US11135F1012,AVGO,2026-05-06,put,355.0,0.24,0.0,0.24,0.64648791015625,22,36
2026-05-02,US11135F1012,AVGO,2026-05-06,put,360.0,0.12,0.02,0.38,0.6455113574218749,85,103
2026-05-02,US11135F1012,AVGO,2026-05-06,put,365.0,0.15,0.0,0.44,0.6044961425781252,26,35
2026-05-02,US11135F1012,AVGO,2026-05-06,put,370.0,0.2,0.0,0.51,0.5688519677734375,25,355
2026-05-02,US11135F1012,AVGO,2026-05-06,put,372.5,0.25,0.0,0.3,0.5009815527343751,69,11
2026-05-02,US11135F1012,AVGO,2026-05-06,put,375.0,0.36,0.1,0.78,0.5712933496093751,4,131
2026-05-02,US11135F1012,AVGO,2026-05-06,put,380.0,0.36,0.33,0.43,0.5034229345703125,155,1074
2026-05-02,US11135F1012,AVGO,2026-05-06,put,382.5,0.46,0.12,0.85,0.500005,1,67
2026-05-02,US11135F1012,AVGO,2026-05-06,put,385.0,0.48,0.27,0.7,0.5117236328125,51,195
2026-05-02,US11135F1012,AVGO,2026-05-06,put,390.0,0.77,0.64,0.91,0.48340360351562506,1594,100
2026-05-02,US11135F1012,AVGO,2026-05-06,put,395.0,0.92,0.68,1.58,0.4946339599609375,114,168
2026-05-02,US11135F1012,AVGO,2026-05-06,put,400.0,1.55,1.33,1.71,0.437505625,62,346
2026-05-02,US11135F1012,AVGO,2026-05-06,put,405.0,2.33,1.84,2.71,0.43958079956054685,127,99
2026-05-02,US11135F1012,AVGO,2026-05-06,put,410.0,3.6,2.8,4.0,0.4366511413574219,143,161
2026-05-02,US11135F1012,AVGO,2026-05-06,put,412.5,3.75,3.1,4.95,0.4439142523193359,82,315
2026-05-02,US11135F1012,AVGO,2026-05-06,put,415.0,5.1,4.35,5.9,0.44470770141601557,136,297
2026-05-02,US11135F1012,AVGO,2026-05-06,put,417.5,5.1,5.3,6.85,0.43970286865234376,33,64
2026-05-02,US11135F1012,AVGO,2026-05-06,put,420.0,7.2,5.85,7.5,0.41370215209960937,49,245
2026-05-02,US11135F1012,AVGO,2026-05-06,put,422.5,8.26,7.1,8.8,0.415044912109375,5,1
2026-05-02,US11135F1012,AVGO,2026-05-06,put,425.0,8.59,8.1,10.7,0.44110666320800784,41,392
2026-05-02,US11135F1012,AVGO,2026-05-06,put,427.5,10.0,9.85,12.1,0.4359187268066406,102,3
2026-05-02,US11135F1012,AVGO,2026-05-06,put,430.0,33.1,11.5,14.05,0.45435115966796874,10,49
2026-05-02,US11135F1012,AVGO,2026-05-06,put,432.5,13.25,12.8,15.5,0.4401911450195312,1,1
2026-05-02,US11135F1012,AVGO,2026-05-06,put,435.0,15.5,15.25,18.0,0.4815725671386719,34,11
2026-05-02,US11135F1012,AVGO,2026-05-06,put,440.0,25.98,19.25,22.05,0.499028447265625,1,4
2026-05-02,US11135F1012,AVGO,2026-05-06,put,445.0,29.85,23.7,26.05,0.49609878906250005,20,10
2026-05-02,US11135F1012,AVGO,2026-05-06,put,460.0,41.1,37.7,40.85,0.657229990234375,,1
2026-05-02,US11135F1012,AVGO,2026-05-06,put,470.0,51.0,47.3,50.75,0.7543969873046875,1,0
2026-05-02,US11135F1012,AVGO,2026-05-08,call,175.0,129.9,244.4,247.1,3.0791038647460933,2,1
2026-05-02,US11135F1012,AVGO,2026-05-08,call,180.0,192.2,239.35,242.5,3.182619230957031,,4
2026-05-02,US11135F1012,AVGO,2026-05-08,call,195.0,215.75,224.35,227.15,2.754885925292969,1,1
2026-05-02,US11135F1012,AVGO,2026-05-08,call,235.0,166.1,184.4,187.95,2.405765704345703,1,2
2026-05-02,US11135F1012,AVGO,2026-05-08,call,250.0,152.6,169.4,172.15,1.9448244946289064,2,86
2026-05-02,US11135F1012,AVGO,2026-05-08,call,260.0,141.09,159.4,163.05,2.064946243896484,2,15
2026-05-02,US11135F1012,AVGO,2026-05-08,call,265.0,149.63,154.5,157.45,1.8452156176757812,2,6
2026-05-02,US11135F1012,AVGO,2026-05-08,call,270.0,130.99,149.6,153.0,1.0703171484375003,2,12
2026-05-02,US11135F1012,AVGO,2026-05-08,call,275.0,129.74,144.6,147.95,1.8378914355468747,2,42
2026-05-02,US11135F1012,AVGO,2026-05-08,call,280.0,134.86,139.55,142.2,1.5859395703124997,2,11
2026-05-02,US11135F1012,AVGO,2026-05-08,call,285.0,115.53,134.6,137.2,1.5263695556640622,2,4
2026-05-02,US11135F1012,AVGO,2026-05-08,call,290.0,132.65,129.45,132.55,1.5571311206054683,2,33
2026-05-02,US11135F1012,AVGO,2026-05-08,call,295.0,105.75,124.45,127.2,1.41015919921875,2,12
2026-05-02,US11135F1012,AVGO,2026-05-08,call,300.0,119.33,119.5,122.45,1.414553708496094,1,33
2026-05-02,US11135F1012,AVGO,2026-05-08,call,305.0,116.02,114.45,118.05,1.474612001953125,1,96
2026-05-02,US11135F1012,AVGO,2026-05-08,call,310.0,104.5,109.5,112.65,1.3398470507812497,1,32
2026-05-02,US11135F1012,AVGO,2026-05-08,call,315.0,107.57,104.5,107.85,1.3183627832031248,3,82
2026-05-02,US11135F1012,AVGO,2026-05-08,call,320.0,102.37,99.5,102.3,1.154301103515625,5,74
2026-05-02,US11135F1012,AVGO,2026-05-08,call,325.0,97.85,94.5,97.3,1.0996138769531252,13,80
2026-05-02,US11135F1012,AVGO,2026-05-08,call,330.0,92.45,89.55,92.7,1.119145029296875,3,159
2026-05-02,US11135F1012,AVGO,2026-05-08,call,332.5,90.03,87.0,90.2,1.0910689978027346,1,1
2026-05-02,US11135F1012,AVGO,2026-05-08,call,335.0,86.24,84.65,87.6,1.0463914868164066,39,435
2026-05-02,US11135F1012,AVGO,2026-05-08,call,340.0,82.25,79.7,82.4,0.9575199560546874,11,268
2026-05-02,US11135F1012,AVGO,2026-05-08,call,342.5,56.75,77.1,80.55,0.5742230078125,2,6
2026-05-02,US11135F1012,AVGO,2026-05-08,call,345.0,77.35,74.6,77.85,0.973633076171875,8,1010
2026-05-02,US11135F1012,AVGO,2026-05-08,call,347.5,74.17,72.15,75.3,0.9387213159179688,1,1
2026-05-02,US11135F1012,AVGO,2026-05-08,call,350.0,72.7,69.7,72.85,0.9177254321289063,19,791
2026-05-02,US11135F1012,AVGO,2026-05-08,call,352.5,69.1,67.2,70.35,0.8898936791992187,1,37
2026-05-02,US11135F1012,AVGO,2026-05-08,call,355.0,66.22,64.7,68.0,0.5097705273437501,8,157
2026-05-02,US11135F1012,AVGO,2026-05-08,call,357.5,64.9,62.25,65.6,0.5400436621093752,292,5
2026-05-02,US11135F1012,AVGO,2026-05-08,call,360.0,61.8,60.35,62.9,0.5942423388671876,112,178
2026-05-02,US11135F1012,AVGO,2026-05-08,call,362.5,54.35,57.35,60.65,0.532231240234375,40,27
2026-05-02,US11135F1012,AVGO,2026-05-08,call,365.0,56.13,54.9,57.45,0.7004424487304688,6,193
2026-05-02,US11135F1012,AVGO,2026-05-08,call,367.5,48.8,52.6,55.2,0.7060576269531251,3,22
2026-05-02,US11135F1012,AVGO,2026-05-08,call,370.0,52.85,50.0,52.75,0.6848176049804688,5,454
2026-05-02,US11135F1012,AVGO,2026-05-08,call,375.0,47.56,45.15,47.7,0.6245154736328126,81,252
2026-05-02,US11135F1012,AVGO,2026-05-08,call,377.5,46.0,42.65,45.8,0.6579624047851562,15,21
2026-05-02,US11135F1012,AVGO,2026-05-08,call,380.0,43.23,40.3,42.85,0.5856975024414062,219,454
2026-05-02,US11135F1012,AVGO,2026-05-08,call,382.5,41.1,37.95,40.9,0.6087685607910158,9,110
2026-05-02,US11135F1012,AVGO,2026-05-08,call,385.0,37.0,35.6,38.6,0.5959513061523438,15,315
2026-05-02,US11135F1012,AVGO,2026-05-08,call,387.5,34.65,33.25,36.0,0.5578657495117189,9,25
2026-05-02,US11135F1012,AVGO,2026-05-08,call,390.0,33.64,30.9,34.0,0.565556102294922,19,644
2026-05-02,US11135F1012,AVGO,2026-05-08,call,392.5,26.62,28.7,31.5,0.534184345703125,5,32
2026-05-02,US11135F1012,AVGO,2026-05-08,call,395.0,27.6,26.45,29.0,0.5025684509277344,28,561
2026-05-02,US11135F1012,AVGO,2026-05-08,call,397.5,25.0,24.6,27.6,0.5394333166503908,29,52
2026-05-02,US11135F1012,AVGO,2026-05-08,call,400.0,23.3,22.2,24.3,0.45703667968750006,155,1627
2026-05-02,US11135F1012,AVGO,2026-05-08,call,402.5,22.8,20.4,22.6,0.46973186523437505,34,321
2026-05-02,US11135F1012,AVGO,2026-05-08,call,405.0,20.35,18.55,20.5,0.4554497814941406,129,785
2026-05-02,US11135F1012,AVGO,2026-05-08,call,407.5,19.1,16.9,18.5,0.4437311486816406,38,1002
2026-05-02,US11135F1012,AVGO,2026-05-08,call,410.0,16.3,14.85,16.9,0.44824770507812495,391,620
2026-05-02,US11135F1012,AVGO,2026-05-08,call,412.5,16.1,13.45,15.25,0.4459283923339844,160,164
2026-05-02,US11135F1012,AVGO,2026-05-08,call,415.0,12.85,12.25,13.6,0.4395197650146484,562,832
2026-05-02,US11135F1012,AVGO,2026-05-08,call,417.5,11.59,10.95,12.35,0.4467828759765625,772,744
2026-05-02,US11135F1012,AVGO,2026-05-08,call,420.0,10.09,10.0,10.7,0.43237872314453124,1584,2591
2026-05-02,US11135F1012,AVGO,2026-05-08,call,422.5,8.82,8.65,9.5,0.43329424133300787,1938,758
2026-05-02,US11135F1012,AVGO,2026-05-08,call,425.0,7.8,7.6,7.85,0.4105283557128906,2888,479
2026-05-02,US11135F1012,AVGO,2026-05-08,call,427.5,6.43,6.4,6.95,0.41571629211425776,112,318
2026-05-02,US11135F1012,AVGO,2026-05-08,call,430.0,5.79,5.6,5.9,0.40991801025390623,2077,1661
2026-05-02,US11135F1012,AVGO,2026-05-08,call,432.5,4.6,4.1,5.15,0.41345801391601555,1217,66
2026-05-02,US11135F1012,AVGO,2026-05-08,call,435.0,4.2,4.15,4.3,0.40796490478515623,1210,602
2026-05-02,US11135F1012,AVGO,2026-05-08,call,437.5,3.7,2.97,3.7,0.41046732116699214,117,98
2026-05-02,US11135F1012,AVGO,2026-05-08,call,440.0,2.95,2.8,3.05,0.40601179931640624,341,367
2026-05-02,US11135F1012,AVGO,2026-05-08,call,442.5,2.4,2.21,2.59,0.40808697387695314,80,42
2026-05-02,US11135F1012,AVGO,2026-05-08,call,445.0,1.77,1.56,2.18,0.4094297338867187,258,305
2026-05-02,US11135F1012,AVGO,2026-05-08,call,450.0,1.41,1.35,1.45,0.4058897302246094,1871,3724
2026-05-02,US11135F1012,AVGO,2026-05-08,call,455.0,0.88,0.73,0.99,0.40869731933593745,289,1018
2026-05-02,US11135F1012,AVGO,2026-05-08,call,457.5,0.78,0.57,0.81,0.4096738720703125,34,365
2026-05-02,US11135F1012,AVGO,2026-05-08,call,460.0,0.57,0.4,0.64,0.40796490478515623,1006,3452
2026-05-02,US11135F1012,AVGO,2026-05-08,call,465.0,0.36,0.26,0.38,0.4028380029296875,138,467
2026-05-02,US11135F1012,AVGO,2026-05-08,call,467.5,0.25,0.19,0.51,0.44434149414062496,16,153
2026-05-02,US11135F1012,AVGO,2026-05-08,call,470.0,0.2,0.1,0.26,0.4101621484375,168,493
2026-05-02,US11135F1012,AVGO,2026-05-08,call,475.0,0.11,0.06,0.17,0.414068359375,13,192
2026-05-02,US11135F1012,AVGO,2026-05-08,call,480.0,0.08,0.03,0.09,0.40820904296875,414,168
2026-05-02,US11135F1012,AVGO,2026-05-08,call,482.5,0.08,0.02,0.08,0.41602146484374997,1,0
2026-05-02,US11135F1012,AVGO,2026-05-08,call,485.0,0.07,0.0,0.09,0.43555251953125,3,8
2026-05-02,US11135F1012,AVGO,2026-05-08,call,487.5,0.16,0.0,0.06,0.42774009765625004,21,27
2026-05-02,US11135F1012,AVGO,2026-05-08,call,490.0,0.04,0.0,0.04,0.42188078125,179,35
2026-05-02,US11135F1012,AVGO,2026-05-08,call,495.0,0.02,0.0,0.03,0.4335994140625,4,61
2026-05-02,US11135F1012,AVGO,2026-05-08,call,500.0,0.01,0.0,0.1,0.523442265625,274,227
2026-05-02,US11135F1012,AVGO,2026-05-08,call,510.0,0.12,0.0,0.05,0.5312546875,15,48
2026-05-02,US11135F1012,AVGO,2026-05-08,call,520.0,0.18,0.0,0.01,0.500005,3,98
2026-05-02,US11135F1012,AVGO,2026-05-08,call,530.0,0.05,0.0,1.38,0.8862316064453124,6,35
2026-05-02,US11135F1012,AVGO,2026-05-08,call,540.0,0.31,0.0,0.31,0.7607445800781252,5,66
2026-05-02,US11135F1012,AVGO,2026-05-08,call,550.0,0.04,0.0,0.58,0.87695435546875,2,28
2026-05-02,US11135F1012,AVGO,2026-05-08,put,175.0,0.24,0.0,2.0,3.1748067504882815,,1
2026-05-02,US11135F1012,AVGO,2026-05-08,put,180.0,0.01,0.0,2.0,3.0820335449218748,2,30
2026-05-02,US11135F1012,AVGO,2026-05-08,put,200.0,0.09,0.0,2.0,2.7324250439453124,10,17
2026-05-02,US11135F1012,AVGO,2026-05-08,put,205.0,0.19,0.0,2.0,2.6503939990234375,,1
2026-05-02,US11135F1012,AVGO,2026-05-08,put,210.0,0.23,0.0,2.0,2.5712926342773432,38,33
2026-05-02,US11135F1012,AVGO,2026-05-08,put,215.0,0.05,0.01,0.12,1.765626171875,41,11
2026-05-02,US11135F1012,AVGO,2026-05-08,put,220.0,0.04,0.01,0.11,1.6953140234375002,72,13
2026-05-02,US11135F1012,AVGO,2026-05-08,put,225.0,0.04,0.01,0.11,1.640626796875,43,21
2026-05-02,US11135F1012,AVGO,2026-05-08,put,230.0,0.3,0.0,1.76,2.221684133300781,2,15
2026-05-02,US11135F1012,AVGO,2026-05-08,put,235.0,0.01,0.0,1.83,2.1650436499023433,9,29
2026-05-02,US11135F1012,AVGO,2026-05-08,put,240.0,0.08,0.0,0.16,1.5273461132812498,1,38
2026-05-02,US11135F1012,AVGO,2026-05-08,put,245.0,0.02,0.0,0.44,1.654298603515625,2500,2342
2026-05-02,US11135F1012,AVGO,2026-05-08,put,250.0,0.01,0.0,0.08,1.3281283593749997,47,439
2026-05-02,US11135F1012,AVGO,2026-05-08,put,255.0,0.19,0.0,0.26,1.4492215039062502,1,188
2026-05-02,US11135F1012,AVGO,2026-05-08,put,260.0,0.1,0.0,0.46,1.4960962695312499,1,103
2026-05-02,US11135F1012,AVGO,2026-05-08,put,265.0,0.1,0.0,0.07,1.1757853710937498,1,124
2026-05-02,US11135F1012,AVGO,2026-05-08,put,270.0,0.06,0.0,0.24,1.2851598242187499,5,175
2026-05-02,US11135F1012,AVGO,2026-05-08,put,275.0,0.05,0.0,0.82,1.4492215039062502,64,183
2026-05-02,US11135F1012,AVGO,2026-05-08,put,280.0,0.05,0.0,0.2,1.1640666796875,102,915
2026-05-02,US11135F1012,AVGO,2026-05-08,put,285.0,0.06,0.0,0.07,1.0039112304687499,165,739
2026-05-02,US11135F1012,AVGO,2026-05-08,put,290.0,0.07,0.01,0.06,0.9609378906249999,56,393
2026-05-02,US11135F1012,AVGO,2026-05-08,put,295.0,0.03,0.0,0.05,0.8906260937499999,54,105
2026-05-02,US11135F1012,AVGO,2026-05-08,put,300.0,0.04,0.01,0.06,0.8828136718749999,222,206
2026-05-02,US11135F1012,AVGO,2026-05-08,put,305.0,0.05,0.01,0.11,0.8906260937499999,6,55
2026-05-02,US11135F1012,AVGO,2026-05-08,put,310.0,0.08,0.03,0.07,0.8320329296874999,36,176
2026-05-02,US11135F1012,AVGO,2026-05-08,put,315.0,0.06,0.03,0.08,0.8007832421875,661,120
2026-05-02,US11135F1012,AVGO,2026-05-08,put,320.0,0.12,0.01,0.1,0.7617211328125001,1,224
2026-05-02,US11135F1012,AVGO,2026-05-08,put,325.0,0.1,0.03,0.11,0.7421900781249999,479,232
2026-05-02,US11135F1012,AVGO,2026-05-08,put,327.5,0.23,0.01,0.37,0.8164080859374999,2,56
2026-05-02,US11135F1012,AVGO,2026-05-08,put,330.0,0.05,0.05,0.16,0.73633076171875,124,304
2026-05-02,US11135F1012,AVGO,2026-05-08,put,335.0,0.1,0.04,0.17,0.6953155468750001,21,176
2026-05-02,US11135F1012,AVGO,2026-05-08,put,340.0,0.11,0.08,0.22,0.6865265722656251,237,826
2026-05-02,US11135F1012,AVGO,2026-05-08,put,345.0,0.13,0.1,0.26,0.6611362011718751,150,1420
2026-05-02,US11135F1012,AVGO,2026-05-08,put,347.5,0.33,0.09,0.25,0.6357458300781251,1,21
2026-05-02,US11135F1012,AVGO,2026-05-08,put,350.0,0.19,0.15,0.25,0.6289099609375001,400,3755
2026-05-02,US11135F1012,AVGO,2026-05-08,put,352.5,0.29,0.11,0.27,0.6035195898437502,1,158
2026-05-02,US11135F1012,AVGO,2026-05-08,put,355.0,0.22,0.16,0.31,0.6015664843750002,132,1234
2026-05-02,US11135F1012,AVGO,2026-05-08,put,360.0,0.3,0.24,0.3,0.5712933496093751,250,962
2026-05-02,US11135F1012,AVGO,2026-05-08,put,365.0,0.29,0.28,0.46,0.5566450585937501,254,237
2026-05-02,US11135F1012,AVGO,2026-05-08,put,370.0,0.49,0.39,0.56,0.5358933129882812,934,560
2026-05-02,US11135F1012,AVGO,2026-05-08,put,375.0,0.58,0.5,0.66,0.5097705273437501,117,764
2026-05-02,US11135F1012,AVGO,2026-05-08,put,377.5,0.63,0.59,0.84,0.507817421875,210,180
2026-05-02,US11135F1012,AVGO,2026-05-08,put,380.0,0.77,0.74,0.8,0.49561051269531253,412,829
2026-05-02,US11135F1012,AVGO,2026-05-08,put,382.5,0.9,0.85,0.99,0.495122236328125,235,72
2026-05-02,US11135F1012,AVGO,2026-05-08,put,385.0,1.05,0.99,1.11,0.48291532714843755,302,546
2026-05-02,US11135F1012,AVGO,2026-05-08,put,387.5,1.26,1.13,1.3,0.47632359619140624,269,253
2026-05-02,US11135F1012,AVGO,2026-05-08,put,390.0,1.41,1.4,1.49,0.46680220703125,2059,1219
2026-05-02,US11135F1012,AVGO,2026-05-08,put,392.5,1.67,1.52,1.72,0.4583794396972657,93,154
2026-05-02,US11135F1012,AVGO,2026-05-08,put,395.0,1.99,1.85,2.01,0.4519097778320313,370,335
2026-05-02,US11135F1012,AVGO,2026-05-08,put,397.5,2.29,2.1,2.42,0.4505670178222656,466,660
2026-05-02,US11135F1012,AVGO,2026-05-08,put,400.0,2.64,2.49,2.76,0.4408014904785156,978,1026
2026-05-02,US11135F1012,AVGO,2026-05-08,put,402.5,2.9,2.75,3.2,0.43420975952148444,94,131
2026-05-02,US11135F1012,AVGO,2026-05-08,put,405.0,3.7,3.4,3.8,0.43292803405761715,515,385
2026-05-02,US11135F1012,AVGO,2026-05-08,put,407.5,4.23,3.85,4.6,0.43774976318359377,478,180
2026-05-02,US11135F1012,AVGO,2026-05-08,put,410.0,5.17,4.75,5.2,0.42810630493164065,916,1177
2026-05-02,US11135F1012,AVGO,2026-05-08,put,412.5,5.41,5.4,6.55,0.4495904650878906,42,350
2026-05-02,US11135F1012,AVGO,2026-05-08,put,415.0,6.2,6.45,7.5,0.4476373596191406,574,221
2026-05-02,US11135F1012,AVGO,2026-05-08,put,417.5,7.5,7.45,8.4,0.43933666137695315,150,377
2026-05-02,US11135F1012,AVGO,2026-05-08,put,420.0,8.92,8.55,9.4,0.4315242395019532,125,374
2026-05-02,US11135F1012,AVGO,2026-05-08,put,422.5,10.3,9.7,11.0,0.44537908142089844,81,32
2026-05-02,US11135F1012,AVGO,2026-05-08,put,425.0,10.95,11.0,12.35,0.4442804595947265,40,129
2026-05-02,US11135F1012,AVGO,2026-05-08,put,427.5,12.85,12.4,14.0,0.45227598510742195,23,9
2026-05-02,US11135F1012,AVGO,2026-05-08,put,430.0,13.6,13.45,15.9,0.4676566906738281,17,172
2026-05-02,US11135F1012,AVGO,2026-05-08,put,432.5,19.21,15.2,17.75,0.4776663562011719,32,32
2026-05-02,US11135F1012,AVGO,2026-05-08,put,435.0,18.2,17.4,19.55,0.4821829125976563,5,22
2026-05-02,US11135F1012,AVGO,2026-05-08,put,440.0,20.6,21.1,22.9,0.4676566906738281,49,24
2026-05-02,US11135F1012,AVGO,2026-05-08,put,445.0,35.57,24.6,27.05,0.4809622216796875,1,52
2026-05-02,US11135F1012,AVGO,2026-05-08,put,450.0,44.0,28.75,31.95,0.5308884802246094,2,7
2026-05-02,US11135F1012,AVGO,2026-05-08,put,455.0,55.65,33.6,36.4,0.5473678076171876,5,5
2026-05-02,US11135F1012,AVGO,2026-05-08,put,460.0,41.8,38.25,41.15,0.5784954260253907,1,5
2026-05-02,US11135F1012,AVGO,2026-05-08,put,470.0,46.23,47.25,50.9,0.6506382592773439,,5
2026-05-02,US11135F1012,AVGO,2026-05-08,put,490.0,87.42,67.2,70.8,0.5424850439453126,,0
2026-05-02,US11135F1012,AVGO,2026-05-08,put,495.0,75.68,72.35,75.75,0.5874064697265625,5,0
2026-05-02,US11135F1012,AVGO,2026-05-08,put,500.0,80.65,77.4,80.65,0.6103554589843752,2,1
2026-05-02,US11135F1012,AVGO,2026-05-08,put,530.0,140.8,107.25,110.8,0.77929908203125,,0
2026-05-02,US11135F1012,AVGO,2026-05-08,put,540.0,150.8,117.25,120.75,0.82226740234375,,0
2026-05-02,US11135F1012,AVGO,2026-05-08,put,550.0,160.8,127.9,130.25,0.903321279296875,,0
2026-05-02,US11135F1012,AVGO,2026-05-15,call,125.0,293.31,294.4,297.15,2.9746119384765626,18,42
2026-05-02,US11135F1012,AVGO,2026-05-15,call,130.0,268.12,289.45,292.15,2.88281529296875,,2
2026-05-02,US11135F1012,AVGO,2026-05-15,call,135.0,178.52,186.2,189.45,1.0000000000000003e-05,32,34
2026-05-02,US11135F1012,AVGO,2026-05-15,call,150.0,249.3,269.8,272.3,2.615237836914063,1,1023
2026-05-02,US11135F1012,AVGO,2026-05-15,call,155.0,166.35,264.45,267.65,2.6621127197265633,1,7
2026-05-02,US11135F1012,AVGO,2026-05-15,call,160.0,156.3,259.65,262.2,2.4238320654296874,6,39
2026-05-02,US11135F1012,AVGO,2026-05-15,call,170.0,164.6,0.0,0.0,1.0000000000000003e-05,3,0
2026-05-02,US11135F1012,AVGO,2026-05-15,call,175.0,166.36,230.1,234.0,1.0000000000000003e-05,2,23
2026-05-02,US11135F1012,AVGO,2026-05-15,call,180.0,217.5,239.45,242.25,2.1684616101074217,6,38
2026-05-02,US11135F1012,AVGO,2026-05-15,call,185.0,231.3,234.75,237.25,2.1044969262695306,10,25
2026-05-02,US11135F1012,AVGO,2026-05-15,call,190.0,237.9,229.75,232.25,2.041997082519531,2,17
2026-05-02,US11135F1012,AVGO,2026-05-15,call,195.0,215.75,224.8,227.25,1.9814454052734376,1,16
2026-05-02,US11135F1012,AVGO,2026-05-15,call,200.0,216.92,219.8,222.25,1.9228519482421875,1,165
2026-05-02,US11135F1012,AVGO,2026-05-15,call,210.0,188.24,209.8,212.3,1.8237313500976562,1,172
2026-05-02,US11135F1012,AVGO,2026-05-15,call,220.0,180.47,199.55,202.05,1.6386736816406249,10,169
2026-05-02,US11135F1012,AVGO,2026-05-15,call,230.0,187.54,189.6,192.35,1.6220722021484375,4,80
2026-05-02,US11135F1012,AVGO,2026-05-15,call,240.0,135.13,179.9,182.35,1.5209984887695311,4,152
2026-05-02,US11135F1012,AVGO,2026-05-15,call,250.0,172.92,169.7,172.35,1.423831005859375,2,641
2026-05-02,US11135F1012,AVGO,2026-05-15,call,260.0,154.34,159.85,162.4,1.3408236083984373,10,240
2026-05-02,US11135F1012,AVGO,2026-05-15,call,270.0,151.3,149.75,152.15,1.1958048022460939,2,328
2026-05-02,US11135F1012,AVGO,2026-05-15,call,280.0,139.9,139.75,142.95,0.79101771484375,1,931
2026-05-02,US11135F1012,AVGO,2026-05-15,call,290.0,132.96,129.8,132.2,1.0376024682617189,8,609
2026-05-02,US11135F1012,AVGO,2026-05-15,call,300.0,122.0,120.0,122.25,0.965820654296875,4,1159
2026-05-02,US11135F1012,AVGO,2026-05-15,call,310.0,112.24,109.95,112.45,0.9182137084960937,7,1533
2026-05-02,US11135F1012,AVGO,2026-05-15,call,320.0,102.7,100.0,103.5,0.7124052197265626,28,3079
2026-05-02,US11135F1012,AVGO,2026-05-15,call,330.0,91.0,90.1,92.55,0.7729514892578125,25,3149
2026-05-02,US11135F1012,AVGO,2026-05-15,call,340.0,82.8,80.25,83.0,0.5473678076171876,29,5747
2026-05-02,US11135F1012,AVGO,2026-05-15,call,345.0,70.52,75.3,78.05,0.526371923828125,1,17
2026-05-02,US11135F1012,AVGO,2026-05-15,call,350.0,72.84,70.45,72.85,0.6489292919921875,26,4390
2026-05-02,US11135F1012,AVGO,2026-05-15,call,355.0,66.64,65.6,68.35,0.5117236328125,3,38
2026-05-02,US11135F1012,AVGO,2026-05-15,call,360.0,63.3,60.95,63.15,0.5959513061523438,101,3665
2026-05-02,US11135F1012,AVGO,2026-05-15,call,365.0,58.82,56.0,58.75,0.5994913098144532,12,46
2026-05-02,US11135F1012,AVGO,2026-05-15,call,370.0,54.41,51.55,53.7,0.5539595385742189,47,7123
2026-05-02,US11135F1012,AVGO,2026-05-15,call,375.0,48.42,47.25,49.55,0.5623823059082032,25,98
2026-05-02,US11135F1012,AVGO,2026-05-15,call,380.0,43.98,42.75,44.55,0.5177050183105469,289,3215
2026-05-02,US11135F1012,AVGO,2026-05-15,call,382.5,34.69,40.4,42.55,0.5208788146972656,1,6
2026-05-02,US11135F1012,AVGO,2026-05-15,call,385.0,40.44,38.4,40.1,0.5000660345458985,5,126
2026-05-02,US11135F1012,AVGO,2026-05-15,call,387.5,37.66,36.3,38.4,0.5134936346435546,3,64
2026-05-02,US11135F1012,AVGO,2026-05-15,call,390.0,36.6,34.2,36.8,0.527470545654297,99,3510
2026-05-02,US11135F1012,AVGO,2026-05-15,call,392.5,28.52,32.1,34.65,0.5161181201171875,4,44
2026-05-02,US11135F1012,AVGO,2026-05-15,call,395.0,30.4,30.05,32.35,0.4979298254394532,9,101
2026-05-02,US11135F1012,AVGO,2026-05-15,call,397.5,29.35,28.2,30.1,0.4808401525878906,26,245
2026-05-02,US11135F1012,AVGO,2026-05-15,call,400.0,27.62,26.3,28.15,0.4739432489013672,303,11263
2026-05-02,US11135F1012,AVGO,2026-05-15,call,402.5,21.72,24.55,26.2,0.46545944702148445,14,492
2026-05-02,US11135F1012,AVGO,2026-05-15,call,405.0,24.55,21.9,25.05,0.4827322235107422,78,303
2026-05-02,US11135F1012,AVGO,2026-05-15,call,407.5,22.92,21.15,22.65,0.455632885131836,101,196
2026-05-02,US11135F1012,AVGO,2026-05-15,call,410.0,20.62,19.55,20.85,0.4472101177978516,263,7651
2026-05-02,US11135F1012,AVGO,2026-05-15,call,412.5,19.05,18.05,19.45,0.4497125341796875,10,134
2026-05-02,US11135F1012,AVGO,2026-05-15,call,415.0,18.1,16.55,17.85,0.443792183227539,493,339
2026-05-02,US11135F1012,AVGO,2026-05-15,call,417.5,15.75,15.25,16.7,0.4497125341796875,30,165
2026-05-02,US11135F1012,AVGO,2026-05-15,call,420.0,15.35,14.45,15.3,0.4459283923339844,771,6893
2026-05-02,US11135F1012,AVGO,2026-05-15,call,422.5,13.0,12.65,14.1,0.44611149597167965,361,188
2026-05-02,US11135F1012,AVGO,2026-05-15,call,425.0,11.85,11.9,12.5,0.4321345849609375,392,496
2026-05-02,US11135F1012,AVGO,2026-05-15,call,427.5,10.8,10.7,11.2,0.4251156121826172,44,346
2026-05-02,US11135F1012,AVGO,2026-05-15,call,430.0,9.98,9.7,10.35,0.4297542376708985,517,4824
2026-05-02,US11135F1012,AVGO,2026-05-15,call,435.0,8.0,7.8,8.3,0.42200285034179685,178,415
2026-05-02,US11135F1012,AVGO,2026-05-15,call,440.0,6.5,6.2,6.7,0.42017181396484377,451,5061
2026-05-02,US11135F1012,AVGO,2026-05-15,call,445.0,5.0,4.75,5.35,0.41864595031738283,173,844
2026-05-02,US11135F1012,AVGO,2026-05-15,call,450.0,4.0,3.8,4.1,0.41223732299804683,829,10256
2026-05-02,US11135F1012,AVGO,2026-05-15,call,455.0,3.2,2.79,3.25,0.41394629028320307,58,3000
2026-05-02,US11135F1012,AVGO,2026-05-15,call,460.0,2.4,2.16,2.67,0.4215145739746094,195,1541
2026-05-02,US11135F1012,AVGO,2026-05-15,call,470.0,1.41,1.25,1.51,0.4163876721191406,215,2051
2026-05-02,US11135F1012,AVGO,2026-05-15,call,480.0,0.69,0.72,0.87,0.4182187084960937,695,2150
2026-05-02,US11135F1012,AVGO,2026-05-15,call,490.0,0.43,0.29,0.49,0.4206600903320313,174,678
2026-05-02,US11135F1012,AVGO,2026-05-15,call,500.0,0.24,0.2,0.36,0.4426325268554688,498,14448
2026-05-02,US11135F1012,AVGO,2026-05-15,call,510.0,0.14,0.12,0.31,0.47363807617187503,35,2800
2026-05-02,US11135F1012,AVGO,2026-05-15,call,520.0,0.1,0.03,0.12,0.45215391601562505,32,694
2026-05-02,US11135F1012,AVGO,2026-05-15,call,530.0,0.1,0.01,0.19,0.5161181201171875,96,939
2026-05-02,US11135F1012,AVGO,2026-05-15,call,540.0,0.02,0.01,0.24,0.523442265625,11,2303
2026-05-02,US11135F1012,AVGO,2026-05-15,call,560.0,0.01,0.01,0.22,0.5839885351562499,41,629
2026-05-02,US11135F1012,AVGO,2026-05-15,call,570.0,0.25,0.0,0.23,0.6152382226562501,3,184
2026-05-02,US11135F1012,AVGO,2026-05-15,call,580.0,0.02,0.01,0.38,0.6875031250000001,20,261
2026-05-02,US11135F1012,AVGO,2026-05-15,call,590.0,0.14,0.01,0.13,0.64062859375,1,200
2026-05-02,US11135F1012,AVGO,2026-05-15,call,600.0,0.02,0.01,0.03,0.5937540625000001,218,2924
2026-05-02,US11135F1012,AVGO,2026-05-15,put,125.0,0.01,0.0,0.1,2.1328171679687498,35,2814
2026-05-02,US11135F1012,AVGO,2026-05-15,put,130.0,0.01,0.0,1.0,2.6660189599609376,3,564
2026-05-02,US11135F1012,AVGO,2026-05-15,put,135.0,0.01,0.0,1.0,2.5839879150390628,2,137
2026-05-02,US11135F1012,AVGO,2026-05-15,put,140.0,0.14,0.0,0.15,2.0156299609375,1,72
2026-05-02,US11135F1012,AVGO,2026-05-15,put,145.0,0.07,0.0,1.01,2.4335976660156247,1,47
2026-05-02,US11135F1012,AVGO,2026-05-15,put,150.0,0.01,0.0,0.82,2.2968792578125,10,495
2026-05-02,US11135F1012,AVGO,2026-05-15,put,155.0,0.04,0.0,0.2,1.89453177734375,1,60
2026-05-02,US11135F1012,AVGO,2026-05-15,put,160.0,0.03,0.0,0.1,1.71875140625,120,271
2026-05-02,US11135F1012,AVGO,2026-05-15,put,165.0,0.03,0.0,1.0,2.1533249291992185,2,99
2026-05-02,US11135F1012,AVGO,2026-05-15,put,170.0,0.48,0.0,0.23,1.751954365234375,2,265
2026-05-02,US11135F1012,AVGO,2026-05-15,put,175.0,0.06,0.0,0.35,1.7792979785156249,1,398
2026-05-02,US11135F1012,AVGO,2026-05-15,put,180.0,0.08,0.0,0.2,1.625001875,2,107
2026-05-02,US11135F1012,AVGO,2026-05-15,put,185.0,0.01,0.0,0.21,1.5820333398437496,2,314
2026-05-02,US11135F1012,AVGO,2026-05-15,put,190.0,0.03,0.0,1.01,1.853516357421875,1,212
2026-05-02,US11135F1012,AVGO,2026-05-15,put,195.0,0.04,0.0,0.23,1.501955615234375,11,444
2026-05-02,US11135F1012,AVGO,2026-05-15,put,200.0,0.1,0.01,0.4,1.5527366113281247,62,1417
2026-05-02,US11135F1012,AVGO,2026-05-15,put,210.0,0.03,0.01,0.07,1.23047259765625,10,1047
2026-05-02,US11135F1012,AVGO,2026-05-15,put,220.0,0.05,0.01,0.06,1.140629296875,32,1892
2026-05-02,US11135F1012,AVGO,2026-05-15,put,230.0,0.04,0.01,0.19,1.1816447167968749,255,3866
2026-05-02,US11135F1012,AVGO,2026-05-15,put,240.0,0.05,0.03,0.11,1.0644578027343752,715,5723
2026-05-02,US11135F1012,AVGO,2026-05-15,put,250.0,0.07,0.03,0.32,1.0986373193359378,1514,4184
2026-05-02,US11135F1012,AVGO,2026-05-15,put,260.0,0.12,0.04,0.2,0.9785158398437501,463,7405
2026-05-02,US11135F1012,AVGO,2026-05-15,put,270.0,0.09,0.04,0.1,0.8554701953125,55,5650
2026-05-02,US11135F1012,AVGO,2026-05-15,put,280.0,0.11,0.07,0.16,0.8359391406249999,12,5044
2026-05-02,US11135F1012,AVGO,2026-05-15,put,290.0,0.13,0.11,0.2,0.79883013671875,36,4810
2026-05-02,US11135F1012,AVGO,2026-05-15,put,300.0,0.17,0.15,0.22,0.7500025,384,9505
2026-05-02,US11135F1012,AVGO,2026-05-15,put,310.0,0.2,0.19,0.35,0.7211941943359376,669,4641
2026-05-02,US11135F1012,AVGO,2026-05-15,put,320.0,0.29,0.24,0.35,0.6635775830078127,604,8731
2026-05-02,US11135F1012,AVGO,2026-05-15,put,330.0,0.37,0.35,0.51,0.6342810009765626,107,4450
2026-05-02,US11135F1012,AVGO,2026-05-15,put,340.0,0.49,0.47,0.57,0.585941640625,350,4490
2026-05-02,US11135F1012,AVGO,2026-05-15,put,345.0,0.59,0.55,0.62,0.5634809277343751,115,586
2026-05-02,US11135F1012,AVGO,2026-05-15,put,350.0,0.66,0.67,0.78,0.5510298803710938,338,3494
2026-05-02,US11135F1012,AVGO,2026-05-15,put,355.0,0.78,0.69,0.98,0.5307664111328125,54,438
2026-05-02,US11135F1012,AVGO,2026-05-15,put,360.0,1.01,0.92,1.05,0.5127001855468749,433,4982
2026-05-02,US11135F1012,AVGO,2026-05-15,put,365.0,1.21,1.08,1.31,0.5085498364257812,56,473
2026-05-02,US11135F1012,AVGO,2026-05-15,put,370.0,1.58,1.4,1.6,0.49487809814453126,213,4856
2026-05-02,US11135F1012,AVGO,2026-05-15,put,375.0,1.85,1.77,2.0,0.48438015625,168,452
2026-05-02,US11135F1012,AVGO,2026-05-15,put,380.0,2.35,2.2,2.43,0.4703422106933594,454,3641
2026-05-02,US11135F1012,AVGO,2026-05-15,put,382.5,2.54,2.49,2.81,0.47058634887695316,23,298
2026-05-02,US11135F1012,AVGO,2026-05-15,put,385.0,2.98,2.77,3.2,0.46924358886718753,136,454
2026-05-02,US11135F1012,AVGO,2026-05-15,put,387.5,3.19,3.1,3.7,0.4710746252441406,34,243
2026-05-02,US11135F1012,AVGO,2026-05-15,put,390.0,3.6,3.5,4.05,0.4637504797363281,366,2329
2026-05-02,US11135F1012,AVGO,2026-05-15,put,392.5,3.95,4.0,4.55,0.46155323608398446,351,243
2026-05-02,US11135F1012,AVGO,2026-05-15,put,395.0,4.54,4.45,5.05,0.4573418524169922,150,460
2026-05-02,US11135F1012,AVGO,2026-05-15,put,397.5,4.87,5.0,5.7,0.4572197833251954,85,319
2026-05-02,US11135F1012,AVGO,2026-05-15,put,400.0,5.7,5.6,6.1,0.44562321960449214,1188,3162
2026-05-02,US11135F1012,AVGO,2026-05-15,put,402.5,6.0,6.25,6.9,0.44714908325195313,82,322
2026-05-02,US11135F1012,AVGO,2026-05-15,put,405.0,7.0,7.0,7.65,0.4445856323242187,375,532
2026-05-02,US11135F1012,AVGO,2026-05-15,put,407.5,8.13,7.75,8.55,0.44507390869140623,88,71
2026-05-02,US11135F1012,AVGO,2026-05-15,put,410.0,8.81,8.1,9.35,0.4401301104736328,369,693
2026-05-02,US11135F1012,AVGO,2026-05-15,put,412.5,9.75,9.5,10.05,0.4301204449462891,60,136
2026-05-02,US11135F1012,AVGO,2026-05-15,put,415.0,10.5,10.5,11.3,0.43543045043945316,171,422
2026-05-02,US11135F1012,AVGO,2026-05-15,put,417.5,11.55,11.5,12.45,0.4353694158935547,26,150
2026-05-02,US11135F1012,AVGO,2026-05-15,put,420.0,12.98,12.7,13.6,0.43317217224121096,1564,961
2026-05-02,US11135F1012,AVGO,2026-05-15,put,422.5,14.3,13.9,15.65,0.45618219604492194,199,75
2026-05-02,US11135F1012,AVGO,2026-05-15,put,425.0,14.95,15.15,16.3,0.4346370013427735,181,124
2026-05-02,US11135F1012,AVGO,2026-05-15,put,427.5,21.14,15.9,18.35,0.45361874511718747,9,43
2026-05-02,US11135F1012,AVGO,2026-05-15,put,430.0,17.75,17.55,19.2,0.4338435522460938,14,51
2026-05-02,US11135F1012,AVGO,2026-05-15,put,435.0,21.0,20.9,23.1,0.45667047241210945,26,12
2026-05-02,US11135F1012,AVGO,2026-05-15,put,440.0,24.04,24.0,26.05,0.44159493957519536,6,885
2026-05-02,US11135F1012,AVGO,2026-05-15,put,445.0,49.18,27.7,29.85,0.44714908325195313,10,31
2026-05-02,US11135F1012,AVGO,2026-05-15,put,450.0,53.66,31.7,33.7,0.44751529052734373,40,44
2026-05-02,US11135F1012,AVGO,2026-05-15,put,455.0,39.0,35.3,38.1,0.4635063415527344,2,22
2026-05-02,US11135F1012,AVGO,2026-05-15,put,460.0,47.8,40.1,42.65,0.4818167053222656,2,13
2026-05-02,US11135F1012,AVGO,2026-05-15,put,470.0,55.0,48.9,51.4,0.4888967126464845,1,13
2026-05-02,US11135F1012,AVGO,2026-05-15,put,480.0,82.05,58.4,60.85,0.5177050183105469,10,16
2026-05-02,US11135F1012,AVGO,2026-05-15,put,490.0,63.85,68.15,70.9,0.5787395642089843,3,44
2026-05-02,US11135F1012,AVGO,2026-05-15,put,500.0,86.6,78.05,80.8,0.6267127172851563,5,12
2026-05-02,US11135F1012,AVGO,2026-05-15,put,510.0,181.9,0.0,0.0,1.0000000000000003e-05,15,0
2026-05-02,US11135F1012,AVGO,2026-05-15,put,520.0,183.85,0.0,0.0,1.0000000000000003e-05,,0
2026-05-02,US11135F1012,AVGO,2026-05-15,put,530.0,194.33,0.0,0.0,1.0000000000000003e-05,1,0
2026-05-02,US11135F1012,AVGO,2026-05-15,put,540.0,166.7,118.05,120.75,0.666263103027344,,0
2026-05-02,US11135F1012,AVGO,2026-05-15,put,570.0,245.25,0.0,0.0,1.0000000000000003e-05,,0
2026-05-02,US11135F1012,AVGO,2026-05-22,call,190.0,216.35,229.7,233.4,1.39453427734375,1,1
2026-05-02,US11135F1012,AVGO,2026-05-22,call,200.0,112.3,219.75,223.45,1.338870493164062,,2
2026-05-02,US11135F1012,AVGO,2026-05-22,call,210.0,187.46,209.8,213.55,1.2934605639648438,1,1
2026-05-02,US11135F1012,AVGO,2026-05-22,call,220.0,183.75,199.85,203.4,1.1923868505859376,1,1
2026-05-02,US11135F1012,AVGO,2026-05-22,call,240.0,178.33,179.9,183.25,1.0244189404296877,1,1
2026-05-02,US11135F1012,AVGO,2026-05-22,call,250.0,156.2,169.95,173.55,1.0210009887695315,2,0
2026-05-02,US11135F1012,AVGO,2026-05-22,call,255.0,147.2,165.0,168.55,0.9936524072265626,2,2
2026-05-02,US11135F1012,AVGO,2026-05-22,call,265.0,148.73,155.05,158.8,0.963867548828125,2,5
2026-05-02,US11135F1012,AVGO,2026-05-22,call,270.0,129.34,150.05,153.65,0.9116219775390625,10,8
2026-05-02,US11135F1012,AVGO,2026-05-22,call,280.0,139.7,140.05,144.0,0.8833019482421874,21,22
2026-05-02,US11135F1012,AVGO,2026-05-22,call,285.0,136.29,135.1,138.95,0.84961087890625,1,49
2026-05-02,US11135F1012,AVGO,2026-05-22,call,290.0,130.61,130.2,133.8,0.8122577368164061,3,3
2026-05-02,US11135F1012,AVGO,2026-05-22,call,295.0,125.65,125.3,128.0,0.7026396923828125,4,34
2026-05-02,US11135F1012,AVGO,2026-05-22,call,300.0,123.25,120.35,123.3,0.7148466015625,11,38
2026-05-02,US11135F1012,AVGO,2026-05-22,call,305.0,116.53,115.4,118.4,0.6989776196289064,11,33
2026-05-02,US11135F1012,AVGO,2026-05-22,call,310.0,113.65,110.5,113.45,0.6816438085937502,22,107
2026-05-02,US11135F1012,AVGO,2026-05-22,call,315.0,108.49,105.45,108.85,0.6777375976562501,19,36
2026-05-02,US11135F1012,AVGO,2026-05-22,call,320.0,102.55,100.65,103.75,0.6533237792968751,23,291
2026-05-02,US11135F1012,AVGO,2026-05-22,call,325.0,97.67,95.65,98.3,0.5913126806640626,28,43
2026-05-02,US11135F1012,AVGO,2026-05-22,call,330.0,92.3,90.85,93.95,0.6149940844726562,50,73
2026-05-02,US11135F1012,AVGO,2026-05-22,call,335.0,87.8,85.95,89.35,0.6088906298828126,52,192
2026-05-02,US11135F1012,AVGO,2026-05-22,call,340.0,82.88,81.1,84.4,0.585941640625,57,252
2026-05-02,US11135F1012,AVGO,2026-05-22,call,345.0,78.28,76.3,79.05,0.5472457385253908,58,85
2026-05-02,US11135F1012,AVGO,2026-05-22,call,350.0,73.24,71.55,74.9,0.5578657495117189,54,298
2026-05-02,US11135F1012,AVGO,2026-05-22,call,355.0,68.21,66.8,69.25,0.5106250109863282,68,116
2026-05-02,US11135F1012,AVGO,2026-05-22,call,360.0,63.7,62.1,65.15,0.5164843273925781,32,233
2026-05-02,US11135F1012,AVGO,2026-05-22,call,365.0,59.05,57.5,60.4,0.5004932763671875,18,196
2026-05-02,US11135F1012,AVGO,2026-05-22,call,370.0,54.62,52.95,56.2,0.5690350714111327,19,346
2026-05-02,US11135F1012,AVGO,2026-05-22,call,375.0,51.05,48.6,51.4,0.5376022802734376,6,225
2026-05-02,US11135F1012,AVGO,2026-05-22,call,380.0,46.15,44.25,47.6,0.5419357330322268,12,358
2026-05-02,US11135F1012,AVGO,2026-05-22,call,385.0,41.56,40.2,43.0,0.5136767382812499,1,321
2026-05-02,US11135F1012,AVGO,2026-05-22,call,390.0,38.53,36.15,39.6,0.5216722637939453,19,288
2026-05-02,US11135F1012,AVGO,2026-05-22,call,395.0,32.21,32.85,35.8,0.5117846673583983,9,123
2026-05-02,US11135F1012,AVGO,2026-05-22,call,400.0,31.85,28.8,31.35,0.47949739257812496,34,2480
2026-05-02,US11135F1012,AVGO,2026-05-22,call,405.0,27.5,25.85,27.9,0.47174600524902344,15,332
2026-05-02,US11135F1012,AVGO,2026-05-22,call,410.0,25.0,22.65,24.8,0.4683891052246094,15,381
2026-05-02,US11135F1012,AVGO,2026-05-22,call,415.0,21.98,20.85,21.7,0.45978323425292966,176,318
2026-05-02,US11135F1012,AVGO,2026-05-22,call,420.0,17.86,18.05,18.85,0.4523980541992188,112,1333
2026-05-02,US11135F1012,AVGO,2026-05-22,call,425.0,16.0,15.45,16.5,0.45215391601562505,70,719
2026-05-02,US11135F1012,AVGO,2026-05-22,call,430.0,13.35,13.2,14.45,0.45404598693847653,119,703
2026-05-02,US11135F1012,AVGO,2026-05-22,call,435.0,12.23,11.2,12.25,0.446843910522461,71,257
2026-05-02,US11135F1012,AVGO,2026-05-22,call,440.0,9.57,9.1,10.3,0.4405573522949219,79,2194
2026-05-02,US11135F1012,AVGO,2026-05-22,call,445.0,8.0,7.5,8.7,0.4381159704589844,18,102
2026-05-02,US11135F1012,AVGO,2026-05-22,call,450.0,7.0,6.3,7.3,0.435979761352539,221,3129
2026-05-02,US11135F1012,AVGO,2026-05-22,call,455.0,6.1,5.2,6.0,0.4314632049560547,124,102
2026-05-02,US11135F1012,AVGO,2026-05-22,call,460.0,5.0,4.25,5.0,0.4310969976806641,429,537
2026-05-02,US11135F1012,AVGO,2026-05-22,call,465.0,4.32,3.6,4.25,0.4348201049804688,38,95
2026-05-02,US11135F1012,AVGO,2026-05-22,call,470.0,3.5,3.0,3.45,0.43219561950683594,37,524
2026-05-02,US11135F1012,AVGO,2026-05-22,call,475.0,3.0,2.36,2.85,0.4329890686035156,9,378
2026-05-02,US11135F1012,AVGO,2026-05-22,call,480.0,2.28,1.85,2.55,0.4440973559570312,29,286
2026-05-02,US11135F1012,AVGO,2026-05-22,call,485.0,1.78,1.62,2.1,0.44470770141601557,22,195
2026-05-02,US11135F1012,AVGO,2026-05-22,call,490.0,1.5,1.28,1.52,0.43237872314453124,13,140
2026-05-02,US11135F1012,AVGO,2026-05-22,call,495.0,1.18,0.92,1.28,0.43677321044921874,11,45
2026-05-02,US11135F1012,AVGO,2026-05-22,call,500.0,0.96,0.68,1.16,0.44788149780273434,245,168
2026-05-02,US11135F1012,AVGO,2026-05-22,call,510.0,0.66,0.52,0.65,0.436529072265625,21,126
2026-05-02,US11135F1012,AVGO,2026-05-22,call,520.0,0.5,0.23,0.66,0.4733939379882813,11,80
2026-05-02,US11135F1012,AVGO,2026-05-22,call,530.0,0.34,0.01,0.49,0.48340360351562506,3,55
2026-05-02,US11135F1012,AVGO,2026-05-22,call,540.0,0.23,0.06,0.23,0.46191944335937507,9,270
2026-05-02,US11135F1012,AVGO,2026-05-22,call,550.0,0.15,0.03,0.22,0.48828636718750007,57,280
2026-05-02,US11135F1012,AVGO,2026-05-22,put,170.0,0.02,0.0,0.92,1.6865250048828124,,5
2026-05-02,US11135F1012,AVGO,2026-05-22,put,180.0,0.35,0.0,0.87,1.5761739941406248,,1
2026-05-02,US11135F1012,AVGO,2026-05-22,put,195.0,0.19,0.0,0.78,1.4179716601562502,1,1
2026-05-02,US11135F1012,AVGO,2026-05-22,put,205.0,0.51,0.0,0.69,1.3115268798828121,1,5
2026-05-02,US11135F1012,AVGO,2026-05-22,put,210.0,0.08,0.0,0.64,1.2587927685546876,3,347
2026-05-02,US11135F1012,AVGO,2026-05-22,put,215.0,0.14,0.0,0.57,1.201175869140625,4,2
2026-05-02,US11135F1012,AVGO,2026-05-22,put,220.0,0.05,0.0,0.5,1.1445355273437499,1,7
2026-05-02,US11135F1012,AVGO,2026-05-22,put,225.0,0.32,0.0,0.79,1.1767619287109374,3,12
2026-05-02,US11135F1012,AVGO,2026-05-22,put,230.0,0.18,0.01,0.34,1.0273486132812502,2,125
2026-05-02,US11135F1012,AVGO,2026-05-22,put,235.0,0.13,0.01,0.59,1.0625046875000002,5,54
2026-05-02,US11135F1012,AVGO,2026-05-22,put,240.0,0.22,0.01,0.36,0.96679720703125,1,461
2026-05-02,US11135F1012,AVGO,2026-05-22,put,245.0,0.18,0.01,0.63,1.001958115234375,5,19
2026-05-02,US11135F1012,AVGO,2026-05-22,put,250.0,0.3,0.01,0.64,0.9702151416015624,5,78
2026-05-02,US11135F1012,AVGO,2026-05-22,put,255.0,0.17,0.01,0.31,0.8564467480468749,11,93
2026-05-02,US11135F1012,AVGO,2026-05-22,put,260.0,0.21,0.05,0.27,0.8261736132812498,1,92
2026-05-02,US11135F1012,AVGO,2026-05-22,put,265.0,0.18,0.01,0.33,0.8027363476562499,6,52
2026-05-02,US11135F1012,AVGO,2026-05-22,put,270.0,0.14,0.09,0.28,0.7812521875,9,204
2026-05-02,US11135F1012,AVGO,2026-05-22,put,275.0,0.14,0.1,0.29,0.7568383691406251,2,138
2026-05-02,US11135F1012,AVGO,2026-05-22,put,280.0,0.17,0.16,0.37,0.7578149218750001,14,71
2026-05-02,US11135F1012,AVGO,2026-05-22,put,285.0,0.74,0.03,0.38,0.7041045214843751,1,53
2026-05-02,US11135F1012,AVGO,2026-05-22,put,290.0,0.26,0.1,0.37,0.6884796777343751,1,93
2026-05-02,US11135F1012,AVGO,2026-05-22,put,295.0,0.34,0.27,0.51,0.7084990087890625,20,273
2026-05-02,US11135F1012,AVGO,2026-05-22,put,300.0,0.35,0.32,0.43,0.6752962158203126,200,391
2026-05-02,US11135F1012,AVGO,2026-05-22,put,305.0,0.88,0.14,0.63,0.6489292919921875,9,46
2026-05-02,US11135F1012,AVGO,2026-05-22,put,310.0,0.55,0.2,0.68,0.632816171875,1,184
2026-05-02,US11135F1012,AVGO,2026-05-22,put,315.0,0.57,0.44,0.73,0.632816171875,1,145
2026-05-02,US11135F1012,AVGO,2026-05-22,put,320.0,0.75,0.41,0.75,0.6022988989257814,26,234
2026-05-02,US11135F1012,AVGO,2026-05-22,put,325.0,0.68,0.6,0.84,0.5952188916015625,1,192
2026-05-02,US11135F1012,AVGO,2026-05-22,put,330.0,0.71,0.71,0.92,0.5786174951171875,8,402
2026-05-02,US11135F1012,AVGO,2026-05-22,put,335.0,0.89,0.83,1.07,0.5649457568359376,235,528
2026-05-02,US11135F1012,AVGO,2026-05-22,put,340.0,1.15,0.94,1.18,0.5466353930664063,11,228
2026-05-02,US11135F1012,AVGO,2026-05-22,put,345.0,1.19,1.16,1.43,0.5385788330078126,89,1396
2026-05-02,US11135F1012,AVGO,2026-05-22,put,350.0,1.42,1.34,1.62,0.5227098510742187,220,751
2026-05-02,US11135F1012,AVGO,2026-05-22,put,355.0,1.63,1.62,1.88,0.5111132873535156,48,251
2026-05-02,US11135F1012,AVGO,2026-05-22,put,360.0,1.93,1.92,2.22,0.5090381127929688,65,314
2026-05-02,US11135F1012,AVGO,2026-05-22,put,365.0,2.3,2.31,2.58,0.49573258178710944,64,189
2026-05-02,US11135F1012,AVGO,2026-05-22,put,370.0,2.9,2.77,3.1,0.48743188354492195,88,1775
2026-05-02,US11135F1012,AVGO,2026-05-22,put,375.0,3.53,3.3,3.8,0.48303739624023445,65,1709
2026-05-02,US11135F1012,AVGO,2026-05-22,put,380.0,4.18,3.75,4.6,0.4777273907470704,67,2050
2026-05-02,US11135F1012,AVGO,2026-05-22,put,385.0,4.81,4.75,5.7,0.47839877075195314,15,128
2026-05-02,US11135F1012,AVGO,2026-05-22,put,390.0,5.99,5.6,6.25,0.45526667785644537,49,753
2026-05-02,US11135F1012,AVGO,2026-05-22,put,395.0,7.15,6.9,7.5,0.4512383978271485,41,1399
2026-05-02,US11135F1012,AVGO,2026-05-22,put,400.0,8.85,8.1,9.45,0.4619804779052735,89,1778
2026-05-02,US11135F1012,AVGO,2026-05-22,put,405.0,9.97,9.95,10.6,0.4442804595947265,22,1245
2026-05-02,US11135F1012,AVGO,2026-05-22,put,410.0,12.6,11.7,12.45,0.44061838684082033,47,148
2026-05-02,US11135F1012,AVGO,2026-05-22,put,415.0,14.4,13.7,14.5,0.43659010681152344,22,328
2026-05-02,US11135F1012,AVGO,2026-05-22,put,420.0,16.4,15.35,16.8,0.43329424133300787,262,453
2026-05-02,US11135F1012,AVGO,2026-05-22,put,425.0,18.3,18.35,19.85,0.44302925140380855,44,218
2026-05-02,US11135F1012,AVGO,2026-05-22,put,430.0,22.18,21.05,22.1,0.4272518212890626,20,20
2026-05-02,US11135F1012,AVGO,2026-05-22,put,435.0,24.66,24.1,25.1,0.42462733581542966,2,4
2026-05-02,US11135F1012,AVGO,2026-05-22,put,440.0,26.9,26.65,29.75,0.4598442687988281,3,10
2026-05-02,US11135F1012,AVGO,2026-05-22,put,445.0,35.76,30.75,32.85,0.4500787414550781,1,10
2026-05-02,US11135F1012,AVGO,2026-05-22,put,450.0,34.27,33.75,36.85,0.4601494415283204,3,18
2026-05-02,US11135F1012,AVGO,2026-05-22,put,455.0,38.78,38.25,40.65,0.4603325451660156,5,3
2026-05-02,US11135F1012,AVGO,2026-05-22,put,460.0,41.65,41.65,44.45,0.455632885131836,2,1
2026-05-02,US11135F1012,AVGO,2026-05-22,put,470.0,71.41,50.45,52.95,0.4631401342773438,10,15
2026-05-02,US11135F1012,AVGO,2026-05-22,put,500.0,81.1,78.45,81.05,0.526371923828125,1,37
2026-05-02,US11135F1012,AVGO,2026-05-22,put,510.0,83.87,87.85,90.85,0.5578657495117189,,4
2026-05-02,US11135F1012,AVGO,2026-05-22,put,520.0,99.35,97.1,100.8,0.5959513061523438,1,3
2026-05-02,US11135F1012,AVGO,2026-05-22,put,550.0,156.6,127.15,130.8,0.7116728051757812,,0
2026-05-02,US11135F1012,AVGO,2026-05-29,call,185.0,233.0,234.85,238.65,1.337405656738281,1,1
2026-05-02,US11135F1012,AVGO,2026-05-29,call,200.0,175.23,219.9,223.35,1.1709025830078126,,1
2026-05-02,US11135F1012,AVGO,2026-05-29,call,220.0,190.91,200.0,203.85,1.1274457690429687,1,1
2026-05-02,US11135F1012,AVGO,2026-05-29,call,245.0,173.55,175.15,178.4,0.9213875048828125,1,1
2026-05-02,US11135F1012,AVGO,2026-05-29,call,250.0,177.46,170.2,173.75,0.937500625,,1
2026-05-02,US11135F1012,AVGO,2026-05-29,call,265.0,135.47,155.3,158.6,0.8396012133789061,,5
2026-05-02,US11135F1012,AVGO,2026-05-29,call,280.0,119.6,140.45,144.3,0.8173846386718748,,11
2026-05-02,US11135F1012,AVGO,2026-05-29,call,290.0,132.1,130.55,134.15,0.7539087109375,1,1
2026-05-02,US11135F1012,AVGO,2026-05-29,call,295.0,109.54,125.6,129.45,0.7452418054199219,,1
2026-05-02,US11135F1012,AVGO,2026-05-29,call,300.0,101.82,120.7,124.35,0.7155790161132812,1,23
2026-05-02,US11135F1012,AVGO,2026-05-29,call,305.0,108.34,115.8,119.15,0.6806672558593752,1,21
2026-05-02,US11135F1012,AVGO,2026-05-29,call,310.0,112.77,110.9,114.4,0.6696810375976563,1,9
2026-05-02,US11135F1012,AVGO,2026-05-29,call,315.0,107.79,106.05,108.7,0.6127968408203126,1,7
2026-05-02,US11135F1012,AVGO,2026-05-29,call,320.0,94.4,101.1,104.75,0.6359899682617188,2,76
2026-05-02,US11135F1012,AVGO,2026-05-29,call,325.0,96.79,96.3,98.95,0.581180946044922,1,248
2026-05-02,US11135F1012,AVGO,2026-05-29,call,330.0,91.98,91.45,94.15,0.5677533459472657,7,111
2026-05-02,US11135F1012,AVGO,2026-05-29,call,335.0,66.18,86.55,89.3,0.5489547058105471,2,39
2026-05-02,US11135F1012,AVGO,2026-05-29,call,340.0,83.47,81.8,84.55,0.5378464184570313,1,79
2026-05-02,US11135F1012,AVGO,2026-05-29,call,345.0,72.14,77.05,79.8,0.5245408874511719,30,60
2026-05-02,US11135F1012,AVGO,2026-05-29,call,350.0,75.75,72.35,75.7,0.528447098388672,5,333
2026-05-02,US11135F1012,AVGO,2026-05-29,call,355.0,70.8,67.8,70.5,0.5041553491210937,3,139
2026-05-02,US11135F1012,AVGO,2026-05-29,call,360.0,66.18,63.15,66.75,0.5097705273437501,3,268
2026-05-02,US11135F1012,AVGO,2026-05-29,call,365.0,48.79,58.75,61.65,0.5434615966796876,1,206
2026-05-02,US11135F1012,AVGO,2026-05-29,call,370.0,56.69,54.4,57.55,0.5396774548339844,8,87
2026-05-02,US11135F1012,AVGO,2026-05-29,call,375.0,51.45,50.35,52.9,0.5150194982910157,2,292
2026-05-02,US11135F1012,AVGO,2026-05-29,call,380.0,48.18,46.0,48.75,0.5042774182128906,4,138
2026-05-02,US11135F1012,AVGO,2026-05-29,call,385.0,42.83,41.95,45.15,0.5060474200439453,3,162
2026-05-02,US11135F1012,AVGO,2026-05-29,call,390.0,39.28,38.65,40.55,0.47723911437988287,29,168
2026-05-02,US11135F1012,AVGO,2026-05-29,call,395.0,37.23,35.05,37.25,0.4798025653076171,24,258
2026-05-02,US11135F1012,AVGO,2026-05-29,call,400.0,32.96,31.0,33.55,0.4683891052246094,145,474
2026-05-02,US11135F1012,AVGO,2026-05-29,call,405.0,29.6,28.6,30.25,0.46295703063964844,24,207
2026-05-02,US11135F1012,AVGO,2026-05-29,call,410.0,27.7,26.15,26.85,0.4515130532836914,48,369
2026-05-02,US11135F1012,AVGO,2026-05-29,call,415.0,23.08,22.8,23.95,0.44739322143554683,46,398
2026-05-02,US11135F1012,AVGO,2026-05-29,call,420.0,20.81,20.5,21.25,0.4435480450439453,156,1317
2026-05-02,US11135F1012,AVGO,2026-05-29,call,425.0,17.95,18.0,18.7,0.43884838500976564,35,668
2026-05-02,US11135F1012,AVGO,2026-05-29,call,430.0,15.75,15.7,16.4,0.4353694158935547,296,313
2026-05-02,US11135F1012,AVGO,2026-05-29,call,435.0,13.86,13.1,14.35,0.4332332067871094,6,362
2026-05-02,US11135F1012,AVGO,2026-05-29,call,440.0,11.95,11.7,12.6,0.4336909658813477,25,256
2026-05-02,US11135F1012,AVGO,2026-05-29,call,445.0,10.85,9.6,10.9,0.4313411358642578,60,191
2026-05-02,US11135F1012,AVGO,2026-05-29,call,450.0,9.3,8.2,9.5,0.43207355041503903,99,428
2026-05-02,US11135F1012,AVGO,2026-05-29,call,455.0,8.04,7.2,7.9,0.42383388671875,2,240
2026-05-02,US11135F1012,AVGO,2026-05-29,call,460.0,6.75,6.1,6.7,0.4215756085205078,43,241
2026-05-02,US11135F1012,AVGO,2026-05-29,call,465.0,5.9,4.75,5.7,0.42090422851562503,55,107
2026-05-02,US11135F1012,AVGO,2026-05-29,call,470.0,4.65,4.3,4.85,0.42102629760742194,32,189
2026-05-02,US11135F1012,AVGO,2026-05-29,call,475.0,3.97,3.4,4.1,0.4208431939697266,23,210
2026-05-02,US11135F1012,AVGO,2026-05-29,call,480.0,3.33,2.78,3.7,0.4298763067626954,139,3460
2026-05-02,US11135F1012,AVGO,2026-05-29,call,485.0,2.61,2.37,3.15,0.4309749285888672,41,96
2026-05-02,US11135F1012,AVGO,2026-05-29,call,490.0,2.47,1.99,2.71,0.4335994140625,61,150
2026-05-02,US11135F1012,AVGO,2026-05-29,call,495.0,2.1,1.57,2.07,0.4233456103515625,18,245
2026-05-02,US11135F1012,AVGO,2026-05-29,call,500.0,1.64,1.38,1.76,0.4255428540039063,310,674
2026-05-02,US11135F1012,AVGO,2026-05-29,call,510.0,1.1,0.86,1.32,0.4337214831542969,52,125
2026-05-02,US11135F1012,AVGO,2026-05-29,call,520.0,0.87,0.52,0.93,0.4361628649902344,11,168
2026-05-02,US11135F1012,AVGO,2026-05-29,call,530.0,0.6,0.37,0.8,0.4545952978515625,2,130
2026-05-02,US11135F1012,AVGO,2026-05-29,call,540.0,0.46,0.11,0.47,0.44360907958984375,4,154
2026-05-02,US11135F1012,AVGO,2026-05-29,call,550.0,0.25,0.06,0.5,0.47510290527343746,12,40
2026-05-02,US11135F1012,AVGO,2026-05-29,put,180.0,0.2,0.0,0.69,1.32422212890625,3,11
2026-05-02,US11135F1012,AVGO,2026-05-29,put,185.0,0.2,0.0,0.65,1.2744176904296873,2,9
2026-05-02,US11135F1012,AVGO,2026-05-29,put,190.0,0.2,0.0,0.6,1.2236366943359376,3,5
2026-05-02,US11135F1012,AVGO,2026-05-29,put,195.0,0.8,0.0,0.54,1.1709025830078126,,10
2026-05-02,US11135F1012,AVGO,2026-05-29,put,200.0,0.26,0.01,0.49,1.125004375,1,15
2026-05-02,US11135F1012,AVGO,2026-05-29,put,205.0,0.16,0.0,0.77,1.15234798828125,54,24
2026-05-02,US11135F1012,AVGO,2026-05-29,put,210.0,0.24,0.0,0.36,1.015629921875,1,8
2026-05-02,US11135F1012,AVGO,2026-05-29,put,215.0,0.15,0.0,0.65,1.05859845703125,3,17
2026-05-02,US11135F1012,AVGO,2026-05-29,put,220.0,0.22,0.0,0.38,0.9589847851562499,2,7
2026-05-02,US11135F1012,AVGO,2026-05-29,put,225.0,0.22,0.01,0.39,0.9335944140625,4,8
2026-05-02,US11135F1012,AVGO,2026-05-29,put,230.0,0.13,0.01,0.4,0.9062509375,6,22
2026-05-02,US11135F1012,AVGO,2026-05-29,put,235.0,0.34,0.01,0.47,0.8945323046874999,1,57
2026-05-02,US11135F1012,AVGO,2026-05-29,put,240.0,0.14,0.03,0.26,0.81445498046875,1,111
2026-05-02,US11135F1012,AVGO,2026-05-29,put,245.0,0.31,0.01,0.43,0.8271501660156249,1,90
2026-05-02,US11135F1012,AVGO,2026-05-29,put,250.0,0.17,0.02,0.74,0.858399853515625,5,53
2026-05-02,US11135F1012,AVGO,2026-05-29,put,255.0,0.31,0.01,0.76,0.8305681005859374,2,15
2026-05-02,US11135F1012,AVGO,2026-05-29,put,260.0,0.21,0.02,0.4,0.7402369726562499,1,29
2026-05-02,US11135F1012,AVGO,2026-05-29,put,265.0,0.26,0.02,0.5,0.7334011035156249,1,99
2026-05-02,US11135F1012,AVGO,2026-05-29,put,270.0,0.4,0.06,0.55,0.7216824707031251,1,566
2026-05-02,US11135F1012,AVGO,2026-05-29,put,275.0,0.4,0.18,0.74,0.7368190380859375,1,42
2026-05-02,US11135F1012,AVGO,2026-05-29,put,280.0,0.45,0.13,0.75,0.7045927978515626,15,122
2026-05-02,US11135F1012,AVGO,2026-05-29,put,285.0,0.42,0.28,0.62,0.6796907031250001,1,132
2026-05-02,US11135F1012,AVGO,2026-05-29,put,290.0,0.46,0.23,0.63,0.6489292919921875,2,40
2026-05-02,US11135F1012,AVGO,2026-05-29,put,295.0,0.46,0.38,0.61,0.6362341064453125,17,45
2026-05-02,US11135F1012,AVGO,2026-05-29,put,300.0,0.52,0.45,0.73,0.6272009936523439,43,402
2026-05-02,US11135F1012,AVGO,2026-05-29,put,305.0,0.54,0.4,0.76,0.5991251025390626,107,139
2026-05-02,US11135F1012,AVGO,2026-05-29,put,310.0,0.76,0.58,0.86,0.5942423388671876,1,95
2026-05-02,US11135F1012,AVGO,2026-05-29,put,315.0,0.75,0.69,0.9,0.5776409423828125,15,87
2026-05-02,US11135F1012,AVGO,2026-05-29,put,320.0,0.9,0.69,0.95,0.5542036767578126,19,184
2026-05-02,US11135F1012,AVGO,2026-05-29,put,325.0,1.01,0.81,1.08,0.5419967675781252,7,112
2026-05-02,US11135F1012,AVGO,2026-05-29,put,330.0,1.16,0.98,1.35,0.5371140039062501,227,215
2026-05-02,US11135F1012,AVGO,2026-05-29,put,335.0,1.31,1.16,1.56,0.5266160620117188,129,262
2026-05-02,US11135F1012,AVGO,2026-05-29,put,340.0,1.45,1.36,1.71,0.5124560473632812,27,231
2026-05-02,US11135F1012,AVGO,2026-05-29,put,345.0,1.75,1.58,1.93,0.5112353564453125,29,383
2026-05-02,US11135F1012,AVGO,2026-05-29,put,350.0,2.05,1.93,2.33,0.5059863854980469,90,786
2026-05-02,US11135F1012,AVGO,2026-05-29,put,355.0,2.48,2.18,2.55,0.4880422290039063,126,489
2026-05-02,US11135F1012,AVGO,2026-05-29,put,360.0,2.85,2.56,3.15,0.4866994689941406,297,399
2026-05-02,US11135F1012,AVGO,2026-05-29,put,365.0,3.27,3.15,3.7,0.478948081665039,191,281
2026-05-02,US11135F1012,AVGO,2026-05-29,put,370.0,3.7,3.65,4.35,0.47192910888671874,177,624
2026-05-02,US11135F1012,AVGO,2026-05-29,put,375.0,4.3,4.4,5.1,0.46497117065429694,1974,769
2026-05-02,US11135F1012,AVGO,2026-05-29,put,380.0,5.65,5.35,5.85,0.45465633239746095,157,826
2026-05-02,US11135F1012,AVGO,2026-05-29,put,385.0,6.5,6.15,6.75,0.4458063232421875,95,583
2026-05-02,US11135F1012,AVGO,2026-05-29,put,390.0,7.5,7.45,8.05,0.4445245977783203,71,140
2026-05-02,US11135F1012,AVGO,2026-05-29,put,395.0,8.89,8.5,9.3,0.4376276940917969,50,210
2026-05-02,US11135F1012,AVGO,2026-05-29,put,400.0,10.6,10.05,11.0,0.43793286682128907,78,885
2026-05-02,US11135F1012,AVGO,2026-05-29,put,405.0,11.84,11.75,12.55,0.430242514038086,12,88
2026-05-02,US11135F1012,AVGO,2026-05-29,put,410.0,13.8,13.75,14.5,0.4276485458374024,332,142
2026-05-02,US11135F1012,AVGO,2026-05-29,put,415.0,16.98,15.8,16.6,0.42407802490234375,10,102
2026-05-02,US11135F1012,AVGO,2026-05-29,put,420.0,18.35,18.15,19.4,0.4313106185913086,25,279
2026-05-02,US11135F1012,AVGO,2026-05-29,put,425.0,20.97,19.7,21.1,0.4105283557128906,46,44
2026-05-02,US11135F1012,AVGO,2026-05-29,put,430.0,39.0,23.35,24.1,0.4133969793701171,1,32
2026-05-02,US11135F1012,AVGO,2026-05-29,put,435.0,25.9,26.15,27.05,0.41089456298828125,5,6
2026-05-02,US11135F1012,AVGO,2026-05-29,put,440.0,32.59,28.75,31.4,0.43555251953125,8,9
2026-05-02,US11135F1012,AVGO,2026-05-29,put,450.0,47.45,35.55,38.2,0.43164630859375,1,21
2026-05-02,US11135F1012,AVGO,2026-05-29,put,465.0,66.93,47.15,49.85,0.4334773449707031,3,6
2026-05-02,US11135F1012,AVGO,2026-05-29,put,480.0,70.12,60.2,63.1,0.4542290905761719,,10
2026-05-02,US11135F1012,AVGO,2026-05-29,put,500.0,100.1,78.0,81.55,0.47961946166992186,1,2
2026-05-02,US11135F1012,AVGO,2026-06-05,call,320.0,104.01,102.3,105.1,0.6210975390625001,2,5
2026-05-02,US11135F1012,AVGO,2026-06-05,call,330.0,94.55,92.9,96.4,0.6160927062988282,2,55
2026-05-02,US11135F1012,AVGO,2026-06-05,call,335.0,90.16,88.25,91.05,0.586918193359375,1,2
2026-05-02,US11135F1012,AVGO,2026-06-05,call,345.0,79.91,79.1,82.0,0.5676923114013672,1,25
2026-05-02,US11135F1012,AVGO,2026-06-05,call,350.0,73.12,74.55,77.9,0.563602996826172,15,197
2026-05-02,US11135F1012,AVGO,2026-06-05,call,355.0,71.58,70.25,73.85,0.5618940295410157,8,4
2026-05-02,US11135F1012,AVGO,2026-06-05,call,360.0,68.0,65.9,70.0,0.5593916131591796,2,32
2026-05-02,US11135F1012,AVGO,2026-06-05,call,365.0,65.0,61.75,65.55,0.547978153076172,60,18
2026-05-02,US11135F1012,AVGO,2026-06-05,call,370.0,60.57,57.7,61.45,0.5409591802978517,10,30
2026-05-02,US11135F1012,AVGO,2026-06-05,call,375.0,56.19,53.75,57.3,0.5321396884155273,11,6
2026-05-02,US11135F1012,AVGO,2026-06-05,call,380.0,52.0,50.6,52.9,0.5278367529296876,19,26
2026-05-02,US11135F1012,AVGO,2026-06-05,call,385.0,47.8,46.3,49.85,0.5230760583496092,1,67
2026-05-02,US11135F1012,AVGO,2026-06-05,call,390.0,45.43,42.7,45.85,0.5127612200927734,21,128
2026-05-02,US11135F1012,AVGO,2026-06-05,call,395.0,42.22,39.4,42.15,0.5065967309570312,5,86
2026-05-02,US11135F1012,AVGO,2026-06-05,call,400.0,38.74,36.3,39.0,0.5055286264038085,36,153
2026-05-02,US11135F1012,AVGO,2026-06-05,call,405.0,35.85,33.1,35.85,0.50040172454834,180,64
2026-05-02,US11135F1012,AVGO,2026-06-05,call,410.0,31.78,30.15,32.55,0.5172167419433593,36,184
2026-05-02,US11135F1012,AVGO,2026-06-05,call,415.0,29.51,28.3,30.45,0.5060474200439453,29,68
2026-05-02,US11135F1012,AVGO,2026-06-05,call,420.0,27.5,25.3,27.9,0.5250291638183593,160,254
2026-05-02,US11135F1012,AVGO,2026-06-05,call,425.0,24.7,23.1,25.05,0.514531221923828,47,74
2026-05-02,US11135F1012,AVGO,2026-06-05,call,430.0,22.8,20.3,22.8,0.5127917373657226,617,78
2026-05-02,US11135F1012,AVGO,2026-06-05,call,435.0,20.65,18.25,20.8,0.5130969100952149,170,41
2026-05-02,US11135F1012,AVGO,2026-06-05,call,440.0,18.45,16.65,18.9,0.5126696682739257,156,84
2026-05-02,US11135F1012,AVGO,2026-06-05,call,445.0,16.8,15.4,17.5,0.5195055374145507,3,57
2026-05-02,US11135F1012,AVGO,2026-06-05,call,450.0,15.0,13.9,15.85,0.5189257092285156,92,216
2026-05-02,US11135F1012,AVGO,2026-06-05,call,455.0,13.71,12.0,13.7,0.5053455227661132,13,67
2026-05-02,US11135F1012,AVGO,2026-06-05,call,460.0,12.31,11.1,12.75,0.5142260491943358,75,191
2026-05-02,US11135F1012,AVGO,2026-06-05,call,465.0,10.85,9.45,11.5,0.514531221923828,282,46
2026-05-02,US11135F1012,AVGO,2026-06-05,call,470.0,9.5,8.65,9.9,0.5043384527587891,44,204
2026-05-02,US11135F1012,AVGO,2026-06-05,call,475.0,8.65,7.7,8.8,0.5028736236572267,42,60
2026-05-02,US11135F1012,AVGO,2026-06-05,call,480.0,8.0,6.55,7.95,0.5053150054931641,68,83
2026-05-02,US11135F1012,AVGO,2026-06-05,call,485.0,6.48,6.0,7.05,0.5042774182128906,9,26
2026-05-02,US11135F1012,AVGO,2026-06-05,call,490.0,6.15,5.55,6.45,0.5093432855224609,35,98
2026-05-02,US11135F1012,AVGO,2026-06-05,call,495.0,5.3,4.4,5.6,0.5051929364013672,19,51
2026-05-02,US11135F1012,AVGO,2026-06-05,call,500.0,4.7,4.4,5.1,0.5095263891601562,355,156
2026-05-02,US11135F1012,AVGO,2026-06-05,call,520.0,2.65,2.48,3.2,0.5129443237304687,16,84
2026-05-02,US11135F1012,AVGO,2026-06-05,call,550.0,1.35,1.2,1.6,0.5080615600585938,56,26
2026-05-02,US11135F1012,AVGO,2026-06-05,put,260.0,0.5,0.35,0.63,0.7421900781249999,261,32
2026-05-02,US11135F1012,AVGO,2026-06-05,put,270.0,0.62,0.34,0.94,0.7194852270507812,30,533
2026-05-02,US11135F1012,AVGO,2026-06-05,put,275.0,0.84,0.54,0.86,0.7033721069335939,18,136
2026-05-02,US11135F1012,AVGO,2026-06-05,put,280.0,1.04,0.32,0.85,0.65820654296875,58,48
2026-05-02,US11135F1012,AVGO,2026-06-05,put,285.0,1.15,0.54,0.9,0.6547886083984377,34,133
2026-05-02,US11135F1012,AVGO,2026-06-05,put,295.0,1.1,0.67,1.26,0.6359899682617188,1,78
2026-05-02,US11135F1012,AVGO,2026-06-05,put,300.0,1.27,0.95,1.39,0.6325720336914062,12,79
2026-05-02,US11135F1012,AVGO,2026-06-05,put,315.0,1.85,1.2,1.94,0.5897257824707032,14,18
2026-05-02,US11135F1012,AVGO,2026-06-05,put,320.0,2.06,1.62,2.0,0.5810588769531251,10,68
2026-05-02,US11135F1012,AVGO,2026-06-05,put,325.0,2.36,1.82,2.33,0.5720257641601563,8,86
2026-05-02,US11135F1012,AVGO,2026-06-05,put,330.0,2.51,2.21,2.65,0.5662885168457032,1,67
2026-05-02,US11135F1012,AVGO,2026-06-05,put,340.0,3.25,3.0,3.5,0.5526167785644531,25,106
2026-05-02,US11135F1012,AVGO,2026-06-05,put,345.0,3.7,3.15,4.15,0.5418746984863283,28,78
2026-05-02,US11135F1012,AVGO,2026-06-05,put,350.0,4.3,4.0,4.6,0.5391281439208986,76,185
2026-05-02,US11135F1012,AVGO,2026-06-05,put,355.0,5.05,4.55,5.4,0.5342453802490235,9,107
2026-05-02,US11135F1012,AVGO,2026-06-05,put,360.0,5.37,4.9,6.0,0.5199022619628906,24,403
2026-05-02,US11135F1012,AVGO,2026-06-05,put,365.0,6.1,5.8,6.85,0.5164843273925781,48,93
2026-05-02,US11135F1012,AVGO,2026-06-05,put,370.0,7.47,6.95,8.0,0.5180101910400392,190,126
2026-05-02,US11135F1012,AVGO,2026-06-05,put,375.0,8.3,7.8,9.0,0.5098315618896485,49,49
2026-05-02,US11135F1012,AVGO,2026-06-05,put,380.0,9.1,8.7,10.0,0.5162401892089843,31,90
2026-05-02,US11135F1012,AVGO,2026-06-05,put,385.0,10.5,10.35,11.85,0.5067493173217773,17,214
2026-05-02,US11135F1012,AVGO,2026-06-05,put,390.0,11.93,11.6,13.35,0.501103621826172,17,675
2026-05-02,US11135F1012,AVGO,2026-06-05,put,395.0,13.44,12.65,15.0,0.51758294921875,39,213
2026-05-02,US11135F1012,AVGO,2026-06-05,put,400.0,15.0,14.7,16.35,0.5051929364013672,23,36
2026-05-02,US11135F1012,AVGO,2026-06-05,put,405.0,17.12,16.15,18.75,0.5117236328125,49,81
2026-05-02,US11135F1012,AVGO,2026-06-05,put,410.0,20.18,18.95,20.75,0.5069629382324219,25,56
2026-05-02,US11135F1012,AVGO,2026-06-05,put,415.0,21.26,20.7,23.2,0.5081836291503907,44,101
2026-05-02,US11135F1012,AVGO,2026-06-05,put,420.0,24.32,23.35,26.0,0.5131274273681641,58,206
2026-05-02,US11135F1012,AVGO,2026-06-05,put,425.0,27.5,25.55,28.75,0.5142260491943358,16,48
2026-05-02,US11135F1012,AVGO,2026-06-05,put,430.0,29.5,28.6,31.55,0.5134326000976561,14,42
2026-05-02,US11135F1012,AVGO,2026-06-05,put,435.0,39.65,31.05,33.75,0.49826551544189457,2,21
2026-05-02,US11135F1012,AVGO,2026-06-05,put,440.0,42.26,34.55,37.25,0.5054981091308592,6,6
2026-05-02,US11135F1012,AVGO,2026-06-05,put,470.0,64.25,55.15,58.75,0.5074512145996093,2,1
2026-05-02,US11135F1012,AVGO,2026-06-05,put,475.0,67.68,58.75,62.8,0.5098010446166993,3,4
2026-05-02,US11135F1012,AVGO,2026-06-05,put,480.0,72.4,63.3,66.8,0.5087329400634766,2,1
2026-05-02,US11135F1012,AVGO,2026-06-05,put,510.0,98.9,89.6,93.0,0.5197191583251952,2,1
2026-05-02,US11135F1012,AVGO,2026-06-05,put,520.0,102.95,98.7,102.25,0.5266160620117188,22,11
2026-05-02,US11135F1012,AVGO,2026-06-05,put,530.0,119.1,108.3,111.7,0.5363815893554689,14,7
2026-05-02,US11135F1012,AVGO,2026-06-05,put,540.0,128.0,118.5,121.3,0.5485884985351563,8,4
2026-05-02,US11135F1012,AVGO,2026-06-05,put,550.0,136.2,127.55,131.05,0.5652509295654298,4,2
2026-05-02,US11135F1012,AVGO,2026-06-18,call,70.0,334.05,349.55,353.0,2.6250034375,1,51
2026-05-02,US11135F1012,AVGO,2026-06-18,call,75.0,296.5,344.65,348.15,1.7695324023437498,9,11
2026-05-02,US11135F1012,AVGO,2026-06-18,call,80.0,262.23,262.5,264.95,1.0000000000000003e-05,7,18
2026-05-02,US11135F1012,AVGO,2026-06-18,call,85.0,287.15,334.75,338.5,1.8496101269531249,4,22
2026-05-02,US11135F1012,AVGO,2026-06-18,call,90.0,247.65,240.5,244.05,1.0000000000000003e-05,9,437
2026-05-02,US11135F1012,AVGO,2026-06-18,call,95.0,217.88,310.1,314.05,1.0000000000000003e-05,2,73
2026-05-02,US11135F1012,AVGO,2026-06-18,call,100.0,320.35,319.7,323.25,1.5566428417968747,1,172
2026-05-02,US11135F1012,AVGO,2026-06-18,call,105.0,266.6,314.7,318.6,1.625001875,67,75
2026-05-02,US11135F1012,AVGO,2026-06-18,call,110.0,287.94,309.8,313.6,1.5976582617187498,8,44
2026-05-02,US11135F1012,AVGO,2026-06-18,call,115.0,199.1,290.55,294.2,1.0000000000000003e-05,9,46
2026-05-02,US11135F1012,AVGO,2026-06-18,call,120.0,227.0,299.85,303.25,1.4179716601562502,2,71
2026-05-02,US11135F1012,AVGO,2026-06-18,call,125.0,291.76,294.85,298.9,1.5205102099609373,1,57
2026-05-02,US11135F1012,AVGO,2026-06-18,call,130.0,241.8,289.85,293.65,1.4267606787109375,31,127
2026-05-02,US11135F1012,AVGO,2026-06-18,call,135.0,179.55,270.5,274.4,1.0000000000000003e-05,2,27
2026-05-02,US11135F1012,AVGO,2026-06-18,call,140.0,276.66,279.95,283.55,1.3418001660156247,1,93
2026-05-02,US11135F1012,AVGO,2026-06-18,call,145.0,253.6,275.0,278.4,1.2817418725585936,1,33
2026-05-02,US11135F1012,AVGO,2026-06-18,call,150.0,267.48,270.0,273.95,1.3325228686523434,10,263
2026-05-02,US11135F1012,AVGO,2026-06-18,call,155.0,226.93,265.0,268.85,1.2793004785156248,10,43
2026-05-02,US11135F1012,AVGO,2026-06-18,call,160.0,268.59,260.15,263.0,1.1181684716796876,1,217
2026-05-02,US11135F1012,AVGO,2026-06-18,call,165.0,230.25,255.15,258.75,1.2109414453124998,1,36
2026-05-02,US11135F1012,AVGO,2026-06-18,call,170.0,235.76,250.3,253.6,1.175297092285156,8,685
2026-05-02,US11135F1012,AVGO,2026-06-18,call,175.0,248.23,245.35,248.8,1.169926025390625,5,471
2026-05-02,US11135F1012,AVGO,2026-06-18,call,180.0,221.01,240.2,243.95,1.1352582299804688,1,343
2026-05-02,US11135F1012,AVGO,2026-06-18,call,185.0,209.38,235.25,238.7,1.0795944458007813,1,145
2026-05-02,US11135F1012,AVGO,2026-06-18,call,190.0,238.93,230.45,234.0,1.098149040527344,2,503
2026-05-02,US11135F1012,AVGO,2026-06-18,call,195.0,204.97,225.4,228.8,1.0419969775390627,10,186
2026-05-02,US11135F1012,AVGO,2026-06-18,call,200.0,222.3,220.4,223.5,0.9804689453125001,7,1830
2026-05-02,US11135F1012,AVGO,2026-06-18,call,210.0,210.74,210.65,213.85,0.9765627343750001,1,3057
2026-05-02,US11135F1012,AVGO,2026-06-18,call,220.0,178.26,200.75,204.4,0.9636234106445312,1,1383
2026-05-02,US11135F1012,AVGO,2026-06-18,call,230.0,191.95,190.75,194.45,0.9082040429687499,1,438
2026-05-02,US11135F1012,AVGO,2026-06-18,call,240.0,174.25,180.9,184.25,0.8491226025390625,1,575
2026-05-02,US11135F1012,AVGO,2026-06-18,call,250.0,171.5,171.25,174.05,0.8032246240234374,11,1878
2026-05-02,US11135F1012,AVGO,2026-06-18,call,260.0,162.65,161.3,165.0,0.79687703125,1,1142
2026-05-02,US11135F1012,AVGO,2026-06-18,call,270.0,152.4,151.7,154.35,0.7334011035156249,5,1920
2026-05-02,US11135F1012,AVGO,2026-06-18,call,280.0,144.55,141.85,145.0,0.7124052197265626,28,871
2026-05-02,US11135F1012,AVGO,2026-06-18,call,290.0,133.11,132.15,135.4,0.6837189831542969,3,1187
2026-05-02,US11135F1012,AVGO,2026-06-18,call,300.0,124.0,122.6,125.85,0.6579624047851562,5,4960
2026-05-02,US11135F1012,AVGO,2026-06-18,call,310.0,116.2,113.25,116.45,0.6370885900878906,1,1545
2026-05-02,US11135F1012,AVGO,2026-06-18,call,320.0,106.75,104.0,106.5,0.6023599334716798,45,3158
2026-05-02,US11135F1012,AVGO,2026-06-18,call,330.0,98.58,94.85,97.3,0.5816692224121094,38,5109
2026-05-02,US11135F1012,AVGO,2026-06-18,call,340.0,87.0,85.95,88.25,0.5625654095458985,49,3950
2026-05-02,US11135F1012,AVGO,2026-06-18,call,350.0,79.0,78.15,79.85,0.5625043750000001,52,3705
2026-05-02,US11135F1012,AVGO,2026-06-18,call,360.0,70.4,68.75,72.1,0.5410812493896486,53,7896
2026-05-02,US11135F1012,AVGO,2026-06-18,call,370.0,61.65,61.4,63.9,0.5320481365966796,109,6092
2026-05-02,US11135F1012,AVGO,2026-06-18,call,380.0,55.93,54.15,56.8,0.5272874420166016,64,6105
2026-05-02,US11135F1012,AVGO,2026-06-18,call,390.0,48.9,46.8,49.15,0.5079394909667969,21,6386
2026-05-02,US11135F1012,AVGO,2026-06-18,call,400.0,41.75,41.1,43.3,0.5122119091796875,213,9407
2026-05-02,US11135F1012,AVGO,2026-06-18,call,410.0,36.37,35.15,36.9,0.5003712072753908,201,5384
2026-05-02,US11135F1012,AVGO,2026-06-18,call,420.0,31.15,30.9,31.4,0.5019275881958009,256,6284
2026-05-02,US11135F1012,AVGO,2026-06-18,call,430.0,26.59,26.15,26.8,0.5035450036621094,224,3961
2026-05-02,US11135F1012,AVGO,2026-06-18,call,440.0,22.1,22.1,22.65,0.5002186209106446,413,5990
2026-05-02,US11135F1012,AVGO,2026-06-18,call,450.0,19.0,18.35,19.0,0.497197410888672,857,4212
2026-05-02,US11135F1012,AVGO,2026-06-18,call,460.0,15.96,14.95,16.3,0.5029956927490236,456,2613
2026-05-02,US11135F1012,AVGO,2026-06-18,call,470.0,13.15,12.65,13.15,0.49341326904296884,183,5440
2026-05-02,US11135F1012,AVGO,2026-06-18,call,480.0,10.7,10.05,10.95,0.49414568359375005,53,4331
2026-05-02,US11135F1012,AVGO,2026-06-18,call,490.0,8.9,8.2,9.1,0.4954274090576172,55,3269
2026-05-02,US11135F1012,AVGO,2026-06-18,call,500.0,7.15,6.8,7.35,0.4922536126708985,257,9288
2026-05-02,US11135F1012,AVGO,2026-06-18,call,510.0,5.7,5.5,5.95,0.4909108526611329,94,2067
2026-05-02,US11135F1012,AVGO,2026-06-18,call,520.0,4.85,4.3,5.0,0.4959156854248047,34,959
2026-05-02,US11135F1012,AVGO,2026-06-18,call,530.0,4.1,3.35,4.0,0.49408464904785165,25,1484
2026-05-02,US11135F1012,AVGO,2026-06-18,call,540.0,3.3,2.85,3.2,0.49310809631347663,34,1156
2026-05-02,US11135F1012,AVGO,2026-06-18,call,550.0,2.69,2.24,2.68,0.4979298254394532,155,59
2026-05-02,US11135F1012,AVGO,2026-06-18,call,560.0,2.13,1.81,2.2,0.5004932763671875,13,1015
2026-05-02,US11135F1012,AVGO,2026-06-18,call,570.0,1.43,1.38,1.82,0.5037891418457032,5,415
2026-05-02,US11135F1012,AVGO,2026-06-18,call,580.0,1.38,1.11,1.44,0.5026905200195313,75,445
2026-05-02,US11135F1012,AVGO,2026-06-18,call,590.0,1.08,0.84,1.17,0.5045215563964844,21,237
2026-05-02,US11135F1012,AVGO,2026-06-18,call,600.0,1.01,0.69,1.0,0.5106250109863282,53,2744
2026-05-02,US11135F1012,AVGO,2026-06-18,call,610.0,0.68,0.6,0.78,0.5090381127929688,174,131
2026-05-02,US11135F1012,AVGO,2026-06-18,put,70.0,0.15,0.01,0.5,1.9990234423828124,188,596
2026-05-02,US11135F1012,AVGO,2026-06-18,put,75.0,0.15,0.01,0.49,1.9179691601562503,125,175
2026-05-02,US11135F1012,AVGO,2026-06-18,put,80.0,0.01,0.01,0.51,1.85546947265625,95,332
2026-05-02,US11135F1012,AVGO,2026-06-18,put,85.0,0.04,0.0,1.01,1.9433596582031252,2,283
2026-05-02,US11135F1012,AVGO,2026-06-18,put,90.0,0.02,0.0,1.01,1.875000625,13,296
2026-05-02,US11135F1012,AVGO,2026-06-18,put,95.0,0.02,0.01,0.99,1.8085947070312498,87,272
2026-05-02,US11135F1012,AVGO,2026-06-18,put,100.0,0.04,0.0,0.23,1.47265888671875,5,255
2026-05-02,US11135F1012,AVGO,2026-06-18,put,105.0,0.05,0.0,0.94,1.67578287109375,4,20
2026-05-02,US11135F1012,AVGO,2026-06-18,put,110.0,0.05,0.0,0.91,1.615236298828125,1,620
2026-05-02,US11135F1012,AVGO,2026-06-18,put,115.0,0.12,0.0,0.1,1.23047259765625,10,101
2026-05-02,US11135F1012,AVGO,2026-06-18,put,120.0,0.05,0.0,0.05,1.12109814453125,12,947
2026-05-02,US11135F1012,AVGO,2026-06-18,put,125.0,0.06,0.0,0.76,1.43359658203125,3,2725
2026-05-02,US11135F1012,AVGO,2026-06-18,put,130.0,0.04,0.0,0.26,1.2265663671875,1,691
2026-05-02,US11135F1012,AVGO,2026-06-18,put,135.0,0.05,0.0,0.08,1.0625046875000002,2,465
2026-05-02,US11135F1012,AVGO,2026-06-18,put,140.0,0.07,0.0,0.28,1.162113564453125,2,1582
2026-05-02,US11135F1012,AVGO,2026-06-18,put,145.0,0.08,0.03,0.12,1.056645341796875,1,1314
2026-05-02,US11135F1012,AVGO,2026-06-18,put,150.0,0.22,0.04,0.35,1.1328168359375002,1,559
2026-05-02,US11135F1012,AVGO,2026-06-18,put,155.0,0.15,0.03,0.29,1.0742233789062503,623,583
2026-05-02,US11135F1012,AVGO,2026-06-18,put,160.0,0.09,0.04,0.15,0.9863282617187501,610,1604
2026-05-02,US11135F1012,AVGO,2026-06-18,put,165.0,0.18,0.01,0.31,1.0107471337890623,5,2497
2026-05-02,US11135F1012,AVGO,2026-06-18,put,170.0,0.13,0.04,0.19,0.946289599609375,3,1940
2026-05-02,US11135F1012,AVGO,2026-06-18,put,175.0,0.18,0.01,0.3,0.94726615234375,125,3472
2026-05-02,US11135F1012,AVGO,2026-06-18,put,180.0,0.16,0.11,0.2,0.918946123046875,4,5154
2026-05-02,US11135F1012,AVGO,2026-06-18,put,185.0,0.22,0.05,0.37,0.922852333984375,16,754
2026-05-02,US11135F1012,AVGO,2026-06-18,put,190.0,0.19,0.09,0.26,0.875977802734375,15,1349
2026-05-02,US11135F1012,AVGO,2026-06-18,put,195.0,0.21,0.12,0.27,0.860352958984375,2,938
2026-05-02,US11135F1012,AVGO,2026-06-18,put,200.0,0.27,0.12,0.41,0.8652357226562499,4,3961
2026-05-02,US11135F1012,AVGO,2026-06-18,put,210.0,0.28,0.19,0.49,0.8388687988281249,4,1890
2026-05-02,US11135F1012,AVGO,2026-06-18,put,220.0,0.34,0.23,0.45,0.7875997802734375,4,13670
2026-05-02,US11135F1012,AVGO,2026-06-18,put,230.0,0.46,0.4,0.55,0.7729514892578125,20,5058
2026-05-02,US11135F1012,AVGO,2026-06-18,put,240.0,0.53,0.5,0.73,0.75195560546875,8,7041
2026-05-02,US11135F1012,AVGO,2026-06-18,put,250.0,0.67,0.6,0.81,0.7180203979492188,164,6347
2026-05-02,US11135F1012,AVGO,2026-06-18,put,260.0,0.82,0.79,1.0,0.6967803759765626,1070,9535
2026-05-02,US11135F1012,AVGO,2026-06-18,put,270.0,0.99,0.93,1.06,0.6608920629882813,44,11316
2026-05-02,US11135F1012,AVGO,2026-06-18,put,280.0,1.29,1.2,1.38,0.6438023901367188,73,7732
2026-05-02,US11135F1012,AVGO,2026-06-18,put,290.0,1.54,1.49,1.72,0.6225623681640625,243,12089
2026-05-02,US11135F1012,AVGO,2026-06-18,put,300.0,1.92,1.8,1.92,0.5930216479492189,80,14404
2026-05-02,US11135F1012,AVGO,2026-06-18,put,310.0,2.39,2.32,2.49,0.57812921875,53,4223
2026-05-02,US11135F1012,AVGO,2026-06-18,put,320.0,3.0,2.9,3.1,0.5594526477050781,193,7849
2026-05-02,US11135F1012,AVGO,2026-06-18,put,330.0,3.86,3.65,3.9,0.5428512512207033,242,7535
2026-05-02,US11135F1012,AVGO,2026-06-18,put,340.0,4.79,4.7,5.0,0.5307664111328125,1220,7552
2026-05-02,US11135F1012,AVGO,2026-06-18,put,350.0,6.2,6.0,6.3,0.5181932946777343,403,4731
2026-05-02,US11135F1012,AVGO,2026-06-18,put,360.0,7.82,7.55,8.1,0.5080615600585938,175,4372
2026-05-02,US11135F1012,AVGO,2026-06-18,put,370.0,10.0,9.45,10.1,0.5037891418457032,323,2573
2026-05-02,US11135F1012,AVGO,2026-06-18,put,380.0,12.62,12.25,13.0,0.5032398309326171,367,3462
2026-05-02,US11135F1012,AVGO,2026-06-18,put,390.0,15.5,15.3,16.15,0.4978382736206055,303,1584
2026-05-02,US11135F1012,AVGO,2026-06-18,put,400.0,19.13,18.75,19.8,0.49255878540039066,117,3508
2026-05-02,US11135F1012,AVGO,2026-06-18,put,410.0,23.62,23.05,24.0,0.48788964263916024,478,1222
2026-05-02,US11135F1012,AVGO,2026-06-18,put,420.0,28.37,27.6,28.75,0.4835561898803712,378,903
2026-05-02,US11135F1012,AVGO,2026-06-18,put,430.0,33.27,32.8,34.75,0.4909718872070313,141,420
2026-05-02,US11135F1012,AVGO,2026-06-18,put,440.0,38.2,38.7,40.05,0.4783682534790039,7,629
2026-05-02,US11135F1012,AVGO,2026-06-18,put,450.0,51.44,45.1,46.5,0.4764761825561523,7,147
2026-05-02,US11135F1012,AVGO,2026-06-18,put,460.0,52.4,51.75,54.25,0.48944602355957045,3,121
2026-05-02,US11135F1012,AVGO,2026-06-18,put,470.0,59.75,59.05,61.7,0.49030050720214846,32,160
2026-05-02,US11135F1012,AVGO,2026-06-18,put,480.0,68.42,66.35,69.45,0.4898427481079103,2,42
2026-05-02,US11135F1012,AVGO,2026-06-18,put,490.0,79.72,74.5,77.55,0.4896596444702149,1,4
2026-05-02,US11135F1012,AVGO,2026-06-18,put,500.0,105.58,83.0,85.95,0.48956809265136725,2,17
2026-05-02,US11135F1012,AVGO,2026-06-18,put,510.0,114.2,91.75,94.65,0.4905446453857423,1,2
2026-05-02,US11135F1012,AVGO,2026-06-18,put,520.0,170.9,100.35,103.6,0.49255878540039066,1,0
2026-05-02,US11135F1012,AVGO,2026-06-18,put,530.0,111.0,109.95,112.6,0.49030050720214846,10,0
2026-05-02,US11135F1012,AVGO,2026-06-18,put,540.0,142.6,119.3,122.15,0.5020191400146485,5,6
2026-05-02,US11135F1012,AVGO,2026-06-18,put,560.0,139.6,138.5,141.3,0.5185595019531251,20,0
2026-05-02,US11135F1012,AVGO,2026-06-18,put,570.0,149.3,148.3,151.05,0.5306443420410156,2,0
2026-05-02,US11135F1012,AVGO,2026-06-18,put,580.0,181.85,247.55,250.65,2.2490888499450676,,0
2026-05-02,US11135F1012,AVGO,2026-06-18,put,600.0,181.99,177.3,180.8,0.5841106042480468,1,0
2026-05-02,US11135F1012,AVGO,2026-07-17,call,155.0,162.4,250.85,254.45,1.0000000000000003e-05,13,13
2026-05-02,US11135F1012,AVGO,2026-07-17,call,160.0,166.3,260.25,263.75,0.9956055126953125,8,8
2026-05-02,US11135F1012,AVGO,2026-07-17,call,165.0,150.9,0.0,0.0,1.0000000000000003e-05,,0
2026-05-02,US11135F1012,AVGO,2026-07-17,call,170.0,164.87,250.35,253.85,0.956055126953125,2,10
2026-05-02,US11135F1012,AVGO,2026-07-17,call,175.0,152.95,231.25,235.0,1.0000000000000003e-05,1,11
2026-05-02,US11135F1012,AVGO,2026-07-17,call,180.0,240.02,240.5,243.95,0.9204109521484375,17,32
2026-05-02,US11135F1012,AVGO,2026-07-17,call,185.0,185.9,235.55,239.0,0.9003916210937499,1,5
2026-05-02,US11135F1012,AVGO,2026-07-17,call,190.0,227.74,230.6,234.15,0.8876964355468748,10,37
2026-05-02,US11135F1012,AVGO,2026-07-17,call,195.0,159.35,225.65,229.6,0.8916026464843749,4,11
2026-05-02,US11135F1012,AVGO,2026-07-17,call,200.0,222.0,220.8,223.8,0.825929475097656,7,36
2026-05-02,US11135F1012,AVGO,2026-07-17,call,210.0,100.85,210.95,214.5,0.8247087841796874,2,22
2026-05-02,US11135F1012,AVGO,2026-07-17,call,220.0,182.17,201.15,204.7,0.7940694421386718,10,59
2026-05-02,US11135F1012,AVGO,2026-07-17,call,230.0,142.0,191.4,194.95,0.7664818273925782,2,49
2026-05-02,US11135F1012,AVGO,2026-07-17,call,240.0,180.38,181.7,185.35,0.7442652526855469,10,63
2026-05-02,US11135F1012,AVGO,2026-07-17,call,250.0,151.27,172.05,175.4,0.7103300451660157,9,284
2026-05-02,US11135F1012,AVGO,2026-07-17,call,260.0,142.8,162.4,165.9,0.688601746826172,2,101
2026-05-02,US11135F1012,AVGO,2026-07-17,call,270.0,150.37,152.85,156.4,0.6667513793945314,4,131
2026-05-02,US11135F1012,AVGO,2026-07-17,call,280.0,144.1,143.4,146.15,0.628482719116211,10,102
2026-05-02,US11135F1012,AVGO,2026-07-17,call,290.0,134.52,134.0,137.6,0.6245154736328126,1,150
2026-05-02,US11135F1012,AVGO,2026-07-17,call,300.0,117.55,124.7,127.3,0.5866130206298827,3,656
2026-05-02,US11135F1012,AVGO,2026-07-17,call,310.0,118.5,115.7,118.1,0.5706830041503907,2,546
2026-05-02,US11135F1012,AVGO,2026-07-17,call,320.0,109.49,106.8,109.45,0.5597273031616211,8,916
2026-05-02,US11135F1012,AVGO,2026-07-17,call,330.0,100.9,98.05,101.5,0.5540816076660158,3,1005
2026-05-02,US11135F1012,AVGO,2026-07-17,call,340.0,88.5,90.75,92.55,0.5473678076171876,1,1104
2026-05-02,US11135F1012,AVGO,2026-07-17,call,350.0,82.7,82.55,84.0,0.530400203857422,26,1162
2026-05-02,US11135F1012,AVGO,2026-07-17,call,360.0,75.95,74.85,76.45,0.5228624374389649,9,21848
2026-05-02,US11135F1012,AVGO,2026-07-17,call,370.0,69.5,67.5,69.4,0.5169420864868165,4,2006
2026-05-02,US11135F1012,AVGO,2026-07-17,call,380.0,62.0,60.85,62.8,0.5142870837402342,26,2121
2026-05-02,US11135F1012,AVGO,2026-07-17,call,390.0,56.0,53.55,55.35,0.5080310427856446,7,2204
2026-05-02,US11135F1012,AVGO,2026-07-17,call,400.0,48.57,48.45,50.3,0.5033313827514648,104,4579
2026-05-02,US11135F1012,AVGO,2026-07-17,call,410.0,42.71,42.9,44.2,0.5039417282104492,48,2744
2026-05-02,US11135F1012,AVGO,2026-07-17,call,420.0,38.3,37.7,38.7,0.4947560290527344,179,1773
2026-05-02,US11135F1012,AVGO,2026-07-17,call,430.0,33.18,33.2,33.75,0.487584469909668,137,979
2026-05-02,US11135F1012,AVGO,2026-07-17,call,440.0,29.6,29.0,29.95,0.4901174035644532,272,1604
2026-05-02,US11135F1012,AVGO,2026-07-17,call,450.0,25.25,25.25,25.8,0.4830068789672852,95,3895
2026-05-02,US11135F1012,AVGO,2026-07-17,call,460.0,22.05,21.9,22.5,0.4821523953247071,165,1051
2026-05-02,US11135F1012,AVGO,2026-07-17,call,470.0,19.95,18.7,19.45,0.479924634399414,75,852
2026-05-02,US11135F1012,AVGO,2026-07-17,call,480.0,16.2,16.35,16.9,0.4801382553100586,49,2351
2026-05-02,US11135F1012,AVGO,2026-07-17,call,490.0,14.3,13.7,14.6,0.4796804962158203,416,607
2026-05-02,US11135F1012,AVGO,2026-07-17,call,500.0,12.15,12.0,12.55,0.4788565298461914,3911,1923
2026-05-02,US11135F1012,AVGO,2026-07-17,call,510.0,10.45,10.15,10.9,0.4806265316772461,212,182
2026-05-02,US11135F1012,AVGO,2026-07-17,call,520.0,9.3,8.85,9.3,0.47949739257812496,31,511
2026-05-02,US11135F1012,AVGO,2026-07-17,call,530.0,7.78,7.5,7.95,0.4792532543945312,17,260
2026-05-02,US11135F1012,AVGO,2026-07-17,call,540.0,6.75,6.45,7.0,0.4838003280639649,6,866
2026-05-02,US11135F1012,AVGO,2026-07-17,call,550.0,5.75,5.3,5.85,0.48077911804199214,10,836
2026-05-02,US11135F1012,AVGO,2026-07-17,call,560.0,4.95,4.65,5.15,0.48517360534667964,16,463
2026-05-02,US11135F1012,AVGO,2026-07-17,call,570.0,4.2,3.95,4.45,0.4870656762695313,5,341
2026-05-02,US11135F1012,AVGO,2026-07-17,call,580.0,3.6,3.45,3.65,0.4828542926025391,43,97
2026-05-02,US11135F1012,AVGO,2026-07-17,call,590.0,3.15,2.79,3.2,0.4866384344482422,53,234
2026-05-02,US11135F1012,AVGO,2026-07-17,call,600.0,2.58,2.46,2.83,0.4910939562988281,182,3174
2026-05-02,US11135F1012,AVGO,2026-07-17,call,620.0,1.91,1.75,1.96,0.48767602172851565,95,50
2026-05-02,US11135F1012,AVGO,2026-07-17,put,155.0,0.2,0.01,0.39,0.870118486328125,1,190
2026-05-02,US11135F1012,AVGO,2026-07-17,put,160.0,0.43,0.01,0.61,0.8891612646484374,1,99
2026-05-02,US11135F1012,AVGO,2026-07-17,put,165.0,0.45,0.01,0.62,0.8642591699218749,1,134
2026-05-02,US11135F1012,AVGO,2026-07-17,put,170.0,0.3,0.15,0.44,0.8320329296874999,1,352
2026-05-02,US11135F1012,AVGO,2026-07-17,put,175.0,0.4,0.1,0.47,0.8037129003906249,25,241
2026-05-02,US11135F1012,AVGO,2026-07-17,put,180.0,0.28,0.08,0.5,0.7812521875,2,182
2026-05-02,US11135F1012,AVGO,2026-07-17,put,185.0,0.38,0.27,0.5,0.7856466748046875,1,142
2026-05-02,US11135F1012,AVGO,2026-07-17,put,190.0,0.48,0.15,0.57,0.7553735400390625,5,197
2026-05-02,US11135F1012,AVGO,2026-07-17,put,195.0,0.44,0.19,0.61,0.7426783544921874,17,322
2026-05-02,US11135F1012,AVGO,2026-07-17,put,200.0,0.46,0.4,0.63,0.7456080126953125,17,2224
2026-05-02,US11135F1012,AVGO,2026-07-17,put,210.0,0.51,0.5,0.77,0.7226590234375,1,399
2026-05-02,US11135F1012,AVGO,2026-07-17,put,220.0,0.62,0.65,0.91,0.700198310546875,9,983
2026-05-02,US11135F1012,AVGO,2026-07-17,put,230.0,0.85,0.82,1.09,0.6789582885742189,98,5292
2026-05-02,US11135F1012,AVGO,2026-07-17,put,240.0,1.14,1.03,1.29,0.6577182666015625,5,3586
2026-05-02,US11135F1012,AVGO,2026-07-17,put,250.0,1.35,1.27,1.46,0.6340368627929689,15,4191
2026-05-02,US11135F1012,AVGO,2026-07-17,put,260.0,1.56,1.53,1.74,0.6130409790039064,15,3817
2026-05-02,US11135F1012,AVGO,2026-07-17,put,270.0,1.98,1.9,2.15,0.5970499279785157,2,4755
2026-05-02,US11135F1012,AVGO,2026-07-17,put,280.0,2.37,2.22,2.63,0.5777630114746093,21,4033
2026-05-02,US11135F1012,AVGO,2026-07-17,put,290.0,3.05,2.66,3.15,0.5593305786132813,42,2236
2026-05-02,US11135F1012,AVGO,2026-07-17,put,300.0,3.52,3.45,3.85,0.5481002221679689,58,4524
2026-05-02,US11135F1012,AVGO,2026-07-17,put,310.0,4.3,4.3,4.6,0.5338181384277343,33,2159
2026-05-02,US11135F1012,AVGO,2026-07-17,put,320.0,5.4,5.2,5.6,0.5198412274169921,16,2081
2026-05-02,US11135F1012,AVGO,2026-07-17,put,330.0,6.66,6.5,6.95,0.5112353564453125,48,1509
2026-05-02,US11135F1012,AVGO,2026-07-17,put,340.0,8.13,8.0,8.6,0.5028431063842774,68,2289
2026-05-02,US11135F1012,AVGO,2026-07-17,put,350.0,10.05,9.85,10.5,0.5015003463745118,93,1495
2026-05-02,US11135F1012,AVGO,2026-07-17,put,360.0,12.1,12.0,12.6,0.4916432672119141,32,1750
2026-05-02,US11135F1012,AVGO,2026-07-17,put,370.0,14.51,14.5,15.15,0.48410550079345704,81,2304
2026-05-02,US11135F1012,AVGO,2026-07-17,put,380.0,18.09,17.55,18.2,0.4787344607543945,360,1311
2026-05-02,US11135F1012,AVGO,2026-07-17,put,390.0,20.92,20.8,21.75,0.47482824981689453,68,769
2026-05-02,US11135F1012,AVGO,2026-07-17,put,400.0,24.77,24.9,25.3,0.4650322052001954,342,1840
2026-05-02,US11135F1012,AVGO,2026-07-17,put,410.0,29.14,29.25,30.4,0.4704947970581055,171,598
2026-05-02,US11135F1012,AVGO,2026-07-17,put,420.0,34.48,34.25,35.05,0.46393358337402346,62,1536
2026-05-02,US11135F1012,AVGO,2026-07-17,put,430.0,39.07,39.35,40.35,0.46024099334716795,211,74
2026-05-02,US11135F1012,AVGO,2026-07-17,put,440.0,57.45,45.25,46.45,0.4613548738098145,2,37
2026-05-02,US11135F1012,AVGO,2026-07-17,put,450.0,55.43,51.3,52.45,0.4557854714965821,1,48
2026-05-02,US11135F1012,AVGO,2026-07-17,put,460.0,63.74,56.9,59.75,0.46237720245361336,3,42
2026-05-02,US11135F1012,AVGO,2026-07-17,put,470.0,68.0,64.9,67.15,0.4657646197509766,1,3
2026-05-02,US11135F1012,AVGO,2026-07-17,put,480.0,89.05,72.05,74.6,0.46536789520263677,10,14
2026-05-02,US11135F1012,AVGO,2026-07-17,put,490.0,100.25,79.95,82.0,0.4594475442504883,5,9
2026-05-02,US11135F1012,AVGO,2026-07-17,put,500.0,89.3,87.2,89.9,0.4565178860473633,2,3
2026-05-02,US11135F1012,AVGO,2026-07-17,put,510.0,98.95,95.3,98.5,0.461217546081543,5,5
2026-05-02,US11135F1012,AVGO,2026-07-17,put,520.0,200.15,0.0,0.0,1.0000000000000003e-05,22,0
2026-05-02,US11135F1012,AVGO,2026-07-17,put,530.0,130.04,113.1,115.9,0.46378099700927733,12,11
2026-05-02,US11135F1012,AVGO,2026-07-17,put,540.0,219.6,0.0,0.0,1.0000000000000003e-05,2,0
2026-05-02,US11135F1012,AVGO,2026-07-17,put,550.0,136.98,131.05,133.9,0.4647880670166016,1,2
2026-05-02,US11135F1012,AVGO,2026-07-17,put,560.0,158.37,140.5,143.15,0.4664970343017578,10,10
2026-05-02,US11135F1012,AVGO,2026-07-17,put,590.0,274.45,0.0,0.0,1.0000000000000003e-05,2,0
2026-05-02,US11135F1012,AVGO,2026-07-17,put,600.0,179.75,178.55,181.3,0.4820608435058594,35,0
2026-05-02,US11135F1012,AVGO,2026-08-21,call,150.0,233.18,270.8,274.6,0.9750979052734375,10,34
2026-05-02,US11135F1012,AVGO,2026-08-21,call,155.0,188.0,179.35,182.15,1.0000000000000003e-05,1,2
2026-05-02,US11135F1012,AVGO,2026-08-21,call,160.0,180.16,0.0,0.0,1.0000000000000003e-05,36,0
2026-05-02,US11135F1012,AVGO,2026-08-21,call,165.0,183.0,170.1,173.15,1.0000000000000003e-05,,16
2026-05-02,US11135F1012,AVGO,2026-08-21,call,170.0,129.45,251.2,254.6,0.885743330078125,8,9
2026-05-02,US11135F1012,AVGO,2026-08-21,call,175.0,172.45,216.55,220.1,1.0000000000000003e-05,1,1
2026-05-02,US11135F1012,AVGO,2026-08-21,call,180.0,202.0,241.45,244.7,0.8503432934570312,1,18
2026-05-02,US11135F1012,AVGO,2026-08-21,call,185.0,239.5,236.6,239.55,0.8256853369140623,2,7
2026-05-02,US11135F1012,AVGO,2026-08-21,call,190.0,169.64,231.65,235.6,0.8431412170410155,2,27
2026-05-02,US11135F1012,AVGO,2026-08-21,call,195.0,142.28,226.85,230.15,0.8099384240722656,3,20
2026-05-02,US11135F1012,AVGO,2026-08-21,call,200.0,225.8,222.0,225.3,0.7963887548828125,1,61
2026-05-02,US11135F1012,AVGO,2026-08-21,call,210.0,190.7,212.3,215.9,0.7774680456542968,1,24
2026-05-02,US11135F1012,AVGO,2026-08-21,call,220.0,209.0,202.7,206.0,0.7454859436035157,3,31
2026-05-02,US11135F1012,AVGO,2026-08-21,call,230.0,187.88,193.1,196.4,0.720827987060547,2,52
2026-05-02,US11135F1012,AVGO,2026-08-21,call,240.0,165.97,183.5,186.25,0.6832307067871095,1,228
2026-05-02,US11135F1012,AVGO,2026-08-21,call,250.0,166.4,174.05,177.6,0.6787751849365236,2,83
2026-05-02,US11135F1012,AVGO,2026-08-21,call,260.0,167.64,164.7,168.25,0.6590610266113281,1,68
2026-05-02,US11135F1012,AVGO,2026-08-21,call,270.0,152.83,155.35,158.05,0.6243934045410158,2,143
2026-05-02,US11135F1012,AVGO,2026-08-21,call,280.0,147.29,146.1,148.85,0.6060220062255861,1,282
2026-05-02,US11135F1012,AVGO,2026-08-21,call,290.0,118.7,137.0,140.35,0.5962564788818359,2,108
2026-05-02,US11135F1012,AVGO,2026-08-21,call,300.0,129.32,128.5,130.7,0.5766643896484375,2,458
2026-05-02,US11135F1012,AVGO,2026-08-21,call,310.0,118.05,120.25,122.2,0.5695843823242188,2,471
2026-05-02,US11135F1012,AVGO,2026-08-21,call,320.0,114.0,111.55,114.15,0.5585676467895508,45,1367
2026-05-02,US11135F1012,AVGO,2026-08-21,call,330.0,105.5,103.65,106.0,0.5502059140014649,4,394
2026-05-02,US11135F1012,AVGO,2026-08-21,call,340.0,97.02,95.15,97.95,0.5343064147949219,2,1108
2026-05-02,US11135F1012,AVGO,2026-08-21,call,350.0,89.34,88.05,90.45,0.5300645138549805,1,2110
2026-05-02,US11135F1012,AVGO,2026-08-21,call,360.0,82.29,81.05,82.65,0.5203752796936034,2,976
2026-05-02,US11135F1012,AVGO,2026-08-21,call,370.0,75.7,74.15,76.4,0.5178881219482423,6,1363
2026-05-02,US11135F1012,AVGO,2026-08-21,call,380.0,68.92,67.6,68.95,0.5061084545898438,9,1794
2026-05-02,US11135F1012,AVGO,2026-08-21,call,390.0,61.82,61.4,63.05,0.5022327609252931,30,1757
2026-05-02,US11135F1012,AVGO,2026-08-21,call,400.0,56.9,55.8,56.85,0.50215646774292,63,2324
2026-05-02,US11135F1012,AVGO,2026-08-21,call,410.0,51.0,49.75,51.9,0.5028278477478028,38,1404
2026-05-02,US11135F1012,AVGO,2026-08-21,call,420.0,46.8,45.35,46.3,0.4926198199462891,52,943
2026-05-02,US11135F1012,AVGO,2026-08-21,call,430.0,41.42,40.3,42.0,0.4929555099487305,51,1596
2026-05-02,US11135F1012,AVGO,2026-08-21,call,440.0,37.8,36.8,37.45,0.4870351589965821,35,1676
2026-05-02,US11135F1012,AVGO,2026-08-21,call,450.0,33.03,32.55,34.25,0.49219257812500006,141,1676
2026-05-02,US11135F1012,AVGO,2026-08-21,call,460.0,29.7,29.0,30.4,0.4870351589965821,227,1654
2026-05-02,US11135F1012,AVGO,2026-08-21,call,470.0,26.84,26.05,27.2,0.4857381748962402,12,817
2026-05-02,US11135F1012,AVGO,2026-08-21,call,480.0,23.62,22.95,23.95,0.48068756622314457,15,799
2026-05-02,US11135F1012,AVGO,2026-08-21,call,490.0,20.45,20.4,21.25,0.4788107539367676,27,528
2026-05-02,US11135F1012,AVGO,2026-08-21,call,500.0,18.85,18.1,19.0,0.47937532348632805,33,849
2026-05-02,US11135F1012,AVGO,2026-08-21,call,510.0,17.0,16.05,17.1,0.48160308441162114,8,186
2026-05-02,US11135F1012,AVGO,2026-08-21,call,520.0,15.07,14.2,14.9,0.47730014892578126,63,281
2026-05-02,US11135F1012,AVGO,2026-08-21,call,530.0,12.54,12.65,13.25,0.4776663562011719,1,666
2026-05-02,US11135F1012,AVGO,2026-08-21,call,540.0,11.6,11.15,11.75,0.47769687347412115,15,407
2026-05-02,US11135F1012,AVGO,2026-08-21,call,560.0,9.24,8.75,9.3,0.4793448062133788,7,247
2026-05-02,US11135F1012,AVGO,2026-08-21,call,570.0,7.97,7.7,8.6,0.48602808898925787,4,131
2026-05-02,US11135F1012,AVGO,2026-08-21,call,580.0,7.28,6.85,7.4,0.481999808959961,4,73
2026-05-02,US11135F1012,AVGO,2026-08-21,call,590.0,6.34,6.05,6.65,0.48431912170410163,17,313
2026-05-02,US11135F1012,AVGO,2026-08-21,call,600.0,5.5,5.4,5.9,0.48492946716308594,39,1882
2026-05-02,US11135F1012,AVGO,2026-08-21,call,620.0,4.07,4.2,4.7,0.4876149871826172,1,408
2026-05-02,US11135F1012,AVGO,2026-08-21,put,150.0,0.45,0.05,0.47,0.7670921728515626,1,294
2026-05-02,US11135F1012,AVGO,2026-08-21,put,155.0,0.5,0.01,0.75,0.7797873583984375,1,157
2026-05-02,US11135F1012,AVGO,2026-08-21,put,160.0,0.35,0.01,0.74,0.7553735400390625,9,154
2026-05-02,US11135F1012,AVGO,2026-08-21,put,165.0,0.8,0.16,0.66,0.7412135253906249,10,299
2026-05-02,US11135F1012,AVGO,2026-08-21,put,170.0,0.59,0.07,0.8,0.7251004052734374,10,204
2026-05-02,US11135F1012,AVGO,2026-08-21,put,175.0,0.72,0.15,0.9,0.7216824707031251,3,83
2026-05-02,US11135F1012,AVGO,2026-08-21,put,180.0,0.58,0.51,0.76,0.7192410888671875,7,434
2026-05-02,US11135F1012,AVGO,2026-08-21,put,185.0,0.93,0.39,0.89,0.6987334814453126,1,237
2026-05-02,US11135F1012,AVGO,2026-08-21,put,190.0,0.95,0.64,0.97,0.7014190014648438,5,391
2026-05-02,US11135F1012,AVGO,2026-08-21,put,195.0,0.82,0.59,0.92,0.674075524902344,108,105
2026-05-02,US11135F1012,AVGO,2026-08-21,put,200.0,0.94,0.85,1.01,0.6752962158203126,1,405
2026-05-02,US11135F1012,AVGO,2026-08-21,put,210.0,1.16,1.02,1.36,0.6616244775390626,25,592
2026-05-02,US11135F1012,AVGO,2026-08-21,put,220.0,1.38,1.25,1.63,0.6430699755859376,1,2618
2026-05-02,US11135F1012,AVGO,2026-08-21,put,230.0,1.57,1.39,1.94,0.6204871936035157,25,2852
2026-05-02,US11135F1012,AVGO,2026-08-21,put,240.0,1.91,1.76,2.2,0.6020547607421877,527,2500
2026-05-02,US11135F1012,AVGO,2026-08-21,put,250.0,2.34,2.22,2.46,0.583866466064453,28,1576
2026-05-02,US11135F1012,AVGO,2026-08-21,put,260.0,2.84,2.56,3.15,0.5705609350585938,22,3007
2026-05-02,US11135F1012,AVGO,2026-08-21,put,270.0,3.35,3.15,3.55,0.5532271240234375,10,2395
2026-05-02,US11135F1012,AVGO,2026-08-21,put,280.0,4.0,3.9,4.3,0.5424240093994142,8,2151
2026-05-02,US11135F1012,AVGO,2026-08-21,put,290.0,4.9,4.8,5.1,0.5308884802246094,24,1670
2026-05-02,US11135F1012,AVGO,2026-08-21,put,300.0,5.67,5.75,6.2,0.5204515728759764,1922,7140
2026-05-02,US11135F1012,AVGO,2026-08-21,put,310.0,7.05,6.9,7.45,0.5103808728027344,67,2318
2026-05-02,US11135F1012,AVGO,2026-08-21,put,320.0,8.35,8.3,8.95,0.5018360363769532,9,1040
2026-05-02,US11135F1012,AVGO,2026-08-21,put,330.0,10.1,9.9,10.6,0.49893689544677733,174,1459
2026-05-02,US11135F1012,AVGO,2026-08-21,put,340.0,12.0,11.8,12.7,0.49323016540527354,7,1459
2026-05-02,US11135F1012,AVGO,2026-08-21,put,350.0,14.52,14.05,14.9,0.48480739807128903,1,760
2026-05-02,US11135F1012,AVGO,2026-08-21,put,360.0,16.9,16.7,17.65,0.4802908416748046,2,1132
2026-05-02,US11135F1012,AVGO,2026-08-21,put,370.0,19.97,19.6,20.7,0.4754080780029296,5,1323
2026-05-02,US11135F1012,AVGO,2026-08-21,put,380.0,23.07,23.1,24.05,0.47009807250976565,310,1236
2026-05-02,US11135F1012,AVGO,2026-08-21,put,390.0,26.97,26.85,27.85,0.46602401657104503,13,397
2026-05-02,US11135F1012,AVGO,2026-08-21,put,400.0,31.35,30.9,32.05,0.46239246109008797,38,949
2026-05-02,US11135F1012,AVGO,2026-08-21,put,410.0,35.5,35.4,36.55,0.4580132324218751,146,246
2026-05-02,US11135F1012,AVGO,2026-08-21,put,420.0,40.33,40.4,41.55,0.45511409149169924,13,258
2026-05-02,US11135F1012,AVGO,2026-08-21,put,430.0,45.8,45.7,46.9,0.4520165882873535,5,129
2026-05-02,US11135F1012,AVGO,2026-08-21,put,440.0,54.97,51.35,53.1,0.45418331466674805,18,87
2026-05-02,US11135F1012,AVGO,2026-08-21,put,450.0,61.24,57.4,58.75,0.44667606552124023,11,72
2026-05-02,US11135F1012,AVGO,2026-08-21,put,460.0,67.33,63.8,65.25,0.44467718414306634,1,55
2026-05-02,US11135F1012,AVGO,2026-08-21,put,470.0,70.01,70.65,72.75,0.45035339691162113,11,38
2026-05-02,US11135F1012,AVGO,2026-08-21,put,480.0,81.15,76.75,79.5,0.4442499423217773,16,28
2026-05-02,US11135F1012,AVGO,2026-08-21,put,490.0,88.24,85.05,87.65,0.45131469100952154,80,47
2026-05-02,US11135F1012,AVGO,2026-08-21,put,500.0,111.75,92.15,95.25,0.4488885678100586,10,24
2026-05-02,US11135F1012,AVGO,2026-08-21,put,510.0,165.95,111.4,114.3,0.5679974841308593,1,0
2026-05-02,US11135F1012,AVGO,2026-08-21,put,520.0,195.86,119.8,122.75,0.5748028359985352,1,0
2026-05-02,US11135F1012,AVGO,2026-08-21,put,530.0,177.65,197.35,200.15,1.3455538093566892,5,22
2026-05-02,US11135F1012,AVGO,2026-08-21,put,540.0,133.52,125.65,128.3,0.4446466668701171,14,15
2026-05-02,US11135F1012,AVGO,2026-08-21,put,560.0,244.65,0.0,0.0,1.0000000000000003e-05,12,0
2026-05-02,US11135F1012,AVGO,2026-08-21,put,570.0,237.75,0.0,0.0,1.0000000000000003e-05,2,0
2026-05-02,US11135F1012,AVGO,2026-08-21,put,600.0,261.75,0.0,0.0,1.0000000000000003e-05,,0
2026-05-02,US11135F1012,AVGO,2026-09-18,call,70.0,284.25,272.2,275.7,1.0000000000000003e-05,7,14
2026-05-02,US11135F1012,AVGO,2026-09-18,call,75.0,179.47,213.2,215.1,1.0000000000000003e-05,1,1
2026-05-02,US11135F1012,AVGO,2026-09-18,call,80.0,191.77,255.65,259.0,1.0000000000000003e-05,1,10
2026-05-02,US11135F1012,AVGO,2026-09-18,call,85.0,233.8,236.4,239.9,1.0000000000000003e-05,10,26
2026-05-02,US11135F1012,AVGO,2026-09-18,call,90.0,85.2,119.75,121.5,1.0000000000000003e-05,,0
2026-05-02,US11135F1012,AVGO,2026-09-18,call,95.0,224.32,310.8,314.6,1.0000000000000003e-05,1,1
2026-05-02,US11135F1012,AVGO,2026-09-18,call,100.0,299.04,320.35,323.5,1.05859845703125,1,20
2026-05-02,US11135F1012,AVGO,2026-09-18,call,105.0,243.9,246.95,250.55,1.0000000000000003e-05,1,48
2026-05-02,US11135F1012,AVGO,2026-09-18,call,110.0,222.77,221.95,225.15,1.0000000000000003e-05,5,15
2026-05-02,US11135F1012,AVGO,2026-09-18,call,115.0,262.85,305.65,309.05,1.0336962377929688,1,35
2026-05-02,US11135F1012,AVGO,2026-09-18,call,120.0,205.95,286.35,290.15,1.0000000000000003e-05,1,81
2026-05-02,US11135F1012,AVGO,2026-09-18,call,125.0,201.2,281.45,285.0,1.0000000000000003e-05,1,19
2026-05-02,US11135F1012,AVGO,2026-09-18,call,130.0,215.1,290.95,294.35,0.9790041162109376,1,9
2026-05-02,US11135F1012,AVGO,2026-09-18,call,135.0,202.83,0.0,0.0,1.0000000000000003e-05,7,0
2026-05-02,US11135F1012,AVGO,2026-09-18,call,140.0,192.35,206.55,210.9,1.0000000000000003e-05,1,28
2026-05-02,US11135F1012,AVGO,2026-09-18,call,145.0,203.0,200.9,204.1,1.0000000000000003e-05,1,7
2026-05-02,US11135F1012,AVGO,2026-09-18,call,150.0,233.0,271.4,274.6,0.9014902429199219,1,49
2026-05-02,US11135F1012,AVGO,2026-09-18,call,155.0,248.76,266.55,269.75,0.8881847119140623,2,3
2026-05-02,US11135F1012,AVGO,2026-09-18,call,160.0,237.3,261.7,265.0,0.8784191845703124,3,16
2026-05-02,US11135F1012,AVGO,2026-09-18,call,165.0,232.0,256.8,260.05,0.8586439916992188,1,30
2026-05-02,US11135F1012,AVGO,2026-09-18,call,170.0,130.95,252.0,255.7,0.8632826171875,10,68
2026-05-02,US11135F1012,AVGO,2026-09-18,call,175.0,187.0,247.05,250.4,0.8302018933105468,1,219
2026-05-02,US11135F1012,AVGO,2026-09-18,call,180.0,220.97,242.3,245.6,0.8204363659667968,1,49
2026-05-02,US11135F1012,AVGO,2026-09-18,call,185.0,117.9,237.5,240.8,0.8085956640624999,1,44
2026-05-02,US11135F1012,AVGO,2026-09-18,call,190.0,128.72,232.6,236.0,0.7935811657714844,25,177
2026-05-02,US11135F1012,AVGO,2026-09-18,call,195.0,125.21,227.85,231.2,0.7824728784179689,1,117
2026-05-02,US11135F1012,AVGO,2026-09-18,call,200.0,217.81,223.1,226.0,0.7611107873535157,1,186
2026-05-02,US11135F1012,AVGO,2026-09-18,call,210.0,206.7,213.55,217.0,0.7502466381835937,1,224
2026-05-02,US11135F1012,AVGO,2026-09-18,call,220.0,166.4,204.05,207.5,0.7269924761962892,1,611
2026-05-02,US11135F1012,AVGO,2026-09-18,call,230.0,191.0,194.65,197.4,0.6938507177734375,1,370
2026-05-02,US11135F1012,AVGO,2026-09-18,call,240.0,190.4,185.25,188.85,0.6864655377197266,1,496
2026-05-02,US11135F1012,AVGO,2026-09-18,call,250.0,173.0,176.0,179.35,0.6637606866455079,1,368
2026-05-02,US11135F1012,AVGO,2026-09-18,call,260.0,146.6,166.85,169.6,0.6382482464599608,2,456
2026-05-02,US11135F1012,AVGO,2026-09-18,call,270.0,137.85,157.8,161.1,0.6283606500244141,2,402
2026-05-02,US11135F1012,AVGO,2026-09-18,call,280.0,151.81,148.85,151.65,0.6063271789550781,1,263
2026-05-02,US11135F1012,AVGO,2026-09-18,call,290.0,143.43,140.15,143.5,0.5986978607177735,2,443
2026-05-02,US11135F1012,AVGO,2026-09-18,call,300.0,134.53,132.1,134.85,0.5891154370117189,9,690
2026-05-02,US11135F1012,AVGO,2026-09-18,call,310.0,125.5,124.0,126.6,0.5795330133056642,29,969
2026-05-02,US11135F1012,AVGO,2026-09-18,call,320.0,118.35,115.3,118.5,0.5637555831909181,3,1226
2026-05-02,US11135F1012,AVGO,2026-09-18,call,330.0,108.62,107.95,110.15,0.5538985040283204,1,1297
2026-05-02,US11135F1012,AVGO,2026-09-18,call,340.0,102.49,99.95,103.0,0.5449874603271485,3,1270
2026-05-02,US11135F1012,AVGO,2026-09-18,call,350.0,95.28,93.3,95.85,0.5417526293945314,5,1633
2026-05-02,US11135F1012,AVGO,2026-09-18,call,360.0,87.2,86.45,88.25,0.5313157220458984,7,3896
2026-05-02,US11135F1012,AVGO,2026-09-18,call,370.0,80.4,79.9,82.35,0.5295762374877931,16,991
2026-05-02,US11135F1012,AVGO,2026-09-18,call,380.0,75.25,73.7,76.1,0.5245256288146973,14,2437
2026-05-02,US11135F1012,AVGO,2026-09-18,call,390.0,68.02,67.85,70.1,0.5196581237792968,4,1409
2026-05-02,US11135F1012,AVGO,2026-09-18,call,400.0,63.5,63.0,64.5,0.5189714851379394,59,4001
2026-05-02,US11135F1012,AVGO,2026-09-18,call,410.0,58.38,56.0,58.6,0.5031177618408205,19,2312
2026-05-02,US11135F1012,AVGO,2026-09-18,call,420.0,53.01,52.2,53.85,0.5060169027709961,58,2563
2026-05-02,US11135F1012,AVGO,2026-09-18,call,430.0,49.0,47.65,48.85,0.5011188804626465,31,1603
2026-05-02,US11135F1012,AVGO,2026-09-18,call,440.0,43.9,43.45,45.1,0.501179915008545,74,2058
2026-05-02,US11135F1012,AVGO,2026-09-18,call,450.0,40.85,39.6,41.2,0.5072070764160157,72,3519
2026-05-02,US11135F1012,AVGO,2026-09-18,call,460.0,36.35,36.5,37.2,0.5017750018310547,178,840
2026-05-02,US11135F1012,AVGO,2026-09-18,call,470.0,33.3,32.75,33.8,0.4996387927246094,39,1160
2026-05-02,US11135F1012,AVGO,2026-09-18,call,480.0,30.81,29.6,30.7,0.49802137725830087,227,1373
2026-05-02,US11135F1012,AVGO,2026-09-18,call,490.0,28.05,27.05,27.95,0.4975941354370118,23,836
2026-05-02,US11135F1012,AVGO,2026-09-18,call,500.0,25.2,24.55,25.4,0.4969837899780274,77,3102
2026-05-02,US11135F1012,AVGO,2026-09-18,call,510.0,23.33,22.25,23.1,0.4968617208862305,26,529
2026-05-02,US11135F1012,AVGO,2026-09-18,call,520.0,20.5,20.15,21.0,0.4968617208862305,4,684
2026-05-02,US11135F1012,AVGO,2026-09-18,call,530.0,18.8,18.3,18.95,0.4954274090576172,10,324
2026-05-02,US11135F1012,AVGO,2026-09-18,call,540.0,16.09,16.35,17.3,0.49670913452148446,5,650
2026-05-02,US11135F1012,AVGO,2026-09-18,call,560.0,14.1,13.6,14.15,0.4957783576965333,3,832
2026-05-02,US11135F1012,AVGO,2026-09-18,call,570.0,12.5,12.3,13.1,0.49965405136108404,4,165
2026-05-02,US11135F1012,AVGO,2026-09-18,call,580.0,11.4,11.1,11.75,0.4979603427124024,10,435
2026-05-02,US11135F1012,AVGO,2026-09-18,call,590.0,10.2,10.0,10.7,0.49893689544677733,9,216
2026-05-02,US11135F1012,AVGO,2026-09-18,call,600.0,9.5,8.95,9.7,0.49921155090332037,5,2044
2026-05-02,US11135F1012,AVGO,2026-09-18,call,620.0,7.3,7.4,8.05,0.5012562081909181,1,37
2026-05-02,US11135F1012,AVGO,2026-09-18,call,640.0,6.25,6.1,6.6,0.5016224154663086,31,86
2026-05-02,US11135F1012,AVGO,2026-09-18,put,70.0,0.03,0.0,0.32,1.111332568359375,1,105
2026-05-02,US11135F1012,AVGO,2026-09-18,put,75.0,0.14,0.0,0.65,1.1591838916015624,4,78
2026-05-02,US11135F1012,AVGO,2026-09-18,put,80.0,0.13,0.0,0.0,0.500005,13,0
2026-05-02,US11135F1012,AVGO,2026-09-18,put,85.0,0.05,0.01,0.51,1.0468797656250002,8,160
2026-05-02,US11135F1012,AVGO,2026-09-18,put,90.0,0.09,0.0,0.19,0.9062509375,12,85
2026-05-02,US11135F1012,AVGO,2026-09-18,put,95.0,0.24,0.01,0.35,0.9355475195312499,2,85
2026-05-02,US11135F1012,AVGO,2026-09-18,put,100.0,0.44,0.0,0.0,0.500005,1,0
2026-05-02,US11135F1012,AVGO,2026-09-18,put,105.0,0.3,0.01,0.4,0.8867198828124999,1,85
2026-05-02,US11135F1012,AVGO,2026-09-18,put,110.0,0.4,0.01,0.82,0.9345709667968749,2,154
2026-05-02,US11135F1012,AVGO,2026-09-18,put,115.0,0.19,0.02,0.37,0.8261736132812498,2,132
2026-05-02,US11135F1012,AVGO,2026-09-18,put,120.0,0.46,0.01,0.71,0.860352958984375,2,136
2026-05-02,US11135F1012,AVGO,2026-09-18,put,125.0,0.25,0.06,0.51,0.8095722167968749,2,85
2026-05-02,US11135F1012,AVGO,2026-09-18,put,130.0,0.28,0.01,0.75,0.813478427734375,1,105
2026-05-02,US11135F1012,AVGO,2026-09-18,put,135.0,0.45,0.13,0.57,0.780275634765625,1,55
2026-05-02,US11135F1012,AVGO,2026-09-18,put,140.0,0.45,0.05,0.75,0.7695335546875001,6,207
2026-05-02,US11135F1012,AVGO,2026-09-18,put,145.0,0.54,0.01,0.8,0.7475611181640626,30,140
2026-05-02,US11135F1012,AVGO,2026-09-18,put,150.0,0.4,0.39,0.69,0.7534204345703125,1,646
2026-05-02,US11135F1012,AVGO,2026-09-18,put,155.0,0.81,0.2,0.9,0.7329128271484374,9,113
2026-05-02,US11135F1012,AVGO,2026-09-18,put,160.0,1.02,0.4,0.87,0.725588681640625,9,292
2026-05-02,US11135F1012,AVGO,2026-09-18,put,165.0,0.85,0.24,1.16,0.7138700488281251,50,178
2026-05-02,US11135F1012,AVGO,2026-09-18,put,170.0,0.82,0.72,1.01,0.7150907397460937,2,308
2026-05-02,US11135F1012,AVGO,2026-09-18,put,175.0,1.04,0.82,1.1,0.7054472814941408,49,560
2026-05-02,US11135F1012,AVGO,2026-09-18,put,180.0,1.01,0.91,1.2,0.6950714086914063,34,1351
2026-05-02,US11135F1012,AVGO,2026-09-18,put,185.0,1.5,1.01,1.3,0.684573466796875,101,505
2026-05-02,US11135F1012,AVGO,2026-09-18,put,190.0,1.2,0.99,1.42,0.6691927612304689,3,396
2026-05-02,US11135F1012,AVGO,2026-09-18,put,195.0,1.53,1.26,1.55,0.6666293103027345,1,1134
2026-05-02,US11135F1012,AVGO,2026-09-18,put,200.0,1.45,1.39,1.67,0.6566196447753907,3,2102
2026-05-02,US11135F1012,AVGO,2026-09-18,put,210.0,1.91,1.69,2.0,0.6397741101074219,1,3373
2026-05-02,US11135F1012,AVGO,2026-09-18,put,220.0,2.37,2.08,2.35,0.6236609899902343,1,3798
2026-05-02,US11135F1012,AVGO,2026-09-18,put,230.0,2.82,2.52,2.83,0.6095620098876955,1,4455
2026-05-02,US11135F1012,AVGO,2026-09-18,put,240.0,2.99,2.89,3.4,0.5932047515869141,505,4455
2026-05-02,US11135F1012,AVGO,2026-09-18,put,250.0,3.6,3.6,3.85,0.5788616333007812,9,10846
2026-05-02,US11135F1012,AVGO,2026-09-18,put,260.0,4.47,4.3,4.6,0.5667157586669922,2,3786
2026-05-02,US11135F1012,AVGO,2026-09-18,put,270.0,5.3,4.95,5.45,0.5525557440185547,1,3948
2026-05-02,US11135F1012,AVGO,2026-09-18,put,280.0,6.15,5.8,6.25,0.5379684875488282,9,8246
2026-05-02,US11135F1012,AVGO,2026-09-18,put,290.0,7.05,7.05,7.5,0.530827445678711,12,3195
2026-05-02,US11135F1012,AVGO,2026-09-18,put,300.0,8.8,8.45,8.8,0.5220995056152342,124,6543
2026-05-02,US11135F1012,AVGO,2026-09-18,put,310.0,9.93,9.9,10.35,0.5129138064575195,6,4076
2026-05-02,US11135F1012,AVGO,2026-09-18,put,320.0,11.85,11.6,12.35,0.506444144592285,106,6274
2026-05-02,US11135F1012,AVGO,2026-09-18,put,330.0,14.0,13.6,14.5,0.5066272482299804,104,3776
2026-05-02,US11135F1012,AVGO,2026-09-18,put,340.0,16.3,16.05,16.8,0.49933361999511716,3,2725
2026-05-02,US11135F1012,AVGO,2026-09-18,put,350.0,19.4,18.7,19.25,0.4908040422058106,12,4002
2026-05-02,US11135F1012,AVGO,2026-09-18,put,360.0,21.5,21.5,22.25,0.4859365371704102,6,3268
2026-05-02,US11135F1012,AVGO,2026-09-18,put,370.0,25.28,24.75,25.8,0.48398343170166025,294,1161
2026-05-02,US11135F1012,AVGO,2026-09-18,put,380.0,28.3,28.4,29.45,0.4795584271240234,16,2266
2026-05-02,US11135F1012,AVGO,2026-09-18,put,390.0,32.32,32.45,33.5,0.4760794580078125,181,467
2026-05-02,US11135F1012,AVGO,2026-09-18,put,400.0,36.61,36.75,37.85,0.47237160934448247,56,772
2026-05-02,US11135F1012,AVGO,2026-09-18,put,410.0,41.05,41.4,42.55,0.46895367477417,56,2787
2026-05-02,US11135F1012,AVGO,2026-09-18,put,420.0,46.3,46.35,47.65,0.46631393066406257,4,1024
2026-05-02,US11135F1012,AVGO,2026-09-18,put,430.0,51.65,50.8,53.6,0.46880108840942386,1,195
2026-05-02,US11135F1012,AVGO,2026-09-18,put,440.0,56.9,57.4,59.5,0.4677635011291504,2,105
2026-05-02,US11135F1012,AVGO,2026-09-18,put,450.0,64.25,63.5,64.5,0.4551751260375977,40,117
2026-05-02,US11135F1012,AVGO,2026-09-18,put,460.0,76.05,69.5,71.95,0.4633995310974121,5,51
2026-05-02,US11135F1012,AVGO,2026-09-18,put,470.0,79.2,75.5,78.55,0.4607445283508301,1,46
2026-05-02,US11135F1012,AVGO,2026-09-18,put,480.0,86.84,82.55,85.05,0.45435115966796874,1,55
2026-05-02,US11135F1012,AVGO,2026-09-18,put,490.0,93.41,89.95,92.65,0.4565178860473633,32,73
2026-05-02,US11135F1012,AVGO,2026-09-18,put,500.0,100.8,97.25,99.8,0.4515130532836914,1,51
2026-05-02,US11135F1012,AVGO,2026-09-18,put,510.0,118.45,104.5,108.1,0.4565789205932618,306,158
2026-05-02,US11135F1012,AVGO,2026-09-18,put,520.0,127.81,112.6,116.0,0.45511409149169924,52,31
2026-05-02,US11135F1012,AVGO,2026-09-18,put,530.0,136.26,121.15,123.95,0.4519097778320313,140,81
2026-05-02,US11135F1012,AVGO,2026-09-18,put,540.0,130.45,128.55,132.35,0.45194029510498046,20,24
2026-05-02,US11135F1012,AVGO,2026-09-18,put,560.0,162.3,146.65,149.35,0.4484155500793457,2,1
2026-05-02,US11135F1012,AVGO,2026-09-18,put,570.0,156.3,155.2,158.1,0.44705753143310545,2,1
2026-05-02,US11135F1012,AVGO,2026-09-18,put,580.0,178.8,163.85,167.0,0.4460199441528321,2,1
2026-05-02,US11135F1012,AVGO,2026-09-18,put,600.0,187.7,181.85,185.1,0.44324287231445314,25,25
2026-05-02,US11135F1012,AVGO,2026-10-16,call,165.0,183.77,242.95,246.85,1.0000000000000003e-05,,0
2026-05-02,US11135F1012,AVGO,2026-10-16,call,170.0,178.18,238.3,242.05,1.0000000000000003e-05,8,33
2026-05-02,US11135F1012,AVGO,2026-10-16,call,175.0,226.73,247.45,250.8,0.7810080493164062,1,1
2026-05-02,US11135F1012,AVGO,2026-10-16,call,180.0,197.38,242.65,246.0,0.7691673474121095,2,43
2026-05-02,US11135F1012,AVGO,2026-10-16,call,185.0,192.95,237.85,241.25,0.7584252673339844,2,17
2026-05-02,US11135F1012,AVGO,2026-10-16,call,190.0,116.25,233.1,236.4,0.7460962890625,5,5
2026-05-02,US11135F1012,AVGO,2026-10-16,call,195.0,132.65,214.75,217.95,1.0000000000000003e-05,20,30
2026-05-02,US11135F1012,AVGO,2026-10-16,call,200.0,154.0,223.6,227.05,0.7281521325683593,1,64
2026-05-02,US11135F1012,AVGO,2026-10-16,call,210.0,199.79,214.2,217.6,0.7084990087890625,1,29
2026-05-02,US11135F1012,AVGO,2026-10-16,call,220.0,202.39,204.8,208.25,0.6890900231933594,75,101
2026-05-02,US11135F1012,AVGO,2026-10-16,call,230.0,173.31,195.55,199.0,0.6720613848876955,4,38
2026-05-02,US11135F1012,AVGO,2026-10-16,call,240.0,181.35,186.35,189.3,0.6480748083496093,5,29
2026-05-02,US11135F1012,AVGO,2026-10-16,call,250.0,172.39,177.25,180.65,0.6378210046386719,5,41
2026-05-02,US11135F1012,AVGO,2026-10-16,call,260.0,165.47,168.25,171.65,0.6221046090698242,1,22
2026-05-02,US11135F1012,AVGO,2026-10-16,call,270.0,156.66,159.4,162.5,0.6047402807617189,20,40
2026-05-02,US11135F1012,AVGO,2026-10-16,call,280.0,134.75,150.75,153.85,0.5925333715820313,1,54
2026-05-02,US11135F1012,AVGO,2026-10-16,call,290.0,125.93,142.3,145.5,0.5824321542358398,1,51
2026-05-02,US11135F1012,AVGO,2026-10-16,call,300.0,118.0,134.05,137.4,0.5734600759887696,3,93
2026-05-02,US11135F1012,AVGO,2026-10-16,call,310.0,126.65,126.1,128.65,0.5595136822509765,100,343
2026-05-02,US11135F1012,AVGO,2026-10-16,call,320.0,104.7,118.3,121.0,0.5521895367431642,2,108
2026-05-02,US11135F1012,AVGO,2026-10-16,call,330.0,113.0,110.75,113.75,0.5463454789733888,1,468
2026-05-02,US11135F1012,AVGO,2026-10-16,call,340.0,101.96,103.55,106.45,0.5395859030151369,12,84
2026-05-02,US11135F1012,AVGO,2026-10-16,call,350.0,93.2,96.6,98.9,0.5302781347656251,1,509
2026-05-02,US11135F1012,AVGO,2026-10-16,call,360.0,91.99,90.0,92.85,0.5285691674804689,1,113
2026-05-02,US11135F1012,AVGO,2026-10-16,call,370.0,85.85,83.65,85.85,0.5204210556030272,2,238
2026-05-02,US11135F1012,AVGO,2026-10-16,call,380.0,79.36,76.95,79.8,0.5129138064575195,62,251
2026-05-02,US11135F1012,AVGO,2026-10-16,call,390.0,70.3,72.0,74.15,0.51328001373291,5,270
2026-05-02,US11135F1012,AVGO,2026-10-16,call,400.0,68.2,65.8,68.75,0.5062915582275391,61,800
2026-05-02,US11135F1012,AVGO,2026-10-16,call,410.0,63.15,61.55,63.65,0.5071918177795411,46,1376
2026-05-02,US11135F1012,AVGO,2026-10-16,call,420.0,58.05,56.7,58.75,0.503758624572754,56,228
2026-05-02,US11135F1012,AVGO,2026-10-16,call,430.0,53.4,52.4,54.15,0.5017444845581055,79,1388
2026-05-02,US11135F1012,AVGO,2026-10-16,call,440.0,49.1,48.8,50.0,0.5024768991088868,30,230
2026-05-02,US11135F1012,AVGO,2026-10-16,call,450.0,45.55,44.8,46.15,0.5005237936401368,68,719
2026-05-02,US11135F1012,AVGO,2026-10-16,call,460.0,41.75,40.55,41.95,0.4999439654541016,21,235
2026-05-02,US11135F1012,AVGO,2026-10-16,call,470.0,38.1,38.0,38.5,0.4979603427124024,4,322
2026-05-02,US11135F1012,AVGO,2026-10-16,call,480.0,35.7,34.85,35.4,0.49707534179687507,9,244
2026-05-02,US11135F1012,AVGO,2026-10-16,call,490.0,32.2,31.9,32.5,0.4960682717895508,5,256
2026-05-02,US11135F1012,AVGO,2026-10-16,call,500.0,30.05,29.25,29.85,0.4954884436035156,248,375
2026-05-02,US11135F1012,AVGO,2026-10-16,call,520.0,24.8,24.65,25.1,0.49420671813964845,15,313
2026-05-02,US11135F1012,AVGO,2026-10-16,call,540.0,20.8,20.3,21.1,0.49362688995361337,26,258
2026-05-02,US11135F1012,AVGO,2026-10-16,call,560.0,17.0,16.95,17.75,0.4936879244995118,223,216
2026-05-02,US11135F1012,AVGO,2026-10-16,call,580.0,14.6,14.25,14.95,0.4942677526855469,16,81
2026-05-02,US11135F1012,AVGO,2026-10-16,put,155.0,0.83,0.7,0.97,0.7104521142578125,1,79
2026-05-02,US11135F1012,AVGO,2026-10-16,put,160.0,0.87,0.79,1.1,0.7026396923828125,2,410
2026-05-02,US11135F1012,AVGO,2026-10-16,put,165.0,1.24,0.88,1.23,0.6938507177734375,1,155
2026-05-02,US11135F1012,AVGO,2026-10-16,put,170.0,1.15,0.99,1.31,0.6828644995117189,1,127
2026-05-02,US11135F1012,AVGO,2026-10-16,put,175.0,1.22,1.12,1.42,0.6738313867187502,2,143
2026-05-02,US11135F1012,AVGO,2026-10-16,put,180.0,1.4,1.24,1.57,0.6654086193847659,1,253
2026-05-02,US11135F1012,AVGO,2026-10-16,put,185.0,1.93,1.37,1.66,0.6544224011230471,3,40
2026-05-02,US11135F1012,AVGO,2026-10-16,put,190.0,2.11,1.3,1.84,0.6392858337402343,1,127
2026-05-02,US11135F1012,AVGO,2026-10-16,put,195.0,2.31,1.51,2.0,0.6330603100585939,1,29
2026-05-02,US11135F1012,AVGO,2026-10-16,put,200.0,2.29,1.84,2.15,0.6292761682128907,1,396
2026-05-02,US11135F1012,AVGO,2026-10-16,put,210.0,2.29,2.21,2.57,0.6140175317382813,5,299
2026-05-02,US11135F1012,AVGO,2026-10-16,put,220.0,2.77,2.68,3.05,0.6001016552734376,3,1356
2026-05-02,US11135F1012,AVGO,2026-10-16,put,230.0,3.3,3.15,3.55,0.5842326733398437,2,916
2026-05-02,US11135F1012,AVGO,2026-10-16,put,240.0,4.25,3.75,4.2,0.5713543841552735,3,2169
2026-05-02,US11135F1012,AVGO,2026-10-16,put,250.0,4.9,4.45,4.9,0.5583540258789064,2,1733
2026-05-02,US11135F1012,AVGO,2026-10-16,put,260.0,5.5,5.3,5.75,0.5471847039794924,1,614
2026-05-02,US11135F1012,AVGO,2026-10-16,put,270.0,6.51,6.25,6.75,0.5364426239013673,3,536
2026-05-02,US11135F1012,AVGO,2026-10-16,put,280.0,7.6,7.4,7.85,0.5263108892822266,4,2860
2026-05-02,US11135F1012,AVGO,2026-10-16,put,290.0,8.9,8.75,9.4,0.5198107101440429,3,340
2026-05-02,US11135F1012,AVGO,2026-10-16,put,300.0,10.5,10.25,10.85,0.5105639764404297,7,733
2026-05-02,US11135F1012,AVGO,2026-10-16,put,310.0,12.3,11.95,12.8,0.504185866394043,6,547
2026-05-02,US11135F1012,AVGO,2026-10-16,put,320.0,14.3,14.1,14.7,0.5019123295593262,109,1724
2026-05-02,US11135F1012,AVGO,2026-10-16,put,330.0,16.5,16.3,17.0,0.4957936163330079,84,946
2026-05-02,US11135F1012,AVGO,2026-10-16,put,340.0,19.05,18.7,19.6,0.4904530935668946,1005,1588
2026-05-02,US11135F1012,AVGO,2026-10-16,put,350.0,21.8,21.6,22.35,0.4839223971557618,13,607
2026-05-02,US11135F1012,AVGO,2026-10-16,put,360.0,25.0,24.8,25.85,0.48280851669311525,244,1378
2026-05-02,US11135F1012,AVGO,2026-10-16,put,370.0,28.45,28.25,29.3,0.4779867875671387,53,605
2026-05-02,US11135F1012,AVGO,2026-10-16,put,380.0,32.1,32.0,33.05,0.4733634207153321,14,1213
2026-05-02,US11135F1012,AVGO,2026-10-16,put,390.0,36.3,36.15,36.7,0.4650779811096192,19,418
2026-05-02,US11135F1012,AVGO,2026-10-16,put,400.0,40.99,40.55,41.45,0.4644828942871094,91,493
2026-05-02,US11135F1012,AVGO,2026-10-16,put,410.0,45.0,45.2,46.55,0.464223497467041,82,229
2026-05-02,US11135F1012,AVGO,2026-10-16,put,420.0,50.15,50.25,51.85,0.4630180651855469,25,255
2026-05-02,US11135F1012,AVGO,2026-10-16,put,430.0,55.51,55.25,57.1,0.4587761642456055,32,66
2026-05-02,US11135F1012,AVGO,2026-10-16,put,440.0,61.35,60.9,62.85,0.456411075592041,42,226
2026-05-02,US11135F1012,AVGO,2026-10-16,put,450.0,67.35,66.25,69.45,0.45906607833862306,45,34
2026-05-02,US11135F1012,AVGO,2026-10-16,put,460.0,73.25,72.55,75.3,0.4527490028381348,5,30
2026-05-02,US11135F1012,AVGO,2026-10-16,put,470.0,91.0,79.15,82.45,0.4556634024047852,2,3
2026-05-02,US11135F1012,AVGO,2026-10-16,put,480.0,89.9,86.55,87.95,0.4414270945739746,1,31
2026-05-02,US11135F1012,AVGO,2026-10-16,put,490.0,101.4,93.25,96.55,0.4533135723876953,2,32
2026-05-02,US11135F1012,AVGO,2026-10-16,put,500.0,183.5,111.35,113.75,0.5324143438720703,6,4
2026-05-02,US11135F1012,AVGO,2026-10-16,put,520.0,130.55,116.15,119.15,0.44803408416748036,10,5
2026-05-02,US11135F1012,AVGO,2026-10-16,put,580.0,170.0,166.05,169.2,0.43816174636840827,3,5
2026-05-02,US11135F1012,AVGO,2026-11-20,call,155.0,247.0,267.55,271.45,0.8190936059570311,2,14
2026-05-02,US11135F1012,AVGO,2026-11-20,call,160.0,188.75,0.0,0.0,1.0000000000000003e-05,4,0
2026-05-02,US11135F1012,AVGO,2026-11-20,call,165.0,159.55,0.0,0.0,1.0000000000000003e-05,10,0
2026-05-02,US11135F1012,AVGO,2026-11-20,call,170.0,147.75,253.3,256.8,0.7760032165527344,2,23
2026-05-02,US11135F1012,AVGO,2026-11-20,call,175.0,149.65,248.55,251.8,0.7592187164306643,2,16
2026-05-02,US11135F1012,AVGO,2026-11-20,call,180.0,197.55,243.8,247.3,0.752932158203125,2,9
2026-05-02,US11135F1012,AVGO,2026-11-20,call,185.0,195.07,239.05,241.8,0.726565234375,2,14
2026-05-02,US11135F1012,AVGO,2026-11-20,call,190.0,138.8,220.8,224.05,1.0000000000000003e-05,2,15
2026-05-02,US11135F1012,AVGO,2026-11-20,call,195.0,157.95,0.0,0.0,1.0000000000000003e-05,,0
2026-05-02,US11135F1012,AVGO,2026-11-20,call,200.0,201.74,224.95,227.65,0.6967193414306643,1,18
2026-05-02,US11135F1012,AVGO,2026-11-20,call,210.0,195.8,215.65,218.35,0.6791413922119143,3,27
2026-05-02,US11135F1012,AVGO,2026-11-20,call,220.0,191.0,206.45,209.45,0.6669344830322268,1,102
2026-05-02,US11135F1012,AVGO,2026-11-20,call,230.0,193.89,197.3,199.95,0.6458470474243164,10,54
2026-05-02,US11135F1012,AVGO,2026-11-20,call,240.0,184.94,188.25,190.95,0.6309241009521485,10,74
2026-05-02,US11135F1012,AVGO,2026-11-20,call,250.0,162.0,179.35,182.85,0.6250342672729493,1,71
2026-05-02,US11135F1012,AVGO,2026-11-20,call,260.0,150.1,170.55,173.25,0.6033364862060548,1,38
2026-05-02,US11135F1012,AVGO,2026-11-20,call,270.0,145.08,161.9,164.85,0.5927775097656252,1,232
2026-05-02,US11135F1012,AVGO,2026-11-20,call,280.0,142.7,153.5,156.2,0.580204393310547,1,79
2026-05-02,US11135F1012,AVGO,2026-11-20,call,290.0,140.62,145.2,147.95,0.569614899597168,1,125
2026-05-02,US11135F1012,AVGO,2026-11-20,call,300.0,125.84,137.2,140.5,0.5645490322875978,1,244
2026-05-02,US11135F1012,AVGO,2026-11-20,call,310.0,114.24,129.45,132.1,0.5525252267456054,2,562
2026-05-02,US11135F1012,AVGO,2026-11-20,call,320.0,123.45,121.9,125.15,0.5485884985351563,1,729
2026-05-02,US11135F1012,AVGO,2026-11-20,call,330.0,115.95,114.7,117.3,0.5390671093750001,3,843
2026-05-02,US11135F1012,AVGO,2026-11-20,call,340.0,104.9,107.75,110.25,0.53320779296875,1,443
2026-05-02,US11135F1012,AVGO,2026-11-20,call,350.0,85.5,100.95,103.5,0.5274095111083985,1,623
2026-05-02,US11135F1012,AVGO,2026-11-20,call,360.0,97.0,94.2,96.95,0.520665193786621,26,1245
2026-05-02,US11135F1012,AVGO,2026-11-20,call,370.0,83.8,88.3,90.6,0.5167284655761719,2,626
2026-05-02,US11135F1012,AVGO,2026-11-20,call,380.0,78.6,82.55,84.9,0.5141650146484374,1,193
2026-05-02,US11135F1012,AVGO,2026-11-20,call,390.0,79.26,76.95,79.0,0.509190699157715,9,590
2026-05-02,US11135F1012,AVGO,2026-11-20,call,400.0,73.0,71.45,73.75,0.5053455227661132,10,428
2026-05-02,US11135F1012,AVGO,2026-11-20,call,410.0,67.48,66.75,68.65,0.5034229345703125,10,498
2026-05-02,US11135F1012,AVGO,2026-11-20,call,420.0,64.2,62.75,64.2,0.504964056854248,14,389
2026-05-02,US11135F1012,AVGO,2026-11-20,call,430.0,58.75,57.8,59.7,0.5004322418212892,12,714
2026-05-02,US11135F1012,AVGO,2026-11-20,call,440.0,54.85,53.65,55.6,0.5066425068664551,23,289
2026-05-02,US11135F1012,AVGO,2026-11-20,call,450.0,51.5,49.75,51.7,0.5049945741271973,19,339
2026-05-02,US11135F1012,AVGO,2026-11-20,call,460.0,47.1,45.95,47.75,0.5011951736450196,7,283
2026-05-02,US11135F1012,AVGO,2026-11-20,call,470.0,44.35,42.45,45.2,0.5068866450500489,5,245
2026-05-02,US11135F1012,AVGO,2026-11-20,call,480.0,41.55,39.55,41.05,0.49811292907714844,4,274
2026-05-02,US11135F1012,AVGO,2026-11-20,call,490.0,37.95,37.25,38.05,0.4969685313415528,4,349
2026-05-02,US11135F1012,AVGO,2026-11-20,call,500.0,35.45,33.7,35.8,0.5004932763671875,13,622
2026-05-02,US11135F1012,AVGO,2026-11-20,call,520.0,30.45,29.7,30.3,0.49493913269042966,33,125
2026-05-02,US11135F1012,AVGO,2026-11-20,call,540.0,26.1,25.4,26.05,0.49451189086914066,5,101
2026-05-02,US11135F1012,AVGO,2026-11-20,call,560.0,22.27,21.45,22.45,0.49493913269042966,22,301
2026-05-02,US11135F1012,AVGO,2026-11-20,call,580.0,19.1,18.3,19.2,0.4940236145019532,1,347
2026-05-02,US11135F1012,AVGO,2026-11-20,call,600.0,12.86,15.7,16.7,0.4964192204284668,1,33
2026-05-02,US11135F1012,AVGO,2026-11-20,put,155.0,1.07,0.98,1.34,0.6803010485839844,1,134
2026-05-02,US11135F1012,AVGO,2026-11-20,put,160.0,1.15,1.12,1.42,0.6701693139648439,10,92
2026-05-02,US11135F1012,AVGO,2026-11-20,put,165.0,1.53,1.22,1.54,0.6596713720703126,100,148
2026-05-02,US11135F1012,AVGO,2026-11-20,put,170.0,1.8,1.39,1.66,0.6513706738281251,5,297
2026-05-02,US11135F1012,AVGO,2026-11-20,put,175.0,2.0,1.48,1.8,0.6405065246582031,1,494
2026-05-02,US11135F1012,AVGO,2026-11-20,put,180.0,3.3,1.45,1.97,0.6264685791015626,1,94
2026-05-02,US11135F1012,AVGO,2026-11-20,put,185.0,2.41,1.82,2.12,0.6242713354492189,1,87
2026-05-02,US11135F1012,AVGO,2026-11-20,put,190.0,2.11,1.8,2.28,0.6101113208007813,1,31
2026-05-02,US11135F1012,AVGO,2026-11-20,put,195.0,2.24,2.18,2.51,0.6084023535156251,2,364
2026-05-02,US11135F1012,AVGO,2026-11-20,put,200.0,2.48,2.38,2.7,0.6001016552734376,1,315
2026-05-02,US11135F1012,AVGO,2026-11-20,put,210.0,3.62,2.85,3.05,0.5832561206054687,20,849
2026-05-02,US11135F1012,AVGO,2026-11-20,put,220.0,3.95,3.3,3.6,0.56836369140625,4,438
2026-05-02,US11135F1012,AVGO,2026-11-20,put,230.0,4.27,3.95,4.4,0.5590254058837891,2,1963
2026-05-02,US11135F1012,AVGO,2026-11-20,put,240.0,5.1,4.75,5.0,0.5462081512451173,232,1427
2026-05-02,US11135F1012,AVGO,2026-11-20,put,250.0,5.72,5.55,5.9,0.5352219329833985,1,1049
2026-05-02,US11135F1012,AVGO,2026-11-20,put,260.0,8.3,6.55,6.95,0.5259751992797851,2,1950
2026-05-02,US11135F1012,AVGO,2026-11-20,put,270.0,7.88,7.75,8.2,0.5182543292236328,9,556
2026-05-02,US11135F1012,AVGO,2026-11-20,put,280.0,9.24,9.1,9.65,0.5109912182617188,2,751
2026-05-02,US11135F1012,AVGO,2026-11-20,put,290.0,11.46,10.65,11.1,0.5027210372924805,4,719
2026-05-02,US11135F1012,AVGO,2026-11-20,put,300.0,12.53,12.4,12.9,0.4997608618164063,21,3279
2026-05-02,US11135F1012,AVGO,2026-11-20,put,310.0,14.51,14.4,15.1,0.496022495880127,291,517
2026-05-02,US11135F1012,AVGO,2026-11-20,put,320.0,16.85,16.6,17.3,0.489384989013672,5,2900
2026-05-02,US11135F1012,AVGO,2026-11-20,put,330.0,19.25,19.15,19.65,0.48207610214233404,89,1667
2026-05-02,US11135F1012,AVGO,2026-11-20,put,340.0,21.9,21.85,22.7,0.48007722076416015,5,440
2026-05-02,US11135F1012,AVGO,2026-11-20,put,350.0,25.1,24.85,26.0,0.4778036839294434,2,946
2026-05-02,US11135F1012,AVGO,2026-11-20,put,360.0,28.15,28.2,28.95,0.4694572097778321,6,1116
2026-05-02,US11135F1012,AVGO,2026-11-20,put,370.0,31.95,31.9,32.85,0.4678703115844727,7,81
2026-05-02,US11135F1012,AVGO,2026-11-20,put,380.0,35.9,35.85,36.8,0.46414720428466794,298,734
2026-05-02,US11135F1012,AVGO,2026-11-20,put,390.0,40.15,40.05,41.3,0.46285022018432626,2,381
2026-05-02,US11135F1012,AVGO,2026-11-20,put,400.0,44.6,44.6,45.8,0.4591271128845215,24,226
2026-05-02,US11135F1012,AVGO,2026-11-20,put,410.0,49.4,49.45,50.8,0.4572960765075684,189,376
2026-05-02,US11135F1012,AVGO,2026-11-20,put,420.0,55.3,54.55,55.85,0.4536340037536621,15,33
2026-05-02,US11135F1012,AVGO,2026-11-20,put,430.0,60.25,60.0,61.4,0.4518487432861329,14,28
2026-05-02,US11135F1012,AVGO,2026-11-20,put,440.0,66.05,65.7,67.15,0.44954468917846674,7,75
2026-05-02,US11135F1012,AVGO,2026-11-20,put,450.0,71.9,70.95,73.2,0.4475915837097168,6,3
2026-05-02,US11135F1012,AVGO,2026-11-20,put,460.0,80.2,77.7,79.95,0.4492395164489746,1,48
2026-05-02,US11135F1012,AVGO,2026-11-20,put,470.0,145.99,92.8,95.5,0.5089465609741212,1,35
2026-05-02,US11135F1012,AVGO,2026-11-20,put,480.0,121.94,91.1,93.05,0.4436548554992676,4,16
2026-05-02,US11135F1012,AVGO,2026-11-20,put,490.0,103.45,97.2,100.35,0.4442652009582519,30,83
2026-05-02,US11135F1012,AVGO,2026-11-20,put,500.0,103.85,104.6,107.55,0.44232735412597657,30,51
2026-05-02,US11135F1012,AVGO,2026-11-20,put,520.0,132.25,119.65,122.65,0.4394129545593262,2,0
2026-05-02,US11135F1012,AVGO,2026-11-20,put,540.0,136.88,135.0,138.45,0.4363459686279296,2,2
2026-05-02,US11135F1012,AVGO,2026-11-20,put,580.0,174.7,168.9,171.85,0.42983053085327155,,1
2026-05-02,US11135F1012,AVGO,2026-12-18,call,66.0,357.35,354.05,357.4,1.007329182128906,1,163
2026-05-02,US11135F1012,AVGO,2026-12-18,call,68.0,279.49,352.05,355.2,0.9589847851562499,2,19
2026-05-02,US11135F1012,AVGO,2026-12-18,call,70.0,244.9,0.0,0.0,1.0000000000000003e-05,1,0
2026-05-02,US11135F1012,AVGO,2026-12-18,call,72.0,243.05,0.0,0.0,1.0000000000000003e-05,1,0
2026-05-02,US11135F1012,AVGO,2026-12-18,call,74.0,241.35,0.0,0.0,1.0000000000000003e-05,1,0
2026-05-02,US11135F1012,AVGO,2026-12-18,call,75.0,244.65,330.2,334.5,1.0000000000000003e-05,14,39
2026-05-02,US11135F1012,AVGO,2026-12-18,call,76.0,305.16,344.3,348.2,1.0390673046875003,3,52
2026-05-02,US11135F1012,AVGO,2026-12-18,call,78.0,272.18,252.7,256.55,1.0000000000000003e-05,10,29
2026-05-02,US11135F1012,AVGO,2026-12-18,call,80.0,318.63,340.45,344.2,1.01953615234375,1,167
2026-05-02,US11135F1012,AVGO,2026-12-18,call,82.0,299.25,338.5,341.5,0.9501958105468749,1,20
2026-05-02,US11135F1012,AVGO,2026-12-18,call,84.0,237.95,336.55,339.6,0.9497075341796875,1,108
2026-05-02,US11135F1012,AVGO,2026-12-18,call,85.0,230.85,0.0,0.0,1.0000000000000003e-05,1,0
2026-05-02,US11135F1012,AVGO,2026-12-18,call,86.0,266.85,334.6,338.5,1.0063526245117185,14,28
2026-05-02,US11135F1012,AVGO,2026-12-18,call,88.0,265.3,298.75,302.5,1.0000000000000003e-05,6,21
2026-05-02,US11135F1012,AVGO,2026-12-18,call,90.0,333.0,330.75,333.7,0.9335944140625,1,472
2026-05-02,US11135F1012,AVGO,2026-12-18,call,92.0,332.2,328.8,332.35,0.9672854833984376,1,27
2026-05-02,US11135F1012,AVGO,2026-12-18,call,94.0,289.2,251.05,254.4,1.0000000000000003e-05,2,12
2026-05-02,US11135F1012,AVGO,2026-12-18,call,95.0,258.48,236.55,241.0,1.0000000000000003e-05,5,149
2026-05-02,US11135F1012,AVGO,2026-12-18,call,96.0,275.0,248.9,252.55,1.0000000000000003e-05,10,469
2026-05-02,US11135F1012,AVGO,2026-12-18,call,98.0,253.28,254.5,258.0,1.0000000000000003e-05,56,299
2026-05-02,US11135F1012,AVGO,2026-12-18,call,100.0,319.98,321.05,324.2,0.9211433666992188,4,607
2026-05-02,US11135F1012,AVGO,2026-12-18,call,102.0,232.0,221.05,224.55,1.0000000000000003e-05,1,38
2026-05-02,US11135F1012,AVGO,2026-12-18,call,104.0,212.9,0.0,0.0,1.0000000000000003e-05,1,0
2026-05-02,US11135F1012,AVGO,2026-12-18,call,105.0,209.82,301.85,305.45,1.0000000000000003e-05,2,5
2026-05-02,US11135F1012,AVGO,2026-12-18,call,106.0,220.25,300.9,304.6,1.0000000000000003e-05,1,9
2026-05-02,US11135F1012,AVGO,2026-12-18,call,108.0,290.8,313.35,316.45,0.9011240356445311,1,23
2026-05-02,US11135F1012,AVGO,2026-12-18,call,110.0,216.5,297.15,300.7,1.0000000000000003e-05,1,123
2026-05-02,US11135F1012,AVGO,2026-12-18,call,112.0,234.25,221.05,224.95,1.0000000000000003e-05,17,45
2026-05-02,US11135F1012,AVGO,2026-12-18,call,114.0,78.45,124.8,126.75,1.0000000000000003e-05,1,13
2026-05-02,US11135F1012,AVGO,2026-12-18,call,115.0,261.77,306.6,310.0,0.8953867883300779,1,20
2026-05-02,US11135F1012,AVGO,2026-12-18,call,116.0,71.27,76.65,78.15,1.0000000000000003e-05,10,10
2026-05-02,US11135F1012,AVGO,2026-12-18,call,118.0,209.0,289.4,293.05,1.0000000000000003e-05,1,34
2026-05-02,US11135F1012,AVGO,2026-12-18,call,120.0,251.6,301.65,305.2,0.87695435546875,20,252
2026-05-02,US11135F1012,AVGO,2026-12-18,call,122.0,226.05,231.5,236.5,1.0000000000000003e-05,2,10
2026-05-02,US11135F1012,AVGO,2026-12-18,call,124.0,233.9,297.95,301.2,0.866090206298828,4,7
2026-05-02,US11135F1012,AVGO,2026-12-18,call,125.0,232.7,297.0,300.25,0.8642591699218749,100,56
2026-05-02,US11135F1012,AVGO,2026-12-18,call,126.0,291.71,296.0,299.5,0.8673108972167969,1,16
2026-05-02,US11135F1012,AVGO,2026-12-18,call,128.0,220.75,226.0,231.0,1.0000000000000003e-05,1,29
2026-05-02,US11135F1012,AVGO,2026-12-18,call,130.0,290.97,292.15,295.95,0.8652357226562499,1,112
2026-05-02,US11135F1012,AVGO,2026-12-18,call,132.0,112.59,128.3,130.25,1.0000000000000003e-05,1,53
2026-05-02,US11135F1012,AVGO,2026-12-18,call,134.0,295.4,288.15,291.65,0.8352067260742186,1,236
2026-05-02,US11135F1012,AVGO,2026-12-18,call,135.0,205.55,0.0,0.0,1.0000000000000003e-05,1,0
2026-05-02,US11135F1012,AVGO,2026-12-18,call,136.0,248.6,286.4,289.95,0.8415543188476562,1,16
2026-05-02,US11135F1012,AVGO,2026-12-18,call,138.0,263.6,284.5,287.85,0.8314225842285154,1,249
2026-05-02,US11135F1012,AVGO,2026-12-18,call,140.0,285.07,282.65,285.6,0.8186053295898437,1,173
2026-05-02,US11135F1012,AVGO,2026-12-18,call,142.0,170.35,280.7,283.95,0.8199480895996092,2,168
2026-05-02,US11135F1012,AVGO,2026-12-18,call,144.0,214.22,192.6,195.4,1.0000000000000003e-05,2,89
2026-05-02,US11135F1012,AVGO,2026-12-18,call,145.0,196.55,0.0,0.0,1.0000000000000003e-05,1,0
2026-05-02,US11135F1012,AVGO,2026-12-18,call,146.0,190.67,0.0,0.0,1.0000000000000003e-05,10,0
2026-05-02,US11135F1012,AVGO,2026-12-18,call,148.0,170.45,274.95,278.35,0.8078632495117187,3,39
2026-05-02,US11135F1012,AVGO,2026-12-18,call,150.0,272.91,272.95,276.35,0.7983418603515625,1,364
2026-05-02,US11135F1012,AVGO,2026-12-18,call,152.0,247.5,270.95,275.1,0.8067646276855469,1,289
2026-05-02,US11135F1012,AVGO,2026-12-18,call,154.0,207.0,269.3,272.55,0.7927266821289063,4,112
2026-05-02,US11135F1012,AVGO,2026-12-18,call,155.0,275.0,268.35,271.6,0.7904073693847657,4,101
2026-05-02,US11135F1012,AVGO,2026-12-18,call,156.0,241.97,267.35,271.15,0.7980977221679688,1,48
2026-05-02,US11135F1012,AVGO,2026-12-18,call,158.0,166.53,0.0,0.0,1.0000000000000003e-05,100,0
2026-05-02,US11135F1012,AVGO,2026-12-18,call,160.0,271.85,263.45,266.9,0.7764304583740236,1,400
2026-05-02,US11135F1012,AVGO,2026-12-18,call,162.0,232.35,261.65,265.1,0.775942182006836,1,89
2026-05-02,US11135F1012,AVGO,2026-12-18,call,164.0,157.1,165.25,168.65,1.0000000000000003e-05,2,110
2026-05-02,US11135F1012,AVGO,2026-12-18,call,165.0,252.9,258.7,262.15,0.7645897564697266,1,223
2026-05-02,US11135F1012,AVGO,2026-12-18,call,166.0,188.6,257.75,261.25,0.7631859619140625,1,242
2026-05-02,US11135F1012,AVGO,2026-12-18,call,168.0,165.0,242.3,245.7,1.0000000000000003e-05,2,129
2026-05-02,US11135F1012,AVGO,2026-12-18,call,170.0,256.6,254.1,257.55,0.7584252673339844,1,698
2026-05-02,US11135F1012,AVGO,2026-12-18,call,172.0,177.65,238.55,242.0,1.0000000000000003e-05,2,282
2026-05-02,US11135F1012,AVGO,2026-12-18,call,174.0,155.0,250.4,253.4,0.7438990454101562,5,95
2026-05-02,US11135F1012,AVGO,2026-12-18,call,175.0,220.35,249.45,252.75,0.7469507727050781,1,132
2026-05-02,US11135F1012,AVGO,2026-12-18,call,176.0,86.9,112.5,115.25,1.0000000000000003e-05,5,320
2026-05-02,US11135F1012,AVGO,2026-12-18,call,178.0,241.5,246.65,249.4,0.7314479980468749,1,334
2026-05-02,US11135F1012,AVGO,2026-12-18,call,180.0,247.1,244.6,247.5,0.7240017834472656,25,624
2026-05-02,US11135F1012,AVGO,2026-12-18,call,182.0,197.0,242.9,245.65,0.723513507080078,1,277
2026-05-02,US11135F1012,AVGO,2026-12-18,call,184.0,93.21,122.8,123.55,1.0000000000000003e-05,1,560
2026-05-02,US11135F1012,AVGO,2026-12-18,call,185.0,144.8,226.55,229.6,1.0000000000000003e-05,2,224
2026-05-02,US11135F1012,AVGO,2026-12-18,call,186.0,218.78,239.15,242.5,0.7251614398193358,1,68
2026-05-02,US11135F1012,AVGO,2026-12-18,call,188.0,148.0,237.3,240.7,0.7224148852539063,2,125
2026-05-02,US11135F1012,AVGO,2026-12-18,call,190.0,139.92,221.95,224.95,1.0000000000000003e-05,10,312
2026-05-02,US11135F1012,AVGO,2026-12-18,call,192.0,140.3,142.35,144.6,1.0000000000000003e-05,1,224
2026-05-02,US11135F1012,AVGO,2026-12-18,call,194.0,239.43,232.05,235.4,0.7194241925048828,1,412
2026-05-02,US11135F1012,AVGO,2026-12-18,call,195.0,188.05,230.8,234.1,0.7074003869628906,2,75
2026-05-02,US11135F1012,AVGO,2026-12-18,call,196.0,187.28,229.85,233.25,0.7062407305908205,2,42
2026-05-02,US11135F1012,AVGO,2026-12-18,call,198.0,160.95,157.5,160.95,1.0000000000000003e-05,10,120
2026-05-02,US11135F1012,AVGO,2026-12-18,call,200.0,205.15,226.0,229.6,0.6972991696166994,34,1071
2026-05-02,US11135F1012,AVGO,2026-12-18,call,205.0,223.96,221.55,224.25,0.6803315658569337,1,149
2026-05-02,US11135F1012,AVGO,2026-12-18,call,210.0,218.24,216.8,220.3,0.677859666748047,10,639
2026-05-02,US11135F1012,AVGO,2026-12-18,call,215.0,191.0,212.4,215.75,0.671451039428711,1,337
2026-05-02,US11135F1012,AVGO,2026-12-18,call,220.0,192.75,207.75,211.2,0.661685512084961,2,348
2026-05-02,US11135F1012,AVGO,2026-12-18,call,225.0,205.01,203.3,207.0,0.6577793011474609,2,2423
2026-05-02,US11135F1012,AVGO,2026-12-18,call,230.0,202.0,198.9,201.85,0.6438023901367188,11,238
2026-05-02,US11135F1012,AVGO,2026-12-18,call,235.0,193.6,194.45,197.55,0.6380041082763672,1,432
2026-05-02,US11135F1012,AVGO,2026-12-18,call,240.0,193.35,189.95,193.4,0.6327246200561524,1,832
2026-05-02,US11135F1012,AVGO,2026-12-18,call,245.0,188.95,185.6,188.75,0.6237220245361328,2,349
2026-05-02,US11135F1012,AVGO,2026-12-18,call,250.0,184.2,181.3,184.0,0.6140480490112306,1,464
2026-05-02,US11135F1012,AVGO,2026-12-18,call,255.0,174.67,176.95,180.35,0.6131325308227541,1,1211
2026-05-02,US11135F1012,AVGO,2026-12-18,call,260.0,156.0,172.6,176.1,0.6065407998657227,2,547
2026-05-02,US11135F1012,AVGO,2026-12-18,call,265.0,166.54,168.4,171.95,0.6015359671020509,1,328
2026-05-02,US11135F1012,AVGO,2026-12-18,call,270.0,166.0,164.25,167.0,0.5903971624755859,2,384
2026-05-02,US11135F1012,AVGO,2026-12-18,call,275.0,158.28,160.2,163.6,0.5911906115722658,11,598
2026-05-02,US11135F1012,AVGO,2026-12-18,call,280.0,159.0,156.05,158.8,0.5806621524047851,6,303
2026-05-02,US11135F1012,AVGO,2026-12-18,call,290.0,148.9,148.05,150.75,0.5714001600646974,4,341
2026-05-02,US11135F1012,AVGO,2026-12-18,call,300.0,143.74,140.1,143.5,0.5654950677490236,1,1354
2026-05-02,US11135F1012,AVGO,2026-12-18,call,310.0,134.37,132.5,135.95,0.5577436804199221,1,2431
2026-05-02,US11135F1012,AVGO,2026-12-18,call,320.0,126.1,125.3,128.05,0.548405394897461,17,1223
2026-05-02,US11135F1012,AVGO,2026-12-18,call,330.0,120.81,118.35,121.5,0.5455520298767089,13,1535
2026-05-02,US11135F1012,AVGO,2026-12-18,call,340.0,113.29,112.0,114.0,0.5387619366455079,1,899
2026-05-02,US11135F1012,AVGO,2026-12-18,call,350.0,107.42,105.0,108.4,0.5359543475341797,13,1349
2026-05-02,US11135F1012,AVGO,2026-12-18,call,360.0,101.0,98.65,101.1,0.5263871824645996,8,1553
2026-05-02,US11135F1012,AVGO,2026-12-18,call,370.0,90.37,92.9,95.5,0.5251512329101562,7,1588
2026-05-02,US11135F1012,AVGO,2026-12-18,call,380.0,90.0,86.9,89.55,0.5193682096862793,5,1060
2026-05-02,US11135F1012,AVGO,2026-12-18,call,390.0,83.72,81.5,84.0,0.515904499206543,16,730
2026-05-02,US11135F1012,AVGO,2026-12-18,call,400.0,77.85,76.8,78.8,0.5147753601074219,27,3138
2026-05-02,US11135F1012,AVGO,2026-12-18,call,410.0,73.7,71.5,73.7,0.5098773377990724,41,737
2026-05-02,US11135F1012,AVGO,2026-12-18,call,420.0,68.59,67.7,69.05,0.5107775973510743,24,2854
2026-05-02,US11135F1012,AVGO,2026-12-18,call,430.0,64.7,63.0,64.5,0.5068866450500489,11,586
2026-05-02,US11135F1012,AVGO,2026-12-18,call,440.0,60.52,58.85,60.35,0.504964056854248,9,714
2026-05-02,US11135F1012,AVGO,2026-12-18,call,450.0,56.4,55.0,56.45,0.5035144863891602,22,1809
2026-05-02,US11135F1012,AVGO,2026-12-18,call,460.0,52.81,51.3,52.8,0.502003881378174,573,650
2026-05-02,US11135F1012,AVGO,2026-12-18,call,470.0,49.5,47.85,49.35,0.5006916386413574,3,695
2026-05-02,US11135F1012,AVGO,2026-12-18,call,480.0,45.5,44.75,46.0,0.5043537113952636,5,853
2026-05-02,US11135F1012,AVGO,2026-12-18,call,490.0,42.63,41.65,43.05,0.5040180213928223,2,587
2026-05-02,US11135F1012,AVGO,2026-12-18,call,500.0,40.16,38.9,40.05,0.5019733641052246,27,1468
2026-05-02,US11135F1012,AVGO,2026-12-18,call,510.0,36.55,36.2,37.7,0.5036670727539063,2,412
2026-05-02,US11135F1012,AVGO,2026-12-18,call,520.0,34.42,33.9,35.0,0.5014240531921388,56,466
2026-05-02,US11135F1012,AVGO,2026-12-18,call,530.0,32.85,31.5,33.25,0.5055438850402831,2,834
2026-05-02,US11135F1012,AVGO,2026-12-18,call,540.0,30.74,29.35,30.85,0.503361900024414,21,589
2026-05-02,US11135F1012,AVGO,2026-12-18,call,560.0,26.85,25.55,27.0,0.5035144863891602,62,627
2026-05-02,US11135F1012,AVGO,2026-12-18,call,570.0,25.16,24.05,25.35,0.5044147459411621,83,234
2026-05-02,US11135F1012,AVGO,2026-12-18,call,580.0,23.14,22.7,23.45,0.50215646774292,1,234
2026-05-02,US11135F1012,AVGO,2026-12-18,call,590.0,19.35,20.5,21.9,0.5020191400146485,20,281
2026-05-02,US11135F1012,AVGO,2026-12-18,call,600.0,20.1,19.4,20.4,0.5014087945556642,3,1528
2026-05-02,US11135F1012,AVGO,2026-12-18,call,640.0,15.25,14.7,15.95,0.5058948336791992,7,55
2026-05-02,US11135F1012,AVGO,2026-12-18,call,660.0,1101.2,1066.0,1086.0,0.0,15,5
2026-05-02,US11135F1012,AVGO,2026-12-18,call,700.0,1057.0,1034.0,1052.0,0.0,1,3
2026-05-02,US11135F1012,AVGO,2026-12-18,call,720.0,740.92,1022.0,1042.0,0.0,1,1
2026-05-02,US11135F1012,AVGO,2026-12-18,call,740.0,1055.8,1000.0,1020.0,0.0,1,2
2026-05-02,US11135F1012,AVGO,2026-12-18,call,760.0,915.33,984.0,1002.0,0.0,2,2
2026-05-02,US11135F1012,AVGO,2026-12-18,call,780.0,1018.0,968.0,988.0,0.0,1,1
2026-05-02,US11135F1012,AVGO,2026-12-18,call,800.0,1002.0,952.0,970.0,0.0,1,16
2026-05-02,US11135F1012,AVGO,2026-12-18,call,840.0,650.63,928.0,946.0,0.0,10,8
2026-05-02,US11135F1012,AVGO,2026-12-18,call,900.0,938.0,876.0,894.0,0.0,1,3
2026-05-02,US11135F1012,AVGO,2026-12-18,call,920.0,860.0,860.0,878.0,0.0,1,2
2026-05-02,US11135F1012,AVGO,2026-12-18,call,940.0,832.48,846.0,864.0,0.0,1,1
2026-05-02,US11135F1012,AVGO,2026-12-18,call,980.0,920.05,816.0,834.0,0.0,,2
2026-05-02,US11135F1012,AVGO,2026-12-18,call,1000.0,813.87,802.0,820.0,0.0,1,12
2026-05-02,US11135F1012,AVGO,2026-12-18,call,1040.0,838.02,774.0,792.0,0.0,3,0
2026-05-02,US11135F1012,AVGO,2026-12-18,call,1060.0,678.33,760.0,778.0,0.0,1,1
2026-05-02,US11135F1012,AVGO,2026-12-18,call,1080.0,648.5,746.0,766.0,0.0,,0
2026-05-02,US11135F1012,AVGO,2026-12-18,call,1100.0,795.28,734.0,752.0,0.0,3,16
2026-05-02,US11135F1012,AVGO,2026-12-18,call,1140.0,718.0,706.0,726.0,0.0,,1
2026-05-02,US11135F1012,AVGO,2026-12-18,call,1160.0,667.0,694.0,714.0,0.0,,1
2026-05-02,US11135F1012,AVGO,2026-12-18,call,1200.0,608.0,668.0,688.0,0.0,4,3
2026-05-02,US11135F1012,AVGO,2026-12-18,call,1280.0,436.49,630.0,648.0,0.0,1,1
2026-05-02,US11135F1012,AVGO,2026-12-18,call,1300.0,626.6,610.0,627.6,0.0,1,8
2026-05-02,US11135F1012,AVGO,2026-12-18,call,1320.0,335.0,0.0,0.0,0.2500075,1,1
2026-05-02,US11135F1012,AVGO,2026-12-18,call,1340.0,595.0,586.0,606.0,0.0,1,23
2026-05-02,US11135F1012,AVGO,2026-12-18,call,1360.0,333.0,590.0,610.0,0.0,,1
2026-05-02,US11135F1012,AVGO,2026-12-18,call,1380.0,579.0,564.0,581.6,0.0,1,4
2026-05-02,US11135F1012,AVGO,2026-12-18,call,1400.0,565.0,554.0,574.0,0.0,2,11
2026-05-02,US11135F1012,AVGO,2026-12-18,call,1420.0,575.0,544.0,561.8,0.0,2,13
2026-05-02,US11135F1012,AVGO,2026-12-18,call,1440.0,562.0,534.0,551.8,0.0,1,4
2026-05-02,US11135F1012,AVGO,2026-12-18,call,1460.0,458.82,524.0,542.0,0.0,3,3
2026-05-02,US11135F1012,AVGO,2026-12-18,call,1480.0,518.11,514.0,532.0,0.0,2,2
2026-05-02,US11135F1012,AVGO,2026-12-18,call,1500.0,538.95,504.0,521.9,0.0,1,17
2026-05-02,US11135F1012,AVGO,2026-12-18,call,1540.0,475.55,484.0,501.6,0.0,5,8
2026-05-02,US11135F1012,AVGO,2026-12-18,call,1560.0,501.25,474.2,491.4,0.0,2,1
2026-05-02,US11135F1012,AVGO,2026-12-18,call,1580.0,494.5,466.1,483.6,0.0,2,22
2026-05-02,US11135F1012,AVGO,2026-12-18,call,1600.0,465.0,456.0,473.8,0.0,3,30
2026-05-02,US11135F1012,AVGO,2026-12-18,call,1620.0,475.1,448.2,465.4,0.0,2,4
2026-05-02,US11135F1012,AVGO,2026-12-18,call,1640.0,460.0,440.1,455.8,0.0,1,5
2026-05-02,US11135F1012,AVGO,2026-12-18,call,1660.0,462.03,430.0,447.4,0.0,3,18
2026-05-02,US11135F1012,AVGO,2026-12-18,call,1680.0,453.13,422.0,439.8,0.0,4,11
2026-05-02,US11135F1012,AVGO,2026-12-18,call,1700.0,425.0,414.1,431.1,0.0,5,92
2026-05-02,US11135F1012,AVGO,2026-12-18,call,1720.0,433.1,406.2,423.2,6.672120800476074,1,27
2026-05-02,US11135F1012,AVGO,2026-12-18,call,1740.0,441.0,398.0,416.0,5.985232010650635,3,10
2026-05-02,US11135F1012,AVGO,2026-12-18,call,1760.0,404.0,390.0,408.0,5.561892696075439,6,18
2026-05-02,US11135F1012,AVGO,2026-12-18,call,1780.0,400.0,384.1,402.0,5.3278841995239254,11,25
2026-05-02,US11135F1012,AVGO,2026-12-18,call,1800.0,400.0,376.0,394.0,5.069888916549683,1,58
2026-05-02,US11135F1012,AVGO,2026-12-18,call,1820.0,388.49,370.1,386.0,4.884708483963012,12,21
2026-05-02,US11135F1012,AVGO,2026-12-18,call,1840.0,387.0,362.0,379.7,4.71765547012329,2,57
2026-05-02,US11135F1012,AVGO,2026-12-18,call,1860.0,379.6,356.0,371.3,4.569645401229859,2,5
2026-05-02,US11135F1012,AVGO,2026-12-18,call,1880.0,367.49,348.1,364.5,4.433537172927856,3,17
2026-05-02,US11135F1012,AVGO,2026-12-18,call,1900.0,360.8,342.0,357.8,4.325749221725463,1,21
2026-05-02,US11135F1012,AVGO,2026-12-18,call,1920.0,282.21,334.0,350.8,4.208195657730101,1,2
2026-05-02,US11135F1012,AVGO,2026-12-18,call,1940.0,371.12,328.0,345.9,4.1297655799865725,1,6
2026-05-02,US11135F1012,AVGO,2026-12-18,call,1960.0,368.0,322.0,340.0,4.04825323070526,1,4
2026-05-02,US11135F1012,AVGO,2026-12-18,call,1980.0,368.0,316.0,332.3,3.9588318900299075,3,9
2026-05-02,US11135F1012,AVGO,2026-12-18,call,2000.0,335.1,310.1,326.0,3.8838503880310054,2,67
2026-05-02,US11135F1012,AVGO,2026-12-18,call,2050.0,345.3,296.0,311.3,3.720398648223877,3,6
2026-05-02,US11135F1012,AVGO,2026-12-18,call,2100.0,330.0,282.0,299.9,3.58999736289978,1,89
2026-05-02,US11135F1012,AVGO,2026-12-18,call,2200.0,276.01,256.0,274.0,3.3497635884857173,2,28
2026-05-02,US11135F1012,AVGO,2026-12-18,call,2250.0,220.3,244.0,261.9,3.2484607411575315,2,2
2026-05-02,US11135F1012,AVGO,2026-12-18,call,2300.0,260.71,234.0,249.9,3.1610891334152225,2,8
2026-05-02,US11135F1012,AVGO,2026-12-18,call,2350.0,267.0,222.0,239.9,3.076952380867004,5,7
2026-05-02,US11135F1012,AVGO,2026-12-18,call,2400.0,247.8,212.0,229.9,3.003908740234375,1,4
2026-05-02,US11135F1012,AVGO,2026-12-18,call,2450.0,307.25,202.1,217.4,2.923006842880249,,3
2026-05-02,US11135F1012,AVGO,2026-12-18,call,2500.0,209.3,194.0,208.1,2.8640470293426517,1,31
2026-05-02,US11135F1012,AVGO,2026-12-18,call,2550.0,201.76,185.0,199.9,2.806826713409424,1,2
2026-05-02,US11135F1012,AVGO,2026-12-18,call,2600.0,160.75,177.0,192.0,2.7554352403259283,,0
2026-05-02,US11135F1012,AVGO,2026-12-18,call,2650.0,180.0,169.0,184.0,2.7041658372497555,1,0
2026-05-02,US11135F1012,AVGO,2026-12-18,call,2700.0,181.75,161.0,176.0,2.653293161697388,2,5
2026-05-02,US11135F1012,AVGO,2026-12-18,call,2750.0,191.1,154.0,169.0,2.6102482253646855,1,28
2026-05-02,US11135F1012,AVGO,2026-12-18,put,66.0,0.06,0.0,0.2,0.850587431640625,102,937
2026-05-02,US11135F1012,AVGO,2026-12-18,put,68.0,0.15,0.0,0.57,0.938477177734375,2,214
2026-05-02,US11135F1012,AVGO,2026-12-18,put,70.0,0.14,0.01,0.3,0.86132951171875,1,968
2026-05-02,US11135F1012,AVGO,2026-12-18,put,72.0,0.18,0.05,0.47,0.8994150683593749,2,179
2026-05-02,US11135F1012,AVGO,2026-12-18,put,74.0,0.15,0.0,0.48,0.87695435546875,6,97
2026-05-02,US11135F1012,AVGO,2026-12-18,put,75.0,0.3,0.0,0.48,0.870118486328125,1,45
2026-05-02,US11135F1012,AVGO,2026-12-18,put,76.0,0.47,0.05,0.59,0.893555751953125,4,54
2026-05-02,US11135F1012,AVGO,2026-12-18,put,78.0,0.15,0.0,0.51,0.8564467480468749,2,115
2026-05-02,US11135F1012,AVGO,2026-12-18,put,80.0,0.18,0.01,0.5,0.8437515624999999,1,222
2026-05-02,US11135F1012,AVGO,2026-12-18,put,82.0,0.37,0.0,0.0,0.500005,9,0
2026-05-02,US11135F1012,AVGO,2026-12-18,put,84.0,0.4,0.01,0.54,0.8266618896484373,8,61
2026-05-02,US11135F1012,AVGO,2026-12-18,put,85.0,0.25,0.01,0.55,0.82226740234375,1,1567
2026-05-02,US11135F1012,AVGO,2026-12-18,put,86.0,0.54,0.21,0.77,0.875977802734375,1,62
2026-05-02,US11135F1012,AVGO,2026-12-18,put,88.0,0.25,0.01,0.54,0.8032246240234374,11,121
2026-05-02,US11135F1012,AVGO,2026-12-18,put,90.0,0.33,0.01,0.56,0.7954122021484374,9,1264
2026-05-02,US11135F1012,AVGO,2026-12-18,put,92.0,0.51,0.03,0.58,0.7905294384765625,10,641
2026-05-02,US11135F1012,AVGO,2026-12-18,put,94.0,0.65,0.05,0.62,0.7885763330078125,6,132
2026-05-02,US11135F1012,AVGO,2026-12-18,put,95.0,0.29,0.05,0.62,0.7832052929687501,27,946
2026-05-02,US11135F1012,AVGO,2026-12-18,put,96.0,0.27,0.06,0.64,0.782228740234375,2,116
2026-05-02,US11135F1012,AVGO,2026-12-18,put,98.0,0.77,0.08,0.62,0.77148666015625,34,100
2026-05-02,US11135F1012,AVGO,2026-12-18,put,100.0,0.54,0.1,0.65,0.7675804492187501,1,1505
2026-05-02,US11135F1012,AVGO,2026-12-18,put,102.0,0.5,0.01,0.65,0.745119736328125,1,192
2026-05-02,US11135F1012,AVGO,2026-12-18,put,104.0,0.67,0.14,0.68,0.75586181640625,2,150
2026-05-02,US11135F1012,AVGO,2026-12-18,put,105.0,0.9,0.01,0.85,0.7553735400390625,1,251
2026-05-02,US11135F1012,AVGO,2026-12-18,put,106.0,0.87,0.0,0.0,0.2500075,3,0
2026-05-02,US11135F1012,AVGO,2026-12-18,put,108.0,0.56,0.18,0.73,0.7460962890625,1,115
2026-05-02,US11135F1012,AVGO,2026-12-18,put,110.0,0.52,0.2,0.75,0.7402369726562499,1,461
2026-05-02,US11135F1012,AVGO,2026-12-18,put,112.0,1.04,0.01,1.05,0.7414576635742187,3,211
2026-05-02,US11135F1012,AVGO,2026-12-18,put,114.0,0.9,0.4,0.8,0.7446314599609375,2,136
2026-05-02,US11135F1012,AVGO,2026-12-18,put,115.0,0.71,0.17,1.1,0.7456080126953125,70,237
2026-05-02,US11135F1012,AVGO,2026-12-18,put,116.0,0.62,0.17,0.9,0.7236355761718749,4,220
2026-05-02,US11135F1012,AVGO,2026-12-18,put,118.0,0.77,0.47,0.85,0.735354208984375,6,337
2026-05-02,US11135F1012,AVGO,2026-12-18,put,120.0,0.8,0.5,0.91,0.7329128271484374,4,1071
2026-05-02,US11135F1012,AVGO,2026-12-18,put,122.0,0.69,0.1,1.19,0.7146024633789063,9,247
2026-05-02,US11135F1012,AVGO,2026-12-18,put,124.0,0.94,0.58,0.96,0.7236355761718749,1,162
2026-05-02,US11135F1012,AVGO,2026-12-18,put,125.0,0.8,0.4,0.82,0.6958038232421876,1,74
2026-05-02,US11135F1012,AVGO,2026-12-18,put,126.0,0.93,0.63,1.02,0.7219266088867188,1,223
2026-05-02,US11135F1012,AVGO,2026-12-18,put,128.0,0.7,0.6,1.02,0.7111845288085938,1,131
2026-05-02,US11135F1012,AVGO,2026-12-18,put,130.0,0.9,0.7,1.03,0.7092314233398438,1,983
2026-05-02,US11135F1012,AVGO,2026-12-18,put,132.0,1.25,0.7,1.09,0.7041045214843751,2,119
2026-05-02,US11135F1012,AVGO,2026-12-18,put,134.0,2.16,0.78,1.38,0.7160672924804687,13,710
2026-05-02,US11135F1012,AVGO,2026-12-18,put,135.0,1.04,0.56,1.14,0.6857941577148439,25,475
2026-05-02,US11135F1012,AVGO,2026-12-18,put,136.0,1.0,0.63,1.19,0.6887238159179689,1,553
2026-05-02,US11135F1012,AVGO,2026-12-18,put,138.0,0.92,0.87,1.22,0.6950714086914063,80,381
2026-05-02,US11135F1012,AVGO,2026-12-18,put,140.0,1.03,0.9,1.22,0.6882355395507813,4,1395
2026-05-02,US11135F1012,AVGO,2026-12-18,put,142.0,1.36,0.95,1.29,0.6857941577148439,5,672
2026-05-02,US11135F1012,AVGO,2026-12-18,put,144.0,1.1,1.0,1.24,0.6774934594726563,2,525
2026-05-02,US11135F1012,AVGO,2026-12-18,put,145.0,1.16,0.89,1.33,0.6724886267089845,1,834
2026-05-02,US11135F1012,AVGO,2026-12-18,put,146.0,3.0,1.1,1.98,0.7055693505859376,11,140
2026-05-02,US11135F1012,AVGO,2026-12-18,put,148.0,1.03,1.05,1.2,0.6618686157226563,1,124
2026-05-02,US11135F1012,AVGO,2026-12-18,put,150.0,1.44,1.14,1.5,0.6711458666992189,4,383
2026-05-02,US11135F1012,AVGO,2026-12-18,put,152.0,1.71,1.2,1.55,0.6677279321289065,1,542
2026-05-02,US11135F1012,AVGO,2026-12-18,put,154.0,4.35,0.0,0.0,0.2500075,25,0
2026-05-02,US11135F1012,AVGO,2026-12-18,put,155.0,1.72,1.28,1.62,0.6617465466308594,1,116
2026-05-02,US11135F1012,AVGO,2026-12-18,put,156.0,1.2,1.31,1.65,0.6601596484375001,1,118
2026-05-02,US11135F1012,AVGO,2026-12-18,put,158.0,1.73,1.36,1.68,0.6552768847656252,1,506
2026-05-02,US11135F1012,AVGO,2026-12-18,put,160.0,1.45,1.42,1.67,0.649417568359375,80,772
2026-05-02,US11135F1012,AVGO,2026-12-18,put,162.0,4.85,1.48,1.73,0.6459996337890624,67,241
2026-05-02,US11135F1012,AVGO,2026-12-18,put,164.0,4.45,1.54,1.89,0.6458775646972656,78,556
2026-05-02,US11135F1012,AVGO,2026-12-18,put,165.0,2.0,1.57,1.99,0.646365841064453,2,386
2026-05-02,US11135F1012,AVGO,2026-12-18,put,166.0,2.2,1.6,1.96,0.6425816992187501,1,109
2026-05-02,US11135F1012,AVGO,2026-12-18,put,168.0,2.22,1.66,1.95,0.6366003137207032,2,64
2026-05-02,US11135F1012,AVGO,2026-12-18,put,170.0,2.14,1.73,2.1,0.635867899169922,1,625
2026-05-02,US11135F1012,AVGO,2026-12-18,put,172.0,4.77,1.8,2.08,0.6300085827636719,1,346
2026-05-02,US11135F1012,AVGO,2026-12-18,put,174.0,2.24,1.87,2.28,0.6303747900390625,1,386
2026-05-02,US11135F1012,AVGO,2026-12-18,put,175.0,2.42,1.9,2.33,0.6289709954833984,1,193
2026-05-02,US11135F1012,AVGO,2026-12-18,put,176.0,2.49,1.8,2.32,0.6221961608886719,2,157
2026-05-02,US11135F1012,AVGO,2026-12-18,put,178.0,2.65,2.02,2.43,0.6239051281738281,1,382
2026-05-02,US11135F1012,AVGO,2026-12-18,put,180.0,2.64,2.04,2.53,0.6198768481445314,2,329
2026-05-02,US11135F1012,AVGO,2026-12-18,put,182.0,3.64,2.09,2.6,0.6156654644775392,2,214
2026-05-02,US11135F1012,AVGO,2026-12-18,put,184.0,2.83,2.26,2.7,0.6151771881103516,2,502
2026-05-02,US11135F1012,AVGO,2026-12-18,put,185.0,2.8,2.1,2.72,0.6081582153320313,1,123
2026-05-02,US11135F1012,AVGO,2026-12-18,put,186.0,2.83,2.09,2.6,0.6013833807373048,1,30
2026-05-02,US11135F1012,AVGO,2026-12-18,put,188.0,3.03,2.35,2.82,0.6058999371337892,1,67
2026-05-02,US11135F1012,AVGO,2026-12-18,put,190.0,3.15,2.24,2.89,0.5979044116210939,5,90
2026-05-02,US11135F1012,AVGO,2026-12-18,put,192.0,3.23,2.59,3.05,0.6023599334716798,1,69
2026-05-02,US11135F1012,AVGO,2026-12-18,put,194.0,2.85,2.7,3.0,0.5966226861572266,1,67
2026-05-02,US11135F1012,AVGO,2026-12-18,put,195.0,2.83,2.74,3.2,0.5982095843505859,2,268
2026-05-02,US11135F1012,AVGO,2026-12-18,put,196.0,2.94,2.78,3.25,0.5965616516113281,1,153
2026-05-02,US11135F1012,AVGO,2026-12-18,put,198.0,3.69,2.89,3.3,0.5928995788574221,32,217
2026-05-02,US11135F1012,AVGO,2026-12-18,put,200.0,3.1,2.88,3.3,0.5857585369873046,5,1975
2026-05-02,US11135F1012,AVGO,2026-12-18,put,205.0,4.15,3.05,3.55,0.5767864587402343,1,256
2026-05-02,US11135F1012,AVGO,2026-12-18,put,210.0,3.74,3.5,3.85,0.5734295587158205,12,445
2026-05-02,US11135F1012,AVGO,2026-12-18,put,215.0,4.58,3.65,4.3,0.5667157586669922,41,468
2026-05-02,US11135F1012,AVGO,2026-12-18,put,220.0,4.3,4.2,4.65,0.5641523077392578,2,3199
2026-05-02,US11135F1012,AVGO,2026-12-18,put,225.0,4.7,4.45,4.9,0.5548750567626954,9,772
2026-05-02,US11135F1012,AVGO,2026-12-18,put,230.0,5.25,4.85,5.35,0.5501753967285157,4,1593
2026-05-02,US11135F1012,AVGO,2026-12-18,put,235.0,7.19,5.4,5.9,0.5480391876220705,25,386
2026-05-02,US11135F1012,AVGO,2026-12-18,put,240.0,5.97,5.75,6.4,0.541966250305176,3,1792
2026-05-02,US11135F1012,AVGO,2026-12-18,put,245.0,6.5,6.35,6.65,0.5354660711669923,1,667
2026-05-02,US11135F1012,AVGO,2026-12-18,put,250.0,7.04,6.9,7.35,0.5327805511474608,14,3267
2026-05-02,US11135F1012,AVGO,2026-12-18,put,255.0,8.0,7.25,7.85,0.5253343365478516,2,688
2026-05-02,US11135F1012,AVGO,2026-12-18,put,260.0,8.23,8.0,8.5,0.5228319201660157,5,1000
2026-05-02,US11135F1012,AVGO,2026-12-18,put,265.0,8.95,8.65,9.25,0.5195665719604492,5,850
2026-05-02,US11135F1012,AVGO,2026-12-18,put,270.0,10.5,9.2,9.95,0.5143176010131835,3,2094
2026-05-02,US11135F1012,AVGO,2026-12-18,put,275.0,10.28,10.1,10.7,0.5119067364501952,6,911
2026-05-02,US11135F1012,AVGO,2026-12-18,put,280.0,11.3,10.7,11.5,0.5067798345947265,77,3428
2026-05-02,US11135F1012,AVGO,2026-12-18,put,290.0,12.8,12.7,13.35,0.5027057786560059,60,2036
2026-05-02,US11135F1012,AVGO,2026-12-18,put,300.0,14.77,14.6,15.0,0.49655654815673833,21,4333
2026-05-02,US11135F1012,AVGO,2026-12-18,put,310.0,17.08,16.85,17.35,0.49263507858276373,116,1860
2026-05-02,US11135F1012,AVGO,2026-12-18,put,320.0,19.51,18.95,20.2,0.4917958535766602,31,1472
2026-05-02,US11135F1012,AVGO,2026-12-18,put,330.0,21.95,21.85,22.8,0.48550929534912113,22,1549
2026-05-02,US11135F1012,AVGO,2026-12-18,put,340.0,24.8,24.8,25.75,0.4805960144042969,163,1790
2026-05-02,US11135F1012,AVGO,2026-12-18,put,350.0,28.5,27.85,29.1,0.47730014892578126,57,2321
2026-05-02,US11135F1012,AVGO,2026-12-18,put,360.0,31.82,31.35,32.7,0.4739737661743164,1,845
2026-05-02,US11135F1012,AVGO,2026-12-18,put,370.0,36.04,35.3,36.2,0.46761091476440425,38,1044
2026-05-02,US11135F1012,AVGO,2026-12-18,put,380.0,39.1,39.2,40.7,0.4676566906738281,7,565
2026-05-02,US11135F1012,AVGO,2026-12-18,put,390.0,44.21,43.85,44.65,0.4609886665344239,82,1230
2026-05-02,US11135F1012,AVGO,2026-12-18,put,400.0,48.5,48.15,49.8,0.4619347019958497,31,381
2026-05-02,US11135F1012,AVGO,2026-12-18,put,410.0,53.89,53.1,54.75,0.4592034060668946,61,364
2026-05-02,US11135F1012,AVGO,2026-12-18,put,420.0,58.46,58.3,60.05,0.4572197833251954,5,416
2026-05-02,US11135F1012,AVGO,2026-12-18,put,430.0,65.0,63.75,65.5,0.454457970123291,1,155
2026-05-02,US11135F1012,AVGO,2026-12-18,put,440.0,69.3,69.45,71.3,0.45250486465454104,8,554
2026-05-02,US11135F1012,AVGO,2026-12-18,put,450.0,76.2,75.5,77.35,0.45064331100463867,3,78
2026-05-02,US11135F1012,AVGO,2026-12-18,put,460.0,82.67,81.2,83.9,0.4507958973693848,512,36
2026-05-02,US11135F1012,AVGO,2026-12-18,put,470.0,91.65,87.75,90.65,0.4507806387329102,5,39
2026-05-02,US11135F1012,AVGO,2026-12-18,put,480.0,101.28,94.3,97.05,0.446492961883545,1,51
2026-05-02,US11135F1012,AVGO,2026-12-18,put,490.0,109.5,101.45,103.95,0.444417787322998,2,129
2026-05-02,US11135F1012,AVGO,2026-12-18,put,500.0,127.0,108.6,111.0,0.44196114685058596,10,62
2026-05-02,US11135F1012,AVGO,2026-12-18,put,510.0,150.47,115.85,118.65,0.442739337310791,1,51
2026-05-02,US11135F1012,AVGO,2026-12-18,put,520.0,184.2,0.0,0.0,1.0000000000000003e-05,2,0
2026-05-02,US11135F1012,AVGO,2026-12-18,put,530.0,214.82,130.85,133.9,0.4397639031982422,12,60
2026-05-02,US11135F1012,AVGO,2026-12-18,put,540.0,151.68,138.7,141.7,0.43765821136474614,2,24
2026-05-02,US11135F1012,AVGO,2026-12-18,put,560.0,243.94,154.9,157.85,0.43422501815795905,13,0
2026-05-02,US11135F1012,AVGO,2026-12-18,put,570.0,253.3,162.8,166.2,0.4331111376953125,1,0
2026-05-02,US11135F1012,AVGO,2026-12-18,put,580.0,258.34,171.8,174.6,0.43124958404541025,1,0
2026-05-02,US11135F1012,AVGO,2026-12-18,put,590.0,273.84,180.15,183.1,0.42914389221191407,13,0
2026-05-02,US11135F1012,AVGO,2026-12-18,put,600.0,217.75,188.8,191.75,0.42737389038085943,2,5
2026-05-02,US11135F1012,AVGO,2026-12-18,put,660.0,12.5,12.5,18.0,1.0000000000000003e-05,1,33
2026-05-02,US11135F1012,AVGO,2026-12-18,put,680.0,14.47,10.0,18.9,1.0000000000000003e-05,10,14
2026-05-02,US11135F1012,AVGO,2026-12-18,put,700.0,15.0,11.0,20.0,1.0000000000000003e-05,4,13
2026-05-02,US11135F1012,AVGO,2026-12-18,put,720.0,16.0,13.0,23.0,1.0000000000000003e-05,1,8
2026-05-02,US11135F1012,AVGO,2026-12-18,put,740.0,19.5,14.0,24.0,1.0000000000000003e-05,2,5
2026-05-02,US11135F1012,AVGO,2026-12-18,put,760.0,20.0,16.0,26.0,1.0000000000000003e-05,1,4
2026-05-02,US11135F1012,AVGO,2026-12-18,put,800.0,28.2,21.0,28.7,1.0000000000000003e-05,1,6
2026-05-02,US11135F1012,AVGO,2026-12-18,put,820.0,32.9,23.0,32.0,1.0000000000000003e-05,1,2
2026-05-02,US11135F1012,AVGO,2026-12-18,put,860.0,36.0,28.0,37.0,1.0000000000000003e-05,,4
2026-05-02,US11135F1012,AVGO,2026-12-18,put,880.0,42.92,31.0,40.0,1.0000000000000003e-05,4,8
2026-05-02,US11135F1012,AVGO,2026-12-18,put,900.0,37.9,36.5,42.1,1.0000000000000003e-05,10,15
2026-05-02,US11135F1012,AVGO,2026-12-18,put,940.0,45.5,40.0,48.4,1.0000000000000003e-05,2,1
2026-05-02,US11135F1012,AVGO,2026-12-18,put,960.0,58.45,43.0,53.0,1.0000000000000003e-05,,8
2026-05-02,US11135F1012,AVGO,2026-12-18,put,980.0,52.0,47.0,55.8,1.0000000000000003e-05,1,5
2026-05-02,US11135F1012,AVGO,2026-12-18,put,1000.0,55.35,51.0,59.2,1.0000000000000003e-05,1,27
2026-05-02,US11135F1012,AVGO,2026-12-18,put,1020.0,57.5,55.0,63.5,1.0000000000000003e-05,2,0
2026-05-02,US11135F1012,AVGO,2026-12-18,put,1040.0,70.0,59.0,69.0,1.0000000000000003e-05,,5
2026-05-02,US11135F1012,AVGO,2026-12-18,put,1060.0,61.1,63.1,72.9,1.0000000000000003e-05,,1
2026-05-02,US11135F1012,AVGO,2026-12-18,put,1080.0,77.0,68.0,78.0,1.0000000000000003e-05,1,3
2026-05-02,US11135F1012,AVGO,2026-12-18,put,1100.0,75.85,73.0,82.0,1.0000000000000003e-05,4,2
2026-05-02,US11135F1012,AVGO,2026-12-18,put,1120.0,98.9,78.0,87.0,1.0000000000000003e-05,13,13
2026-05-02,US11135F1012,AVGO,2026-12-18,put,1140.0,84.0,83.0,93.0,1.0000000000000003e-05,2,10
2026-05-02,US11135F1012,AVGO,2026-12-18,put,1160.0,113.4,88.0,98.0,1.0000000000000003e-05,2,9
2026-05-02,US11135F1012,AVGO,2026-12-18,put,1180.0,99.5,94.0,102.3,1.0000000000000003e-05,1,28
2026-05-02,US11135F1012,AVGO,2026-12-18,put,1200.0,97.5,100.0,109.0,1.0000000000000003e-05,21,41
2026-05-02,US11135F1012,AVGO,2026-12-18,put,1220.0,110.21,103.0,117.9,1.0000000000000003e-05,20,18
2026-05-02,US11135F1012,AVGO,2026-12-18,put,1240.0,108.28,109.0,124.0,1.0000000000000003e-05,20,20
2026-05-02,US11135F1012,AVGO,2026-12-18,put,1260.0,113.35,115.0,131.0,1.0000000000000003e-05,50,44
2026-05-02,US11135F1012,AVGO,2026-12-18,put,1280.0,118.95,122.0,137.0,1.0000000000000003e-05,31,17
2026-05-02,US11135F1012,AVGO,2026-12-18,put,1300.0,132.0,129.1,144.0,1.0000000000000003e-05,1,31
2026-05-02,US11135F1012,AVGO,2026-12-18,put,1320.0,133.59,136.0,151.0,1.0000000000000003e-05,20,20
2026-05-02,US11135F1012,AVGO,2026-12-18,put,1340.0,139.68,143.0,157.9,1.0000000000000003e-05,20,43
2026-05-02,US11135F1012,AVGO,2026-12-18,put,1360.0,150.0,150.1,161.2,1.0000000000000003e-05,5,42
2026-05-02,US11135F1012,AVGO,2026-12-18,put,1380.0,156.16,158.0,168.6,1.0000000000000003e-05,20,59
2026-05-02,US11135F1012,AVGO,2026-12-18,put,1400.0,176.7,165.0,176.3,1.0000000000000003e-05,1,54
2026-05-02,US11135F1012,AVGO,2026-12-18,put,1420.0,173.49,173.0,184.0,1.0000000000000003e-05,20,38
2026-05-02,US11135F1012,AVGO,2026-12-18,put,1440.0,180.0,181.0,196.0,1.0000000000000003e-05,8,66
2026-05-02,US11135F1012,AVGO,2026-12-18,put,1460.0,228.5,189.0,203.9,1.0000000000000003e-05,2,7
2026-05-02,US11135F1012,AVGO,2026-12-18,put,1480.0,201.0,198.0,213.0,1.0000000000000003e-05,5,32
2026-05-02,US11135F1012,AVGO,2026-12-18,put,1500.0,215.4,206.1,217.5,1.0000000000000003e-05,1,33
2026-05-02,US11135F1012,AVGO,2026-12-18,put,1520.0,212.36,214.0,232.0,1.0000000000000003e-05,1,34
2026-05-02,US11135F1012,AVGO,2026-12-18,put,1540.0,267.7,222.0,235.5,1.0000000000000003e-05,2,27
2026-05-02,US11135F1012,AVGO,2026-12-18,put,1560.0,239.25,232.0,244.6,1.0000000000000003e-05,1,9
2026-05-02,US11135F1012,AVGO,2026-12-18,put,1580.0,290.05,242.0,253.7,1.0000000000000003e-05,1,41
2026-05-02,US11135F1012,AVGO,2026-12-18,put,1600.0,267.01,250.0,263.5,1.0000000000000003e-05,2,17
2026-05-02,US11135F1012,AVGO,2026-12-18,put,1620.0,267.0,260.0,273.4,1.0000000000000003e-05,1,15
2026-05-02,US11135F1012,AVGO,2026-12-18,put,1640.0,291.52,270.0,283.2,1.0000000000000003e-05,10,42
2026-05-02,US11135F1012,AVGO,2026-12-18,put,1660.0,323.82,280.0,297.6,1.0000000000000003e-05,,1
2026-05-02,US11135F1012,AVGO,2026-12-18,put,1700.0,310.15,302.0,314.1,1.0000000000000003e-05,2,31
2026-05-02,US11135F1012,AVGO,2026-12-18,put,1720.0,315.0,312.0,325.0,1.0000000000000003e-05,1,2
2026-05-02,US11135F1012,AVGO,2026-12-18,put,1740.0,330.0,322.0,335.5,1.0000000000000003e-05,1,46
2026-05-02,US11135F1012,AVGO,2026-12-18,put,1760.0,330.0,334.0,346.6,1.0000000000000003e-05,,10
2026-05-02,US11135F1012,AVGO,2026-12-18,put,1780.0,344.0,344.0,358.2,1.0000000000000003e-05,1,1
2026-05-02,US11135F1012,AVGO,2026-12-18,put,1800.0,353.0,358.1,372.1,1.0000000000000003e-05,1,2
2026-05-02,US11135F1012,AVGO,2026-12-18,put,1820.0,355.0,368.0,383.9,1.0000000000000003e-05,1,9
2026-05-02,US11135F1012,AVGO,2026-12-18,put,1840.0,374.0,380.1,393.8,1.0000000000000003e-05,,2
2026-05-02,US11135F1012,AVGO,2026-12-18,put,1900.0,385.16,416.0,433.3,1.0000000000000003e-05,,1
2026-05-02,US11135F1012,AVGO,2026-12-18,put,1920.0,434.7,428.0,445.7,1.0000000000000003e-05,2,2
2026-05-02,US11135F1012,AVGO,2026-12-18,put,2000.0,480.0,478.0,497.5,1.0000000000000003e-05,1,10
2026-05-02,US11135F1012,AVGO,2026-12-18,put,2200.0,672.0,616.0,636.0,1.0000000000000003e-05,,1
2026-05-02,US11135F1012,AVGO,2027-01-15,call,70.0,334.0,350.15,353.6,0.9575199560546874,1,98
2026-05-02,US11135F1012,AVGO,2027-01-15,call,75.0,346.0,345.3,348.9,0.963867548828125,8,106
2026-05-02,US11135F1012,AVGO,2027-01-15,call,80.0,251.0,340.45,344.15,0.9592289233398437,10,121
2026-05-02,US11135F1012,AVGO,2027-01-15,call,85.0,336.74,335.65,339.5,0.9602054760742187,5,189
2026-05-02,US11135F1012,AVGO,2027-01-15,call,90.0,234.64,232.55,235.95,1.0000000000000003e-05,1,124
2026-05-02,US11135F1012,AVGO,2027-01-15,call,95.0,238.0,256.0,261.0,1.0000000000000003e-05,15,37
2026-05-02,US11135F1012,AVGO,2027-01-15,call,100.0,321.0,321.15,324.35,0.8828136718749999,1,1920
2026-05-02,US11135F1012,AVGO,2027-01-15,call,105.0,212.5,301.95,305.7,1.0000000000000003e-05,2,39
2026-05-02,US11135F1012,AVGO,2027-01-15,call,110.0,208.65,297.25,300.9,1.0000000000000003e-05,28,251
2026-05-02,US11135F1012,AVGO,2027-01-15,call,115.0,211.0,209.15,212.65,1.0000000000000003e-05,1,42
2026-05-02,US11135F1012,AVGO,2027-01-15,call,120.0,212.46,301.85,305.15,0.8334977587890623,2,540
2026-05-02,US11135F1012,AVGO,2027-01-15,call,125.0,257.92,297.05,300.35,0.8209246423339842,1,285
2026-05-02,US11135F1012,AVGO,2027-01-15,call,130.0,294.7,292.3,296.2,0.8284929260253906,1,68
2026-05-02,US11135F1012,AVGO,2027-01-15,call,135.0,184.4,273.35,277.15,1.0000000000000003e-05,10,75
2026-05-02,US11135F1012,AVGO,2027-01-15,call,140.0,262.0,282.75,286.7,0.8038349694824218,1,183
2026-05-02,US11135F1012,AVGO,2027-01-15,call,145.0,193.8,0.0,0.0,1.0000000000000003e-05,10,0
2026-05-02,US11135F1012,AVGO,2027-01-15,call,150.0,255.7,273.25,276.65,0.7675804492187501,64,991
2026-05-02,US11135F1012,AVGO,2027-01-15,call,155.0,229.0,268.55,272.15,0.762270443725586,1,159
2026-05-02,US11135F1012,AVGO,2027-01-15,call,160.0,270.5,263.8,267.3,0.7482935327148439,9,388
2026-05-02,US11135F1012,AVGO,2027-01-15,call,165.0,251.0,259.15,263.05,0.747194910888672,1,154
2026-05-02,US11135F1012,AVGO,2027-01-15,call,170.0,234.05,254.45,257.8,0.7268093725585938,2,215
2026-05-02,US11135F1012,AVGO,2027-01-15,call,175.0,233.3,249.85,253.0,0.7163114306640624,1,274
2026-05-02,US11135F1012,AVGO,2027-01-15,call,180.0,248.0,245.15,248.6,0.7102690106201173,3,446
2026-05-02,US11135F1012,AVGO,2027-01-15,call,185.0,233.75,240.6,244.05,0.7036162451171876,1,203
2026-05-02,US11135F1012,AVGO,2027-01-15,call,190.0,236.58,236.05,239.4,0.6950714086914063,1,798
2026-05-02,US11135F1012,AVGO,2027-01-15,call,195.0,210.98,231.35,234.5,0.680911394042969,1,1055
2026-05-02,US11135F1012,AVGO,2027-01-15,call,200.0,230.55,226.85,229.55,0.6688570712280274,5,1826
2026-05-02,US11135F1012,AVGO,2027-01-15,call,210.0,216.5,217.7,220.45,0.652469295654297,2,1109
2026-05-02,US11135F1012,AVGO,2027-01-15,call,220.0,203.14,208.6,211.4,0.6361120373535156,5,1245
2026-05-02,US11135F1012,AVGO,2027-01-15,call,230.0,184.4,199.85,203.0,0.6283606500244141,1,738
2026-05-02,US11135F1012,AVGO,2027-01-15,call,240.0,174.97,191.1,194.15,0.6143837390136719,5,1874
2026-05-02,US11135F1012,AVGO,2027-01-15,call,250.0,184.22,182.5,185.2,0.5995828616333009,5,2466
2026-05-02,US11135F1012,AVGO,2027-01-15,call,260.0,175.0,174.05,177.2,0.5919535433959963,2,902
2026-05-02,US11135F1012,AVGO,2027-01-15,call,270.0,166.99,165.8,168.6,0.5795940478515625,2,1441
2026-05-02,US11135F1012,AVGO,2027-01-15,call,280.0,160.45,157.75,160.5,0.5704083486938477,3,785
2026-05-02,US11135F1012,AVGO,2027-01-15,call,290.0,152.07,149.85,152.25,0.5595899754333495,3,627
2026-05-02,US11135F1012,AVGO,2027-01-15,call,300.0,144.58,142.2,145.0,0.5543867803955078,19,3562
2026-05-02,US11135F1012,AVGO,2027-01-15,call,310.0,137.21,134.8,137.65,0.547978153076172,7,2647
2026-05-02,US11135F1012,AVGO,2027-01-15,call,320.0,131.0,127.5,130.7,0.5422714230346681,11,1809
2026-05-02,US11135F1012,AVGO,2027-01-15,call,330.0,122.54,120.9,123.5,0.5368698657226563,9,2540
2026-05-02,US11135F1012,AVGO,2027-01-15,call,340.0,116.92,113.85,117.1,0.5312699461364747,7,3059
2026-05-02,US11135F1012,AVGO,2027-01-15,call,350.0,111.09,108.25,110.15,0.5278520115661622,20,5020
2026-05-02,US11135F1012,AVGO,2027-01-15,call,360.0,102.86,101.9,104.05,0.5230302824401853,4,3427
2026-05-02,US11135F1012,AVGO,2027-01-15,call,370.0,98.42,95.9,98.45,0.519963296508789,17,5368
2026-05-02,US11135F1012,AVGO,2027-01-15,call,380.0,92.77,89.8,92.5,0.5134020828247069,9,1616
2026-05-02,US11135F1012,AVGO,2027-01-15,call,390.0,84.52,84.95,87.4,0.5133410482788084,9,4215
2026-05-02,US11135F1012,AVGO,2027-01-15,call,400.0,82.05,79.35,82.35,0.5089160437011719,77,5692
2026-05-02,US11135F1012,AVGO,2027-01-15,call,410.0,76.85,75.35,77.95,0.5112200978088379,15,4768
2026-05-02,US11135F1012,AVGO,2027-01-15,call,420.0,72.52,70.75,73.0,0.5076648355102539,450,3224
2026-05-02,US11135F1012,AVGO,2027-01-15,call,430.0,68.47,66.6,68.6,0.5062305236816407,114,1088
2026-05-02,US11135F1012,AVGO,2027-01-15,call,440.0,62.37,62.15,64.05,0.5017292259216308,15,886
2026-05-02,US11135F1012,AVGO,2027-01-15,call,450.0,59.5,58.65,59.9,0.5006000868225098,272,4943
2026-05-02,US11135F1012,AVGO,2027-01-15,call,460.0,56.08,54.7,56.35,0.504460521850586,21,2052
2026-05-02,US11135F1012,AVGO,2027-01-15,call,470.0,53.17,51.55,53.25,0.5057575059509276,5,1664
2026-05-02,US11135F1012,AVGO,2027-01-15,call,480.0,49.0,48.7,49.8,0.5033008654785156,30,1290
2026-05-02,US11135F1012,AVGO,2027-01-15,call,490.0,46.6,45.35,46.6,0.5013935359191897,443,1726
2026-05-02,US11135F1012,AVGO,2027-01-15,call,500.0,43.55,42.55,44.05,0.5029499168395997,541,2719
2026-05-02,US11135F1012,AVGO,2027-01-15,call,510.0,40.89,39.9,41.35,0.5023090541076662,33,738
2026-05-02,US11135F1012,AVGO,2027-01-15,call,520.0,37.63,37.05,38.55,0.4998371549987793,341,1009
2026-05-02,US11135F1012,AVGO,2027-01-15,call,530.0,35.22,35.05,36.15,0.499226809539795,37,1849
2026-05-02,US11135F1012,AVGO,2027-01-15,call,540.0,33.8,32.85,33.85,0.498326549987793,102,840
2026-05-02,US11135F1012,AVGO,2027-01-15,call,560.0,29.97,28.95,29.95,0.49898267135620117,285,1848
2026-05-02,US11135F1012,AVGO,2027-01-15,call,570.0,28.15,27.15,28.05,0.498326549987793,51,516
2026-05-02,US11135F1012,AVGO,2027-01-15,call,580.0,26.26,25.15,26.45,0.499226809539795,104,516
2026-05-02,US11135F1012,AVGO,2027-01-15,call,590.0,24.55,23.9,24.85,0.49930310272216794,96,738
2026-05-02,US11135F1012,AVGO,2027-01-15,call,600.0,23.3,22.15,23.3,0.49898267135620117,84,4706
2026-05-02,US11135F1012,AVGO,2027-01-15,call,620.0,20.45,19.7,20.65,0.4999439654541016,83,50
2026-05-02,US11135F1012,AVGO,2027-01-15,call,640.0,17.66,17.45,18.2,0.4998218963623047,452,81
2026-05-02,US11135F1012,AVGO,2027-01-15,put,70.0,0.2,0.01,0.44,0.848634326171875,1,1382
2026-05-02,US11135F1012,AVGO,2027-01-15,put,75.0,0.22,0.0,0.52,0.8295915478515624,2,105
2026-05-02,US11135F1012,AVGO,2027-01-15,put,80.0,0.26,0.02,0.54,0.805666005859375,2,937
2026-05-02,US11135F1012,AVGO,2027-01-15,put,85.0,0.32,0.05,0.59,0.7895528857421875,1,2947
2026-05-02,US11135F1012,AVGO,2027-01-15,put,90.0,0.43,0.1,0.64,0.7753928710937501,1,1174
2026-05-02,US11135F1012,AVGO,2027-01-15,put,95.0,0.43,0.14,0.65,0.754885263671875,2,1849
2026-05-02,US11135F1012,AVGO,2027-01-15,put,100.0,0.59,0.19,0.68,0.7387721435546875,1,6034
2026-05-02,US11135F1012,AVGO,2027-01-15,put,105.0,0.5,0.37,0.55,0.719729365234375,3,286
2026-05-02,US11135F1012,AVGO,2027-01-15,put,110.0,0.7,0.32,0.77,0.7121610815429689,3,361
2026-05-02,US11135F1012,AVGO,2027-01-15,put,115.0,0.7,0.57,0.88,0.7175321215820312,5,1629
2026-05-02,US11135F1012,AVGO,2027-01-15,put,120.0,0.72,0.54,0.83,0.6892120922851563,1,394
2026-05-02,US11135F1012,AVGO,2027-01-15,put,125.0,1.0,0.71,1.06,0.69336244140625,5,834
2026-05-02,US11135F1012,AVGO,2027-01-15,put,130.0,1.15,0.8,1.21,0.6853058813476562,5,949
2026-05-02,US11135F1012,AVGO,2027-01-15,put,135.0,1.09,0.99,1.2,0.6734651794433595,1,1602
2026-05-02,US11135F1012,AVGO,2027-01-15,put,140.0,1.21,1.1,1.42,0.6682162084960939,26,1756
2026-05-02,US11135F1012,AVGO,2027-01-15,put,145.0,1.3,1.28,1.55,0.6608920629882813,107,758
2026-05-02,US11135F1012,AVGO,2027-01-15,put,150.0,1.4,1.38,1.62,0.6477086010742188,1,1461
2026-05-02,US11135F1012,AVGO,2027-01-15,put,155.0,1.72,1.52,1.77,0.63867548828125,1,787
2026-05-02,US11135F1012,AVGO,2027-01-15,put,160.0,1.79,1.6,1.9,0.6268347863769532,11,2860
2026-05-02,US11135F1012,AVGO,2027-01-15,put,165.0,1.95,1.7,2.17,0.6197547790527345,1,475
2026-05-02,US11135F1012,AVGO,2027-01-15,put,170.0,2.14,1.87,2.3,0.6101113208007813,3,1178
2026-05-02,US11135F1012,AVGO,2027-01-15,put,175.0,2.5,2.21,2.5,0.6063271789550781,1,1724
2026-05-02,US11135F1012,AVGO,2027-01-15,put,180.0,2.55,2.39,2.76,0.5991861370849609,1,1934
2026-05-02,US11135F1012,AVGO,2027-01-15,put,185.0,3.05,2.64,3.1,0.5947916497802734,1,1230
2026-05-02,US11135F1012,AVGO,2027-01-15,put,190.0,3.63,2.71,3.2,0.5811199114990235,1,1368
2026-05-02,US11135F1012,AVGO,2027-01-15,put,195.0,3.29,3.15,3.5,0.5786174951171875,1,2244
2026-05-02,US11135F1012,AVGO,2027-01-15,put,200.0,3.53,3.35,3.8,0.5708050732421875,46,4308
2026-05-02,US11135F1012,AVGO,2027-01-15,put,210.0,4.41,4.0,4.4,0.5582929913330079,20,1821
2026-05-02,US11135F1012,AVGO,2027-01-15,put,220.0,4.99,4.7,5.15,0.5466964276123047,2,3109
2026-05-02,US11135F1012,AVGO,2027-01-15,put,230.0,6.1,5.65,6.15,0.5393112475585939,5,3870
2026-05-02,US11135F1012,AVGO,2027-01-15,put,240.0,6.77,6.45,7.0,0.5261277856445312,2,4209
2026-05-02,US11135F1012,AVGO,2027-01-15,put,250.0,7.97,7.8,8.1,0.5193224337768555,12,4907
2026-05-02,US11135F1012,AVGO,2027-01-15,put,260.0,9.24,8.95,9.4,0.5100757000732423,92,2223
2026-05-02,US11135F1012,AVGO,2027-01-15,put,270.0,10.4,10.5,11.05,0.5048572463989257,4,5717
2026-05-02,US11135F1012,AVGO,2027-01-15,put,280.0,12.22,11.9,12.8,0.5031482791137696,68,5597
2026-05-02,US11135F1012,AVGO,2027-01-15,put,290.0,14.15,14.0,14.65,0.4961903408813477,73,3300
2026-05-02,US11135F1012,AVGO,2027-01-15,put,300.0,16.13,16.05,16.85,0.4914296463012696,24,5615
2026-05-02,US11135F1012,AVGO,2027-01-15,put,310.0,18.73,18.5,18.95,0.4833120516967774,108,4986
2026-05-02,US11135F1012,AVGO,2027-01-15,put,320.0,21.05,20.8,21.5,0.4781241152954102,43,3236
2026-05-02,US11135F1012,AVGO,2027-01-15,put,330.0,23.94,23.85,24.35,0.4738211798095704,109,3943
2026-05-02,US11135F1012,AVGO,2027-01-15,put,340.0,26.94,26.6,27.65,0.4716086775207519,2,2528
2026-05-02,US11135F1012,AVGO,2027-01-15,put,350.0,30.59,29.95,31.35,0.4706931593322754,30,4129
2026-05-02,US11135F1012,AVGO,2027-01-15,put,360.0,34.0,33.5,34.95,0.4666801379394532,390,1593
2026-05-02,US11135F1012,AVGO,2027-01-15,put,370.0,38.2,37.7,38.45,0.4599358206176758,69,1303
2026-05-02,US11135F1012,AVGO,2027-01-15,put,380.0,41.99,41.25,42.95,0.45934073379516605,15,3014
2026-05-02,US11135F1012,AVGO,2027-01-15,put,390.0,46.65,46.3,47.05,0.4536797796630859,376,935
2026-05-02,US11135F1012,AVGO,2027-01-15,put,400.0,53.25,50.6,52.25,0.45451900466918943,22,886
2026-05-02,US11135F1012,AVGO,2027-01-15,put,410.0,56.25,56.0,57.3,0.4523065023803712,297,580
2026-05-02,US11135F1012,AVGO,2027-01-15,put,420.0,61.6,60.85,62.5,0.44943787872314456,32,1506
2026-05-02,US11135F1012,AVGO,2027-01-15,put,430.0,66.8,66.3,68.0,0.4470117555236816,23,104
2026-05-02,US11135F1012,AVGO,2027-01-15,put,440.0,75.55,71.85,74.25,0.44824770507812495,2,276
2026-05-02,US11135F1012,AVGO,2027-01-15,put,450.0,80.75,78.35,79.65,0.44185433639526367,1,375
2026-05-02,US11135F1012,AVGO,2027-01-15,put,460.0,90.4,84.05,86.05,0.4409540768432617,2,62
2026-05-02,US11135F1012,AVGO,2027-01-15,put,470.0,102.85,90.35,92.7,0.44031321411132807,38,64
2026-05-02,US11135F1012,AVGO,2027-01-15,put,480.0,101.95,97.05,99.05,0.4360560545349121,5,321
2026-05-02,US11135F1012,AVGO,2027-01-15,put,490.0,108.83,103.85,106.2,0.4360865718078613,20,58
2026-05-02,US11135F1012,AVGO,2027-01-15,put,500.0,115.2,111.05,113.4,0.435125277709961,184,137
2026-05-02,US11135F1012,AVGO,2027-01-15,put,510.0,122.98,118.35,120.95,0.43543045043945316,14,23
2026-05-02,US11135F1012,AVGO,2027-01-15,put,520.0,182.05,135.6,138.3,0.5076800941467285,15,43
2026-05-02,US11135F1012,AVGO,2027-01-15,put,530.0,150.67,132.8,136.15,0.43303484451293944,10,149
2026-05-02,US11135F1012,AVGO,2027-01-15,put,540.0,213.3,200.7,203.55,0.8553786434936524,1,14
2026-05-02,US11135F1012,AVGO,2027-01-15,put,560.0,262.75,157.2,159.9,0.4277706149291992,1,51
2026-05-02,US11135F1012,AVGO,2027-01-15,put,570.0,272.85,165.05,168.1,0.4260311303710938,1,1
2026-05-02,US11135F1012,AVGO,2027-01-15,put,580.0,260.86,173.85,176.05,0.42081267669677735,2,0
2026-05-02,US11135F1012,AVGO,2027-01-15,put,590.0,292.85,181.9,184.9,0.42270474761962884,1,0
2026-05-02,US11135F1012,AVGO,2027-01-15,put,600.0,215.49,190.2,193.45,0.42081267669677735,4,55
2026-05-02,US11135F1012,AVGO,2027-03-19,call,155.0,146.5,270.4,274.1,0.7471338763427735,2,4
2026-05-02,US11135F1012,AVGO,2027-03-19,call,160.0,163.94,265.8,269.5,0.7376124871826171,2,42
2026-05-02,US11135F1012,AVGO,2027-03-19,call,170.0,237.86,256.6,260.3,0.7178983288574219,1,21
2026-05-02,US11135F1012,AVGO,2027-03-19,call,175.0,236.23,252.05,255.6,0.7072172833251953,1,5
2026-05-02,US11135F1012,AVGO,2027-03-19,call,180.0,130.25,247.5,251.4,0.7023955541992188,5,7
2026-05-02,US11135F1012,AVGO,2027-03-19,call,185.0,219.63,243.0,246.35,0.6879914013671876,1,13
2026-05-02,US11135F1012,AVGO,2027-03-19,call,190.0,235.15,238.5,242.0,0.6814607049560548,10,10
2026-05-02,US11135F1012,AVGO,2027-03-19,call,195.0,141.0,220.8,223.9,1.0000000000000003e-05,2,8
2026-05-02,US11135F1012,AVGO,2027-03-19,call,200.0,209.0,229.6,232.3,0.6583591293334962,5,400
2026-05-02,US11135F1012,AVGO,2027-03-19,call,210.0,205.6,220.75,224.6,0.654147745666504,6,27
2026-05-02,US11135F1012,AVGO,2027-03-19,call,220.0,206.05,212.05,214.8,0.631137721862793,5,117
2026-05-02,US11135F1012,AVGO,2027-03-19,call,230.0,196.05,203.5,206.6,0.6219215054321289,3,42
2026-05-02,US11135F1012,AVGO,2027-03-19,call,240.0,188.2,195.05,197.9,0.6082192498779297,2,53
2026-05-02,US11135F1012,AVGO,2027-03-19,call,250.0,181.68,186.8,189.7,0.5982706188964844,5,311
2026-05-02,US11135F1012,AVGO,2027-03-19,call,260.0,162.95,178.75,182.6,0.5949137188720703,5,70
2026-05-02,US11135F1012,AVGO,2027-03-19,call,270.0,171.18,170.85,173.65,0.5797161169433593,1,69
2026-05-02,US11135F1012,AVGO,2027-03-19,call,280.0,146.0,163.15,166.5,0.5746502496337891,1,180
2026-05-02,US11135F1012,AVGO,2027-03-19,call,290.0,154.55,155.65,158.95,0.5668530863952637,5,88
2026-05-02,US11135F1012,AVGO,2027-03-19,call,300.0,146.0,148.35,151.2,0.5576826458740236,3,367
2026-05-02,US11135F1012,AVGO,2027-03-19,call,310.0,137.16,141.3,144.25,0.5520979849243165,3,328
2026-05-02,US11135F1012,AVGO,2027-03-19,call,320.0,136.5,134.45,137.35,0.5461165994262697,2,453
2026-05-02,US11135F1012,AVGO,2027-03-19,call,330.0,128.5,127.9,130.8,0.5414321980285648,2,882
2026-05-02,US11135F1012,AVGO,2027-03-19,call,340.0,124.0,121.55,124.1,0.5354965884399415,5,711
2026-05-02,US11135F1012,AVGO,2027-03-19,call,350.0,118.0,115.65,118.3,0.5334214138793946,2,626
2026-05-02,US11135F1012,AVGO,2027-03-19,call,360.0,111.36,109.5,111.85,0.5264634756469727,2,422
2026-05-02,US11135F1012,AVGO,2027-03-19,call,370.0,106.8,103.9,106.95,0.5258836474609375,1,338
2026-05-02,US11135F1012,AVGO,2027-03-19,call,380.0,100.94,98.45,101.45,0.5222368333435057,3,273
2026-05-02,US11135F1012,AVGO,2027-03-19,call,390.0,95.85,93.25,96.3,0.5193529510498047,6,178
2026-05-02,US11135F1012,AVGO,2027-03-19,call,400.0,91.5,88.3,91.35,0.5166903189849854,7,519
2026-05-02,US11135F1012,AVGO,2027-03-19,call,410.0,86.48,83.5,86.6,0.5139361351013183,10,310
2026-05-02,US11135F1012,AVGO,2027-03-19,call,420.0,81.4,79.5,81.5,0.5114413480377198,5,472
2026-05-02,US11135F1012,AVGO,2027-03-19,call,430.0,76.75,75.6,77.55,0.5117999259948729,35,294
2026-05-02,US11135F1012,AVGO,2027-03-19,call,440.0,72.78,71.15,73.45,0.5087253107452393,32,391
2026-05-02,US11135F1012,AVGO,2027-03-19,call,450.0,69.27,67.45,70.05,0.5091601818847658,3,447
2026-05-02,US11135F1012,AVGO,2027-03-19,call,460.0,63.35,64.05,65.75,0.5065967309570312,9,197
2026-05-02,US11135F1012,AVGO,2027-03-19,call,470.0,62.23,60.4,62.5,0.5055286264038085,6,184
2026-05-02,US11135F1012,AVGO,2027-03-19,call,480.0,58.85,57.45,58.75,0.5040790559387207,6,420
2026-05-02,US11135F1012,AVGO,2027-03-19,call,490.0,55.85,54.2,55.6,0.5025989682006836,16,428
2026-05-02,US11135F1012,AVGO,2027-03-19,call,500.0,52.85,51.3,52.85,0.5025531922912598,19,488
2026-05-02,US11135F1012,AVGO,2027-03-19,call,510.0,49.9,48.05,49.95,0.5060931959533692,27,281
2026-05-02,US11135F1012,AVGO,2027-03-19,call,520.0,47.3,45.7,47.25,0.500081293182373,16,182
2026-05-02,US11135F1012,AVGO,2027-03-19,call,540.0,42.54,40.9,42.65,0.5000507759094239,90,236
2026-05-02,US11135F1012,AVGO,2027-03-19,call,560.0,38.1,37.0,38.25,0.5005543109130859,34,59
2026-05-02,US11135F1012,AVGO,2027-03-19,call,580.0,34.51,32.6,34.25,0.5035297450256349,22,75
2026-05-02,US11135F1012,AVGO,2027-03-19,call,600.0,31.0,29.8,31.15,0.5010425872802735,41,53
2026-05-02,US11135F1012,AVGO,2027-03-19,call,640.0,24.9,24.05,25.0,0.500081293182373,54,243
2026-05-02,US11135F1012,AVGO,2027-03-19,put,155.0,2.54,2.06,2.66,0.6118202880859377,2,281
2026-05-02,US11135F1012,AVGO,2027-03-19,put,160.0,2.7,2.29,2.87,0.6043740734863283,8,170
2026-05-02,US11135F1012,AVGO,2027-03-19,put,165.0,3.5,2.49,3.15,0.5974161352539062,30,63
2026-05-02,US11135F1012,AVGO,2027-03-19,put,170.0,3.9,2.66,3.4,0.5886881951904297,1,84
2026-05-02,US11135F1012,AVGO,2027-03-19,put,175.0,4.05,3.0,3.7,0.583866466064453,11,158
2026-05-02,US11135F1012,AVGO,2027-03-19,put,180.0,4.0,3.3,4.0,0.5777019769287108,1,91
2026-05-02,US11135F1012,AVGO,2027-03-19,put,185.0,4.65,3.35,4.35,0.5678143804931641,1,47
2026-05-02,US11135F1012,AVGO,2027-03-19,put,190.0,5.05,4.0,4.6,0.5654950677490236,1,119
2026-05-02,US11135F1012,AVGO,2027-03-19,put,195.0,4.65,4.05,5.05,0.5566450585937501,1,485
2026-05-02,US11135F1012,AVGO,2027-03-19,put,200.0,5.35,4.75,5.8,0.5602460968017577,5,413
2026-05-02,US11135F1012,AVGO,2027-03-19,put,210.0,5.8,5.65,6.25,0.5449264257812501,63,166
2026-05-02,US11135F1012,AVGO,2027-03-19,put,220.0,6.79,6.35,7.0,0.5299424447631836,48,1909
2026-05-02,US11135F1012,AVGO,2027-03-19,put,230.0,7.95,7.7,8.15,0.5241746801757812,38,909
2026-05-02,US11135F1012,AVGO,2027-03-19,put,240.0,9.1,8.95,9.45,0.5163927755737304,5,1414
2026-05-02,US11135F1012,AVGO,2027-03-19,put,250.0,10.74,10.25,11.15,0.5101977691650392,12,1232
2026-05-02,US11135F1012,AVGO,2027-03-19,put,260.0,12.3,12.0,12.7,0.5040332800292968,9,1370
2026-05-02,US11135F1012,AVGO,2027-03-19,put,270.0,14.55,13.8,14.4,0.5010120700073243,23,2126
2026-05-02,US11135F1012,AVGO,2027-03-19,put,280.0,15.83,15.8,16.6,0.4973805145263672,2,434
2026-05-02,US11135F1012,AVGO,2027-03-19,put,290.0,18.28,17.75,18.4,0.4872640385437012,8,513
2026-05-02,US11135F1012,AVGO,2027-03-19,put,300.0,20.7,20.0,20.9,0.4830679135131837,15,1300
2026-05-02,US11135F1012,AVGO,2027-03-19,put,310.0,23.41,22.5,23.5,0.47794101165771485,13,1752
2026-05-02,US11135F1012,AVGO,2027-03-19,put,320.0,25.9,25.7,26.4,0.4738059211730958,1,527
2026-05-02,US11135F1012,AVGO,2027-03-19,put,330.0,31.15,28.8,30.05,0.4743094561767578,31,723
2026-05-02,US11135F1012,AVGO,2027-03-19,put,340.0,32.5,31.8,32.9,0.46616134429931644,9,552
2026-05-02,US11135F1012,AVGO,2027-03-19,put,350.0,36.0,35.4,36.55,0.46295703063964844,24,503
2026-05-02,US11135F1012,AVGO,2027-03-19,put,360.0,40.1,39.65,40.35,0.4592186647033692,8,140
2026-05-02,US11135F1012,AVGO,2027-03-19,put,370.0,43.77,43.7,45.15,0.46115651153564463,8,53
2026-05-02,US11135F1012,AVGO,2027-03-19,put,380.0,48.07,47.35,49.5,0.4580590083312989,4,160
2026-05-02,US11135F1012,AVGO,2027-03-19,put,390.0,63.0,51.9,54.15,0.45551081604003907,104,131
2026-05-02,US11135F1012,AVGO,2027-03-19,put,400.0,57.75,56.7,58.25,0.44779757530212394,9,195
2026-05-02,US11135F1012,AVGO,2027-03-19,put,410.0,62.83,62.15,64.0,0.44968964622497554,1,265
2026-05-02,US11135F1012,AVGO,2027-03-19,put,420.0,68.35,67.75,69.45,0.4480951187133788,44,115
2026-05-02,US11135F1012,AVGO,2027-03-19,put,430.0,73.4,72.6,75.0,0.445768176651001,38,121
2026-05-02,US11135F1012,AVGO,2027-03-19,put,440.0,79.3,78.2,80.8,0.4437006314086914,8,66
2026-05-02,US11135F1012,AVGO,2027-03-19,put,450.0,85.7,84.5,86.8,0.4416254568481446,74,41
2026-05-02,US11135F1012,AVGO,2027-03-19,put,460.0,90.97,90.1,92.8,0.43828381546020506,19,59
2026-05-02,US11135F1012,AVGO,2027-03-19,put,470.0,100.24,96.9,99.1,0.435628812713623,1,18
2026-05-02,US11135F1012,AVGO,2027-03-19,put,480.0,104.58,103.2,106.05,0.4359110974884033,4,22
2026-05-02,US11135F1012,AVGO,2027-03-19,put,490.0,111.45,110.0,112.75,0.43345445701599117,2,26
2026-05-02,US11135F1012,AVGO,2027-03-19,put,500.0,131.21,117.5,119.8,0.4321269556427002,3,34
2026-05-02,US11135F1012,AVGO,2027-03-19,put,510.0,137.83,124.0,126.9,0.4300365224456787,29,34
2026-05-02,US11135F1012,AVGO,2027-03-19,put,520.0,132.7,132.05,134.25,0.42852591743469237,10,2
2026-05-02,US11135F1012,AVGO,2027-03-19,put,560.0,174.83,161.6,165.2,0.42304043762207033,1,14
2026-05-02,US11135F1012,AVGO,2027-03-19,put,580.0,194.31,178.25,181.35,0.4194393994140625,,1
2026-05-02,US11135F1012,AVGO,2027-06-17,call,90.0,330.84,332.3,336.0,0.8469253588867187,3,49
2026-05-02,US11135F1012,AVGO,2027-06-17,call,95.0,290.24,251.5,255.4,1.0000000000000003e-05,9,14
2026-05-02,US11135F1012,AVGO,2027-06-17,call,100.0,317.25,322.9,326.85,0.8273943041992187,20,109
2026-05-02,US11135F1012,AVGO,2027-06-17,call,105.0,226.4,0.0,0.0,1.0000000000000003e-05,,0
2026-05-02,US11135F1012,AVGO,2027-06-17,call,110.0,209.78,0.0,0.0,1.0000000000000003e-05,,0
2026-05-02,US11135F1012,AVGO,2027-06-17,call,115.0,255.0,221.1,224.75,1.0000000000000003e-05,,1
2026-05-02,US11135F1012,AVGO,2027-06-17,call,120.0,214.6,289.05,293.95,1.0000000000000003e-05,1,8
2026-05-02,US11135F1012,AVGO,2027-06-17,call,125.0,198.4,284.5,289.4,1.0000000000000003e-05,30,34
2026-05-02,US11135F1012,AVGO,2027-06-17,call,130.0,181.75,295.25,299.15,0.7643456182861328,1,12
2026-05-02,US11135F1012,AVGO,2027-06-17,call,135.0,245.6,255.25,258.95,1.0000000000000003e-05,3,5
2026-05-02,US11135F1012,AVGO,2027-06-17,call,140.0,224.4,286.15,289.85,0.7426783544921874,10,12
2026-05-02,US11135F1012,AVGO,2027-06-17,call,145.0,263.7,195.65,199.3,1.0000000000000003e-05,2,2
2026-05-02,US11135F1012,AVGO,2027-06-17,call,150.0,233.45,277.1,280.9,0.7258023025512695,2,82
2026-05-02,US11135F1012,AVGO,2027-06-17,call,155.0,173.3,258.6,262.45,1.0000000000000003e-05,10,36
2026-05-02,US11135F1012,AVGO,2027-06-17,call,160.0,171.92,0.0,0.0,1.0000000000000003e-05,1,0
2026-05-02,US11135F1012,AVGO,2027-06-17,call,165.0,189.58,0.0,0.0,1.0000000000000003e-05,2,0
2026-05-02,US11135F1012,AVGO,2027-06-17,call,170.0,255.0,259.25,263.15,0.6936676141357423,1,73
2026-05-02,US11135F1012,AVGO,2027-06-17,call,175.0,262.19,254.85,258.7,0.6856110540771485,1,23
2026-05-02,US11135F1012,AVGO,2027-06-17,call,180.0,231.05,250.5,254.15,0.676883114013672,10,52
2026-05-02,US11135F1012,AVGO,2027-06-17,call,185.0,239.27,246.15,249.85,0.6702608657836916,1,62
2026-05-02,US11135F1012,AVGO,2027-06-17,call,190.0,224.0,241.8,245.7,0.664615170288086,1,101
2026-05-02,US11135F1012,AVGO,2027-06-17,call,195.0,199.53,237.55,241.25,0.6570468865966796,3,51
2026-05-02,US11135F1012,AVGO,2027-06-17,call,200.0,234.94,233.25,236.0,0.642703768310547,5,1480
2026-05-02,US11135F1012,AVGO,2027-06-17,call,210.0,228.0,224.85,227.6,0.6315954809570312,1,1881
2026-05-02,US11135F1012,AVGO,2027-06-17,call,220.0,215.52,216.55,220.4,0.6279944427490236,20,155
2026-05-02,US11135F1012,AVGO,2027-06-17,call,230.0,211.32,208.4,211.2,0.6109352871704102,1,1726
2026-05-02,US11135F1012,AVGO,2027-06-17,call,240.0,197.15,200.4,203.2,0.6014749325561525,1,1217
2026-05-02,US11135F1012,AVGO,2027-06-17,call,250.0,189.85,192.6,195.45,0.593326820678711,2,603
2026-05-02,US11135F1012,AVGO,2027-06-17,call,260.0,182.05,185.0,188.05,0.5867503483581542,8,236
2026-05-02,US11135F1012,AVGO,2027-06-17,call,270.0,180.77,177.55,180.95,0.5810131010437012,10,129
2026-05-02,US11135F1012,AVGO,2027-06-17,call,280.0,173.69,170.35,173.8,0.574848611907959,2,335
2026-05-02,US11135F1012,AVGO,2027-06-17,call,290.0,166.48,163.3,166.2,0.5661817063903809,10,172
2026-05-02,US11135F1012,AVGO,2027-06-17,call,300.0,159.58,156.45,158.95,0.5588117849731445,2,1214
2026-05-02,US11135F1012,AVGO,2027-06-17,call,310.0,134.38,149.85,153.2,0.557270662689209,1,518
2026-05-02,US11135F1012,AVGO,2027-06-17,call,320.0,146.57,143.45,146.4,0.5510756562805177,1,435
2026-05-02,US11135F1012,AVGO,2027-06-17,call,330.0,139.45,137.25,140.15,0.5465590998840333,5,373
2026-05-02,US11135F1012,AVGO,2027-06-17,call,340.0,126.0,131.3,134.3,0.5431869412231446,2,1692
2026-05-02,US11135F1012,AVGO,2027-06-17,call,350.0,128.0,125.5,128.5,0.5393417648315432,11,1104
2026-05-02,US11135F1012,AVGO,2027-06-17,call,360.0,120.11,119.9,123.65,0.5381973670959475,2,391
2026-05-02,US11135F1012,AVGO,2027-06-17,call,370.0,118.0,114.55,117.2,0.5315522309112549,2,406
2026-05-02,US11135F1012,AVGO,2027-06-17,call,380.0,110.71,109.35,112.4,0.5296525306701663,16,406
2026-05-02,US11135F1012,AVGO,2027-06-17,call,390.0,106.7,104.35,107.5,0.5270127865600586,2,2072
2026-05-02,US11135F1012,AVGO,2027-06-17,call,400.0,102.63,99.6,103.4,0.5265397688293458,6,2751
2026-05-02,US11135F1012,AVGO,2027-06-17,call,410.0,97.93,95.05,98.1,0.5220842469787597,14,3082
2026-05-02,US11135F1012,AVGO,2027-06-17,call,420.0,94.11,90.65,93.7,0.5198259687805176,13,973
2026-05-02,US11135F1012,AVGO,2027-06-17,call,430.0,89.15,86.0,89.65,0.5169573451232912,4,749
2026-05-02,US11135F1012,AVGO,2027-06-17,call,440.0,85.0,82.45,85.55,0.5162249305725097,9,492
2026-05-02,US11135F1012,AVGO,2027-06-17,call,450.0,80.92,79.6,81.15,0.5157519128417969,26,805
2026-05-02,US11135F1012,AVGO,2027-06-17,call,460.0,74.25,75.7,78.15,0.5154314814758301,7,857
2026-05-02,US11135F1012,AVGO,2027-06-17,call,470.0,74.02,71.75,74.7,0.5129061771392822,2,441
2026-05-02,US11135F1012,AVGO,2027-06-17,call,480.0,70.71,68.3,71.3,0.5111438046264648,4,677
2026-05-02,US11135F1012,AVGO,2027-06-17,call,490.0,67.43,65.0,68.3,0.5101825105285647,3,302
2026-05-02,US11135F1012,AVGO,2027-06-17,call,500.0,63.5,62.6,65.1,0.5104571659851074,13,1363
2026-05-02,US11135F1012,AVGO,2027-06-17,call,510.0,58.13,59.55,61.5,0.5070850073242188,1,322
2026-05-02,US11135F1012,AVGO,2027-06-17,call,520.0,57.25,56.85,58.7,0.5062686702728272,2,177
2026-05-02,US11135F1012,AVGO,2027-06-17,call,530.0,55.21,54.5,56.1,0.5063525927734375,1,471
2026-05-02,US11135F1012,AVGO,2027-06-17,call,540.0,53.51,51.9,53.55,0.5052310829925537,14,333
2026-05-02,US11135F1012,AVGO,2027-06-17,call,560.0,48.95,46.7,48.95,0.502583709564209,3,693
2026-05-02,US11135F1012,AVGO,2027-06-17,call,570.0,46.87,45.15,48.0,0.5073901800537108,2,773
2026-05-02,US11135F1012,AVGO,2027-06-17,call,580.0,44.83,42.65,44.8,0.5022937954711916,4,380
2026-05-02,US11135F1012,AVGO,2027-06-17,call,590.0,41.0,40.95,43.25,0.5038654350280762,1,350
2026-05-02,US11135F1012,AVGO,2027-06-17,call,600.0,41.07,38.95,41.1,0.5022480195617678,139,1966
2026-05-02,US11135F1012,AVGO,2027-06-17,call,620.0,36.27,35.75,37.65,0.5025303043365479,124,44
2026-05-02,US11135F1012,AVGO,2027-06-17,put,90.0,1.04,0.69,1.2,0.6997100341796876,2,97
2026-05-02,US11135F1012,AVGO,2027-06-17,put,95.0,1.04,0.89,1.38,0.6950714086914063,6,22
2026-05-02,US11135F1012,AVGO,2027-06-17,put,100.0,1.25,0.93,1.59,0.6829865686035157,5,66
2026-05-02,US11135F1012,AVGO,2027-06-17,put,105.0,1.48,1.15,1.64,0.6716341430664063,8,79
2026-05-02,US11135F1012,AVGO,2027-06-17,put,110.0,1.72,1.13,1.91,0.659305164794922,5,116
2026-05-02,US11135F1012,AVGO,2027-06-17,put,115.0,1.77,1.49,2.02,0.6543003320312502,8,74
2026-05-02,US11135F1012,AVGO,2027-06-17,put,120.0,2.15,1.5,2.28,0.6422154919433594,2,42
2026-05-02,US11135F1012,AVGO,2027-06-17,put,125.0,2.35,1.89,2.58,0.641727215576172,1,55
2026-05-02,US11135F1012,AVGO,2027-06-17,put,130.0,2.29,2.08,2.61,0.6278723736572267,4,1424
2026-05-02,US11135F1012,AVGO,2027-06-17,put,135.0,2.73,2.3,2.88,0.6206092626953126,1,153
2026-05-02,US11135F1012,AVGO,2027-06-17,put,140.0,2.72,2.54,2.99,0.609928217163086,3,1433
2026-05-02,US11135F1012,AVGO,2027-06-17,put,145.0,3.7,2.79,3.8,0.6132851171875001,5,310
2026-05-02,US11135F1012,AVGO,2027-06-17,put,150.0,3.36,2.66,3.95,0.59570716796875,1,162
2026-05-02,US11135F1012,AVGO,2027-06-17,put,155.0,4.05,2.99,3.85,0.582584740600586,1,114
2026-05-02,US11135F1012,AVGO,2027-06-17,put,160.0,3.84,3.25,4.0,0.5728192132568359,2,609
2026-05-02,US11135F1012,AVGO,2027-06-17,put,165.0,4.65,4.0,4.8,0.5805706005859376,10,104
2026-05-02,US11135F1012,AVGO,2027-06-17,put,170.0,5.52,3.65,4.95,0.5611005804443359,1,372
2026-05-02,US11135F1012,AVGO,2027-06-17,put,175.0,5.36,4.7,5.6,0.5684247259521484,1,52
2026-05-02,US11135F1012,AVGO,2027-06-17,put,180.0,5.39,5.15,6.05,0.563602996826172,1,169
2026-05-02,US11135F1012,AVGO,2027-06-17,put,185.0,6.9,4.7,6.2,0.5441024594116212,80,110
2026-05-02,US11135F1012,AVGO,2027-06-17,put,190.0,7.21,5.25,6.9,0.5431869412231446,1,823
2026-05-02,US11135F1012,AVGO,2027-06-17,put,195.0,7.29,6.2,7.65,0.546025047607422,2,111
2026-05-02,US11135F1012,AVGO,2027-06-17,put,200.0,7.22,6.95,8.2,0.543644700317383,11,2172
2026-05-02,US11135F1012,AVGO,2027-06-17,put,210.0,8.37,7.95,8.7,0.5272264074707032,2,962
2026-05-02,US11135F1012,AVGO,2027-06-17,put,220.0,9.79,9.2,10.0,0.5190782955932617,2,1150
2026-05-02,US11135F1012,AVGO,2027-06-17,put,230.0,12.93,10.75,11.45,0.5126391510009765,1,836
2026-05-02,US11135F1012,AVGO,2027-06-17,put,240.0,15.29,12.1,13.1,0.504460521850586,31,1813
2026-05-02,US11135F1012,AVGO,2027-06-17,put,250.0,14.4,14.2,14.9,0.5003712072753908,2,2740
2026-05-02,US11135F1012,AVGO,2027-06-17,put,260.0,16.5,15.55,17.65,0.5071765591430665,9,1408
2026-05-02,US11135F1012,AVGO,2027-06-17,put,270.0,18.7,18.0,19.1,0.49358111404418953,12,1331
2026-05-02,US11135F1012,AVGO,2027-06-17,put,280.0,21.14,19.85,21.8,0.49158223266601564,9,2879
2026-05-02,US11135F1012,AVGO,2027-06-17,put,290.0,23.85,22.6,25.0,0.4922230953979493,20,509
2026-05-02,US11135F1012,AVGO,2027-06-17,put,300.0,26.63,25.55,27.75,0.48694360717773444,9,1674
2026-05-02,US11135F1012,AVGO,2027-06-17,put,310.0,29.6,28.7,29.8,0.4746451461791992,9,1044
2026-05-02,US11135F1012,AVGO,2027-06-17,put,320.0,32.88,31.9,33.55,0.47482824981689453,5,911
2026-05-02,US11135F1012,AVGO,2027-06-17,put,330.0,35.77,34.6,36.95,0.47067790069580084,82,557
2026-05-02,US11135F1012,AVGO,2027-06-17,put,340.0,39.58,38.7,40.25,0.4645057822418214,3,921
2026-05-02,US11135F1012,AVGO,2027-06-17,put,350.0,42.74,41.95,44.75,0.4653831538391114,80,988
2026-05-02,US11135F1012,AVGO,2027-06-17,put,360.0,47.75,46.75,49.3,0.4650322052001954,19,268
2026-05-02,US11135F1012,AVGO,2027-06-17,put,370.0,52.0,50.25,53.05,0.4581658187866212,6,157
2026-05-02,US11135F1012,AVGO,2027-06-17,put,380.0,56.2,55.65,57.5,0.45465633239746095,20,114
2026-05-02,US11135F1012,AVGO,2027-06-17,put,390.0,64.0,60.5,62.15,0.45120788055419925,2,387
2026-05-02,US11135F1012,AVGO,2027-06-17,put,400.0,66.6,64.55,67.6,0.4513986135101319,2,622
2026-05-02,US11135F1012,AVGO,2027-06-17,put,410.0,71.6,69.7,72.8,0.4489190850830078,1,59
2026-05-02,US11135F1012,AVGO,2027-06-17,put,420.0,76.9,76.15,77.75,0.4439142523193359,162,185
2026-05-02,US11135F1012,AVGO,2027-06-17,put,430.0,82.1,81.6,83.7,0.44360907958984375,6,104
2026-05-02,US11135F1012,AVGO,2027-06-17,put,440.0,92.7,86.9,89.4,0.4408320077514648,20,77
2026-05-02,US11135F1012,AVGO,2027-06-17,put,450.0,97.09,92.35,95.4,0.4387415745544434,8,35
2026-05-02,US11135F1012,AVGO,2027-06-17,put,460.0,103.8,98.65,101.85,0.4382075222778321,6,102
2026-05-02,US11135F1012,AVGO,2027-06-17,put,470.0,109.05,104.85,108.15,0.43588058021545417,1,33
2026-05-02,US11135F1012,AVGO,2027-06-17,put,480.0,112.68,111.35,114.4,0.43234820587158207,1,45
2026-05-02,US11135F1012,AVGO,2027-06-17,put,490.0,123.68,118.55,121.2,0.43100544586181644,7,82
2026-05-02,US11135F1012,AVGO,2027-06-17,put,500.0,164.14,124.9,128.05,0.429067599029541,6,33
2026-05-02,US11135F1012,AVGO,2027-06-17,put,510.0,132.9,131.85,134.8,0.42569544036865237,2,214
2026-05-02,US11135F1012,AVGO,2027-06-17,put,520.0,157.0,139.0,142.2,0.42520716400146485,7,31
2026-05-02,US11135F1012,AVGO,2027-06-17,put,530.0,223.14,155.55,158.5,0.4752707502746582,2,91
2026-05-02,US11135F1012,AVGO,2027-06-17,put,540.0,231.15,153.45,156.7,0.42009552078247075,2,84
2026-05-02,US11135F1012,AVGO,2027-06-17,put,560.0,238.4,168.7,172.05,0.41687594848632803,2,114
2026-05-02,US11135F1012,AVGO,2027-06-17,put,570.0,249.45,176.8,179.9,0.41522801574707036,2,10
2026-05-02,US11135F1012,AVGO,2027-06-17,put,580.0,261.5,184.0,187.8,0.4131528411865234,2,10
2026-05-02,US11135F1012,AVGO,2027-06-17,put,590.0,193.78,192.75,195.8,0.4110013734436035,2,21
2026-05-02,US11135F1012,AVGO,2027-06-17,put,600.0,204.86,200.05,203.95,0.4091093025207519,5,10
2026-05-02,US11135F1012,AVGO,2027-09-17,call,155.0,193.55,260.9,264.75,1.0000000000000003e-05,2,2
2026-05-02,US11135F1012,AVGO,2027-09-17,call,170.0,180.58,191.0,195.4,1.0000000000000003e-05,,1
2026-05-02,US11135F1012,AVGO,2027-09-17,call,175.0,265.09,257.85,261.5,0.6678805184936526,1,2
2026-05-02,US11135F1012,AVGO,2027-09-17,call,180.0,176.39,0.0,0.0,1.0000000000000003e-05,1,0
2026-05-02,US11135F1012,AVGO,2027-09-17,call,185.0,248.48,249.45,253.15,0.6560092993164064,,1
2026-05-02,US11135F1012,AVGO,2027-09-17,call,190.0,225.7,245.3,249.15,0.6512791220092774,5,17
2026-05-02,US11135F1012,AVGO,2027-09-17,call,195.0,159.0,173.3,176.1,1.0000000000000003e-05,,4
2026-05-02,US11135F1012,AVGO,2027-09-17,call,200.0,195.64,237.1,240.95,0.6402166105651854,32,36
2026-05-02,US11135F1012,AVGO,2027-09-17,call,210.0,210.16,229.05,232.55,0.6279639254760744,9,16
2026-05-02,US11135F1012,AVGO,2027-09-17,call,220.0,195.75,221.15,224.8,0.6194953822326663,2,17
2026-05-02,US11135F1012,AVGO,2027-09-17,call,230.0,153.2,213.4,217.25,0.6117745121765139,2,3
2026-05-02,US11135F1012,AVGO,2027-09-17,call,240.0,187.9,205.85,209.55,0.6031838998413087,3,8
2026-05-02,US11135F1012,AVGO,2027-09-17,call,250.0,192.1,198.45,202.3,0.5964395825195312,1,14
2026-05-02,US11135F1012,AVGO,2027-09-17,call,260.0,153.36,191.25,194.95,0.589069661102295,2,14
2026-05-02,US11135F1012,AVGO,2027-09-17,call,270.0,178.25,184.2,187.0,0.5788768919372558,1,15
2026-05-02,US11135F1012,AVGO,2027-09-17,call,280.0,161.0,177.35,181.0,0.5765423205566407,1,24
2026-05-02,US11135F1012,AVGO,2027-09-17,call,290.0,165.2,170.7,173.5,0.5679974841308593,1,17
2026-05-02,US11135F1012,AVGO,2027-09-17,call,300.0,166.66,164.25,167.2,0.5638013591003419,2,78
2026-05-02,US11135F1012,AVGO,2027-09-17,call,310.0,145.77,157.95,160.95,0.5592542854309084,24,64
2026-05-02,US11135F1012,AVGO,2027-09-17,call,320.0,148.12,151.85,155.7,0.5577741976928713,3,108
2026-05-02,US11135F1012,AVGO,2027-09-17,call,330.0,131.3,146.0,149.0,0.5512740185546876,2,215
2026-05-02,US11135F1012,AVGO,2027-09-17,call,340.0,125.35,140.3,144.05,0.5499922930908205,3,273
2026-05-02,US11135F1012,AVGO,2027-09-17,call,350.0,121.35,134.75,137.85,0.5443160803222657,4,71
2026-05-02,US11135F1012,AVGO,2027-09-17,call,360.0,130.3,129.45,133.2,0.5432250878143311,2,301
2026-05-02,US11135F1012,AVGO,2027-09-17,call,370.0,111.22,124.3,127.25,0.5378540477752686,2,126
2026-05-02,US11135F1012,AVGO,2027-09-17,call,380.0,122.08,119.3,122.45,0.5354431832122803,3,51
2026-05-02,US11135F1012,AVGO,2027-09-17,call,390.0,116.19,114.5,117.65,0.5327652925109863,4,71
2026-05-02,US11135F1012,AVGO,2027-09-17,call,400.0,111.32,109.9,113.05,0.530400203857422,40,2639
2026-05-02,US11135F1012,AVGO,2027-09-17,call,410.0,95.0,105.45,108.15,0.5268754588317872,2,111
2026-05-02,US11135F1012,AVGO,2027-09-17,call,420.0,103.74,101.4,103.9,0.5254258883666992,8,370
2026-05-02,US11135F1012,AVGO,2027-09-17,call,430.0,99.67,97.2,99.75,0.5231065756225585,6,116
2026-05-02,US11135F1012,AVGO,2027-09-17,call,440.0,90.81,93.4,96.45,0.5233507138061523,4,114
2026-05-02,US11135F1012,AVGO,2027-09-17,call,450.0,86.65,90.0,92.7,0.5227479976654053,5,218
2026-05-02,US11135F1012,AVGO,2027-09-17,call,460.0,83.86,85.8,89.4,0.5205812712860106,2,140
2026-05-02,US11135F1012,AVGO,2027-09-17,call,470.0,85.05,82.35,85.6,0.5184221742248536,3,122
2026-05-02,US11135F1012,AVGO,2027-09-17,call,480.0,78.97,79.6,81.9,0.5176897596740724,32,196
2026-05-02,US11135F1012,AVGO,2027-09-17,call,490.0,77.5,75.5,79.2,0.5154619987487792,10,297
2026-05-02,US11135F1012,AVGO,2027-09-17,call,500.0,75.55,72.5,75.75,0.5135470398712157,28,940
2026-05-02,US11135F1012,AVGO,2027-09-17,call,520.0,68.86,68.2,70.3,0.5160341976165772,9,67
2026-05-02,US11135F1012,AVGO,2027-09-17,call,540.0,63.7,62.95,65.35,0.5152941537475585,40,22
2026-05-02,US11135F1012,AVGO,2027-09-17,call,560.0,58.97,58.3,59.85,0.5127383321380614,4,88
2026-05-02,US11135F1012,AVGO,2027-09-17,call,580.0,55.27,54.05,56.3,0.5144091528320311,2,234
2026-05-02,US11135F1012,AVGO,2027-09-17,call,640.0,43.86,42.85,44.3,0.5102511743927003,41,34
2026-05-02,US11135F1012,AVGO,2027-09-17,put,155.0,5.2,4.2,5.2,0.5647016186523439,1,66
2026-05-02,US11135F1012,AVGO,2027-09-17,put,160.0,6.0,4.75,5.75,0.5628400650024415,2,63
2026-05-02,US11135F1012,AVGO,2027-09-17,put,165.0,8.35,5.2,6.15,0.5571333349609376,17,73
2026-05-02,US11135F1012,AVGO,2027-09-17,put,170.0,7.2,5.6,6.6,0.551060397644043,1,33
2026-05-02,US11135F1012,AVGO,2027-09-17,put,175.0,7.02,5.5,7.65,0.545750392150879,1,15
2026-05-02,US11135F1012,AVGO,2027-09-17,put,180.0,7.32,5.95,8.3,0.541569525756836,1,79
2026-05-02,US11135F1012,AVGO,2027-09-17,put,185.0,8.2,6.6,8.2,0.5317429638671876,5,61
2026-05-02,US11135F1012,AVGO,2027-09-17,put,190.0,9.25,7.25,9.2,0.531956584777832,6,42
2026-05-02,US11135F1012,AVGO,2027-09-17,put,195.0,12.15,8.05,9.95,0.530400203857422,11,82
2026-05-02,US11135F1012,AVGO,2027-09-17,put,200.0,13.24,9.15,10.5,0.5289964093017578,23,75
2026-05-02,US11135F1012,AVGO,2027-09-17,put,210.0,11.03,9.95,11.5,0.5134631173706053,1,75
2026-05-02,US11135F1012,AVGO,2027-09-17,put,220.0,15.2,11.95,13.8,0.5143938941955566,1040,1313
2026-05-02,US11135F1012,AVGO,2027-09-17,put,230.0,14.53,14.1,15.5,0.5098315618896485,2,347
2026-05-02,US11135F1012,AVGO,2027-09-17,put,240.0,16.79,16.05,17.55,0.5043689700317383,2,1480
2026-05-02,US11135F1012,AVGO,2027-09-17,put,250.0,18.5,17.25,19.05,0.4999897413635254,3,517
2026-05-02,US11135F1012,AVGO,2027-09-17,put,260.0,28.02,19.45,22.05,0.501179915008545,2,751
2026-05-02,US11135F1012,AVGO,2027-09-17,put,270.0,23.45,22.9,24.6,0.4962513754272462,5,201
2026-05-02,US11135F1012,AVGO,2027-09-17,put,280.0,26.15,25.55,27.0,0.4887746435546876,2,232
2026-05-02,US11135F1012,AVGO,2027-09-17,put,290.0,29.1,27.35,30.05,0.4854787780761719,5,160
2026-05-02,US11135F1012,AVGO,2027-09-17,put,300.0,32.15,31.35,33.45,0.4834646380615235,4,45
2026-05-02,US11135F1012,AVGO,2027-09-17,put,310.0,34.97,33.6,36.45,0.47720859710693364,2,214
2026-05-02,US11135F1012,AVGO,2027-09-17,put,320.0,40.0,37.8,39.85,0.47272255798339846,2,112
2026-05-02,US11135F1012,AVGO,2027-09-17,put,330.0,43.6,40.65,44.05,0.4724097559356689,2,63
2026-05-02,US11135F1012,AVGO,2027-09-17,put,340.0,47.28,44.45,47.45,0.46571884384155277,2,106
2026-05-02,US11135F1012,AVGO,2027-09-17,put,350.0,57.8,49.7,51.35,0.4612328047180176,1,68
2026-05-02,US11135F1012,AVGO,2027-09-17,put,360.0,63.0,53.0,55.7,0.4584481035614014,1,38
2026-05-02,US11135F1012,AVGO,2027-09-17,put,370.0,59.9,57.3,60.3,0.45607538558959965,2,21
2026-05-02,US11135F1012,AVGO,2027-09-17,put,380.0,62.89,62.05,64.8,0.45213865737915043,1,134
2026-05-02,US11135F1012,AVGO,2027-09-17,put,390.0,69.94,66.8,69.95,0.45085693191528325,3,15
2026-05-02,US11135F1012,AVGO,2027-09-17,put,400.0,73.55,72.25,74.55,0.4456308489227294,1,193
2026-05-02,US11135F1012,AVGO,2027-09-17,put,410.0,86.22,77.1,80.45,0.446492961883545,2,30
2026-05-02,US11135F1012,AVGO,2027-09-17,put,420.0,86.35,83.0,86.15,0.4453333055114746,13,61
2026-05-02,US11135F1012,AVGO,2027-09-17,put,430.0,150.0,88.15,91.1,0.4393900666046143,2,2
2026-05-02,US11135F1012,AVGO,2027-09-17,put,450.0,104.23,99.9,103.1,0.4359492440795898,1,4
2026-05-02,US11135F1012,AVGO,2027-09-17,put,460.0,161.75,106.15,108.7,0.4309901872253418,4,7
2026-05-02,US11135F1012,AVGO,2027-09-17,put,470.0,165.3,0.0,0.0,1.0000000000000003e-05,2,0
2026-05-02,US11135F1012,AVGO,2027-09-17,put,480.0,183.86,126.3,130.05,0.47022014160156256,2,8
2026-05-02,US11135F1012,AVGO,2027-09-17,put,490.0,174.36,133.2,136.3,0.46631393066406257,,1
2026-05-02,US11135F1012,AVGO,2027-09-17,put,500.0,133.19,132.05,135.05,0.42368130035400386,2,10
2026-05-02,US11135F1012,AVGO,2027-09-17,put,520.0,157.9,146.0,149.2,0.4207211248779297,4,2
2026-05-02,US11135F1012,AVGO,2027-09-17,put,560.0,194.21,175.5,178.55,0.41238990936279296,,1
2026-05-02,US11135F1012,AVGO,2027-09-17,put,580.0,203.84,190.85,193.95,0.40834637069702145,4,1
2026-05-02,US11135F1012,AVGO,2027-12-17,call,70.0,359.0,351.95,355.5,0.7944356494140624,1,207
2026-05-02,US11135F1012,AVGO,2027-12-17,call,75.0,344.3,347.4,351.0,0.7904073693847657,6,159
2026-05-02,US11135F1012,AVGO,2027-12-17,call,80.0,343.0,342.9,346.5,0.7855246057128906,1,162
2026-05-02,US11135F1012,AVGO,2027-12-17,call,85.0,334.5,338.4,342.0,0.7790549438476562,6,2576
2026-05-02,US11135F1012,AVGO,2027-12-17,call,90.0,309.55,333.9,337.5,0.77148666015625,1,119
2026-05-02,US11135F1012,AVGO,2027-12-17,call,95.0,330.0,329.4,333.0,0.7630638928222657,8,15
2026-05-02,US11135F1012,AVGO,2027-12-17,call,100.0,320.1,324.95,328.5,0.7549462982177735,25,562
2026-05-02,US11135F1012,AVGO,2027-12-17,call,105.0,329.3,320.5,324.0,0.7463404272460938,20,317
2026-05-02,US11135F1012,AVGO,2027-12-17,call,110.0,195.58,316.1,320.0,0.7450587017822266,1,47
2026-05-02,US11135F1012,AVGO,2027-12-17,call,115.0,293.04,311.7,315.5,0.7359645544433593,2,28
2026-05-02,US11135F1012,AVGO,2027-12-17,call,120.0,315.17,307.35,311.0,0.7272976489257812,2,64
2026-05-02,US11135F1012,AVGO,2027-12-17,call,125.0,301.42,303.0,306.5,0.7184171224975585,5,92
2026-05-02,US11135F1012,AVGO,2027-12-17,call,130.0,276.2,298.65,302.0,0.7094145269775392,1,52
2026-05-02,US11135F1012,AVGO,2027-12-17,call,135.0,191.5,294.4,298.0,0.7063627996826172,9,53
2026-05-02,US11135F1012,AVGO,2027-12-17,call,140.0,175.0,290.1,294.0,0.702151416015625,1,97
2026-05-02,US11135F1012,AVGO,2027-12-17,call,145.0,292.82,285.85,289.5,0.6933014068603516,1,38
2026-05-02,US11135F1012,AVGO,2027-12-17,call,150.0,262.34,281.6,285.45,0.6882965740966798,1,564
2026-05-02,US11135F1012,AVGO,2027-12-17,call,155.0,238.93,277.4,281.3,0.6824372576904298,2,49
2026-05-02,US11135F1012,AVGO,2027-12-17,call,160.0,253.95,273.2,277.0,0.6751436294555665,2,91
2026-05-02,US11135F1012,AVGO,2027-12-17,call,165.0,250.15,269.1,272.95,0.67032190032959,2,81
2026-05-02,US11135F1012,AVGO,2027-12-17,call,170.0,265.07,265.0,268.85,0.6647982739257814,1,195
2026-05-02,US11135F1012,AVGO,2027-12-17,call,175.0,250.95,260.85,264.75,0.6586795606994629,1,259
2026-05-02,US11135F1012,AVGO,2027-12-17,call,180.0,238.2,256.8,259.85,0.6477696356201172,2,193
2026-05-02,US11135F1012,AVGO,2027-12-17,call,185.0,249.85,252.8,256.5,0.6471287728881835,1,114
2026-05-02,US11135F1012,AVGO,2027-12-17,call,190.0,249.98,248.8,252.7,0.6431920446777344,5,291
2026-05-02,US11135F1012,AVGO,2027-12-17,call,195.0,243.98,244.85,248.75,0.6383397982788085,4,307
2026-05-02,US11135F1012,AVGO,2027-12-17,call,200.0,221.27,241.0,244.5,0.6321295332336427,1,1916
2026-05-02,US11135F1012,AVGO,2027-12-17,call,210.0,233.57,233.25,237.0,0.6243018527221681,1,428
2026-05-02,US11135F1012,AVGO,2027-12-17,call,220.0,225.85,225.75,229.45,0.6164436549377443,10,1313
2026-05-02,US11135F1012,AVGO,2027-12-17,call,230.0,211.7,218.35,222.0,0.6085549398803712,1,1044
2026-05-02,US11135F1012,AVGO,2027-12-17,call,240.0,212.7,211.15,214.85,0.6019784675598148,1,580
2026-05-02,US11135F1012,AVGO,2027-12-17,call,250.0,187.92,204.1,207.65,0.5948526843261719,2,3279
2026-05-02,US11135F1012,AVGO,2027-12-17,call,260.0,178.58,197.2,200.0,0.5857280197143554,20,770
2026-05-02,US11135F1012,AVGO,2027-12-17,call,270.0,184.43,190.5,193.5,0.5810283596801759,1,544
2026-05-02,US11135F1012,AVGO,2027-12-17,call,280.0,185.97,184.0,186.9,0.5757488714599608,1,938
2026-05-02,US11135F1012,AVGO,2027-12-17,call,290.0,160.12,177.65,180.95,0.5723385662078858,36,645
2026-05-02,US11135F1012,AVGO,2027-12-17,call,300.0,173.58,171.5,175.2,0.5692944682312011,3,1609
2026-05-02,US11135F1012,AVGO,2027-12-17,call,310.0,158.68,165.5,169.05,0.5645185150146486,1,414
2026-05-02,US11135F1012,AVGO,2027-12-17,call,320.0,154.5,159.7,163.05,0.5600477345275878,28,560
2026-05-02,US11135F1012,AVGO,2027-12-17,call,330.0,152.83,154.1,157.0,0.5552641519927979,22,550
2026-05-02,US11135F1012,AVGO,2027-12-17,call,340.0,151.4,148.6,151.5,0.5516554844665527,38,621
2026-05-02,US11135F1012,AVGO,2027-12-17,call,350.0,144.05,143.4,146.3,0.5489928524017336,3,3562
2026-05-02,US11135F1012,AVGO,2027-12-17,call,360.0,134.87,138.2,141.35,0.5462539271545412,14,525
2026-05-02,US11135F1012,AVGO,2027-12-17,call,370.0,120.45,133.3,136.45,0.5437362521362306,1,603
2026-05-02,US11135F1012,AVGO,2027-12-17,call,380.0,129.86,128.5,131.5,0.5406463782501222,1,882
2026-05-02,US11135F1012,AVGO,2027-12-17,call,390.0,124.6,123.85,127.25,0.5390976266479494,3,386
2026-05-02,US11135F1012,AVGO,2027-12-17,call,400.0,121.97,119.4,122.5,0.5361069338989258,6,1073
2026-05-02,US11135F1012,AVGO,2027-12-17,call,410.0,117.89,115.1,118.3,0.5342453802490235,2,533
2026-05-02,US11135F1012,AVGO,2027-12-17,call,420.0,113.25,110.95,114.1,0.5321396884155273,42,1054
2026-05-02,US11135F1012,AVGO,2027-12-17,call,430.0,108.87,107.05,110.55,0.5316361534118652,4,652
2026-05-02,US11135F1012,AVGO,2027-12-17,call,440.0,99.78,103.15,106.45,0.5291947715759278,2,301
2026-05-02,US11135F1012,AVGO,2027-12-17,call,450.0,102.04,99.5,102.75,0.527768089065552,6,1115
2026-05-02,US11135F1012,AVGO,2027-12-17,call,460.0,98.66,95.9,99.2,0.5262651133728027,2,324
2026-05-02,US11135F1012,AVGO,2027-12-17,call,470.0,94.19,92.5,95.05,0.5232896792602538,2,291
2026-05-02,US11135F1012,AVGO,2027-12-17,call,480.0,91.75,90.15,92.5,0.5260591217803955,4,340
2026-05-02,US11135F1012,AVGO,2027-12-17,call,490.0,88.68,86.5,88.75,0.5224351956176757,4,295
2026-05-02,US11135F1012,AVGO,2027-12-17,call,500.0,84.31,83.5,85.55,0.5211610994720457,3,1098
2026-05-02,US11135F1012,AVGO,2027-12-17,call,510.0,81.65,80.5,83.45,0.5219774365234374,3,310
2026-05-02,US11135F1012,AVGO,2027-12-17,call,520.0,79.93,77.8,80.4,0.5208330387878417,77,310
2026-05-02,US11135F1012,AVGO,2027-12-17,call,530.0,75.55,74.35,77.75,0.5184374328613282,1,1110
2026-05-02,US11135F1012,AVGO,2027-12-17,call,540.0,73.11,71.5,74.6,0.5158434646606446,3,121
2026-05-02,US11135F1012,AVGO,2027-12-17,call,560.0,66.2,67.5,69.6,0.5164614394378662,66,652
2026-05-02,US11135F1012,AVGO,2027-12-17,call,570.0,63.7,65.15,67.6,0.5165453619384766,24,577
2026-05-02,US11135F1012,AVGO,2027-12-17,call,580.0,64.97,62.5,65.85,0.5161410080718994,4,983
2026-05-02,US11135F1012,AVGO,2027-12-17,call,590.0,53.9,60.4,62.7,0.5133639362335204,1,1469
2026-05-02,US11135F1012,AVGO,2027-12-17,call,600.0,59.76,58.75,61.6,0.5161791546630858,3,4222
2026-05-02,US11135F1012,AVGO,2027-12-17,call,640.0,53.15,51.2,53.8,0.5138674712371826,7,40
2026-05-02,US11135F1012,AVGO,2027-12-17,put,70.0,1.12,0.82,1.35,0.6909210595703126,20,727
2026-05-02,US11135F1012,AVGO,2027-12-17,put,75.0,1.31,0.98,1.6,0.6828644995117189,40,156
2026-05-02,US11135F1012,AVGO,2027-12-17,put,80.0,1.33,1.0,1.69,0.6618686157226563,4,101
2026-05-02,US11135F1012,AVGO,2027-12-17,put,85.0,1.67,1.2,2.12,0.6608920629882813,3,300
2026-05-02,US11135F1012,AVGO,2027-12-17,put,90.0,2.17,1.49,2.02,0.6438023901367188,1,106
2026-05-02,US11135F1012,AVGO,2027-12-17,put,95.0,2.11,1.62,2.41,0.6370885900878906,4,451
2026-05-02,US11135F1012,AVGO,2027-12-17,put,100.0,2.05,2.05,2.6,0.6320837573242188,2,201
2026-05-02,US11135F1012,AVGO,2027-12-17,put,105.0,2.42,2.12,2.86,0.6193275372314455,11,756
2026-05-02,US11135F1012,AVGO,2027-12-17,put,110.0,2.8,2.59,3.15,0.6160927062988282,2,248
2026-05-02,US11135F1012,AVGO,2027-12-17,put,115.0,3.1,2.85,3.85,0.6154823608398439,4,179
2026-05-02,US11135F1012,AVGO,2027-12-17,put,120.0,4.2,2.96,3.7,0.5955850988769531,2,198
2026-05-02,US11135F1012,AVGO,2027-12-17,put,125.0,3.74,3.5,4.7,0.6032754516601564,3,121
2026-05-02,US11135F1012,AVGO,2027-12-17,put,130.0,4.25,3.0,5.05,0.5827068096923829,3,207
2026-05-02,US11135F1012,AVGO,2027-12-17,put,135.0,4.84,3.8,5.35,0.581486118774414,5,269
2026-05-02,US11135F1012,AVGO,2027-12-17,put,140.0,5.36,3.65,6.2,0.5738568005371094,1,699
2026-05-02,US11135F1012,AVGO,2027-12-17,put,145.0,5.92,4.35,5.8,0.5609785113525392,44,278
2026-05-02,US11135F1012,AVGO,2027-12-17,put,150.0,6.0,5.55,6.35,0.5657392059326172,2,693
2026-05-02,US11135F1012,AVGO,2027-12-17,put,155.0,6.95,5.6,6.75,0.5545698840332032,200,260
2026-05-02,US11135F1012,AVGO,2027-12-17,put,160.0,6.9,6.25,7.45,0.5530135031127931,2,495
2026-05-02,US11135F1012,AVGO,2027-12-17,put,165.0,7.93,6.65,7.75,0.5443160803222657,1,209
2026-05-02,US11135F1012,AVGO,2027-12-17,put,170.0,8.99,7.4,8.5,0.5430953894042969,12,631
2026-05-02,US11135F1012,AVGO,2027-12-17,put,175.0,11.68,7.95,9.65,0.5428207339477541,1,1026
2026-05-02,US11135F1012,AVGO,2027-12-17,put,180.0,9.3,8.55,10.15,0.536839348449707,3,334
2026-05-02,US11135F1012,AVGO,2027-12-17,put,185.0,10.22,9.3,10.9,0.5337571038818358,100,275
2026-05-02,US11135F1012,AVGO,2027-12-17,put,190.0,10.64,10.45,11.55,0.5324143438720703,50,373
2026-05-02,US11135F1012,AVGO,2027-12-17,put,195.0,11.9,9.95,12.6,0.5217332983398437,1,485
2026-05-02,US11135F1012,AVGO,2027-12-17,put,200.0,13.61,11.65,13.2,0.5230150238037108,19,4176
2026-05-02,US11135F1012,AVGO,2027-12-17,put,210.0,14.7,12.55,14.9,0.5110827700805664,10,578
2026-05-02,US11135F1012,AVGO,2027-12-17,put,220.0,17.55,14.45,16.45,0.5034534518432617,3,3700
2026-05-02,US11135F1012,AVGO,2027-12-17,put,230.0,19.1,17.25,18.9,0.5040943145751953,6,1717
2026-05-02,US11135F1012,AVGO,2027-12-17,put,240.0,19.75,18.85,21.15,0.5067950932312011,1,848
2026-05-02,US11135F1012,AVGO,2027-12-17,put,250.0,23.32,20.9,23.55,0.501179915008545,3,1735
2026-05-02,US11135F1012,AVGO,2027-12-17,put,260.0,24.77,24.5,25.7,0.4923451644897462,10,439
2026-05-02,US11135F1012,AVGO,2027-12-17,put,270.0,28.99,26.75,29.1,0.49266559585571296,12,768
2026-05-02,US11135F1012,AVGO,2027-12-17,put,280.0,34.8,29.9,31.65,0.4850210189819336,1,696
2026-05-02,US11135F1012,AVGO,2027-12-17,put,290.0,35.8,33.05,35.05,0.48262541305542,25,362
2026-05-02,US11135F1012,AVGO,2027-12-17,put,300.0,40.65,36.05,38.0,0.4759879061889648,100,1484
2026-05-02,US11135F1012,AVGO,2027-12-17,put,310.0,44.7,38.6,41.65,0.47308876525878907,1,313
2026-05-02,US11135F1012,AVGO,2027-12-17,put,320.0,44.28,43.35,45.15,0.46820600158691406,1,610
2026-05-02,US11135F1012,AVGO,2027-12-17,put,330.0,49.58,47.1,48.55,0.4618584088134766,10,893
2026-05-02,US11135F1012,AVGO,2027-12-17,put,340.0,55.15,51.15,52.55,0.4582421119689942,1,562
2026-05-02,US11135F1012,AVGO,2027-12-17,put,350.0,57.2,54.45,56.8,0.4551369794464112,150,789
2026-05-02,US11135F1012,AVGO,2027-12-17,put,360.0,62.62,58.95,61.8,0.45523616058349614,10,231
2026-05-02,US11135F1012,AVGO,2027-12-17,put,370.0,68.0,63.5,66.5,0.4527184855651856,3,354
2026-05-02,US11135F1012,AVGO,2027-12-17,put,380.0,78.05,68.3,71.45,0.4506585696411133,15,263
2026-05-02,US11135F1012,AVGO,2027-12-17,put,390.0,84.0,73.7,76.3,0.4472406350708008,1,271
2026-05-02,US11135F1012,AVGO,2027-12-17,put,400.0,80.1,78.4,81.65,0.44557744369506835,1,218
2026-05-02,US11135F1012,AVGO,2027-12-17,put,410.0,93.35,84.2,86.45,0.440412395248413,2,337
2026-05-02,US11135F1012,AVGO,2027-12-17,put,420.0,93.42,89.75,92.35,0.43991648956298823,1,139
2026-05-02,US11135F1012,AVGO,2027-12-17,put,430.0,118.13,95.3,97.3,0.4340953197479248,1,640
2026-05-02,US11135F1012,AVGO,2027-12-17,put,440.0,105.65,101.25,103.9,0.435476226348877,12,119
2026-05-02,US11135F1012,AVGO,2027-12-17,put,450.0,109.35,106.55,109.15,0.4297389790344239,1,269
2026-05-02,US11135F1012,AVGO,2027-12-17,put,460.0,171.95,119.3,122.6,0.4619118140411378,2,28
2026-05-02,US11135F1012,AVGO,2027-12-17,put,470.0,144.02,119.3,122.2,0.4283199258422852,60,50
2026-05-02,US11135F1012,AVGO,2027-12-17,put,480.0,131.4,125.35,128.6,0.4260463890075684,10,59
2026-05-02,US11135F1012,AVGO,2027-12-17,put,490.0,158.42,131.95,134.95,0.4229183685302734,178,117
2026-05-02,US11135F1012,AVGO,2027-12-17,put,500.0,167.62,138.6,141.8,0.42152220329284673,1,104
2026-05-02,US11135F1012,AVGO,2027-12-17,put,510.0,173.96,145.45,148.65,0.41953858055114746,3,9
2026-05-02,US11135F1012,AVGO,2027-12-17,put,520.0,230.48,152.4,155.55,0.4172116384887695,25,87
2026-05-02,US11135F1012,AVGO,2027-12-17,put,530.0,216.05,0.0,0.0,1.0000000000000003e-05,53,0
2026-05-02,US11135F1012,AVGO,2027-12-17,put,540.0,191.5,166.65,169.15,0.40988749298095706,250,259
2026-05-02,US11135F1012,AVGO,2027-12-17,put,560.0,226.0,181.4,184.55,0.4089719747924804,1,121
2026-05-02,US11135F1012,AVGO,2027-12-17,put,570.0,216.83,188.95,192.05,0.40678998977661135,2,25
2026-05-02,US11135F1012,AVGO,2027-12-17,put,580.0,206.5,196.6,199.7,0.40482925498962397,2,42
2026-05-02,US11135F1012,AVGO,2027-12-17,put,590.0,204.13,204.35,207.4,0.4026091233825684,4,34
2026-05-02,US11135F1012,AVGO,2027-12-17,put,600.0,211.63,212.2,215.2,0.40039662109375,4,49
2026-05-02,US11135F1012,AVGO,2028-01-21,call,155.0,275.0,277.9,281.5,0.6687350021362306,1,26
2026-05-02,US11135F1012,AVGO,2028-01-21,call,160.0,254.25,273.75,277.5,0.664035342102051,3,11
2026-05-02,US11135F1012,AVGO,2028-01-21,call,165.0,248.6,269.65,273.5,0.6593356820678712,5,6
2026-05-02,US11135F1012,AVGO,2028-01-21,call,170.0,264.46,265.6,269.1,0.6519047261047364,1,111
2026-05-02,US11135F1012,AVGO,2028-01-21,call,175.0,263.17,261.6,265.5,0.6499668792724609,10,102
2026-05-02,US11135F1012,AVGO,2028-01-21,call,180.0,259.15,257.65,261.5,0.6453282537841796,11,35
2026-05-02,US11135F1012,AVGO,2028-01-21,call,185.0,255.28,253.65,257.5,0.6401098001098633,10,72
2026-05-02,US11135F1012,AVGO,2028-01-21,call,190.0,204.65,249.7,253.5,0.6349828982543947,1,37
2026-05-02,US11135F1012,AVGO,2028-01-21,call,195.0,229.43,245.85,249.75,0.631564963684082,3,23
2026-05-02,US11135F1012,AVGO,2028-01-21,call,200.0,244.85,241.95,245.85,0.6267737518310548,3,374
2026-05-02,US11135F1012,AVGO,2028-01-21,call,210.0,236.35,234.4,238.25,0.6188392608642579,2,101
2026-05-02,US11135F1012,AVGO,2028-01-21,call,220.0,229.93,226.95,230.9,0.6116066671752932,1,141
2026-05-02,US11135F1012,AVGO,2028-01-21,call,230.0,218.0,219.7,223.6,0.6045419184875491,1,120
2026-05-02,US11135F1012,AVGO,2028-01-21,call,240.0,209.54,212.65,216.25,0.5972025143432618,1,193
2026-05-02,US11135F1012,AVGO,2028-01-21,call,250.0,201.0,205.75,209.25,0.5910380252075197,2,777
2026-05-02,US11135F1012,AVGO,2028-01-21,call,260.0,199.0,198.95,202.5,0.5853312951660157,1,846
2026-05-02,US11135F1012,AVGO,2028-01-21,call,270.0,175.5,192.4,196.25,0.5814708601379395,2,569
2026-05-02,US11135F1012,AVGO,2028-01-21,call,280.0,188.28,185.95,189.55,0.5754284400939942,2,293
2026-05-02,US11135F1012,AVGO,2028-01-21,call,290.0,162.02,179.75,183.15,0.5704846418762208,1,340
2026-05-02,US11135F1012,AVGO,2028-01-21,call,300.0,175.44,173.65,177.1,0.5661817063903809,3,1509
2026-05-02,US11135F1012,AVGO,2028-01-21,call,310.0,169.31,167.8,171.65,0.5637098072814943,1,588
2026-05-02,US11135F1012,AVGO,2028-01-21,call,320.0,165.03,162.05,165.6,0.558872819519043,75,775
2026-05-02,US11135F1012,AVGO,2028-01-21,call,330.0,157.61,156.5,160.0,0.5552260054016114,1,570
2026-05-02,US11135F1012,AVGO,2028-01-21,call,340.0,153.95,151.15,154.45,0.5515639326477051,67,1296
2026-05-02,US11135F1012,AVGO,2028-01-21,call,350.0,148.41,145.95,149.2,0.5484359121704102,39,6197
2026-05-02,US11135F1012,AVGO,2028-01-21,call,360.0,142.34,140.9,144.15,0.5455596591949463,3,1169
2026-05-02,US11135F1012,AVGO,2028-01-21,call,370.0,137.08,136.0,139.55,0.5435760364532473,2,396
2026-05-02,US11135F1012,AVGO,2028-01-21,call,380.0,133.4,131.3,134.55,0.5403946107482913,1,348
2026-05-02,US11135F1012,AVGO,2028-01-21,call,390.0,128.0,126.7,130.0,0.5379990048217774,6,546
2026-05-02,US11135F1012,AVGO,2028-01-21,call,400.0,122.25,122.3,125.6,0.5358399077606201,49,1527
2026-05-02,US11135F1012,AVGO,2028-01-21,call,410.0,121.06,118.05,121.35,0.5338181384277343,90,694
2026-05-02,US11135F1012,AVGO,2028-01-21,call,420.0,115.0,113.9,117.5,0.5324296025085449,65,1880
2026-05-02,US11135F1012,AVGO,2028-01-21,call,430.0,112.52,109.95,113.3,0.5300950311279298,6,1531
2026-05-02,US11135F1012,AVGO,2028-01-21,call,440.0,109.34,106.15,109.65,0.5288819695281982,66,396
2026-05-02,US11135F1012,AVGO,2028-01-21,call,450.0,105.55,102.55,105.85,0.5272416661071777,16,1154
2026-05-02,US11135F1012,AVGO,2028-01-21,call,460.0,98.95,98.95,102.3,0.5256776558685303,4,663
2026-05-02,US11135F1012,AVGO,2028-01-21,call,470.0,97.6,95.9,98.75,0.5248765774536133,1,199
2026-05-02,US11135F1012,AVGO,2028-01-21,call,480.0,91.35,92.3,95.5,0.5230226531219481,1,265
2026-05-02,US11135F1012,AVGO,2028-01-21,call,490.0,80.38,89.15,92.2,0.5216188585662841,1,303
2026-05-02,US11135F1012,AVGO,2028-01-21,call,500.0,88.5,85.8,89.4,0.5204439435577392,48,1242
2026-05-02,US11135F1012,AVGO,2028-01-21,call,510.0,85.05,83.25,86.5,0.5204210556030272,66,269
2026-05-02,US11135F1012,AVGO,2028-01-21,call,520.0,80.95,80.25,82.7,0.5169115692138673,5,724
2026-05-02,US11135F1012,AVGO,2028-01-21,call,540.0,67.13,75.35,78.35,0.5185289846801758,2,416
2026-05-02,US11135F1012,AVGO,2028-01-21,call,560.0,62.55,70.2,72.5,0.5146380323791504,26,2029
2026-05-02,US11135F1012,AVGO,2028-01-21,call,570.0,67.0,67.4,71.0,0.5148669119262695,1,761
2026-05-02,US11135F1012,AVGO,2028-01-21,call,580.0,67.55,65.85,68.25,0.5147524721527099,44,800
2026-05-02,US11135F1012,AVGO,2028-01-21,call,590.0,67.04,63.25,66.7,0.5146456616973877,13,595
2026-05-02,US11135F1012,AVGO,2028-01-21,call,600.0,63.67,61.4,64.55,0.51455410987854,29,8730
2026-05-02,US11135F1012,AVGO,2028-01-21,call,640.0,56.07,53.5,57.0,0.5124026421356201,14,304
2026-05-02,US11135F1012,AVGO,2028-01-21,put,155.0,7.15,5.9,7.2,0.5469405657958986,10,798
2026-05-02,US11135F1012,AVGO,2028-01-21,put,160.0,7.96,6.7,8.25,0.5497176376342775,2,121
2026-05-02,US11135F1012,AVGO,2028-01-21,put,165.0,7.97,6.7,8.85,0.5397995239257813,1,213
2026-05-02,US11135F1012,AVGO,2028-01-21,put,170.0,9.3,8.0,9.0,0.5374802111816408,2,468
2026-05-02,US11135F1012,AVGO,2028-01-21,put,175.0,10.16,8.25,9.6,0.5296067547607424,1,112
2026-05-02,US11135F1012,AVGO,2028-01-21,put,180.0,9.7,8.7,10.8,0.5280198565673828,3,180
2026-05-02,US11135F1012,AVGO,2028-01-21,put,185.0,11.63,10.15,11.6,0.5301865829467775,23,27
2026-05-02,US11135F1012,AVGO,2028-01-21,put,190.0,11.37,10.2,12.15,0.5199022619628906,27,323
2026-05-02,US11135F1012,AVGO,2028-01-21,put,195.0,12.68,11.3,13.25,0.5205431246948241,8,560
2026-05-02,US11135F1012,AVGO,2028-01-21,put,200.0,13.35,11.7,13.9,0.5131274273681641,3,7276
2026-05-02,US11135F1012,AVGO,2028-01-21,put,210.0,14.6,14.2,15.85,0.5119982882690429,20,1066
2026-05-02,US11135F1012,AVGO,2028-01-21,put,220.0,16.28,15.3,18.6,0.5055286264038085,3,581
2026-05-02,US11135F1012,AVGO,2028-01-21,put,230.0,18.9,18.4,20.0,0.501103621826172,3,2031
2026-05-02,US11135F1012,AVGO,2028-01-21,put,240.0,21.12,20.1,22.45,0.5044300045776368,2,1575
2026-05-02,US11135F1012,AVGO,2028-01-21,put,250.0,23.77,22.1,24.1,0.4917958535766602,8,2191
2026-05-02,US11135F1012,AVGO,2028-01-21,put,260.0,25.74,24.6,27.45,0.4926198199462891,58,1829
2026-05-02,US11135F1012,AVGO,2028-01-21,put,270.0,28.88,27.05,30.65,0.4905751626586915,86,2268
2026-05-02,US11135F1012,AVGO,2028-01-21,put,280.0,31.82,31.05,33.65,0.48578395080566406,198,1442
2026-05-02,US11135F1012,AVGO,2028-01-21,put,290.0,35.15,34.4,36.2,0.4769339416503906,200,669
2026-05-02,US11135F1012,AVGO,2028-01-21,put,300.0,38.69,37.65,40.35,0.4779715289306641,1,2121
2026-05-02,US11135F1012,AVGO,2028-01-21,put,310.0,41.98,40.65,43.55,0.47169260002136226,29,2472
2026-05-02,US11135F1012,AVGO,2028-01-21,put,320.0,45.65,44.8,47.15,0.4670844918060303,20,1529
2026-05-02,US11135F1012,AVGO,2028-01-21,put,330.0,50.71,47.9,51.1,0.46368181587219237,1,7536
2026-05-02,US11135F1012,AVGO,2028-01-21,put,340.0,54.0,52.4,55.8,0.46361315200805664,19,1130
2026-05-02,US11135F1012,AVGO,2028-01-21,put,350.0,59.5,57.3,59.95,0.4594933201599121,2,870
2026-05-02,US11135F1012,AVGO,2028-01-21,put,360.0,69.05,61.4,63.8,0.4530236582946778,5,614
2026-05-02,US11135F1012,AVGO,2028-01-21,put,370.0,66.88,66.05,68.9,0.4523827955627442,5,380
2026-05-02,US11135F1012,AVGO,2028-01-21,put,380.0,79.55,70.95,73.2,0.44681339324951175,2,254
2026-05-02,US11135F1012,AVGO,2028-01-21,put,390.0,76.86,75.2,78.0,0.4430750273132324,2,1039
2026-05-02,US11135F1012,AVGO,2028-01-21,put,400.0,81.96,80.6,83.4,0.4415491636657715,3,1375
2026-05-02,US11135F1012,AVGO,2028-01-21,put,410.0,87.55,85.7,89.05,0.4404658004760742,2,217
2026-05-02,US11135F1012,AVGO,2028-01-21,put,420.0,92.6,91.25,94.55,0.4379252375030518,2,231
2026-05-02,US11135F1012,AVGO,2028-01-21,put,430.0,107.0,96.8,100.15,0.4351786829376221,40,139
2026-05-02,US11135F1012,AVGO,2028-01-21,put,440.0,108.92,103.2,105.65,0.4313106185913086,1,253
2026-05-02,US11135F1012,AVGO,2028-01-21,put,450.0,109.56,108.65,112.5,0.43301958587646483,2,226
2026-05-02,US11135F1012,AVGO,2028-01-21,put,460.0,115.9,115.0,118.1,0.4283428137969971,202,85
2026-05-02,US11135F1012,AVGO,2028-01-21,put,470.0,132.55,121.1,123.75,0.42329983444213864,2,94
2026-05-02,US11135F1012,AVGO,2028-01-21,put,480.0,163.56,127.45,130.45,0.4224377214813232,2,251
2026-05-02,US11135F1012,AVGO,2028-01-21,put,490.0,155.65,134.0,137.25,0.4214382807922364,3,422
2026-05-02,US11135F1012,AVGO,2028-01-21,put,500.0,142.52,140.7,143.25,0.4162350857543945,2,661
2026-05-02,US11135F1012,AVGO,2028-01-21,put,510.0,209.2,155.45,157.6,0.4483392568969726,5,151
2026-05-02,US11135F1012,AVGO,2028-01-21,put,520.0,156.0,154.45,157.45,0.4141370232391357,2,182
2026-05-02,US11135F1012,AVGO,2028-01-21,put,540.0,182.31,168.7,171.3,0.4083005947875976,2,95
2026-05-02,US11135F1012,AVGO,2028-01-21,put,560.0,183.57,183.35,186.45,0.40640852386474613,2,67
2026-05-02,US11135F1012,AVGO,2028-01-21,put,570.0,191.69,190.9,193.55,0.40248705429077153,198,25
2026-05-02,US11135F1012,AVGO,2028-01-21,put,580.0,198.13,198.5,201.6,0.40259386474609377,2,45
2026-05-02,US11135F1012,AVGO,2028-01-21,put,590.0,206.05,206.05,209.3,0.4005644660949707,6,271
2026-05-02,US11135F1012,AVGO,2028-01-21,put,600.0,212.55,213.75,217.05,0.3983061878967285,4,301
2026-05-02,US11135F1012,AVGO,2028-06-16,call,150.0,260.85,284.5,289.5,0.6521183470153809,,1
2026-05-02,US11135F1012,AVGO,2028-06-16,call,155.0,175.9,280.5,285.5,0.647067738342285,,1
2026-05-02,US11135F1012,AVGO,2028-06-16,call,160.0,255.46,276.5,281.5,0.6417729914855959,1,3
2026-05-02,US11135F1012,AVGO,2028-06-16,call,165.0,168.55,272.5,277.5,0.6362646237182618,,1
2026-05-02,US11135F1012,AVGO,2028-06-16,call,175.0,248.33,265.0,270.0,0.6302984968566896,,1
2026-05-02,US11135F1012,AVGO,2028-06-16,call,190.0,237.52,254.0,259.0,0.6214637463378907,,1
2026-05-02,US11135F1012,AVGO,2028-06-16,call,195.0,183.05,250.0,255.0,0.6147346876525879,,1
2026-05-02,US11135F1012,AVGO,2028-06-16,call,200.0,210.53,246.5,251.5,0.6125984785461427,1,13
2026-05-02,US11135F1012,AVGO,2028-06-16,call,210.0,223.23,239.5,244.5,0.6074258007812501,2,3
2026-05-02,US11135F1012,AVGO,2028-06-16,call,230.0,133.87,225.5,230.5,0.5941660456848146,,7
2026-05-02,US11135F1012,AVGO,2028-06-16,call,240.0,199.05,219.0,223.5,0.58829147064209,1,2
2026-05-02,US11135F1012,AVGO,2028-06-16,call,250.0,215.0,212.5,216.5,0.5816539637756348,1,3
2026-05-02,US11135F1012,AVGO,2028-06-16,call,260.0,205.05,206.0,210.0,0.5760693028259276,1,4
2026-05-02,US11135F1012,AVGO,2028-06-16,call,270.0,203.76,200.0,204.0,0.5730099462127686,1,5
2026-05-02,US11135F1012,AVGO,2028-06-16,call,290.0,170.9,188.5,192.0,0.565983344116211,5,7
2026-05-02,US11135F1012,AVGO,2028-06-16,call,300.0,181.0,182.5,187.5,0.5649762741088868,1,23
2026-05-02,US11135F1012,AVGO,2028-06-16,call,310.0,179.75,177.0,181.5,0.5603681658935546,,1
2026-05-02,US11135F1012,AVGO,2028-06-16,call,320.0,177.29,172.0,175.5,0.5565382481384278,3,11
2026-05-02,US11135F1012,AVGO,2028-06-16,call,330.0,152.69,166.5,170.3,0.5528990633392334,3,9
2026-05-02,US11135F1012,AVGO,2028-06-16,call,340.0,162.53,161.5,165.65,0.5513731996917726,2,5
2026-05-02,US11135F1012,AVGO,2028-06-16,call,350.0,153.0,156.5,160.5,0.5479552651214601,1,28
2026-05-02,US11135F1012,AVGO,2028-06-16,call,360.0,136.0,152.0,156.0,0.5468032380676271,2,4
2026-05-02,US11135F1012,AVGO,2028-06-16,call,370.0,150.18,147.5,151.5,0.545048494873047,2,4
2026-05-02,US11135F1012,AVGO,2028-06-16,call,380.0,145.6,143.2,147.0,0.5432174584960938,2,20
2026-05-02,US11135F1012,AVGO,2028-06-16,call,390.0,129.51,139.0,142.25,0.5405090505218507,1,37
2026-05-02,US11135F1012,AVGO,2028-06-16,call,400.0,134.7,134.5,138.15,0.5381210739135743,2,56
2026-05-02,US11135F1012,AVGO,2028-06-16,call,410.0,121.44,131.0,133.9,0.5371674091339113,4,58
2026-05-02,US11135F1012,AVGO,2028-06-16,call,420.0,128.6,126.7,130.5,0.5358322784423828,3,196
2026-05-02,US11135F1012,AVGO,2028-06-16,call,430.0,112.5,123.4,127.0,0.5360001234436036,2,28
2026-05-02,US11135F1012,AVGO,2028-06-16,call,440.0,122.04,119.0,123.5,0.5333222327423096,4,100
2026-05-02,US11135F1012,AVGO,2028-06-16,call,450.0,118.95,115.7,119.5,0.531529342956543,12,82
2026-05-02,US11135F1012,AVGO,2028-06-16,call,460.0,115.15,113.6,115.75,0.5323990852355958,28,54
2026-05-02,US11135F1012,AVGO,2028-06-16,call,470.0,100.5,109.0,113.0,0.52969830657959,1,19
2026-05-02,US11135F1012,AVGO,2028-06-16,call,480.0,108.7,105.5,110.0,0.5284013224792481,2,22
2026-05-02,US11135F1012,AVGO,2028-06-16,call,490.0,104.57,102.55,106.5,0.5268449415588379,8,41
2026-05-02,US11135F1012,AVGO,2028-06-16,call,500.0,102.75,100.15,103.5,0.5271043383789062,3,116
2026-05-02,US11135F1012,AVGO,2028-06-16,call,520.0,97.67,94.65,97.95,0.5260514924621582,4,162
2026-05-02,US11135F1012,AVGO,2028-06-16,call,540.0,92.3,88.6,92.5,0.5227785149383545,2,143
2026-05-02,US11135F1012,AVGO,2028-06-16,call,560.0,86.5,84.75,86.9,0.5224733422088622,1,105
2026-05-02,US11135F1012,AVGO,2028-06-16,call,580.0,83.44,80.25,82.5,0.5221452815246581,3,42
2026-05-02,US11135F1012,AVGO,2028-06-16,put,150.0,8.95,7.6,9.8,0.5460860821533204,21,19
2026-05-02,US11135F1012,AVGO,2028-06-16,put,155.0,9.65,8.2,11.2,0.5468795312500001,16,19
2026-05-02,US11135F1012,AVGO,2028-06-16,put,160.0,10.85,8.9,11.95,0.5425765957641603,,1
2026-05-02,US11135F1012,AVGO,2028-06-16,put,165.0,16.1,8.9,10.95,0.5199938137817383,2,1
2026-05-02,US11135F1012,AVGO,2028-06-16,put,180.0,18.0,11.9,14.0,0.5179491564941407,,1
2026-05-02,US11135F1012,AVGO,2028-06-16,put,185.0,14.83,12.8,14.35,0.5114489773559571,2,1
2026-05-02,US11135F1012,AVGO,2028-06-16,put,200.0,16.5,15.0,17.25,0.510792855987549,2,37
2026-05-02,US11135F1012,AVGO,2028-06-16,put,210.0,20.13,17.05,19.9,0.5097247514343262,1,14
2026-05-02,US11135F1012,AVGO,2028-06-16,put,220.0,22.25,18.9,23.15,0.5122119091796875,3,15
2026-05-02,US11135F1012,AVGO,2028-06-16,put,230.0,25.55,21.3,24.65,0.4980824118041992,64,31
2026-05-02,US11135F1012,AVGO,2028-06-16,put,240.0,26.71,24.85,27.2,0.4922383540344239,1,3
2026-05-02,US11135F1012,AVGO,2028-06-16,put,250.0,32.17,27.75,29.95,0.4870046417236329,1,4
2026-05-02,US11135F1012,AVGO,2028-06-16,put,270.0,37.8,32.8,36.05,0.4780401927947998,28,201
2026-05-02,US11135F1012,AVGO,2028-06-16,put,280.0,37.86,36.3,39.25,0.4732260929870606,1,5
2026-05-02,US11135F1012,AVGO,2028-06-16,put,290.0,41.3,40.4,43.85,0.47610234596252443,2,29
2026-05-02,US11135F1012,AVGO,2028-06-16,put,300.0,45.07,43.35,46.45,0.46602401657104503,2,29
2026-05-02,US11135F1012,AVGO,2028-06-16,put,310.0,77.97,48.0,50.4,0.463170651550293,,1
2026-05-02,US11135F1012,AVGO,2028-06-16,put,320.0,53.28,51.05,55.35,0.4648948774719239,2,9
2026-05-02,US11135F1012,AVGO,2028-06-16,put,330.0,57.67,55.95,58.45,0.4559151699066162,2,14
2026-05-02,US11135F1012,AVGO,2028-06-16,put,340.0,61.82,60.2,62.65,0.4521233987426758,12,62
2026-05-02,US11135F1012,AVGO,2028-06-16,put,350.0,65.85,64.6,67.4,0.4503762848663331,2,59
2026-05-02,US11135F1012,AVGO,2028-06-16,put,360.0,70.33,68.5,72.35,0.4488504212188721,2,4
2026-05-02,US11135F1012,AVGO,2028-06-16,put,370.0,76.0,73.15,77.1,0.445668995513916,13,2
2026-05-02,US11135F1012,AVGO,2028-06-16,put,380.0,80.78,78.0,81.7,0.44119058570861813,4,4
2026-05-02,US11135F1012,AVGO,2028-06-16,put,390.0,91.17,84.25,87.5,0.4415491636657715,1,2
2026-05-02,US11135F1012,AVGO,2028-06-16,put,400.0,94.45,89.45,92.1,0.4359110974884033,24,13
2026-05-02,US11135F1012,AVGO,2028-06-16,put,410.0,96.65,94.0,98.5,0.43762006477355964,3,3
2026-05-02,US11135F1012,AVGO,2028-06-16,put,420.0,108.4,99.0,103.65,0.43327898269653325,24,49
2026-05-02,US11135F1012,AVGO,2028-06-16,put,440.0,122.3,111.95,114.4,0.425008801727295,2,29
2026-05-02,US11135F1012,AVGO,2028-06-16,put,450.0,119.65,117.9,121.45,0.42711449356079106,22,4
2026-05-02,US11135F1012,AVGO,2028-06-16,put,460.0,125.01,123.0,126.6,0.42078215942382813,4,28
2026-05-02,US11135F1012,AVGO,2028-06-16,put,470.0,132.26,129.5,133.05,0.4193554769134521,12,2
2026-05-02,US11135F1012,AVGO,2028-06-16,put,480.0,138.57,136.1,140.0,0.41948517532348634,10,45
2026-05-02,US11135F1012,AVGO,2028-06-16,put,490.0,144.82,142.0,145.95,0.4150372827911377,6,2
2026-05-02,US11135F1012,AVGO,2028-06-16,put,500.0,150.46,149.0,153.5,0.41666995689392083,4,2
2026-05-02,US11135F1012,AVGO,2028-06-16,put,560.0,195.28,190.5,194.7,0.40057209541320804,,31
2026-05-02,US11135F1012,AVGO,2028-06-16,put,580.0,206.05,205.5,208.85,0.393560751953125,,4
2026-05-02,US11135F1012,AVGO,2028-12-15,call,155.0,288.99,284.0,289.0,0.6227149545288085,1,149
2026-05-02,US11135F1012,AVGO,2028-12-15,call,160.0,263.43,280.5,285.5,0.6216773672485353,1,27
2026-05-02,US11135F1012,AVGO,2028-12-15,call,165.0,240.25,277.0,281.5,0.61758805267334,1,30
2026-05-02,US11135F1012,AVGO,2028-12-15,call,170.0,259.56,273.5,278.0,0.6157570162963868,1,215
2026-05-02,US11135F1012,AVGO,2028-12-15,call,175.0,253.79,269.5,274.5,0.611179425354004,2,15
2026-05-02,US11135F1012,AVGO,2028-12-15,call,180.0,252.0,266.0,271.0,0.6087380435180666,1,72
2026-05-02,US11135F1012,AVGO,2028-12-15,call,185.0,247.75,262.5,267.5,0.6060067475891115,1,16
2026-05-02,US11135F1012,AVGO,2028-12-15,call,190.0,198.47,259.0,264.0,0.603016054840088,1,78
2026-05-02,US11135F1012,AVGO,2028-12-15,call,195.0,259.56,256.0,260.5,0.601886915740967,1,44
2026-05-02,US11135F1012,AVGO,2028-12-15,call,200.0,254.0,252.5,257.0,0.5984079466247558,4,200
2026-05-02,US11135F1012,AVGO,2028-12-15,call,210.0,248.06,246.0,250.5,0.5947458738708495,10,37
2026-05-02,US11135F1012,AVGO,2028-12-15,call,220.0,226.0,239.5,244.0,0.5901072483825685,1,123
2026-05-02,US11135F1012,AVGO,2028-12-15,call,230.0,216.78,233.0,237.5,0.5846904324340819,1,163
2026-05-02,US11135F1012,AVGO,2028-12-15,call,240.0,228.5,226.5,231.5,0.5802349105834962,1,41
2026-05-02,US11135F1012,AVGO,2028-12-15,call,250.0,210.0,220.5,225.5,0.5766491310119628,6,152
2026-05-02,US11135F1012,AVGO,2028-12-15,call,260.0,217.0,215.0,219.5,0.5738415419006349,5,67
2026-05-02,US11135F1012,AVGO,2028-12-15,call,270.0,207.54,209.0,213.0,0.5674329145812989,2,91
2026-05-02,US11135F1012,AVGO,2028-12-15,call,280.0,208.52,203.5,207.5,0.5647626531982424,3,94
2026-05-02,US11135F1012,AVGO,2028-12-15,call,290.0,182.45,198.0,202.0,0.5614362704467774,4,298
2026-05-02,US11135F1012,AVGO,2028-12-15,call,300.0,196.19,192.5,197.5,0.5601240277099608,6,510
2026-05-02,US11135F1012,AVGO,2028-12-15,call,310.0,191.84,187.5,191.5,0.5556532472229005,2,278
2026-05-02,US11135F1012,AVGO,2028-12-15,call,320.0,186.5,182.5,187.5,0.5556151006317139,3,169
2026-05-02,US11135F1012,AVGO,2028-12-15,call,330.0,181.77,178.1,182.0,0.5527846235656739,4,307
2026-05-02,US11135F1012,AVGO,2028-12-15,call,340.0,158.0,173.0,177.0,0.5490157403564455,3,253
2026-05-02,US11135F1012,AVGO,2028-12-15,call,350.0,172.0,169.7,172.5,0.5500456983184816,5,2989
2026-05-02,US11135F1012,AVGO,2028-12-15,call,360.0,166.03,164.0,168.0,0.5451400466918946,4,502
2026-05-02,US11135F1012,AVGO,2028-12-15,call,370.0,162.4,160.0,164.0,0.5447051755523682,1,272
2026-05-02,US11135F1012,AVGO,2028-12-15,call,380.0,158.1,156.0,159.25,0.5421722418975833,1,170
2026-05-02,US11135F1012,AVGO,2028-12-15,call,390.0,154.0,151.55,155.5,0.5404022400665286,1,269
2026-05-02,US11135F1012,AVGO,2028-12-15,call,400.0,151.35,147.55,151.75,0.5391739198303225,34,666
2026-05-02,US11135F1012,AVGO,2028-12-15,call,410.0,144.03,144.05,148.0,0.538563574371338,75,265
2026-05-02,US11135F1012,AVGO,2028-12-15,call,420.0,144.47,141.35,144.5,0.5396774548339844,5,698
2026-05-02,US11135F1012,AVGO,2028-12-15,call,430.0,140.65,137.55,140.5,0.5371674091339113,5,226
2026-05-02,US11135F1012,AVGO,2028-12-15,call,440.0,132.2,133.3,137.0,0.5344437425231934,52,255
2026-05-02,US11135F1012,AVGO,2028-12-15,call,450.0,131.64,131.0,134.5,0.5371750384521485,1,371
2026-05-02,US11135F1012,AVGO,2028-12-15,call,460.0,128.04,126.5,130.5,0.5323380506896973,7,235
2026-05-02,US11135F1012,AVGO,2028-12-15,call,470.0,127.77,124.1,127.5,0.53320779296875,3,186
2026-05-02,US11135F1012,AVGO,2028-12-15,call,480.0,123.85,121.1,124.5,0.5325974475097657,3,167
2026-05-02,US11135F1012,AVGO,2028-12-15,call,490.0,116.25,117.65,121.5,0.5308350749969483,4,75
2026-05-02,US11135F1012,AVGO,2028-12-15,call,500.0,117.5,115.7,118.5,0.5316208947753907,3,913
2026-05-02,US11135F1012,AVGO,2028-12-15,call,510.0,114.56,111.5,116.0,0.5288361936187745,22,443
2026-05-02,US11135F1012,AVGO,2028-12-15,call,520.0,112.75,109.35,113.0,0.5286988658905031,14,1294
2026-05-02,US11135F1012,AVGO,2028-12-15,call,540.0,106.94,104.75,108.0,0.5289315600967408,40,244
2026-05-02,US11135F1012,AVGO,2028-12-15,call,560.0,102.3,99.75,103.0,0.5274400283813477,3,118
2026-05-02,US11135F1012,AVGO,2028-12-15,call,580.0,96.58,94.0,98.0,0.5236711451721192,12,218
2026-05-02,US11135F1012,AVGO,2028-12-15,call,600.0,93.35,90.55,93.35,0.5239152833557128,18,11
2026-05-02,US11135F1012,AVGO,2028-12-15,call,640.0,85.18,82.15,85.3,0.5215654533386229,99,232
2026-05-02,US11135F1012,AVGO,2028-12-15,put,155.0,11.38,10.75,12.0,0.5155993264770508,27,1814
2026-05-02,US11135F1012,AVGO,2028-12-15,put,160.0,13.3,11.5,12.85,0.5115405291748047,3,176
2026-05-02,US11135F1012,AVGO,2028-12-15,put,165.0,13.05,12.45,14.85,0.5153857055664062,2,70
2026-05-02,US11135F1012,AVGO,2028-12-15,put,170.0,14.2,13.3,15.4,0.5093127682495118,31,3008
2026-05-02,US11135F1012,AVGO,2028-12-15,put,175.0,17.24,14.25,15.65,0.5020649159240724,1,397
2026-05-02,US11135F1012,AVGO,2028-12-15,put,180.0,16.0,13.75,17.25,0.5127001855468749,11,223
2026-05-02,US11135F1012,AVGO,2028-12-15,put,185.0,21.54,15.5,18.3,0.5093890614318848,5,28
2026-05-02,US11135F1012,AVGO,2028-12-15,put,190.0,18.64,16.55,19.4,0.5063068168640137,2,154
2026-05-02,US11135F1012,AVGO,2028-12-15,put,195.0,22.0,18.35,20.45,0.5025074163818359,2,26
2026-05-02,US11135F1012,AVGO,2028-12-15,put,200.0,20.62,20.0,21.3,0.4967549104309083,100,3063
2026-05-02,US11135F1012,AVGO,2028-12-15,put,210.0,22.51,21.15,23.65,0.4904836108398438,52,1154
2026-05-02,US11135F1012,AVGO,2028-12-15,put,220.0,25.64,23.65,26.15,0.48457851852416994,1,1574
2026-05-02,US11135F1012,AVGO,2028-12-15,put,230.0,29.41,27.15,28.95,0.48007722076416015,1,1092
2026-05-02,US11135F1012,AVGO,2028-12-15,put,240.0,31.34,30.0,32.6,0.4805044625854492,1,606
2026-05-02,US11135F1012,AVGO,2028-12-15,put,250.0,34.13,32.35,35.95,0.4776358389282227,1,2824
2026-05-02,US11135F1012,AVGO,2028-12-15,put,260.0,37.08,35.7,39.5,0.47508764663696285,4,1043
2026-05-02,US11135F1012,AVGO,2028-12-15,put,270.0,40.8,39.7,41.25,0.4611107356262208,7,1068
2026-05-02,US11135F1012,AVGO,2028-12-15,put,280.0,43.98,42.4,45.85,0.4632545740509033,2,403
2026-05-02,US11135F1012,AVGO,2028-12-15,put,290.0,47.61,47.3,49.85,0.4609962958526612,6,477
2026-05-02,US11135F1012,AVGO,2028-12-15,put,300.0,51.62,50.9,52.95,0.4532983137512207,14,2319
2026-05-02,US11135F1012,AVGO,2028-12-15,put,310.0,56.15,54.9,56.5,0.44750766120910646,158,333
2026-05-02,US11135F1012,AVGO,2028-12-15,put,320.0,60.2,59.05,61.6,0.44874361076354974,11,1415
2026-05-02,US11135F1012,AVGO,2028-12-15,put,330.0,64.15,62.8,65.05,0.4413584307098388,158,218
2026-05-02,US11135F1012,AVGO,2028-12-15,put,340.0,68.38,67.0,69.7,0.4390925231933594,8,81
2026-05-02,US11135F1012,AVGO,2028-12-15,put,350.0,73.5,71.5,74.4,0.4364527790832519,8,582
2026-05-02,US11135F1012,AVGO,2028-12-15,put,360.0,78.28,76.3,81.0,0.44147287048339845,210,58
2026-05-02,US11135F1012,AVGO,2028-12-15,put,370.0,83.07,82.5,85.95,0.43861950546264655,10,676
2026-05-02,US11135F1012,AVGO,2028-12-15,put,380.0,88.23,86.5,89.15,0.4279842358398438,5,96
2026-05-02,US11135F1012,AVGO,2028-12-15,put,390.0,93.65,92.3,94.5,0.42592431991577157,2,261
2026-05-02,US11135F1012,AVGO,2028-12-15,put,400.0,98.92,97.3,99.9,0.42355923126220707,1,151
2026-05-02,US11135F1012,AVGO,2028-12-15,put,410.0,104.32,102.7,105.65,0.42208677284240725,2,79
2026-05-02,US11135F1012,AVGO,2028-12-15,put,420.0,109.82,108.5,112.5,0.42442134422302247,1,70
2026-05-02,US11135F1012,AVGO,2028-12-15,put,430.0,116.25,114.0,116.9,0.41674625007629384,4,108
2026-05-02,US11135F1012,AVGO,2028-12-15,put,440.0,121.79,120.5,123.2,0.4159985768890381,2,74
2026-05-02,US11135F1012,AVGO,2028-12-15,put,450.0,128.58,126.4,128.9,0.4125348664093017,3,175
2026-05-02,US11135F1012,AVGO,2028-12-15,put,460.0,134.06,132.4,135.25,0.4111081838989258,3,30
2026-05-02,US11135F1012,AVGO,2028-12-15,put,470.0,140.42,138.5,141.35,0.40833111206054684,150,205
2026-05-02,US11135F1012,AVGO,2028-12-15,put,480.0,147.1,144.5,147.8,0.4064619290924073,2,456
2026-05-02,US11135F1012,AVGO,2028-12-15,put,490.0,152.55,151.0,154.3,0.4043943838500976,2,502
2026-05-02,US11135F1012,AVGO,2028-12-15,put,500.0,159.37,157.5,162.0,0.40635511863708496,8,63
2026-05-02,US11135F1012,AVGO,2028-12-15,put,510.0,166.58,164.5,167.65,0.40041187973022463,4,17
2026-05-02,US11135F1012,AVGO,2028-12-15,put,520.0,173.41,171.0,174.4,0.39814597221374515,6,100
2026-05-02,US11135F1012,AVGO,2028-12-15,put,540.0,187.15,185.0,188.25,0.39385066604614255,6,73
2026-05-02,US11135F1012,AVGO,2028-12-15,put,560.0,200.92,199.0,203.5,0.39337001899719237,2,32
2026-05-02,US11135F1012,AVGO,2028-12-15,put,580.0,216.6,213.5,218.0,0.3888382039642334,2,12
2026-05-02,US11135F1012,AVGO,2028-12-15,put,600.0,230.39,228.5,233.0,0.3849091050720214,152,4
2026-05-02,US11135F1012,AVGO,2028-12-15,put,640.0,261.12,259.5,263.15,0.37390762817382805,10,56
2026-05-02,US67066G1040,NVDA,2026-05-04,call,140.0,58.64,55.7,61.3,1.5546897265624997,26,2
2026-05-02,US67066G1040,NVDA,2026-05-04,call,152.5,46.34,43.3,48.85,1.359378203125,17,1
2026-05-02,US67066G1040,NVDA,2026-05-04,call,160.0,39.5,36.05,41.3,1.2519568652343749,119,22
2026-05-02,US67066G1040,NVDA,2026-05-04,call,165.0,34.23,30.75,36.35,0.9648441015625,65,2
2026-05-02,US67066G1040,NVDA,2026-05-04,call,167.5,31.07,28.3,33.35,1.8271493017578124,57,14
2026-05-02,US67066G1040,NVDA,2026-05-04,call,170.0,29.06,25.9,31.35,0.9062509375,11,21
2026-05-02,US67066G1040,NVDA,2026-05-04,call,172.5,26.09,23.65,26.75,1.150394873046875,63,14
2026-05-02,US67066G1040,NVDA,2026-05-04,call,175.0,24.48,22.8,25.3,0.9853517089843751,55,24
2026-05-02,US67066G1040,NVDA,2026-05-04,call,177.5,21.07,19.95,21.7,0.9521489160156249,387,8
2026-05-02,US67066G1040,NVDA,2026-05-04,call,180.0,19.36,17.5,19.3,0.893555751953125,30,40
2026-05-02,US67066G1040,NVDA,2026-05-04,call,182.5,16.3,15.1,16.75,0.7861349511718749,22,14
2026-05-02,US67066G1040,NVDA,2026-05-04,call,185.0,13.46,12.5,14.3,0.7065459033203125,236,28
2026-05-02,US67066G1040,NVDA,2026-05-04,call,187.5,12.0,9.8,11.9,0.6347692773437501,304,328
2026-05-02,US67066G1040,NVDA,2026-05-04,call,190.0,8.65,8.5,8.85,0.401373173828125,517,172
2026-05-02,US67066G1040,NVDA,2026-05-04,call,192.5,6.39,6.15,6.55,0.35938140625,1826,256
2026-05-02,US67066G1040,NVDA,2026-05-04,call,195.0,4.15,4.0,4.1,0.266608896484375,2904,1236
2026-05-02,US67066G1040,NVDA,2026-05-04,call,197.5,2.26,2.23,2.26,0.2436599072265625,14088,747
2026-05-02,US67066G1040,NVDA,2026-05-04,call,200.0,1.01,1.0,1.03,0.2348709326171875,92102,7817
2026-05-02,US67066G1040,NVDA,2026-05-04,call,202.5,0.4,0.4,0.41,0.2387771435546875,48409,9233
2026-05-02,US67066G1040,NVDA,2026-05-04,call,205.0,0.18,0.17,0.18,0.25879647460937505,60257,13043
2026-05-02,US67066G1040,NVDA,2026-05-04,call,207.5,0.09,0.09,0.1,0.2910227148437499,12692,8408
2026-05-02,US67066G1040,NVDA,2026-05-04,call,210.0,0.05,0.05,0.06,0.32227240234374993,26182,10840
2026-05-02,US67066G1040,NVDA,2026-05-04,call,212.5,0.03,0.03,0.04,0.35547519531249994,5396,4616
2026-05-02,US67066G1040,NVDA,2026-05-04,call,215.0,0.03,0.02,0.03,0.39063109375,8160,13918
2026-05-02,US67066G1040,NVDA,2026-05-04,call,217.5,0.02,0.01,0.02,0.41797457031249996,2637,4196
2026-05-02,US67066G1040,NVDA,2026-05-04,call,220.0,0.01,0.01,0.02,0.46094289062500005,4363,6569
2026-05-02,US67066G1040,NVDA,2026-05-04,call,222.5,0.01,0.0,0.01,0.4687553125,1399,2211
2026-05-02,US67066G1040,NVDA,2026-05-04,call,225.0,0.01,0.0,0.01,0.51562984375,945,2583
2026-05-02,US67066G1040,NVDA,2026-05-04,call,227.5,0.01,0.0,0.01,0.51562984375,205,3462
2026-05-02,US67066G1040,NVDA,2026-05-04,call,230.0,0.01,0.0,0.01,0.5468795312500001,172,2724
2026-05-02,US67066G1040,NVDA,2026-05-04,call,232.5,0.01,0.0,0.01,0.5937540625000001,105,886
2026-05-02,US67066G1040,NVDA,2026-05-04,call,235.0,0.01,0.0,0.01,0.6250037500000001,126,1105
2026-05-02,US67066G1040,NVDA,2026-05-04,call,237.5,0.01,0.0,0.01,0.6562534375000001,30,669
2026-05-02,US67066G1040,NVDA,2026-05-04,call,240.0,0.01,0.0,0.01,0.6875031250000001,18,1242
2026-05-02,US67066G1040,NVDA,2026-05-04,call,242.5,0.01,0.0,0.01,0.7187528125,1,624
2026-05-02,US67066G1040,NVDA,2026-05-04,call,245.0,0.01,0.0,0.01,0.7500025,30,670
2026-05-02,US67066G1040,NVDA,2026-05-04,call,247.5,0.01,0.0,0.01,0.79687703125,9,290
2026-05-02,US67066G1040,NVDA,2026-05-04,call,250.0,0.01,0.0,0.01,0.8281267187499999,3,608
2026-05-02,US67066G1040,NVDA,2026-05-04,call,255.0,0.01,0.0,0.01,0.9062509375,2,353
2026-05-02,US67066G1040,NVDA,2026-05-04,call,265.0,0.01,0.0,0.01,1.0312548437500002,31,386
2026-05-02,US67066G1040,NVDA,2026-05-04,call,270.0,0.02,0.0,0.01,1.0625046875000002,3,446
2026-05-02,US67066G1040,NVDA,2026-05-04,put,130.0,0.02,0.0,0.01,1.5000025,7,246
2026-05-02,US67066G1040,NVDA,2026-05-04,put,135.0,0.01,0.0,0.01,1.3750031249999999,53,50
2026-05-02,US67066G1040,NVDA,2026-05-04,put,140.0,0.01,0.0,0.01,1.2500037499999999,26,187
2026-05-02,US67066G1040,NVDA,2026-05-04,put,145.0,0.01,0.0,0.01,1.125004375,1,134
2026-05-02,US67066G1040,NVDA,2026-05-04,put,150.0,0.01,0.0,0.01,1.000005,7,4521
2026-05-02,US67066G1040,NVDA,2026-05-04,put,152.5,0.01,0.0,0.01,0.9687503125,1,2124
2026-05-02,US67066G1040,NVDA,2026-05-04,put,155.0,0.02,0.0,0.02,0.9531254687499999,511,669
2026-05-02,US67066G1040,NVDA,2026-05-04,put,157.5,0.01,0.0,0.02,0.9062509375,272,616
2026-05-02,US67066G1040,NVDA,2026-05-04,put,160.0,0.04,0.0,0.01,0.7812521875,857,122
2026-05-02,US67066G1040,NVDA,2026-05-04,put,162.5,0.01,0.01,0.02,0.8203142968749999,548,88
2026-05-02,US67066G1040,NVDA,2026-05-04,put,165.0,0.01,0.01,0.02,0.7656273437500001,123,129
2026-05-02,US67066G1040,NVDA,2026-05-04,put,167.5,0.01,0.01,0.02,0.70312796875,65,1383
2026-05-02,US67066G1040,NVDA,2026-05-04,put,170.0,0.02,0.01,0.02,0.6562534375000001,545,1311
2026-05-02,US67066G1040,NVDA,2026-05-04,put,172.5,0.01,0.01,0.02,0.5937540625000001,189,914
2026-05-02,US67066G1040,NVDA,2026-05-04,put,175.0,0.03,0.02,0.03,0.5742230078125,1214,1034
2026-05-02,US67066G1040,NVDA,2026-05-04,put,177.5,0.03,0.03,0.04,0.5390671093750001,1294,1729
2026-05-02,US67066G1040,NVDA,2026-05-04,put,180.0,0.04,0.03,0.04,0.48828636718750007,2106,3364
2026-05-02,US67066G1040,NVDA,2026-05-04,put,182.5,0.05,0.04,0.05,0.4414118359375,1160,8144
2026-05-02,US67066G1040,NVDA,2026-05-04,put,185.0,0.06,0.06,0.07,0.40039662109375,3458,1738
2026-05-02,US67066G1040,NVDA,2026-05-04,put,187.5,0.09,0.08,0.09,0.34961587890624996,2694,1103
2026-05-02,US67066G1040,NVDA,2026-05-04,put,190.0,0.14,0.14,0.15,0.313483427734375,11561,3855
2026-05-02,US67066G1040,NVDA,2026-05-04,put,192.5,0.29,0.28,0.3,0.28613995117187496,10969,7057
2026-05-02,US67066G1040,NVDA,2026-05-04,put,195.0,0.63,0.62,0.65,0.266608896484375,28711,7549
2026-05-02,US67066G1040,NVDA,2026-05-04,put,197.5,1.33,1.31,1.34,0.24781025634765624,36015,5806
2026-05-02,US67066G1040,NVDA,2026-05-04,put,200.0,2.6,2.57,2.61,0.2395095581054687,37492,8086
2026-05-02,US67066G1040,NVDA,2026-05-04,put,202.5,4.53,4.4,4.55,0.2573316455078125,6818,1544
2026-05-02,US67066G1040,NVDA,2026-05-04,put,205.0,6.45,6.55,6.85,0.29688203124999996,2840,2466
2026-05-02,US67066G1040,NVDA,2026-05-04,put,207.5,8.97,8.9,9.25,0.33740896972656254,1071,1870
2026-05-02,US67066G1040,NVDA,2026-05-04,put,210.0,11.1,11.3,11.8,0.42578699218750005,539,2054
2026-05-02,US67066G1040,NVDA,2026-05-04,put,212.5,12.84,13.25,14.55,0.5830119824218749,37,622
2026-05-02,US67066G1040,NVDA,2026-05-04,put,215.0,16.51,16.05,17.15,0.6860382958984376,19,1844
2026-05-02,US67066G1040,NVDA,2026-05-04,put,217.5,17.87,18.15,19.85,0.8173846386718748,22,193
2026-05-02,US67066G1040,NVDA,2026-05-04,put,220.0,20.85,20.65,22.2,0.84179845703125,14,771
2026-05-02,US67066G1040,NVDA,2026-05-04,put,222.5,18.87,23.15,24.85,0.9580082324218748,2,0
2026-05-02,US67066G1040,NVDA,2026-05-04,put,225.0,20.0,25.65,27.25,0.991211025390625,1,0
2026-05-02,US67066G1040,NVDA,2026-05-04,put,245.0,42.61,45.65,47.35,1.5068384033203124,,0
2026-05-02,US67066G1040,NVDA,2026-05-04,put,250.0,33.7,50.65,52.25,1.5712912060546875,4,0
2026-05-02,US67066G1040,NVDA,2026-05-06,call,130.0,79.09,65.45,71.4,2.957033857421875,2,1
2026-05-02,US67066G1040,NVDA,2026-05-06,call,170.0,28.95,27.4,29.05,0.8974619628906249,4,14
2026-05-02,US67066G1040,NVDA,2026-05-06,call,175.0,24.65,21.4,24.45,0.8725598681640624,1,68
2026-05-02,US67066G1040,NVDA,2026-05-06,call,180.0,19.1,17.9,19.05,0.6289099609375001,216,50
2026-05-02,US67066G1040,NVDA,2026-05-06,call,185.0,14.1,13.6,14.05,0.4931691308593751,128,81
2026-05-02,US67066G1040,NVDA,2026-05-06,call,190.0,9.5,9.15,9.3,0.397466962890625,237,116
2026-05-02,US67066G1040,NVDA,2026-05-06,call,195.0,5.4,5.15,5.3,0.358404853515625,383,362
2026-05-02,US67066G1040,NVDA,2026-05-06,call,200.0,2.31,2.32,2.38,0.3325262060546875,14023,3204
2026-05-02,US67066G1040,NVDA,2026-05-06,call,205.0,0.87,0.84,0.87,0.3298406860351562,15471,9557
2026-05-02,US67066G1040,NVDA,2026-05-06,call,210.0,0.32,0.31,0.32,0.3501041552734374,9990,8458
2026-05-02,US67066G1040,NVDA,2026-05-06,call,215.0,0.14,0.13,0.14,0.38477177734374995,4996,8450
2026-05-02,US67066G1040,NVDA,2026-05-06,call,220.0,0.06,0.06,0.07,0.42188078125,2301,4753
2026-05-02,US67066G1040,NVDA,2026-05-06,call,225.0,0.04,0.03,0.04,0.46289599609375004,1105,2074
2026-05-02,US67066G1040,NVDA,2026-05-06,call,230.0,0.02,0.02,0.03,0.5039112109375,1631,2525
2026-05-02,US67066G1040,NVDA,2026-05-06,call,235.0,0.02,0.01,0.02,0.5390671093750001,470,4807
2026-05-02,US67066G1040,NVDA,2026-05-06,call,240.0,0.01,0.0,0.02,0.57812921875,491,674
2026-05-02,US67066G1040,NVDA,2026-05-06,call,245.0,0.01,0.0,0.01,0.5937540625000001,61,256
2026-05-02,US67066G1040,NVDA,2026-05-06,call,250.0,0.01,0.0,0.01,0.64062859375,110,776
2026-05-02,US67066G1040,NVDA,2026-05-06,call,255.0,0.01,0.0,0.01,0.6875031250000001,279,517
2026-05-02,US67066G1040,NVDA,2026-05-06,call,260.0,0.01,0.0,0.01,0.7500025,3,709
2026-05-02,US67066G1040,NVDA,2026-05-06,call,275.0,0.01,0.0,0.01,0.87500125,20,78
2026-05-02,US67066G1040,NVDA,2026-05-06,put,130.0,0.01,0.0,0.02,1.21875390625,10,590
2026-05-02,US67066G1040,NVDA,2026-05-06,put,140.0,0.01,0.01,0.02,1.0625046875000002,9,8
2026-05-02,US67066G1040,NVDA,2026-05-06,put,145.0,0.01,0.01,0.03,0.98437515625,20,10
2026-05-02,US67066G1040,NVDA,2026-05-06,put,150.0,0.02,0.01,0.03,0.8906260937499999,15,32
2026-05-02,US67066G1040,NVDA,2026-05-06,put,155.0,0.02,0.02,0.03,0.8125018749999999,8,97
2026-05-02,US67066G1040,NVDA,2026-05-06,put,160.0,0.03,0.02,0.04,0.73437765625,734,130
2026-05-02,US67066G1040,NVDA,2026-05-06,put,165.0,0.04,0.03,0.04,0.6523472265625001,335,208
2026-05-02,US67066G1040,NVDA,2026-05-06,put,170.0,0.04,0.04,0.05,0.5742230078125,180,660
2026-05-02,US67066G1040,NVDA,2026-05-06,put,175.0,0.09,0.07,0.09,0.5195360546875,7390,1765
2026-05-02,US67066G1040,NVDA,2026-05-06,put,180.0,0.14,0.14,0.15,0.46484910156250003,1480,1448
2026-05-02,US67066G1040,NVDA,2026-05-06,put,185.0,0.3,0.31,0.32,0.4184628466796875,2425,5158
2026-05-02,US67066G1040,NVDA,2026-05-06,put,190.0,0.75,0.74,0.76,0.38184211914062494,5092,4156
2026-05-02,US67066G1040,NVDA,2026-05-06,put,195.0,1.78,1.74,1.78,0.3501041552734374,13320,3623
2026-05-02,US67066G1040,NVDA,2026-05-06,put,200.0,3.75,3.8,3.9,0.3293524096679687,7977,1913
2026-05-02,US67066G1040,NVDA,2026-05-06,put,205.0,7.24,7.3,7.45,0.33447931152343746,815,4760
2026-05-02,US67066G1040,NVDA,2026-05-06,put,210.0,11.55,11.7,11.95,0.3706117626953125,173,3493
2026-05-02,US67066G1040,NVDA,2026-05-06,put,215.0,15.5,15.9,16.9,0.46484910156250003,20,618
2026-05-02,US67066G1040,NVDA,2026-05-06,put,220.0,21.57,20.75,22.3,0.676761044921875,8,419
2026-05-02,US67066G1040,NVDA,2026-05-08,call,50.0,161.15,145.65,151.25,0.500005,3,2
2026-05-02,US67066G1040,NVDA,2026-05-08,call,55.0,143.59,140.65,146.25,0.500005,5,3
2026-05-02,US67066G1040,NVDA,2026-05-08,call,60.0,149.2,135.65,141.25,0.500005,2,9
2026-05-02,US67066G1040,NVDA,2026-05-08,call,75.0,136.34,120.6,126.25,4.942386634521483,1,5
2026-05-02,US67066G1040,NVDA,2026-05-08,call,80.0,134.27,116.25,121.3,3.0937522656249996,6,5
2026-05-02,US67066G1040,NVDA,2026-05-08,call,85.0,117.07,110.65,116.3,2.156254609375,,55
2026-05-02,US67066G1040,NVDA,2026-05-08,call,90.0,119.0,105.7,111.3,2.156254609375,1,16
2026-05-02,US67066G1040,NVDA,2026-05-08,call,95.0,103.42,100.6,106.3,0.500005,2,3
2026-05-02,US67066G1040,NVDA,2026-05-08,call,100.0,100.46,96.95,101.3,2.6943392016601564,44,20
2026-05-02,US67066G1040,NVDA,2026-05-08,call,105.0,93.72,90.7,96.3,1.765626171875,3,25
2026-05-02,US67066G1040,NVDA,2026-05-08,call,110.0,91.14,85.65,91.3,1.5312523437499999,11,14
2026-05-02,US67066G1040,NVDA,2026-05-08,call,115.0,84.94,80.65,86.3,1.421877890625,3,89
2026-05-02,US67066G1040,NVDA,2026-05-08,call,120.0,79.18,77.1,81.35,2.1093797265624996,147,156
2026-05-02,US67066G1040,NVDA,2026-05-08,call,125.0,74.74,71.8,76.3,1.8691412792968751,11,32
2026-05-02,US67066G1040,NVDA,2026-05-08,call,130.0,68.07,65.6,69.1,1.7587902685546877,70,47
2026-05-02,US67066G1040,NVDA,2026-05-08,call,135.0,75.96,60.85,64.0,1.57422087890625,2,25
2026-05-02,US67066G1040,NVDA,2026-05-08,call,140.0,60.0,57.05,59.2,1.5375999682617185,107,357
2026-05-02,US67066G1040,NVDA,2026-05-08,call,145.0,53.91,50.7,56.0,1.9047856323242187,1,73
2026-05-02,US67066G1040,NVDA,2026-05-08,call,150.0,49.5,47.05,49.0,1.203128984375,34,191
2026-05-02,US67066G1040,NVDA,2026-05-08,call,155.0,43.05,43.0,45.45,1.1669963525390625,1,148
2026-05-02,US67066G1040,NVDA,2026-05-08,call,160.0,39.9,37.8,38.8,0.8867198828124999,16,204
2026-05-02,US67066G1040,NVDA,2026-05-08,call,165.0,34.93,33.3,34.5,0.8203142968749999,19,473
2026-05-02,US67066G1040,NVDA,2026-05-08,call,170.0,28.92,28.5,29.05,0.6650424121093752,320,702
2026-05-02,US67066G1040,NVDA,2026-05-08,call,175.0,23.99,23.6,24.55,0.6513706738281251,328,838
2026-05-02,US67066G1040,NVDA,2026-05-08,call,177.5,21.65,21.1,22.25,0.6176796044921876,111,109
2026-05-02,US67066G1040,NVDA,2026-05-08,call,180.0,19.13,18.75,19.3,0.5258836474609375,667,3837
2026-05-02,US67066G1040,NVDA,2026-05-08,call,182.5,17.6,16.3,16.8,0.5239305419921875,222,141
2026-05-02,US67066G1040,NVDA,2026-05-08,call,185.0,14.1,14.0,14.35,0.47119669433593747,1208,9622
2026-05-02,US67066G1040,NVDA,2026-05-08,call,187.5,12.3,11.8,11.9,0.4155331884765625,401,669
2026-05-02,US67066G1040,NVDA,2026-05-08,call,190.0,9.7,9.7,9.8,0.4030821411132813,3984,6805
2026-05-02,US67066G1040,NVDA,2026-05-08,call,192.5,7.85,7.7,7.85,0.3913635083007812,1094,1231
2026-05-02,US67066G1040,NVDA,2026-05-08,call,195.0,6.06,5.95,6.05,0.37695935546875,16083,17377
2026-05-02,US67066G1040,NVDA,2026-05-08,call,197.5,4.44,4.4,4.5,0.36646141357421874,6565,3124
2026-05-02,US67066G1040,NVDA,2026-05-08,call,200.0,3.15,3.15,3.2,0.3566958862304687,106747,66503
2026-05-02,US67066G1040,NVDA,2026-05-08,call,202.5,2.18,2.16,2.19,0.3505924316406249,41564,10195
2026-05-02,US67066G1040,NVDA,2026-05-08,call,205.0,1.44,1.43,1.46,0.34888346435546874,36697,63302
2026-05-02,US67066G1040,NVDA,2026-05-08,call,207.5,0.94,0.93,0.96,0.35108070800781244,41353,9736
2026-05-02,US67066G1040,NVDA,2026-05-08,call,210.0,0.61,0.62,0.63,0.35645174804687496,54168,49382
2026-05-02,US67066G1040,NVDA,2026-05-08,call,212.5,0.42,0.4,0.42,0.36475244628906256,8889,42655
2026-05-02,US67066G1040,NVDA,2026-05-08,call,215.0,0.28,0.28,0.29,0.3764710791015625,18648,23193
2026-05-02,US67066G1040,NVDA,2026-05-08,call,217.5,0.2,0.2,0.21,0.39160764648437496,8026,4602
2026-05-02,US67066G1040,NVDA,2026-05-08,call,220.0,0.13,0.14,0.15,0.40430283203125,20003,24054
2026-05-02,US67066G1040,NVDA,2026-05-08,call,222.5,0.1,0.1,0.11,0.41797457031249996,5047,2867
2026-05-02,US67066G1040,NVDA,2026-05-08,call,225.0,0.07,0.07,0.08,0.42969320312500003,4623,13013
2026-05-02,US67066G1040,NVDA,2026-05-08,call,230.0,0.04,0.04,0.05,0.46289599609375004,7687,17681
2026-05-02,US67066G1040,NVDA,2026-05-08,call,235.0,0.03,0.02,0.04,0.507817421875,3529,5809
2026-05-02,US67066G1040,NVDA,2026-05-08,call,240.0,0.03,0.02,0.03,0.5312546875,977,6298
2026-05-02,US67066G1040,NVDA,2026-05-08,call,245.0,0.01,0.01,0.02,0.5546919531250001,936,8549
2026-05-02,US67066G1040,NVDA,2026-05-08,call,250.0,0.01,0.0,0.01,0.5468795312500001,7245,18367
2026-05-02,US67066G1040,NVDA,2026-05-08,call,255.0,0.03,0.0,0.01,0.5937540625000001,46,2028
2026-05-02,US67066G1040,NVDA,2026-05-08,call,260.0,0.01,0.0,0.01,0.6250037500000001,2623,1215
2026-05-02,US67066G1040,NVDA,2026-05-08,call,265.0,0.01,0.0,0.01,0.6562534375000001,169,1358
2026-05-02,US67066G1040,NVDA,2026-05-08,call,270.0,0.01,0.0,0.01,0.70312796875,14,1224
2026-05-02,US67066G1040,NVDA,2026-05-08,call,275.0,0.01,0.0,0.01,0.7500025,274,496
2026-05-02,US67066G1040,NVDA,2026-05-08,call,280.0,0.01,0.0,0.01,0.7812521875,15,574
2026-05-02,US67066G1040,NVDA,2026-05-08,call,285.0,0.03,0.0,0.01,0.8125018749999999,14,53
2026-05-02,US67066G1040,NVDA,2026-05-08,call,290.0,0.01,0.0,0.01,0.8437515624999999,10,20
2026-05-02,US67066G1040,NVDA,2026-05-08,call,295.0,0.01,0.0,0.01,0.87500125,218,233
2026-05-02,US67066G1040,NVDA,2026-05-08,call,300.0,0.01,0.0,0.01,0.92187578125,477,651
2026-05-02,US67066G1040,NVDA,2026-05-08,call,305.0,0.02,0.0,0.01,0.9531254687499999,12,16
2026-05-02,US67066G1040,NVDA,2026-05-08,call,310.0,0.02,0.0,0.01,0.98437515625,114,135
2026-05-02,US67066G1040,NVDA,2026-05-08,call,330.0,0.01,0.0,0.01,1.125004375,63,83
2026-05-02,US67066G1040,NVDA,2026-05-08,call,350.0,0.01,0.0,0.01,1.21875390625,1,838
2026-05-02,US67066G1040,NVDA,2026-05-08,put,50.0,0.01,0.0,0.01,3.0000025,1,8
2026-05-02,US67066G1040,NVDA,2026-05-08,put,55.0,0.01,0.0,0.01,2.81250296875,8,2
2026-05-02,US67066G1040,NVDA,2026-05-08,put,60.0,0.02,0.0,0.01,2.6250034375,1,3
2026-05-02,US67066G1040,NVDA,2026-05-08,put,65.0,0.01,0.0,0.01,2.43750390625,22,5
2026-05-02,US67066G1040,NVDA,2026-05-08,put,70.0,0.02,0.0,0.01,2.3125042187499996,18,6
2026-05-02,US67066G1040,NVDA,2026-05-08,put,75.0,0.01,0.0,0.01,2.1250046874999997,23,44
2026-05-02,US67066G1040,NVDA,2026-05-08,put,80.0,0.01,0.0,0.01,2.000005,4,5
2026-05-02,US67066G1040,NVDA,2026-05-08,put,85.0,0.01,0.0,0.01,1.875000625,50,74
2026-05-02,US67066G1040,NVDA,2026-05-08,put,90.0,0.01,0.0,0.01,1.75000125,50,1500
2026-05-02,US67066G1040,NVDA,2026-05-08,put,95.0,0.01,0.0,0.01,1.625001875,20,226
2026-05-02,US67066G1040,NVDA,2026-05-08,put,100.0,0.01,0.0,0.01,1.5312523437499999,7502,13790
2026-05-02,US67066G1040,NVDA,2026-05-08,put,105.0,0.01,0.0,0.02,1.5000025,264,8559
2026-05-02,US67066G1040,NVDA,2026-05-08,put,110.0,0.01,0.0,0.01,1.3125034374999998,138,7319
2026-05-02,US67066G1040,NVDA,2026-05-08,put,115.0,0.01,0.01,0.02,1.359378203125,46,3197
2026-05-02,US67066G1040,NVDA,2026-05-08,put,120.0,0.01,0.0,0.02,1.21875390625,315,6010
2026-05-02,US67066G1040,NVDA,2026-05-08,put,125.0,0.02,0.01,0.03,1.1953165234375,37,902
2026-05-02,US67066G1040,NVDA,2026-05-08,put,130.0,0.02,0.01,0.03,1.1015669921875002,506,1435
2026-05-02,US67066G1040,NVDA,2026-05-08,put,135.0,0.02,0.01,0.02,0.98437515625,148,470
2026-05-02,US67066G1040,NVDA,2026-05-08,put,140.0,0.03,0.02,0.03,0.945313046875,58,1283
2026-05-02,US67066G1040,NVDA,2026-05-08,put,145.0,0.03,0.02,0.03,0.851563984375,558,1458
2026-05-02,US67066G1040,NVDA,2026-05-08,put,150.0,0.03,0.03,0.04,0.79687703125,573,2260
2026-05-02,US67066G1040,NVDA,2026-05-08,put,155.0,0.04,0.04,0.05,0.73437765625,850,1934
2026-05-02,US67066G1040,NVDA,2026-05-08,put,160.0,0.06,0.04,0.05,0.6523472265625001,2157,6469
2026-05-02,US67066G1040,NVDA,2026-05-08,put,165.0,0.06,0.06,0.07,0.59570716796875,7744,2861
2026-05-02,US67066G1040,NVDA,2026-05-08,put,170.0,0.08,0.08,0.1,0.5351608984375,4515,7724
2026-05-02,US67066G1040,NVDA,2026-05-08,put,175.0,0.14,0.14,0.15,0.48633326171875,2774,6131
2026-05-02,US67066G1040,NVDA,2026-05-08,put,177.5,0.18,0.18,0.2,0.46289599609375004,2096,1920
2026-05-02,US67066G1040,NVDA,2026-05-08,put,180.0,0.26,0.26,0.27,0.4414118359375,6251,12358
2026-05-02,US67066G1040,NVDA,2026-05-08,put,182.5,0.37,0.37,0.38,0.42236905761718746,2339,4472
2026-05-02,US67066G1040,NVDA,2026-05-08,put,185.0,0.55,0.54,0.56,0.40869731933593745,11612,16210
2026-05-02,US67066G1040,NVDA,2026-05-08,put,187.5,0.81,0.79,0.82,0.39551385742187506,5493,2886
2026-05-02,US67066G1040,NVDA,2026-05-08,put,190.0,1.2,1.17,1.2,0.383795224609375,30369,32132
2026-05-02,US67066G1040,NVDA,2026-05-08,put,192.5,1.7,1.71,1.74,0.3737855590820312,9034,4548
2026-05-02,US67066G1040,NVDA,2026-05-08,put,195.0,2.45,2.43,2.46,0.3632876171875,23675,22880
2026-05-02,US67066G1040,NVDA,2026-05-08,put,197.5,3.4,3.35,3.45,0.35718416259765623,12083,9523
2026-05-02,US67066G1040,NVDA,2026-05-08,put,200.0,4.7,4.6,4.65,0.34766277343749996,14626,8423
2026-05-02,US67066G1040,NVDA,2026-05-08,put,202.5,5.95,6.05,6.2,0.34668622070312494,6996,6132
2026-05-02,US67066G1040,NVDA,2026-05-08,put,205.0,7.75,7.85,7.95,0.34229173339843744,3514,4626
2026-05-02,US67066G1040,NVDA,2026-05-08,put,207.5,9.75,9.85,10.0,0.3498600170898437,903,5094
2026-05-02,US67066G1040,NVDA,2026-05-08,put,210.0,12.1,12.05,12.15,0.35108070800781244,3285,6365
2026-05-02,US67066G1040,NVDA,2026-05-08,put,212.5,14.01,14.35,14.5,0.3711000390625,144,965
2026-05-02,US67066G1040,NVDA,2026-05-08,put,215.0,16.58,16.7,17.25,0.4687553125,143,2078
2026-05-02,US67066G1040,NVDA,2026-05-08,put,217.5,18.97,19.15,19.3,0.405279384765625,244,242
2026-05-02,US67066G1040,NVDA,2026-05-08,put,220.0,20.95,20.95,21.9,0.476567734375,234,663
2026-05-02,US67066G1040,NVDA,2026-05-08,put,222.5,23.2,23.25,24.8,0.6167030517578126,27,76
2026-05-02,US67066G1040,NVDA,2026-05-08,put,225.0,25.0,25.75,26.9,0.5556685058593751,56,135
2026-05-02,US67066G1040,NVDA,2026-05-08,put,230.0,31.8,31.5,31.7,0.5429733203125001,13,62
2026-05-02,US67066G1040,NVDA,2026-05-08,put,235.0,35.95,36.4,37.1,0.6367223828125,50,0
2026-05-02,US67066G1040,NVDA,2026-05-08,put,240.0,29.88,40.75,42.2,0.8720715917968749,18,0
2026-05-02,US67066G1040,NVDA,2026-05-08,put,245.0,43.88,45.75,47.1,0.9125985302734375,17,0
2026-05-02,US67066G1040,NVDA,2026-05-08,put,250.0,50.85,50.75,52.2,1.0131885278320314,2,18
2026-05-02,US67066G1040,NVDA,2026-05-08,put,300.0,100.24,100.8,102.25,1.6206073657226563,,0
2026-05-02,US67066G1040,NVDA,2026-05-08,put,335.0,139.5,135.8,137.2,1.931640966796875,,0
2026-05-02,US67066G1040,NVDA,2026-05-08,put,340.0,144.48,140.75,142.2,1.9746095019531251,,1
2026-05-02,US67066G1040,NVDA,2026-05-15,call,2.5,206.25,193.95,197.85,20.843753486328122,1,8
2026-05-02,US67066G1040,NVDA,2026-05-15,call,5.0,171.26,191.45,195.3,13.882813823242188,1,56
2026-05-02,US67066G1040,NVDA,2026-05-15,call,15.0,185.5,181.45,185.35,8.566410895996093,14,204
2026-05-02,US67066G1040,NVDA,2026-05-15,call,20.0,178.99,176.45,180.35,7.472656909179687,9,48
2026-05-02,US67066G1040,NVDA,2026-05-15,call,22.5,153.35,175.65,182.2,7.8652345434570305,2,2
2026-05-02,US67066G1040,NVDA,2026-05-15,call,25.0,185.78,171.45,175.3,6.636720454101564,1,149
2026-05-02,US67066G1040,NVDA,2026-05-15,call,30.0,168.41,166.45,170.3,6.019533725585937,10,52
2026-05-02,US67066G1040,NVDA,2026-05-15,call,35.0,165.35,161.35,165.35,5.546878066406249,30,410
2026-05-02,US67066G1040,NVDA,2026-05-15,call,40.0,158.96,156.45,160.35,5.117191103515625,3,87
2026-05-02,US67066G1040,NVDA,2026-05-15,call,45.0,155.85,151.65,155.35,2.7890655273437504,3,20
2026-05-02,US67066G1040,NVDA,2026-05-15,call,50.0,158.67,146.7,150.4,2.7968780078125004,2,45
2026-05-02,US67066G1040,NVDA,2026-05-15,call,55.0,145.55,141.5,145.4,0.500005,3,63
2026-05-02,US67066G1040,NVDA,2026-05-15,call,60.0,150.32,136.7,140.35,2.3593791015624994,13,182
2026-05-02,US67066G1040,NVDA,2026-05-15,call,65.0,135.98,131.7,135.35,2.2070357324218746,10,67
2026-05-02,US67066G1040,NVDA,2026-05-15,call,70.0,138.6,126.95,130.4,2.3632853417968747,11,118
2026-05-02,US67066G1040,NVDA,2026-05-15,call,75.0,124.0,121.85,125.5,2.214848212890624,71,109
2026-05-02,US67066G1040,NVDA,2026-05-15,call,80.0,129.79,116.55,120.45,1.7382825585937498,6,66
2026-05-02,US67066G1040,NVDA,2026-05-15,call,85.0,127.45,111.9,115.45,1.9492190039062502,1,156
2026-05-02,US67066G1040,NVDA,2026-05-15,call,90.0,109.4,106.75,110.4,1.69140779296875,198,96
2026-05-02,US67066G1040,NVDA,2026-05-15,call,95.0,115.38,101.8,105.45,1.65625171875,10,42
2026-05-02,US67066G1040,NVDA,2026-05-15,call,100.0,99.5,97.6,100.45,1.8525397998046875,14,3613
2026-05-02,US67066G1040,NVDA,2026-05-15,call,105.0,95.0,91.85,95.5,1.4990259423828123,14,401
2026-05-02,US67066G1040,NVDA,2026-05-15,call,110.0,89.55,86.85,90.45,1.376956240234375,2,299
2026-05-02,US67066G1040,NVDA,2026-05-15,call,115.0,85.2,82.3,83.9,1.4521511767578126,1,613
2026-05-02,US67066G1040,NVDA,2026-05-15,call,120.0,79.3,78.25,80.55,1.5527366113281247,22,487
2026-05-02,US67066G1040,NVDA,2026-05-15,call,125.0,75.05,72.4,74.35,1.4287137939453123,9,352
2026-05-02,US67066G1040,NVDA,2026-05-15,call,130.0,69.94,68.2,69.0,0.9804689453125001,79,5475
2026-05-02,US67066G1040,NVDA,2026-05-15,call,135.0,64.97,63.25,64.2,0.9882813671875,7,2860
2026-05-02,US67066G1040,NVDA,2026-05-15,call,140.0,59.36,58.15,60.55,1.129398884277344,21,21594
2026-05-02,US67066G1040,NVDA,2026-05-15,call,145.0,54.3,53.4,54.0,0.81445498046875,2,3654
2026-05-02,US67066G1040,NVDA,2026-05-15,call,150.0,49.38,48.65,49.2,0.8266618896484373,55,8616
2026-05-02,US67066G1040,NVDA,2026-05-15,call,155.0,44.67,43.7,43.9,0.70312796875,21,1190
2026-05-02,US67066G1040,NVDA,2026-05-15,call,160.0,40.13,38.7,38.95,0.6347692773437501,26,7538
2026-05-02,US67066G1040,NVDA,2026-05-15,call,165.0,34.05,33.75,34.0,0.5732464550781251,39,2714
2026-05-02,US67066G1040,NVDA,2026-05-15,call,170.0,29.15,28.9,29.2,0.5361374511718751,275,10528
2026-05-02,US67066G1040,NVDA,2026-05-15,call,175.0,24.42,24.15,24.35,0.5063525927734375,183,14424
2026-05-02,US67066G1040,NVDA,2026-05-15,call,177.5,22.7,21.4,21.95,0.477544287109375,56,53
2026-05-02,US67066G1040,NVDA,2026-05-15,call,180.0,19.9,19.45,19.65,0.45898978515625005,476,37317
2026-05-02,US67066G1040,NVDA,2026-05-15,call,182.5,17.8,17.2,17.35,0.43579665771484377,150,303
2026-05-02,US67066G1040,NVDA,2026-05-15,call,185.0,15.25,15.05,15.2,0.4226131958007812,692,31749
2026-05-02,US67066G1040,NVDA,2026-05-15,call,187.5,13.25,13.0,13.15,0.411138701171875,190,349
2026-05-02,US67066G1040,NVDA,2026-05-15,call,190.0,11.25,11.0,11.2,0.39954213745117195,1744,43221
2026-05-02,US67066G1040,NVDA,2026-05-15,call,192.5,9.4,9.25,9.35,0.38672488281249995,560,2838
2026-05-02,US67066G1040,NVDA,2026-05-15,call,195.0,7.75,7.6,7.7,0.37830211547851555,3929,69540
2026-05-02,US67066G1040,NVDA,2026-05-15,call,197.5,6.2,6.1,6.2,0.36939107177734376,2138,1433
2026-05-02,US67066G1040,NVDA,2026-05-15,call,200.0,4.89,4.8,4.9,0.3624331335449219,26332,132871
2026-05-02,US67066G1040,NVDA,2026-05-15,call,202.5,3.8,3.75,3.8,0.35718416259765623,9827,7897
2026-05-02,US67066G1040,NVDA,2026-05-15,call,205.0,2.87,2.86,2.91,0.354376573486328,18174,43096
2026-05-02,US67066G1040,NVDA,2026-05-15,call,207.5,2.22,2.15,2.2,0.3532779516601562,7864,5714
2026-05-02,US67066G1040,NVDA,2026-05-15,call,210.0,1.63,1.61,1.64,0.35278967529296873,73630,123205
2026-05-02,US67066G1040,NVDA,2026-05-15,call,212.5,1.23,1.18,1.21,0.3532779516601562,9823,9877
2026-05-02,US67066G1040,NVDA,2026-05-15,call,215.0,0.89,0.88,0.9,0.35645174804687496,18446,47822
2026-05-02,US67066G1040,NVDA,2026-05-15,call,217.5,0.67,0.65,0.68,0.3618227880859375,4075,8495
2026-05-02,US67066G1040,NVDA,2026-05-15,call,220.0,0.51,0.5,0.51,0.36694968994140625,23783,48265
2026-05-02,US67066G1040,NVDA,2026-05-15,call,222.5,0.4,0.37,0.39,0.3737855590820312,1202,3750
2026-05-02,US67066G1040,NVDA,2026-05-15,call,225.0,0.3,0.3,0.31,0.3833069482421875,5266,19884
2026-05-02,US67066G1040,NVDA,2026-05-15,call,230.0,0.18,0.18,0.19,0.39893179199218753,3999,44508
2026-05-02,US67066G1040,NVDA,2026-05-15,call,235.0,0.14,0.13,0.14,0.424810439453125,4366,63783
2026-05-02,US67066G1040,NVDA,2026-05-15,call,240.0,0.1,0.09,0.1,0.446294599609375,3103,28676
2026-05-02,US67066G1040,NVDA,2026-05-15,call,245.0,0.07,0.05,0.07,0.46484910156250003,1203,9907
2026-05-02,US67066G1040,NVDA,2026-05-15,call,250.0,0.05,0.05,0.06,0.49219257812500006,3821,27204
2026-05-02,US67066G1040,NVDA,2026-05-15,call,255.0,0.04,0.03,0.05,0.5039112109375,248,2338
2026-05-02,US67066G1040,NVDA,2026-05-15,call,260.0,0.02,0.03,0.04,0.5312546875,267,14806
2026-05-02,US67066G1040,NVDA,2026-05-15,call,265.0,0.03,0.02,0.03,0.5468795312500001,25,2892
2026-05-02,US67066G1040,NVDA,2026-05-15,call,270.0,0.01,0.01,0.02,0.5468795312500001,417,11590
2026-05-02,US67066G1040,NVDA,2026-05-15,call,275.0,0.02,0.01,0.02,0.57812921875,106,1727
2026-05-02,US67066G1040,NVDA,2026-05-15,call,280.0,0.02,0.01,0.02,0.6054726953125001,8,6849
2026-05-02,US67066G1040,NVDA,2026-05-15,call,285.0,0.01,0.01,0.02,0.632816171875,442,1876
2026-05-02,US67066G1040,NVDA,2026-05-15,call,290.0,0.01,0.0,0.01,0.5937540625000001,6,4584
2026-05-02,US67066G1040,NVDA,2026-05-15,call,295.0,0.01,0.0,0.01,0.6250037500000001,1,672
2026-05-02,US67066G1040,NVDA,2026-05-15,call,300.0,0.01,0.0,0.01,0.6562534375000001,121,6377
2026-05-02,US67066G1040,NVDA,2026-05-15,call,305.0,0.02,0.0,0.01,0.6718782812500002,1,1311
2026-05-02,US67066G1040,NVDA,2026-05-15,call,310.0,0.01,0.0,0.01,0.6875031250000001,12,6057
2026-05-02,US67066G1040,NVDA,2026-05-15,call,315.0,0.01,0.0,0.01,0.7187528125,1,1015
2026-05-02,US67066G1040,NVDA,2026-05-15,call,320.0,0.01,0.0,0.01,0.7500025,1,5147
2026-05-02,US67066G1040,NVDA,2026-05-15,call,325.0,0.04,0.0,0.01,0.7656273437500001,10,35
2026-05-02,US67066G1040,NVDA,2026-05-15,call,330.0,0.01,0.0,0.01,0.7812521875,175,3651
2026-05-02,US67066G1040,NVDA,2026-05-15,call,335.0,0.01,0.0,0.01,0.8125018749999999,100,1184
2026-05-02,US67066G1040,NVDA,2026-05-15,call,340.0,0.03,0.0,0.01,0.8281267187499999,2,8489
2026-05-02,US67066G1040,NVDA,2026-05-15,call,350.0,0.01,0.0,0.01,0.87500125,300,8672
2026-05-02,US67066G1040,NVDA,2026-05-15,call,355.0,0.02,0.0,0.01,0.87500125,1,147
2026-05-02,US67066G1040,NVDA,2026-05-15,call,360.0,0.01,0.0,0.01,0.9062509375,2,2155
2026-05-02,US67066G1040,NVDA,2026-05-15,call,365.0,0.01,0.0,0.01,0.937500625,35,35
2026-05-02,US67066G1040,NVDA,2026-05-15,call,370.0,0.01,0.0,0.01,0.937500625,129,1723
2026-05-02,US67066G1040,NVDA,2026-05-15,call,380.0,0.01,0.0,0.01,0.9687503125,2,2396
2026-05-02,US67066G1040,NVDA,2026-05-15,call,390.0,0.01,0.0,0.01,1.0312548437500002,1,1350
2026-05-02,US67066G1040,NVDA,2026-05-15,call,400.0,0.01,0.0,0.01,1.0625046875000002,2,3606
2026-05-02,US67066G1040,NVDA,2026-05-15,call,410.0,0.01,0.0,0.01,1.09375453125,10,3873
2026-05-02,US67066G1040,NVDA,2026-05-15,call,420.0,0.01,0.0,0.01,1.125004375,1,4514
2026-05-02,US67066G1040,NVDA,2026-05-15,put,2.5,0.01,0.0,0.01,7.00000125,1,33
2026-05-02,US67066G1040,NVDA,2026-05-15,put,5.0,0.02,0.0,0.01,5.7500028125,1,421
2026-05-02,US67066G1040,NVDA,2026-05-15,put,10.0,0.01,0.0,0.02,4.875003906249999,2,14
2026-05-02,US67066G1040,NVDA,2026-05-15,put,12.5,0.01,0.0,0.01,4.2500046875,1,1
2026-05-02,US67066G1040,NVDA,2026-05-15,put,15.0,0.01,0.0,0.02,4.187504765625,1,711
2026-05-02,US67066G1040,NVDA,2026-05-15,put,17.5,0.01,0.0,0.01,3.750000625,405,495
2026-05-02,US67066G1040,NVDA,2026-05-15,put,20.0,0.01,0.0,0.01,3.50000125,16,3342
2026-05-02,US67066G1040,NVDA,2026-05-15,put,22.5,0.01,0.0,0.01,3.3750015624999996,73,73
2026-05-02,US67066G1040,NVDA,2026-05-15,put,25.0,0.01,0.0,0.01,3.1875020312499998,2,1230
2026-05-02,US67066G1040,NVDA,2026-05-15,put,30.0,0.01,0.0,0.01,2.8750028125,1,5038
2026-05-02,US67066G1040,NVDA,2026-05-15,put,35.0,0.01,0.0,0.01,2.68750328125,2,5662
2026-05-02,US67066G1040,NVDA,2026-05-15,put,40.0,0.01,0.0,0.01,2.43750390625,10,6284
2026-05-02,US67066G1040,NVDA,2026-05-15,put,45.0,0.01,0.0,0.01,2.2500043749999996,1,6860
2026-05-02,US67066G1040,NVDA,2026-05-15,put,50.0,0.01,0.0,0.01,2.1250046874999997,3,1701
2026-05-02,US67066G1040,NVDA,2026-05-15,put,55.0,0.01,0.0,0.01,1.96875015625,10,858
2026-05-02,US67066G1040,NVDA,2026-05-15,put,60.0,0.01,0.0,0.01,1.875000625,5,602
2026-05-02,US67066G1040,NVDA,2026-05-15,put,65.0,0.01,0.0,0.02,1.8125009374999999,4,649
2026-05-02,US67066G1040,NVDA,2026-05-15,put,70.0,0.01,0.0,0.02,1.71875140625,3062,1400
2026-05-02,US67066G1040,NVDA,2026-05-15,put,75.0,0.01,0.0,0.01,1.5000025,3226,2789
2026-05-02,US67066G1040,NVDA,2026-05-15,put,80.0,0.01,0.01,0.02,1.5468772656249998,304,3127
2026-05-02,US67066G1040,NVDA,2026-05-15,put,85.0,0.01,0.01,0.02,1.453127734375,22,3189
2026-05-02,US67066G1040,NVDA,2026-05-15,put,90.0,0.02,0.01,0.03,1.3906280468749999,107,12021
2026-05-02,US67066G1040,NVDA,2026-05-15,put,95.0,0.03,0.01,0.02,1.2656286718749998,5,9350
2026-05-02,US67066G1040,NVDA,2026-05-15,put,100.0,0.03,0.02,0.04,1.2656286718749998,1815,20241
2026-05-02,US67066G1040,NVDA,2026-05-15,put,105.0,0.02,0.02,0.04,1.1796916015624999,1,24127
2026-05-02,US67066G1040,NVDA,2026-05-15,put,110.0,0.04,0.02,0.04,1.1015669921875002,175,15017
2026-05-02,US67066G1040,NVDA,2026-05-15,put,115.0,0.04,0.03,0.05,1.0546922265625,6,4672
2026-05-02,US67066G1040,NVDA,2026-05-15,put,120.0,0.04,0.04,0.05,0.992187578125,265,28981
2026-05-02,US67066G1040,NVDA,2026-05-15,put,125.0,0.05,0.04,0.05,0.9179695703125,335,7721
2026-05-02,US67066G1040,NVDA,2026-05-15,put,130.0,0.06,0.05,0.06,0.8652357226562499,557,18779
2026-05-02,US67066G1040,NVDA,2026-05-15,put,135.0,0.06,0.06,0.07,0.8105487695312499,1104,23314
2026-05-02,US67066G1040,NVDA,2026-05-15,put,140.0,0.08,0.07,0.08,0.7539087109375,1190,45837
2026-05-02,US67066G1040,NVDA,2026-05-15,put,145.0,0.09,0.09,0.1,0.7070341796875,174,24977
2026-05-02,US67066G1040,NVDA,2026-05-15,put,150.0,0.11,0.11,0.12,0.6562534375000001,1569,39334
2026-05-02,US67066G1040,NVDA,2026-05-15,put,155.0,0.14,0.13,0.15,0.6054726953125001,538,29404
2026-05-02,US67066G1040,NVDA,2026-05-15,put,160.0,0.18,0.18,0.19,0.561527822265625,1321,45404
2026-05-02,US67066G1040,NVDA,2026-05-15,put,165.0,0.24,0.24,0.25,0.516606396484375,637,20409
2026-05-02,US67066G1040,NVDA,2026-05-15,put,170.0,0.35,0.35,0.36,0.47998566894531247,1998,29930
2026-05-02,US67066G1040,NVDA,2026-05-15,put,175.0,0.53,0.53,0.54,0.44482977050781247,2044,38323
2026-05-02,US67066G1040,NVDA,2026-05-15,put,177.5,0.68,0.66,0.68,0.42969320312500003,1612,3848
2026-05-02,US67066G1040,NVDA,2026-05-15,put,180.0,0.85,0.85,0.87,0.4162656030273437,4064,63763
2026-05-02,US67066G1040,NVDA,2026-05-15,put,182.5,1.1,1.09,1.12,0.40405869384765625,1602,1899
2026-05-02,US67066G1040,NVDA,2026-05-15,put,185.0,1.4,1.42,1.45,0.3930724755859375,3429,28038
2026-05-02,US67066G1040,NVDA,2026-05-15,put,187.5,1.88,1.84,1.88,0.3834290173339844,1496,3157
2026-05-02,US67066G1040,NVDA,2026-05-15,put,190.0,2.41,2.39,2.42,0.37390762817382805,69754,31832
2026-05-02,US67066G1040,NVDA,2026-05-15,put,192.5,3.03,3.05,3.15,0.36890279541015625,4175,9776
2026-05-02,US67066G1040,NVDA,2026-05-15,put,195.0,3.93,3.9,3.95,0.35816071533203125,4668,22900
2026-05-02,US67066G1040,NVDA,2026-05-15,put,197.5,4.84,4.9,5.0,0.35315588256835934,5060,8066
2026-05-02,US67066G1040,NVDA,2026-05-15,put,200.0,6.1,6.1,6.2,0.34632001342773433,5378,25350
2026-05-02,US67066G1040,NVDA,2026-05-15,put,202.5,7.25,7.55,7.65,0.3438786315917969,2912,2853
2026-05-02,US67066G1040,NVDA,2026-05-15,put,205.0,8.65,9.15,9.25,0.3394841442871094,3419,9804
2026-05-02,US67066G1040,NVDA,2026-05-15,put,207.5,10.82,10.95,11.05,0.33765310791015624,840,7429
2026-05-02,US67066G1040,NVDA,2026-05-15,put,210.0,12.65,12.9,13.0,0.335944140625,1068,8272
2026-05-02,US67066G1040,NVDA,2026-05-15,put,212.5,14.85,14.95,15.1,0.3367986242675781,552,3116
2026-05-02,US67066G1040,NVDA,2026-05-15,put,215.0,17.02,17.15,17.35,0.3442448388671875,290,12448
2026-05-02,US67066G1040,NVDA,2026-05-15,put,217.5,18.7,19.05,19.65,0.35034829345703117,43,608
2026-05-02,US67066G1040,NVDA,2026-05-15,put,220.0,21.66,21.3,22.0,0.35645174804687496,71,2059
2026-05-02,US67066G1040,NVDA,2026-05-15,put,222.5,23.05,23.7,24.4,0.36524072265625,30,417
2026-05-02,US67066G1040,NVDA,2026-05-15,put,225.0,25.5,26.15,26.8,0.36817038085937503,33,428
2026-05-02,US67066G1040,NVDA,2026-05-15,put,230.0,31.14,30.8,31.85,0.4331111376953125,32,565
2026-05-02,US67066G1040,NVDA,2026-05-15,put,235.0,25.0,35.7,36.75,0.450200810546875,9,24
2026-05-02,US67066G1040,NVDA,2026-05-15,put,240.0,40.74,40.7,41.9,0.5459029785156251,70,40
2026-05-02,US67066G1040,NVDA,2026-05-15,put,245.0,35.81,45.7,47.1,0.6455113574218749,1,0
2026-05-02,US67066G1040,NVDA,2026-05-15,put,250.0,49.2,50.7,52.15,0.7050810742187501,60,0
2026-05-02,US67066G1040,NVDA,2026-05-15,put,255.0,56.85,55.7,57.15,0.75195560546875,1,0
2026-05-02,US67066G1040,NVDA,2026-05-15,put,260.0,47.63,60.75,62.15,0.7973653076171875,1,1
2026-05-02,US67066G1040,NVDA,2026-05-15,put,265.0,66.85,65.7,67.15,0.8413101806640625,2,0
2026-05-02,US67066G1040,NVDA,2026-05-15,put,270.0,57.6,70.75,72.15,0.883790224609375,1,2
2026-05-02,US67066G1040,NVDA,2026-05-15,put,275.0,76.85,75.75,77.15,0.9248054394531251,1,0
2026-05-02,US67066G1040,NVDA,2026-05-15,put,280.0,67.94,80.75,81.95,0.9008798974609374,1,1
2026-05-02,US67066G1040,NVDA,2026-05-15,put,290.0,106.95,86.35,90.6,1.0000000000000003e-05,2,0
2026-05-02,US67066G1040,NVDA,2026-05-15,put,295.0,93.5,95.75,97.15,1.0795944458007813,2,0
2026-05-02,US67066G1040,NVDA,2026-05-15,put,300.0,110.6,0.0,0.0,1.0000000000000003e-05,2,0
2026-05-02,US67066G1040,NVDA,2026-05-15,put,310.0,100.0,127.15,130.05,2.9058865243530274,24,0
2026-05-02,US67066G1040,NVDA,2026-05-15,put,320.0,114.4,137.15,140.05,3.007448770446777,34,0
2026-05-02,US67066G1040,NVDA,2026-05-15,put,330.0,125.5,147.3,149.9,3.1042502862548824,2,0
2026-05-02,US67066G1040,NVDA,2026-05-15,put,340.0,129.85,157.15,159.9,3.1909199914550777,14,0
2026-05-02,US67066G1040,NVDA,2026-05-15,put,365.0,175.82,165.7,167.15,1.522951604003906,,0
2026-05-02,US67066G1040,NVDA,2026-05-15,put,370.0,189.3,181.15,183.9,2.955569017333984,,0
2026-05-02,US67066G1040,NVDA,2026-05-15,put,380.0,195.67,191.2,193.9,3.0319848419189457,,0
2026-05-02,US67066G1040,NVDA,2026-05-15,put,390.0,191.32,190.75,192.15,1.654298603515625,1,0
2026-05-02,US67066G1040,NVDA,2026-05-15,put,400.0,187.92,200.7,202.15,1.7041030419921874,1,1
2026-05-02,US67066G1040,NVDA,2026-05-15,put,410.0,215.92,0.0,0.0,1.0000000000000003e-05,1,0
2026-05-02,US67066G1040,NVDA,2026-05-15,put,420.0,232.5,228.45,231.0,3.030031721801758,,0
2026-05-02,US67066G1040,NVDA,2026-05-22,call,50.0,151.53,145.3,151.75,2.2109419726562494,2,17
2026-05-02,US67066G1040,NVDA,2026-05-22,call,55.0,146.09,140.3,146.75,2.0625048437499998,1,2
2026-05-02,US67066G1040,NVDA,2026-05-22,call,60.0,140.98,135.3,141.8,1.9882813085937499,1,20
2026-05-02,US67066G1040,NVDA,2026-05-22,call,85.0,126.33,110.4,116.85,1.5390648046875,1,30
2026-05-02,US67066G1040,NVDA,2026-05-22,call,90.0,110.43,105.4,112.05,1.53515857421875,4,36
2026-05-02,US67066G1040,NVDA,2026-05-22,call,95.0,118.86,100.4,106.95,1.3984405078125,1,1
2026-05-02,US67066G1040,NVDA,2026-05-22,call,100.0,109.89,95.45,101.9,1.3085972070312497,1,5
2026-05-02,US67066G1040,NVDA,2026-05-22,call,105.0,104.17,90.45,96.95,1.2421912890624998,1,11
2026-05-02,US67066G1040,NVDA,2026-05-22,call,110.0,89.81,85.5,91.95,1.1767619287109374,5,16
2026-05-02,US67066G1040,NVDA,2026-05-22,call,115.0,102.04,80.5,86.95,1.0966842041015625,1,14
2026-05-02,US67066G1040,NVDA,2026-05-22,call,120.0,90.52,75.5,82.05,1.0468797656250002,2,3
2026-05-02,US67066G1040,NVDA,2026-05-22,call,125.0,83.25,70.55,77.0,0.971679970703125,10,13
2026-05-02,US67066G1040,NVDA,2026-05-22,call,130.0,79.51,65.55,72.1,0.9204109521484375,43,32
2026-05-02,US67066G1040,NVDA,2026-05-22,call,135.0,74.7,60.6,65.9,1.2731969934082028,2,36
2026-05-02,US67066G1040,NVDA,2026-05-22,call,140.0,59.43,57.05,62.15,0.9731447998046875,165,203
2026-05-02,US67066G1040,NVDA,2026-05-22,call,145.0,55.24,52.15,57.25,0.911133701171875,1,11
2026-05-02,US67066G1040,NVDA,2026-05-22,call,150.0,49.39,48.8,50.1,0.7888204711914062,43,53
2026-05-02,US67066G1040,NVDA,2026-05-22,call,155.0,45.2,43.9,45.05,0.7182645361328125,70,136
2026-05-02,US67066G1040,NVDA,2026-05-22,call,160.0,40.63,38.4,39.75,0.5751995605468749,76,1138
2026-05-02,US67066G1040,NVDA,2026-05-22,call,165.0,33.82,34.55,35.2,0.6250037500000001,10,696
2026-05-02,US67066G1040,NVDA,2026-05-22,call,170.0,31.4,29.85,30.6,0.586918193359375,38,857
2026-05-02,US67066G1040,NVDA,2026-05-22,call,175.0,25.83,25.5,25.95,0.5534712622070312,288,1127
2026-05-02,US67066G1040,NVDA,2026-05-22,call,180.0,21.69,21.3,21.65,0.5278367529296876,642,1906
2026-05-02,US67066G1040,NVDA,2026-05-22,call,185.0,17.7,17.45,17.65,0.5085498364257812,408,3402
2026-05-02,US67066G1040,NVDA,2026-05-22,call,190.0,14.0,13.9,14.2,0.504765694580078,921,8404
2026-05-02,US67066G1040,NVDA,2026-05-22,call,195.0,10.97,10.85,11.0,0.48743188354492195,2193,4383
2026-05-02,US67066G1040,NVDA,2026-05-22,call,200.0,8.25,8.2,8.35,0.4777884252929688,13228,14668
2026-05-02,US67066G1040,NVDA,2026-05-22,call,205.0,6.1,6.05,6.15,0.4691215197753906,3612,14121
2026-05-02,US67066G1040,NVDA,2026-05-22,call,210.0,4.4,4.35,4.45,0.46497117065429694,5145,9576
2026-05-02,US67066G1040,NVDA,2026-05-22,call,215.0,3.15,3.05,3.15,0.4624077197265626,3976,59126
2026-05-02,US67066G1040,NVDA,2026-05-22,call,220.0,2.15,2.12,2.18,0.4606987524414063,7387,14565
2026-05-02,US67066G1040,NVDA,2026-05-22,call,225.0,1.5,1.47,1.5,0.4616753051757813,1532,8436
2026-05-02,US67066G1040,NVDA,2026-05-22,call,230.0,1.05,1.02,1.06,0.4682670361328125,2487,7031
2026-05-02,US67066G1040,NVDA,2026-05-22,call,235.0,0.74,0.72,0.75,0.4753470434570312,1591,53697
2026-05-02,US67066G1040,NVDA,2026-05-22,call,240.0,0.54,0.52,0.55,0.48633326171875,608,6881
2026-05-02,US67066G1040,NVDA,2026-05-22,call,245.0,0.41,0.4,0.41,0.4978077563476563,431,6182
2026-05-02,US67066G1040,NVDA,2026-05-22,call,250.0,0.31,0.31,0.32,0.5112353564453125,1861,6714
2026-05-02,US67066G1040,NVDA,2026-05-22,call,255.0,0.24,0.24,0.25,0.524418818359375,342,1620
2026-05-02,US67066G1040,NVDA,2026-05-22,call,260.0,0.2,0.18,0.19,0.5351608984375,260,914
2026-05-02,US67066G1040,NVDA,2026-05-22,call,265.0,0.16,0.15,0.18,0.5566450585937501,58,840
2026-05-02,US67066G1040,NVDA,2026-05-22,call,270.0,0.13,0.1,0.14,0.5625043750000001,26,440
2026-05-02,US67066G1040,NVDA,2026-05-22,call,275.0,0.11,0.09,0.13,0.5839885351562499,104,1409
2026-05-02,US67066G1040,NVDA,2026-05-22,call,280.0,0.09,0.07,0.11,0.596683720703125,90,277
2026-05-02,US67066G1040,NVDA,2026-05-22,call,285.0,0.07,0.04,0.08,0.5937540625000001,20,112
2026-05-02,US67066G1040,NVDA,2026-05-22,call,290.0,0.05,0.04,0.08,0.6191444335937502,34,149
2026-05-02,US67066G1040,NVDA,2026-05-22,call,295.0,0.04,0.03,0.07,0.63086306640625,3,1506
2026-05-02,US67066G1040,NVDA,2026-05-22,call,300.0,0.05,0.02,0.06,0.63867548828125,163,1558
2026-05-02,US67066G1040,NVDA,2026-05-22,call,305.0,0.03,0.01,0.05,0.6445348046875,14,61
2026-05-02,US67066G1040,NVDA,2026-05-22,call,310.0,0.05,0.01,0.05,0.6640658593750002,1,116
2026-05-02,US67066G1040,NVDA,2026-05-22,call,315.0,0.03,0.01,0.05,0.6835969140625001,60,155
2026-05-02,US67066G1040,NVDA,2026-05-22,call,320.0,0.04,0.01,0.04,0.6953155468750001,34,225
2026-05-02,US67066G1040,NVDA,2026-05-22,call,325.0,0.01,0.01,0.04,0.7148466015625,260,289
2026-05-02,US67066G1040,NVDA,2026-05-22,call,330.0,0.06,0.0,0.04,0.7187528125,1,10
2026-05-02,US67066G1040,NVDA,2026-05-22,call,335.0,0.03,0.0,0.04,0.73437765625,2,13
2026-05-02,US67066G1040,NVDA,2026-05-22,call,340.0,0.02,0.0,0.03,0.73437765625,1,300
2026-05-02,US67066G1040,NVDA,2026-05-22,call,350.0,0.01,0.0,0.03,0.773439765625,1,26
2026-05-02,US67066G1040,NVDA,2026-05-22,put,50.0,0.01,0.0,0.03,1.890625546875,1,205
2026-05-02,US67066G1040,NVDA,2026-05-22,put,55.0,0.02,0.0,0.03,1.765626171875,30,31
2026-05-02,US67066G1040,NVDA,2026-05-22,put,60.0,0.01,0.0,0.03,1.65625171875,216,216
2026-05-02,US67066G1040,NVDA,2026-05-22,put,65.0,0.01,0.01,0.03,1.5781271093749998,68,2910
2026-05-02,US67066G1040,NVDA,2026-05-22,put,75.0,0.01,0.0,0.04,1.3906280468749999,240,270
2026-05-02,US67066G1040,NVDA,2026-05-22,put,80.0,0.03,0.01,0.05,1.3515657421874998,2,5
2026-05-02,US67066G1040,NVDA,2026-05-22,put,85.0,0.03,0.01,0.05,1.2656286718749998,4,31
2026-05-02,US67066G1040,NVDA,2026-05-22,put,90.0,0.04,0.01,0.06,1.203128984375,6,56
2026-05-02,US67066G1040,NVDA,2026-05-22,put,95.0,0.15,0.02,0.06,1.140629296875,,1
2026-05-02,US67066G1040,NVDA,2026-05-22,put,100.0,0.05,0.02,0.07,1.0781296093750001,6,389
2026-05-02,US67066G1040,NVDA,2026-05-22,put,105.0,0.05,0.04,0.05,1.0078174609375,2552,575
2026-05-02,US67066G1040,NVDA,2026-05-22,put,110.0,0.05,0.05,0.09,0.98437515625,3,344
2026-05-02,US67066G1040,NVDA,2026-05-22,put,115.0,0.06,0.06,0.09,0.9238288867187501,1,130
2026-05-02,US67066G1040,NVDA,2026-05-22,put,120.0,0.08,0.07,0.09,0.8632826171875,10,952
2026-05-02,US67066G1040,NVDA,2026-05-22,put,125.0,0.09,0.08,0.11,0.8164080859374999,13,710
2026-05-02,US67066G1040,NVDA,2026-05-22,put,130.0,0.09,0.08,0.14,0.7695335546875001,16,881
2026-05-02,US67066G1040,NVDA,2026-05-22,put,135.0,0.13,0.12,0.16,0.7304714453125,25,326
2026-05-02,US67066G1040,NVDA,2026-05-22,put,140.0,0.18,0.16,0.19,0.6904327832031252,50,1008
2026-05-02,US67066G1040,NVDA,2026-05-22,put,145.0,0.22,0.2,0.24,0.6513706738281251,59,576
2026-05-02,US67066G1040,NVDA,2026-05-22,put,150.0,0.3,0.29,0.3,0.6191444335937502,644,1331
2026-05-02,US67066G1040,NVDA,2026-05-22,put,155.0,0.4,0.4,0.41,0.5903361279296876,49,1213
2026-05-02,US67066G1040,NVDA,2026-05-22,put,160.0,0.56,0.55,0.58,0.5629926513671876,920,2665
2026-05-02,US67066G1040,NVDA,2026-05-22,put,165.0,0.8,0.8,0.83,0.5405319384765627,537,2904
2026-05-02,US67066G1040,NVDA,2026-05-22,put,170.0,1.19,1.17,1.21,0.5212450219726561,705,3963
2026-05-02,US67066G1040,NVDA,2026-05-22,put,175.0,1.75,1.73,1.78,0.50586431640625,1031,5921
2026-05-02,US67066G1040,NVDA,2026-05-22,put,180.0,2.52,2.51,2.57,0.493291199951172,5673,7036
2026-05-02,US67066G1040,NVDA,2026-05-22,put,185.0,3.6,3.55,3.7,0.4826711889648438,1260,8252
2026-05-02,US67066G1040,NVDA,2026-05-22,put,190.0,5.15,5.1,5.2,0.47308876525878907,1563,5922
2026-05-02,US67066G1040,NVDA,2026-05-22,put,195.0,7.0,6.95,7.1,0.46326220336914065,1526,8990
2026-05-02,US67066G1040,NVDA,2026-05-22,put,200.0,9.25,9.3,9.45,0.454107021484375,4170,5832
2026-05-02,US67066G1040,NVDA,2026-05-22,put,205.0,12.1,12.15,12.3,0.44751529052734373,2078,3332
2026-05-02,US67066G1040,NVDA,2026-05-22,put,210.0,15.4,15.35,15.85,0.4563042651367188,1235,8151
2026-05-02,US67066G1040,NVDA,2026-05-22,put,215.0,19.11,18.7,19.35,0.43921459228515625,136,1121
2026-05-02,US67066G1040,NVDA,2026-05-22,put,220.0,23.37,22.8,23.4,0.43457596679687505,70,705
2026-05-02,US67066G1040,NVDA,2026-05-22,put,225.0,27.0,26.9,27.8,0.437505625,1,147
2026-05-02,US67066G1040,NVDA,2026-05-22,put,230.0,31.62,31.45,32.45,0.44922425781249997,2,46
2026-05-02,US67066G1040,NVDA,2026-05-22,put,235.0,27.65,36.2,37.25,0.4682670361328125,10,41
2026-05-02,US67066G1040,NVDA,2026-05-22,put,240.0,40.85,41.05,41.9,0.4458063232421875,40,31
2026-05-02,US67066G1040,NVDA,2026-05-22,put,245.0,44.21,46.0,47.0,0.506840869140625,1,1
2026-05-02,US67066G1040,NVDA,2026-05-22,put,250.0,43.45,50.4,52.9,0.6884796777343751,15,17
2026-05-02,US67066G1040,NVDA,2026-05-22,put,265.0,49.7,65.4,67.9,0.5214891601562499,40,0
2026-05-02,US67066G1040,NVDA,2026-05-29,call,50.0,164.55,145.25,151.85,1.9765626171875001,7,6
2026-05-02,US67066G1040,NVDA,2026-05-29,call,85.0,115.57,110.2,117.05,1.3320345898437496,4,0
2026-05-02,US67066G1040,NVDA,2026-05-29,call,100.0,115.23,95.45,100.7,1.7265638671875,2,6
2026-05-02,US67066G1040,NVDA,2026-05-29,call,110.0,92.98,85.5,92.1,1.056645341796875,,6
2026-05-02,US67066G1040,NVDA,2026-05-29,call,115.0,96.82,80.55,87.15,1.0068409033203123,2,4
2026-05-02,US67066G1040,NVDA,2026-05-29,call,120.0,92.34,75.55,82.2,0.94726615234375,5,20
2026-05-02,US67066G1040,NVDA,2026-05-29,call,125.0,74.58,70.6,77.2,0.8876964355468748,10,11
2026-05-02,US67066G1040,NVDA,2026-05-29,call,130.0,70.11,65.65,72.25,0.8378922460937499,1,13
2026-05-02,US67066G1040,NVDA,2026-05-29,call,135.0,63.96,62.15,67.3,0.9355475195312499,1,11
2026-05-02,US67066G1040,NVDA,2026-05-29,call,140.0,59.28,57.15,61.05,0.747072841796875,6,33
2026-05-02,US67066G1040,NVDA,2026-05-29,call,145.0,54.15,53.85,54.85,0.7319362744140624,3,32
2026-05-02,US67066G1040,NVDA,2026-05-29,call,150.0,49.54,48.95,50.05,0.6909210595703126,6,158
2026-05-02,US67066G1040,NVDA,2026-05-29,call,155.0,56.27,44.15,45.6,0.6752962158203126,4,18
2026-05-02,US67066G1040,NVDA,2026-05-29,call,160.0,40.27,39.6,40.35,0.6191444335937502,21,291
2026-05-02,US67066G1040,NVDA,2026-05-29,call,165.0,36.5,34.9,35.7,0.5842326733398437,75,596
2026-05-02,US67066G1040,NVDA,2026-05-29,call,170.0,31.77,30.05,31.2,0.5429733203125001,97,937
2026-05-02,US67066G1040,NVDA,2026-05-29,call,175.0,26.85,26.1,26.8,0.532231240234375,77,590
2026-05-02,US67066G1040,NVDA,2026-05-29,call,180.0,22.25,22.0,22.5,0.505742247314453,10927,1995
2026-05-02,US67066G1040,NVDA,2026-05-29,call,185.0,18.4,17.85,18.55,0.4952443054199219,159,1111
2026-05-02,US67066G1040,NVDA,2026-05-29,call,190.0,14.95,14.75,14.95,0.47437049072265625,1295,4498
2026-05-02,US67066G1040,NVDA,2026-05-29,call,195.0,11.77,11.7,11.8,0.45941702697753906,1229,2469
2026-05-02,US67066G1040,NVDA,2026-05-29,call,200.0,9.1,9.05,9.2,0.45252012329101565,8947,14193
2026-05-02,US67066G1040,NVDA,2026-05-29,call,205.0,6.95,6.85,7.0,0.4459283923339844,6460,12186
2026-05-02,US67066G1040,NVDA,2026-05-29,call,210.0,5.15,5.1,5.25,0.4426325268554688,10928,11200
2026-05-02,US67066G1040,NVDA,2026-05-29,call,215.0,3.75,3.75,3.85,0.43945873046875,3081,9704
2026-05-02,US67066G1040,NVDA,2026-05-29,call,220.0,2.72,2.7,2.77,0.4370173486328125,6587,11690
2026-05-02,US67066G1040,NVDA,2026-05-29,call,225.0,1.99,1.93,1.99,0.4376276940917969,3710,34062
2026-05-02,US67066G1040,NVDA,2026-05-29,call,230.0,1.41,1.39,1.43,0.4401911450195312,1638,5108
2026-05-02,US67066G1040,NVDA,2026-05-29,call,235.0,1.06,1.03,1.05,0.446294599609375,846,13132
2026-05-02,US67066G1040,NVDA,2026-05-29,call,240.0,0.78,0.75,0.78,0.45386288330078123,1625,31914
2026-05-02,US67066G1040,NVDA,2026-05-29,call,245.0,0.58,0.57,0.6,0.4643608251953125,410,1315
2026-05-02,US67066G1040,NVDA,2026-05-29,call,250.0,0.46,0.45,0.47,0.47559118164062497,2330,5706
2026-05-02,US67066G1040,NVDA,2026-05-29,call,255.0,0.39,0.36,0.4,0.4931691308593751,174,480
2026-05-02,US67066G1040,NVDA,2026-05-29,call,260.0,0.32,0.28,0.32,0.5043994873046875,409,730
2026-05-02,US67066G1040,NVDA,2026-05-29,call,265.0,0.24,0.22,0.25,0.507817421875,86,485
2026-05-02,US67066G1040,NVDA,2026-05-29,call,270.0,0.2,0.18,0.21,0.5205126074218749,112,345
2026-05-02,US67066G1040,NVDA,2026-05-29,call,275.0,0.16,0.14,0.18,0.5312546875,33,994
2026-05-02,US67066G1040,NVDA,2026-05-29,call,280.0,0.13,0.12,0.13,0.5380905566406251,155,1031
2026-05-02,US67066G1040,NVDA,2026-05-29,call,285.0,0.1,0.09,0.13,0.55273884765625,28,111
2026-05-02,US67066G1040,NVDA,2026-05-29,call,290.0,0.11,0.07,0.11,0.561527822265625,25,180
2026-05-02,US67066G1040,NVDA,2026-05-29,call,295.0,0.1,0.06,0.1,0.5751995605468749,1624,152
2026-05-02,US67066G1040,NVDA,2026-05-29,call,300.0,0.07,0.06,0.08,0.58789474609375,248,1086
2026-05-02,US67066G1040,NVDA,2026-05-29,call,305.0,0.09,0.04,0.08,0.5976602734375001,4,19
2026-05-02,US67066G1040,NVDA,2026-05-29,call,310.0,0.04,0.04,0.08,0.6171913281250001,28,51
2026-05-02,US67066G1040,NVDA,2026-05-29,call,315.0,0.05,0.03,0.06,0.6171913281250001,1,88
2026-05-02,US67066G1040,NVDA,2026-05-29,call,320.0,0.07,0.01,0.07,0.6289099609375001,2,102
2026-05-02,US67066G1040,NVDA,2026-05-29,call,325.0,0.1,0.01,0.06,0.6367223828125,15,35
2026-05-02,US67066G1040,NVDA,2026-05-29,call,335.0,0.02,0.01,0.06,0.6718782812500002,1,37
2026-05-02,US67066G1040,NVDA,2026-05-29,call,340.0,0.05,0.0,0.05,0.6679720703125002,4,88
2026-05-02,US67066G1040,NVDA,2026-05-29,call,345.0,0.05,0.0,0.05,0.6835969140625001,15,88
2026-05-02,US67066G1040,NVDA,2026-05-29,call,350.0,0.02,0.01,0.03,0.6875031250000001,120,1273
2026-05-02,US67066G1040,NVDA,2026-05-29,put,50.0,0.01,0.0,0.03,1.640626796875,73,75
2026-05-02,US67066G1040,NVDA,2026-05-29,put,55.0,0.01,0.0,0.04,1.5625021874999998,14,106
2026-05-02,US67066G1040,NVDA,2026-05-29,put,70.0,0.03,0.0,0.05,1.3125034374999998,1,15
2026-05-02,US67066G1040,NVDA,2026-05-29,put,75.0,0.03,0.0,0.05,1.2265663671875,3,194
2026-05-02,US67066G1040,NVDA,2026-05-29,put,80.0,0.02,0.01,0.05,1.171879140625,1,31
2026-05-02,US67066G1040,NVDA,2026-05-29,put,85.0,0.04,0.01,0.06,1.109379453125,5,14
2026-05-02,US67066G1040,NVDA,2026-05-29,put,90.0,0.05,0.02,0.05,1.0390673046875003,5,20
2026-05-02,US67066G1040,NVDA,2026-05-29,put,95.0,0.05,0.02,0.07,0.99804689453125,4,8
2026-05-02,US67066G1040,NVDA,2026-05-29,put,100.0,0.05,0.04,0.08,0.96289099609375,31,105
2026-05-02,US67066G1040,NVDA,2026-05-29,put,105.0,0.08,0.04,0.09,0.9062509375,21,98
2026-05-02,US67066G1040,NVDA,2026-05-29,put,110.0,0.07,0.06,0.1,0.867188828125,10,1036
2026-05-02,US67066G1040,NVDA,2026-05-29,put,115.0,0.06,0.06,0.09,0.8007832421875,1,65
2026-05-02,US67066G1040,NVDA,2026-05-29,put,120.0,0.08,0.06,0.1,0.7480493945312501,62,733
2026-05-02,US67066G1040,NVDA,2026-05-29,put,125.0,0.12,0.1,0.14,0.72851833984375,31,136
2026-05-02,US67066G1040,NVDA,2026-05-29,put,130.0,0.15,0.13,0.17,0.69336244140625,52,764
2026-05-02,US67066G1040,NVDA,2026-05-29,put,135.0,0.19,0.15,0.21,0.6552768847656252,8,144
2026-05-02,US67066G1040,NVDA,2026-05-29,put,140.0,0.25,0.23,0.27,0.6313513427734375,31,564
2026-05-02,US67066G1040,NVDA,2026-05-29,put,145.0,0.31,0.3,0.34,0.5996133789062501,40,262
2026-05-02,US67066G1040,NVDA,2026-05-29,put,150.0,0.43,0.4,0.44,0.5712933496093751,111,752
2026-05-02,US67066G1040,NVDA,2026-05-29,put,155.0,0.6,0.55,0.57,0.5444381494140625,171,676
2026-05-02,US67066G1040,NVDA,2026-05-29,put,160.0,0.75,0.76,0.8,0.523442265625,391,4405
2026-05-02,US67066G1040,NVDA,2026-05-29,put,165.0,1.09,1.09,1.14,0.5063525927734375,663,3840
2026-05-02,US67066G1040,NVDA,2026-05-29,put,170.0,1.58,1.55,1.6,0.49219257812500006,737,5824
2026-05-02,US67066G1040,NVDA,2026-05-29,put,175.0,2.21,2.18,2.25,0.477544287109375,1461,4046
2026-05-02,US67066G1040,NVDA,2026-05-29,put,180.0,3.1,3.05,3.15,0.46521530883789064,4527,6017
2026-05-02,US67066G1040,NVDA,2026-05-29,put,185.0,4.3,4.25,4.35,0.45435115966796874,924,5102
2026-05-02,US67066G1040,NVDA,2026-05-29,put,190.0,5.8,5.8,5.9,0.44470770141601557,867,2797
2026-05-02,US67066G1040,NVDA,2026-05-29,put,195.0,7.65,7.65,7.85,0.4361628649902344,7895,5086
2026-05-02,US67066G1040,NVDA,2026-05-29,put,200.0,10.0,10.05,10.2,0.4274959594726563,1365,2842
2026-05-02,US67066G1040,NVDA,2026-05-29,put,205.0,12.8,12.85,13.0,0.42035491760253907,232,1160
2026-05-02,US67066G1040,NVDA,2026-05-29,put,210.0,16.0,15.85,16.55,0.43030354858398445,59,1336
2026-05-02,US67066G1040,NVDA,2026-05-29,put,215.0,19.45,19.25,19.95,0.4146787048339844,135,728
2026-05-02,US67066G1040,NVDA,2026-05-29,put,220.0,23.6,23.15,24.55,0.4512994323730469,45,1098
2026-05-02,US67066G1040,NVDA,2026-05-29,put,225.0,27.7,27.3,28.9,0.4633842724609375,5,81
2026-05-02,US67066G1040,NVDA,2026-05-29,put,230.0,31.57,31.7,32.6,0.4046690393066406,5,127
2026-05-02,US67066G1040,NVDA,2026-05-29,put,235.0,28.2,36.3,37.45,0.4299373413085938,1,16
2026-05-02,US67066G1040,NVDA,2026-05-29,put,240.0,40.6,41.1,42.25,0.44336494140625,3,14
2026-05-02,US67066G1040,NVDA,2026-05-29,put,245.0,46.5,46.05,46.95,0.42969320312500003,4,7
2026-05-02,US67066G1040,NVDA,2026-05-29,put,250.0,48.95,50.95,52.05,0.481450498046875,2,11
2026-05-02,US67066G1040,NVDA,2026-05-29,put,300.0,99.43,99.9,103.3,0.56836369140625,1,0
2026-05-02,US67066G1040,NVDA,2026-06-05,call,85.0,132.0,110.05,117.5,1.2988316308593748,2,2
2026-05-02,US67066G1040,NVDA,2026-06-05,call,115.0,85.0,80.2,87.75,0.9428716650390624,1,2
2026-05-02,US67066G1040,NVDA,2026-06-05,call,120.0,79.68,75.25,82.75,0.8852550537109375,1,4
2026-05-02,US67066G1040,NVDA,2026-06-05,call,130.0,80.38,67.35,72.85,0.9597171997070311,40,100
2026-05-02,US67066G1040,NVDA,2026-06-05,call,145.0,66.43,53.95,55.65,0.7187528125,3,5
2026-05-02,US67066G1040,NVDA,2026-06-05,call,150.0,49.9,48.25,50.8,0.6213416772460938,2,7
2026-05-02,US67066G1040,NVDA,2026-06-05,call,155.0,45.55,44.6,45.15,0.6040078662109377,5,24
2026-05-02,US67066G1040,NVDA,2026-06-05,call,160.0,40.39,40.0,40.45,0.57812921875,162,832
2026-05-02,US67066G1040,NVDA,2026-06-05,call,165.0,35.99,35.05,36.25,0.5516402258300781,9,123
2026-05-02,US67066G1040,NVDA,2026-06-05,call,170.0,31.34,30.85,31.8,0.5356491748046875,11,66
2026-05-02,US67066G1040,NVDA,2026-06-05,call,175.0,27.2,26.05,27.5,0.5390671093750001,15,32
2026-05-02,US67066G1040,NVDA,2026-06-05,call,180.0,23.3,22.05,23.4,0.5134936346435546,168,224
2026-05-02,US67066G1040,NVDA,2026-06-05,call,185.0,19.5,18.95,19.5,0.48828636718750007,94,268
2026-05-02,US67066G1040,NVDA,2026-06-05,call,190.0,15.65,15.55,16.0,0.4703422106933594,331,613
2026-05-02,US67066G1040,NVDA,2026-06-05,call,195.0,12.75,12.55,12.85,0.4545952978515625,4638,749
2026-05-02,US67066G1040,NVDA,2026-06-05,call,200.0,10.0,9.9,10.05,0.43945873046875,1918,4361
2026-05-02,US67066G1040,NVDA,2026-06-05,call,205.0,7.75,7.65,7.85,0.434148724975586,2219,4027
2026-05-02,US67066G1040,NVDA,2026-06-05,call,210.0,5.9,5.8,6.0,0.42877768493652346,1163,4234
2026-05-02,US67066G1040,NVDA,2026-06-05,call,215.0,4.49,4.4,4.55,0.4265804412841797,625,1636
2026-05-02,US67066G1040,NVDA,2026-06-05,call,220.0,3.3,3.25,3.4,0.4250545776367188,1137,9763
2026-05-02,US67066G1040,NVDA,2026-06-05,call,225.0,2.47,2.42,2.48,0.42236905761718746,1182,2084
2026-05-02,US67066G1040,NVDA,2026-06-05,call,230.0,1.81,1.8,1.84,0.4244442321777344,5129,3944
2026-05-02,US67066G1040,NVDA,2026-06-05,call,235.0,1.35,1.32,1.39,0.42969320312500003,1511,2387
2026-05-02,US67066G1040,NVDA,2026-06-05,call,240.0,1.03,1.0,1.06,0.43604079589843747,1819,2105
2026-05-02,US67066G1040,NVDA,2026-06-05,call,245.0,0.84,0.76,0.82,0.44360907958984375,198,555
2026-05-02,US67066G1040,NVDA,2026-06-05,call,250.0,0.62,0.6,0.62,0.44873598144531246,3464,5922
2026-05-02,US67066G1040,NVDA,2026-06-05,call,255.0,0.5,0.48,0.5,0.4592339233398438,91,641
2026-05-02,US67066G1040,NVDA,2026-06-05,call,260.0,0.4,0.36,0.42,0.4721732470703125,43,432
2026-05-02,US67066G1040,NVDA,2026-06-05,call,265.0,0.34,0.29,0.35,0.48389187988281257,91,260
2026-05-02,US67066G1040,NVDA,2026-06-05,call,270.0,0.26,0.23,0.28,0.49121602539062503,22,352
2026-05-02,US67066G1040,NVDA,2026-06-05,call,275.0,0.24,0.19,0.26,0.5097705273437501,212,311
2026-05-02,US67066G1040,NVDA,2026-06-05,call,280.0,0.2,0.16,0.2,0.5053760400390624,29,119
2026-05-02,US67066G1040,NVDA,2026-06-05,call,285.0,0.17,0.13,0.17,0.514653291015625,44,508
2026-05-02,US67066G1040,NVDA,2026-06-05,call,290.0,0.14,0.11,0.15,0.52539537109375,41,67
2026-05-02,US67066G1040,NVDA,2026-06-05,call,295.0,0.13,0.1,0.13,0.5371140039062501,18,111
2026-05-02,US67066G1040,NVDA,2026-06-05,call,300.0,0.11,0.1,0.11,0.5507857421875001,452,1731
2026-05-02,US67066G1040,NVDA,2026-06-05,call,305.0,0.11,0.07,0.11,0.5585981640625001,49,113
2026-05-02,US67066G1040,NVDA,2026-06-05,call,315.0,0.07,0.04,0.08,0.56836369140625,201,26
2026-05-02,US67066G1040,NVDA,2026-06-05,call,320.0,0.08,0.01,0.13,0.59570716796875,21,44
2026-05-02,US67066G1040,NVDA,2026-06-05,call,325.0,0.07,0.01,0.12,0.6074258007812501,7,46
2026-05-02,US67066G1040,NVDA,2026-06-05,call,330.0,0.09,0.01,0.11,0.6191444335937502,1,61
2026-05-02,US67066G1040,NVDA,2026-06-05,call,350.0,0.06,0.01,0.1,0.6738313867187502,29,122
2026-05-02,US67066G1040,NVDA,2026-06-05,put,80.0,0.05,0.0,0.11,1.109379453125,7,0
2026-05-02,US67066G1040,NVDA,2026-06-05,put,90.0,0.05,0.01,0.11,0.98437515625,3,3
2026-05-02,US67066G1040,NVDA,2026-06-05,put,105.0,0.1,0.03,0.15,0.84179845703125,20,63
2026-05-02,US67066G1040,NVDA,2026-06-05,put,110.0,0.08,0.06,0.11,0.7812521875,11,64
2026-05-02,US67066G1040,NVDA,2026-06-05,put,125.0,0.15,0.12,0.21,0.6806672558593752,2,19
2026-05-02,US67066G1040,NVDA,2026-06-05,put,130.0,0.22,0.14,0.25,0.6445348046875,53,114
2026-05-02,US67066G1040,NVDA,2026-06-05,put,135.0,0.25,0.24,0.28,0.6196327099609377,7,83
2026-05-02,US67066G1040,NVDA,2026-06-05,put,140.0,0.34,0.31,0.37,0.5937540625000001,11,100
2026-05-02,US67066G1040,NVDA,2026-06-05,put,145.0,0.42,0.42,0.46,0.567387138671875,11,128
2026-05-02,US67066G1040,NVDA,2026-06-05,put,150.0,0.57,0.57,0.61,0.5454147021484376,134,1035
2026-05-02,US67066G1040,NVDA,2026-06-05,put,155.0,0.78,0.75,0.84,0.5249070947265625,88,137
2026-05-02,US67066G1040,NVDA,2026-06-05,put,160.0,1.0,1.03,1.1,0.5041553491210937,267,635
2026-05-02,US67066G1040,NVDA,2026-06-05,put,165.0,1.38,1.4,1.48,0.48950705810546885,209,1078
2026-05-02,US67066G1040,NVDA,2026-06-05,put,170.0,2.0,1.94,2.04,0.47559118164062497,241,1218
2026-05-02,US67066G1040,NVDA,2026-06-05,put,175.0,2.66,2.66,2.75,0.4602104760742188,766,612
2026-05-02,US67066G1040,NVDA,2026-06-05,put,180.0,3.61,3.55,3.75,0.4497125341796875,543,1061
2026-05-02,US67066G1040,NVDA,2026-06-05,put,185.0,4.9,4.8,4.95,0.43579665771484377,533,2254
2026-05-02,US67066G1040,NVDA,2026-06-05,put,190.0,6.35,6.4,6.6,0.428716650390625,269,4487
2026-05-02,US67066G1040,NVDA,2026-06-05,put,195.0,8.4,8.35,8.55,0.4193173303222656,280,494
2026-05-02,US67066G1040,NVDA,2026-06-05,put,200.0,10.76,10.75,10.9,0.41095559753417965,765,1545
2026-05-02,US67066G1040,NVDA,2026-06-05,put,205.0,13.44,13.5,13.7,0.40515731567382807,43,340
2026-05-02,US67066G1040,NVDA,2026-06-05,put,210.0,16.19,16.3,17.3,0.41797457031249996,32,830
2026-05-02,US67066G1040,NVDA,2026-06-05,put,215.0,19.5,19.9,20.55,0.40039662109375,69,600
2026-05-02,US67066G1040,NVDA,2026-06-05,put,220.0,23.25,23.55,25.0,0.42774009765625004,62,110
2026-05-02,US67066G1040,NVDA,2026-06-05,put,225.0,28.13,27.7,28.55,0.3922179919433594,71,28
2026-05-02,US67066G1040,NVDA,2026-06-05,put,230.0,32.35,31.9,33.0,0.39551385742187506,4,12
2026-05-02,US67066G1040,NVDA,2026-06-05,put,235.0,35.26,36.4,37.7,0.40869731933593745,1,27
2026-05-02,US67066G1040,NVDA,2026-06-05,put,240.0,31.8,41.15,42.45,0.41968353759765625,1,15
2026-05-02,US67066G1040,NVDA,2026-06-05,put,245.0,32.5,46.0,47.05,0.4008848974609375,7,8
2026-05-02,US67066G1040,NVDA,2026-06-05,put,250.0,42.5,50.9,52.15,0.446294599609375,2,13
2026-05-02,US67066G1040,NVDA,2026-06-18,call,0.5,199.0,195.5,199.8,0.0,195,38351
2026-05-02,US67066G1040,NVDA,2026-06-18,call,1.0,207.24,194.8,199.8,0.0,5,483
2026-05-02,US67066G1040,NVDA,2026-06-18,call,1.5,192.35,194.3,199.3,0.0,5,35
2026-05-02,US67066G1040,NVDA,2026-06-18,call,2.0,198.0,193.8,198.8,0.0,5,463
2026-05-02,US67066G1040,NVDA,2026-06-18,call,2.5,191.38,193.3,198.3,14.40625099609375,5,117
2026-05-02,US67066G1040,NVDA,2026-06-18,call,3.0,185.5,192.8,197.8,11.375002890625,1,3108
2026-05-02,US67066G1040,NVDA,2026-06-18,call,3.5,183.53,0.0,0.0,1.0000000000000003e-05,2,0
2026-05-02,US67066G1040,NVDA,2026-06-18,call,4.0,184.0,191.8,196.8,9.273441704101563,2,249
2026-05-02,US67066G1040,NVDA,2026-06-18,call,4.5,178.18,191.5,196.3,8.669926456298827,1,36
2026-05-02,US67066G1040,NVDA,2026-06-18,call,5.0,183.25,190.95,195.7,8.054692465820311,3,492
2026-05-02,US67066G1040,NVDA,2026-06-18,call,6.0,177.09,0.0,0.0,1.0000000000000003e-05,5,0
2026-05-02,US67066G1040,NVDA,2026-06-18,call,7.0,184.69,0.0,0.0,1.0000000000000003e-05,1,0
2026-05-02,US67066G1040,NVDA,2026-06-18,call,8.0,192.13,187.8,192.85,6.570314287109376,1,124
2026-05-02,US67066G1040,NVDA,2026-06-18,call,9.0,172.98,186.8,191.85,6.2207053491210935,3,94
2026-05-02,US67066G1040,NVDA,2026-06-18,call,10.0,190.07,185.95,190.7,5.816408979492188,1,351
2026-05-02,US67066G1040,NVDA,2026-06-18,call,11.0,178.17,0.0,0.0,1.0000000000000003e-05,20,0
2026-05-02,US67066G1040,NVDA,2026-06-18,call,12.0,164.1,183.85,188.85,5.447268815917968,100,783
2026-05-02,US67066G1040,NVDA,2026-06-18,call,13.0,171.58,184.6,191.8,5.4531281835937495,3,290
2026-05-02,US67066G1040,NVDA,2026-06-18,call,14.0,166.63,0.0,0.0,1.0000000000000003e-05,2,0
2026-05-02,US67066G1040,NVDA,2026-06-18,call,15.0,192.18,181.0,185.75,4.85254299682617,17,388
2026-05-02,US67066G1040,NVDA,2026-06-18,call,16.0,167.03,173.3,177.3,1.0000000000000003e-05,70,121
2026-05-02,US67066G1040,NVDA,2026-06-18,call,17.0,182.39,178.85,183.9,4.646488566894532,10,0
2026-05-02,US67066G1040,NVDA,2026-06-18,call,18.0,180.16,177.9,182.9,4.519535600585938,1,441
2026-05-02,US67066G1040,NVDA,2026-06-18,call,19.0,180.05,176.9,181.9,4.400883405151367,25,3467
2026-05-02,US67066G1040,NVDA,2026-06-18,call,20.0,187.59,176.0,180.8,4.246098442382813,5,319
2026-05-02,US67066G1040,NVDA,2026-06-18,call,21.0,154.4,176.55,183.1,4.1543016821289065,2,157
2026-05-02,US67066G1040,NVDA,2026-06-18,call,22.0,177.76,173.9,178.9,4.088872076416017,22,1054
2026-05-02,US67066G1040,NVDA,2026-06-18,call,23.0,165.35,0.0,0.0,1.0000000000000003e-05,15,0
2026-05-02,US67066G1040,NVDA,2026-06-18,call,24.0,186.89,171.9,176.9,3.9091799145507817,1,105
2026-05-02,US67066G1040,NVDA,2026-06-18,call,25.0,173.85,171.05,175.8,3.788086467285157,50,1655
2026-05-02,US67066G1040,NVDA,2026-06-18,call,26.0,150.84,169.9,174.95,3.766602145996094,20,239
2026-05-02,US67066G1040,NVDA,2026-06-18,call,27.0,182.26,168.95,173.95,0.500005,20,192
2026-05-02,US67066G1040,NVDA,2026-06-18,call,28.0,155.02,0.0,0.0,1.0000000000000003e-05,10,0
2026-05-02,US67066G1040,NVDA,2026-06-18,call,29.0,172.5,166.95,171.95,0.500005,1,95
2026-05-02,US67066G1040,NVDA,2026-06-18,call,30.0,181.2,166.05,170.85,0.500005,6,731
2026-05-02,US67066G1040,NVDA,2026-06-18,call,31.0,144.36,166.65,173.35,3.4360365661621093,7,2624
2026-05-02,US67066G1040,NVDA,2026-06-18,call,32.0,150.55,165.7,172.95,3.475587248535157,1,461
2026-05-02,US67066G1040,NVDA,2026-06-18,call,33.0,150.36,164.6,171.95,3.399415563964843,1,35
2026-05-02,US67066G1040,NVDA,2026-06-18,call,34.0,173.96,161.95,166.95,0.500005,10,94
2026-05-02,US67066G1040,NVDA,2026-06-18,call,35.0,176.17,161.95,165.85,2.3046917382812495,1,717
2026-05-02,US67066G1040,NVDA,2026-06-18,call,36.0,152.47,143.0,149.35,1.0000000000000003e-05,2,198
2026-05-02,US67066G1040,NVDA,2026-06-18,call,37.0,163.2,158.95,164.0,1.5937520312499998,2,322
2026-05-02,US67066G1040,NVDA,2026-06-18,call,38.0,172.03,157.95,163.0,1.5625021874999998,40,1553
2026-05-02,US67066G1040,NVDA,2026-06-18,call,39.0,149.7,0.0,0.0,1.0000000000000003e-05,6,0
2026-05-02,US67066G1040,NVDA,2026-06-18,call,40.0,167.7,156.3,160.9,1.8320320898437497,2,4571
2026-05-02,US67066G1040,NVDA,2026-06-18,call,41.0,167.8,155.0,160.0,1.5937520312499998,10,83
2026-05-02,US67066G1040,NVDA,2026-06-18,call,42.0,158.37,152.9,160.85,2.0468798828125,1,1050
2026-05-02,US67066G1040,NVDA,2026-06-18,call,43.0,133.65,153.0,158.0,1.5468772656249998,20,297
2026-05-02,US67066G1040,NVDA,2026-06-18,call,44.0,166.84,152.05,157.0,1.5937520312499998,1,341
2026-05-02,US67066G1040,NVDA,2026-06-18,call,45.0,164.95,149.95,157.85,1.9746095019531251,1,1050
2026-05-02,US67066G1040,NVDA,2026-06-18,call,46.0,155.29,150.05,155.05,1.5976582617187498,2,521
2026-05-02,US67066G1040,NVDA,2026-06-18,call,47.0,153.3,149.05,154.05,1.57422087890625,3,691
2026-05-02,US67066G1040,NVDA,2026-06-18,call,48.0,151.47,146.95,154.9,1.9072270263671878,1,784
2026-05-02,US67066G1040,NVDA,2026-06-18,call,49.0,158.5,147.05,152.05,1.5312523437499999,6,1642
2026-05-02,US67066G1040,NVDA,2026-06-18,call,50.0,150.0,146.2,150.95,1.5468772656249998,5,1405
2026-05-02,US67066G1040,NVDA,2026-06-18,call,51.0,126.04,145.05,150.1,1.5273461132812498,1,703
2026-05-02,US67066G1040,NVDA,2026-06-18,call,52.0,158.9,144.05,149.1,1.50390873046875,5,499
2026-05-02,US67066G1040,NVDA,2026-06-18,call,53.0,154.77,143.1,148.1,1.517580537109375,1,1240
2026-05-02,US67066G1040,NVDA,2026-06-18,call,54.0,147.75,142.1,147.1,1.4960962695312499,4,159
2026-05-02,US67066G1040,NVDA,2026-06-18,call,55.0,138.33,141.2,146.0,1.4765651171875,1,578
2026-05-02,US67066G1040,NVDA,2026-06-18,call,56.0,136.58,140.1,145.1,1.4570339648437498,5,418
2026-05-02,US67066G1040,NVDA,2026-06-18,call,57.0,143.0,139.1,144.1,1.4375028125,1,202
2026-05-02,US67066G1040,NVDA,2026-06-18,call,58.0,126.0,138.1,143.15,1.4453152734375,1,660
2026-05-02,US67066G1040,NVDA,2026-06-18,call,59.0,142.18,136.2,142.1,2.2783246166992184,1,5322
2026-05-02,US67066G1040,NVDA,2026-06-18,call,60.0,139.28,136.45,140.75,1.3808624707031247,6,6237
2026-05-02,US67066G1040,NVDA,2026-06-18,call,61.0,137.4,135.15,140.15,1.4121123144531251,1,261
2026-05-02,US67066G1040,NVDA,2026-06-18,call,62.0,147.71,134.25,139.15,1.435549697265625,5,603
2026-05-02,US67066G1040,NVDA,2026-06-18,call,63.0,137.5,133.15,138.15,1.3750031249999999,50,219
2026-05-02,US67066G1040,NVDA,2026-06-18,call,64.0,104.81,132.15,137.15,1.3574250878906249,1,299
2026-05-02,US67066G1040,NVDA,2026-06-18,call,65.0,134.7,129.6,136.1,2.1091355865478514,10,995
2026-05-02,US67066G1040,NVDA,2026-06-18,call,66.0,139.9,130.2,135.15,1.3437532812499997,1,2197
2026-05-02,US67066G1040,NVDA,2026-06-18,call,67.0,119.55,130.95,137.45,2.0749559844970697,1,780
2026-05-02,US67066G1040,NVDA,2026-06-18,call,68.0,120.2,0.0,0.0,1.0000000000000003e-05,3,0
2026-05-02,US67066G1040,NVDA,2026-06-18,call,69.0,145.1,127.2,132.2,1.3105503222656247,20,2279
2026-05-02,US67066G1040,NVDA,2026-06-18,call,70.0,129.0,126.45,131.1,1.342776723632812,6,3813
2026-05-02,US67066G1040,NVDA,2026-06-18,call,71.0,127.83,125.2,130.2,1.2773473632812498,5,543
2026-05-02,US67066G1040,NVDA,2026-06-18,call,72.0,123.0,124.2,129.25,1.2773473632812498,10,1175
2026-05-02,US67066G1040,NVDA,2026-06-18,call,73.0,122.0,123.2,128.25,1.26172244140625,1,2703
2026-05-02,US67066G1040,NVDA,2026-06-18,call,74.0,127.0,122.25,127.25,1.2607458837890624,1,372
2026-05-02,US67066G1040,NVDA,2026-06-18,call,75.0,124.0,121.4,126.15,1.259769326171875,4,5768
2026-05-02,US67066G1040,NVDA,2026-06-18,call,76.0,122.26,120.25,125.25,1.228519482421875,1,441
2026-05-02,US67066G1040,NVDA,2026-06-18,call,77.0,132.46,119.0,124.15,1.08203583984375,2,1103
2026-05-02,US67066G1040,NVDA,2026-06-18,call,78.0,123.23,117.15,125.1,1.3603547607421875,3,800
2026-05-02,US67066G1040,NVDA,2026-06-18,call,79.0,131.97,117.3,122.25,1.1962930810546877,5,1652
2026-05-02,US67066G1040,NVDA,2026-06-18,call,80.0,122.98,116.4,121.1,1.1679729101562502,70,19755
2026-05-02,US67066G1040,NVDA,2026-06-18,call,81.0,110.0,0.0,0.0,1.0000000000000003e-05,5,0
2026-05-02,US67066G1040,NVDA,2026-06-18,call,82.0,116.61,114.3,119.3,1.1640666796875,7,997
2026-05-02,US67066G1040,NVDA,2026-06-18,call,83.0,130.5,113.3,118.3,1.1494183154296875,10,1417
2026-05-02,US67066G1040,NVDA,2026-06-18,call,84.0,98.15,0.0,0.0,1.0000000000000003e-05,1,0
2026-05-02,US67066G1040,NVDA,2026-06-18,call,85.0,115.0,111.45,116.2,1.1328168359375002,2,2944
2026-05-02,US67066G1040,NVDA,2026-06-18,call,86.0,96.5,109.2,117.2,1.2524451440429685,2,854
2026-05-02,US67066G1040,NVDA,2026-06-18,call,87.0,122.5,109.35,114.3,1.1035201074218752,5,2360
2026-05-02,US67066G1040,NVDA,2026-06-18,call,88.0,114.0,107.2,115.15,1.214359396972656,1,810
2026-05-02,US67066G1040,NVDA,2026-06-18,call,89.0,113.25,106.25,114.15,1.2060586572265624,1,1131
2026-05-02,US67066G1040,NVDA,2026-06-18,call,90.0,109.74,106.45,111.25,1.0732468212890627,1,10511
2026-05-02,US67066G1040,NVDA,2026-06-18,call,91.0,108.82,105.7,110.35,1.123051259765625,1,3060
2026-05-02,US67066G1040,NVDA,2026-06-18,call,92.0,108.63,104.7,109.35,1.1088911743164065,1,3042
2026-05-02,US67066G1040,NVDA,2026-06-18,call,93.0,109.65,103.4,108.35,1.0419969775390627,1,2412
2026-05-02,US67066G1040,NVDA,2026-06-18,call,94.0,105.52,100.7,105.65,1.237796779785156,1,820
2026-05-02,US67066G1040,NVDA,2026-06-18,call,95.0,104.5,101.55,106.25,1.0249072192382815,10,3041
2026-05-02,US67066G1040,NVDA,2026-06-18,call,96.0,107.2,100.55,105.4,1.0376024682617189,1,6702
2026-05-02,US67066G1040,NVDA,2026-06-18,call,97.0,112.0,99.4,104.4,0.999023447265625,5,1498
2026-05-02,US67066G1040,NVDA,2026-06-18,call,98.0,102.4,99.25,105.25,1.2834508483886715,80,752
2026-05-02,US67066G1040,NVDA,2026-06-18,call,99.0,102.4,97.4,102.4,0.9731447998046875,1,285
2026-05-02,US67066G1040,NVDA,2026-06-18,call,100.0,99.15,97.25,99.7,0.6679720703125002,34,11120
2026-05-02,US67066G1040,NVDA,2026-06-18,call,101.0,97.71,95.45,100.45,0.9643558251953125,30,605
2026-05-02,US67066G1040,NVDA,2026-06-18,call,102.0,98.4,93.4,100.75,0.9887696435546875,12,1078
2026-05-02,US67066G1040,NVDA,2026-06-18,call,103.0,97.2,93.45,98.45,0.93945373046875,1,540
2026-05-02,US67066G1040,NVDA,2026-06-18,call,104.0,105.16,92.45,97.45,0.9267585449218749,29,445
2026-05-02,US67066G1040,NVDA,2026-06-18,call,105.0,95.54,91.6,96.15,0.8906260937499999,20,1727
2026-05-02,US67066G1040,NVDA,2026-06-18,call,106.0,92.6,89.6,96.4,0.9174812939453125,4,783
2026-05-02,US67066G1040,NVDA,2026-06-18,call,107.0,92.22,89.45,94.5,0.8979502392578124,10,2220
2026-05-02,US67066G1040,NVDA,2026-06-18,call,108.0,103.2,86.7,94.55,0.7500025,1,1002
2026-05-02,US67066G1040,NVDA,2026-06-18,call,109.0,91.15,87.5,92.5,0.8813488427734374,2,3178
2026-05-02,US67066G1040,NVDA,2026-06-18,call,110.0,90.28,86.65,90.55,0.7148466015625,22,15835
2026-05-02,US67066G1040,NVDA,2026-06-18,call,111.0,98.35,84.4,90.5,1.2412147314453121,3,940
2026-05-02,US67066G1040,NVDA,2026-06-18,call,112.0,88.63,83.45,90.9,0.8886729882812499,1,901
2026-05-02,US67066G1040,NVDA,2026-06-18,call,113.0,86.85,82.65,90.4,0.9467778759765625,1,857
2026-05-02,US67066G1040,NVDA,2026-06-18,call,114.0,93.12,82.75,87.6,0.8647474462890624,1,2367
2026-05-02,US67066G1040,NVDA,2026-06-18,call,115.0,87.3,82.55,86.2,0.8937998901367187,1,10058
2026-05-02,US67066G1040,NVDA,2026-06-18,call,116.0,95.0,81.4,85.05,0.8520522607421875,7,526
2026-05-02,US67066G1040,NVDA,2026-06-18,call,117.0,98.95,80.5,84.05,0.8500991552734375,10,573
2026-05-02,US67066G1040,NVDA,2026-06-18,call,118.0,90.92,79.4,83.05,0.8283708569335937,1,506
2026-05-02,US67066G1040,NVDA,2026-06-18,call,119.0,85.0,78.5,82.25,0.8457046679687499,4,441
2026-05-02,US67066G1040,NVDA,2026-06-18,call,120.0,79.66,78.3,80.05,0.7949239257812499,18,24665
2026-05-02,US67066G1040,NVDA,2026-06-18,call,121.0,80.55,76.45,81.45,0.9116219775390625,2,1023
2026-05-02,US67066G1040,NVDA,2026-06-18,call,122.0,79.91,75.8,79.1,0.823243955078125,252,1290
2026-05-02,US67066G1040,NVDA,2026-06-18,call,123.0,77.15,74.7,78.15,0.8073749731445312,13,921
2026-05-02,US67066G1040,NVDA,2026-06-18,call,124.0,80.5,73.55,77.15,0.7829611547851563,15,804
2026-05-02,US67066G1040,NVDA,2026-06-18,call,125.0,74.71,73.3,76.2,0.8342301733398436,7,8409
2026-05-02,US67066G1040,NVDA,2026-06-18,call,126.0,84.68,71.55,75.2,0.764650791015625,1,799
2026-05-02,US67066G1040,NVDA,2026-06-18,call,127.0,74.24,70.5,74.2,0.7490259472656251,4,569
2026-05-02,US67066G1040,NVDA,2026-06-18,call,128.0,81.06,69.65,72.75,0.7114286669921875,4,1129
2026-05-02,US67066G1040,NVDA,2026-06-18,call,129.0,73.03,68.95,72.25,0.7656273437500001,1,1585
2026-05-02,US67066G1040,NVDA,2026-06-18,call,130.0,70.0,68.35,70.15,0.6989776196289064,18,18395
2026-05-02,US67066G1040,NVDA,2026-06-18,call,132.0,68.5,67.3,68.65,0.780275634765625,10,13268
2026-05-02,US67066G1040,NVDA,2026-06-18,call,134.0,66.93,65.25,66.7,0.7568383691406251,10,4206
2026-05-02,US67066G1040,NVDA,2026-06-18,call,135.0,65.77,64.35,65.35,0.7302273071289063,73,3645
2026-05-02,US67066G1040,NVDA,2026-06-18,call,136.0,67.15,63.3,64.75,0.7395045581054687,1,3420
2026-05-02,US67066G1040,NVDA,2026-06-18,call,138.0,63.05,61.45,62.7,0.7219266088867188,1,4266
2026-05-02,US67066G1040,NVDA,2026-06-18,call,140.0,61.15,59.65,60.3,0.6882355395507813,67,18048
2026-05-02,US67066G1040,NVDA,2026-06-18,call,142.0,59.0,57.5,58.8,0.6843293286132813,10,6897
2026-05-02,US67066G1040,NVDA,2026-06-18,call,144.0,56.89,55.65,56.9,0.674075524902344,5,1556
2026-05-02,US67066G1040,NVDA,2026-06-18,call,145.0,55.7,54.75,55.45,0.645389288330078,21,6107
2026-05-02,US67066G1040,NVDA,2026-06-18,call,146.0,55.9,53.65,55.1,0.6606479248046876,13,1236
2026-05-02,US67066G1040,NVDA,2026-06-18,call,148.0,53.1,51.75,53.15,0.6447789428710937,2,1921
2026-05-02,US67066G1040,NVDA,2026-06-18,call,150.0,50.45,50.1,50.6,0.6132851171875001,92,60040
2026-05-02,US67066G1040,NVDA,2026-06-18,call,152.0,47.8,48.15,49.1,0.6141396008300781,204,3038
2026-05-02,US67066G1040,NVDA,2026-06-18,call,154.0,47.3,46.35,47.2,0.6032754516601564,3,2017
2026-05-02,US67066G1040,NVDA,2026-06-18,call,155.0,46.1,45.4,45.8,0.5782512878417969,76,6988
2026-05-02,US67066G1040,NVDA,2026-06-18,call,156.0,45.19,44.45,45.05,0.5786174951171875,15,1476
2026-05-02,US67066G1040,NVDA,2026-06-18,call,158.0,43.58,42.65,43.5,0.5795940478515625,34,1653
2026-05-02,US67066G1040,NVDA,2026-06-18,call,160.0,41.25,40.8,41.4,0.5582319567871095,517,11173
2026-05-02,US67066G1040,NVDA,2026-06-18,call,162.0,39.88,39.0,39.35,0.5401657312011721,7,1383
2026-05-02,US67066G1040,NVDA,2026-06-18,call,164.0,52.15,37.25,37.75,0.5377243493652344,3,1789
2026-05-02,US67066G1040,NVDA,2026-06-18,call,165.0,36.59,36.35,36.75,0.5290574438476563,90,11441
2026-05-02,US67066G1040,NVDA,2026-06-18,call,166.0,38.65,34.8,36.3,0.5173388110351562,10,2060
2026-05-02,US67066G1040,NVDA,2026-06-18,call,167.0,37.0,34.6,35.45,0.5330857238769531,39,1208
2026-05-02,US67066G1040,NVDA,2026-06-18,call,168.0,34.05,33.75,34.55,0.5279588220214844,12,1222
2026-05-02,US67066G1040,NVDA,2026-06-18,call,169.0,33.29,32.9,33.7,0.5239915765380858,5,802
2026-05-02,US67066G1040,NVDA,2026-06-18,call,170.0,32.25,32.05,32.85,0.5196581237792968,196,73981
2026-05-02,US67066G1040,NVDA,2026-06-18,call,171.0,31.47,31.2,32.0,0.5151415673828125,27,5172
2026-05-02,US67066G1040,NVDA,2026-06-18,call,172.0,33.2,30.05,31.2,0.5039112109375,8,1941
2026-05-02,US67066G1040,NVDA,2026-06-18,call,173.0,30.75,29.55,30.35,0.5076953527832031,2,1931
2026-05-02,US67066G1040,NVDA,2026-06-18,call,174.0,29.35,28.3,29.5,0.5214891601562499,1,2307
2026-05-02,US67066G1040,NVDA,2026-06-18,call,175.0,28.1,27.55,28.55,0.5107470800781251,66,9376
2026-05-02,US67066G1040,NVDA,2026-06-18,call,176.0,27.6,27.1,27.75,0.5069629382324219,33,1958
2026-05-02,US67066G1040,NVDA,2026-06-18,call,177.0,26.85,26.3,26.95,0.5027515545654297,12,5215
2026-05-02,US67066G1040,NVDA,2026-06-18,call,178.0,26.0,25.55,26.15,0.4982960327148438,23,2525
2026-05-02,US67066G1040,NVDA,2026-06-18,call,179.0,25.55,24.75,25.3,0.49133809448242194,15,3791
2026-05-02,US67066G1040,NVDA,2026-06-18,call,180.0,24.2,24.0,24.25,0.47559118164062497,883,54413
2026-05-02,US67066G1040,NVDA,2026-06-18,call,181.0,23.55,23.25,23.85,0.48730981445312505,13,2356
2026-05-02,US67066G1040,NVDA,2026-06-18,call,182.0,23.71,22.5,23.15,0.4857229162597656,6,4700
2026-05-02,US67066G1040,NVDA,2026-06-18,call,183.0,22.32,21.8,22.35,0.47961946166992186,3,4362
2026-05-02,US67066G1040,NVDA,2026-06-18,call,184.0,21.57,21.05,21.45,0.46936565795898444,18,3925
2026-05-02,US67066G1040,NVDA,2026-06-18,call,185.0,20.57,20.35,20.6,0.46082082153320314,321,21050
2026-05-02,US67066G1040,NVDA,2026-06-18,call,186.0,20.02,19.7,20.2,0.46960979614257814,32,5291
2026-05-02,US67066G1040,NVDA,2026-06-18,call,187.0,19.9,19.0,19.3,0.4585015087890626,28,2651
2026-05-02,US67066G1040,NVDA,2026-06-18,call,188.0,19.16,18.35,18.6,0.45477840148925786,133,8062
2026-05-02,US67066G1040,NVDA,2026-06-18,call,189.0,18.04,17.7,17.9,0.4506890869140625,127,5967
2026-05-02,US67066G1040,NVDA,2026-06-18,call,190.0,17.4,17.05,17.35,0.45178770874023444,593,48928
2026-05-02,US67066G1040,NVDA,2026-06-18,call,191.0,16.5,16.45,16.75,0.4505670178222656,404,2310
2026-05-02,US67066G1040,NVDA,2026-06-18,call,192.0,16.25,15.8,16.1,0.4470880487060547,137,4408
2026-05-02,US67066G1040,NVDA,2026-06-18,call,193.0,15.35,15.2,15.4,0.4414118359375,433,6684
2026-05-02,US67066G1040,NVDA,2026-06-18,call,194.0,14.7,14.65,14.85,0.4407404559326171,272,5036
2026-05-02,US67066G1040,NVDA,2026-06-18,call,195.0,14.14,14.1,14.3,0.43958079956054685,2095,23108
2026-05-02,US67066G1040,NVDA,2026-06-18,call,200.0,11.49,11.45,11.55,0.4274959594726563,6783,105865
2026-05-02,US67066G1040,NVDA,2026-06-18,call,205.0,9.25,9.15,9.3,0.4218197467041016,2874,23493
2026-05-02,US67066G1040,NVDA,2026-06-18,call,210.0,7.3,7.25,7.35,0.4157773266601562,8416,61094
2026-05-02,US67066G1040,NVDA,2026-06-18,call,212.0,6.67,6.6,6.7,0.41498387756347654,345,4624
2026-05-02,US67066G1040,NVDA,2026-06-18,call,213.0,6.4,6.25,6.4,0.4149228430175781,483,3925
2026-05-02,US67066G1040,NVDA,2026-06-18,call,214.0,6.1,5.95,6.05,0.412542495727539,79,3098
2026-05-02,US67066G1040,NVDA,2026-06-18,call,215.0,5.7,5.65,5.8,0.41358008300781246,3720,31130
2026-05-02,US67066G1040,NVDA,2026-06-18,call,216.0,5.55,5.4,5.5,0.41223732299804683,146,2897
2026-05-02,US67066G1040,NVDA,2026-06-18,call,217.0,5.2,5.1,5.2,0.41046732116699214,415,2713
2026-05-02,US67066G1040,NVDA,2026-06-18,call,218.0,4.95,4.85,4.95,0.4102842175292969,150,4067
2026-05-02,US67066G1040,NVDA,2026-06-18,call,219.0,5.02,4.6,4.75,0.41174904663085937,377,1994
2026-05-02,US67066G1040,NVDA,2026-06-18,call,220.0,4.5,4.4,4.5,0.4107724938964844,8977,73094
2026-05-02,US67066G1040,NVDA,2026-06-18,call,221.0,4.35,4.15,4.25,0.40930766479492187,55,2485
2026-05-02,US67066G1040,NVDA,2026-06-18,call,222.0,4.05,3.95,4.05,0.4096738720703125,300,3285
2026-05-02,US67066G1040,NVDA,2026-06-18,call,223.0,3.97,3.75,3.85,0.4096738720703125,192,7321
2026-05-02,US67066G1040,NVDA,2026-06-18,call,224.0,3.95,3.55,3.65,0.40918559570312496,79,2654
2026-05-02,US67066G1040,NVDA,2026-06-18,call,225.0,3.4,3.35,3.45,0.4083921466064453,6664,24301
2026-05-02,US67066G1040,NVDA,2026-06-18,call,226.0,3.6,3.2,3.3,0.40955180297851557,84,2654
2026-05-02,US67066G1040,NVDA,2026-06-18,call,227.0,3.34,3.0,3.1,0.40796490478515623,50,2855
2026-05-02,US67066G1040,NVDA,2026-06-18,call,228.0,2.95,2.88,2.92,0.40692731750488287,135,3910
2026-05-02,US67066G1040,NVDA,2026-06-18,call,230.0,2.64,2.6,2.63,0.407232490234375,7137,37555
2026-05-02,US67066G1040,NVDA,2026-06-18,call,235.0,2.0,1.98,2.02,0.4085752502441406,1650,24623
2026-05-02,US67066G1040,NVDA,2026-06-18,call,240.0,1.56,1.53,1.56,0.411138701171875,2614,43409
2026-05-02,US67066G1040,NVDA,2026-06-18,call,245.0,1.23,1.2,1.21,0.4146787048339844,3828,11995
2026-05-02,US67066G1040,NVDA,2026-06-18,call,250.0,0.95,0.93,0.95,0.4194393994140625,7343,44714
2026-05-02,US67066G1040,NVDA,2026-06-18,call,255.0,0.76,0.75,0.76,0.4255428540039063,516,10569
2026-05-02,US67066G1040,NVDA,2026-06-18,call,260.0,0.61,0.59,0.61,0.43164630859375,1013,29646
2026-05-02,US67066G1040,NVDA,2026-06-18,call,265.0,0.5,0.49,0.5,0.43921459228515625,2211,10533
2026-05-02,US67066G1040,NVDA,2026-06-18,call,270.0,0.45,0.4,0.41,0.446294599609375,425,17719
2026-05-02,US67066G1040,NVDA,2026-06-18,call,275.0,0.37,0.33,0.34,0.45361874511718747,1442,3951
2026-05-02,US67066G1040,NVDA,2026-06-18,call,280.0,0.29,0.27,0.29,0.4624077197265626,964,21213
2026-05-02,US67066G1040,NVDA,2026-06-18,call,285.0,0.23,0.23,0.24,0.4687553125,81,956
2026-05-02,US67066G1040,NVDA,2026-06-18,call,290.0,0.21,0.2,0.21,0.47803256347656253,920,10981
2026-05-02,US67066G1040,NVDA,2026-06-18,call,295.0,0.18,0.16,0.18,0.4858449853515625,40,808
2026-05-02,US67066G1040,NVDA,2026-06-18,call,300.0,0.16,0.14,0.15,0.49121602539062503,3494,36229
2026-05-02,US67066G1040,NVDA,2026-06-18,call,310.0,0.14,0.11,0.12,0.507817421875,71,14839
2026-05-02,US67066G1040,NVDA,2026-06-18,call,320.0,0.1,0.08,0.1,0.523442265625,323,10081
2026-05-02,US67066G1040,NVDA,2026-06-18,call,330.0,0.08,0.06,0.1,0.5449264257812501,156,8599
2026-05-02,US67066G1040,NVDA,2026-06-18,call,340.0,0.06,0.05,0.07,0.5546919531250001,49,4137
2026-05-02,US67066G1040,NVDA,2026-06-18,call,350.0,0.05,0.05,0.07,0.5820354296875,11,6075
2026-05-02,US67066G1040,NVDA,2026-06-18,call,360.0,0.04,0.04,0.06,0.59570716796875,1094,9674
2026-05-02,US67066G1040,NVDA,2026-06-18,call,370.0,0.04,0.03,0.06,0.6132851171875001,5,1985
2026-05-02,US67066G1040,NVDA,2026-06-18,call,380.0,0.03,0.02,0.05,0.6210975390625001,30,7825
2026-05-02,US67066G1040,NVDA,2026-06-18,call,390.0,0.03,0.02,0.03,0.6250037500000001,17,3746
2026-05-02,US67066G1040,NVDA,2026-06-18,call,400.0,0.03,0.02,0.03,0.6445348046875,3,5432
2026-05-02,US67066G1040,NVDA,2026-06-18,call,410.0,0.03,0.01,0.04,0.6640658593750002,20,2581
2026-05-02,US67066G1040,NVDA,2026-06-18,call,420.0,0.02,0.01,0.03,0.6718782812500002,626,52113
2026-05-02,US67066G1040,NVDA,2026-06-18,call,430.0,843.15,829.95,845.4,0.0,1,32
2026-05-02,US67066G1040,NVDA,2026-06-18,call,440.0,751.34,822.0,837.6,0.0,8,39
2026-05-02,US67066G1040,NVDA,2026-06-18,call,450.0,755.35,813.85,829.3,0.0,1,100
2026-05-02,US67066G1040,NVDA,2026-06-18,call,460.0,433.95,664.0,682.0,0.0,2,41
2026-05-02,US67066G1040,NVDA,2026-06-18,call,470.0,718.65,797.9,813.2,0.0,1,93
2026-05-02,US67066G1040,NVDA,2026-06-18,call,480.0,799.1,790.0,805.7,0.0,1,101
2026-05-02,US67066G1040,NVDA,2026-06-18,call,490.0,775.51,782.15,797.45,0.0,1,69
2026-05-02,US67066G1040,NVDA,2026-06-18,call,500.0,777.5,774.35,789.55,0.0,2,135
2026-05-02,US67066G1040,NVDA,2026-06-18,call,510.0,699.35,766.6,782.35,0.0,1,74
2026-05-02,US67066G1040,NVDA,2026-06-18,call,520.0,711.59,758.9,774.65,0.0,1,51
2026-05-02,US67066G1040,NVDA,2026-06-18,call,530.0,674.21,751.3,766.55,0.0,1,141
2026-05-02,US67066G1040,NVDA,2026-06-18,call,540.0,658.89,743.7,758.75,0.0,1,24
2026-05-02,US67066G1040,NVDA,2026-06-18,call,550.0,748.88,736.85,751.35,0.0,5,48
2026-05-02,US67066G1040,NVDA,2026-06-18,call,560.0,718.28,728.65,743.9,0.0,2,46
2026-05-02,US67066G1040,NVDA,2026-06-18,call,570.0,736.39,721.25,735.95,0.0,1,39
2026-05-02,US67066G1040,NVDA,2026-06-18,call,580.0,359.58,459.25,462.15,0.0,4,63
2026-05-02,US67066G1040,NVDA,2026-06-18,call,590.0,601.5,706.55,722.2,0.0,1,24
2026-05-02,US67066G1040,NVDA,2026-06-18,call,600.0,697.5,699.3,714.5,0.0,5,160
2026-05-02,US67066G1040,NVDA,2026-06-18,call,610.0,630.48,692.05,707.25,0.0,1,28
2026-05-02,US67066G1040,NVDA,2026-06-18,call,620.0,693.15,684.9,700.15,0.0,6,62
2026-05-02,US67066G1040,NVDA,2026-06-18,call,630.0,721.2,677.8,692.85,0.0,2,34
2026-05-02,US67066G1040,NVDA,2026-06-18,call,640.0,574.0,670.8,685.8,0.0,1,30
2026-05-02,US67066G1040,NVDA,2026-06-18,call,650.0,652.95,663.8,678.85,0.0,6,83
2026-05-02,US67066G1040,NVDA,2026-06-18,call,660.0,688.12,656.9,671.95,0.0,2,226
2026-05-02,US67066G1040,NVDA,2026-06-18,call,670.0,590.57,650.0,664.9,0.0,4,93
2026-05-02,US67066G1040,NVDA,2026-06-18,call,680.0,540.76,643.2,658.4,0.0,2,196
2026-05-02,US67066G1040,NVDA,2026-06-18,call,690.0,554.68,636.45,651.7,0.0,1,231
2026-05-02,US67066G1040,NVDA,2026-06-18,call,700.0,674.35,629.75,645.0,0.0,1,421
2026-05-02,US67066G1040,NVDA,2026-06-18,call,710.0,574.25,624.45,637.5,0.0,1,55
2026-05-02,US67066G1040,NVDA,2026-06-18,call,720.0,477.27,618.1,630.75,0.0,1,136
2026-05-02,US67066G1040,NVDA,2026-06-18,call,730.0,565.25,611.45,624.5,0.0,2,272
2026-05-02,US67066G1040,NVDA,2026-06-18,call,740.0,504.52,605.3,618.05,0.0,2,58
2026-05-02,US67066G1040,NVDA,2026-06-18,call,750.0,611.9,598.5,611.35,0.0,10,517
2026-05-02,US67066G1040,NVDA,2026-06-18,call,760.0,497.13,592.5,605.2,0.0,2,39
2026-05-02,US67066G1040,NVDA,2026-06-18,call,770.0,487.0,586.3,598.85,0.0,2,119
2026-05-02,US67066G1040,NVDA,2026-06-18,call,780.0,525.9,579.6,592.3,0.0,11,60
2026-05-02,US67066G1040,NVDA,2026-06-18,call,790.0,583.6,573.8,586.25,0.0,137,172
2026-05-02,US67066G1040,NVDA,2026-06-18,call,800.0,571.03,567.3,580.05,0.0,4,774
2026-05-02,US67066G1040,NVDA,2026-06-18,call,810.0,465.0,561.45,574.4,0.0,1,100
2026-05-02,US67066G1040,NVDA,2026-06-18,call,820.0,495.28,555.7,568.1,0.0,2,42
2026-05-02,US67066G1040,NVDA,2026-06-18,call,830.0,514.77,549.25,561.9,0.0,1,145
2026-05-02,US67066G1040,NVDA,2026-06-18,call,840.0,493.38,543.7,556.15,0.0,6,34
2026-05-02,US67066G1040,NVDA,2026-06-18,call,850.0,527.95,537.45,551.0,0.0,1,235
2026-05-02,US67066G1040,NVDA,2026-06-18,call,860.0,533.13,532.1,544.6,0.0,1,97
2026-05-02,US67066G1040,NVDA,2026-06-18,call,870.0,541.55,524.75,538.75,0.0,2,196
2026-05-02,US67066G1040,NVDA,2026-06-18,call,880.0,522.65,520.6,533.15,0.0,4,86
2026-05-02,US67066G1040,NVDA,2026-06-18,call,890.0,456.9,513.5,527.8,0.0,1,109
2026-05-02,US67066G1040,NVDA,2026-06-18,call,900.0,508.44,509.1,521.85,0.0,1,1110
2026-05-02,US67066G1040,NVDA,2026-06-18,call,910.0,500.51,504.0,515.75,0.0,1,445
2026-05-02,US67066G1040,NVDA,2026-06-18,call,920.0,493.61,496.7,510.7,0.0,1,157
2026-05-02,US67066G1040,NVDA,2026-06-18,call,930.0,451.05,492.75,504.85,0.0,4,235
2026-05-02,US67066G1040,NVDA,2026-06-18,call,940.0,481.52,485.8,499.9,0.0,3,83
2026-05-02,US67066G1040,NVDA,2026-06-18,call,950.0,490.7,482.6,494.1,0.0,15,288
2026-05-02,US67066G1040,NVDA,2026-06-18,call,960.0,470.55,477.0,489.85,0.0,1,1100
2026-05-02,US67066G1040,NVDA,2026-06-18,call,970.0,480.88,472.45,484.35,0.0,2,139
2026-05-02,US67066G1040,NVDA,2026-06-18,call,980.0,481.27,467.0,478.6,0.0,1,44
2026-05-02,US67066G1040,NVDA,2026-06-18,call,990.0,405.0,461.9,474.1,0.0,3,18
2026-05-02,US67066G1040,NVDA,2026-06-18,call,1000.0,462.38,455.1,469.25,0.0,6,880
2026-05-02,US67066G1040,NVDA,2026-06-18,call,1010.0,462.35,451.75,463.8,0.0,1,39
2026-05-02,US67066G1040,NVDA,2026-06-18,call,1020.0,430.33,447.1,458.6,0.0,2,75
2026-05-02,US67066G1040,NVDA,2026-06-18,call,1030.0,350.57,446.25,450.55,0.0,1,45
2026-05-02,US67066G1040,NVDA,2026-06-18,call,1040.0,478.45,441.55,445.75,0.0,1,25
2026-05-02,US67066G1040,NVDA,2026-06-18,call,1050.0,438.98,436.95,441.35,0.0,2,155
2026-05-02,US67066G1040,NVDA,2026-06-18,call,1060.0,430.13,431.95,436.3,0.0,1,44
2026-05-02,US67066G1040,NVDA,2026-06-18,call,1070.0,380.19,427.3,431.6,0.0,1,30
2026-05-02,US67066G1040,NVDA,2026-06-18,call,1080.0,330.0,422.7,426.95,0.0,2,28
2026-05-02,US67066G1040,NVDA,2026-06-18,call,1090.0,418.0,418.35,422.45,0.0,4,114
2026-05-02,US67066G1040,NVDA,2026-06-18,call,1100.0,414.75,413.95,418.3,0.0,2,225
2026-05-02,US67066G1040,NVDA,2026-06-18,call,1110.0,419.91,409.35,414.05,0.0,16,55
2026-05-02,US67066G1040,NVDA,2026-06-18,call,1120.0,316.94,404.8,409.1,0.0,2,44
2026-05-02,US67066G1040,NVDA,2026-06-18,call,1130.0,406.59,400.4,404.75,0.0,27,55
2026-05-02,US67066G1040,NVDA,2026-06-18,call,1140.0,388.07,396.1,401.0,0.0,1,159
2026-05-02,US67066G1040,NVDA,2026-06-18,call,1150.0,394.13,392.1,396.15,0.0,1,47
2026-05-02,US67066G1040,NVDA,2026-06-18,call,1160.0,385.89,387.75,391.95,0.0,1,15
2026-05-02,US67066G1040,NVDA,2026-06-18,call,1170.0,377.55,383.55,387.75,0.0,1,26
2026-05-02,US67066G1040,NVDA,2026-06-18,call,1180.0,364.6,379.3,383.65,0.0,1,22
2026-05-02,US67066G1040,NVDA,2026-06-18,call,1190.0,383.85,375.4,380.0,0.0,2,11
2026-05-02,US67066G1040,NVDA,2026-06-18,call,1200.0,371.5,371.65,375.4,0.0,7,517
2026-05-02,US67066G1040,NVDA,2026-06-18,call,1210.0,371.0,367.1,371.55,0.0,3,50
2026-05-02,US67066G1040,NVDA,2026-06-18,call,1220.0,371.4,363.35,367.6,0.0,2,49
2026-05-02,US67066G1040,NVDA,2026-06-18,call,1230.0,352.88,359.35,363.7,0.0,1,61
2026-05-02,US67066G1040,NVDA,2026-06-18,call,1240.0,362.35,355.45,359.85,0.0,2,34
2026-05-02,US67066G1040,NVDA,2026-06-18,call,1250.0,352.76,351.95,356.0,0.0,3,195
2026-05-02,US67066G1040,NVDA,2026-06-18,call,1260.0,342.57,347.85,352.8,0.0,1,42
2026-05-02,US67066G1040,NVDA,2026-06-18,call,1270.0,302.77,344.0,348.65,0.0,1,23
2026-05-02,US67066G1040,NVDA,2026-06-18,call,1280.0,335.29,340.4,344.8,0.0,3,39
2026-05-02,US67066G1040,NVDA,2026-06-18,call,1290.0,335.0,336.75,341.3,0.0,2,22
2026-05-02,US67066G1040,NVDA,2026-06-18,call,1300.0,333.79,333.6,337.85,0.0,5,166
2026-05-02,US67066G1040,NVDA,2026-06-18,call,1320.0,330.0,326.2,330.85,0.0,1,25
2026-05-02,US67066G1040,NVDA,2026-06-18,call,1340.0,284.27,319.25,323.5,0.0,1,26
2026-05-02,US67066G1040,NVDA,2026-06-18,call,1360.0,309.2,312.5,316.9,0.0,1,18
2026-05-02,US67066G1040,NVDA,2026-06-18,call,1380.0,311.78,305.85,310.5,0.0,2,59
2026-05-02,US67066G1040,NVDA,2026-06-18,call,1400.0,300.13,299.7,304.05,0.0,1,140
2026-05-02,US67066G1040,NVDA,2026-06-18,call,1420.0,289.84,293.0,297.35,0.0,1,230
2026-05-02,US67066G1040,NVDA,2026-06-18,call,1440.0,296.05,286.9,291.6,0.0,1,29
2026-05-02,US67066G1040,NVDA,2026-06-18,call,1460.0,276.41,280.9,285.05,0.0,6,13
2026-05-02,US67066G1040,NVDA,2026-06-18,call,1480.0,277.32,275.0,279.55,0.0,1,67
2026-05-02,US67066G1040,NVDA,2026-06-18,call,1500.0,271.05,269.55,273.85,0.0,6,326
2026-05-02,US67066G1040,NVDA,2026-06-18,call,1520.0,259.31,263.65,268.2,0.0,2,145
2026-05-02,US67066G1040,NVDA,2026-06-18,call,1540.0,259.31,258.15,262.45,0.0,1,47
2026-05-02,US67066G1040,NVDA,2026-06-18,call,1560.0,250.6,252.8,256.65,0.0,1,57
2026-05-02,US67066G1040,NVDA,2026-06-18,call,1580.0,241.05,247.6,252.15,0.0,1,18
2026-05-02,US67066G1040,NVDA,2026-06-18,call,1600.0,236.45,242.8,246.75,0.0,2,157
2026-05-02,US67066G1040,NVDA,2026-06-18,call,1620.0,237.0,237.5,241.35,0.0,3,15
2026-05-02,US67066G1040,NVDA,2026-06-18,call,1640.0,228.1,233.45,236.1,0.0,1,37
2026-05-02,US67066G1040,NVDA,2026-06-18,call,1650.0,230.5,231.1,234.2,0.0,100,14
2026-05-02,US67066G1040,NVDA,2026-06-18,call,1660.0,234.22,228.6,231.95,0.0,2,26
2026-05-02,US67066G1040,NVDA,2026-06-18,call,1670.0,114.8,226.2,229.25,0.0,2,7
2026-05-02,US67066G1040,NVDA,2026-06-18,call,1680.0,224.02,224.05,227.3,0.0,1,24
2026-05-02,US67066G1040,NVDA,2026-06-18,call,1690.0,222.45,221.6,225.05,0.0,2,13
2026-05-02,US67066G1040,NVDA,2026-06-18,call,1700.0,235.0,219.7,222.25,0.0,4,102
2026-05-02,US67066G1040,NVDA,2026-06-18,call,1710.0,142.46,217.2,220.55,0.0,4,42
2026-05-02,US67066G1040,NVDA,2026-06-18,call,1720.0,166.02,215.0,218.35,0.0,1,33
2026-05-02,US67066G1040,NVDA,2026-06-18,call,1730.0,139.07,212.75,216.25,0.0,3,16
2026-05-02,US67066G1040,NVDA,2026-06-18,call,1740.0,140.36,210.6,214.05,0.0,49,98
2026-05-02,US67066G1040,NVDA,2026-06-18,call,1750.0,210.38,208.75,211.7,0.0,2,69
2026-05-02,US67066G1040,NVDA,2026-06-18,call,1760.0,198.0,206.45,209.8,0.0,1,7
2026-05-02,US67066G1040,NVDA,2026-06-18,call,1770.0,204.7,204.3,207.75,0.0,3,14
2026-05-02,US67066G1040,NVDA,2026-06-18,call,1780.0,202.95,202.4,205.65,0.0,4,33
2026-05-02,US67066G1040,NVDA,2026-06-18,call,1790.0,186.35,200.35,203.65,0.0,1,196
2026-05-02,US67066G1040,NVDA,2026-06-18,call,1800.0,198.0,198.5,201.45,0.0,2,230
2026-05-02,US67066G1040,NVDA,2026-06-18,call,1810.0,126.78,196.3,199.65,18.429691740722664,4,5
2026-05-02,US67066G1040,NVDA,2026-06-18,call,1820.0,126.06,194.25,197.7,15.71191424255371,2,15
2026-05-02,US67066G1040,NVDA,2026-06-18,call,1830.0,70.89,89.05,90.4,6.608400177001954,7,14
2026-05-02,US67066G1040,NVDA,2026-06-18,call,1840.0,193.85,190.55,193.8,13.983887978820801,1,69
2026-05-02,US67066G1040,NVDA,2026-06-18,call,1850.0,186.5,188.8,191.4,13.416505520935058,1,21
2026-05-02,US67066G1040,NVDA,2026-06-18,call,1860.0,150.5,186.75,190.05,13.038087788696288,3,88
2026-05-02,US67066G1040,NVDA,2026-06-18,call,1870.0,187.5,184.95,188.25,12.69433800354004,1,54
2026-05-02,US67066G1040,NVDA,2026-06-18,call,1880.0,183.81,183.1,186.2,12.369387034759523,4,47
2026-05-02,US67066G1040,NVDA,2026-06-18,call,1890.0,153.0,181.35,184.35,12.103029779357913,1,60
2026-05-02,US67066G1040,NVDA,2026-06-18,call,1900.0,175.08,179.75,182.65,11.88183851135254,9,133
2026-05-02,US67066G1040,NVDA,2026-06-18,call,1910.0,153.74,177.7,181.0,11.653567169647216,1,10
2026-05-02,US67066G1040,NVDA,2026-06-18,call,1920.0,143.45,176.05,179.3,11.462893460693358,37,89
2026-05-02,US67066G1040,NVDA,2026-06-18,call,1930.0,171.52,174.25,177.35,11.263918975677491,1,40
2026-05-02,US67066G1040,NVDA,2026-06-18,call,1940.0,169.82,172.55,175.9,11.108035284042359,1,562
2026-05-02,US67066G1040,NVDA,2026-06-18,call,1950.0,172.23,171.05,173.65,10.932132073669436,1,3
2026-05-02,US67066G1040,NVDA,2026-06-18,call,2000.0,163.0,162.9,165.5,10.274661781463625,1,50
2026-05-02,US67066G1040,NVDA,2026-06-18,call,2050.0,159.43,155.25,158.1,9.774295883255007,3,3
2026-05-02,US67066G1040,NVDA,2026-06-18,call,2100.0,147.6,148.0,150.85,9.356815675430301,1,15
2026-05-02,US67066G1040,NVDA,2026-06-18,call,2120.0,150.0,145.0,148.1,9.204472020645142,3,23
2026-05-02,US67066G1040,NVDA,2026-06-18,call,2130.0,123.0,143.6,146.6,9.130009176559447,1,1
2026-05-02,US67066G1040,NVDA,2026-06-18,call,2140.0,118.08,142.3,144.85,9.053104927749633,,0
2026-05-02,US67066G1040,NVDA,2026-06-18,call,2150.0,143.78,141.15,143.65,8.996037092323304,,1
2026-05-02,US67066G1040,NVDA,2026-06-18,call,2180.0,113.28,137.05,140.0,8.812382421951295,1,2
2026-05-02,US67066G1040,NVDA,2026-06-18,call,2190.0,135.0,135.75,138.45,8.74658656463623,1,0
2026-05-02,US67066G1040,NVDA,2026-06-18,call,2200.0,136.1,134.65,137.45,8.699955734405517,95,108
2026-05-02,US67066G1040,NVDA,2026-06-18,call,2210.0,113.88,133.25,136.2,8.640751669845578,1,1
2026-05-02,US67066G1040,NVDA,2026-06-18,call,2220.0,134.71,132.0,134.95,8.585942133789063,2,4
2026-05-02,US67066G1040,NVDA,2026-06-18,call,2230.0,108.25,130.75,133.3,8.522587681198118,1,2
2026-05-02,US67066G1040,NVDA,2026-06-18,call,2250.0,125.0,128.55,131.2,8.432743987350463,1,2
2026-05-02,US67066G1040,NVDA,2026-06-18,call,2260.0,131.22,127.15,129.7,8.37158679901123,12,14
2026-05-02,US67066G1040,NVDA,2026-06-18,call,2280.0,125.5,125.2,127.5,8.28815179256439,11,22
2026-05-02,US67066G1040,NVDA,2026-06-18,call,2350.0,117.65,117.55,119.6,7.986572282409668,1,0
2026-05-02,US67066G1040,NVDA,2026-06-18,call,2400.0,111.0,112.35,114.4,7.796264903106689,20,13
2026-05-02,US67066G1040,NVDA,2026-06-18,call,2450.0,108.65,107.45,109.5,7.624145977630616,2,
2026-05-02,US67066G1040,NVDA,2026-06-18,call,2500.0,104.05,102.85,104.95,7.469238944702148,6,
2026-05-02,US67066G1040,NVDA,2026-06-18,put,0.5,0.01,0.0,0.01,5.500003124999999,40,20773
2026-05-02,US67066G1040,NVDA,2026-06-18,put,1.0,0.01,0.0,0.01,4.7500040624999995,4,816
2026-05-02,US67066G1040,NVDA,2026-06-18,put,1.5,0.02,0.0,0.02,4.562504296875,4017,5052
2026-05-02,US67066G1040,NVDA,2026-06-18,put,2.0,0.01,0.0,0.0,0.500005,3,0
2026-05-02,US67066G1040,NVDA,2026-06-18,put,2.5,0.01,0.0,0.01,3.750000625,4,848
2026-05-02,US67066G1040,NVDA,2026-06-18,put,3.0,0.02,0.0,0.01,3.6250009375000003,4,1740
2026-05-02,US67066G1040,NVDA,2026-06-18,put,3.5,0.01,0.0,0.01,3.50000125,25,888
2026-05-02,US67066G1040,NVDA,2026-06-18,put,4.0,0.01,0.0,0.01,3.3750015624999996,48,894
2026-05-02,US67066G1040,NVDA,2026-06-18,put,4.5,0.02,0.02,0.15,4.265629667968749,26,1058
2026-05-02,US67066G1040,NVDA,2026-06-18,put,5.0,0.01,0.0,0.02,3.3125017187499997,119,3565
2026-05-02,US67066G1040,NVDA,2026-06-18,put,6.0,0.01,0.0,0.0,0.500005,10,0
2026-05-02,US67066G1040,NVDA,2026-06-18,put,7.0,0.02,0.0,0.02,3.0000025,7,665
2026-05-02,US67066G1040,NVDA,2026-06-18,put,8.0,0.01,0.0,0.02,2.8750028125,10,463
2026-05-02,US67066G1040,NVDA,2026-06-18,put,9.0,0.02,0.0,0.01,2.6250034375,1,1457
2026-05-02,US67066G1040,NVDA,2026-06-18,put,10.0,0.05,0.0,0.02,2.6562533593750004,1,3820
2026-05-02,US67066G1040,NVDA,2026-06-18,put,11.0,0.09,0.0,0.02,2.56250359375,1,626
2026-05-02,US67066G1040,NVDA,2026-06-18,put,12.0,0.01,0.0,0.01,2.3750040624999995,1,1169
2026-05-02,US67066G1040,NVDA,2026-06-18,put,13.0,0.01,0.0,0.02,2.4062539843749997,1,2892
2026-05-02,US67066G1040,NVDA,2026-06-18,put,14.0,0.02,0.0,0.02,2.3437541406249993,10,1576
2026-05-02,US67066G1040,NVDA,2026-06-18,put,15.0,0.01,0.0,0.02,2.281254296875,5,2322
2026-05-02,US67066G1040,NVDA,2026-06-18,put,16.0,0.02,0.0,0.02,2.2187544531249994,2,319
2026-05-02,US67066G1040,NVDA,2026-06-18,put,17.0,0.02,0.0,0.02,2.156254609375,1,993
2026-05-02,US67066G1040,NVDA,2026-06-18,put,18.0,0.02,0.0,0.02,2.1250046874999997,5,847
2026-05-02,US67066G1040,NVDA,2026-06-18,put,19.0,0.01,0.0,0.02,2.0625048437499998,2,469
2026-05-02,US67066G1040,NVDA,2026-06-18,put,20.0,0.01,0.0,0.02,2.000005,10,4654
2026-05-02,US67066G1040,NVDA,2026-06-18,put,21.0,0.02,0.0,0.02,1.96875015625,7,665
2026-05-02,US67066G1040,NVDA,2026-06-18,put,22.0,0.03,0.0,0.0,0.500005,9,0
2026-05-02,US67066G1040,NVDA,2026-06-18,put,23.0,0.01,0.0,0.02,1.875000625,20,2707
2026-05-02,US67066G1040,NVDA,2026-06-18,put,24.0,0.01,0.0,0.0,0.500005,100,0
2026-05-02,US67066G1040,NVDA,2026-06-18,put,25.0,0.01,0.0,0.02,1.8125009374999999,113,20993
2026-05-02,US67066G1040,NVDA,2026-06-18,put,26.0,0.01,0.0,0.02,1.78125109375,15,3122
2026-05-02,US67066G1040,NVDA,2026-06-18,put,27.0,0.01,0.0,0.02,1.75000125,62,267
2026-05-02,US67066G1040,NVDA,2026-06-18,put,28.0,0.01,0.0,0.02,1.71875140625,10,1518
2026-05-02,US67066G1040,NVDA,2026-06-18,put,29.0,0.01,0.0,0.03,1.75000125,14,578
2026-05-02,US67066G1040,NVDA,2026-06-18,put,30.0,0.01,0.0,0.02,1.65625171875,10,11103
2026-05-02,US67066G1040,NVDA,2026-06-18,put,31.0,0.01,0.0,0.02,1.625001875,3,905
2026-05-02,US67066G1040,NVDA,2026-06-18,put,32.0,0.01,0.0,0.02,1.5937520312499998,9,831
2026-05-02,US67066G1040,NVDA,2026-06-18,put,33.0,0.01,0.0,0.02,1.5625021874999998,2,1938
2026-05-02,US67066G1040,NVDA,2026-06-18,put,34.0,0.1,0.0,0.02,1.5468772656249998,1,1890
2026-05-02,US67066G1040,NVDA,2026-06-18,put,35.0,0.01,0.0,0.02,1.5312523437499999,16,5863
2026-05-02,US67066G1040,NVDA,2026-06-18,put,36.0,0.02,0.0,0.02,1.5000025,3,1126
2026-05-02,US67066G1040,NVDA,2026-06-18,put,37.0,0.01,0.0,0.02,1.46875265625,5,897
2026-05-02,US67066G1040,NVDA,2026-06-18,put,38.0,0.02,0.0,0.03,1.5000025,180,2338
2026-05-02,US67066G1040,NVDA,2026-06-18,put,39.0,0.02,0.0,0.03,1.46875265625,41,1190
2026-05-02,US67066G1040,NVDA,2026-06-18,put,40.0,0.01,0.0,0.03,1.453127734375,1,3723
2026-05-02,US67066G1040,NVDA,2026-06-18,put,41.0,0.01,0.0,0.01,1.3125034374999998,4,545
2026-05-02,US67066G1040,NVDA,2026-06-18,put,42.0,0.01,0.0,0.03,1.40625296875,5,830
2026-05-02,US67066G1040,NVDA,2026-06-18,put,43.0,0.01,0.0,0.03,1.3906280468749999,2,1664
2026-05-02,US67066G1040,NVDA,2026-06-18,put,44.0,0.02,0.0,0.03,1.359378203125,3,1702
2026-05-02,US67066G1040,NVDA,2026-06-18,put,45.0,0.01,0.0,0.03,1.3437532812499997,67,5230
2026-05-02,US67066G1040,NVDA,2026-06-18,put,46.0,0.01,0.0,0.03,1.3281283593749997,6,1582
2026-05-02,US67066G1040,NVDA,2026-06-18,put,47.0,0.02,0.0,0.03,1.3125034374999998,2,1486
2026-05-02,US67066G1040,NVDA,2026-06-18,put,48.0,0.08,0.0,0.0,0.500005,10,0
2026-05-02,US67066G1040,NVDA,2026-06-18,put,49.0,0.02,0.0,0.03,1.2656286718749998,2,3441
2026-05-02,US67066G1040,NVDA,2026-06-18,put,50.0,0.03,0.01,0.02,1.2500037499999999,1,8555
2026-05-02,US67066G1040,NVDA,2026-06-18,put,51.0,0.02,0.01,0.03,1.2656286718749998,40,910
2026-05-02,US67066G1040,NVDA,2026-06-18,put,52.0,0.03,0.01,0.03,1.2500037499999999,18,6042
2026-05-02,US67066G1040,NVDA,2026-06-18,put,53.0,0.03,0.01,0.03,1.2343788281249999,127,901
2026-05-02,US67066G1040,NVDA,2026-06-18,put,54.0,0.01,0.0,0.03,1.1875040625,1,723
2026-05-02,US67066G1040,NVDA,2026-06-18,put,55.0,0.02,0.01,0.03,1.203128984375,2,5556
2026-05-02,US67066G1040,NVDA,2026-06-18,put,56.0,0.06,0.01,0.04,1.203128984375,5,1630
2026-05-02,US67066G1040,NVDA,2026-06-18,put,57.0,0.04,0.01,0.04,1.1875040625,504,2472
2026-05-02,US67066G1040,NVDA,2026-06-18,put,58.0,0.03,0.02,0.04,1.1953165234375,9,4138
2026-05-02,US67066G1040,NVDA,2026-06-18,put,59.0,0.06,0.02,0.04,1.1796916015624999,1,973
2026-05-02,US67066G1040,NVDA,2026-06-18,put,60.0,0.03,0.02,0.04,1.1640666796875,5,7945
2026-05-02,US67066G1040,NVDA,2026-06-18,put,61.0,0.04,0.02,0.04,1.1484417578125,9,993
2026-05-02,US67066G1040,NVDA,2026-06-18,put,62.0,0.04,0.01,0.04,1.109379453125,10,520
2026-05-02,US67066G1040,NVDA,2026-06-18,put,63.0,0.03,0.02,0.04,1.1171919140625,15,844
2026-05-02,US67066G1040,NVDA,2026-06-18,put,64.0,0.09,0.03,0.04,1.1171919140625,5,1786
2026-05-02,US67066G1040,NVDA,2026-06-18,put,65.0,0.04,0.03,0.04,1.1015669921875002,17,4195
2026-05-02,US67066G1040,NVDA,2026-06-18,put,66.0,0.04,0.03,0.05,1.1015669921875002,1,920
2026-05-02,US67066G1040,NVDA,2026-06-18,put,67.0,0.06,0.03,0.05,1.0859420703125,606,1484
2026-05-02,US67066G1040,NVDA,2026-06-18,put,68.0,0.04,0.03,0.05,1.0742233789062503,20,1048
2026-05-02,US67066G1040,NVDA,2026-06-18,put,69.0,0.05,0.03,0.05,1.0625046875000002,9,3501
2026-05-02,US67066G1040,NVDA,2026-06-18,put,70.0,0.05,0.04,0.05,1.05859845703125,10,69832
2026-05-02,US67066G1040,NVDA,2026-06-18,put,71.0,0.05,0.04,0.05,1.0468797656250002,2,929
2026-05-02,US67066G1040,NVDA,2026-06-18,put,72.0,0.04,0.04,0.06,1.0429735351562504,1,3737
2026-05-02,US67066G1040,NVDA,2026-06-18,put,73.0,0.03,0.04,0.06,1.0273486132812502,1,16331
2026-05-02,US67066G1040,NVDA,2026-06-18,put,74.0,0.06,0.04,0.06,1.015629921875,5,2927
2026-05-02,US67066G1040,NVDA,2026-06-18,put,75.0,0.06,0.04,0.06,1.0039112304687499,8,75617
2026-05-02,US67066G1040,NVDA,2026-06-18,put,76.0,0.07,0.04,0.08,1.0078174609375,1,14906
2026-05-02,US67066G1040,NVDA,2026-06-18,put,77.0,0.06,0.05,0.08,1.0039112304687499,4,1723
2026-05-02,US67066G1040,NVDA,2026-06-18,put,78.0,0.06,0.05,0.08,0.992187578125,1,1298
2026-05-02,US67066G1040,NVDA,2026-06-18,put,79.0,0.06,0.05,0.08,0.9785158398437501,10,1120
2026-05-02,US67066G1040,NVDA,2026-06-18,put,80.0,0.07,0.05,0.08,0.9648441015625,1,24176
2026-05-02,US67066G1040,NVDA,2026-06-18,put,81.0,0.07,0.05,0.08,0.9531254687499999,1,1088
2026-05-02,US67066G1040,NVDA,2026-06-18,put,82.0,0.07,0.05,0.08,0.9414068359375,82,1977
2026-05-02,US67066G1040,NVDA,2026-06-18,put,83.0,0.06,0.05,0.08,0.929688203125,10,1399
2026-05-02,US67066G1040,NVDA,2026-06-18,put,84.0,0.06,0.06,0.08,0.9257819921875,1,912
2026-05-02,US67066G1040,NVDA,2026-06-18,put,85.0,0.07,0.06,0.08,0.91211025390625,16,18218
2026-05-02,US67066G1040,NVDA,2026-06-18,put,86.0,0.07,0.06,0.09,0.9062509375,1,1680
2026-05-02,US67066G1040,NVDA,2026-06-18,put,87.0,0.08,0.06,0.1,0.9023447265625,100,2131
2026-05-02,US67066G1040,NVDA,2026-06-18,put,88.0,0.09,0.06,0.1,0.8906260937499999,2,1098
2026-05-02,US67066G1040,NVDA,2026-06-18,put,89.0,0.08,0.06,0.1,0.8789074609374999,7,1141
2026-05-02,US67066G1040,NVDA,2026-06-18,put,90.0,0.07,0.07,0.1,0.8730481445312499,1,29779
2026-05-02,US67066G1040,NVDA,2026-06-18,put,91.0,0.27,0.07,0.11,0.867188828125,10,1248
2026-05-02,US67066G1040,NVDA,2026-06-18,put,92.0,0.08,0.07,0.09,0.8457046679687499,100,1191
2026-05-02,US67066G1040,NVDA,2026-06-18,put,93.0,0.08,0.07,0.09,0.8339860351562498,1,2675
2026-05-02,US67066G1040,NVDA,2026-06-18,put,94.0,0.09,0.07,0.11,0.8339860351562498,4,1526
2026-05-02,US67066G1040,NVDA,2026-06-18,put,95.0,0.08,0.08,0.1,0.8242205078124999,14,5366
2026-05-02,US67066G1040,NVDA,2026-06-18,put,96.0,0.11,0.08,0.1,0.8125018749999999,68,3650
2026-05-02,US67066G1040,NVDA,2026-06-18,put,97.0,0.11,0.08,0.1,0.8007832421875,1,6067
2026-05-02,US67066G1040,NVDA,2026-06-18,put,98.0,0.1,0.08,0.11,0.79687703125,1,2443
2026-05-02,US67066G1040,NVDA,2026-06-18,put,99.0,0.11,0.08,0.11,0.7851583984375,1,3029
2026-05-02,US67066G1040,NVDA,2026-06-18,put,100.0,0.1,0.09,0.13,0.789064609375,106,42928
2026-05-02,US67066G1040,NVDA,2026-06-18,put,101.0,0.04,0.09,0.11,0.7695335546875001,6,1475
2026-05-02,US67066G1040,NVDA,2026-06-18,put,102.0,0.11,0.1,0.11,0.76367423828125,400,2294
2026-05-02,US67066G1040,NVDA,2026-06-18,put,103.0,0.11,0.1,0.11,0.7539087109375,8,1890
2026-05-02,US67066G1040,NVDA,2026-06-18,put,104.0,0.12,0.1,0.12,0.747072841796875,10,1444
2026-05-02,US67066G1040,NVDA,2026-06-18,put,105.0,0.11,0.11,0.12,0.7412135253906249,191,11814
2026-05-02,US67066G1040,NVDA,2026-06-18,put,106.0,0.14,0.12,0.13,0.7382838671874999,10,859
2026-05-02,US67066G1040,NVDA,2026-06-18,put,107.0,0.15,0.12,0.13,0.72851833984375,2,1507
2026-05-02,US67066G1040,NVDA,2026-06-18,put,108.0,0.13,0.13,0.14,0.725588681640625,6,1765
2026-05-02,US67066G1040,NVDA,2026-06-18,put,109.0,0.15,0.1,0.16,0.711916943359375,10,618
2026-05-02,US67066G1040,NVDA,2026-06-18,put,110.0,0.14,0.14,0.15,0.711916943359375,82,20632
2026-05-02,US67066G1040,NVDA,2026-06-18,put,111.0,0.18,0.15,0.16,0.70898728515625,20,920
2026-05-02,US67066G1040,NVDA,2026-06-18,put,112.0,0.17,0.15,0.16,0.6982452050781252,4,4912
2026-05-02,US67066G1040,NVDA,2026-06-18,put,113.0,0.21,0.16,0.17,0.694338994140625,2,1751
2026-05-02,US67066G1040,NVDA,2026-06-18,put,114.0,0.19,0.17,0.18,0.6904327832031252,1000,2979
2026-05-02,US67066G1040,NVDA,2026-06-18,put,115.0,0.19,0.18,0.19,0.68555001953125,212,11729
2026-05-02,US67066G1040,NVDA,2026-06-18,put,116.0,0.2,0.19,0.2,0.6806672558593752,10,1134
2026-05-02,US67066G1040,NVDA,2026-06-18,put,117.0,0.2,0.2,0.21,0.6757844921875001,1,1458
2026-05-02,US67066G1040,NVDA,2026-06-18,put,118.0,0.23,0.21,0.22,0.6704134521484376,14,4710
2026-05-02,US67066G1040,NVDA,2026-06-18,put,119.0,0.22,0.22,0.23,0.6650424121093752,3,2659
2026-05-02,US67066G1040,NVDA,2026-06-18,put,120.0,0.22,0.23,0.24,0.659183095703125,27,28799
2026-05-02,US67066G1040,NVDA,2026-06-18,put,121.0,0.26,0.24,0.25,0.6538120556640626,3,2325
2026-05-02,US67066G1040,NVDA,2026-06-18,put,122.0,0.25,0.25,0.26,0.6479527392578125,1,1765
2026-05-02,US67066G1040,NVDA,2026-06-18,put,123.0,0.29,0.26,0.28,0.6435582519531251,4,2030
2026-05-02,US67066G1040,NVDA,2026-06-18,put,124.0,0.3,0.28,0.29,0.639652041015625,2,7139
2026-05-02,US67066G1040,NVDA,2026-06-18,put,125.0,0.3,0.29,0.3,0.6333044482421876,9,12203
2026-05-02,US67066G1040,NVDA,2026-06-18,put,126.0,0.3,0.3,0.32,0.6284216845703126,1,3064
2026-05-02,US67066G1040,NVDA,2026-06-18,put,127.0,0.33,0.32,0.33,0.6235389208984375,80,3522
2026-05-02,US67066G1040,NVDA,2026-06-18,put,128.0,0.35,0.33,0.35,0.6181678808593751,1,9134
2026-05-02,US67066G1040,NVDA,2026-06-18,put,129.0,0.36,0.35,0.37,0.614261669921875,1,2762
2026-05-02,US67066G1040,NVDA,2026-06-18,put,130.0,0.37,0.37,0.38,0.6088906298828126,38,34803
2026-05-02,US67066G1040,NVDA,2026-06-18,put,132.0,0.42,0.4,0.42,0.5986368261718751,1,24347
2026-05-02,US67066G1040,NVDA,2026-06-18,put,134.0,0.48,0.44,0.46,0.5893595751953126,18,5576
2026-05-02,US67066G1040,NVDA,2026-06-18,put,135.0,0.46,0.46,0.48,0.5839885351562499,62,16039
2026-05-02,US67066G1040,NVDA,2026-06-18,put,136.0,0.48,0.49,0.51,0.5810588769531251,191,4982
2026-05-02,US67066G1040,NVDA,2026-06-18,put,138.0,0.52,0.53,0.55,0.5698285205078125,96,13725
2026-05-02,US67066G1040,NVDA,2026-06-18,put,140.0,0.59,0.59,0.61,0.5617719604492188,284,82804
2026-05-02,US67066G1040,NVDA,2026-06-18,put,142.0,0.69,0.64,0.67,0.5520064331054688,3,7610
2026-05-02,US67066G1040,NVDA,2026-06-18,put,144.0,0.71,0.71,0.73,0.5429733203125001,26,3175
2026-05-02,US67066G1040,NVDA,2026-06-18,put,145.0,0.74,0.75,0.77,0.5393112475585939,184,20390
2026-05-02,US67066G1040,NVDA,2026-06-18,put,146.0,0.83,0.78,0.81,0.5346726220703125,50,8204
2026-05-02,US67066G1040,NVDA,2026-06-18,put,148.0,0.86,0.87,0.89,0.5266160620117188,157,8817
2026-05-02,US67066G1040,NVDA,2026-06-18,put,150.0,0.97,0.96,0.98,0.5183153637695312,4144,55320
2026-05-02,US67066G1040,NVDA,2026-06-18,put,152.0,1.12,1.06,1.1,0.5111132873535156,143,9641
2026-05-02,US67066G1040,NVDA,2026-06-18,put,154.0,1.17,1.18,1.21,0.5034229345703125,153,10214
2026-05-02,US67066G1040,NVDA,2026-06-18,put,155.0,1.24,1.25,1.28,0.5004932763671875,626,18971
2026-05-02,US67066G1040,NVDA,2026-06-18,put,156.0,1.29,1.31,1.34,0.4975636181640626,85,3949
2026-05-02,US67066G1040,NVDA,2026-06-18,put,158.0,1.39,1.46,1.49,0.4907277490234375,31,6794
2026-05-02,US67066G1040,NVDA,2026-06-18,put,160.0,1.61,1.62,1.66,0.48438015625,7414,40392
2026-05-02,US67066G1040,NVDA,2026-06-18,put,162.0,1.8,1.8,1.84,0.477544287109375,79,9236
2026-05-02,US67066G1040,NVDA,2026-06-18,put,164.0,1.96,2.0,2.06,0.4722953161621094,53,8068
2026-05-02,US67066G1040,NVDA,2026-06-18,put,165.0,2.12,2.12,2.16,0.4683891052246094,455,25706
2026-05-02,US67066G1040,NVDA,2026-06-18,put,166.0,2.33,2.23,2.28,0.4655815161132813,34,10163
2026-05-02,US67066G1040,NVDA,2026-06-18,put,167.0,2.34,2.36,2.41,0.4630180651855469,78,4305
2026-05-02,US67066G1040,NVDA,2026-06-18,put,168.0,2.39,2.48,2.54,0.4600884069824219,86,3084
2026-05-02,US67066G1040,NVDA,2026-06-18,put,169.0,2.62,2.63,2.68,0.45740288696289066,165,5523
2026-05-02,US67066G1040,NVDA,2026-06-18,put,170.0,2.78,2.78,2.82,0.45429012512207034,1355,42962
2026-05-02,US67066G1040,NVDA,2026-06-18,put,171.0,2.85,2.91,2.97,0.4514215014648438,702,5443
2026-05-02,US67066G1040,NVDA,2026-06-18,put,172.0,3.07,3.05,3.15,0.4498346032714844,67,7532
2026-05-02,US67066G1040,NVDA,2026-06-18,put,173.0,3.2,3.25,3.3,0.4461725305175781,56,2952
2026-05-02,US67066G1040,NVDA,2026-06-18,put,174.0,3.4,3.4,3.5,0.444768735961914,27,4204
2026-05-02,US67066G1040,NVDA,2026-06-18,put,175.0,3.6,3.6,3.7,0.44287666503906253,2571,23676
2026-05-02,US67066G1040,NVDA,2026-06-18,put,176.0,3.65,3.75,3.9,0.44061838684082033,264,4496
2026-05-02,US67066G1040,NVDA,2026-06-18,put,177.0,3.98,4.0,4.1,0.4378718322753906,163,3365
2026-05-02,US67066G1040,NVDA,2026-06-18,put,178.0,4.2,4.2,4.3,0.4348201049804688,795,4897
2026-05-02,US67066G1040,NVDA,2026-06-18,put,179.0,4.55,4.4,4.5,0.4312801013183594,89,3650
2026-05-02,US67066G1040,NVDA,2026-06-18,put,180.0,4.7,4.65,4.75,0.42969320312500003,2434,34325
2026-05-02,US67066G1040,NVDA,2026-06-18,put,181.0,4.95,4.9,5.0,0.4276180285644532,166,5967
2026-05-02,US67066G1040,NVDA,2026-06-18,put,182.0,5.1,5.15,5.25,0.4250545776367188,182,10799
2026-05-02,US67066G1040,NVDA,2026-06-18,put,183.0,5.4,5.4,5.55,0.4242000939941406,331,4382
2026-05-02,US67066G1040,NVDA,2026-06-18,put,184.0,5.68,5.7,5.8,0.42078215942382813,160,3697
2026-05-02,US67066G1040,NVDA,2026-06-18,put,185.0,6.0,6.0,6.1,0.4190731921386719,818,11405
2026-05-02,US67066G1040,NVDA,2026-06-18,put,186.0,6.35,6.3,6.45,0.4188290539550781,144,4040
2026-05-02,US67066G1040,NVDA,2026-06-18,put,187.0,6.55,6.6,6.75,0.41608249938964836,116,2864
2026-05-02,US67066G1040,NVDA,2026-06-18,put,188.0,6.87,6.95,7.05,0.41296973754882804,122,3897
2026-05-02,US67066G1040,NVDA,2026-06-18,put,189.0,7.55,7.3,7.4,0.4112607702636719,99,3584
2026-05-02,US67066G1040,NVDA,2026-06-18,put,190.0,7.71,7.65,7.75,0.40918559570312496,1771,21664
2026-05-02,US67066G1040,NVDA,2026-06-18,put,191.0,7.8,8.0,8.15,0.40845318115234375,142,2202
2026-05-02,US67066G1040,NVDA,2026-06-18,put,192.0,8.35,8.4,8.55,0.40717145568847657,137,4366
2026-05-02,US67066G1040,NVDA,2026-06-18,put,193.0,8.7,8.8,8.95,0.40552352294921873,131,2753
2026-05-02,US67066G1040,NVDA,2026-06-18,put,194.0,9.17,9.2,9.35,0.40332627929687503,238,2851
2026-05-02,US67066G1040,NVDA,2026-06-18,put,195.0,9.6,9.65,9.8,0.4024717956542969,770,16102
2026-05-02,US67066G1040,NVDA,2026-06-18,put,200.0,11.95,12.0,12.15,0.3944762701416016,2042,26938
2026-05-02,US67066G1040,NVDA,2026-06-18,put,205.0,14.75,14.75,14.9,0.38843385009765624,1403,10687
2026-05-02,US67066G1040,NVDA,2026-06-18,put,210.0,17.8,17.85,18.0,0.3828797064208984,267,7286
2026-05-02,US67066G1040,NVDA,2026-06-18,put,212.0,19.47,19.0,19.65,0.39264523376464844,2,1462
2026-05-02,US67066G1040,NVDA,2026-06-18,put,213.0,19.7,19.75,20.5,0.39801627380371096,11,677
2026-05-02,US67066G1040,NVDA,2026-06-18,put,214.0,20.37,20.45,20.8,0.3817810845947265,2,921
2026-05-02,US67066G1040,NVDA,2026-06-18,put,215.0,21.24,21.15,22.0,0.4000304138183594,256,3615
2026-05-02,US67066G1040,NVDA,2026-06-18,put,216.0,21.65,21.9,22.65,0.39649041015625003,7,1120
2026-05-02,US67066G1040,NVDA,2026-06-18,put,217.0,22.41,22.35,23.45,0.3985045501708985,1,771
2026-05-02,US67066G1040,NVDA,2026-06-18,put,218.0,22.99,23.1,23.65,0.3751283190917969,8,1365
2026-05-02,US67066G1040,NVDA,2026-06-18,put,219.0,23.95,23.9,25.05,0.40143420837402344,2,480
2026-05-02,US67066G1040,NVDA,2026-06-18,put,220.0,25.0,24.9,25.25,0.37641004455566407,196,6533
2026-05-02,US67066G1040,NVDA,2026-06-18,put,221.0,21.45,25.4,26.65,0.40296007202148443,2,599
2026-05-02,US67066G1040,NVDA,2026-06-18,put,222.0,26.25,26.1,26.75,0.37134417724609375,15,561
2026-05-02,US67066G1040,NVDA,2026-06-18,put,223.0,26.05,26.85,28.25,0.40296007202148443,9,462
2026-05-02,US67066G1040,NVDA,2026-06-18,put,224.0,26.8,27.65,28.4,0.3714662463378906,10,488
2026-05-02,US67066G1040,NVDA,2026-06-18,put,225.0,28.87,28.55,29.25,0.372076591796875,71,1019
2026-05-02,US67066G1040,NVDA,2026-06-18,put,226.0,28.34,29.3,30.05,0.36975727905273437,2,579
2026-05-02,US67066G1040,NVDA,2026-06-18,put,227.0,26.6,30.1,30.9,0.3695131408691406,8,483
2026-05-02,US67066G1040,NVDA,2026-06-18,put,228.0,21.4,30.95,31.75,0.36890279541015625,5,421
2026-05-02,US67066G1040,NVDA,2026-06-18,put,230.0,29.18,32.65,33.5,0.36926900268554685,4,690
2026-05-02,US67066G1040,NVDA,2026-06-18,put,235.0,36.35,37.05,37.95,0.36780417358398443,1,50
2026-05-02,US67066G1040,NVDA,2026-06-18,put,240.0,43.1,41.6,42.6,0.3717103845214844,1,471
2026-05-02,US67066G1040,NVDA,2026-06-18,put,245.0,44.32,46.1,47.35,0.37708142456054683,71,106
2026-05-02,US67066G1040,NVDA,2026-06-18,put,250.0,48.97,50.95,52.25,0.3930724755859375,70,658
2026-05-02,US67066G1040,NVDA,2026-06-18,put,255.0,56.5,56.35,56.95,0.37720349365234374,35,12
2026-05-02,US67066G1040,NVDA,2026-06-18,put,260.0,50.9,60.8,62.6,0.48279325805664064,3,214
2026-05-02,US67066G1040,NVDA,2026-06-18,put,265.0,64.83,65.85,66.85,0.40381455566406255,2,3
2026-05-02,US67066G1040,NVDA,2026-06-18,put,270.0,61.35,70.2,73.1,0.5809368078613282,65,1
2026-05-02,US67066G1040,NVDA,2026-06-18,put,275.0,64.4,75.2,78.1,0.6062051098632814,25,0
2026-05-02,US67066G1040,NVDA,2026-06-18,put,280.0,65.8,80.2,83.1,0.6306189282226562,20,0
2026-05-02,US67066G1040,NVDA,2026-06-18,put,285.0,87.2,85.2,88.1,0.6544224011230471,2,0
2026-05-02,US67066G1040,NVDA,2026-06-18,put,290.0,78.58,88.65,91.45,1.0000000000000003e-05,1,2
2026-05-02,US67066G1040,NVDA,2026-06-18,put,295.0,97.2,95.2,98.05,0.6953155468750001,1,0
2026-05-02,US67066G1040,NVDA,2026-06-18,put,300.0,88.13,100.2,103.1,0.7221707470703125,1,1
2026-05-02,US67066G1040,NVDA,2026-06-18,put,310.0,117.22,0.0,0.0,1.0000000000000003e-05,3,0
2026-05-02,US67066G1040,NVDA,2026-06-18,put,320.0,125.03,131.05,134.1,1.371341033935547,2,0
2026-05-02,US67066G1040,NVDA,2026-06-18,put,330.0,148.5,0.0,0.0,1.0000000000000003e-05,10,0
2026-05-02,US67066G1040,NVDA,2026-06-18,put,340.0,152.17,155.35,159.8,1.6846329244995117,110,0
2026-05-02,US67066G1040,NVDA,2026-06-18,put,350.0,138.7,167.1,170.1,1.774048981323242,9,0
2026-05-02,US67066G1040,NVDA,2026-06-18,put,360.0,158.94,177.0,180.2,1.8197030499267577,1,0
2026-05-02,US67066G1040,NVDA,2026-06-18,put,370.0,10.16,8.75,10.0,1.0000000000000003e-05,1,25
2026-05-02,US67066G1040,NVDA,2026-06-18,put,380.0,12.0,9.45,10.7,1.0000000000000003e-05,20,76
2026-05-02,US67066G1040,NVDA,2026-06-18,put,390.0,11.09,10.2,11.45,1.0000000000000003e-05,5,83
2026-05-02,US67066G1040,NVDA,2026-06-18,put,400.0,12.3,11.3,12.0,1.0000000000000003e-05,1,172
2026-05-02,US67066G1040,NVDA,2026-06-18,put,410.0,13.12,11.8,13.05,1.0000000000000003e-05,4,39
2026-05-02,US67066G1040,NVDA,2026-06-18,put,420.0,234.85,0.0,0.0,1.0000000000000003e-05,3,0
2026-05-02,US67066G1040,NVDA,2026-06-18,put,430.0,17.8,13.55,14.85,1.0000000000000003e-05,2,54
2026-05-02,US67066G1040,NVDA,2026-06-18,put,440.0,15.5,14.5,15.8,1.0000000000000003e-05,10,146
2026-05-02,US67066G1040,NVDA,2026-06-18,put,450.0,16.7,15.85,16.7,1.0000000000000003e-05,1,383
2026-05-02,US67066G1040,NVDA,2026-06-18,put,460.0,19.9,16.55,17.9,1.0000000000000003e-05,5,34
2026-05-02,US67066G1040,NVDA,2026-06-18,put,470.0,19.65,17.6,19.0,1.0000000000000003e-05,3,124
2026-05-02,US67066G1040,NVDA,2026-06-18,put,480.0,20.5,18.75,20.15,1.0000000000000003e-05,2,82
2026-05-02,US67066G1040,NVDA,2026-06-18,put,490.0,21.17,19.95,21.35,1.0000000000000003e-05,1,81
2026-05-02,US67066G1040,NVDA,2026-06-18,put,500.0,22.35,21.55,22.5,1.0000000000000003e-05,5,323
2026-05-02,US67066G1040,NVDA,2026-06-18,put,510.0,28.35,22.45,23.95,1.0000000000000003e-05,1,36
2026-05-02,US67066G1040,NVDA,2026-06-18,put,520.0,24.7,24.15,25.25,1.0000000000000003e-05,6,632
2026-05-02,US67066G1040,NVDA,2026-06-18,put,530.0,26.68,25.25,26.7,1.0000000000000003e-05,3,118
2026-05-02,US67066G1040,NVDA,2026-06-18,put,540.0,27.52,26.7,28.15,1.0000000000000003e-05,1,42
2026-05-02,US67066G1040,NVDA,2026-06-18,put,550.0,30.15,28.7,29.65,1.0000000000000003e-05,25,168
2026-05-02,US67066G1040,NVDA,2026-06-18,put,560.0,32.75,30.0,31.2,1.0000000000000003e-05,1,19
2026-05-02,US67066G1040,NVDA,2026-06-18,put,570.0,39.7,31.7,32.9,1.0000000000000003e-05,14,76
2026-05-02,US67066G1040,NVDA,2026-06-18,put,580.0,41.62,33.25,34.6,1.0000000000000003e-05,3,79
2026-05-02,US67066G1040,NVDA,2026-06-18,put,590.0,36.61,35.0,36.45,1.0000000000000003e-05,2,54
2026-05-02,US67066G1040,NVDA,2026-06-18,put,600.0,40.1,37.05,38.15,1.0000000000000003e-05,1,635
2026-05-02,US67066G1040,NVDA,2026-06-18,put,610.0,40.0,38.9,40.1,1.0000000000000003e-05,3,71
2026-05-02,US67066G1040,NVDA,2026-06-18,put,620.0,74.68,40.5,42.15,1.0000000000000003e-05,1,53
2026-05-02,US67066G1040,NVDA,2026-06-18,put,630.0,44.25,42.5,44.6,1.0000000000000003e-05,11,62
2026-05-02,US67066G1040,NVDA,2026-06-18,put,640.0,47.21,44.5,46.1,1.0000000000000003e-05,1,64
2026-05-02,US67066G1040,NVDA,2026-06-18,put,650.0,50.14,46.95,48.35,1.0000000000000003e-05,5,145
2026-05-02,US67066G1040,NVDA,2026-06-18,put,660.0,53.68,48.75,50.45,1.0000000000000003e-05,2,124
2026-05-02,US67066G1040,NVDA,2026-06-18,put,670.0,57.3,51.05,52.75,1.0000000000000003e-05,17,40
2026-05-02,US67066G1040,NVDA,2026-06-18,put,680.0,60.05,53.25,55.05,1.0000000000000003e-05,3,42
2026-05-02,US67066G1040,NVDA,2026-06-18,put,690.0,57.05,55.6,57.35,1.0000000000000003e-05,1,55
2026-05-02,US67066G1040,NVDA,2026-06-18,put,700.0,58.93,58.4,59.9,1.0000000000000003e-05,4,6837
2026-05-02,US67066G1040,NVDA,2026-06-18,put,710.0,64.86,60.7,62.7,1.0000000000000003e-05,1,18
2026-05-02,US67066G1040,NVDA,2026-06-18,put,720.0,67.23,63.15,65.1,1.0000000000000003e-05,3,59
2026-05-02,US67066G1040,NVDA,2026-06-18,put,730.0,73.47,65.05,68.05,1.0000000000000003e-05,10,1382
2026-05-02,US67066G1040,NVDA,2026-06-18,put,740.0,68.87,68.55,70.25,1.0000000000000003e-05,1,31
2026-05-02,US67066G1040,NVDA,2026-06-18,put,750.0,73.25,71.35,73.05,1.0000000000000003e-05,7,7717
2026-05-02,US67066G1040,NVDA,2026-06-18,put,760.0,74.8,73.3,76.0,1.0000000000000003e-05,2,1454
2026-05-02,US67066G1040,NVDA,2026-06-18,put,770.0,77.13,76.95,78.85,1.0000000000000003e-05,2,116
2026-05-02,US67066G1040,NVDA,2026-06-18,put,780.0,82.18,79.85,81.8,1.0000000000000003e-05,10,39
2026-05-02,US67066G1040,NVDA,2026-06-18,put,790.0,88.23,82.8,84.8,1.0000000000000003e-05,1,26
2026-05-02,US67066G1040,NVDA,2026-06-18,put,800.0,91.0,85.95,87.75,1.0000000000000003e-05,2,260
2026-05-02,US67066G1040,NVDA,2026-06-18,put,810.0,98.25,88.95,90.9,1.0000000000000003e-05,2,23
2026-05-02,US67066G1040,NVDA,2026-06-18,put,820.0,92.06,92.1,94.1,1.0000000000000003e-05,2,82
2026-05-02,US67066G1040,NVDA,2026-06-18,put,830.0,154.65,95.3,97.35,1.0000000000000003e-05,6,6
2026-05-02,US67066G1040,NVDA,2026-06-18,put,840.0,101.52,98.6,100.75,1.0000000000000003e-05,12,39
2026-05-02,US67066G1040,NVDA,2026-06-18,put,850.0,114.55,102.05,104.0,1.0000000000000003e-05,2,35
2026-05-02,US67066G1040,NVDA,2026-06-18,put,860.0,108.32,105.3,107.45,1.0000000000000003e-05,3,45
2026-05-02,US67066G1040,NVDA,2026-06-18,put,870.0,131.8,108.8,110.95,1.0000000000000003e-05,4,61
2026-05-02,US67066G1040,NVDA,2026-06-18,put,880.0,121.0,112.3,114.5,1.0000000000000003e-05,10,31
2026-05-02,US67066G1040,NVDA,2026-06-18,put,890.0,129.25,115.9,118.15,1.0000000000000003e-05,1,10
2026-05-02,US67066G1040,NVDA,2026-06-18,put,900.0,122.85,119.65,121.75,1.0000000000000003e-05,1,187
2026-05-02,US67066G1040,NVDA,2026-06-18,put,910.0,134.5,123.2,125.55,1.0000000000000003e-05,5,25
2026-05-02,US67066G1040,NVDA,2026-06-18,put,920.0,129.86,127.0,129.35,1.0000000000000003e-05,3,12
2026-05-02,US67066G1040,NVDA,2026-06-18,put,930.0,132.94,130.8,133.25,1.0000000000000003e-05,2,7
2026-05-02,US67066G1040,NVDA,2026-06-18,put,940.0,137.84,134.75,137.15,1.0000000000000003e-05,1,28
2026-05-02,US67066G1040,NVDA,2026-06-18,put,950.0,141.2,138.75,141.05,1.0000000000000003e-05,220,161
2026-05-02,US67066G1040,NVDA,2026-06-18,put,960.0,156.95,142.7,145.2,1.0000000000000003e-05,4,13
2026-05-02,US67066G1040,NVDA,2026-06-18,put,970.0,146.8,146.75,149.25,1.0000000000000003e-05,11,20
2026-05-02,US67066G1040,NVDA,2026-06-18,put,980.0,155.0,150.85,153.4,1.0000000000000003e-05,5,29
2026-05-02,US67066G1040,NVDA,2026-06-18,put,990.0,156.59,155.0,157.65,1.0000000000000003e-05,100,106
2026-05-02,US67066G1040,NVDA,2026-06-18,put,1000.0,160.25,159.4,161.9,1.0000000000000003e-05,3,451
2026-05-02,US67066G1040,NVDA,2026-06-18,put,1010.0,168.65,163.55,166.1,1.0000000000000003e-05,2,80
2026-05-02,US67066G1040,NVDA,2026-06-18,put,1020.0,184.19,167.95,170.65,1.0000000000000003e-05,2,40
2026-05-02,US67066G1040,NVDA,2026-06-18,put,1030.0,298.2,297.2,302.9,1.0000000000000003e-05,7,12
2026-05-02,US67066G1040,NVDA,2026-06-18,put,1040.0,176.39,176.75,179.3,1.0000000000000003e-05,2,8
2026-05-02,US67066G1040,NVDA,2026-06-18,put,1050.0,214.45,181.45,184.1,1.0000000000000003e-05,2,74
2026-05-02,US67066G1040,NVDA,2026-06-18,put,1060.0,204.05,185.95,188.85,1.0000000000000003e-05,3,10
2026-05-02,US67066G1040,NVDA,2026-06-18,put,1070.0,211.98,190.6,193.1,1.0000000000000003e-05,6,19
2026-05-02,US67066G1040,NVDA,2026-06-18,put,1080.0,304.39,195.3,198.3,1.0000000000000003e-05,4,5
2026-05-02,US67066G1040,NVDA,2026-06-18,put,1090.0,214.43,200.0,203.05,1.0000000000000003e-05,2,9
2026-05-02,US67066G1040,NVDA,2026-06-18,put,1100.0,213.29,205.0,207.5,1.0000000000000003e-05,1,36
2026-05-02,US67066G1040,NVDA,2026-06-18,put,1110.0,247.55,209.65,212.8,1.0000000000000003e-05,12,10
2026-05-02,US67066G1040,NVDA,2026-06-18,put,1120.0,447.91,337.1,342.15,1.0000000000000003e-05,2,0
2026-05-02,US67066G1040,NVDA,2026-06-18,put,1130.0,237.66,219.6,222.45,1.0000000000000003e-05,2,7
2026-05-02,US67066G1040,NVDA,2026-06-18,put,1140.0,234.6,224.65,227.55,1.0000000000000003e-05,2,6
2026-05-02,US67066G1040,NVDA,2026-06-18,put,1150.0,234.32,229.85,232.6,1.0000000000000003e-05,1,172
2026-05-02,US67066G1040,NVDA,2026-06-18,put,1160.0,235.81,234.9,237.85,1.0000000000000003e-05,1,34
2026-05-02,US67066G1040,NVDA,2026-06-18,put,1170.0,250.85,240.05,243.4,1.0000000000000003e-05,1,7
2026-05-02,US67066G1040,NVDA,2026-06-18,put,1180.0,255.42,245.25,248.35,1.0000000000000003e-05,1,4
2026-05-02,US67066G1040,NVDA,2026-06-18,put,1190.0,250.45,250.55,254.0,1.0000000000000003e-05,12,37
2026-05-02,US67066G1040,NVDA,2026-06-18,put,1200.0,258.0,256.15,259.3,1.0000000000000003e-05,2,33
2026-05-02,US67066G1040,NVDA,2026-06-18,put,1210.0,261.45,261.45,264.85,1.0000000000000003e-05,1,7
2026-05-02,US67066G1040,NVDA,2026-06-18,put,1220.0,288.04,266.9,270.35,1.0000000000000003e-05,54,41
2026-05-02,US67066G1040,NVDA,2026-06-18,put,1230.0,301.16,272.3,276.0,1.0000000000000003e-05,7,15
2026-05-02,US67066G1040,NVDA,2026-06-18,put,1240.0,324.6,277.8,281.2,1.0000000000000003e-05,2,80
2026-05-02,US67066G1040,NVDA,2026-06-18,put,1250.0,304.65,283.6,287.05,1.0000000000000003e-05,2,77
2026-05-02,US67066G1040,NVDA,2026-06-18,put,1260.0,311.97,289.15,292.85,1.0000000000000003e-05,1,32
2026-05-02,US67066G1040,NVDA,2026-06-18,put,1270.0,428.51,295.0,298.3,1.0000000000000003e-05,4,86
2026-05-02,US67066G1040,NVDA,2026-06-18,put,1280.0,350.1,300.65,304.1,1.0000000000000003e-05,4,90
2026-05-02,US67066G1040,NVDA,2026-06-18,put,1290.0,333.57,306.2,310.2,1.0000000000000003e-05,1,44
2026-05-02,US67066G1040,NVDA,2026-06-18,put,1300.0,336.64,312.05,315.95,1.0000000000000003e-05,3,42
2026-05-02,US67066G1040,NVDA,2026-06-18,put,1320.0,352.71,323.65,328.25,1.0000000000000003e-05,1,95
2026-05-02,US67066G1040,NVDA,2026-06-18,put,1340.0,365.03,335.7,340.55,1.0000000000000003e-05,2,141
2026-05-02,US67066G1040,NVDA,2026-06-18,put,1360.0,348.9,348.0,352.5,1.0000000000000003e-05,5,126
2026-05-02,US67066G1040,NVDA,2026-06-18,put,1380.0,583.46,415.6,429.45,1.0000000000000003e-05,58,58
2026-05-02,US67066G1040,NVDA,2026-06-18,put,1400.0,384.46,369.85,379.45,1.0000000000000003e-05,14,172
2026-05-02,US67066G1040,NVDA,2026-06-18,put,1440.0,635.94,459.35,474.7,1.0000000000000003e-05,7,12
2026-05-02,US67066G1040,NVDA,2026-06-18,put,1460.0,653.35,472.1,488.7,1.0000000000000003e-05,58,58
2026-05-02,US67066G1040,NVDA,2026-06-18,put,1480.0,748.4,632.05,645.85,1.0000000000000003e-05,2,0
2026-05-02,US67066G1040,NVDA,2026-06-18,put,1500.0,449.96,435.65,446.05,1.0000000000000003e-05,2,11
2026-05-02,US67066G1040,NVDA,2026-06-18,put,1520.0,675.2,657.15,674.0,1.0000000000000003e-05,,3
2026-05-02,US67066G1040,NVDA,2026-06-18,put,1540.0,690.9,672.05,692.0,1.0000000000000003e-05,,2
2026-05-02,US67066G1040,NVDA,2026-06-18,put,1560.0,707.73,690.4,710.0,1.0000000000000003e-05,,1
2026-05-02,US67066G1040,NVDA,2026-06-18,put,1580.0,721.08,709.2,728.0,1.0000000000000003e-05,2,12
2026-05-02,US67066G1040,NVDA,2026-06-18,put,1600.0,582.25,504.85,520.2,1.0000000000000003e-05,1,11
2026-05-02,US67066G1040,NVDA,2026-06-18,put,1620.0,828.0,732.85,752.0,1.0000000000000003e-05,,0
2026-05-02,US67066G1040,NVDA,2026-06-18,put,1640.0,758.2,766.85,780.45,1.0000000000000003e-05,12,12
2026-05-02,US67066G1040,NVDA,2026-06-18,put,1650.0,796.65,768.0,788.0,1.0000000000000003e-05,1,0
2026-05-02,US67066G1040,NVDA,2026-06-18,put,1660.0,636.53,549.0,565.3,1.0000000000000003e-05,12,12
2026-05-02,US67066G1040,NVDA,2026-06-18,put,1670.0,799.0,820.3,844.3,1.0000000000000003e-05,,0
2026-05-02,US67066G1040,NVDA,2026-06-18,put,1700.0,595.95,578.55,595.55,1.0000000000000003e-05,4,9
2026-05-02,US67066G1040,NVDA,2026-06-18,put,1710.0,639.06,586.85,603.45,1.0000000000000003e-05,54,58
2026-05-02,US67066G1040,NVDA,2026-06-18,put,1720.0,686.92,594.75,611.25,1.0000000000000003e-05,12,13
2026-05-02,US67066G1040,NVDA,2026-06-18,put,1730.0,839.5,848.0,866.0,1.0000000000000003e-05,1,1
2026-05-02,US67066G1040,NVDA,2026-06-18,put,1740.0,717.22,610.65,627.0,1.0000000000000003e-05,2,0
2026-05-02,US67066G1040,NVDA,2026-06-18,put,1750.0,671.57,618.6,635.15,1.0000000000000003e-05,54,52
2026-05-02,US67066G1040,NVDA,2026-06-18,put,1760.0,856.95,876.0,894.0,1.0000000000000003e-05,,1
2026-05-02,US67066G1040,NVDA,2026-06-18,put,1770.0,876.15,887.7,904.0,1.0000000000000003e-05,2,2
2026-05-02,US67066G1040,NVDA,2026-06-18,put,1780.0,777.03,642.3,659.15,1.0000000000000003e-05,,1
2026-05-02,US67066G1040,NVDA,2026-06-18,put,1790.0,946.18,866.25,884.0,1.0000000000000003e-05,6,0
2026-05-02,US67066G1040,NVDA,2026-06-18,put,1800.0,764.82,656.6,674.0,1.0000000000000003e-05,6,8
2026-05-02,US67066G1040,NVDA,2026-06-18,put,1840.0,805.6,690.2,707.8,1.0000000000000003e-05,4,0
2026-05-02,US67066G1040,NVDA,2026-06-18,put,1880.0,870.16,722.4,739.95,1.0000000000000003e-05,,1
2026-05-02,US67066G1040,NVDA,2026-06-18,put,1890.0,1044.79,960.0,980.0,1.0000000000000003e-05,,0
2026-05-02,US67066G1040,NVDA,2026-06-18,put,1900.0,756.63,738.65,754.25,1.0000000000000003e-05,4,4
2026-05-02,US67066G1040,NVDA,2026-06-18,put,1940.0,900.54,772.2,790.0,1.0000000000000003e-05,4,2
2026-05-02,US67066G1040,NVDA,2026-07-17,call,50.0,156.67,145.15,152.5,1.4121123144531251,3,106
2026-05-02,US67066G1040,NVDA,2026-07-17,call,55.0,151.95,140.2,147.55,1.342776723632812,5,49
2026-05-02,US67066G1040,NVDA,2026-07-17,call,60.0,154.17,135.25,142.6,1.2773473632812498,1,3
2026-05-02,US67066G1040,NVDA,2026-07-17,call,65.0,137.8,130.3,137.65,1.2158242333984375,2,71
2026-05-02,US67066G1040,NVDA,2026-07-17,call,70.0,107.86,125.35,132.75,1.1650432373046877,1,14
2026-05-02,US67066G1040,NVDA,2026-07-17,call,75.0,125.8,120.4,127.8,1.1079146166992189,1,8
2026-05-02,US67066G1040,NVDA,2026-07-17,call,80.0,130.48,115.45,122.85,1.0537156689453124,21,51
2026-05-02,US67066G1040,NVDA,2026-07-17,call,85.0,125.09,110.5,117.95,1.007329182128906,2,23
2026-05-02,US67066G1040,NVDA,2026-07-17,call,90.0,122.65,105.6,112.95,0.9565434033203124,1,39
2026-05-02,US67066G1040,NVDA,2026-07-17,call,95.0,104.31,100.65,108.05,0.9125985302734375,91,104
2026-05-02,US67066G1040,NVDA,2026-07-17,call,100.0,112.0,98.0,103.1,1.0241748010253908,4,422
2026-05-02,US67066G1040,NVDA,2026-07-17,call,105.0,95.97,92.8,96.25,0.8308122387695311,1,64
2026-05-02,US67066G1040,NVDA,2026-07-17,call,110.0,90.78,86.1,93.35,0.8059101440429688,22,412
2026-05-02,US67066G1040,NVDA,2026-07-17,call,115.0,85.15,83.2,86.45,0.7663597583007813,2,302
2026-05-02,US67066G1040,NVDA,2026-07-17,call,120.0,83.4,79.55,81.15,0.77148666015625,1,261
2026-05-02,US67066G1040,NVDA,2026-07-17,call,125.0,76.0,74.6,75.65,0.6980010668945313,18,399
2026-05-02,US67066G1040,NVDA,2026-07-17,call,130.0,70.52,69.85,70.7,0.6630893066406252,5,478
2026-05-02,US67066G1040,NVDA,2026-07-17,call,135.0,66.75,65.1,66.55,0.659183095703125,36,409
2026-05-02,US67066G1040,NVDA,2026-07-17,call,140.0,61.9,60.35,62.0,0.6345251391601563,18,1078
2026-05-02,US67066G1040,NVDA,2026-07-17,call,145.0,56.7,55.75,56.6,0.5855754333496093,52,5235
2026-05-02,US67066G1040,NVDA,2026-07-17,call,150.0,51.9,51.35,51.95,0.565556102294922,10,687
2026-05-02,US67066G1040,NVDA,2026-07-17,call,155.0,47.85,46.8,47.45,0.5421188366699221,147,499
2026-05-02,US67066G1040,NVDA,2026-07-17,call,160.0,43.63,42.0,43.55,0.5236864038085938,7,3153
2026-05-02,US67066G1040,NVDA,2026-07-17,call,165.0,38.7,37.7,38.85,0.5188646746826171,16,1254
2026-05-02,US67066G1040,NVDA,2026-07-17,call,170.0,34.47,33.5,34.7,0.4989063781738281,47,3245
2026-05-02,US67066G1040,NVDA,2026-07-17,call,175.0,30.3,30.0,31.05,0.4921315435791016,121,4848
2026-05-02,US67066G1040,NVDA,2026-07-17,call,180.0,26.87,26.6,26.85,0.4613701324462891,112,15233
2026-05-02,US67066G1040,NVDA,2026-07-17,call,185.0,23.35,23.15,23.5,0.45288633056640626,43,8950
2026-05-02,US67066G1040,NVDA,2026-07-17,call,190.0,20.0,19.95,20.15,0.4379939013671875,368,14277
2026-05-02,US67066G1040,NVDA,2026-07-17,call,195.0,17.1,17.05,17.2,0.4282283740234375,482,5482
2026-05-02,US67066G1040,NVDA,2026-07-17,call,200.0,14.5,14.45,14.6,0.421453539428711,6383,37464
2026-05-02,US67066G1040,NVDA,2026-07-17,call,205.0,12.3,12.15,12.35,0.41736422485351554,4728,7237
2026-05-02,US67066G1040,NVDA,2026-07-17,call,210.0,10.2,10.15,10.25,0.4105283557128906,1959,18241
2026-05-02,US67066G1040,NVDA,2026-07-17,call,215.0,8.4,8.3,8.5,0.4067442138671875,910,7142
2026-05-02,US67066G1040,NVDA,2026-07-17,call,220.0,7.0,6.9,7.0,0.40369248657226564,1796,32124
2026-05-02,US67066G1040,NVDA,2026-07-17,call,225.0,5.78,5.65,5.8,0.4035704174804688,550,9272
2026-05-02,US67066G1040,NVDA,2026-07-17,call,230.0,4.66,4.6,4.7,0.40064075927734377,1542,24738
2026-05-02,US67066G1040,NVDA,2026-07-17,call,235.0,3.85,3.75,3.9,0.4027159338378906,249,7315
2026-05-02,US67066G1040,NVDA,2026-07-17,call,240.0,3.1,3.05,3.15,0.401373173828125,1659,16450
2026-05-02,US67066G1040,NVDA,2026-07-17,call,245.0,2.55,2.5,2.58,0.40259386474609377,530,7004
2026-05-02,US67066G1040,NVDA,2026-07-17,call,250.0,2.07,2.04,2.08,0.4024717956542969,4680,16376
2026-05-02,US67066G1040,NVDA,2026-07-17,call,255.0,1.85,1.68,1.74,0.40650007568359375,120,3843
2026-05-02,US67066G1040,NVDA,2026-07-17,call,260.0,1.43,1.4,1.44,0.4094297338867187,407,7717
2026-05-02,US67066G1040,NVDA,2026-07-17,call,265.0,1.2,1.16,1.2,0.4128476684570312,234,2439
2026-05-02,US67066G1040,NVDA,2026-07-17,call,270.0,0.99,0.97,1.0,0.4162656030273437,204,4678
2026-05-02,US67066G1040,NVDA,2026-07-17,call,275.0,0.9,0.82,0.86,0.42200285034179685,221,2259
2026-05-02,US67066G1040,NVDA,2026-07-17,call,280.0,0.75,0.7,0.74,0.4274959594726563,236,8110
2026-05-02,US67066G1040,NVDA,2026-07-17,call,285.0,0.64,0.6,0.64,0.4331111376953125,37,309
2026-05-02,US67066G1040,NVDA,2026-07-17,call,290.0,0.56,0.52,0.56,0.43921459228515625,266,1757
2026-05-02,US67066G1040,NVDA,2026-07-17,call,295.0,0.47,0.45,0.49,0.44482977050781247,74,425
2026-05-02,US67066G1040,NVDA,2026-07-17,call,300.0,0.42,0.41,0.43,0.45044494873046875,5105,12823
2026-05-02,US67066G1040,NVDA,2026-07-17,call,310.0,0.34,0.31,0.33,0.46045461425781253,190,1709
2026-05-02,US67066G1040,NVDA,2026-07-17,call,320.0,0.27,0.24,0.26,0.47119669433593747,406,2024
2026-05-02,US67066G1040,NVDA,2026-07-17,call,330.0,0.22,0.19,0.21,0.48242705078125003,7,1750
2026-05-02,US67066G1040,NVDA,2026-07-17,call,340.0,0.19,0.16,0.2,0.5029346582031251,7,660
2026-05-02,US67066G1040,NVDA,2026-07-17,call,350.0,0.14,0.12,0.13,0.499028447265625,6981,8747
2026-05-02,US67066G1040,NVDA,2026-07-17,call,360.0,0.11,0.1,0.11,0.507817421875,339,2307
2026-05-02,US67066G1040,NVDA,2026-07-17,put,50.0,0.04,0.01,0.04,1.0312548437500002,8,974
2026-05-02,US67066G1040,NVDA,2026-07-17,put,55.0,0.05,0.01,0.11,1.05078599609375,4,120
2026-05-02,US67066G1040,NVDA,2026-07-17,put,60.0,0.07,0.02,0.12,0.99804689453125,6,52
2026-05-02,US67066G1040,NVDA,2026-07-17,put,65.0,0.06,0.03,0.13,0.9492192578124999,12,276
2026-05-02,US67066G1040,NVDA,2026-07-17,put,70.0,0.07,0.06,0.09,0.8828136718749999,317,1007
2026-05-02,US67066G1040,NVDA,2026-07-17,put,75.0,0.09,0.07,0.13,0.8535170898437501,3,858
2026-05-02,US67066G1040,NVDA,2026-07-17,put,80.0,0.11,0.09,0.1,0.7949239257812499,1,1081
2026-05-02,US67066G1040,NVDA,2026-07-17,put,85.0,0.12,0.1,0.11,0.7539087109375,2,888
2026-05-02,US67066G1040,NVDA,2026-07-17,put,90.0,0.15,0.12,0.14,0.725588681640625,2,1208
2026-05-02,US67066G1040,NVDA,2026-07-17,put,95.0,0.16,0.15,0.16,0.6953155468750001,1,10596
2026-05-02,US67066G1040,NVDA,2026-07-17,put,100.0,0.2,0.19,0.21,0.6728548339843752,5,5399
2026-05-02,US67066G1040,NVDA,2026-07-17,put,105.0,0.26,0.21,0.27,0.6455113574218749,2,6350
2026-05-02,US67066G1040,NVDA,2026-07-17,put,110.0,0.3,0.3,0.32,0.6259803027343751,39,1619
2026-05-02,US67066G1040,NVDA,2026-07-17,put,115.0,0.43,0.32,0.46,0.6049844189453126,1,3166
2026-05-02,US67066G1040,NVDA,2026-07-17,put,120.0,0.47,0.48,0.5,0.5852092260742188,51,3175
2026-05-02,US67066G1040,NVDA,2026-07-17,put,125.0,0.67,0.58,0.62,0.5637250659179689,195,10244
2026-05-02,US67066G1040,NVDA,2026-07-17,put,130.0,0.76,0.74,0.77,0.5459029785156251,25,19760
2026-05-02,US67066G1040,NVDA,2026-07-17,put,135.0,0.91,0.93,0.95,0.5278367529296876,25,6435
2026-05-02,US67066G1040,NVDA,2026-07-17,put,140.0,1.16,1.16,1.19,0.5109912182617188,127,21194
2026-05-02,US67066G1040,NVDA,2026-07-17,put,145.0,1.44,1.43,1.47,0.4950001672363281,80,15546
2026-05-02,US67066G1040,NVDA,2026-07-17,put,150.0,1.8,1.8,1.84,0.4801077380371094,252,24370
2026-05-02,US67066G1040,NVDA,2026-07-17,put,155.0,2.27,2.18,2.3,0.46594772338867196,278,17416
2026-05-02,US67066G1040,NVDA,2026-07-17,put,160.0,2.86,2.82,2.86,0.45203184692382814,249,27694
2026-05-02,US67066G1040,NVDA,2026-07-17,put,165.0,3.54,3.45,3.6,0.4412897668457031,237,16677
2026-05-02,US67066G1040,NVDA,2026-07-17,put,170.0,4.3,4.35,4.45,0.42896078857421877,706,20917
2026-05-02,US67066G1040,NVDA,2026-07-17,put,175.0,5.5,5.4,5.55,0.41992767578125,1873,20349
2026-05-02,US67066G1040,NVDA,2026-07-17,put,180.0,6.73,6.7,6.8,0.40918559570312496,1001,37042
2026-05-02,US67066G1040,NVDA,2026-07-17,put,185.0,7.91,8.2,8.35,0.40112903564453123,407,10883
2026-05-02,US67066G1040,NVDA,2026-07-17,put,190.0,9.8,9.95,10.15,0.3931945446777344,545,8501
2026-05-02,US67066G1040,NVDA,2026-07-17,put,195.0,12.1,12.0,12.2,0.38495488098144526,818,5536
2026-05-02,US67066G1040,NVDA,2026-07-17,put,200.0,14.5,14.45,14.6,0.3788514263916015,850,6144
2026-05-02,US67066G1040,NVDA,2026-07-17,put,205.0,17.1,17.05,17.3,0.37329728271484375,386,3836
2026-05-02,US67066G1040,NVDA,2026-07-17,put,210.0,20.05,20.05,20.25,0.36694968994140625,305,7421
2026-05-02,US67066G1040,NVDA,2026-07-17,put,215.0,23.75,23.0,23.55,0.3627993408203125,31,1158
2026-05-02,US67066G1040,NVDA,2026-07-17,put,220.0,26.75,26.7,27.1,0.35858795715332037,14,1972
2026-05-02,US67066G1040,NVDA,2026-07-17,put,225.0,29.95,30.15,30.9,0.35492588439941397,11,490
2026-05-02,US67066G1040,NVDA,2026-07-17,put,230.0,34.6,34.05,34.95,0.35278967529296873,1,1166
2026-05-02,US67066G1040,NVDA,2026-07-17,put,235.0,37.4,38.15,39.2,0.3518131225585937,15,762
2026-05-02,US67066G1040,NVDA,2026-07-17,put,240.0,33.65,42.5,43.55,0.34839518798828123,3,43
2026-05-02,US67066G1040,NVDA,2026-07-17,put,245.0,35.78,46.9,48.1,0.34888346435546874,26,117
2026-05-02,US67066G1040,NVDA,2026-07-17,put,250.0,52.1,51.5,52.65,0.34278000976562495,1,127
2026-05-02,US67066G1040,NVDA,2026-07-17,put,255.0,56.14,55.95,57.65,0.36438623901367195,30,63
2026-05-02,US67066G1040,NVDA,2026-07-17,put,260.0,50.7,60.65,62.45,0.36902486450195315,1,4
2026-05-02,US67066G1040,NVDA,2026-07-17,put,265.0,67.65,65.5,66.95,0.33423517333984376,,2
2026-05-02,US67066G1040,NVDA,2026-07-17,put,270.0,85.02,0.0,0.0,1.0000000000000003e-05,1,0
2026-05-02,US67066G1040,NVDA,2026-07-17,put,280.0,87.47,80.5,82.15,0.41211525390625,1,1
2026-05-02,US67066G1040,NVDA,2026-07-17,put,285.0,76.45,85.5,87.3,0.446294599609375,160,0
2026-05-02,US67066G1040,NVDA,2026-07-17,put,290.0,91.88,90.0,93.3,0.5498091894531252,1,0
2026-05-02,US67066G1040,NVDA,2026-07-17,put,295.0,85.29,95.0,98.3,0.5678754150390625,1,1
2026-05-02,US67066G1040,NVDA,2026-07-17,put,300.0,90.24,100.0,103.3,0.5854533642578125,1,1
2026-05-02,US67066G1040,NVDA,2026-07-17,put,310.0,128.34,120.9,124.25,1.0416307684326174,1,0
2026-05-02,US67066G1040,NVDA,2026-07-17,put,320.0,130.79,128.25,131.4,0.9808961871337891,24,0
2026-05-02,US67066G1040,NVDA,2026-07-17,put,330.0,139.98,138.35,141.35,1.0196582220458985,8,0
2026-05-02,US67066G1040,NVDA,2026-07-17,put,340.0,160.09,147.6,149.95,1.0116016217041015,,0
2026-05-02,US67066G1040,NVDA,2026-07-17,put,360.0,180.19,167.75,170.15,1.085636896057129,,0
2026-05-02,US67066G1040,NVDA,2026-08-21,call,5.0,210.97,190.45,196.45,0.500005,4,7
2026-05-02,US67066G1040,NVDA,2026-08-21,call,10.0,204.55,185.5,191.55,2.1093797265624996,4,42
2026-05-02,US67066G1040,NVDA,2026-08-21,call,15.0,185.44,180.55,186.6,1.9101566992187502,20,32
2026-05-02,US67066G1040,NVDA,2026-08-21,call,20.0,179.84,175.65,181.65,1.791016669921875,1,20
2026-05-02,US67066G1040,NVDA,2026-08-21,call,25.0,150.84,172.75,180.15,2.636233878173828,3,23
2026-05-02,US67066G1040,NVDA,2026-08-21,call,30.0,179.63,165.75,171.8,1.5664084179687499,1,46
2026-05-02,US67066G1040,NVDA,2026-08-21,call,35.0,177.21,160.85,166.85,1.482424462890625,8,102
2026-05-02,US67066G1040,NVDA,2026-08-21,call,40.0,171.42,155.9,161.95,1.4052764111328124,1,20
2026-05-02,US67066G1040,NVDA,2026-08-21,call,45.0,163.1,151.0,157.0,1.333499426269531,1,27
2026-05-02,US67066G1040,NVDA,2026-08-21,call,50.0,152.0,146.05,152.1,1.2675817871093749,10,124
2026-05-02,US67066G1040,NVDA,2026-08-21,call,55.0,156.6,141.15,147.15,1.2055703784179688,3,41
2026-05-02,US67066G1040,NVDA,2026-08-21,call,60.0,140.51,136.2,142.25,1.1474652001953123,1,110
2026-05-02,US67066G1040,NVDA,2026-08-21,call,65.0,135.94,131.3,137.3,1.0927779736328125,20,44
2026-05-02,US67066G1040,NVDA,2026-08-21,call,70.0,109.49,0.0,0.0,1.0000000000000003e-05,20,0
2026-05-02,US67066G1040,NVDA,2026-08-21,call,75.0,137.53,121.45,127.45,0.9914551635742188,2,19
2026-05-02,US67066G1040,NVDA,2026-08-21,call,80.0,132.4,116.55,122.6,0.9526371923828124,1,34
2026-05-02,US67066G1040,NVDA,2026-08-21,call,85.0,131.99,111.65,117.7,0.9101571484375,2,60
2026-05-02,US67066G1040,NVDA,2026-08-21,call,90.0,112.25,106.75,112.8,0.8688977954101562,2,233
2026-05-02,US67066G1040,NVDA,2026-08-21,call,95.0,116.15,103.35,106.6,0.840821904296875,2,107
2026-05-02,US67066G1040,NVDA,2026-08-21,call,100.0,100.0,98.9,101.7,0.8244646459960936,5,393
2026-05-02,US67066G1040,NVDA,2026-08-21,call,105.0,97.67,93.7,96.85,0.77148666015625,1,361
2026-05-02,US67066G1040,NVDA,2026-08-21,call,110.0,92.76,89.8,91.9,0.7731956274414062,1,184
2026-05-02,US67066G1040,NVDA,2026-08-21,call,115.0,87.07,85.0,86.05,0.6987334814453126,1,262
2026-05-02,US67066G1040,NVDA,2026-08-21,call,120.0,83.33,80.4,81.3,0.6781038049316408,51,654
2026-05-02,US67066G1040,NVDA,2026-08-21,call,125.0,79.12,75.5,76.6,0.6469761865234375,12,160
2026-05-02,US67066G1040,NVDA,2026-08-21,call,130.0,74.0,70.55,71.9,0.6138954626464845,1,510
2026-05-02,US67066G1040,NVDA,2026-08-21,call,135.0,66.85,66.35,67.25,0.6032754516601564,4,454
2026-05-02,US67066G1040,NVDA,2026-08-21,call,140.0,63.45,62.15,62.7,0.5910685424804689,17,523
2026-05-02,US67066G1040,NVDA,2026-08-21,call,145.0,57.9,57.65,58.2,0.5696454168701173,5,386
2026-05-02,US67066G1040,NVDA,2026-08-21,call,150.0,54.45,53.0,53.85,0.5462691857910158,20,3293
2026-05-02,US67066G1040,NVDA,2026-08-21,call,155.0,49.48,48.75,49.6,0.530400203857422,14,1001
2026-05-02,US67066G1040,NVDA,2026-08-21,call,160.0,44.9,44.25,45.7,0.5132494964599608,81,2142
2026-05-02,US67066G1040,NVDA,2026-08-21,call,165.0,42.07,40.7,41.7,0.5065967309570312,16,1862
2026-05-02,US67066G1040,NVDA,2026-08-21,call,170.0,37.3,36.8,37.8,0.5064136273193358,116,5336
2026-05-02,US67066G1040,NVDA,2026-08-21,call,175.0,34.3,33.1,34.05,0.4915211981201172,20,3287
2026-05-02,US67066G1040,NVDA,2026-08-21,call,180.0,29.95,29.75,30.4,0.4757132507324219,321,13861
2026-05-02,US67066G1040,NVDA,2026-08-21,call,185.0,26.98,26.45,27.2,0.4675651388549804,170,7061
2026-05-02,US67066G1040,NVDA,2026-08-21,call,190.0,24.0,23.4,23.75,0.4491632232666015,291,18880
2026-05-02,US67066G1040,NVDA,2026-08-21,call,195.0,21.0,20.6,21.1,0.44562321960449214,220,9901
2026-05-02,US67066G1040,NVDA,2026-08-21,call,200.0,18.25,18.05,18.2,0.4317073431396484,2025,15506
2026-05-02,US67066G1040,NVDA,2026-08-21,call,205.0,15.87,15.7,15.95,0.4282283740234375,430,7057
2026-05-02,US67066G1040,NVDA,2026-08-21,call,210.0,13.7,13.6,13.8,0.4224300921630859,1151,13166
2026-05-02,US67066G1040,NVDA,2026-08-21,call,215.0,11.9,11.75,11.85,0.4167538793945312,329,4765
2026-05-02,US67066G1040,NVDA,2026-08-21,call,220.0,10.21,10.05,10.25,0.41486180847167964,2355,15034
2026-05-02,US67066G1040,NVDA,2026-08-21,call,225.0,8.75,8.65,8.8,0.41235939208984373,447,6375
2026-05-02,US67066G1040,NVDA,2026-08-21,call,230.0,7.5,7.4,7.55,0.41083352844238286,2251,10758
2026-05-02,US67066G1040,NVDA,2026-08-21,call,235.0,6.43,6.3,6.5,0.41071145935058595,504,2447
2026-05-02,US67066G1040,NVDA,2026-08-21,call,240.0,5.55,5.35,5.45,0.4067442138671875,2490,17961
2026-05-02,US67066G1040,NVDA,2026-08-21,call,245.0,4.7,4.55,4.75,0.4096738720703125,141,1392
2026-05-02,US67066G1040,NVDA,2026-08-21,call,250.0,3.97,3.9,4.05,0.4094297338867187,518,13405
2026-05-02,US67066G1040,NVDA,2026-08-21,call,255.0,3.35,3.3,3.4,0.40759869750976563,113,3297
2026-05-02,US67066G1040,NVDA,2026-08-21,call,260.0,2.89,2.83,2.93,0.4093686993408203,725,3121
2026-05-02,US67066G1040,NVDA,2026-08-21,call,265.0,2.6,2.42,2.52,0.41095559753417965,297,1911
2026-05-02,US67066G1040,NVDA,2026-08-21,call,270.0,2.18,2.08,2.16,0.41223732299804683,293,4030
2026-05-02,US67066G1040,NVDA,2026-08-21,call,275.0,1.92,1.74,1.94,0.4182187084960937,135,645
2026-05-02,US67066G1040,NVDA,2026-08-21,call,280.0,1.69,1.55,1.61,0.4161435339355468,53,1442
2026-05-02,US67066G1040,NVDA,2026-08-21,call,285.0,1.45,1.27,1.48,0.42383388671875,63,382
2026-05-02,US67066G1040,NVDA,2026-08-21,call,290.0,1.23,1.18,1.23,0.42212491943359376,19,1802
2026-05-02,US67066G1040,NVDA,2026-08-21,call,295.0,1.05,1.0,1.13,0.42896078857421877,90,216
2026-05-02,US67066G1040,NVDA,2026-08-21,call,300.0,0.94,0.91,0.95,0.4282283740234375,337,4182
2026-05-02,US67066G1040,NVDA,2026-08-21,call,310.0,0.82,0.72,0.76,0.436529072265625,4,2955
2026-05-02,US67066G1040,NVDA,2026-08-21,call,320.0,0.6,0.53,0.67,0.45093322509765627,21,496
2026-05-02,US67066G1040,NVDA,2026-08-21,call,330.0,0.54,0.47,0.54,0.4577690942382813,8,407
2026-05-02,US67066G1040,NVDA,2026-08-21,call,340.0,0.41,0.36,0.46,0.467778759765625,2,574
2026-05-02,US67066G1040,NVDA,2026-08-21,call,350.0,0.35,0.32,0.36,0.47119669433593747,19,724
2026-05-02,US67066G1040,NVDA,2026-08-21,call,360.0,0.28,0.26,0.3,0.47852083984375,5,3297
2026-05-02,US67066G1040,NVDA,2026-08-21,call,370.0,0.23,0.2,0.26,0.48730981445312505,2,771
2026-05-02,US67066G1040,NVDA,2026-08-21,call,380.0,0.22,0.19,0.22,0.49414568359375005,22,868
2026-05-02,US67066G1040,NVDA,2026-08-21,call,390.0,0.18,0.15,0.19,0.5019581054687501,13,1026
2026-05-02,US67066G1040,NVDA,2026-08-21,call,400.0,0.15,0.14,0.16,0.5034229345703125,12,1706
2026-05-02,US67066G1040,NVDA,2026-08-21,call,410.0,0.14,0.11,0.14,0.507817421875,2,791
2026-05-02,US67066G1040,NVDA,2026-08-21,call,420.0,0.12,0.1,0.12,0.51562984375,994,6807
2026-05-02,US67066G1040,NVDA,2026-08-21,put,5.0,0.01,0.0,0.0,0.500005,10,0
2026-05-02,US67066G1040,NVDA,2026-08-21,put,10.0,0.01,0.0,0.01,1.625001875,50,72
2026-05-02,US67066G1040,NVDA,2026-08-21,put,15.0,0.01,0.0,0.02,1.5000025,1,128
2026-05-02,US67066G1040,NVDA,2026-08-21,put,20.0,0.01,0.01,0.04,1.4296903515625,5,3
2026-05-02,US67066G1040,NVDA,2026-08-21,put,25.0,0.01,0.0,0.03,1.2343788281249999,240,2049
2026-05-02,US67066G1040,NVDA,2026-08-21,put,30.0,0.01,0.0,0.03,1.125004375,481,543
2026-05-02,US67066G1040,NVDA,2026-08-21,put,35.0,0.01,0.01,0.04,1.0781296093750001,480,2436
2026-05-02,US67066G1040,NVDA,2026-08-21,put,40.0,0.01,0.01,0.05,1.01172369140625,240,396
2026-05-02,US67066G1040,NVDA,2026-08-21,put,45.0,0.03,0.03,0.06,0.9765627343750001,3,705
2026-05-02,US67066G1040,NVDA,2026-08-21,put,50.0,0.04,0.04,0.07,0.9257819921875,23,230
2026-05-02,US67066G1040,NVDA,2026-08-21,put,55.0,0.05,0.02,0.13,0.89257919921875,8,226
2026-05-02,US67066G1040,NVDA,2026-08-21,put,60.0,0.11,0.07,0.15,0.8710950390625,13,1211
2026-05-02,US67066G1040,NVDA,2026-08-21,put,65.0,0.09,0.04,0.15,0.8007832421875,20,496
2026-05-02,US67066G1040,NVDA,2026-08-21,put,70.0,0.13,0.11,0.12,0.7675804492187501,10,1390
2026-05-02,US67066G1040,NVDA,2026-08-21,put,75.0,0.14,0.1,0.2,0.743166630859375,13,308
2026-05-02,US67066G1040,NVDA,2026-08-21,put,80.0,0.17,0.16,0.18,0.708010732421875,1,1811
2026-05-02,US67066G1040,NVDA,2026-08-21,put,85.0,0.25,0.15,0.22,0.6718782812500002,1,562
2026-05-02,US67066G1040,NVDA,2026-08-21,put,90.0,0.28,0.23,0.28,0.6577182666015625,53,885
2026-05-02,US67066G1040,NVDA,2026-08-21,put,95.0,0.34,0.29,0.35,0.6367223828125,60,666
2026-05-02,US67066G1040,NVDA,2026-08-21,put,100.0,0.4,0.38,0.42,0.6171913281250001,1,6065
2026-05-02,US67066G1040,NVDA,2026-08-21,put,105.0,0.55,0.48,0.51,0.5981485498046876,6,3678
2026-05-02,US67066G1040,NVDA,2026-08-21,put,110.0,0.59,0.59,0.63,0.5795940478515625,15,2637
2026-05-02,US67066G1040,NVDA,2026-08-21,put,115.0,0.73,0.74,0.77,0.5629926513671876,28,7156
2026-05-02,US67066G1040,NVDA,2026-08-21,put,120.0,0.95,0.91,0.94,0.5459029785156251,9,6292
2026-05-02,US67066G1040,NVDA,2026-08-21,put,125.0,1.14,1.11,1.15,0.5297898583984376,9,13207
2026-05-02,US67066G1040,NVDA,2026-08-21,put,130.0,1.37,1.36,1.41,0.5148974291992188,4,11373
2026-05-02,US67066G1040,NVDA,2026-08-21,put,135.0,1.75,1.66,1.72,0.5004932763671875,268,7455
2026-05-02,US67066G1040,NVDA,2026-08-21,put,140.0,2.01,2.04,2.1,0.489384989013672,227,18220
2026-05-02,US67066G1040,NVDA,2026-08-21,put,145.0,2.48,2.49,2.56,0.47681187255859375,224,6001
2026-05-02,US67066G1040,NVDA,2026-08-21,put,150.0,3.0,3.0,3.1,0.4643608251953125,742,16627
2026-05-02,US67066G1040,NVDA,2026-08-21,put,155.0,3.62,3.65,3.75,0.4527642614746094,731,13449
2026-05-02,US67066G1040,NVDA,2026-08-21,put,160.0,4.48,4.4,4.55,0.44287666503906253,2806,15181
2026-05-02,US67066G1040,NVDA,2026-08-21,put,165.0,5.4,5.35,5.5,0.4337214831542969,377,10904
2026-05-02,US67066G1040,NVDA,2026-08-21,put,170.0,6.4,6.45,6.55,0.42310147216796873,517,12014
2026-05-02,US67066G1040,NVDA,2026-08-21,put,175.0,7.72,7.65,7.85,0.41528905029296875,322,11840
2026-05-02,US67066G1040,NVDA,2026-08-21,put,180.0,9.2,9.15,9.35,0.407934387512207,1721,19416
2026-05-02,US67066G1040,NVDA,2026-08-21,put,185.0,10.85,10.85,11.0,0.39942006835937505,243,7064
2026-05-02,US67066G1040,NVDA,2026-08-21,put,190.0,12.95,12.7,12.9,0.392034888305664,375,5728
2026-05-02,US67066G1040,NVDA,2026-08-21,put,195.0,14.9,14.9,15.05,0.3853821228027343,562,4613
2026-05-02,US67066G1040,NVDA,2026-08-21,put,200.0,17.4,17.2,17.45,0.3792786682128906,856,7481
2026-05-02,US67066G1040,NVDA,2026-08-21,put,205.0,19.48,19.9,20.1,0.3736024554443359,1414,2724
2026-05-02,US67066G1040,NVDA,2026-08-21,put,210.0,22.85,22.8,23.25,0.3742128009033203,41,4423
2026-05-02,US67066G1040,NVDA,2026-08-21,put,215.0,25.95,25.9,26.2,0.36499658447265626,53,811
2026-05-02,US67066G1040,NVDA,2026-08-21,put,220.0,28.91,28.9,29.6,0.36121244262695307,56,2400
2026-05-02,US67066G1040,NVDA,2026-08-21,put,225.0,32.65,32.45,33.15,0.3561465753173828,3,1768
2026-05-02,US67066G1040,NVDA,2026-08-21,put,230.0,35.6,36.15,36.95,0.352545537109375,74,719
2026-05-02,US67066G1040,NVDA,2026-08-21,put,235.0,39.0,40.05,40.95,0.34979898254394526,3,55
2026-05-02,US67066G1040,NVDA,2026-08-21,put,240.0,45.05,44.2,45.0,0.3435124243164062,15,1310
2026-05-02,US67066G1040,NVDA,2026-08-21,put,245.0,44.92,48.3,49.3,0.34076586975097656,2,21
2026-05-02,US67066G1040,NVDA,2026-08-21,put,250.0,52.71,52.6,53.85,0.3435734588623046,50,41
2026-05-02,US67066G1040,NVDA,2026-08-21,put,255.0,44.52,57.0,58.4,0.3428410443115234,37,156
2026-05-02,US67066G1040,NVDA,2026-08-21,put,260.0,61.45,61.55,63.05,0.34326828613281246,1,73
2026-05-02,US67066G1040,NVDA,2026-08-21,put,265.0,57.45,66.0,67.95,0.3549869189453124,5,5
2026-05-02,US67066G1040,NVDA,2026-08-21,put,270.0,57.54,70.7,72.7,0.35596347167968745,36,32
2026-05-02,US67066G1040,NVDA,2026-08-21,put,280.0,80.75,80.3,82.7,0.38733522827148437,3,3
2026-05-02,US67066G1040,NVDA,2026-08-21,put,285.0,84.4,85.2,87.35,0.37476211181640623,6,0
2026-05-02,US67066G1040,NVDA,2026-08-21,put,290.0,91.92,90.25,92.3,0.3842835009765625,5,0
2026-05-02,US67066G1040,NVDA,2026-08-21,put,295.0,96.9,95.25,97.3,0.39771110107421875,5,0
2026-05-02,US67066G1040,NVDA,2026-08-21,put,300.0,91.35,100.25,102.5,0.42896078857421877,1,1
2026-05-02,US67066G1040,NVDA,2026-08-21,put,310.0,121.86,119.5,120.4,0.7844259838867188,3,0
2026-05-02,US67066G1040,NVDA,2026-08-21,put,320.0,131.38,135.3,139.95,1.03790764251709,8,0
2026-05-02,US67066G1040,NVDA,2026-08-21,put,330.0,138.11,137.4,140.5,0.815431533203125,48,0
2026-05-02,US67066G1040,NVDA,2026-08-21,put,340.0,152.18,147.45,150.4,0.8440567352294921,18,0
2026-05-02,US67066G1040,NVDA,2026-08-21,put,350.0,140.35,166.65,170.55,1.16153373336792,9,0
2026-05-02,US67066G1040,NVDA,2026-08-21,put,360.0,149.7,176.65,180.55,1.19141029296875,8,0
2026-05-02,US67066G1040,NVDA,2026-08-21,put,400.0,217.3,0.0,0.0,1.0000000000000003e-05,,0
2026-05-02,US67066G1040,NVDA,2026-08-21,put,410.0,227.21,0.0,0.0,1.0000000000000003e-05,,0
2026-05-02,US67066G1040,NVDA,2026-08-21,put,420.0,229.0,230.7,234.35,1.167362561645508,,0
2026-05-02,US67066G1040,NVDA,2026-09-18,call,5.0,193.67,189.75,197.65,2.8066436083984376,1,1176
2026-05-02,US67066G1040,NVDA,2026-09-18,call,10.0,188.72,185.45,191.65,1.9492190039062502,2,19
2026-05-02,US67066G1040,NVDA,2026-09-18,call,15.0,157.53,182.4,189.95,2.9736353784179688,35,85
2026-05-02,US67066G1040,NVDA,2026-09-18,call,20.0,179.3,175.55,181.85,1.650392373046875,10,69
2026-05-02,US67066G1040,NVDA,2026-09-18,call,25.0,183.53,170.05,178.0,1.6806656591796876,3,933
2026-05-02,US67066G1040,NVDA,2026-09-18,call,30.0,171.27,165.7,172.0,1.4443387158203125,2,108
2026-05-02,US67066G1040,NVDA,2026-09-18,call,35.0,144.84,162.75,170.4,1.9719239685058594,1,28
2026-05-02,US67066G1040,NVDA,2026-09-18,call,40.0,161.23,155.9,162.15,1.2949254003906248,1,268
2026-05-02,US67066G1040,NVDA,2026-09-18,call,45.0,167.0,151.0,157.25,1.2329139916992187,1,76
2026-05-02,US67066G1040,NVDA,2026-09-18,call,50.0,152.92,146.1,152.35,1.175297092285156,3,165
2026-05-02,US67066G1040,NVDA,2026-09-18,call,55.0,145.55,141.2,147.45,1.1206098657226562,2,62
2026-05-02,US67066G1040,NVDA,2026-09-18,call,60.0,152.26,136.3,142.55,1.0690964514160157,3,184
2026-05-02,US67066G1040,NVDA,2026-09-18,call,65.0,136.59,131.4,137.65,1.0202685705566408,1,282
2026-05-02,US67066G1040,NVDA,2026-09-18,call,70.0,130.99,126.5,132.75,0.973633076171875,2,329
2026-05-02,US67066G1040,NVDA,2026-09-18,call,75.0,121.34,121.65,127.9,0.9362799340820311,2,106
2026-05-02,US67066G1040,NVDA,2026-09-18,call,80.0,122.6,116.75,123.05,0.896241271972656,4,258
2026-05-02,US67066G1040,NVDA,2026-09-18,call,85.0,129.48,113.6,119.25,0.993286199951172,1,738
2026-05-02,US67066G1040,NVDA,2026-09-18,call,90.0,113.6,108.9,111.85,0.8422867333984375,3,1267
2026-05-02,US67066G1040,NVDA,2026-09-18,call,95.0,119.62,104.05,109.6,0.9096688720703124,5,750
2026-05-02,US67066G1040,NVDA,2026-09-18,call,100.0,101.97,100.0,102.2,0.8037129003906249,10,2567
2026-05-02,US67066G1040,NVDA,2026-09-18,call,105.0,98.8,95.1,97.4,0.7661156201171876,10,1562
2026-05-02,US67066G1040,NVDA,2026-09-18,call,110.0,92.55,90.35,92.6,0.73437765625,25,1646
2026-05-02,US67066G1040,NVDA,2026-09-18,call,115.0,99.13,85.65,87.9,0.7071562487792968,1,2652
2026-05-02,US67066G1040,NVDA,2026-09-18,call,120.0,83.25,81.15,83.05,0.6807282904052736,9,2912
2026-05-02,US67066G1040,NVDA,2026-09-18,call,125.0,78.54,76.4,78.5,0.6549106774902345,10,5156
2026-05-02,US67066G1040,NVDA,2026-09-18,call,130.0,73.37,72.25,73.4,0.6295203063964845,2,4780
2026-05-02,US67066G1040,NVDA,2026-09-18,call,135.0,68.63,67.8,68.65,0.6043130389404299,4,2474
2026-05-02,US67066G1040,NVDA,2026-09-18,call,140.0,64.7,63.3,64.75,0.5939982006835938,12,14089
2026-05-02,US67066G1040,NVDA,2026-09-18,call,145.0,60.0,59.1,60.2,0.5742230078125,20,2851
2026-05-02,US67066G1040,NVDA,2026-09-18,call,150.0,56.0,54.7,56.0,0.5551802294921876,18,24375
2026-05-02,US67066G1040,NVDA,2026-09-18,call,155.0,51.68,50.7,51.75,0.5397384893798829,17,5632
2026-05-02,US67066G1040,NVDA,2026-09-18,call,160.0,46.96,46.65,47.7,0.5240526110839843,98,4391
2026-05-02,US67066G1040,NVDA,2026-09-18,call,165.0,43.15,42.55,43.85,0.5079394909667969,102,8416
2026-05-02,US67066G1040,NVDA,2026-09-18,call,170.0,40.3,39.2,40.1,0.5002491381835938,95,9514
2026-05-02,US67066G1040,NVDA,2026-09-18,call,175.0,36.8,35.7,36.5,0.4986622399902344,148,9769
2026-05-02,US67066G1040,NVDA,2026-09-18,call,180.0,32.65,32.35,33.1,0.4874929180908204,364,16205
2026-05-02,US67066G1040,NVDA,2026-09-18,call,185.0,29.6,29.2,29.85,0.476567734375,330,16401
2026-05-02,US67066G1040,NVDA,2026-09-18,call,190.0,26.7,25.85,26.7,0.4646049633789063,154,27520
2026-05-02,US67066G1040,NVDA,2026-09-18,call,195.0,23.7,23.5,24.0,0.4588677160644532,67,10303
2026-05-02,US67066G1040,NVDA,2026-09-18,call,200.0,21.15,21.0,21.3,0.44968201690673826,974,29115
2026-05-02,US67066G1040,NVDA,2026-09-18,call,205.0,18.93,18.7,19.0,0.4451959777832031,445,5334
2026-05-02,US67066G1040,NVDA,2026-09-18,call,210.0,16.66,16.55,16.8,0.43933666137695315,1208,24043
2026-05-02,US67066G1040,NVDA,2026-09-18,call,215.0,14.8,14.6,14.85,0.435125277709961,182,6017
2026-05-02,US67066G1040,NVDA,2026-09-18,call,220.0,12.93,12.9,13.1,0.4317073431396484,910,26223
2026-05-02,US67066G1040,NVDA,2026-09-18,call,225.0,11.9,11.35,11.5,0.42816733947753904,728,9113
2026-05-02,US67066G1040,NVDA,2026-09-18,call,230.0,10.0,9.9,10.1,0.42578699218750005,883,15084
2026-05-02,US67066G1040,NVDA,2026-09-18,call,235.0,9.18,8.7,8.95,0.4260311303710938,325,3742
2026-05-02,US67066G1040,NVDA,2026-09-18,call,240.0,7.75,7.65,7.75,0.4221859539794922,536,37825
2026-05-02,US67066G1040,NVDA,2026-09-18,call,245.0,7.06,6.65,6.85,0.4227962994384765,204,2759
2026-05-02,US67066G1040,NVDA,2026-09-18,call,250.0,5.88,5.8,5.95,0.42078215942382813,2043,18863
2026-05-02,US67066G1040,NVDA,2026-09-18,call,255.0,5.4,5.1,5.3,0.42307095489501956,175,3993
2026-05-02,US67066G1040,NVDA,2026-09-18,call,260.0,4.5,4.45,4.55,0.4200497448730469,239,8698
2026-05-02,US67066G1040,NVDA,2026-09-18,call,265.0,4.1,3.9,4.05,0.42236905761718746,115,4049
2026-05-02,US67066G1040,NVDA,2026-09-18,call,270.0,3.65,3.4,3.55,0.4226742303466796,247,10750
2026-05-02,US67066G1040,NVDA,2026-09-18,call,275.0,3.1,3.0,3.15,0.42456630126953127,614,3284
2026-05-02,US67066G1040,NVDA,2026-09-18,call,280.0,2.75,2.59,2.83,0.42774009765625004,71,6923
2026-05-02,US67066G1040,NVDA,2026-09-18,call,285.0,2.43,2.29,2.5,0.42896078857421877,94,455
2026-05-02,US67066G1040,NVDA,2026-09-18,call,290.0,2.19,2.07,2.15,0.42737389038085943,32,9131
2026-05-02,US67066G1040,NVDA,2026-09-18,call,295.0,2.14,1.8,1.97,0.4322566540527344,44,908
2026-05-02,US67066G1040,NVDA,2026-09-18,call,300.0,1.7,1.63,1.69,0.43054768676757815,126,9106
2026-05-02,US67066G1040,NVDA,2026-09-18,call,310.0,1.35,1.3,1.35,0.4348201049804688,9,1488
2026-05-02,US67066G1040,NVDA,2026-09-18,call,320.0,1.09,1.04,1.08,0.43897045410156255,103,3014
2026-05-02,US67066G1040,NVDA,2026-09-18,call,330.0,0.88,0.85,0.9,0.4458063232421875,83,2324
2026-05-02,US67066G1040,NVDA,2026-09-18,call,340.0,0.77,0.7,0.74,0.45093322509765627,22,1348
2026-05-02,US67066G1040,NVDA,2026-09-18,call,350.0,0.62,0.58,0.62,0.45691461059570315,79,9793
2026-05-02,US67066G1040,NVDA,2026-09-18,call,360.0,0.56,0.48,0.53,0.463872548828125,3,3064
2026-05-02,US67066G1040,NVDA,2026-09-18,call,370.0,0.43,0.34,0.47,0.4726615234375,10,313
2026-05-02,US67066G1040,NVDA,2026-09-18,call,380.0,0.38,0.35,0.39,0.47632359619140624,25,981
2026-05-02,US67066G1040,NVDA,2026-09-18,call,390.0,0.34,0.3,0.33,0.4809622216796875,3,5076
2026-05-02,US67066G1040,NVDA,2026-09-18,call,400.0,0.28,0.25,0.28,0.485356708984375,29,10748
2026-05-02,US67066G1040,NVDA,2026-09-18,call,410.0,0.25,0.22,0.26,0.495122236328125,4,5404
2026-05-02,US67066G1040,NVDA,2026-09-18,call,420.0,0.22,0.2,0.22,0.4985401708984375,57,8627
2026-05-02,US67066G1040,NVDA,2026-09-18,put,5.0,0.01,0.0,0.01,1.8125009374999999,5,1952
2026-05-02,US67066G1040,NVDA,2026-09-18,put,10.0,0.01,0.0,0.03,1.609376953125,1,970
2026-05-02,US67066G1040,NVDA,2026-09-18,put,15.0,0.01,0.0,0.02,1.3281283593749997,1,487
2026-05-02,US67066G1040,NVDA,2026-09-18,put,20.0,0.01,0.0,0.03,1.21875390625,1,594
2026-05-02,US67066G1040,NVDA,2026-09-18,put,25.0,0.07,0.0,0.03,1.09375453125,1,3352
2026-05-02,US67066G1040,NVDA,2026-09-18,put,30.0,0.03,0.0,0.04,1.0312548437500002,1,630
2026-05-02,US67066G1040,NVDA,2026-09-18,put,35.0,0.02,0.01,0.05,0.9765627343750001,9,2965
2026-05-02,US67066G1040,NVDA,2026-09-18,put,40.0,0.04,0.03,0.04,0.9179695703125,2,3155
2026-05-02,US67066G1040,NVDA,2026-09-18,put,45.0,0.05,0.02,0.1,0.8984385156249999,2,926
2026-05-02,US67066G1040,NVDA,2026-09-18,put,50.0,0.11,0.06,0.14,0.88476677734375,11,2145
2026-05-02,US67066G1040,NVDA,2026-09-18,put,55.0,0.09,0.08,0.11,0.8203142968749999,1,898
2026-05-02,US67066G1040,NVDA,2026-09-18,put,60.0,0.11,0.1,0.12,0.77929908203125,1,2034
2026-05-02,US67066G1040,NVDA,2026-09-18,put,65.0,0.14,0.13,0.17,0.7568383691406251,1,1245
2026-05-02,US67066G1040,NVDA,2026-09-18,put,70.0,0.16,0.16,0.18,0.72070591796875,2,2307
2026-05-02,US67066G1040,NVDA,2026-09-18,put,75.0,0.2,0.14,0.28,0.694338994140625,1,1283
2026-05-02,US67066G1040,NVDA,2026-09-18,put,80.0,0.28,0.25,0.27,0.6704134521484376,13,3598
2026-05-02,US67066G1040,NVDA,2026-09-18,put,85.0,0.33,0.29,0.36,0.649417568359375,4,5107
2026-05-02,US67066G1040,NVDA,2026-09-18,put,90.0,0.4,0.38,0.42,0.6284216845703126,200,10042
2026-05-02,US67066G1040,NVDA,2026-09-18,put,95.0,0.52,0.44,0.59,0.6137733935546876,1,13356
2026-05-02,US67066G1040,NVDA,2026-09-18,put,100.0,0.64,0.6,0.64,0.5937540625000001,2,16400
2026-05-02,US67066G1040,NVDA,2026-09-18,put,105.0,0.79,0.75,0.79,0.57812921875,5,8014
2026-05-02,US67066G1040,NVDA,2026-09-18,put,110.0,0.96,0.92,0.96,0.5620160986328125,152,14263
2026-05-02,US67066G1040,NVDA,2026-09-18,put,115.0,1.15,1.1,1.2,0.5472457385253908,7,6063
2026-05-02,US67066G1040,NVDA,2026-09-18,put,120.0,1.37,1.38,1.43,0.5334519311523438,19,42175
2026-05-02,US67066G1040,NVDA,2026-09-18,put,125.0,1.71,1.64,1.76,0.5197801928710937,16,26594
2026-05-02,US67066G1040,NVDA,2026-09-18,put,130.0,2.07,2.04,2.08,0.5072070764160157,20,30326
2026-05-02,US67066G1040,NVDA,2026-09-18,put,135.0,2.43,2.38,2.54,0.4981739636230469,81,17951
2026-05-02,US67066G1040,NVDA,2026-09-18,put,140.0,2.94,2.93,3.05,0.4866994689941406,26,33775
2026-05-02,US67066G1040,NVDA,2026-09-18,put,145.0,3.48,3.5,3.6,0.47376014526367194,304,24654
2026-05-02,US67066G1040,NVDA,2026-09-18,put,150.0,4.14,4.2,4.3,0.46362841064453125,290,39299
2026-05-02,US67066G1040,NVDA,2026-09-18,put,155.0,5.02,4.95,5.1,0.4534966760253906,359,17750
2026-05-02,US67066G1040,NVDA,2026-09-18,put,160.0,5.9,5.9,6.1,0.44611149597167965,277,29543
2026-05-02,US67066G1040,NVDA,2026-09-18,put,165.0,7.19,6.9,7.15,0.4363459686279296,135,15118
2026-05-02,US67066G1040,NVDA,2026-09-18,put,170.0,8.25,8.25,8.4,0.42828940856933595,175,25479
2026-05-02,US67066G1040,NVDA,2026-09-18,put,175.0,9.6,9.65,9.85,0.42139250488281255,2079,23561
2026-05-02,US67066G1040,NVDA,2026-09-18,put,180.0,11.3,11.25,11.45,0.414068359375,285,20856
2026-05-02,US67066G1040,NVDA,2026-09-18,put,185.0,12.95,13.0,13.2,0.40619490295410154,77,14513
2026-05-02,US67066G1040,NVDA,2026-09-18,put,190.0,15.25,15.0,15.2,0.39978627563476565,45,9131
2026-05-02,US67066G1040,NVDA,2026-09-18,put,195.0,16.95,17.05,17.4,0.39349971740722656,50,6697
2026-05-02,US67066G1040,NVDA,2026-09-18,put,200.0,19.8,19.65,19.85,0.3883422982788086,128,15082
2026-05-02,US67066G1040,NVDA,2026-09-18,put,205.0,22.32,22.25,22.55,0.3841614318847656,372,2189
2026-05-02,US67066G1040,NVDA,2026-09-18,put,210.0,25.15,25.1,25.35,0.3779969427490234,26,6229
2026-05-02,US67066G1040,NVDA,2026-09-18,put,215.0,28.0,28.15,28.4,0.3729005581665039,2,746
2026-05-02,US67066G1040,NVDA,2026-09-18,put,220.0,31.65,31.15,31.9,0.3733888345336914,26,4242
2026-05-02,US67066G1040,NVDA,2026-09-18,put,225.0,34.36,34.5,35.25,0.36676658630371095,72,302
2026-05-02,US67066G1040,NVDA,2026-09-18,put,230.0,38.1,38.1,39.1,0.3676821044921875,6,713
2026-05-02,US67066G1040,NVDA,2026-09-18,put,235.0,40.52,41.85,42.6,0.35629916168212883,984,1094
2026-05-02,US67066G1040,NVDA,2026-09-18,put,240.0,45.52,45.8,46.95,0.36273830627441406,19,1314
2026-05-02,US67066G1040,NVDA,2026-09-18,put,245.0,49.06,49.75,50.75,0.3507755352783203,2,37
2026-05-02,US67066G1040,NVDA,2026-09-18,put,250.0,54.0,53.9,55.0,0.3476017388916015,3,774
2026-05-02,US67066G1040,NVDA,2026-09-18,put,255.0,57.0,58.15,59.4,0.3458317370605468,8,40
2026-05-02,US67066G1040,NVDA,2026-09-18,put,260.0,53.5,62.55,63.9,0.34442794250488284,2,57
2026-05-02,US67066G1040,NVDA,2026-09-18,put,265.0,58.3,67.0,68.45,0.34180345703125,35,66
2026-05-02,US67066G1040,NVDA,2026-09-18,put,270.0,62.65,71.55,73.1,0.3404606970214844,25,72
2026-05-02,US67066G1040,NVDA,2026-09-18,put,280.0,73.07,80.65,82.8,0.3526676062011719,71,464
2026-05-02,US67066G1040,NVDA,2026-09-18,put,285.0,77.0,85.35,87.65,0.3566958862304687,2,1
2026-05-02,US67066G1040,NVDA,2026-09-18,put,290.0,91.87,90.25,92.5,0.35938140625,2,0
2026-05-02,US67066G1040,NVDA,2026-09-18,put,295.0,94.95,95.25,97.4,0.36414210083007814,1,0
2026-05-02,US67066G1040,NVDA,2026-09-18,put,300.0,90.3,100.25,102.35,0.372076591796875,2,2
2026-05-02,US67066G1040,NVDA,2026-09-18,put,310.0,99.85,110.2,112.4,0.3991759301757813,1,0
2026-05-02,US67066G1040,NVDA,2026-09-18,put,320.0,138.61,0.0,0.0,1.0000000000000003e-05,14,0
2026-05-02,US67066G1040,NVDA,2026-09-18,put,330.0,149.06,0.0,0.0,1.0000000000000003e-05,4,0
2026-05-02,US67066G1040,NVDA,2026-09-18,put,340.0,154.59,150.75,154.3,0.8586134744262696,3,0
2026-05-02,US67066G1040,NVDA,2026-09-18,put,350.0,162.89,167.85,171.85,1.0685166203308107,8,0
2026-05-02,US67066G1040,NVDA,2026-09-18,put,360.0,175.99,0.0,0.0,1.0000000000000003e-05,2,0
2026-05-02,US67066G1040,NVDA,2026-09-18,put,370.0,186.0,0.0,0.0,1.0000000000000003e-05,,0
2026-05-02,US67066G1040,NVDA,2026-09-18,put,400.0,215.09,0.0,0.0,1.0000000000000003e-05,2,0
2026-05-02,US67066G1040,NVDA,2026-09-18,put,410.0,225.11,0.0,0.0,1.0000000000000003e-05,,0
2026-05-02,US67066G1040,NVDA,2026-09-18,put,420.0,229.0,230.75,234.35,1.0449266503906252,,0
2026-05-02,US67066G1040,NVDA,2026-10-16,call,10.0,166.9,184.55,192.6,1.8281258593749998,3,3
2026-05-02,US67066G1040,NVDA,2026-10-16,call,15.0,185.73,179.65,187.65,1.65625171875,1,3
2026-05-02,US67066G1040,NVDA,2026-10-16,call,20.0,188.55,174.75,182.75,1.5459007080078124,10,10
2026-05-02,US67066G1040,NVDA,2026-10-16,call,25.0,159.8,172.9,180.3,2.180424470825195,1,1
2026-05-02,US67066G1040,NVDA,2026-10-16,call,40.0,171.72,155.15,163.2,1.2280312036132814,1,3
2026-05-02,US67066G1040,NVDA,2026-10-16,call,45.0,165.46,150.25,158.3,1.164554958496094,2,29
2026-05-02,US67066G1040,NVDA,2026-10-16,call,50.0,151.04,145.35,153.4,1.1064497802734377,3,7
2026-05-02,US67066G1040,NVDA,2026-10-16,call,60.0,106.44,135.7,143.65,1.0185595947265624,,1
2026-05-02,US67066G1040,NVDA,2026-10-16,call,65.0,145.97,130.8,138.8,0.9731447998046875,10,3
2026-05-02,US67066G1040,NVDA,2026-10-16,call,70.0,129.62,125.95,133.95,0.9331061376953125,2,5
2026-05-02,US67066G1040,NVDA,2026-10-16,call,75.0,125.47,121.1,129.1,0.8940440283203124,,1
2026-05-02,US67066G1040,NVDA,2026-10-16,call,80.0,104.27,116.65,124.25,0.8767102172851562,5,200
2026-05-02,US67066G1040,NVDA,2026-10-16,call,90.0,88.2,106.65,112.25,0.6709017285156251,70,37
2026-05-02,US67066G1040,NVDA,2026-10-16,call,95.0,77.67,101.9,109.85,0.7631859619140625,1,2
2026-05-02,US67066G1040,NVDA,2026-10-16,call,100.0,102.76,100.3,102.7,0.7607445800781252,4,33
2026-05-02,US67066G1040,NVDA,2026-10-16,call,105.0,97.26,95.6,97.95,0.7320583435058592,1,10
2026-05-02,US67066G1040,NVDA,2026-10-16,call,110.0,102.89,90.9,93.25,0.7045927978515626,2,31
2026-05-02,US67066G1040,NVDA,2026-10-16,call,115.0,89.6,86.25,88.55,0.6782869085693359,1,17
2026-05-02,US67066G1040,NVDA,2026-10-16,call,120.0,92.61,81.65,83.9,0.6539341247558594,36,73
2026-05-02,US67066G1040,NVDA,2026-10-16,call,125.0,88.75,77.35,79.4,0.6385534191894531,5,58
2026-05-02,US67066G1040,NVDA,2026-10-16,call,130.0,76.3,72.9,74.85,0.6172523626708986,20,57
2026-05-02,US67066G1040,NVDA,2026-10-16,call,135.0,70.9,68.45,70.35,0.5957682025146485,20,137
2026-05-02,US67066G1040,NVDA,2026-10-16,call,140.0,65.75,64.4,65.4,0.572391971435547,2,207
2026-05-02,US67066G1040,NVDA,2026-10-16,call,145.0,62.3,60.1,61.75,0.5647016186523439,44,67
2026-05-02,US67066G1040,NVDA,2026-10-16,call,150.0,58.8,55.6,57.4,0.5408981457519533,1,602
2026-05-02,US67066G1040,NVDA,2026-10-16,call,155.0,53.4,52.0,52.9,0.5264939929199219,10,498
2026-05-02,US67066G1040,NVDA,2026-10-16,call,160.0,49.17,47.85,49.25,0.5138598419189453,18,289
2026-05-02,US67066G1040,NVDA,2026-10-16,call,165.0,46.06,44.25,45.6,0.5054981091308592,2,288
2026-05-02,US67066G1040,NVDA,2026-10-16,call,170.0,41.81,40.6,41.95,0.5090686300659181,13,1220
2026-05-02,US67066G1040,NVDA,2026-10-16,call,175.0,39.25,37.4,38.45,0.4974720663452149,17,532
2026-05-02,US67066G1040,NVDA,2026-10-16,call,180.0,34.8,34.1,34.85,0.48135894622802733,164,2057
2026-05-02,US67066G1040,NVDA,2026-10-16,call,185.0,32.17,31.3,32.0,0.478093598022461,18,1013
2026-05-02,US67066G1040,NVDA,2026-10-16,call,190.0,29.5,28.5,29.1,0.47079996978759764,59,1676
2026-05-02,US67066G1040,NVDA,2026-10-16,call,195.0,26.18,25.55,26.35,0.4635978933715821,129,2703
2026-05-02,US67066G1040,NVDA,2026-10-16,call,200.0,23.4,23.25,23.45,0.4508111560058594,443,2511
2026-05-02,US67066G1040,NVDA,2026-10-16,call,205.0,21.9,20.9,21.25,0.4483087396240234,117,4889
2026-05-02,US67066G1040,NVDA,2026-10-16,call,210.0,19.6,18.75,19.15,0.44482977050781247,106,11782
2026-05-02,US67066G1040,NVDA,2026-10-16,call,215.0,16.95,16.8,17.05,0.4385737295532227,120,3290
2026-05-02,US67066G1040,NVDA,2026-10-16,call,220.0,15.2,15.05,15.3,0.4361018304443359,275,3290
2026-05-02,US67066G1040,NVDA,2026-10-16,call,225.0,13.5,13.4,13.7,0.4338435522460938,74,3404
2026-05-02,US67066G1040,NVDA,2026-10-16,call,230.0,12.32,11.9,12.25,0.4318904467773438,148,4275
2026-05-02,US67066G1040,NVDA,2026-10-16,call,235.0,11.25,10.65,10.9,0.42947958221435545,226,1369
2026-05-02,US67066G1040,NVDA,2026-10-16,call,240.0,9.4,9.4,9.7,0.42767906311035164,173,12368
2026-05-02,US67066G1040,NVDA,2026-10-16,call,245.0,8.65,8.4,8.65,0.42676354492187507,76,2718
2026-05-02,US67066G1040,NVDA,2026-10-16,call,250.0,7.57,7.5,7.65,0.4246883703613281,413,3530
2026-05-02,US67066G1040,NVDA,2026-10-16,call,255.0,6.85,6.6,6.85,0.4251461294555664,237,2265
2026-05-02,US67066G1040,NVDA,2026-10-16,call,260.0,6.23,5.85,6.25,0.42865561584472656,138,1073
2026-05-02,US67066G1040,NVDA,2026-10-16,call,265.0,5.45,5.2,5.55,0.4278621667480469,52,842
2026-05-02,US67066G1040,NVDA,2026-10-16,call,270.0,4.85,4.6,4.8,0.42365078308105464,103,1803
2026-05-02,US67066G1040,NVDA,2026-10-16,call,275.0,4.4,4.1,4.3,0.42456630126953127,47,412
2026-05-02,US67066G1040,NVDA,2026-10-16,call,280.0,3.9,3.65,3.85,0.4254818194580079,64,1453
2026-05-02,US67066G1040,NVDA,2026-10-16,call,285.0,3.34,3.2,3.5,0.42816733947753904,48,68
2026-05-02,US67066G1040,NVDA,2026-10-16,call,290.0,3.06,2.87,3.2,0.43140217041015627,57,257
2026-05-02,US67066G1040,NVDA,2026-10-16,call,295.0,2.77,2.56,2.85,0.4315242395019532,52,294
2026-05-02,US67066G1040,NVDA,2026-10-16,call,300.0,2.48,2.35,2.46,0.42841147766113286,73,1884
2026-05-02,US67066G1040,NVDA,2026-10-16,call,310.0,2.03,1.9,2.01,0.4318904467773438,44,766
2026-05-02,US67066G1040,NVDA,2026-10-16,call,320.0,1.6,1.54,1.63,0.43445389770507814,59,441
2026-05-02,US67066G1040,NVDA,2026-10-16,call,330.0,1.36,1.2,1.41,0.4422663195800781,2,144
2026-05-02,US67066G1040,NVDA,2026-10-16,call,340.0,1.08,1.04,1.18,0.44653873779296877,42,316
2026-05-02,US67066G1040,NVDA,2026-10-16,call,350.0,0.96,0.88,0.94,0.4466608068847656,1645,456
2026-05-02,US67066G1040,NVDA,2026-10-16,call,360.0,0.8,0.76,0.86,0.45703667968750006,26,299
2026-05-02,US67066G1040,NVDA,2026-10-16,put,5.0,0.01,0.0,0.19,2.2343794140624995,3920,3922
2026-05-02,US67066G1040,NVDA,2026-10-16,put,20.0,0.04,0.0,0.15,1.3007847460937496,490,500
2026-05-02,US67066G1040,NVDA,2026-10-16,put,30.0,0.01,0.01,0.16,1.08203583984375,1,1
2026-05-02,US67066G1040,NVDA,2026-10-16,put,40.0,0.06,0.01,0.14,0.9062509375,3,260
2026-05-02,US67066G1040,NVDA,2026-10-16,put,45.0,0.17,0.03,0.16,0.86132951171875,30,42
2026-05-02,US67066G1040,NVDA,2026-10-16,put,50.0,0.13,0.04,0.17,0.8105487695312499,1,119
2026-05-02,US67066G1040,NVDA,2026-10-16,put,55.0,0.11,0.05,0.2,0.772463212890625,1,111
2026-05-02,US67066G1040,NVDA,2026-10-16,put,60.0,0.17,0.1,0.23,0.747072841796875,1,195
2026-05-02,US67066G1040,NVDA,2026-10-16,put,65.0,0.16,0.11,0.24,0.7041045214843751,1,39
2026-05-02,US67066G1040,NVDA,2026-10-16,put,70.0,0.25,0.17,0.26,0.6777375976562501,3,82
2026-05-02,US67066G1040,NVDA,2026-10-16,put,75.0,0.29,0.2,0.31,0.65039412109375,4,69
2026-05-02,US67066G1040,NVDA,2026-10-16,put,80.0,0.38,0.3,0.4,0.63867548828125,1,382
2026-05-02,US67066G1040,NVDA,2026-10-16,put,85.0,0.49,0.36,0.57,0.6259803027343751,1,247
2026-05-02,US67066G1040,NVDA,2026-10-16,put,90.0,0.53,0.46,0.69,0.6084023535156251,1,174
2026-05-02,US67066G1040,NVDA,2026-10-16,put,95.0,0.74,0.59,0.82,0.5910685424804689,1,574
2026-05-02,US67066G1040,NVDA,2026-10-16,put,100.0,0.84,0.82,0.89,0.5742230078125,1,3732
2026-05-02,US67066G1040,NVDA,2026-10-16,put,105.0,1.06,0.92,1.17,0.559574716796875,6,270
2026-05-02,US67066G1040,NVDA,2026-10-16,put,110.0,1.26,1.21,1.31,0.5444381494140625,1,657
2026-05-02,US67066G1040,NVDA,2026-10-16,put,115.0,1.48,1.4,1.63,0.5302781347656251,1,514
2026-05-02,US67066G1040,NVDA,2026-10-16,put,120.0,1.8,1.8,1.87,0.5180712255859375,1,2072
2026-05-02,US67066G1040,NVDA,2026-10-16,put,125.0,2.15,2.16,2.24,0.505742247314453,210,4016
2026-05-02,US67066G1040,NVDA,2026-10-16,put,130.0,2.64,2.58,2.67,0.49609878906250005,89,4000
2026-05-02,US67066G1040,NVDA,2026-10-16,put,135.0,3.08,3.05,3.2,0.48608912353515626,91,4485
2026-05-02,US67066G1040,NVDA,2026-10-16,put,140.0,3.74,3.7,3.8,0.47577428527832033,120,7316
2026-05-02,US67066G1040,NVDA,2026-10-16,put,145.0,4.35,4.35,4.5,0.46619186157226566,100,5906
2026-05-02,US67066G1040,NVDA,2026-10-16,put,150.0,5.2,5.1,5.25,0.4552056433105469,165,14435
2026-05-02,US67066G1040,NVDA,2026-10-16,put,155.0,5.98,6.0,6.2,0.4474847732543945,141,9789
2026-05-02,US67066G1040,NVDA,2026-10-16,put,160.0,7.05,7.05,7.25,0.43921459228515625,66,11010
2026-05-02,US67066G1040,NVDA,2026-10-16,put,165.0,8.31,8.25,8.4,0.43030354858398445,91,11172
2026-05-02,US67066G1040,NVDA,2026-10-16,put,170.0,9.6,9.55,9.75,0.42304043762207033,51,6225
2026-05-02,US67066G1040,NVDA,2026-10-16,put,175.0,11.0,11.05,11.3,0.41699801757812494,167,4104
2026-05-02,US67066G1040,NVDA,2026-10-16,put,180.0,12.6,12.7,13.0,0.4106809420776367,100,5656
2026-05-02,US67066G1040,NVDA,2026-10-16,put,185.0,14.5,14.6,14.85,0.40405869384765625,150,4009
2026-05-02,US67066G1040,NVDA,2026-10-16,put,190.0,16.65,16.65,16.9,0.3980467910766602,366,3704
2026-05-02,US67066G1040,NVDA,2026-10-16,put,195.0,18.8,18.8,19.1,0.3915160946655273,202,6528
2026-05-02,US67066G1040,NVDA,2026-10-16,put,200.0,21.4,21.3,21.65,0.3881897119140625,653,7654
2026-05-02,US67066G1040,NVDA,2026-10-16,put,205.0,23.7,23.95,24.3,0.3833069482421875,84,1943
2026-05-02,US67066G1040,NVDA,2026-10-16,put,210.0,26.8,26.75,27.0,0.375982802734375,30,3853
2026-05-02,US67066G1040,NVDA,2026-10-16,put,215.0,30.0,29.6,30.05,0.37183245361328127,25,494
2026-05-02,US67066G1040,NVDA,2026-10-16,put,220.0,32.85,32.9,33.5,0.372076591796875,1,511
2026-05-02,US67066G1040,NVDA,2026-10-16,put,225.0,36.3,36.15,36.9,0.3682314154052735,2,796
2026-05-02,US67066G1040,NVDA,2026-10-16,put,230.0,33.87,39.6,40.2,0.358954164428711,6,258
2026-05-02,US67066G1040,NVDA,2026-10-16,put,235.0,42.37,43.2,44.0,0.35678743804931634,11,40
2026-05-02,US67066G1040,NVDA,2026-10-16,put,240.0,46.55,47.0,47.85,0.3526065716552734,35,102
2026-05-02,US67066G1040,NVDA,2026-10-16,put,245.0,40.5,50.95,51.9,0.35004312072753896,4,4
2026-05-02,US67066G1040,NVDA,2026-10-16,put,250.0,48.1,54.9,56.05,0.3469913934326171,1,8
2026-05-02,US67066G1040,NVDA,2026-10-16,put,255.0,58.65,59.05,60.35,0.3450993225097656,20,68
2026-05-02,US67066G1040,NVDA,2026-10-16,put,260.0,63.05,63.4,64.7,0.3418644915771484,15,16
2026-05-02,US67066G1040,NVDA,2026-10-16,put,270.0,64.2,72.15,73.75,0.3386296606445312,25,82
2026-05-02,US67066G1040,NVDA,2026-10-16,put,280.0,81.54,81.05,83.3,0.3469913934326171,2,3
2026-05-02,US67066G1040,NVDA,2026-10-16,put,300.0,102.0,100.2,102.45,0.34705242797851554,,0
2026-05-02,US67066G1040,NVDA,2026-11-20,call,50.0,152.71,145.6,153.7,1.0564012023925784,2,21
2026-05-02,US67066G1040,NVDA,2026-11-20,call,55.0,129.02,140.85,148.85,1.0166064794921876,5,9
2026-05-02,US67066G1040,NVDA,2026-11-20,call,60.0,134.55,136.0,144.0,0.9711916943359374,2,16
2026-05-02,US67066G1040,NVDA,2026-11-20,call,65.0,119.96,134.25,141.7,1.1777384863281248,2,9
2026-05-02,US67066G1040,NVDA,2026-11-20,call,70.0,130.0,126.3,134.35,0.8897716101074218,1,17
2026-05-02,US67066G1040,NVDA,2026-11-20,call,75.0,128.65,123.85,128.6,0.9155281884765626,1,12
2026-05-02,US67066G1040,NVDA,2026-11-20,call,80.0,100.04,119.15,122.6,0.833741896972656,1,38
2026-05-02,US67066G1040,NVDA,2026-11-20,call,85.0,111.9,114.6,120.5,0.8980723083496092,20,40
2026-05-02,US67066G1040,NVDA,2026-11-20,call,90.0,113.4,110.2,113.4,0.8007832421875,1,80
2026-05-02,US67066G1040,NVDA,2026-11-20,call,95.0,107.43,105.95,108.35,0.7744163183593751,1,4
2026-05-02,US67066G1040,NVDA,2026-11-20,call,100.0,102.8,101.25,103.65,0.7452418054199219,63,213
2026-05-02,US67066G1040,NVDA,2026-11-20,call,105.0,109.57,96.7,98.95,0.7199124688720704,1,237
2026-05-02,US67066G1040,NVDA,2026-11-20,call,110.0,94.7,91.8,94.35,0.688601746826172,1,112
2026-05-02,US67066G1040,NVDA,2026-11-20,call,115.0,99.29,87.55,89.75,0.6716341430664063,1,467
2026-05-02,US67066G1040,NVDA,2026-11-20,call,120.0,83.57,83.05,85.2,0.6492954992675781,1,407
2026-05-02,US67066G1040,NVDA,2026-11-20,call,125.0,80.72,79.0,80.75,0.6361120373535156,1,332
2026-05-02,US67066G1040,NVDA,2026-11-20,call,130.0,74.82,74.45,76.4,0.6144447735595704,5,447
2026-05-02,US67066G1040,NVDA,2026-11-20,call,135.0,71.66,70.15,72.05,0.5959513061523438,2,400
2026-05-02,US67066G1040,NVDA,2026-11-20,call,140.0,67.45,66.0,67.8,0.5798992205810547,2,5242
2026-05-02,US67066G1040,NVDA,2026-11-20,call,145.0,62.0,61.9,63.5,0.5624433404541016,3,184
2026-05-02,US67066G1040,NVDA,2026-11-20,call,150.0,58.47,58.1,59.45,0.5506331558227541,1,550
2026-05-02,US67066G1040,NVDA,2026-11-20,call,155.0,64.0,54.15,55.6,0.53751072845459,26,423
2026-05-02,US67066G1040,NVDA,2026-11-20,call,160.0,52.45,50.6,51.8,0.5276536492919923,1,772
2026-05-02,US67066G1040,NVDA,2026-11-20,call,165.0,47.55,47.05,48.2,0.5178270874023438,22,550
2026-05-02,US67066G1040,NVDA,2026-11-20,call,170.0,44.2,43.6,44.65,0.5074512145996093,61,729
2026-05-02,US67066G1040,NVDA,2026-11-20,call,175.0,40.75,40.4,41.2,0.5061694891357422,62,1325
2026-05-02,US67066G1040,NVDA,2026-11-20,call,180.0,38.3,36.9,38.1,0.4989063781738281,45,5111
2026-05-02,US67066G1040,NVDA,2026-11-20,call,185.0,35.03,34.35,35.1,0.49124654266357426,40,1773
2026-05-02,US67066G1040,NVDA,2026-11-20,call,190.0,31.97,31.55,32.2,0.4831594653320313,118,1752
2026-05-02,US67066G1040,NVDA,2026-11-20,call,195.0,29.05,28.75,29.5,0.47638463073730464,52,785
2026-05-02,US67066G1040,NVDA,2026-11-20,call,200.0,27.2,26.45,26.7,0.4656730679321289,402,3531
2026-05-02,US67066G1040,NVDA,2026-11-20,call,205.0,24.2,24.0,24.6,0.4646965151977539,191,1208
2026-05-02,US67066G1040,NVDA,2026-11-20,call,210.0,22.75,21.95,22.35,0.4588677160644532,58,3346
2026-05-02,US67066G1040,NVDA,2026-11-20,call,215.0,20.75,20.0,20.35,0.45508357421875,161,1518
2026-05-02,US67066G1040,NVDA,2026-11-20,call,220.0,18.7,18.15,18.4,0.4499871896362304,500,2632
2026-05-02,US67066G1040,NVDA,2026-11-20,call,225.0,16.65,16.2,16.95,0.45132994964599615,142,1108
2026-05-02,US67066G1040,NVDA,2026-11-20,call,230.0,15.25,14.9,15.25,0.44632511688232424,71,6754
2026-05-02,US67066G1040,NVDA,2026-11-20,call,235.0,13.76,13.5,13.8,0.4436701141357422,9,2654
2026-05-02,US67066G1040,NVDA,2026-11-20,call,240.0,12.55,12.2,12.5,0.4417780432128906,645,5044
2026-05-02,US67066G1040,NVDA,2026-11-20,call,245.0,11.55,11.05,11.35,0.4408014904785156,39,1510
2026-05-02,US67066G1040,NVDA,2026-11-20,call,250.0,10.48,9.95,10.3,0.4399775241088867,264,3344
2026-05-02,US67066G1040,NVDA,2026-11-20,call,255.0,9.5,9.05,9.3,0.4384211431884766,9,822
2026-05-02,US67066G1040,NVDA,2026-11-20,call,260.0,8.55,8.15,8.4,0.43720045227050786,191,1937
2026-05-02,US67066G1040,NVDA,2026-11-20,call,265.0,7.87,7.35,7.75,0.4398249377441406,32,868
2026-05-02,US67066G1040,NVDA,2026-11-20,call,270.0,6.82,6.7,6.9,0.436529072265625,281,1902
2026-05-02,US67066G1040,NVDA,2026-11-20,call,275.0,6.35,6.0,6.4,0.439885972290039,95,818
2026-05-02,US67066G1040,NVDA,2026-11-20,call,280.0,5.79,5.45,5.7,0.4371089004516602,576,1961
2026-05-02,US67066G1040,NVDA,2026-11-20,call,285.0,5.06,4.9,5.15,0.4366511413574219,3,138
2026-05-02,US67066G1040,NVDA,2026-11-20,call,290.0,5.0,4.45,4.85,0.44171700866699215,1,830
2026-05-02,US67066G1040,NVDA,2026-11-20,call,295.0,4.9,3.95,4.4,0.44171700866699215,2,85
2026-05-02,US67066G1040,NVDA,2026-11-20,call,300.0,3.9,3.7,3.9,0.43884838500976564,157,1517
2026-05-02,US67066G1040,NVDA,2026-11-20,call,310.0,3.34,2.96,3.35,0.4440363214111328,40,288
2026-05-02,US67066G1040,NVDA,2026-11-20,call,320.0,2.69,2.57,2.68,0.44110666320800784,83,1849
2026-05-02,US67066G1040,NVDA,2026-11-20,call,330.0,2.36,2.12,2.24,0.44287666503906253,10,640
2026-05-02,US67066G1040,NVDA,2026-11-20,call,340.0,1.86,1.67,2.01,0.45117736328125,4,292
2026-05-02,US67066G1040,NVDA,2026-11-20,call,350.0,1.59,1.39,1.71,0.45386288330078123,2,318
2026-05-02,US67066G1040,NVDA,2026-11-20,call,360.0,1.43,1.27,1.46,0.45654840332031255,1,1210
2026-05-02,US67066G1040,NVDA,2026-11-20,put,50.0,0.16,0.1,0.22,0.7763694238281251,2,387
2026-05-02,US67066G1040,NVDA,2026-11-20,put,55.0,0.18,0.1,0.24,0.729494892578125,8,204
2026-05-02,US67066G1040,NVDA,2026-11-20,put,60.0,0.21,0.16,0.28,0.7050810742187501,50,311
2026-05-02,US67066G1040,NVDA,2026-11-20,put,65.0,0.21,0.16,0.39,0.6806672558593752,1,106
2026-05-02,US67066G1040,NVDA,2026-11-20,put,70.0,0.37,0.23,0.4,0.65039412109375,1,243
2026-05-02,US67066G1040,NVDA,2026-11-20,put,75.0,0.45,0.31,0.53,0.6364782446289063,2,195
2026-05-02,US67066G1040,NVDA,2026-11-20,put,80.0,0.53,0.41,0.68,0.6225623681640625,2,332
2026-05-02,US67066G1040,NVDA,2026-11-20,put,85.0,0.63,0.53,0.78,0.6025430371093752,402,206
2026-05-02,US67066G1040,NVDA,2026-11-20,put,90.0,0.83,0.72,0.85,0.5839885351562499,17,340
2026-05-02,US67066G1040,NVDA,2026-11-20,put,95.0,1.01,0.85,1.15,0.5736126623535156,1,464
2026-05-02,US67066G1040,NVDA,2026-11-20,put,100.0,1.19,1.18,1.25,0.559574716796875,12,3566
2026-05-02,US67066G1040,NVDA,2026-11-20,put,105.0,1.45,1.4,1.56,0.5471236694335939,17,323
2026-05-02,US67066G1040,NVDA,2026-11-20,put,110.0,1.73,1.72,1.8,0.53320779296875,45,761
2026-05-02,US67066G1040,NVDA,2026-11-20,put,115.0,2.09,2.08,2.13,0.5211229528808592,28,4613
2026-05-02,US67066G1040,NVDA,2026-11-20,put,120.0,2.53,2.46,2.55,0.5095263891601562,1,2784
2026-05-02,US67066G1040,NVDA,2026-11-20,put,125.0,3.05,2.89,3.05,0.5023243127441408,65,3142
2026-05-02,US67066G1040,NVDA,2026-11-20,put,130.0,3.48,3.4,3.6,0.4921315435791016,39,1499
2026-05-02,US67066G1040,NVDA,2026-11-20,put,135.0,4.19,4.0,4.25,0.48303739624023445,2,6688
2026-05-02,US67066G1040,NVDA,2026-11-20,put,140.0,4.92,4.75,4.95,0.47296669616699216,429,11745
2026-05-02,US67066G1040,NVDA,2026-11-20,put,145.0,5.59,5.5,5.8,0.4650322052001954,12,4844
2026-05-02,US67066G1040,NVDA,2026-11-20,put,150.0,6.55,6.55,6.75,0.4570977142333985,101,14537
2026-05-02,US67066G1040,NVDA,2026-11-20,put,155.0,7.8,7.55,7.75,0.44775942871093743,27,2770
2026-05-02,US67066G1040,NVDA,2026-11-20,put,160.0,8.75,8.75,8.95,0.44067942138671873,146,7274
2026-05-02,US67066G1040,NVDA,2026-11-20,put,165.0,10.05,10.05,10.3,0.43424027679443367,65,4777
2026-05-02,US67066G1040,NVDA,2026-11-20,put,170.0,11.5,11.5,11.8,0.42810630493164065,713,6828
2026-05-02,US67066G1040,NVDA,2026-11-20,put,175.0,13.23,13.05,13.45,0.4221859539794922,102,3501
2026-05-02,US67066G1040,NVDA,2026-11-20,put,180.0,14.76,14.85,15.15,0.4144650839233398,75,5480
2026-05-02,US67066G1040,NVDA,2026-11-20,put,185.0,17.05,16.7,17.15,0.4095823202514648,27,1081
2026-05-02,US67066G1040,NVDA,2026-11-20,put,190.0,18.85,18.9,19.25,0.40369248657226564,12,2971
2026-05-02,US67066G1040,NVDA,2026-11-20,put,195.0,21.15,21.15,21.65,0.40027455200195317,359,1690
2026-05-02,US67066G1040,NVDA,2026-11-20,put,200.0,23.38,23.65,24.05,0.3940490283203125,20,2587
2026-05-02,US67066G1040,NVDA,2026-11-20,put,205.0,26.2,26.1,26.7,0.3893798855590821,2,941
2026-05-02,US67066G1040,NVDA,2026-11-20,put,210.0,30.0,28.95,29.45,0.3836731555175781,2,591
2026-05-02,US67066G1040,NVDA,2026-11-20,put,215.0,31.5,31.85,32.45,0.3795228063964844,5,406
2026-05-02,US67066G1040,NVDA,2026-11-20,put,220.0,34.75,34.95,35.55,0.37439590454101557,2,807
2026-05-02,US67066G1040,NVDA,2026-11-20,put,225.0,37.32,38.2,38.95,0.37186297088623044,1,361
2026-05-02,US67066G1040,NVDA,2026-11-20,put,230.0,43.15,41.65,42.55,0.3704286590576171,2,517
2026-05-02,US67066G1040,NVDA,2026-11-20,put,235.0,44.09,45.15,46.2,0.36743796630859377,1,358
2026-05-02,US67066G1040,NVDA,2026-11-20,put,240.0,48.01,48.85,49.75,0.35990019989013666,1,400
2026-05-02,US67066G1040,NVDA,2026-11-20,put,245.0,53.2,52.65,53.65,0.3566958862304687,3,61
2026-05-02,US67066G1040,NVDA,2026-11-20,put,250.0,55.51,56.6,57.75,0.35535312622070303,90,241
2026-05-02,US67066G1040,NVDA,2026-11-20,put,255.0,60.76,60.65,61.85,0.35166053619384763,2,61
2026-05-02,US67066G1040,NVDA,2026-11-20,put,260.0,65.29,64.75,66.1,0.34918863708496095,1,705
2026-05-02,US67066G1040,NVDA,2026-11-20,put,265.0,69.16,68.9,70.45,0.34705242797851554,2,429
2026-05-02,US67066G1040,NVDA,2026-11-20,put,270.0,73.81,73.3,74.9,0.34552656433105466,1,319
2026-05-02,US67066G1040,NVDA,2026-11-20,put,275.0,67.7,77.7,79.4,0.3434513897705078,60,0
2026-05-02,US67066G1040,NVDA,2026-11-20,put,280.0,74.35,82.1,83.95,0.340826904296875,1,9
2026-05-02,US67066G1040,NVDA,2026-11-20,put,285.0,75.1,86.7,88.6,0.3398503515625,15,35
2026-05-02,US67066G1040,NVDA,2026-11-20,put,290.0,82.6,91.0,93.35,0.3411931115722656,2,0
2026-05-02,US67066G1040,NVDA,2026-11-20,put,295.0,120.88,95.6,98.3,0.35016518981933586,,0
2026-05-02,US67066G1040,NVDA,2026-11-20,put,300.0,100.7,100.35,102.8,0.33649345153808596,3,3
2026-05-02,US67066G1040,NVDA,2026-11-20,put,310.0,134.76,110.15,112.5,0.3386296606445312,10,0
2026-05-02,US67066G1040,NVDA,2026-11-20,put,330.0,151.96,128.25,128.5,1.0000000000000003e-05,8,0
2026-05-02,US67066G1040,NVDA,2026-11-20,put,340.0,158.53,0.0,0.0,1.0000000000000003e-05,14,0
2026-05-02,US67066G1040,NVDA,2026-11-20,put,350.0,170.5,0.0,0.0,1.0000000000000003e-05,8,0
2026-05-02,US67066G1040,NVDA,2026-11-20,put,360.0,151.35,160.05,162.55,0.4279842358398438,40,0
2026-05-02,US67066G1040,NVDA,2026-12-18,call,0.5,199.1,196.0,201.65,0.0,50,101519
2026-05-02,US67066G1040,NVDA,2026-12-18,call,1.0,207.45,193.5,201.6,3.06250234375,1,3258
2026-05-02,US67066G1040,NVDA,2026-12-18,call,1.5,196.91,193.15,201.15,3.07031482421875,38,8269
2026-05-02,US67066G1040,NVDA,2026-12-18,call,2.0,172.95,192.7,200.45,2.6093784765625,9,16414
2026-05-02,US67066G1040,NVDA,2026-12-18,call,2.5,182.04,0.0,0.0,1.0000000000000003e-05,5,0
2026-05-02,US67066G1040,NVDA,2026-12-18,call,3.0,166.22,191.8,199.7,2.6621127197265633,1,9574
2026-05-02,US67066G1040,NVDA,2026-12-18,call,3.5,191.8,181.15,187.6,1.0000000000000003e-05,1,203
2026-05-02,US67066G1040,NVDA,2026-12-18,call,4.0,195.49,190.35,198.5,0.0,18,8521
2026-05-02,US67066G1040,NVDA,2026-12-18,call,4.5,194.64,189.8,198.05,5.9921900097656255,1,18
2026-05-02,US67066G1040,NVDA,2026-12-18,call,5.0,196.84,189.55,197.7,2.07031732421875,3,2680
2026-05-02,US67066G1040,NVDA,2026-12-18,call,6.0,174.09,0.0,0.0,1.0000000000000003e-05,2,0
2026-05-02,US67066G1040,NVDA,2026-12-18,call,7.0,168.9,187.55,195.6,1.7695324023437498,1,667
2026-05-02,US67066G1040,NVDA,2026-12-18,call,8.0,166.35,186.6,194.6,1.7304700976562502,1,797
2026-05-02,US67066G1040,NVDA,2026-12-18,call,9.0,172.94,169.0,176.8,1.0000000000000003e-05,1,207
2026-05-02,US67066G1040,NVDA,2026-12-18,call,10.0,189.45,184.95,192.85,1.875000625,2,1293
2026-05-02,US67066G1040,NVDA,2026-12-18,call,11.0,163.55,183.6,191.7,1.5996113769531248,20,305
2026-05-02,US67066G1040,NVDA,2026-12-18,call,12.0,188.95,182.6,190.7,1.5468772656249998,2,334
2026-05-02,US67066G1040,NVDA,2026-12-18,call,13.0,187.1,182.05,189.95,1.74609501953125,2,661
2026-05-02,US67066G1040,NVDA,2026-12-18,call,14.0,168.55,171.1,177.5,1.0000000000000003e-05,10,69
2026-05-02,US67066G1040,NVDA,2026-12-18,call,15.0,185.3,180.1,188.0,1.6689469677734377,2,1003
2026-05-02,US67066G1040,NVDA,2026-12-18,call,16.0,176.36,0.0,0.0,1.0000000000000003e-05,2,0
2026-05-02,US67066G1040,NVDA,2026-12-18,call,17.0,164.79,0.0,0.0,1.0000000000000003e-05,1,0
2026-05-02,US67066G1040,NVDA,2026-12-18,call,18.0,181.35,176.7,184.85,1.3984405078125,10,332
2026-05-02,US67066G1040,NVDA,2026-12-18,call,19.0,166.67,176.65,184.15,1.6308612207031248,10,684
2026-05-02,US67066G1040,NVDA,2026-12-18,call,20.0,180.39,174.7,182.6,1.2460975195312498,3,16392
2026-05-02,US67066G1040,NVDA,2026-12-18,call,21.0,193.25,174.15,181.9,1.423831005859375,2,3790
2026-05-02,US67066G1040,NVDA,2026-12-18,call,22.0,180.15,172.8,181.0,1.338870493164062,275,3773
2026-05-02,US67066G1040,NVDA,2026-12-18,call,23.0,146.65,172.0,180.0,1.3535188574218748,2,327
2026-05-02,US67066G1040,NVDA,2026-12-18,call,24.0,153.72,171.35,179.25,1.4277372363281249,40,668
2026-05-02,US67066G1040,NVDA,2026-12-18,call,25.0,172.83,170.1,178.3,1.3681672216796876,3,1117
2026-05-02,US67066G1040,NVDA,2026-12-18,call,26.0,175.86,169.4,177.3,1.3852569799804684,3,693
2026-05-02,US67066G1040,NVDA,2026-12-18,call,27.0,173.8,168.4,176.35,1.365237548828125,1,1060
2026-05-02,US67066G1040,NVDA,2026-12-18,call,28.0,172.8,167.45,175.4,1.3520540209960936,1,548
2026-05-02,US67066G1040,NVDA,2026-12-18,call,29.0,182.38,166.45,174.4,1.3271518017578123,2,605
2026-05-02,US67066G1040,NVDA,2026-12-18,call,30.0,170.88,165.65,172.9,1.2646521142578124,2,1907
2026-05-02,US67066G1040,NVDA,2026-12-18,call,31.0,179.02,164.55,172.45,1.2973667944335934,1,1084
2026-05-02,US67066G1040,NVDA,2026-12-18,call,32.0,158.0,163.1,171.75,1.2573279321289061,1,2496
2026-05-02,US67066G1040,NVDA,2026-12-18,call,33.0,167.75,162.3,170.3,1.2055703784179688,6,358
2026-05-02,US67066G1040,NVDA,2026-12-18,call,34.0,180.64,161.2,169.3,1.1728556982421874,1,366
2026-05-02,US67066G1040,NVDA,2026-12-18,call,35.0,165.0,160.65,168.3,1.2060586572265624,5,2227
2026-05-02,US67066G1040,NVDA,2026-12-18,call,36.0,163.56,159.15,167.35,1.1347699511718752,2,300
2026-05-02,US67066G1040,NVDA,2026-12-18,call,37.0,165.33,158.4,166.4,1.1508831518554685,9,336
2026-05-02,US67066G1040,NVDA,2026-12-18,call,38.0,172.53,157.75,165.7,1.197269638671875,40,951
2026-05-02,US67066G1040,NVDA,2026-12-18,call,39.0,170.15,156.5,164.7,1.1552776611328124,4,1273
2026-05-02,US67066G1040,NVDA,2026-12-18,call,40.0,172.3,156.0,163.5,1.164554958496094,1,2277
2026-05-02,US67066G1040,NVDA,2026-12-18,call,41.0,162.03,154.85,162.8,1.1596721704101562,48,931
2026-05-02,US67066G1040,NVDA,2026-12-18,call,42.0,168.5,153.55,161.55,1.09375453125,1,1550
2026-05-02,US67066G1040,NVDA,2026-12-18,call,43.0,168.5,152.4,160.6,1.0683640332031252,1,808
2026-05-02,US67066G1040,NVDA,2026-12-18,call,44.0,158.69,151.95,159.85,1.1201215869140624,27,707
2026-05-02,US67066G1040,NVDA,2026-12-18,call,45.0,165.03,150.95,158.9,1.107670477294922,1,774
2026-05-02,US67066G1040,NVDA,2026-12-18,call,46.0,155.9,150.0,157.95,1.0991255981445316,10,1153
2026-05-02,US67066G1040,NVDA,2026-12-18,call,47.0,137.43,151.9,159.1,1.3625520153808592,1,331
2026-05-02,US67066G1040,NVDA,2026-12-18,call,48.0,153.35,148.05,156.0,1.074955797119141,3,762
2026-05-02,US67066G1040,NVDA,2026-12-18,call,49.0,124.7,147.1,154.8,1.049321159667969,2,2655
2026-05-02,US67066G1040,NVDA,2026-12-18,call,50.0,150.77,147.35,152.15,1.0056202062988282,52,6404
2026-05-02,US67066G1040,NVDA,2026-12-18,call,51.0,148.58,145.2,152.85,1.0307665649414064,1,1792
2026-05-02,US67066G1040,NVDA,2026-12-18,call,52.0,150.5,143.7,151.9,0.9853517089843751,6,1095
2026-05-02,US67066G1040,NVDA,2026-12-18,call,53.0,139.88,142.75,150.95,0.9790041162109376,20,1052
2026-05-02,US67066G1040,NVDA,2026-12-18,call,54.0,133.85,145.1,151.6,1.2231484155273438,9,559
2026-05-02,US67066G1040,NVDA,2026-12-18,call,55.0,147.66,141.0,148.45,0.9355475195312499,50,2727
2026-05-02,US67066G1040,NVDA,2026-12-18,call,56.0,127.85,126.15,131.15,1.0000000000000003e-05,199,931
2026-05-02,US67066G1040,NVDA,2026-12-18,call,57.0,133.71,139.4,147.3,0.9885255053710937,10,767
2026-05-02,US67066G1040,NVDA,2026-12-18,call,58.0,109.13,138.4,146.35,0.9782717016601563,2,766
2026-05-02,US67066G1040,NVDA,2026-12-18,call,59.0,142.74,136.95,144.6,0.893555751953125,10,7489
2026-05-02,US67066G1040,NVDA,2026-12-18,call,60.0,141.92,136.6,143.6,0.9221199194335938,8,4154
2026-05-02,US67066G1040,NVDA,2026-12-18,call,61.0,143.04,135.55,143.45,0.9538578833007811,7,572
2026-05-02,US67066G1040,NVDA,2026-12-18,call,62.0,152.0,134.05,143.0,0.9440923559570311,10,979
2026-05-02,US67066G1040,NVDA,2026-12-18,call,63.0,121.9,137.0,143.8,1.1616252856445315,2,2171
2026-05-02,US67066G1040,NVDA,2026-12-18,call,64.0,140.59,132.5,140.8,0.9322516540527344,1,1142
2026-05-02,US67066G1040,NVDA,2026-12-18,call,65.0,148.85,131.7,139.55,0.9180916394042968,47,2317
2026-05-02,US67066G1040,NVDA,2026-12-18,call,66.0,147.0,130.75,138.85,0.9226081958007812,5,883
2026-05-02,US67066G1040,NVDA,2026-12-18,call,67.0,134.0,130.0,137.95,0.9265144067382812,12,771
2026-05-02,US67066G1040,NVDA,2026-12-18,call,68.0,135.0,129.0,136.95,0.9150399121093751,1,1461
2026-05-02,US67066G1040,NVDA,2026-12-18,call,69.0,142.0,128.0,135.6,0.888550919189453,1,5043
2026-05-02,US67066G1040,NVDA,2026-12-18,call,70.0,132.72,126.7,134.6,0.8642591699218749,2,4395
2026-05-02,US67066G1040,NVDA,2026-12-18,call,71.0,108.9,128.05,133.15,0.9302985485839843,1,1838
2026-05-02,US67066G1040,NVDA,2026-12-18,call,72.0,142.32,127.05,130.7,0.8623060644531251,240,669
2026-05-02,US67066G1040,NVDA,2026-12-18,call,73.0,144.51,126.15,131.75,0.9326178613281251,22,762
2026-05-02,US67066G1040,NVDA,2026-12-18,call,74.0,131.75,125.9,128.8,0.8781750463867187,15,4404
2026-05-02,US67066G1040,NVDA,2026-12-18,call,75.0,128.66,124.45,127.85,0.852540537109375,5,10646
2026-05-02,US67066G1040,NVDA,2026-12-18,call,76.0,116.0,123.1,128.9,0.9023447265625,1,357
2026-05-02,US67066G1040,NVDA,2026-12-18,call,77.0,129.21,122.7,125.9,0.8428970788574219,10,1661
2026-05-02,US67066G1040,NVDA,2026-12-18,call,78.0,128.25,121.3,124.95,0.8198260205078124,10,895
2026-05-02,US67066G1040,NVDA,2026-12-18,call,79.0,106.99,0.0,0.0,1.0000000000000003e-05,10,0
2026-05-02,US67066G1040,NVDA,2026-12-18,call,80.0,120.8,119.75,123.05,0.8197039514160156,70,14467
2026-05-02,US67066G1040,NVDA,2026-12-18,call,81.0,134.47,118.8,122.1,0.8132342895507811,16,1982
2026-05-02,US67066G1040,NVDA,2026-12-18,call,82.0,118.5,117.6,123.2,0.8637708935546875,1,1963
2026-05-02,US67066G1040,NVDA,2026-12-18,call,83.0,123.55,116.5,123.0,0.8738415936279296,30,2556
2026-05-02,US67066G1040,NVDA,2026-12-18,call,84.0,129.6,116.0,119.6,0.8068866967773438,1,1760
2026-05-02,US67066G1040,NVDA,2026-12-18,call,85.0,118.64,115.15,118.3,0.7924825439453125,1,7606
2026-05-02,US67066G1040,NVDA,2026-12-18,call,86.0,128.52,114.0,118.9,0.8261736132812498,1,1943
2026-05-02,US67066G1040,NVDA,2026-12-18,call,87.0,130.0,113.5,116.55,0.7917501293945313,360,1984
2026-05-02,US67066G1040,NVDA,2026-12-18,call,88.0,116.12,113.05,115.55,0.7982197912597657,1,4086
2026-05-02,US67066G1040,NVDA,2026-12-18,call,89.0,123.05,112.1,114.55,0.7901632312011719,1,1311
2026-05-02,US67066G1040,NVDA,2026-12-18,call,90.0,112.75,111.0,113.6,0.77929908203125,54,14482
2026-05-02,US67066G1040,NVDA,2026-12-18,call,91.0,112.6,110.0,112.65,0.77148666015625,3,2531
2026-05-02,US67066G1040,NVDA,2026-12-18,call,92.0,112.39,109.3,111.25,0.7595238891601563,4,1438
2026-05-02,US67066G1040,NVDA,2026-12-18,call,93.0,115.0,108.15,110.8,0.7612328564453126,40,3506
2026-05-02,US67066G1040,NVDA,2026-12-18,call,94.0,125.18,107.2,109.85,0.7547631945800781,4,1351
2026-05-02,US67066G1040,NVDA,2026-12-18,call,95.0,110.4,106.5,108.75,0.7509790527343749,1,2027
2026-05-02,US67066G1040,NVDA,2026-12-18,call,96.0,116.76,105.65,107.95,0.750856983642578,1,727
2026-05-02,US67066G1040,NVDA,2026-12-18,call,97.0,116.0,104.6,107.05,0.743166630859375,14,4106
2026-05-02,US67066G1040,NVDA,2026-12-18,call,98.0,104.7,103.75,106.15,0.7403590417480468,1,706
2026-05-02,US67066G1040,NVDA,2026-12-18,call,99.0,105.5,102.8,103.9,0.7020293469238281,15,1500
2026-05-02,US67066G1040,NVDA,2026-12-18,call,100.0,103.8,101.8,103.75,0.7144803942871094,2,18622
2026-05-02,US67066G1040,NVDA,2026-12-18,call,101.0,97.97,100.55,103.3,0.713015565185547,4,12493
2026-05-02,US67066G1040,NVDA,2026-12-18,call,102.0,103.0,99.65,102.4,0.7091093542480469,1,1400
2026-05-02,US67066G1040,NVDA,2026-12-18,call,103.0,115.97,98.7,101.5,0.7041045214843751,10,11957
2026-05-02,US67066G1040,NVDA,2026-12-18,call,104.0,99.47,98.15,100.55,0.7067900415039063,1,603
2026-05-02,US67066G1040,NVDA,2026-12-18,call,105.0,98.5,97.35,99.65,0.7048369360351563,15,12181
2026-05-02,US67066G1040,NVDA,2026-12-18,call,106.0,100.87,96.05,98.75,0.692080715942383,1,886
2026-05-02,US67066G1040,NVDA,2026-12-18,call,107.0,97.4,95.2,97.8,0.6879914013671876,1,1061
2026-05-02,US67066G1040,NVDA,2026-12-18,call,108.0,97.95,94.55,96.9,0.6890900231933594,20,1175
2026-05-02,US67066G1040,NVDA,2026-12-18,call,109.0,110.0,93.45,96.0,0.6807893249511721,1,441
2026-05-02,US67066G1040,NVDA,2026-12-18,call,110.0,96.01,92.45,95.1,0.6745638012695314,5,15019
2026-05-02,US67066G1040,NVDA,2026-12-18,call,111.0,104.62,91.7,94.15,0.6723665576171877,1,616
2026-05-02,US67066G1040,NVDA,2026-12-18,call,112.0,92.1,90.8,93.25,0.6681551739501954,10,1443
2026-05-02,US67066G1040,NVDA,2026-12-18,call,113.0,101.36,89.9,92.35,0.6638827557373048,1,2410
2026-05-02,US67066G1040,NVDA,2026-12-18,call,114.0,100.5,88.75,91.45,0.654849642944336,5,752
2026-05-02,US67066G1040,NVDA,2026-12-18,call,115.0,90.54,88.35,90.55,0.6599155102539063,1,1916
2026-05-02,US67066G1040,NVDA,2026-12-18,call,116.0,98.48,87.5,89.65,0.6564365411376953,2,666
2026-05-02,US67066G1040,NVDA,2026-12-18,call,117.0,88.55,86.6,88.75,0.6519810192871094,1,1215
2026-05-02,US67066G1040,NVDA,2026-12-18,call,118.0,103.6,85.7,87.9,0.648441015625,1,2102
2026-05-02,US67066G1040,NVDA,2026-12-18,call,119.0,86.99,84.95,87.0,0.6465489447021484,1,1008
2026-05-02,US67066G1040,NVDA,2026-12-18,call,120.0,85.35,84.35,86.1,0.6470982556152343,2,8354
2026-05-02,US67066G1040,NVDA,2026-12-18,call,121.0,91.62,82.9,85.2,0.6331823791503908,2,923
2026-05-02,US67066G1040,NVDA,2026-12-18,call,122.0,85.27,82.25,84.35,0.6336706555175782,1,2758
2026-05-02,US67066G1040,NVDA,2026-12-18,call,123.0,83.54,81.35,83.45,0.6290930645751953,1,1030
2026-05-02,US67066G1040,NVDA,2026-12-18,call,124.0,90.27,80.55,82.55,0.626102371826172,3,806
2026-05-02,US67066G1040,NVDA,2026-12-18,call,125.0,80.68,79.85,81.7,0.6254309918212893,1,12518
2026-05-02,US67066G1040,NVDA,2026-12-18,call,126.0,79.35,78.8,80.85,0.6191444335937502,1,4485
2026-05-02,US67066G1040,NVDA,2026-12-18,call,127.0,80.15,77.5,79.95,0.6082192498779297,5,1783
2026-05-02,US67066G1040,NVDA,2026-12-18,call,128.0,90.1,77.1,79.1,0.6120033917236329,3,1379
2026-05-02,US67066G1040,NVDA,2026-12-18,call,129.0,91.9,76.15,78.25,0.6072426971435547,9,1306
2026-05-02,US67066G1040,NVDA,2026-12-18,call,130.0,76.15,75.2,77.35,0.6017495880126955,6,31037
2026-05-02,US67066G1040,NVDA,2026-12-18,call,132.0,89.0,73.85,75.7,0.6008951043701174,14,2446
2026-05-02,US67066G1040,NVDA,2026-12-18,call,134.0,72.75,72.0,73.75,0.5882609533691407,2,2082
2026-05-02,US67066G1040,NVDA,2026-12-18,call,135.0,71.25,70.7,73.15,0.5819743951416017,1,2965
2026-05-02,US67066G1040,NVDA,2026-12-18,call,136.0,73.35,70.2,72.3,0.5833171551513672,1,2082
2026-05-02,US67066G1040,NVDA,2026-12-18,call,138.0,79.76,68.6,70.65,0.5780987014770508,6,2918
2026-05-02,US67066G1040,NVDA,2026-12-18,call,140.0,68.2,67.35,68.8,0.5745586978149414,36,13705
2026-05-02,US67066G1040,NVDA,2026-12-18,call,142.0,67.01,65.65,67.15,0.5675092077636719,11,1227
2026-05-02,US67066G1040,NVDA,2026-12-18,call,144.0,64.8,64.25,65.5,0.5640302386474609,1,1248
2026-05-02,US67066G1040,NVDA,2026-12-18,call,145.0,64.5,63.45,64.55,0.5593916131591796,8,3567
2026-05-02,US67066G1040,NVDA,2026-12-18,call,146.0,63.25,62.5,63.9,0.5565840240478517,2,1993
2026-05-02,US67066G1040,NVDA,2026-12-18,call,148.0,61.65,61.0,62.35,0.5524947094726562,2,9065
2026-05-02,US67066G1040,NVDA,2026-12-18,call,150.0,59.94,59.2,60.75,0.5441024594116212,116,16466
2026-05-02,US67066G1040,NVDA,2026-12-18,call,152.0,58.6,57.8,59.25,0.5412033184814455,10,843
2026-05-02,US67066G1040,NVDA,2026-12-18,call,154.0,57.05,56.3,57.7,0.5363205548095704,3,3760
2026-05-02,US67066G1040,NVDA,2026-12-18,call,155.0,56.96,55.65,56.95,0.5351608984375,6,1020
2026-05-02,US67066G1040,NVDA,2026-12-18,call,156.0,66.3,54.85,56.2,0.5322617575073242,1,2238
2026-05-02,US67066G1040,NVDA,2026-12-18,call,158.0,68.94,53.15,54.75,0.5257615783691407,2,999
2026-05-02,US67066G1040,NVDA,2026-12-18,call,160.0,52.91,52.1,53.25,0.5253038192749023,36,16456
2026-05-02,US67066G1040,NVDA,2026-12-18,call,162.0,52.25,50.55,51.8,0.5198107101440429,2,1103
2026-05-02,US67066G1040,NVDA,2026-12-18,call,164.0,50.3,49.35,50.4,0.5180712255859375,12,29810
2026-05-02,US67066G1040,NVDA,2026-12-18,call,165.0,49.75,48.4,49.7,0.5136157037353515,12,2410
2026-05-02,US67066G1040,NVDA,2026-12-18,call,166.0,50.85,47.7,49.0,0.511571046447754,4,894
2026-05-02,US67066G1040,NVDA,2026-12-18,call,167.0,47.67,47.25,48.3,0.5118457019042968,1,666
2026-05-02,US67066G1040,NVDA,2026-12-18,call,168.0,48.0,46.6,47.6,0.5101367346191408,1,1280
2026-05-02,US67066G1040,NVDA,2026-12-18,call,169.0,47.79,45.65,46.95,0.5059253509521484,2,1386
2026-05-02,US67066G1040,NVDA,2026-12-18,call,170.0,45.71,45.25,46.25,0.5064136273193358,9,7074
2026-05-02,US67066G1040,NVDA,2026-12-18,call,171.0,47.98,44.45,45.6,0.5035144863891602,1,1365
2026-05-02,US67066G1040,NVDA,2026-12-18,call,172.0,46.0,43.7,44.95,0.5010120700073243,5,1596
2026-05-02,US67066G1040,NVDA,2026-12-18,call,173.0,43.46,43.1,44.3,0.510869149169922,14,408
2026-05-02,US67066G1040,NVDA,2026-12-18,call,174.0,44.42,42.4,43.65,0.5090381127929688,5,2084
2026-05-02,US67066G1040,NVDA,2026-12-18,call,175.0,43.07,42.1,43.0,0.5071460418701172,13,5790
2026-05-02,US67066G1040,NVDA,2026-12-18,call,176.0,42.59,41.45,42.35,0.5051929364013672,31,14817
2026-05-02,US67066G1040,NVDA,2026-12-18,call,177.0,41.4,40.8,41.7,0.5031787963867188,1,1644
2026-05-02,US67066G1040,NVDA,2026-12-18,call,178.0,43.6,39.95,41.1,0.5019581054687501,2,2449
2026-05-02,US67066G1040,NVDA,2026-12-18,call,179.0,40.95,39.35,40.45,0.4997608618164063,2,3100
2026-05-02,US67066G1040,NVDA,2026-12-18,call,180.0,39.2,38.5,39.8,0.49750258361816413,107,21436
2026-05-02,US67066G1040,NVDA,2026-12-18,call,181.0,39.2,38.3,39.2,0.4960682717895508,1,3662
2026-05-02,US67066G1040,NVDA,2026-12-18,call,182.0,38.92,37.75,38.6,0.49451189086914066,4,1966
2026-05-02,US67066G1040,NVDA,2026-12-18,call,183.0,38.24,37.0,38.0,0.4929249926757813,7,2882
2026-05-02,US67066G1040,NVDA,2026-12-18,call,184.0,37.5,36.65,37.45,0.49207050903320315,16,2628
2026-05-02,US67066G1040,NVDA,2026-12-18,call,185.0,37.1,36.0,36.85,0.4903310244750977,234,4891
2026-05-02,US67066G1040,NVDA,2026-12-18,call,186.0,36.47,35.3,36.3,0.48932395446777355,5,1960
2026-05-02,US67066G1040,NVDA,2026-12-18,call,187.0,37.1,34.75,35.7,0.4874013662719727,8,1477
2026-05-02,US67066G1040,NVDA,2026-12-18,call,188.0,34.8,34.4,35.15,0.48624170989990234,19,1975
2026-05-02,US67066G1040,NVDA,2026-12-18,call,189.0,34.48,33.8,34.55,0.4841665353393555,5,4363
2026-05-02,US67066G1040,NVDA,2026-12-18,call,190.0,34.25,33.35,34.05,0.483678258972168,131,14810
2026-05-02,US67066G1040,NVDA,2026-12-18,call,191.0,33.3,32.6,33.5,0.4823049816894531,3,790
2026-05-02,US67066G1040,NVDA,2026-12-18,call,192.0,32.9,32.2,32.95,0.48080963531494136,38,946
2026-05-02,US67066G1040,NVDA,2026-12-18,call,193.0,34.35,31.55,32.4,0.4792532543945312,21,1598
2026-05-02,US67066G1040,NVDA,2026-12-18,call,194.0,31.9,31.15,31.9,0.4784598052978516,34,12883
2026-05-02,US67066G1040,NVDA,2026-12-18,call,195.0,31.3,30.7,31.0,0.47104410797119145,86,3884
2026-05-02,US67066G1040,NVDA,2026-12-18,call,200.0,28.45,28.25,28.6,0.467076862487793,534,27310
2026-05-02,US67066G1040,NVDA,2026-12-18,call,205.0,26.74,25.8,26.35,0.4635063415527344,61,2725
2026-05-02,US67066G1040,NVDA,2026-12-18,call,210.0,23.95,23.65,24.15,0.4587456469726563,410,7883
2026-05-02,US67066G1040,NVDA,2026-12-18,call,212.0,23.55,22.95,23.35,0.457585990600586,42,1615
2026-05-02,US67066G1040,NVDA,2026-12-18,call,213.0,23.45,22.55,22.95,0.4568535760498047,10,1912
2026-05-02,US67066G1040,NVDA,2026-12-18,call,214.0,22.85,22.15,22.65,0.4576775424194337,16,1087
2026-05-02,US67066G1040,NVDA,2026-12-18,call,215.0,21.97,21.8,22.2,0.4560296096801758,87,6218
2026-05-02,US67066G1040,NVDA,2026-12-18,call,216.0,22.25,21.35,21.9,0.4567009896850587,1,2379
2026-05-02,US67066G1040,NVDA,2026-12-18,call,217.0,21.35,21.0,21.55,0.4564873687744141,4,705
2026-05-02,US67066G1040,NVDA,2026-12-18,call,218.0,21.35,20.6,21.15,0.45538874694824216,6,837
2026-05-02,US67066G1040,NVDA,2026-12-18,call,219.0,21.0,20.2,20.8,0.4550530569458008,23,912
2026-05-02,US67066G1040,NVDA,2026-12-18,call,220.0,20.0,19.9,20.15,0.4498346032714844,2746,15716
2026-05-02,US67066G1040,NVDA,2026-12-18,call,221.0,20.28,19.55,19.95,0.45169615692138676,16,1661
2026-05-02,US67066G1040,NVDA,2026-12-18,call,222.0,19.9,19.2,19.6,0.45111632873535157,19,1419
2026-05-02,US67066G1040,NVDA,2026-12-18,call,223.0,19.63,18.85,19.4,0.45288633056640626,11,1306
2026-05-02,US67066G1040,NVDA,2026-12-18,call,224.0,19.26,18.5,19.05,0.45215391601562505,7,857
2026-05-02,US67066G1040,NVDA,2026-12-18,call,225.0,18.35,18.2,18.4,0.44653873779296877,373,11192
2026-05-02,US67066G1040,NVDA,2026-12-18,call,226.0,18.35,17.85,18.4,0.4512994323730469,14,2581
2026-05-02,US67066G1040,NVDA,2026-12-18,call,227.0,17.75,17.45,18.0,0.44955994781494135,2,1274
2026-05-02,US67066G1040,NVDA,2026-12-18,call,228.0,17.92,17.2,17.75,0.45017029327392577,2,21132
2026-05-02,US67066G1040,NVDA,2026-12-18,call,230.0,16.83,16.6,16.95,0.446294599609375,80,12338
2026-05-02,US67066G1040,NVDA,2026-12-18,call,235.0,15.45,15.1,15.55,0.44516546051025385,54,3757
2026-05-02,US67066G1040,NVDA,2026-12-18,call,240.0,14.35,13.8,14.15,0.442388388671875,309,12496
2026-05-02,US67066G1040,NVDA,2026-12-18,call,245.0,12.75,12.6,12.95,0.44135080139160154,69,4302
2026-05-02,US67066G1040,NVDA,2026-12-18,call,250.0,11.55,11.5,11.65,0.4369257968139648,772,18778
2026-05-02,US67066G1040,NVDA,2026-12-18,call,255.0,11.0,10.45,10.75,0.4381159704589844,64,3442
2026-05-02,US67066G1040,NVDA,2026-12-18,call,260.0,9.6,9.5,9.65,0.4341792422485352,277,11884
2026-05-02,US67066G1040,NVDA,2026-12-18,call,265.0,9.0,8.7,8.95,0.4364375204467773,70,2736
2026-05-02,US67066G1040,NVDA,2026-12-18,call,270.0,8.2,7.9,8.15,0.4354914849853516,304,10285
2026-05-02,US67066G1040,NVDA,2026-12-18,call,275.0,7.65,7.25,7.6,0.43848217773437503,62,5229
2026-05-02,US67066G1040,NVDA,2026-12-18,call,280.0,6.79,6.6,6.8,0.4349726913452149,165,29570
2026-05-02,US67066G1040,NVDA,2026-12-18,call,285.0,6.16,6.0,6.3,0.43686476226806636,5,493
2026-05-02,US67066G1040,NVDA,2026-12-18,call,290.0,5.77,5.45,5.7,0.4353694158935547,58,6306
2026-05-02,US67066G1040,NVDA,2026-12-18,call,295.0,5.17,5.0,5.25,0.4363459686279296,82,4213
2026-05-02,US67066G1040,NVDA,2026-12-18,call,300.0,4.85,4.6,4.8,0.4364070031738281,514,22864
2026-05-02,US67066G1040,NVDA,2026-12-18,call,305.0,4.35,4.2,4.45,0.4381770050048829,6,185
2026-05-02,US67066G1040,NVDA,2026-12-18,call,310.0,3.98,3.7,4.0,0.4361628649902344,6,4162
2026-05-02,US67066G1040,NVDA,2026-12-18,call,315.0,3.71,3.4,3.85,0.44214425048828127,40,97
2026-05-02,US67066G1040,NVDA,2026-12-18,call,320.0,3.38,3.25,3.4,0.4381770050048829,801,4173
2026-05-02,US67066G1040,NVDA,2026-12-18,call,325.0,3.18,2.97,3.25,0.4429987341308594,42,1324
2026-05-02,US67066G1040,NVDA,2026-12-18,call,330.0,2.91,2.8,3.0,0.4439142523193359,46,3212
2026-05-02,US67066G1040,NVDA,2026-12-18,call,335.0,2.63,2.52,2.68,0.4414118359375,33,220
2026-05-02,US67066G1040,NVDA,2026-12-18,call,340.0,2.44,2.35,2.47,0.44220528503417966,100,2450
2026-05-02,US67066G1040,NVDA,2026-12-18,call,345.0,2.29,2.16,2.27,0.4426325268554688,42,115
2026-05-02,US67066G1040,NVDA,2026-12-18,call,350.0,2.21,2.03,2.21,0.4484918432617187,5,3242
2026-05-02,US67066G1040,NVDA,2026-12-18,call,355.0,3.1,1.72,2.05,0.4495904650878906,4,218
2026-05-02,US67066G1040,NVDA,2026-12-18,call,360.0,1.8,1.74,1.9,0.4505670178222656,7,3216
2026-05-02,US67066G1040,NVDA,2026-12-18,call,365.0,2.49,1.44,1.78,0.4523980541992188,52,228
2026-05-02,US67066G1040,NVDA,2026-12-18,call,370.0,1.75,1.32,1.66,0.4537408142089844,1,1798
2026-05-02,US67066G1040,NVDA,2026-12-18,call,375.0,2.32,1.22,1.55,0.4552056433105469,4,24
2026-05-02,US67066G1040,NVDA,2026-12-18,call,380.0,1.39,1.13,1.43,0.4555718505859375,1,909
2026-05-02,US67066G1040,NVDA,2026-12-18,call,385.0,1.4,1.04,1.36,0.4583794396972657,3,12
2026-05-02,US67066G1040,NVDA,2026-12-18,call,390.0,1.11,1.1,1.28,0.4602104760742188,1,1326
2026-05-02,US67066G1040,NVDA,2026-12-18,call,400.0,1.04,0.96,1.02,0.4555718505859375,77,2379
2026-05-02,US67066G1040,NVDA,2026-12-18,call,410.0,0.89,0.84,0.88,0.45703667968750006,24,1785
2026-05-02,US67066G1040,NVDA,2026-12-18,call,420.0,0.81,0.75,0.78,0.4603325451660156,188,5130
2026-05-02,US67066G1040,NVDA,2026-12-18,call,430.0,792.57,842.25,858.95,0.0,4,83
2026-05-02,US67066G1040,NVDA,2026-12-18,call,440.0,833.17,834.6,851.35,0.0,1,92
2026-05-02,US67066G1040,NVDA,2026-12-18,call,450.0,847.63,828.0,843.8,0.0,1,70
2026-05-02,US67066G1040,NVDA,2026-12-18,call,460.0,809.35,820.15,836.25,0.0,1,107
2026-05-02,US67066G1040,NVDA,2026-12-18,call,470.0,810.3,812.7,828.8,0.0,2,39
2026-05-02,US67066G1040,NVDA,2026-12-18,call,480.0,813.2,806.0,821.4,0.0,3,83
2026-05-02,US67066G1040,NVDA,2026-12-18,call,490.0,806.28,797.9,814.05,0.0,1,276
2026-05-02,US67066G1040,NVDA,2026-12-18,call,500.0,797.0,790.85,805.9,0.0,7,528
2026-05-02,US67066G1040,NVDA,2026-12-18,call,510.0,793.7,784.0,799.45,0.0,3,211
2026-05-02,US67066G1040,NVDA,2026-12-18,call,520.0,726.86,776.0,792.25,0.0,1,132
2026-05-02,US67066G1040,NVDA,2026-12-18,call,530.0,692.05,768.45,785.05,0.0,1,114
2026-05-02,US67066G1040,NVDA,2026-12-18,call,540.0,762.35,761.85,777.95,0.0,1,71
2026-05-02,US67066G1040,NVDA,2026-12-18,call,550.0,749.95,754.8,770.9,0.0,1,389
2026-05-02,US67066G1040,NVDA,2026-12-18,call,560.0,755.0,748.0,763.95,0.0,2,96
2026-05-02,US67066G1040,NVDA,2026-12-18,call,570.0,739.64,740.0,757.0,0.0,1,69
2026-05-02,US67066G1040,NVDA,2026-12-18,call,580.0,727.94,734.2,749.25,0.0,3,102
2026-05-02,US67066G1040,NVDA,2026-12-18,call,590.0,670.0,727.15,743.3,0.0,1,1167
2026-05-02,US67066G1040,NVDA,2026-12-18,call,600.0,710.0,720.35,736.5,0.0,1,594
2026-05-02,US67066G1040,NVDA,2026-12-18,call,610.0,718.0,714.0,729.4,0.0,1,76
2026-05-02,US67066G1040,NVDA,2026-12-18,call,620.0,712.57,707.25,722.65,0.0,6,193
2026-05-02,US67066G1040,NVDA,2026-12-18,call,630.0,709.5,700.4,716.55,0.0,5,256
2026-05-02,US67066G1040,NVDA,2026-12-18,call,640.0,692.3,693.8,709.55,0.0,1,116
2026-05-02,US67066G1040,NVDA,2026-12-18,call,650.0,696.13,687.3,703.45,0.0,8,320
2026-05-02,US67066G1040,NVDA,2026-12-18,call,660.0,675.89,681.1,696.15,0.0,6,81
2026-05-02,US67066G1040,NVDA,2026-12-18,call,670.0,680.0,674.45,690.6,0.0,2,128
2026-05-02,US67066G1040,NVDA,2026-12-18,call,680.0,684.02,668.0,684.25,0.0,2,129
2026-05-02,US67066G1040,NVDA,2026-12-18,call,690.0,671.94,661.85,677.55,0.0,2,824
2026-05-02,US67066G1040,NVDA,2026-12-18,call,700.0,650.41,656.2,670.7,0.0,2,761
2026-05-02,US67066G1040,NVDA,2026-12-18,call,710.0,658.0,650.3,664.4,0.0,3,207
2026-05-02,US67066G1040,NVDA,2026-12-18,call,720.0,595.96,644.15,658.55,0.0,1,141
2026-05-02,US67066G1040,NVDA,2026-12-18,call,730.0,538.35,638.05,653.25,0.0,2,81
2026-05-02,US67066G1040,NVDA,2026-12-18,call,740.0,627.2,632.05,646.2,0.0,1,539
2026-05-02,US67066G1040,NVDA,2026-12-18,call,750.0,638.0,626.1,641.0,0.0,2,640
2026-05-02,US67066G1040,NVDA,2026-12-18,call,760.0,631.55,620.05,634.65,0.0,1,60
2026-05-02,US67066G1040,NVDA,2026-12-18,call,770.0,621.53,614.3,628.25,0.0,3,208
2026-05-02,US67066G1040,NVDA,2026-12-18,call,780.0,602.47,607.25,623.1,0.0,2,93
2026-05-02,US67066G1040,NVDA,2026-12-18,call,790.0,596.47,602.75,616.9,0.0,2,150
2026-05-02,US67066G1040,NVDA,2026-12-18,call,800.0,591.15,597.05,611.2,0.0,5,1713
2026-05-02,US67066G1040,NVDA,2026-12-18,call,810.0,582.67,591.45,605.75,0.0,3,238
2026-05-02,US67066G1040,NVDA,2026-12-18,call,820.0,582.1,585.85,600.25,0.0,1,263
2026-05-02,US67066G1040,NVDA,2026-12-18,call,830.0,572.66,580.4,594.75,0.0,2,302
2026-05-02,US67066G1040,NVDA,2026-12-18,call,840.0,584.48,574.9,589.65,0.0,7,230
2026-05-02,US67066G1040,NVDA,2026-12-18,call,850.0,572.0,569.5,583.65,0.0,2,585
2026-05-02,US67066G1040,NVDA,2026-12-18,call,860.0,573.0,564.0,578.05,0.0,7,271
2026-05-02,US67066G1040,NVDA,2026-12-18,call,870.0,563.49,558.75,572.6,0.0,1,247
2026-05-02,US67066G1040,NVDA,2026-12-18,call,880.0,557.0,553.35,567.65,0.0,2,720
2026-05-02,US67066G1040,NVDA,2026-12-18,call,890.0,553.4,548.15,562.2,0.0,35,124
2026-05-02,US67066G1040,NVDA,2026-12-18,call,900.0,548.77,543.05,557.1,0.0,16,1874
2026-05-02,US67066G1040,NVDA,2026-12-18,call,910.0,529.62,537.8,551.8,0.0,1,308
2026-05-02,US67066G1040,NVDA,2026-12-18,call,920.0,525.15,533.05,546.5,0.0,1,255
2026-05-02,US67066G1040,NVDA,2026-12-18,call,930.0,529.6,527.95,541.85,0.0,2,208
2026-05-02,US67066G1040,NVDA,2026-12-18,call,940.0,534.68,523.0,536.65,0.0,2,198
2026-05-02,US67066G1040,NVDA,2026-12-18,call,950.0,520.0,517.95,531.8,0.0,1,306
2026-05-02,US67066G1040,NVDA,2026-12-18,call,960.0,505.85,513.0,526.9,0.0,1,90
2026-05-02,US67066G1040,NVDA,2026-12-18,call,970.0,500.86,508.2,521.95,0.0,2,432
2026-05-02,US67066G1040,NVDA,2026-12-18,call,980.0,496.14,503.7,517.15,0.0,1,59
2026-05-02,US67066G1040,NVDA,2026-12-18,call,990.0,494.62,498.8,511.85,0.0,1,130
2026-05-02,US67066G1040,NVDA,2026-12-18,call,1000.0,500.0,499.0,506.4,0.0,29,1891
2026-05-02,US67066G1040,NVDA,2026-12-18,call,1010.0,483.7,489.35,503.3,0.0,5,87
2026-05-02,US67066G1040,NVDA,2026-12-18,call,1020.0,484.0,484.95,498.5,0.0,7,160
2026-05-02,US67066G1040,NVDA,2026-12-18,call,1030.0,477.0,483.7,490.4,0.0,2,60
2026-05-02,US67066G1040,NVDA,2026-12-18,call,1040.0,483.88,479.1,485.8,0.0,2,57
2026-05-02,US67066G1040,NVDA,2026-12-18,call,1050.0,475.32,474.5,481.9,0.0,5,1161
2026-05-02,US67066G1040,NVDA,2026-12-18,call,1060.0,466.0,470.3,476.95,0.0,1,51
2026-05-02,US67066G1040,NVDA,2026-12-18,call,1070.0,473.53,465.8,472.5,0.0,1,110
2026-05-02,US67066G1040,NVDA,2026-12-18,call,1080.0,464.85,461.45,468.2,0.0,1,147
2026-05-02,US67066G1040,NVDA,2026-12-18,call,1090.0,460.46,457.1,463.85,0.0,2,37
2026-05-02,US67066G1040,NVDA,2026-12-18,call,1100.0,458.14,453.45,459.2,0.0,43,1802
2026-05-02,US67066G1040,NVDA,2026-12-18,call,1110.0,453.9,449.0,455.45,0.0,4,77
2026-05-02,US67066G1040,NVDA,2026-12-18,call,1120.0,447.72,444.55,451.2,0.0,3,197
2026-05-02,US67066G1040,NVDA,2026-12-18,call,1130.0,440.0,440.25,447.15,0.0,2,278
2026-05-02,US67066G1040,NVDA,2026-12-18,call,1140.0,436.75,436.25,443.0,0.0,1,85
2026-05-02,US67066G1040,NVDA,2026-12-18,call,1150.0,436.0,432.7,438.45,0.0,6,181
2026-05-02,US67066G1040,NVDA,2026-12-18,call,1160.0,430.45,428.1,434.9,0.0,1,62
2026-05-02,US67066G1040,NVDA,2026-12-18,call,1170.0,428.05,424.1,428.0,0.0,26,114
2026-05-02,US67066G1040,NVDA,2026-12-18,call,1180.0,414.38,420.15,427.1,0.0,1,149
2026-05-02,US67066G1040,NVDA,2026-12-18,call,1190.0,424.72,416.25,423.1,0.0,10,87
2026-05-02,US67066G1040,NVDA,2026-12-18,call,1200.0,415.92,412.55,419.0,0.0,55,1201
2026-05-02,US67066G1040,NVDA,2026-12-18,call,1210.0,413.47,408.7,415.5,0.0,68,102
2026-05-02,US67066G1040,NVDA,2026-12-18,call,1220.0,411.05,404.85,411.7,0.0,16,350
2026-05-02,US67066G1040,NVDA,2026-12-18,call,1230.0,394.52,399.55,409.15,0.0,2,1771
2026-05-02,US67066G1040,NVDA,2026-12-18,call,1240.0,405.0,397.3,404.3,0.0,15,49
2026-05-02,US67066G1040,NVDA,2026-12-18,call,1250.0,398.05,394.25,400.05,0.0,31,673
2026-05-02,US67066G1040,NVDA,2026-12-18,call,1260.0,394.28,389.95,397.05,0.0,17,107
2026-05-02,US67066G1040,NVDA,2026-12-18,call,1270.0,382.61,386.5,393.4,0.0,3,35
2026-05-02,US67066G1040,NVDA,2026-12-18,call,1280.0,389.0,382.85,390.0,0.0,4,50
2026-05-02,US67066G1040,NVDA,2026-12-18,call,1290.0,369.28,379.3,386.3,0.0,4,93
2026-05-02,US67066G1040,NVDA,2026-12-18,call,1300.0,385.0,376.45,382.3,0.0,25,3764
2026-05-02,US67066G1040,NVDA,2026-12-18,call,1320.0,371.45,369.0,375.6,0.0,3,186
2026-05-02,US67066G1040,NVDA,2026-12-18,call,1340.0,365.23,362.2,368.95,0.0,1,165
2026-05-02,US67066G1040,NVDA,2026-12-18,call,1360.0,361.2,355.6,362.35,0.0,2,54
2026-05-02,US67066G1040,NVDA,2026-12-18,call,1380.0,349.08,349.15,355.35,0.0,7,247
2026-05-02,US67066G1040,NVDA,2026-12-18,call,1400.0,346.75,343.0,348.9,0.0,27,877
2026-05-02,US67066G1040,NVDA,2026-12-18,call,1420.0,341.32,336.6,342.85,0.0,4,84
2026-05-02,US67066G1040,NVDA,2026-12-18,call,1440.0,335.07,330.6,338.55,0.0,1,114
2026-05-02,US67066G1040,NVDA,2026-12-18,call,1460.0,328.0,324.6,331.35,0.0,3,164
2026-05-02,US67066G1040,NVDA,2026-12-18,call,1480.0,309.0,318.8,326.35,0.0,27,597
2026-05-02,US67066G1040,NVDA,2026-12-18,call,1500.0,318.0,313.6,318.5,0.0,24,742
2026-05-02,US67066G1040,NVDA,2026-12-18,call,1520.0,312.57,307.5,314.15,0.0,8,50
2026-05-02,US67066G1040,NVDA,2026-12-18,call,1540.0,305.77,301.95,308.45,0.0,80,100
2026-05-02,US67066G1040,NVDA,2026-12-18,call,1560.0,297.94,296.7,304.0,0.0,8,365
2026-05-02,US67066G1040,NVDA,2026-12-18,call,1580.0,294.32,291.3,298.3,0.0,8,42
2026-05-02,US67066G1040,NVDA,2026-12-18,call,1600.0,292.0,286.95,293.1,0.0,16,155
2026-05-02,US67066G1040,NVDA,2026-12-18,call,1620.0,289.05,281.3,287.6,0.0,1,102
2026-05-02,US67066G1040,NVDA,2026-12-18,call,1640.0,280.0,275.15,284.6,0.0,5,3193
2026-05-02,US67066G1040,NVDA,2026-12-18,call,1650.0,280.5,274.45,280.0,0.0,8,29
2026-05-02,US67066G1040,NVDA,2026-12-18,call,1660.0,219.12,271.35,277.75,0.0,10,67
2026-05-02,US67066G1040,NVDA,2026-12-18,call,1670.0,190.46,269.1,276.55,0.0,3,43
2026-05-02,US67066G1040,NVDA,2026-12-18,call,1680.0,262.92,266.8,272.55,0.0,4,95
2026-05-02,US67066G1040,NVDA,2026-12-18,call,1690.0,259.2,264.45,270.2,0.0,1,19
2026-05-02,US67066G1040,NVDA,2026-12-18,call,1700.0,265.62,262.75,268.85,0.0,11,141
2026-05-02,US67066G1040,NVDA,2026-12-18,call,1710.0,258.3,259.7,265.6,0.0,2,2
2026-05-02,US67066G1040,NVDA,2026-12-18,call,1720.0,262.55,258.65,263.4,0.0,2,6
2026-05-02,US67066G1040,NVDA,2026-12-18,call,1730.0,256.21,257.0,261.1,0.0,12,34
2026-05-02,US67066G1040,NVDA,2026-12-18,call,1740.0,250.06,254.8,258.8,0.0,2,256
2026-05-02,US67066G1040,NVDA,2026-12-18,call,1750.0,259.95,252.65,256.5,0.0,36,89
2026-05-02,US67066G1040,NVDA,2026-12-18,call,1760.0,256.85,248.9,256.0,0.0,10,1624
2026-05-02,US67066G1040,NVDA,2026-12-18,call,1770.0,252.6,248.3,252.6,0.0,6,32
2026-05-02,US67066G1040,NVDA,2026-12-18,call,1780.0,247.71,246.15,250.55,0.0,10,82
2026-05-02,US67066G1040,NVDA,2026-12-18,call,1790.0,239.0,244.1,248.4,0.0,3,240
2026-05-02,US67066G1040,NVDA,2026-12-18,call,1800.0,241.93,242.1,245.9,0.0,71,662
2026-05-02,US67066G1040,NVDA,2026-12-18,call,1810.0,116.85,239.6,244.55,0.0,8,18
2026-05-02,US67066G1040,NVDA,2026-12-18,call,1820.0,241.55,238.0,242.25,0.0,4,68
2026-05-02,US67066G1040,NVDA,2026-12-18,call,1830.0,227.74,235.9,240.2,0.0,2,40
2026-05-02,US67066G1040,NVDA,2026-12-18,call,1840.0,234.85,233.9,238.2,0.0,2,101
2026-05-02,US67066G1040,NVDA,2026-12-18,call,1850.0,232.0,232.0,235.85,0.0,1,36
2026-05-02,US67066G1040,NVDA,2026-12-18,call,1860.0,232.85,229.95,234.3,0.0,5,33
2026-05-02,US67066G1040,NVDA,2026-12-18,call,1870.0,235.37,228.05,231.9,0.0,9,67
2026-05-02,US67066G1040,NVDA,2026-12-18,call,1880.0,230.0,226.05,230.4,0.0,1,54
2026-05-02,US67066G1040,NVDA,2026-12-18,call,1890.0,220.65,224.35,228.5,0.0,1,37
2026-05-02,US67066G1040,NVDA,2026-12-18,call,1900.0,224.0,222.35,226.3,0.0,33,401
2026-05-02,US67066G1040,NVDA,2026-12-18,call,1910.0,220.97,220.55,224.45,0.0,3,20
2026-05-02,US67066G1040,NVDA,2026-12-18,call,1920.0,188.7,218.7,222.65,0.0,1,74
2026-05-02,US67066G1040,NVDA,2026-12-18,call,1930.0,181.4,216.8,220.8,0.0,2,101
2026-05-02,US67066G1040,NVDA,2026-12-18,call,1940.0,217.0,214.5,219.55,0.0,5,1895
2026-05-02,US67066G1040,NVDA,2026-12-18,call,1950.0,217.01,213.6,217.25,0.0,7,8
2026-05-02,US67066G1040,NVDA,2026-12-18,call,2000.0,206.64,204.75,208.65,0.0,212,283
2026-05-02,US67066G1040,NVDA,2026-12-18,call,2050.0,198.83,196.5,200.85,0.0,2,5
2026-05-02,US67066G1040,NVDA,2026-12-18,call,2100.0,186.4,188.9,192.6,6.239992434387206,4,64
2026-05-02,US67066G1040,NVDA,2026-12-18,call,2120.0,190.0,185.5,189.7,5.92248794845581,1,129
2026-05-02,US67066G1040,NVDA,2026-12-18,call,2130.0,186.65,184.0,188.15,5.7969998240661615,,6
2026-05-02,US67066G1040,NVDA,2026-12-18,call,2150.0,147.0,181.25,185.1,5.591799885253906,2,1
2026-05-02,US67066G1040,NVDA,2026-12-18,call,2170.0,150.36,178.15,182.35,5.416262995300292,,1
2026-05-02,US67066G1040,NVDA,2026-12-18,call,2180.0,170.5,176.8,180.95,5.342166408233641,,1
2026-05-02,US67066G1040,NVDA,2026-12-18,call,2200.0,176.05,174.35,178.1,5.211063056488036,2,87
2026-05-02,US67066G1040,NVDA,2026-12-18,call,2210.0,173.55,172.6,176.7,5.138919591979981,1,9
2026-05-02,US67066G1040,NVDA,2026-12-18,call,2220.0,184.7,171.25,175.35,5.080509020462037,,1
2026-05-02,US67066G1040,NVDA,2026-12-18,call,2230.0,137.8,170.15,174.0,5.029910939178466,2,1
2026-05-02,US67066G1040,NVDA,2026-12-18,call,2240.0,125.0,168.55,172.65,4.9710731221008295,4,1
2026-05-02,US67066G1040,NVDA,2026-12-18,call,2250.0,166.86,167.55,171.1,4.9226112686157215,40,16
2026-05-02,US67066G1040,NVDA,2026-12-18,call,2260.0,170.5,165.95,170.0,4.872989748611449,2,3
2026-05-02,US67066G1040,NVDA,2026-12-18,call,2270.0,162.3,164.7,168.7,4.827884824523926,21,20
2026-05-02,US67066G1040,NVDA,2026-12-18,call,2280.0,165.0,163.4,167.35,4.782535760116577,170,4395
2026-05-02,US67066G1040,NVDA,2026-12-18,call,2300.0,163.7,161.15,164.7,4.702640840454102,82,0
2026-05-02,US67066G1040,NVDA,2026-12-18,call,2350.0,154.05,155.05,158.6,4.521610793304443,1,5
2026-05-02,US67066G1040,NVDA,2026-12-18,call,2400.0,151.0,149.15,152.75,4.3665206551361075,13,107
2026-05-02,US67066G1040,NVDA,2026-12-18,call,2450.0,145.12,143.6,147.2,4.2336167685318,14,
2026-05-02,US67066G1040,NVDA,2026-12-18,call,2500.0,139.77,138.55,140.8,4.106785872383117,92,
2026-05-02,US67066G1040,NVDA,2026-12-18,put,0.5,0.01,0.0,0.01,2.50000375,10,31467
2026-05-02,US67066G1040,NVDA,2026-12-18,put,1.0,0.01,0.0,0.01,2.1250046874999997,1,5922
2026-05-02,US67066G1040,NVDA,2026-12-18,put,1.5,0.01,0.0,0.21,2.75781560546875,10,438
2026-05-02,US67066G1040,NVDA,2026-12-18,put,2.0,0.01,0.0,0.16,2.44531638671875,2,3346
2026-05-02,US67066G1040,NVDA,2026-12-18,put,2.5,0.01,0.0,0.01,1.75000125,10,4767
2026-05-02,US67066G1040,NVDA,2026-12-18,put,3.0,0.01,0.0,0.16,2.1796920507812496,60,1651
2026-05-02,US67066G1040,NVDA,2026-12-18,put,3.5,0.01,0.0,0.03,1.734376328125,39,198
2026-05-02,US67066G1040,NVDA,2026-12-18,put,4.0,0.1,0.0,0.16,2.000005,1,724
2026-05-02,US67066G1040,NVDA,2026-12-18,put,4.5,0.02,0.0,0.03,1.625001875,32,1079
2026-05-02,US67066G1040,NVDA,2026-12-18,put,5.0,0.01,0.0,0.01,1.4375028125,19,2531
2026-05-02,US67066G1040,NVDA,2026-12-18,put,6.0,0.1,0.0,0.11,1.6875015625,1,852
2026-05-02,US67066G1040,NVDA,2026-12-18,put,7.0,0.01,0.0,0.04,1.453127734375,1,1077
2026-05-02,US67066G1040,NVDA,2026-12-18,put,8.0,0.01,0.0,0.16,1.6015644921874999,3,908
2026-05-02,US67066G1040,NVDA,2026-12-18,put,9.0,0.02,0.0,0.09,1.44140904296875,1,1198
2026-05-02,US67066G1040,NVDA,2026-12-18,put,10.0,0.01,0.0,0.02,1.203128984375,85,12622
2026-05-02,US67066G1040,NVDA,2026-12-18,put,11.0,0.02,0.0,0.16,1.4257841210937499,3,2417
2026-05-02,US67066G1040,NVDA,2026-12-18,put,12.0,0.01,0.0,0.22,1.43359658203125,2,219
2026-05-02,US67066G1040,NVDA,2026-12-18,put,13.0,0.05,0.0,0.04,1.1640666796875,2,13051
2026-05-02,US67066G1040,NVDA,2026-12-18,put,14.0,0.02,0.0,0.01,1.000005,1,585
2026-05-02,US67066G1040,NVDA,2026-12-18,put,15.0,0.03,0.0,0.03,1.0781296093750001,1,7552
2026-05-02,US67066G1040,NVDA,2026-12-18,put,16.0,0.01,0.0,0.01,0.9687503125,20,622
2026-05-02,US67066G1040,NVDA,2026-12-18,put,17.0,0.01,0.0,0.01,0.937500625,110,2694
2026-05-02,US67066G1040,NVDA,2026-12-18,put,18.0,0.02,0.0,0.17,1.1796916015624999,5,1551
2026-05-02,US67066G1040,NVDA,2026-12-18,put,19.0,0.03,0.0,0.23,1.19141029296875,4,414
2026-05-02,US67066G1040,NVDA,2026-12-18,put,20.0,0.01,0.0,0.04,0.9765627343750001,480,17647
2026-05-02,US67066G1040,NVDA,2026-12-18,put,21.0,0.03,0.0,0.18,1.107426337890625,4,752
2026-05-02,US67066G1040,NVDA,2026-12-18,put,22.0,0.03,0.0,0.18,1.083988955078125,2,2276
2026-05-02,US67066G1040,NVDA,2026-12-18,put,23.0,0.1,0.01,0.14,1.0390673046875003,2,888
2026-05-02,US67066G1040,NVDA,2026-12-18,put,24.0,0.13,0.01,0.14,1.01953615234375,1,805
2026-05-02,US67066G1040,NVDA,2026-12-18,put,25.0,0.03,0.01,0.05,0.9101571484375,4,29913
2026-05-02,US67066G1040,NVDA,2026-12-18,put,26.0,0.05,0.01,0.11,0.9570316796874999,7,669
2026-05-02,US67066G1040,NVDA,2026-12-18,put,27.0,0.59,0.01,0.08,0.9101571484375,1,1303
2026-05-02,US67066G1040,NVDA,2026-12-18,put,28.0,0.1,0.0,0.0,0.500005,60,0
2026-05-02,US67066G1040,NVDA,2026-12-18,put,29.0,0.12,0.01,0.2,0.9609378906249999,3,743
2026-05-02,US67066G1040,NVDA,2026-12-18,put,30.0,0.02,0.02,0.06,0.851563984375,11,4733
2026-05-02,US67066G1040,NVDA,2026-12-18,put,31.0,0.12,0.02,0.21,0.937500625,3,898
2026-05-02,US67066G1040,NVDA,2026-12-18,put,32.0,0.1,0.02,0.21,0.92187578125,2,1226
2026-05-02,US67066G1040,NVDA,2026-12-18,put,33.0,0.07,0.02,0.1,0.8437515624999999,7,1217
2026-05-02,US67066G1040,NVDA,2026-12-18,put,34.0,0.1,0.02,0.22,0.8964854101562498,3,1243
2026-05-02,US67066G1040,NVDA,2026-12-18,put,35.0,0.09,0.04,0.09,0.8242205078124999,40,2442
2026-05-02,US67066G1040,NVDA,2026-12-18,put,36.0,0.1,0.01,0.16,0.8339860351562498,2,417
2026-05-02,US67066G1040,NVDA,2026-12-18,put,37.0,0.15,0.0,0.0,0.500005,20,0
2026-05-02,US67066G1040,NVDA,2026-12-18,put,38.0,0.1,0.05,0.24,0.85937640625,2,941
2026-05-02,US67066G1040,NVDA,2026-12-18,put,39.0,0.17,0.0,0.0,0.500005,20,0
2026-05-02,US67066G1040,NVDA,2026-12-18,put,40.0,0.1,0.07,0.12,0.7929708203125,3,7379
2026-05-02,US67066G1040,NVDA,2026-12-18,put,41.0,0.23,0.05,0.15,0.7851583984375,20,1272
2026-05-02,US67066G1040,NVDA,2026-12-18,put,42.0,0.08,0.06,0.17,0.7851583984375,2,640
2026-05-02,US67066G1040,NVDA,2026-12-18,put,43.0,0.1,0.06,0.17,0.773439765625,27,849
2026-05-02,US67066G1040,NVDA,2026-12-18,put,44.0,0.1,0.09,0.16,0.7695335546875001,6,1493
2026-05-02,US67066G1040,NVDA,2026-12-18,put,45.0,0.17,0.11,0.16,0.7656273437500001,50,13176
2026-05-02,US67066G1040,NVDA,2026-12-18,put,46.0,0.13,0.11,0.18,0.7617211328125001,3,1825
2026-05-02,US67066G1040,NVDA,2026-12-18,put,47.0,0.15,0.11,0.19,0.752932158203125,1,2696
2026-05-02,US67066G1040,NVDA,2026-12-18,put,48.0,0.18,0.12,0.16,0.73633076171875,1,1521
2026-05-02,US67066G1040,NVDA,2026-12-18,put,49.0,0.15,0.13,0.2,0.7402369726562499,5,1913
2026-05-02,US67066G1040,NVDA,2026-12-18,put,50.0,0.17,0.15,0.19,0.7334011035156249,1,9508
2026-05-02,US67066G1040,NVDA,2026-12-18,put,51.0,0.23,0.14,0.21,0.725588681640625,1,1941
2026-05-02,US67066G1040,NVDA,2026-12-18,put,52.0,0.37,0.16,0.2,0.717776259765625,2,1406
2026-05-02,US67066G1040,NVDA,2026-12-18,put,53.0,0.26,0.12,0.25,0.710940390625,1,704
2026-05-02,US67066G1040,NVDA,2026-12-18,put,54.0,0.23,0.17,0.25,0.7124052197265626,3,1895
2026-05-02,US67066G1040,NVDA,2026-12-18,put,55.0,0.2,0.17,0.25,0.70312796875,9,8457
2026-05-02,US67066G1040,NVDA,2026-12-18,put,56.0,0.22,0.18,0.26,0.6972686523437501,2,1909
2026-05-02,US67066G1040,NVDA,2026-12-18,put,57.0,0.55,0.19,0.29,0.6962920996093751,3,5451
2026-05-02,US67066G1040,NVDA,2026-12-18,put,58.0,0.2,0.21,0.31,0.694338994140625,10,5105
2026-05-02,US67066G1040,NVDA,2026-12-18,put,59.0,0.35,0.14,0.39,0.6870148486328126,1,403
2026-05-02,US67066G1040,NVDA,2026-12-18,put,60.0,0.3,0.24,0.29,0.6777375976562501,15,13664
2026-05-02,US67066G1040,NVDA,2026-12-18,put,61.0,0.29,0.26,0.34,0.6806672558593752,5,1896
2026-05-02,US67066G1040,NVDA,2026-12-18,put,62.0,0.3,0.2,0.4,0.6718782812500002,12,1200
2026-05-02,US67066G1040,NVDA,2026-12-18,put,63.0,0.34,0.27,0.42,0.6762727685546877,12,688
2026-05-02,US67066G1040,NVDA,2026-12-18,put,64.0,0.34,0.29,0.39,0.6660189648437502,9,1741
2026-05-02,US67066G1040,NVDA,2026-12-18,put,65.0,0.41,0.31,0.4,0.6616244775390626,9,15744
2026-05-02,US67066G1040,NVDA,2026-12-18,put,66.0,0.37,0.23,0.5,0.6557651611328126,1,498
2026-05-02,US67066G1040,NVDA,2026-12-18,put,67.0,0.39,0.36,0.44,0.6562534375000001,2,1196
2026-05-02,US67066G1040,NVDA,2026-12-18,put,68.0,0.5,0.37,0.45,0.6501499829101562,7,4418
2026-05-02,US67066G1040,NVDA,2026-12-18,put,69.0,0.4,0.36,0.47,0.6430699755859376,1,1564
2026-05-02,US67066G1040,NVDA,2026-12-18,put,70.0,0.41,0.39,0.49,0.64062859375,30,6252
2026-05-02,US67066G1040,NVDA,2026-12-18,put,71.0,0.54,0.4,0.51,0.6357458300781251,2,2678
2026-05-02,US67066G1040,NVDA,2026-12-18,put,72.0,0.62,0.42,0.53,0.631839619140625,100,14420
2026-05-02,US67066G1040,NVDA,2026-12-18,put,73.0,0.48,0.39,0.55,0.6228065063476562,10,563
2026-05-02,US67066G1040,NVDA,2026-12-18,put,74.0,0.57,0.4,0.63,0.624027197265625,2,995
2026-05-02,US67066G1040,NVDA,2026-12-18,put,75.0,0.54,0.52,0.56,0.6206092626953126,5,13283
2026-05-02,US67066G1040,NVDA,2026-12-18,put,76.0,0.57,0.5,0.62,0.6164589135742189,3,2346
2026-05-02,US67066G1040,NVDA,2026-12-18,put,77.0,0.6,0.56,0.65,0.6167030517578126,1,2231
2026-05-02,US67066G1040,NVDA,2026-12-18,put,78.0,0.58,0.55,0.67,0.6096230444335939,10,2116
2026-05-02,US67066G1040,NVDA,2026-12-18,put,79.0,0.67,0.59,0.7,0.6076699389648439,1,790
2026-05-02,US67066G1040,NVDA,2026-12-18,put,80.0,0.64,0.64,0.71,0.6047402807617189,2,13815
2026-05-02,US67066G1040,NVDA,2026-12-18,put,81.0,0.66,0.65,0.73,0.5993692407226563,5,1892
2026-05-02,US67066G1040,NVDA,2026-12-18,put,82.0,0.88,0.66,0.78,0.5961954443359375,4,3092
2026-05-02,US67066G1040,NVDA,2026-12-18,put,83.0,0.74,0.7,0.84,0.5959513061523438,3,1141
2026-05-02,US67066G1040,NVDA,2026-12-18,put,84.0,0.79,0.73,0.82,0.5891154370117189,5,1256
2026-05-02,US67066G1040,NVDA,2026-12-18,put,85.0,0.8,0.79,0.85,0.5876506079101562,2235,8233
2026-05-02,US67066G1040,NVDA,2026-12-18,put,86.0,0.84,0.79,0.9,0.5835002587890624,2,4102
2026-05-02,US67066G1040,NVDA,2026-12-18,put,87.0,0.93,0.83,1.01,0.5853312951660157,1,767
2026-05-02,US67066G1040,NVDA,2026-12-18,put,88.0,0.93,0.87,0.98,0.5786174951171875,6,1005
2026-05-02,US67066G1040,NVDA,2026-12-18,put,89.0,0.94,0.91,0.99,0.5742230078125,3,7602
2026-05-02,US67066G1040,NVDA,2026-12-18,put,90.0,0.98,0.98,1.03,0.5732464550781251,704,19406
2026-05-02,US67066G1040,NVDA,2026-12-18,put,91.0,1.03,1.01,1.08,0.570316796875,1,2101
2026-05-02,US67066G1040,NVDA,2026-12-18,put,92.0,1.11,1.03,1.11,0.5658002404785156,2,2498
2026-05-02,US67066G1040,NVDA,2026-12-18,put,93.0,1.0,1.07,1.18,0.5642133422851563,29,2322
2026-05-02,US67066G1040,NVDA,2026-12-18,put,94.0,1.08,1.11,1.2,0.5600629931640625,3,1023
2026-05-02,US67066G1040,NVDA,2026-12-18,put,95.0,1.22,1.17,1.24,0.5578657495117189,1,5828
2026-05-02,US67066G1040,NVDA,2026-12-18,put,96.0,1.24,1.21,1.29,0.5549360913085939,1,2051
2026-05-02,US67066G1040,NVDA,2026-12-18,put,97.0,1.11,1.23,1.36,0.5520064331054688,10,1194
2026-05-02,US67066G1040,NVDA,2026-12-18,put,98.0,1.45,1.29,1.45,0.5515181567382813,1,924
2026-05-02,US67066G1040,NVDA,2026-12-18,put,99.0,1.5,1.36,1.45,0.5474898767089844,30,2474
2026-05-02,US67066G1040,NVDA,2026-12-18,put,100.0,1.5,1.42,1.5,0.545048494873047,23,19566
2026-05-02,US67066G1040,NVDA,2026-12-18,put,101.0,1.5,1.47,1.55,0.5421188366699221,7,5327
2026-05-02,US67066G1040,NVDA,2026-12-18,put,102.0,1.52,1.53,1.6,0.5394333166503908,52,767
2026-05-02,US67066G1040,NVDA,2026-12-18,put,103.0,1.6,1.62,1.66,0.538212625732422,83,1382
2026-05-02,US67066G1040,NVDA,2026-12-18,put,104.0,1.69,1.66,1.79,0.5374802111816408,18,790
2026-05-02,US67066G1040,NVDA,2026-12-18,put,105.0,1.69,1.69,1.79,0.5317429638671876,4,4819
2026-05-02,US67066G1040,NVDA,2026-12-18,put,106.0,1.77,1.77,1.88,0.5306443420410156,2,846
2026-05-02,US67066G1040,NVDA,2026-12-18,put,107.0,1.91,1.81,1.94,0.5272264074707032,37,1567
2026-05-02,US67066G1040,NVDA,2026-12-18,put,108.0,1.94,1.9,1.98,0.5246629565429688,13,2664
2026-05-02,US67066G1040,NVDA,2026-12-18,put,109.0,1.65,1.94,2.07,0.5219774365234374,2,608
2026-05-02,US67066G1040,NVDA,2026-12-18,put,110.0,2.16,2.04,2.13,0.5202684692382812,1,18797
2026-05-02,US67066G1040,NVDA,2026-12-18,put,111.0,2.11,2.11,2.21,0.5179491564941407,2,777
2026-05-02,US67066G1040,NVDA,2026-12-18,put,112.0,2.21,2.16,2.29,0.5150194982910157,1,3658
2026-05-02,US67066G1040,NVDA,2026-12-18,put,113.0,2.3,2.28,2.36,0.5136767382812499,1,3208
2026-05-02,US67066G1040,NVDA,2026-12-18,put,114.0,2.4,2.33,2.46,0.5111132873535156,1,2186
2026-05-02,US67066G1040,NVDA,2026-12-18,put,115.0,2.5,2.43,2.52,0.508793974609375,2,6615
2026-05-02,US67066G1040,NVDA,2026-12-18,put,116.0,2.27,2.53,2.62,0.5073291455078125,1,4712
2026-05-02,US67066G1040,NVDA,2026-12-18,put,117.0,2.58,2.63,2.71,0.5054981091308592,10,1757
2026-05-02,US67066G1040,NVDA,2026-12-18,put,118.0,2.35,2.67,2.81,0.5023243127441408,21,1538
2026-05-02,US67066G1040,NVDA,2026-12-18,put,119.0,2.85,2.69,2.97,0.5000660345458985,50,1338
2026-05-02,US67066G1040,NVDA,2026-12-18,put,120.0,2.93,2.91,2.98,0.5004932763671875,220,16738
2026-05-02,US67066G1040,NVDA,2026-12-18,put,121.0,3.15,2.99,3.15,0.5015918981933594,13,1102
2026-05-02,US67066G1040,NVDA,2026-12-18,put,122.0,3.15,3.05,3.2,0.4971363763427735,1,1484
2026-05-02,US67066G1040,NVDA,2026-12-18,put,123.0,3.15,3.15,3.3,0.49487809814453126,2,1406
2026-05-02,US67066G1040,NVDA,2026-12-18,put,124.0,2.81,3.25,3.45,0.49457292541503906,2,8099
2026-05-02,US67066G1040,NVDA,2026-12-18,put,125.0,3.5,3.4,3.55,0.49207050903320315,19,22418
2026-05-02,US67066G1040,NVDA,2026-12-18,put,126.0,3.7,3.5,3.65,0.48944602355957045,1,3529
2026-05-02,US67066G1040,NVDA,2026-12-18,put,127.0,3.64,3.6,3.75,0.48682153808593753,1,4458
2026-05-02,US67066G1040,NVDA,2026-12-18,put,128.0,3.33,3.7,3.95,0.48792015991210946,4,1223
2026-05-02,US67066G1040,NVDA,2026-12-18,put,129.0,3.45,3.85,4.05,0.4849905017089844,1,2134
2026-05-02,US67066G1040,NVDA,2026-12-18,put,130.0,3.95,4.0,4.15,0.4820608435058594,17,11799
2026-05-02,US67066G1040,NVDA,2026-12-18,put,132.0,4.28,4.25,4.45,0.47949739257812496,5,3145
2026-05-02,US67066G1040,NVDA,2026-12-18,put,134.0,4.65,4.55,4.7,0.4747977325439453,1,2755
2026-05-02,US67066G1040,NVDA,2026-12-18,put,135.0,4.65,4.7,4.85,0.4731497998046875,11,5908
2026-05-02,US67066G1040,NVDA,2026-12-18,put,136.0,4.03,4.85,5.0,0.47137979797363283,1,1626
2026-05-02,US67066G1040,NVDA,2026-12-18,put,138.0,5.2,5.15,5.3,0.46753462158203124,6,4151
2026-05-02,US67066G1040,NVDA,2026-12-18,put,140.0,5.4,5.5,5.6,0.46332323791503904,34,20731
2026-05-02,US67066G1040,NVDA,2026-12-18,put,142.0,5.8,5.8,6.0,0.4616753051757813,1,1583
2026-05-02,US67066G1040,NVDA,2026-12-18,put,144.0,6.2,6.15,6.35,0.45807426696777354,1,1676
2026-05-02,US67066G1040,NVDA,2026-12-18,put,145.0,6.35,6.35,6.55,0.4568535760498047,7,7455
2026-05-02,US67066G1040,NVDA,2026-12-18,put,146.0,6.55,6.55,6.75,0.45551081604003907,1,3847
2026-05-02,US67066G1040,NVDA,2026-12-18,put,148.0,6.95,6.9,7.15,0.4524590887451172,1,2887
2026-05-02,US67066G1040,NVDA,2026-12-18,put,150.0,7.35,7.35,7.5,0.447698394165039,379,21239
2026-05-02,US67066G1040,NVDA,2026-12-18,put,152.0,7.8,7.75,8.0,0.44635563415527346,1,1644
2026-05-02,US67066G1040,NVDA,2026-12-18,put,154.0,8.25,8.05,8.45,0.4433039068603516,1,1034
2026-05-02,US67066G1040,NVDA,2026-12-18,put,155.0,8.5,8.45,8.7,0.44220528503417966,28,10591
2026-05-02,US67066G1040,NVDA,2026-12-18,put,156.0,8.7,8.7,8.95,0.44101511138916016,5,1431
2026-05-02,US67066G1040,NVDA,2026-12-18,put,158.0,9.15,9.2,9.4,0.4371394177246094,8,2832
2026-05-02,US67066G1040,NVDA,2026-12-18,put,160.0,9.7,9.7,9.95,0.435125277709961,210,30294
2026-05-02,US67066G1040,NVDA,2026-12-18,put,162.0,10.3,10.25,10.5,0.43268389587402345,11,1712
2026-05-02,US67066G1040,NVDA,2026-12-18,put,164.0,10.63,10.8,11.05,0.4297847549438477,4,6320
2026-05-02,US67066G1040,NVDA,2026-12-18,put,165.0,11.16,11.1,11.35,0.428716650390625,21,6529
2026-05-02,US67066G1040,NVDA,2026-12-18,put,166.0,11.25,11.2,11.65,0.4275264767456055,1,1125
2026-05-02,US67066G1040,NVDA,2026-12-18,put,167.0,11.8,11.7,11.95,0.42624475128173833,2,2824
2026-05-02,US67066G1040,NVDA,2026-12-18,put,168.0,11.91,11.95,12.25,0.42484095672607425,4,1436
2026-05-02,US67066G1040,NVDA,2026-12-18,put,169.0,12.15,12.2,12.55,0.4233456103515625,1,756
2026-05-02,US67066G1040,NVDA,2026-12-18,put,170.0,12.73,12.65,12.9,0.42273526489257807,103,16136
2026-05-02,US67066G1040,NVDA,2026-12-18,put,171.0,12.7,12.9,13.2,0.42102629760742194,13,2387
2026-05-02,US67066G1040,NVDA,2026-12-18,put,172.0,13.4,13.25,13.55,0.42020233123779294,6,1265
2026-05-02,US67066G1040,NVDA,2026-12-18,put,173.0,13.77,13.45,13.85,0.41831026031494134,5,1113
2026-05-02,US67066G1040,NVDA,2026-12-18,put,174.0,14.1,13.85,14.2,0.41727267303466786,3,1297
2026-05-02,US67066G1040,NVDA,2026-12-18,put,175.0,14.2,14.3,14.55,0.4161435339355468,111,8142
2026-05-02,US67066G1040,NVDA,2026-12-18,put,176.0,14.8,14.55,14.9,0.41489232574462886,27,1011
2026-05-02,US67066G1040,NVDA,2026-12-18,put,177.0,15.2,14.95,15.25,0.413519048461914,121,891
2026-05-02,US67066G1040,NVDA,2026-12-18,put,178.0,15.07,15.3,15.65,0.41296973754882804,105,2202
2026-05-02,US67066G1040,NVDA,2026-12-18,put,179.0,15.65,15.7,16.0,0.41144387390136716,27,1918
2026-05-02,US67066G1040,NVDA,2026-12-18,put,180.0,16.0,16.1,16.4,0.4106809420776367,121,17621
2026-05-02,US67066G1040,NVDA,2026-12-18,put,181.0,16.15,16.45,16.85,0.4106809420776367,1,2938
2026-05-02,US67066G1040,NVDA,2026-12-18,put,182.0,16.7,16.8,17.2,0.40881938842773435,91,2128
2026-05-02,US67066G1040,NVDA,2026-12-18,put,183.0,16.8,17.25,17.55,0.40689680023193364,83,2577
2026-05-02,US67066G1040,NVDA,2026-12-18,put,184.0,17.9,17.65,18.0,0.4065916275024414,1,1738
2026-05-02,US67066G1040,NVDA,2026-12-18,put,185.0,18.27,18.1,18.4,0.4053099020385742,171,8637
2026-05-02,US67066G1040,NVDA,2026-12-18,put,186.0,17.95,18.45,18.8,0.4039366247558594,60,1669
2026-05-02,US67066G1040,NVDA,2026-12-18,put,187.0,18.45,18.95,19.2,0.4024717956542969,100,2262
2026-05-02,US67066G1040,NVDA,2026-12-18,put,188.0,19.7,19.3,19.65,0.4017698983764648,1,1497
2026-05-02,US67066G1040,NVDA,2026-12-18,put,189.0,20.25,19.6,20.1,0.4009459320068359,2,1318
2026-05-02,US67066G1040,NVDA,2026-12-18,put,190.0,20.32,20.3,20.5,0.3991759301757813,106,5763
2026-05-02,US67066G1040,NVDA,2026-12-18,put,191.0,20.65,20.65,20.95,0.3981688601684571,56,1622
2026-05-02,US67066G1040,NVDA,2026-12-18,put,192.0,20.5,20.95,21.45,0.39786368743896483,26,755
2026-05-02,US67066G1040,NVDA,2026-12-18,put,193.0,21.0,21.4,21.9,0.3966429965209961,30,923
2026-05-02,US67066G1040,NVDA,2026-12-18,put,194.0,21.24,21.85,22.35,0.3953307537841797,1,1191
2026-05-02,US67066G1040,NVDA,2026-12-18,put,195.0,22.66,22.6,22.85,0.3947204083251954,12,2442
2026-05-02,US67066G1040,NVDA,2026-12-18,put,200.0,24.75,24.95,25.3,0.38941040283203127,465,8668
2026-05-02,US67066G1040,NVDA,2026-12-18,put,205.0,27.47,27.55,27.95,0.3848938464355468,25,2087
2026-05-02,US67066G1040,NVDA,2026-12-18,put,210.0,30.1,30.35,30.75,0.3803467727661133,88,3314
2026-05-02,US67066G1040,NVDA,2026-12-18,put,212.0,31.0,31.4,31.9,0.3783326327514648,6,390
2026-05-02,US67066G1040,NVDA,2026-12-18,put,213.0,27.12,31.95,32.5,0.37760021820068357,1,488
2026-05-02,US67066G1040,NVDA,2026-12-18,put,214.0,27.62,32.55,33.1,0.37674573455810545,1,431
2026-05-02,US67066G1040,NVDA,2026-12-18,put,215.0,32.3,33.2,33.7,0.37579969909667965,3,2234
2026-05-02,US67066G1040,NVDA,2026-12-18,put,216.0,28.34,33.75,34.3,0.37476211181640623,4,819
2026-05-02,US67066G1040,NVDA,2026-12-18,put,217.0,31.2,34.35,34.95,0.374456939086914,2,379
2026-05-02,US67066G1040,NVDA,2026-12-18,put,218.0,34.6,34.95,35.6,0.37402969726562496,1,475
2026-05-02,US67066G1040,NVDA,2026-12-18,put,219.0,35.26,35.6,36.25,0.3735109036254882,22,345
2026-05-02,US67066G1040,NVDA,2026-12-18,put,220.0,36.09,36.2,36.85,0.37210710906982425,2506,1740
2026-05-02,US67066G1040,NVDA,2026-12-18,put,221.0,29.75,36.85,37.5,0.37140521179199215,4,398
2026-05-02,US67066G1040,NVDA,2026-12-18,put,222.0,37.0,37.5,38.15,0.3706422799682617,2,260
2026-05-02,US67066G1040,NVDA,2026-12-18,put,223.0,38.25,38.1,38.8,0.36975727905273437,19,233
2026-05-02,US67066G1040,NVDA,2026-12-18,put,224.0,38.88,38.75,39.45,0.3687807263183594,1,203
2026-05-02,US67066G1040,NVDA,2026-12-18,put,225.0,39.53,39.4,40.15,0.36853658813476564,3,2963
2026-05-02,US67066G1040,NVDA,2026-12-18,put,226.0,34.92,40.1,40.8,0.36737693176269537,1,248
2026-05-02,US67066G1040,NVDA,2026-12-18,put,227.0,33.35,40.75,41.5,0.36694968994140625,2,160
2026-05-02,US67066G1040,NVDA,2026-12-18,put,228.0,35.6,41.4,42.4,0.3698183135986328,2,1908
2026-05-02,US67066G1040,NVDA,2026-12-18,put,230.0,42.4,42.75,43.5,0.3634707208251954,22,1531
2026-05-02,US67066G1040,NVDA,2026-12-18,put,235.0,46.67,46.25,47.0,0.3586184744262696,2,438
2026-05-02,US67066G1040,NVDA,2026-12-18,put,240.0,49.45,49.9,50.85,0.35773347351074214,2,567
2026-05-02,US67066G1040,NVDA,2026-12-18,put,245.0,45.12,53.65,54.7,0.35474278076171867,9,593
2026-05-02,US67066G1040,NVDA,2026-12-18,put,250.0,57.25,57.5,58.65,0.3515384671020507,1,1052
2026-05-02,US67066G1040,NVDA,2026-12-18,put,255.0,54.4,61.45,62.7,0.3482120843505859,2,937
2026-05-02,US67066G1040,NVDA,2026-12-18,put,260.0,64.59,65.5,66.9,0.3460148406982422,1,937
2026-05-02,US67066G1040,NVDA,2026-12-18,put,265.0,69.25,69.7,71.15,0.34290207885742185,1,736
2026-05-02,US67066G1040,NVDA,2026-12-18,put,270.0,74.7,73.95,75.5,0.3402165588378906,2,1328
2026-05-02,US67066G1040,NVDA,2026-12-18,put,275.0,80.75,78.25,79.9,0.3367986242675781,23,987
2026-05-02,US67066G1040,NVDA,2026-12-18,put,280.0,73.0,82.65,84.5,0.33728690063476563,1,241
2026-05-02,US67066G1040,NVDA,2026-12-18,put,285.0,75.7,87.15,89.1,0.33618827880859375,1,10
2026-05-02,US67066G1040,NVDA,2026-12-18,put,290.0,80.55,91.6,93.75,0.33521172607421873,5,7
2026-05-02,US67066G1040,NVDA,2026-12-18,put,295.0,127.25,96.25,98.45,0.33447931152343746,2,0
2026-05-02,US67066G1040,NVDA,2026-12-18,put,300.0,87.75,100.6,103.5,0.3467472552490234,2,105
2026-05-02,US67066G1040,NVDA,2026-12-18,put,310.0,111.56,110.1,113.2,0.3537662280273437,4,5
2026-05-02,US67066G1040,NVDA,2026-12-18,put,320.0,120.97,120.05,122.55,0.33814138427734375,103,100
2026-05-02,US67066G1040,NVDA,2026-12-18,put,330.0,121.63,130.05,132.5,0.35169105346679685,4,4
2026-05-02,US67066G1040,NVDA,2026-12-18,put,340.0,159.82,140.0,142.55,0.3709779699707031,1501,0
2026-05-02,US67066G1040,NVDA,2026-12-18,put,350.0,169.79,150.0,152.7,0.39600213378906257,1502,0
2026-05-02,US67066G1040,NVDA,2026-12-18,put,360.0,183.78,159.95,162.6,0.40479110839843746,1,0
2026-05-02,US67066G1040,NVDA,2026-12-18,put,370.0,186.77,0.0,0.0,1.0000000000000003e-05,4,0
2026-05-02,US67066G1040,NVDA,2026-12-18,put,380.0,195.27,190.35,194.7,0.7463404272460938,30,0
2026-05-02,US67066G1040,NVDA,2026-12-18,put,390.0,15.32,13.9,15.65,1.0000000000000003e-05,1,56
2026-05-02,US67066G1040,NVDA,2026-12-18,put,400.0,15.75,14.95,16.0,1.0000000000000003e-05,6,679
2026-05-02,US67066G1040,NVDA,2026-12-18,put,410.0,225.26,220.25,224.75,0.7967244448852538,1,0
2026-05-02,US67066G1040,NVDA,2026-12-18,put,420.0,18.75,16.45,18.8,1.0000000000000003e-05,1,58
2026-05-02,US67066G1040,NVDA,2026-12-18,put,430.0,22.05,17.65,20.1,1.0000000000000003e-05,1,92
2026-05-02,US67066G1040,NVDA,2026-12-18,put,440.0,20.99,18.85,21.35,1.0000000000000003e-05,5,117
2026-05-02,US67066G1040,NVDA,2026-12-18,put,450.0,22.1,20.55,22.2,1.0000000000000003e-05,15,1614
2026-05-02,US67066G1040,NVDA,2026-12-18,put,460.0,23.35,21.4,24.05,1.0000000000000003e-05,1,100
2026-05-02,US67066G1040,NVDA,2026-12-18,put,470.0,25.19,22.8,25.45,1.0000000000000003e-05,5,142
2026-05-02,US67066G1040,NVDA,2026-12-18,put,480.0,26.25,24.2,26.95,1.0000000000000003e-05,2,110
2026-05-02,US67066G1040,NVDA,2026-12-18,put,490.0,28.1,25.7,28.45,1.0000000000000003e-05,4,76
2026-05-02,US67066G1040,NVDA,2026-12-18,put,500.0,28.8,28.8,29.65,1.0000000000000003e-05,11,1244
2026-05-02,US67066G1040,NVDA,2026-12-18,put,510.0,30.6,29.6,31.35,1.0000000000000003e-05,2,177
2026-05-02,US67066G1040,NVDA,2026-12-18,put,520.0,33.8,31.0,33.0,1.0000000000000003e-05,18,85
2026-05-02,US67066G1040,NVDA,2026-12-18,put,530.0,35.45,32.95,34.8,1.0000000000000003e-05,2,79
2026-05-02,US67066G1040,NVDA,2026-12-18,put,540.0,36.2,34.55,37.25,1.0000000000000003e-05,1,242
2026-05-02,US67066G1040,NVDA,2026-12-18,put,550.0,38.0,36.85,38.5,1.0000000000000003e-05,3,292
2026-05-02,US67066G1040,NVDA,2026-12-18,put,560.0,47.87,38.05,40.45,1.0000000000000003e-05,2,148
2026-05-02,US67066G1040,NVDA,2026-12-18,put,570.0,42.75,41.0,42.45,1.0000000000000003e-05,2,532
2026-05-02,US67066G1040,NVDA,2026-12-18,put,580.0,51.5,42.6,44.65,1.0000000000000003e-05,30,685
2026-05-02,US67066G1040,NVDA,2026-12-18,put,590.0,46.26,44.0,47.3,1.0000000000000003e-05,1,46
2026-05-02,US67066G1040,NVDA,2026-12-18,put,600.0,47.7,46.0,47.9,1.0000000000000003e-05,22,1771
2026-05-02,US67066G1040,NVDA,2026-12-18,put,610.0,50.02,48.55,50.8,1.0000000000000003e-05,2,291
2026-05-02,US67066G1040,NVDA,2026-12-18,put,620.0,54.47,50.5,53.05,1.0000000000000003e-05,2,207
2026-05-02,US67066G1040,NVDA,2026-12-18,put,630.0,54.66,54.4,55.55,1.0000000000000003e-05,2,117
2026-05-02,US67066G1040,NVDA,2026-12-18,put,640.0,58.9,55.25,58.75,1.0000000000000003e-05,3,50
2026-05-02,US67066G1040,NVDA,2026-12-18,put,650.0,60.6,58.9,60.65,1.0000000000000003e-05,4,2038
2026-05-02,US67066G1040,NVDA,2026-12-18,put,660.0,68.38,60.0,63.8,1.0000000000000003e-05,5,96
2026-05-02,US67066G1040,NVDA,2026-12-18,put,670.0,65.0,62.5,66.4,1.0000000000000003e-05,1,110
2026-05-02,US67066G1040,NVDA,2026-12-18,put,680.0,68.8,65.65,68.8,1.0000000000000003e-05,2,182
2026-05-02,US67066G1040,NVDA,2026-12-18,put,690.0,72.9,68.4,71.5,1.0000000000000003e-05,1,279
2026-05-02,US67066G1040,NVDA,2026-12-18,put,700.0,73.05,70.4,73.6,1.0000000000000003e-05,2,827
2026-05-02,US67066G1040,NVDA,2026-12-18,put,710.0,74.69,73.85,76.65,1.0000000000000003e-05,12,77
2026-05-02,US67066G1040,NVDA,2026-12-18,put,720.0,81.85,76.15,79.25,1.0000000000000003e-05,20,1667
2026-05-02,US67066G1040,NVDA,2026-12-18,put,730.0,84.65,79.45,82.5,1.0000000000000003e-05,20,57
2026-05-02,US67066G1040,NVDA,2026-12-18,put,740.0,84.61,82.3,85.5,1.0000000000000003e-05,6,124
2026-05-02,US67066G1040,NVDA,2026-12-18,put,750.0,87.25,85.55,88.35,1.0000000000000003e-05,12,399
2026-05-02,US67066G1040,NVDA,2026-12-18,put,760.0,93.4,88.35,91.65,1.0000000000000003e-05,2,188
2026-05-02,US67066G1040,NVDA,2026-12-18,put,770.0,92.8,91.6,94.85,1.0000000000000003e-05,3,117
2026-05-02,US67066G1040,NVDA,2026-12-18,put,780.0,97.0,94.9,98.05,1.0000000000000003e-05,8,154
2026-05-02,US67066G1040,NVDA,2026-12-18,put,790.0,100.25,98.2,101.25,1.0000000000000003e-05,1,78
2026-05-02,US67066G1040,NVDA,2026-12-18,put,800.0,102.78,101.45,104.5,1.0000000000000003e-05,20,405
2026-05-02,US67066G1040,NVDA,2026-12-18,put,810.0,107.18,104.85,108.05,1.0000000000000003e-05,8,221
2026-05-02,US67066G1040,NVDA,2026-12-18,put,820.0,110.6,108.25,111.55,1.0000000000000003e-05,12,121
2026-05-02,US67066G1040,NVDA,2026-12-18,put,830.0,112.93,111.7,115.05,1.0000000000000003e-05,1,141
2026-05-02,US67066G1040,NVDA,2026-12-18,put,840.0,122.23,115.25,118.55,1.0000000000000003e-05,5,57
2026-05-02,US67066G1040,NVDA,2026-12-18,put,850.0,124.75,118.8,122.1,1.0000000000000003e-05,7,183
2026-05-02,US67066G1040,NVDA,2026-12-18,put,860.0,124.0,122.4,125.95,1.0000000000000003e-05,2,61
2026-05-02,US67066G1040,NVDA,2026-12-18,put,870.0,133.0,126.05,129.75,1.0000000000000003e-05,1,55
2026-05-02,US67066G1040,NVDA,2026-12-18,put,880.0,137.0,129.9,133.55,1.0000000000000003e-05,1,78
2026-05-02,US67066G1040,NVDA,2026-12-18,put,890.0,138.4,133.6,137.0,1.0000000000000003e-05,6,114
2026-05-02,US67066G1040,NVDA,2026-12-18,put,900.0,139.0,137.7,141.1,1.0000000000000003e-05,11,317
2026-05-02,US67066G1040,NVDA,2026-12-18,put,910.0,147.8,141.55,145.2,1.0000000000000003e-05,2,107
2026-05-02,US67066G1040,NVDA,2026-12-18,put,920.0,152.0,145.5,149.0,1.0000000000000003e-05,1,111
2026-05-02,US67066G1040,NVDA,2026-12-18,put,930.0,154.25,149.65,152.9,1.0000000000000003e-05,32,127
2026-05-02,US67066G1040,NVDA,2026-12-18,put,940.0,161.0,153.45,157.5,1.0000000000000003e-05,1,59
2026-05-02,US67066G1040,NVDA,2026-12-18,put,950.0,160.28,157.8,161.5,1.0000000000000003e-05,1,148
2026-05-02,US67066G1040,NVDA,2026-12-18,put,960.0,164.74,161.95,165.95,1.0000000000000003e-05,1,44
2026-05-02,US67066G1040,NVDA,2026-12-18,put,970.0,172.5,166.15,170.3,1.0000000000000003e-05,53,70
2026-05-02,US67066G1040,NVDA,2026-12-18,put,980.0,174.74,170.4,174.65,1.0000000000000003e-05,2,30
2026-05-02,US67066G1040,NVDA,2026-12-18,put,990.0,178.45,174.75,179.0,1.0000000000000003e-05,2,133
2026-05-02,US67066G1040,NVDA,2026-12-18,put,1000.0,182.0,179.25,182.65,1.0000000000000003e-05,12,444
2026-05-02,US67066G1040,NVDA,2026-12-18,put,1010.0,190.0,183.75,188.0,1.0000000000000003e-05,2,28
2026-05-02,US67066G1040,NVDA,2026-12-18,put,1020.0,194.0,188.25,192.25,1.0000000000000003e-05,2,18
2026-05-02,US67066G1040,NVDA,2026-12-18,put,1030.0,197.8,192.7,197.25,1.0000000000000003e-05,1,19
2026-05-02,US67066G1040,NVDA,2026-12-18,put,1040.0,200.62,197.2,201.9,1.0000000000000003e-05,2,33
2026-05-02,US67066G1040,NVDA,2026-12-18,put,1050.0,204.22,202.2,206.15,1.0000000000000003e-05,4,95
2026-05-02,US67066G1040,NVDA,2026-12-18,put,1060.0,234.33,206.8,211.3,1.0000000000000003e-05,1,20
2026-05-02,US67066G1040,NVDA,2026-12-18,put,1070.0,214.95,211.5,216.2,1.0000000000000003e-05,5,7
2026-05-02,US67066G1040,NVDA,2026-12-18,put,1080.0,212.8,216.4,221.1,1.0000000000000003e-05,1,16
2026-05-02,US67066G1040,NVDA,2026-12-18,put,1090.0,224.53,221.2,225.65,1.0000000000000003e-05,3,6
2026-05-02,US67066G1040,NVDA,2026-12-18,put,1100.0,229.6,226.35,230.75,1.0000000000000003e-05,2,336
2026-05-02,US67066G1040,NVDA,2026-12-18,put,1110.0,234.0,231.25,236.0,1.0000000000000003e-05,6,37
2026-05-02,US67066G1040,NVDA,2026-12-18,put,1120.0,231.27,236.15,240.65,1.0000000000000003e-05,1,194
2026-05-02,US67066G1040,NVDA,2026-12-18,put,1130.0,245.58,241.15,245.55,1.0000000000000003e-05,2,254
2026-05-02,US67066G1040,NVDA,2026-12-18,put,1140.0,249.98,246.1,250.8,1.0000000000000003e-05,4,29
2026-05-02,US67066G1040,NVDA,2026-12-18,put,1150.0,254.66,251.7,255.55,1.0000000000000003e-05,8,119
2026-05-02,US67066G1040,NVDA,2026-12-18,put,1160.0,260.37,256.7,259.7,1.0000000000000003e-05,3,5
2026-05-02,US67066G1040,NVDA,2026-12-18,put,1170.0,271.37,262.05,266.5,1.0000000000000003e-05,1,4
2026-05-02,US67066G1040,NVDA,2026-12-18,put,1180.0,276.73,267.25,271.95,1.0000000000000003e-05,1,240
2026-05-02,US67066G1040,NVDA,2026-12-18,put,1190.0,272.8,272.4,277.25,1.0000000000000003e-05,14,8
2026-05-02,US67066G1040,NVDA,2026-12-18,put,1200.0,280.36,274.65,287.8,1.0000000000000003e-05,26,238
2026-05-02,US67066G1040,NVDA,2026-12-18,put,1210.0,285.37,278.0,288.8,1.0000000000000003e-05,1,41
2026-05-02,US67066G1040,NVDA,2026-12-18,put,1220.0,294.0,282.8,295.4,1.0000000000000003e-05,1,104
2026-05-02,US67066G1040,NVDA,2026-12-18,put,1230.0,296.85,288.7,301.05,1.0000000000000003e-05,1,8
2026-05-02,US67066G1040,NVDA,2026-12-18,put,1240.0,293.1,294.8,309.3,1.0000000000000003e-05,1,30
2026-05-02,US67066G1040,NVDA,2026-12-18,put,1250.0,316.94,300.7,315.85,1.0000000000000003e-05,2,32
2026-05-02,US67066G1040,NVDA,2026-12-18,put,1260.0,324.9,306.7,318.2,1.0000000000000003e-05,1,68
2026-05-02,US67066G1040,NVDA,2026-12-18,put,1270.0,344.51,312.45,324.55,1.0000000000000003e-05,1,66
2026-05-02,US67066G1040,NVDA,2026-12-18,put,1280.0,337.0,318.5,329.1,1.0000000000000003e-05,38,4
2026-05-02,US67066G1040,NVDA,2026-12-18,put,1290.0,335.3,324.65,336.2,1.0000000000000003e-05,2,7
2026-05-02,US67066G1040,NVDA,2026-12-18,put,1300.0,348.5,328.85,343.2,1.0000000000000003e-05,8,69
2026-05-02,US67066G1040,NVDA,2026-12-18,put,1320.0,373.72,340.7,354.15,1.0000000000000003e-05,1,25
2026-05-02,US67066G1040,NVDA,2026-12-18,put,1340.0,369.0,354.1,366.6,1.0000000000000003e-05,40,51
2026-05-02,US67066G1040,NVDA,2026-12-18,put,1360.0,396.7,366.55,379.85,1.0000000000000003e-05,1,41
2026-05-02,US67066G1040,NVDA,2026-12-18,put,1380.0,412.78,378.7,395.2,1.0000000000000003e-05,1,219
2026-05-02,US67066G1040,NVDA,2026-12-18,put,1400.0,397.0,390.65,407.15,1.0000000000000003e-05,38,80
2026-05-02,US67066G1040,NVDA,2026-12-18,put,1420.0,425.0,404.55,420.85,1.0000000000000003e-05,18,37
2026-05-02,US67066G1040,NVDA,2026-12-18,put,1440.0,454.22,416.55,433.1,1.0000000000000003e-05,2,3
2026-05-02,US67066G1040,NVDA,2026-12-18,put,1460.0,511.29,430.4,446.9,1.0000000000000003e-05,2,104
2026-05-02,US67066G1040,NVDA,2026-12-18,put,1480.0,460.85,442.7,459.25,1.0000000000000003e-05,1,206
2026-05-02,US67066G1040,NVDA,2026-12-18,put,1500.0,475.43,456.4,473.4,1.0000000000000003e-05,26,70
2026-05-02,US67066G1040,NVDA,2026-12-18,put,1520.0,489.0,470.35,487.05,1.0000000000000003e-05,14,16
2026-05-02,US67066G1040,NVDA,2026-12-18,put,1540.0,677.55,684.0,702.0,1.0000000000000003e-05,2,0
2026-05-02,US67066G1040,NVDA,2026-12-18,put,1560.0,496.98,496.25,515.2,1.0000000000000003e-05,100,7
2026-05-02,US67066G1040,NVDA,2026-12-18,put,1580.0,510.82,512.05,528.8,1.0000000000000003e-05,100,12
2026-05-02,US67066G1040,NVDA,2026-12-18,put,1600.0,540.0,526.0,543.15,1.0000000000000003e-05,6,101
2026-05-02,US67066G1040,NVDA,2026-12-18,put,1620.0,634.81,540.1,557.1,1.0000000000000003e-05,6,3
2026-05-02,US67066G1040,NVDA,2026-12-18,put,1640.0,558.06,554.05,571.4,1.0000000000000003e-05,2,25
2026-05-02,US67066G1040,NVDA,2026-12-18,put,1650.0,565.33,562.05,579.2,1.0000000000000003e-05,2,2
2026-05-02,US67066G1040,NVDA,2026-12-18,put,1660.0,667.03,568.1,587.1,1.0000000000000003e-05,6,3
2026-05-02,US67066G1040,NVDA,2026-12-18,put,1670.0,675.3,576.0,593.7,1.0000000000000003e-05,1,0
2026-05-02,US67066G1040,NVDA,2026-12-18,put,1700.0,607.33,598.0,618.0,1.0000000000000003e-05,1,30
2026-05-02,US67066G1040,NVDA,2026-12-18,put,1710.0,612.54,606.0,623.7,1.0000000000000003e-05,10,59
2026-05-02,US67066G1040,NVDA,2026-12-18,put,1720.0,716.7,614.0,632.0,1.0000000000000003e-05,4,2
2026-05-02,US67066G1040,NVDA,2026-12-18,put,1740.0,668.85,628.0,647.3,1.0000000000000003e-05,5,73
2026-05-02,US67066G1040,NVDA,2026-12-18,put,1750.0,642.94,636.0,655.8,1.0000000000000003e-05,10,59
2026-05-02,US67066G1040,NVDA,2026-12-18,put,1760.0,750.22,644.0,661.85,1.0000000000000003e-05,4,2
2026-05-02,US67066G1040,NVDA,2026-12-18,put,1770.0,917.64,852.35,870.0,1.0000000000000003e-05,,0
2026-05-02,US67066G1040,NVDA,2026-12-18,put,1780.0,700.85,660.0,674.9,1.0000000000000003e-05,5,72
2026-05-02,US67066G1040,NVDA,2026-12-18,put,1790.0,899.7,884.0,904.0,1.0000000000000003e-05,2,1
2026-05-02,US67066G1040,NVDA,2026-12-18,put,1800.0,718.0,675.0,694.0,1.0000000000000003e-05,1,3
2026-05-02,US67066G1040,NVDA,2026-12-18,put,1840.0,759.1,706.0,724.0,1.0000000000000003e-05,10,1
2026-05-02,US67066G1040,NVDA,2026-12-18,put,1850.0,720.0,714.0,732.0,1.0000000000000003e-05,3,5
2026-05-02,US67066G1040,NVDA,2026-12-18,put,1860.0,974.0,970.1,983.9,1.0000000000000003e-05,1,3
2026-05-02,US67066G1040,NVDA,2026-12-18,put,1870.0,791.76,730.0,748.0,1.0000000000000003e-05,1,1
2026-05-02,US67066G1040,NVDA,2026-12-18,put,1880.0,1019.0,1002.0,1021.95,1.0000000000000003e-05,3,3
2026-05-02,US67066G1040,NVDA,2026-12-18,put,1890.0,999.0,746.0,766.0,1.0000000000000003e-05,2,2
2026-05-02,US67066G1040,NVDA,2026-12-18,put,1900.0,1064.0,0.0,0.0,1.0000000000000003e-05,10,0
2026-05-02,US67066G1040,NVDA,2026-12-18,put,1910.0,1053.0,984.15,1002.0,1.0000000000000003e-05,2,0
2026-05-02,US67066G1040,NVDA,2026-12-18,put,1920.0,1043.9,1042.0,1059.8,1.0000000000000003e-05,3,3
2026-05-02,US67066G1040,NVDA,2026-12-18,put,1930.0,1060.61,1025.3,1039.7,1.0000000000000003e-05,2,0
2026-05-02,US67066G1040,NVDA,2026-12-18,put,1940.0,778.86,788.0,806.0,1.0000000000000003e-05,1,0
2026-05-02,US67066G1040,NVDA,2026-12-18,put,1950.0,806.05,796.0,813.95,1.0000000000000003e-05,2,0
2026-05-02,US67066G1040,NVDA,2026-12-18,put,2000.0,821.1,836.0,856.0,1.0000000000000003e-05,1,16
2026-05-02,US67066G1040,NVDA,2026-12-18,put,2160.0,1001.03,974.0,994.0,1.0000000000000003e-05,,1
2026-05-02,US67066G1040,NVDA,2026-12-18,put,2260.0,1082.97,1064.0,1084.0,1.0000000000000003e-05,,102
2026-05-02,US67066G1040,NVDA,2026-12-18,put,2270.0,1091.72,1072.0,1092.0,1.0000000000000003e-05,,2
2026-05-02,US67066G1040,NVDA,2026-12-18,put,2280.0,1083.0,1082.0,1100.0,1.0000000000000003e-05,,101
2026-05-02,US67066G1040,NVDA,2026-12-18,put,2300.0,1117.23,1100.0,1118.0,1.0000000000000003e-05,,1
2026-05-02,US67066G1040,NVDA,2026-12-18,put,2400.0,1209.78,1192.0,1212.0,1.0000000000000003e-05,,1
2026-05-02,US67066G1040,NVDA,2027-01-15,call,5.0,194.0,190.7,197.55,2.4707069482421877,3,3685
2026-05-02,US67066G1040,NVDA,2027-01-15,call,10.0,200.9,185.05,193.0,1.8466804541015622,60,1017
2026-05-02,US67066G1040,NVDA,2027-01-15,call,15.0,186.8,179.85,187.9,1.4892603662109374,6,601
2026-05-02,US67066G1040,NVDA,2027-01-15,call,20.0,190.46,175.25,182.8,1.3759796826171873,1,3197
2026-05-02,US67066G1040,NVDA,2027-01-15,call,25.0,185.07,170.0,178.2,1.2607458837890624,3,565
2026-05-02,US67066G1040,NVDA,2027-01-15,call,30.0,173.07,165.2,173.3,1.1875040625,3,472
2026-05-02,US67066G1040,NVDA,2027-01-15,call,35.0,154.0,160.95,167.8,1.1176801928710938,1,1901
2026-05-02,US67066G1040,NVDA,2027-01-15,call,40.0,165.2,156.0,163.95,1.1355023693847657,50,683
2026-05-02,US67066G1040,NVDA,2027-01-15,call,45.0,167.05,151.0,158.95,1.0532273901367186,2,1381
2026-05-02,US67066G1040,NVDA,2027-01-15,call,50.0,153.79,146.65,154.05,1.0268603344726563,3,1924
2026-05-02,US67066G1040,NVDA,2027-01-15,call,55.0,146.4,143.95,148.75,1.056645341796875,6,2467
2026-05-02,US67066G1040,NVDA,2027-01-15,call,60.0,138.45,137.15,143.85,0.9124764611816407,7,2633
2026-05-02,US67066G1040,NVDA,2027-01-15,call,65.0,145.8,132.0,139.95,0.897339893798828,30,745
2026-05-02,US67066G1040,NVDA,2027-01-15,call,70.0,132.0,129.8,133.0,0.87500125,1,5080
2026-05-02,US67066G1040,NVDA,2027-01-15,call,75.0,130.0,125.15,128.2,0.8414322497558593,1,3343
2026-05-02,US67066G1040,NVDA,2027-01-15,call,80.0,121.55,120.4,123.5,0.8088398022460936,3,15377
2026-05-02,US67066G1040,NVDA,2027-01-15,call,85.0,119.17,116.0,118.85,0.7882101257324219,1,2370
2026-05-02,US67066G1040,NVDA,2027-01-15,call,90.0,122.95,111.5,114.15,0.7629418237304688,4,7752
2026-05-02,US67066G1040,NVDA,2027-01-15,call,95.0,108.91,106.9,109.5,0.73633076171875,1,3090
2026-05-02,US67066G1040,NVDA,2027-01-15,call,100.0,103.0,101.95,104.6,0.6970245141601563,66,31195
2026-05-02,US67066G1040,NVDA,2027-01-15,call,105.0,97.8,98.15,100.35,0.695437615966797,2,8191
2026-05-02,US67066G1040,NVDA,2027-01-15,call,110.0,95.25,93.35,95.85,0.6677889666748049,13,3908
2026-05-02,US67066G1040,NVDA,2027-01-15,call,115.0,89.1,88.95,91.05,0.6421544573974609,32,6281
2026-05-02,US67066G1040,NVDA,2027-01-15,call,120.0,85.44,84.65,85.8,0.6110878735351564,19,9287
2026-05-02,US67066G1040,NVDA,2027-01-15,call,125.0,81.26,80.95,82.4,0.6171913281250001,8,7667
2026-05-02,US67066G1040,NVDA,2027-01-15,call,130.0,77.8,76.6,78.05,0.5973551007080078,221,15224
2026-05-02,US67066G1040,NVDA,2027-01-15,call,135.0,73.11,72.5,73.55,0.5781902532958985,18,19263
2026-05-02,US67066G1040,NVDA,2027-01-15,call,140.0,70.1,68.3,69.1,0.5578047149658205,31,13670
2026-05-02,US67066G1040,NVDA,2027-01-15,call,145.0,65.7,64.6,65.75,0.55508867767334,18,3933
2026-05-02,US67066G1040,NVDA,2027-01-15,call,150.0,61.3,60.55,61.4,0.5354355538940431,146,27161
2026-05-02,US67066G1040,NVDA,2027-01-15,call,155.0,57.75,56.9,58.35,0.5324143438720703,2,6520
2026-05-02,US67066G1040,NVDA,2027-01-15,call,160.0,54.12,53.35,54.4,0.5193529510498047,417,110288
2026-05-02,US67066G1040,NVDA,2027-01-15,call,165.0,51.5,49.95,51.25,0.5137377728271484,48,7649
2026-05-02,US67066G1040,NVDA,2027-01-15,call,170.0,47.9,46.75,47.85,0.505742247314453,405,16325
2026-05-02,US67066G1040,NVDA,2027-01-15,call,175.0,44.86,43.6,44.65,0.5071460418701172,25,11602
2026-05-02,US67066G1040,NVDA,2027-01-15,call,180.0,40.8,40.5,41.05,0.49051412811279305,319,51235
2026-05-02,US67066G1040,NVDA,2027-01-15,call,185.0,38.09,37.6,38.4,0.4879811944580079,60,15823
2026-05-02,US67066G1040,NVDA,2027-01-15,call,190.0,35.15,35.0,35.45,0.478795495300293,189,23443
2026-05-02,US67066G1040,NVDA,2027-01-15,call,195.0,32.8,32.1,32.85,0.4733634207153321,342,18694
2026-05-02,US67066G1040,NVDA,2027-01-15,call,200.0,30.1,30.05,30.3,0.4669547933959961,1855,91553
2026-05-02,US67066G1040,NVDA,2027-01-15,call,205.0,27.95,27.65,28.15,0.46484910156250003,179,1825
2026-05-02,US67066G1040,NVDA,2027-01-15,call,210.0,25.75,25.6,25.8,0.45798271514892586,557,31099
2026-05-02,US67066G1040,NVDA,2027-01-15,call,215.0,24.4,23.6,23.95,0.45691461059570315,101,4038
2026-05-02,US67066G1040,NVDA,2027-01-15,call,220.0,21.95,21.75,21.95,0.4519097778320313,854,20717
2026-05-02,US67066G1040,NVDA,2027-01-15,call,225.0,20.4,20.0,20.25,0.44977356872558594,116,2483
2026-05-02,US67066G1040,NVDA,2027-01-15,call,230.0,18.45,18.35,18.6,0.44681339324951175,715,29906
2026-05-02,US67066G1040,NVDA,2027-01-15,call,235.0,17.1,16.9,17.15,0.44537908142089844,437,3960
2026-05-02,US67066G1040,NVDA,2027-01-15,call,240.0,15.85,15.5,15.85,0.44479925323486325,323,28573
2026-05-02,US67066G1040,NVDA,2027-01-15,call,245.0,14.37,14.25,14.55,0.44278511322021485,146,1690
2026-05-02,US67066G1040,NVDA,2027-01-15,call,250.0,13.25,13.15,13.35,0.44098459411621094,1675,44607
2026-05-02,US67066G1040,NVDA,2027-01-15,call,255.0,12.4,12.05,12.25,0.4394892477416992,120,2692
2026-05-02,US67066G1040,NVDA,2027-01-15,call,260.0,11.17,11.1,11.2,0.437505625,267,17186
2026-05-02,US67066G1040,NVDA,2027-01-15,call,265.0,10.53,10.15,10.4,0.4386652813720704,72,1710
2026-05-02,US67066G1040,NVDA,2027-01-15,call,270.0,9.46,9.35,9.55,0.43778028045654294,137,18692
2026-05-02,US67066G1040,NVDA,2027-01-15,call,275.0,9.0,8.55,8.85,0.4385432122802735,223,1557
2026-05-02,US67066G1040,NVDA,2027-01-15,call,280.0,8.27,7.9,8.15,0.4382990740966797,64,19575
2026-05-02,US67066G1040,NVDA,2027-01-15,call,285.0,7.4,7.25,7.45,0.43695631408691404,51,1383
2026-05-02,US67066G1040,NVDA,2027-01-15,call,290.0,6.9,6.7,6.9,0.43768872863769537,1547,48986
2026-05-02,US67066G1040,NVDA,2027-01-15,call,295.0,6.3,6.1,6.4,0.43860424682617194,42,820
2026-05-02,US67066G1040,NVDA,2027-01-15,call,300.0,5.75,5.65,5.85,0.4374751077270508,942,55552
2026-05-02,US67066G1040,NVDA,2027-01-15,call,310.0,4.9,4.85,5.05,0.4396418341064453,56,8417
2026-05-02,US67066G1040,NVDA,2027-01-15,call,320.0,4.4,4.15,4.3,0.43994700683593746,93,3552
2026-05-02,US67066G1040,NVDA,2027-01-15,call,330.0,3.8,3.55,3.7,0.44135080139160154,164,4625
2026-05-02,US67066G1040,NVDA,2027-01-15,call,340.0,3.1,3.0,3.15,0.4415339050292969,189,69180
2026-05-02,US67066G1040,NVDA,2027-01-15,call,350.0,2.68,2.63,2.7,0.442388388671875,795,6672
2026-05-02,US67066G1040,NVDA,2027-01-15,call,360.0,2.4,2.27,2.34,0.4441583905029296,23,5500
2026-05-02,US67066G1040,NVDA,2027-01-15,call,370.0,2.05,1.97,2.05,0.4466608068847656,156,1716
2026-05-02,US67066G1040,NVDA,2027-01-15,call,380.0,1.83,1.71,1.78,0.44824770507812495,29,3146
2026-05-02,US67066G1040,NVDA,2027-01-15,call,390.0,1.58,1.49,1.57,0.45093322509765627,47,3463
2026-05-02,US67066G1040,NVDA,2027-01-15,call,400.0,1.33,1.3,1.37,0.4523980541992188,81,4103
2026-05-02,US67066G1040,NVDA,2027-01-15,call,410.0,1.23,1.13,1.2,0.454107021484375,91,2325
2026-05-02,US67066G1040,NVDA,2027-01-15,call,420.0,1.04,1.03,1.07,0.45703667968750006,281,10955
2026-05-02,US67066G1040,NVDA,2027-01-15,put,5.0,0.01,0.0,0.01,1.3437532812499997,25,9178
2026-05-02,US67066G1040,NVDA,2027-01-15,put,10.0,0.01,0.0,0.01,1.0625046875000002,1,3239
2026-05-02,US67066G1040,NVDA,2027-01-15,put,15.0,0.02,0.0,0.06,1.0781296093750001,50,31047
2026-05-02,US67066G1040,NVDA,2027-01-15,put,20.0,0.03,0.01,0.03,0.92187578125,40,11754
2026-05-02,US67066G1040,NVDA,2027-01-15,put,25.0,0.03,0.02,0.05,0.87500125,10,17825
2026-05-02,US67066G1040,NVDA,2027-01-15,put,30.0,0.06,0.03,0.08,0.8320329296874999,15,2461
2026-05-02,US67066G1040,NVDA,2027-01-15,put,35.0,0.11,0.06,0.11,0.8007832421875,3,6546
2026-05-02,US67066G1040,NVDA,2027-01-15,put,40.0,0.13,0.09,0.14,0.764650791015625,50,2249
2026-05-02,US67066G1040,NVDA,2027-01-15,put,45.0,0.17,0.12,0.18,0.7324245507812499,5,7100
2026-05-02,US67066G1040,NVDA,2027-01-15,put,50.0,0.2,0.18,0.22,0.7070341796875,5,11785
2026-05-02,US67066G1040,NVDA,2027-01-15,put,55.0,0.29,0.22,0.29,0.6811555322265627,121,3441
2026-05-02,US67066G1040,NVDA,2027-01-15,put,60.0,0.34,0.31,0.35,0.6601596484375001,141,15643
2026-05-02,US67066G1040,NVDA,2027-01-15,put,65.0,0.43,0.3,0.45,0.629886513671875,411,6599
2026-05-02,US67066G1040,NVDA,2027-01-15,put,70.0,0.54,0.5,0.56,0.6228065063476562,11,13032
2026-05-02,US67066G1040,NVDA,2027-01-15,put,75.0,0.64,0.6,0.69,0.6035195898437502,15,10685
2026-05-02,US67066G1040,NVDA,2027-01-15,put,80.0,0.77,0.77,0.82,0.5876506079101562,10,26853
2026-05-02,US67066G1040,NVDA,2027-01-15,put,85.0,0.99,0.95,1.0,0.5730023168945313,2236,13719
2026-05-02,US67066G1040,NVDA,2027-01-15,put,90.0,1.16,1.15,1.22,0.5589643713378907,8,27315
2026-05-02,US67066G1040,NVDA,2027-01-15,put,95.0,1.43,1.4,1.46,0.5457809094238282,36,22748
2026-05-02,US67066G1040,NVDA,2027-01-15,put,100.0,1.71,1.7,1.75,0.5339402075195312,222,46181
2026-05-02,US67066G1040,NVDA,2027-01-15,put,105.0,2.03,2.01,2.08,0.5212450219726561,45,15614
2026-05-02,US67066G1040,NVDA,2027-01-15,put,110.0,2.4,2.39,2.47,0.5101977691650392,261,24046
2026-05-02,US67066G1040,NVDA,2027-01-15,put,115.0,2.88,2.85,2.92,0.5002491381835938,734,17961
2026-05-02,US67066G1040,NVDA,2027-01-15,put,120.0,3.35,3.3,3.4,0.4904836108398438,148,32486
2026-05-02,US67066G1040,NVDA,2027-01-15,put,125.0,3.92,3.9,4.05,0.48352567260742196,22,19645
2026-05-02,US67066G1040,NVDA,2027-01-15,put,130.0,4.6,4.6,4.7,0.4738822143554688,296,28305
2026-05-02,US67066G1040,NVDA,2027-01-15,put,135.0,5.4,5.35,5.5,0.46674117248535163,125,13777
2026-05-02,US67066G1040,NVDA,2027-01-15,put,140.0,6.2,6.15,6.35,0.4585015087890626,416,30645
2026-05-02,US67066G1040,NVDA,2027-01-15,put,145.0,7.0,7.0,7.35,0.4518487432861329,162,11252
2026-05-02,US67066G1040,NVDA,2027-01-15,put,150.0,8.21,8.25,8.35,0.4428461477661133,430,39759
2026-05-02,US67066G1040,NVDA,2027-01-15,put,155.0,9.5,9.35,9.55,0.4361933822631836,460,10650
2026-05-02,US67066G1040,NVDA,2027-01-15,put,160.0,10.6,10.65,10.9,0.4303340658569337,368,23097
2026-05-02,US67066G1040,NVDA,2027-01-15,put,165.0,12.07,12.1,12.4,0.4250545776367188,618,14052
2026-05-02,US67066G1040,NVDA,2027-01-15,put,170.0,13.55,13.65,13.95,0.41834077758789057,161,23015
2026-05-02,US67066G1040,NVDA,2027-01-15,put,175.0,15.35,15.35,15.65,0.4120847366333008,348,11533
2026-05-02,US67066G1040,NVDA,2027-01-15,put,180.0,17.05,17.25,17.5,0.40619490295410154,233,32267
2026-05-02,US67066G1040,NVDA,2027-01-15,put,185.0,19.3,19.2,19.55,0.40131213928222653,134,17031
2026-05-02,US67066G1040,NVDA,2027-01-15,put,190.0,21.2,21.4,21.75,0.39658196197509765,254,17370
2026-05-02,US67066G1040,NVDA,2027-01-15,put,195.0,23.73,23.7,24.1,0.39197385375976557,620,6336
2026-05-02,US67066G1040,NVDA,2027-01-15,put,200.0,26.33,26.2,26.55,0.3866943655395507,312,51933
2026-05-02,US67066G1040,NVDA,2027-01-15,put,205.0,29.46,28.8,29.25,0.38303229278564455,11,2377
2026-05-02,US67066G1040,NVDA,2027-01-15,put,210.0,31.35,31.5,32.0,0.3779664254760742,12,4778
2026-05-02,US67066G1040,NVDA,2027-01-15,put,215.0,34.3,34.35,34.9,0.3730226272583008,20,1103
2026-05-02,US67066G1040,NVDA,2027-01-15,put,220.0,37.55,37.4,38.0,0.3689943472290039,5,2010
2026-05-02,US67066G1040,NVDA,2027-01-15,put,225.0,40.85,40.7,41.4,0.36749900085449216,5,2191
2026-05-02,US67066G1040,NVDA,2027-01-15,put,230.0,43.57,43.95,44.85,0.3647829635620118,36,3354
2026-05-02,US67066G1040,NVDA,2027-01-15,put,235.0,47.35,47.4,48.35,0.3608767526245117,11,1102
2026-05-02,US67066G1040,NVDA,2027-01-15,put,240.0,50.35,51.0,51.85,0.35489536712646474,1,2245
2026-05-02,US67066G1040,NVDA,2027-01-15,put,245.0,45.94,54.7,55.65,0.35193519165039056,8,969
2026-05-02,US67066G1040,NVDA,2027-01-15,put,250.0,58.29,58.5,59.45,0.3469913934326171,56,1930
2026-05-02,US67066G1040,NVDA,2027-01-15,put,255.0,63.76,62.4,63.75,0.3494938098144531,2,60
2026-05-02,US67066G1040,NVDA,2027-01-15,put,260.0,64.8,66.45,67.7,0.3435429415893554,1,2206
2026-05-02,US67066G1040,NVDA,2027-01-15,put,265.0,69.45,70.55,71.7,0.33624931335449215,1,53
2026-05-02,US67066G1040,NVDA,2027-01-15,put,270.0,74.5,74.75,75.9,0.331061376953125,1,971
2026-05-02,US67066G1040,NVDA,2027-01-15,put,275.0,79.55,79.05,80.25,0.32733826965332036,4,135
2026-05-02,US67066G1040,NVDA,2027-01-15,put,280.0,84.05,83.4,84.95,0.3312139633178711,30,1773
2026-05-02,US67066G1040,NVDA,2027-01-15,put,285.0,116.83,87.8,89.6,0.3327093096923829,65,5
2026-05-02,US67066G1040,NVDA,2027-01-15,put,290.0,93.1,92.3,94.15,0.3298406860351562,13,141
2026-05-02,US67066G1040,NVDA,2027-01-15,put,295.0,85.75,96.8,98.85,0.3302679278564453,25,41
2026-05-02,US67066G1040,NVDA,2027-01-15,put,300.0,92.63,101.45,103.4,0.3237372314453124,9,1014
2026-05-02,US67066G1040,NVDA,2027-01-15,put,310.0,99.27,110.35,113.4,0.34241380249023434,1,35
2026-05-02,US67066G1040,NVDA,2027-01-15,put,320.0,140.86,120.0,123.0,0.3427189752197265,16,4
2026-05-02,US67066G1040,NVDA,2027-01-15,put,330.0,149.45,128.2,128.5,1.0000000000000003e-05,10,0
2026-05-02,US67066G1040,NVDA,2027-01-15,put,340.0,155.39,138.2,138.5,1.0000000000000003e-05,16,0
2026-05-02,US67066G1040,NVDA,2027-01-15,put,350.0,142.1,150.0,152.8,0.3797669445800781,2,0
2026-05-02,US67066G1040,NVDA,2027-01-15,put,360.0,176.6,158.2,158.5,1.0000000000000003e-05,20,0
2026-05-02,US67066G1040,NVDA,2027-01-15,put,370.0,189.73,0.0,0.0,1.0000000000000003e-05,4,0
2026-05-02,US67066G1040,NVDA,2027-01-15,put,380.0,194.9,0.0,0.0,1.0000000000000003e-05,2,0
2026-05-02,US67066G1040,NVDA,2027-01-15,put,390.0,222.05,189.95,192.65,0.42517664672851563,1,0
2026-05-02,US67066G1040,NVDA,2027-01-15,put,400.0,216.68,199.9,202.65,0.437505625,1,0
2026-05-02,US67066G1040,NVDA,2027-01-15,put,410.0,234.2,209.9,212.85,0.4621635815429688,4,0
2026-05-02,US67066G1040,NVDA,2027-01-15,put,420.0,204.94,219.0,224.3,0.5444381494140625,15,0
2026-05-02,US67066G1040,NVDA,2027-03-19,call,50.0,152.18,146.55,154.55,0.9411626977539063,2,43
2026-05-02,US67066G1040,NVDA,2027-03-19,call,55.0,148.33,141.7,149.8,0.8970957556152341,2,7
2026-05-02,US67066G1040,NVDA,2027-03-19,call,60.0,152.78,137.15,145.1,0.8698743481445312,8,195
2026-05-02,US67066G1040,NVDA,2027-03-19,call,65.0,140.0,133.2,140.4,0.8625502026367188,1,28
2026-05-02,US67066G1040,NVDA,2027-03-19,call,70.0,114.68,130.05,134.95,0.8520522607421875,1,191
2026-05-02,US67066G1040,NVDA,2027-03-19,call,75.0,106.69,124.15,130.5,0.7918721984863282,934,3403
2026-05-02,US67066G1040,NVDA,2027-03-19,call,80.0,132.63,121.05,124.5,0.7683738983154298,5,77
2026-05-02,US67066G1040,NVDA,2027-03-19,call,85.0,119.96,116.55,119.9,0.7446924945068358,2,142
2026-05-02,US67066G1040,NVDA,2027-03-19,call,90.0,114.0,112.05,115.35,0.7219876434326171,3,319
2026-05-02,US67066G1040,NVDA,2027-03-19,call,95.0,112.2,107.25,110.85,0.694338994140625,2,86
2026-05-02,US67066G1040,NVDA,2027-03-19,call,100.0,106.6,103.15,106.3,0.6789582885742189,2,572
2026-05-02,US67066G1040,NVDA,2027-03-19,call,105.0,101.99,98.95,101.9,0.663333444824219,1,72
2026-05-02,US67066G1040,NVDA,2027-03-19,call,110.0,96.25,94.95,97.5,0.6497227410888673,1,398
2026-05-02,US67066G1040,NVDA,2027-03-19,call,115.0,92.17,90.35,92.25,0.6143837390136719,1,92
2026-05-02,US67066G1040,NVDA,2027-03-19,call,120.0,87.65,86.6,88.8,0.6159706372070313,4,494
2026-05-02,US67066G1040,NVDA,2027-03-19,call,125.0,84.6,82.25,84.8,0.6002847589111329,8,312
2026-05-02,US67066G1040,NVDA,2027-03-19,call,130.0,79.0,78.4,80.7,0.5885050915527343,4,489
2026-05-02,US67066G1040,NVDA,2027-03-19,call,135.0,77.05,75.0,76.75,0.5820354296875,6,255
2026-05-02,US67066G1040,NVDA,2027-03-19,call,140.0,72.35,70.5,72.5,0.5594221304321289,6,422
2026-05-02,US67066G1040,NVDA,2027-03-19,call,145.0,69.85,66.85,68.8,0.5504805694580079,2,181
2026-05-02,US67066G1040,NVDA,2027-03-19,call,150.0,64.85,63.7,64.65,0.5406234902954102,8,1199
2026-05-02,US67066G1040,NVDA,2027-03-19,call,155.0,60.9,59.95,61.4,0.5321702056884765,25,365
2026-05-02,US67066G1040,NVDA,2027-03-19,call,160.0,57.55,56.65,58.1,0.5257310610961915,439,2774
2026-05-02,US67066G1040,NVDA,2027-03-19,call,165.0,54.8,53.55,54.75,0.5190172610473632,19,976
2026-05-02,US67066G1040,NVDA,2027-03-19,call,170.0,51.0,50.25,51.5,0.5100757000732423,20,4172
2026-05-02,US67066G1040,NVDA,2027-03-19,call,175.0,48.4,47.25,48.45,0.5036975900268555,42,2258
2026-05-02,US67066G1040,NVDA,2027-03-19,call,180.0,45.0,44.6,44.9,0.4969837899780274,47,3304
2026-05-02,US67066G1040,NVDA,2027-03-19,call,185.0,42.0,41.75,42.65,0.49905896453857423,24,3164
2026-05-02,US67066G1040,NVDA,2027-03-19,call,190.0,39.6,39.15,39.55,0.4873708489990235,130,4235
2026-05-02,US67066G1040,NVDA,2027-03-19,call,195.0,36.78,36.7,37.45,0.4884389535522462,46,4155
2026-05-02,US67066G1040,NVDA,2027-03-19,call,200.0,35.0,34.15,34.95,0.4824880853271485,252,16705
2026-05-02,US67066G1040,NVDA,2027-03-19,call,205.0,32.7,32.05,32.55,0.4765982516479492,419,1675
2026-05-02,US67066G1040,NVDA,2027-03-19,call,210.0,30.3,29.9,30.2,0.4700522966003418,158,10158
2026-05-02,US67066G1040,NVDA,2027-03-19,call,215.0,28.2,27.75,28.35,0.46895367477417,54,2391
2026-05-02,US67066G1040,NVDA,2027-03-19,call,220.0,26.3,25.85,26.25,0.46320116882324225,171,3988
2026-05-02,US67066G1040,NVDA,2027-03-19,call,225.0,24.95,24.25,24.7,0.46356737609863286,525,3937
2026-05-02,US67066G1040,NVDA,2027-03-19,call,230.0,23.3,22.55,23.05,0.4613701324462891,205,5765
2026-05-02,US67066G1040,NVDA,2027-03-19,call,235.0,21.4,21.0,21.55,0.4600273724365235,98,1026
2026-05-02,US67066G1040,NVDA,2027-03-19,call,240.0,20.3,19.65,20.0,0.4568535760498047,1217,5044
2026-05-02,US67066G1040,NVDA,2027-03-19,call,245.0,18.95,18.3,18.6,0.4545952978515625,39,1840
2026-05-02,US67066G1040,NVDA,2027-03-19,call,250.0,17.39,17.1,17.4,0.45404598693847653,202,8924
2026-05-02,US67066G1040,NVDA,2027-03-19,call,255.0,16.27,15.9,16.35,0.45465633239746095,33,559
2026-05-02,US67066G1040,NVDA,2027-03-19,call,260.0,14.95,14.8,14.95,0.4491632232666015,2771,12650
2026-05-02,US67066G1040,NVDA,2027-03-19,call,265.0,14.25,13.75,13.95,0.4484918432617187,237,1067
2026-05-02,US67066G1040,NVDA,2027-03-19,call,270.0,13.1,12.7,13.0,0.4476373596191406,34,3484
2026-05-02,US67066G1040,NVDA,2027-03-19,call,275.0,12.03,12.0,12.15,0.4474542559814453,67,1706
2026-05-02,US67066G1040,NVDA,2027-03-19,call,280.0,11.3,11.2,11.35,0.44717960052490235,151,2111
2026-05-02,US67066G1040,NVDA,2027-03-19,call,285.0,10.65,10.45,10.6,0.44690494506835937,107,290
2026-05-02,US67066G1040,NVDA,2027-03-19,call,290.0,9.9,9.7,9.9,0.44669132415771484,51,972
2026-05-02,US67066G1040,NVDA,2027-03-19,call,295.0,9.56,9.0,9.25,0.44653873779296877,56,321
2026-05-02,US67066G1040,NVDA,2027-03-19,call,300.0,8.6,8.45,8.7,0.4474542559814453,303,5704
2026-05-02,US67066G1040,NVDA,2027-03-19,call,310.0,7.5,7.3,7.8,0.45108581146240234,1,1180
2026-05-02,US67066G1040,NVDA,2027-03-19,call,320.0,6.6,6.4,6.75,0.4493463269042969,11,416
2026-05-02,US67066G1040,NVDA,2027-03-19,call,330.0,5.8,5.5,6.0,0.4512994323730469,1,203
2026-05-02,US67066G1040,NVDA,2027-03-19,call,340.0,5.65,4.85,5.35,0.4534356414794922,2,545
2026-05-02,US67066G1040,NVDA,2027-03-19,call,350.0,4.45,4.35,4.6,0.45099425964355466,8,2085
2026-05-02,US67066G1040,NVDA,2027-03-19,call,360.0,4.36,3.8,4.1,0.4527642614746094,26,1465
2026-05-02,US67066G1040,NVDA,2027-03-19,call,370.0,3.5,3.4,3.6,0.4527642614746094,17,2199
2026-05-02,US67066G1040,NVDA,2027-03-19,put,50.0,0.31,0.23,0.34,0.6645541357421877,30,333
2026-05-02,US67066G1040,NVDA,2027-03-19,put,55.0,0.4,0.3,0.47,0.647464462890625,3,44
2026-05-02,US67066G1040,NVDA,2027-03-19,put,60.0,0.51,0.35,0.67,0.631839619140625,2,97
2026-05-02,US67066G1040,NVDA,2027-03-19,put,65.0,0.75,0.47,0.8,0.6132851171875001,1,315
2026-05-02,US67066G1040,NVDA,2027-03-19,put,70.0,0.82,0.62,0.96,0.5971719970703125,2,327
2026-05-02,US67066G1040,NVDA,2027-03-19,put,75.0,1.01,0.88,1.03,0.5800823242187501,11,3467
2026-05-02,US67066G1040,NVDA,2027-03-19,put,80.0,1.17,1.06,1.3,0.567265069580078,1,420
2026-05-02,US67066G1040,NVDA,2027-03-19,put,85.0,1.41,1.3,1.54,0.5533491931152343,2,197
2026-05-02,US67066G1040,NVDA,2027-03-19,put,90.0,1.66,1.66,1.76,0.5411422839355471,195,3060
2026-05-02,US67066G1040,NVDA,2027-03-19,put,95.0,2.0,1.88,2.07,0.5255174401855469,16,845
2026-05-02,US67066G1040,NVDA,2027-03-19,put,100.0,2.4,2.3,2.47,0.5164843273925781,65,2457
2026-05-02,US67066G1040,NVDA,2027-03-19,put,105.0,2.85,2.75,2.9,0.5065356964111327,1,638
2026-05-02,US67066G1040,NVDA,2027-03-19,put,110.0,3.35,3.2,3.4,0.5001270690917969,11,1939
2026-05-02,US67066G1040,NVDA,2027-03-19,put,115.0,3.9,3.75,3.95,0.49017843811035167,103,1110
2026-05-02,US67066G1040,NVDA,2027-03-19,put,120.0,4.45,4.4,4.6,0.48169463623046876,9,1576
2026-05-02,US67066G1040,NVDA,2027-03-19,put,125.0,5.15,5.2,5.35,0.4742484216308594,50,2734
2026-05-02,US67066G1040,NVDA,2027-03-19,put,130.0,6.04,5.95,6.15,0.4661308270263672,249,14092
2026-05-02,US67066G1040,NVDA,2027-03-19,put,135.0,6.85,6.85,7.05,0.45862357788085945,115,5184
2026-05-02,US67066G1040,NVDA,2027-03-19,put,140.0,7.85,7.8,8.05,0.4514825360107422,12,18318
2026-05-02,US67066G1040,NVDA,2027-03-19,put,145.0,8.9,8.9,9.15,0.4446466668701171,77,7888
2026-05-02,US67066G1040,NVDA,2027-03-19,put,150.0,10.25,10.2,10.35,0.43790234954833984,853,20075
2026-05-02,US67066G1040,NVDA,2027-03-19,put,155.0,11.45,11.5,11.7,0.4321345849609375,84,2855
2026-05-02,US67066G1040,NVDA,2027-03-19,put,160.0,12.83,12.9,13.15,0.42624475128173833,39,10300
2026-05-02,US67066G1040,NVDA,2027-03-19,put,165.0,14.4,14.45,14.8,0.42185026397705083,48,5623
2026-05-02,US67066G1040,NVDA,2027-03-19,put,170.0,16.2,16.05,16.45,0.4155331884765625,150,7314
2026-05-02,US67066G1040,NVDA,2027-03-19,put,175.0,18.25,17.95,18.3,0.4105588729858398,19,2221
2026-05-02,US67066G1040,NVDA,2027-03-19,put,180.0,19.85,19.95,20.25,0.40524886749267575,370,6427
2026-05-02,US67066G1040,NVDA,2027-03-19,put,185.0,22.0,22.0,22.4,0.40106800109863283,45,2921
2026-05-02,US67066G1040,NVDA,2027-03-19,put,190.0,24.5,24.25,24.65,0.39649041015625003,61,4966
2026-05-02,US67066G1040,NVDA,2027-03-19,put,195.0,26.88,26.6,27.0,0.39157712921142573,58,3281
2026-05-02,US67066G1040,NVDA,2027-03-19,put,200.0,28.9,29.1,29.55,0.3876404010009765,208,5043
2026-05-02,US67066G1040,NVDA,2027-03-19,put,205.0,31.6,31.65,32.2,0.3833374655151367,167,421
2026-05-02,US67066G1040,NVDA,2027-03-19,put,210.0,34.3,34.5,35.0,0.37937022003173826,57,1447
2026-05-02,US67066G1040,NVDA,2027-03-19,put,215.0,37.9,37.45,37.9,0.3750367672729492,86,620
2026-05-02,US67066G1040,NVDA,2027-03-19,put,220.0,40.19,40.35,40.95,0.37106952178955077,25,543
2026-05-02,US67066G1040,NVDA,2027-03-19,put,225.0,42.7,43.5,44.2,0.36820089813232426,2,344
2026-05-02,US67066G1040,NVDA,2027-03-19,put,230.0,42.05,46.75,47.5,0.36438623901367195,21,6573
2026-05-02,US67066G1040,NVDA,2027-03-19,put,235.0,45.0,50.15,50.95,0.3610903735351562,16,32
2026-05-02,US67066G1040,NVDA,2027-03-19,put,240.0,52.9,53.65,54.5,0.35761140441894534,2,171
2026-05-02,US67066G1040,NVDA,2027-03-19,put,245.0,51.98,57.25,58.2,0.35480381530761707,45,332
2026-05-02,US67066G1040,NVDA,2027-03-19,put,250.0,60.5,60.95,61.95,0.35123329437255857,11,519
2026-05-02,US67066G1040,NVDA,2027-03-19,put,255.0,63.81,64.75,65.7,0.3460148406982422,1,317
2026-05-02,US67066G1040,NVDA,2027-03-19,put,260.0,67.2,68.65,69.9,0.34668622070312494,2,410
2026-05-02,US67066G1040,NVDA,2027-03-19,put,265.0,73.05,72.6,73.9,0.3425969061279296,2,626
2026-05-02,US67066G1040,NVDA,2027-03-19,put,270.0,70.0,76.7,78.05,0.3396672479248046,2,139
2026-05-02,US67066G1040,NVDA,2027-03-19,put,275.0,79.8,80.85,82.3,0.3371648315429688,1,20
2026-05-02,US67066G1040,NVDA,2027-03-19,put,280.0,84.5,85.05,86.6,0.33423517333984376,1,1640
2026-05-02,US67066G1040,NVDA,2027-03-19,put,285.0,91.24,89.3,91.0,0.3320379296875,11,25
2026-05-02,US67066G1040,NVDA,2027-03-19,put,290.0,93.2,93.6,95.5,0.33081723876953123,1,99
2026-05-02,US67066G1040,NVDA,2027-03-19,put,295.0,118.45,98.1,100.0,0.32831482238769527,2,5
2026-05-02,US67066G1040,NVDA,2027-03-19,put,300.0,100.72,102.6,104.6,0.327155166015625,25,284
2026-05-02,US67066G1040,NVDA,2027-03-19,put,310.0,123.95,109.6,109.95,1.0000000000000003e-05,3,0
2026-05-02,US67066G1040,NVDA,2027-03-19,put,320.0,136.97,118.95,119.3,1.0000000000000003e-05,10,0
2026-05-02,US67066G1040,NVDA,2027-03-19,put,330.0,162.6,130.0,133.35,0.33667655517578127,2,0
2026-05-02,US67066G1040,NVDA,2027-03-19,put,340.0,169.45,139.85,143.2,0.3452213916015625,2,0
2026-05-02,US67066G1040,NVDA,2027-03-19,put,350.0,173.36,149.9,152.85,0.34339035522460937,10,0
2026-05-02,US67066G1040,NVDA,2027-03-19,put,360.0,191.93,159.85,162.85,0.35632967895507806,35,0
2026-05-02,US67066G1040,NVDA,2027-03-19,put,370.0,155.8,169.85,172.9,0.37134417724609375,21,4
2026-05-02,US67066G1040,NVDA,2027-06-17,call,5.0,199.0,189.0,197.8,4.164067294921875,1,4538
2026-05-02,US67066G1040,NVDA,2027-06-17,call,10.0,178.47,184.0,193.05,1.0976607617187502,1,259
2026-05-02,US67066G1040,NVDA,2027-06-17,call,15.0,184.92,179.0,188.3,1.0576218994140625,7,166
2026-05-02,US67066G1040,NVDA,2027-06-17,call,20.0,190.65,175.0,183.55,1.1611370068359377,1,960
2026-05-02,US67066G1040,NVDA,2027-06-17,call,25.0,177.19,170.0,178.8,1.0683640332031252,5,426
2026-05-02,US67066G1040,NVDA,2027-06-17,call,30.0,170.5,166.1,174.05,1.0788620275878906,1,197
2026-05-02,US67066G1040,NVDA,2027-06-17,call,35.0,161.95,161.0,169.65,1.0190478735351562,35,818
2026-05-02,US67066G1040,NVDA,2027-06-17,call,40.0,171.67,156.0,164.65,0.9401861450195312,1,289
2026-05-02,US67066G1040,NVDA,2027-06-17,call,45.0,169.6,151.0,159.95,0.8864757446289062,3,223
2026-05-02,US67066G1040,NVDA,2027-06-17,call,50.0,153.71,147.3,155.3,0.8931895446777343,2,486
2026-05-02,US67066G1040,NVDA,2027-06-17,call,55.0,157.51,142.0,150.95,0.8463150134277342,5,740
2026-05-02,US67066G1040,NVDA,2027-06-17,call,60.0,145.0,138.45,146.0,0.8385025915527342,298,287
2026-05-02,US67066G1040,NVDA,2027-06-17,call,65.0,139.02,133.95,141.4,0.8109149768066406,3,883
2026-05-02,US67066G1040,NVDA,2027-06-17,call,70.0,134.44,129.85,138.0,0.8209246423339842,1,400
2026-05-02,US67066G1040,NVDA,2027-06-17,call,75.0,140.04,127.5,132.25,0.8116473913574218,1,440
2026-05-02,US67066G1040,NVDA,2027-06-17,call,80.0,125.2,123.1,127.7,0.7844259838867188,24,723
2026-05-02,US67066G1040,NVDA,2027-06-17,call,85.0,109.21,117.75,123.2,0.7422511126708984,1,427
2026-05-02,US67066G1040,NVDA,2027-06-17,call,90.0,115.52,114.3,117.25,0.7101469415283204,22,821
2026-05-02,US67066G1040,NVDA,2027-06-17,call,95.0,121.18,108.65,114.4,0.6931793377685547,7,584
2026-05-02,US67066G1040,NVDA,2027-06-17,call,100.0,106.48,105.45,108.2,0.6629062030029298,11,2858
2026-05-02,US67066G1040,NVDA,2027-06-17,call,105.0,103.15,101.05,104.25,0.6478917047119142,19,19448
2026-05-02,US67066G1040,NVDA,2027-06-17,call,110.0,99.5,97.15,100.0,0.6346472082519532,2,7137
2026-05-02,US67066G1040,NVDA,2027-06-17,call,115.0,94.87,92.95,95.9,0.6188392608642579,1,619
2026-05-02,US67066G1040,NVDA,2027-06-17,call,120.0,90.92,88.65,90.75,0.5898783688354493,6,1806
2026-05-02,US67066G1040,NVDA,2027-06-17,call,125.0,86.2,85.75,87.55,0.596683720703125,24,886
2026-05-02,US67066G1040,NVDA,2027-06-17,call,130.0,83.15,80.65,83.95,0.5751385260009765,18,928
2026-05-02,US67066G1040,NVDA,2027-06-17,call,135.0,79.31,77.9,79.95,0.5718121432495118,10,8590
2026-05-02,US67066G1040,NVDA,2027-06-17,call,140.0,76.0,74.5,76.2,0.563328341369629,16,3568
2026-05-02,US67066G1040,NVDA,2027-06-17,call,145.0,72.27,70.95,72.6,0.5537459176635743,3,897
2026-05-02,US67066G1040,NVDA,2027-06-17,call,150.0,68.18,67.3,68.65,0.5395859030151369,182,8966
2026-05-02,US67066G1040,NVDA,2027-06-17,call,155.0,64.5,63.9,65.85,0.5356186575317383,26,3116
2026-05-02,US67066G1040,NVDA,2027-06-17,call,160.0,62.46,61.15,62.55,0.5314377911376953,340,4874
2026-05-02,US67066G1040,NVDA,2027-06-17,call,165.0,59.4,58.15,59.4,0.5252427847290039,16,2019
2026-05-02,US67066G1040,NVDA,2027-06-17,call,170.0,56.32,55.05,56.4,0.5183153637695312,42,4990
2026-05-02,US67066G1040,NVDA,2027-06-17,call,175.0,52.5,52.3,53.45,0.5130358755493164,28,6924
2026-05-02,US67066G1040,NVDA,2027-06-17,call,180.0,49.95,49.55,50.65,0.5076343182373046,91,11054
2026-05-02,US67066G1040,NVDA,2027-06-17,call,185.0,48.0,46.85,47.85,0.5014850877380372,21,4929
2026-05-02,US67066G1040,NVDA,2027-06-17,call,190.0,45.0,44.2,45.35,0.5037891418457032,51,9477
2026-05-02,US67066G1040,NVDA,2027-06-17,call,195.0,42.1,41.9,42.9,0.4992420681762696,63,5581
2026-05-02,US67066G1040,NVDA,2027-06-17,call,200.0,39.82,39.45,40.0,0.48813378082275394,319,19803
2026-05-02,US67066G1040,NVDA,2027-06-17,call,205.0,37.89,37.4,38.25,0.4901174035644532,92,1865
2026-05-02,US67066G1040,NVDA,2027-06-17,call,210.0,35.75,35.2,35.65,0.48079437667846675,148,7025
2026-05-02,US67066G1040,NVDA,2027-06-17,call,215.0,34.11,33.1,33.8,0.4795126512145996,163,3998
2026-05-02,US67066G1040,NVDA,2027-06-17,call,220.0,31.7,31.4,31.85,0.47606419937133787,125,5447
2026-05-02,US67066G1040,NVDA,2027-06-17,call,225.0,30.2,29.5,30.1,0.47403480072021487,168,1480
2026-05-02,US67066G1040,NVDA,2027-06-17,call,230.0,28.0,27.8,28.45,0.4722953161621094,130,4506
2026-05-02,US67066G1040,NVDA,2027-06-17,call,235.0,27.1,26.25,26.95,0.4714408325195312,22,822
2026-05-02,US67066G1040,NVDA,2027-06-17,call,240.0,25.35,24.6,25.2,0.4667106552124024,56,3992
2026-05-02,US67066G1040,NVDA,2027-06-17,call,245.0,23.85,23.35,23.85,0.46594772338867196,16,1247
2026-05-02,US67066G1040,NVDA,2027-06-17,call,250.0,22.2,22.0,22.35,0.46252978881835943,213,10639
2026-05-02,US67066G1040,NVDA,2027-06-17,call,255.0,21.2,20.8,21.35,0.464421859741211,82,738
2026-05-02,US67066G1040,NVDA,2027-06-17,call,260.0,20.0,19.45,20.05,0.46190418472290046,76,7387
2026-05-02,US67066G1040,NVDA,2027-06-17,call,265.0,18.8,18.35,18.95,0.4611259942626954,20,715
2026-05-02,US67066G1040,NVDA,2027-06-17,call,270.0,17.8,17.35,17.85,0.4596001306152344,25,4083
2026-05-02,US67066G1040,NVDA,2027-06-17,call,275.0,16.67,16.35,16.95,0.45999685516357425,19,327
2026-05-02,US67066G1040,NVDA,2027-06-17,call,280.0,15.9,15.5,15.75,0.4557549542236329,18,2757
2026-05-02,US67066G1040,NVDA,2027-06-17,call,285.0,15.0,14.6,14.9,0.45548029876708984,17,262
2026-05-02,US67066G1040,NVDA,2027-06-17,call,290.0,14.05,13.7,14.25,0.457311335144043,2,4188
2026-05-02,US67066G1040,NVDA,2027-06-17,call,295.0,13.4,12.95,13.6,0.4586540951538086,2,395
2026-05-02,US67066G1040,NVDA,2027-06-17,call,300.0,12.5,12.4,12.6,0.45444271148681636,140,16946
2026-05-02,US67066G1040,NVDA,2027-06-17,call,310.0,11.53,10.95,11.45,0.45654840332031255,1,1554
2026-05-02,US67066G1040,NVDA,2027-06-17,call,320.0,10.1,9.95,10.15,0.45435115966796874,30,2287
2026-05-02,US67066G1040,NVDA,2027-06-17,call,330.0,9.81,8.95,9.3,0.45737236968994144,12,1464
2026-05-02,US67066G1040,NVDA,2027-06-17,call,340.0,8.9,7.85,8.5,0.4596916824340821,31,1383
2026-05-02,US67066G1040,NVDA,2027-06-17,call,350.0,7.3,7.1,7.4,0.45502253967285156,39,5231
2026-05-02,US67066G1040,NVDA,2027-06-17,call,360.0,6.7,6.55,6.8,0.4577996115112305,13,1351
2026-05-02,US67066G1040,NVDA,2027-06-17,call,370.0,6.7,5.75,6.3,0.46130909790039065,2,4780
2026-05-02,US67066G1040,NVDA,2027-06-17,call,380.0,5.5,5.2,5.55,0.4584099569702149,2,4135
2026-05-02,US67066G1040,NVDA,2027-06-17,call,390.0,4.99,4.7,5.2,0.4627739270019532,2,609
2026-05-02,US67066G1040,NVDA,2027-06-17,call,400.0,4.65,4.35,4.6,0.4603935797119141,12,1861
2026-05-02,US67066G1040,NVDA,2027-06-17,call,410.0,4.18,3.85,4.4,0.46652755157470704,10,512
2026-05-02,US67066G1040,NVDA,2027-06-17,call,420.0,3.75,3.65,3.75,0.4601494415283204,142,4294
2026-05-02,US67066G1040,NVDA,2027-06-17,put,5.0,0.02,0.0,0.03,1.171879140625,13,4186
2026-05-02,US67066G1040,NVDA,2027-06-17,put,10.0,0.03,0.0,0.0,0.500005,1,0
2026-05-02,US67066G1040,NVDA,2027-06-17,put,15.0,0.04,0.04,0.07,0.9101571484375,10,426
2026-05-02,US67066G1040,NVDA,2027-06-17,put,20.0,0.11,0.01,0.17,0.8476577734374999,2,543
2026-05-02,US67066G1040,NVDA,2027-06-17,put,25.0,0.12,0.03,0.21,0.789064609375,3,857
2026-05-02,US67066G1040,NVDA,2027-06-17,put,30.0,0.16,0.12,0.22,0.7500025,5,7158
2026-05-02,US67066G1040,NVDA,2027-06-17,put,35.0,0.23,0.1,0.36,0.7158231542968749,1,414
2026-05-02,US67066G1040,NVDA,2027-06-17,put,40.0,0.28,0.23,0.39,0.6884796777343751,1,1457
2026-05-02,US67066G1040,NVDA,2027-06-17,put,45.0,0.42,0.23,0.48,0.6508823974609376,1,1369
2026-05-02,US67066G1040,NVDA,2027-06-17,put,50.0,0.63,0.42,0.6,0.6401403173828125,1,4957
2026-05-02,US67066G1040,NVDA,2027-06-17,put,55.0,0.68,0.55,0.71,0.6179237426757813,20,2699
2026-05-02,US67066G1040,NVDA,2027-06-17,put,60.0,0.8,0.78,0.89,0.6064492480468751,20,1803
2026-05-02,US67066G1040,NVDA,2027-06-17,put,65.0,1.0,0.81,1.14,0.5842326733398437,11,1170
2026-05-02,US67066G1040,NVDA,2027-06-17,put,70.0,1.18,1.12,1.27,0.5697064514160157,10,3068
2026-05-02,US67066G1040,NVDA,2027-06-17,put,75.0,1.45,1.4,1.56,0.5584760949707033,2,4514
2026-05-02,US67066G1040,NVDA,2027-06-17,put,80.0,1.73,1.63,1.83,0.5424850439453126,30,5511
2026-05-02,US67066G1040,NVDA,2027-06-17,put,85.0,2.03,1.96,2.16,0.5302781347656251,2,8368
2026-05-02,US67066G1040,NVDA,2027-06-17,put,90.0,2.42,2.4,2.48,0.5191088128662109,3,3432
2026-05-02,US67066G1040,NVDA,2027-06-17,put,95.0,2.89,2.8,2.93,0.5083056982421875,233,4318
2026-05-02,US67066G1040,NVDA,2027-06-17,put,100.0,3.35,3.3,3.4,0.5002491381835938,65,15676
2026-05-02,US67066G1040,NVDA,2027-06-17,put,105.0,3.93,3.8,4.0,0.4924977508544922,2,4567
2026-05-02,US67066G1040,NVDA,2027-06-17,put,110.0,4.55,4.45,4.65,0.48438015625,4,8055
2026-05-02,US67066G1040,NVDA,2027-06-17,put,115.0,5.25,5.1,5.35,0.47601842346191403,3,5296
2026-05-02,US67066G1040,NVDA,2027-06-17,put,120.0,6.1,5.9,6.1,0.4672904833984375,5,8217
2026-05-02,US67066G1040,NVDA,2027-06-17,put,125.0,6.75,6.8,7.0,0.4607597869873047,3,8832
2026-05-02,US67066G1040,NVDA,2027-06-17,put,130.0,7.81,7.7,7.95,0.45358822784423825,27,9605
2026-05-02,US67066G1040,NVDA,2027-06-17,put,135.0,8.0,8.75,9.05,0.4479425323486328,1,3984
2026-05-02,US67066G1040,NVDA,2027-06-17,put,140.0,10.0,10.0,10.2,0.4415339050292969,217,15876
2026-05-02,US67066G1040,NVDA,2027-06-17,put,145.0,11.15,11.2,11.5,0.43628493408203123,245,5417
2026-05-02,US67066G1040,NVDA,2027-06-17,put,150.0,12.7,12.6,12.85,0.4302730313110352,49,28707
2026-05-02,US67066G1040,NVDA,2027-06-17,put,155.0,14.29,14.1,14.4,0.4259395785522462,18,3682
2026-05-02,US67066G1040,NVDA,2027-06-17,put,160.0,15.6,15.7,16.0,0.42078215942382813,52,5704
2026-05-02,US67066G1040,NVDA,2027-06-17,put,165.0,17.53,17.45,17.75,0.41629612030029295,31,4707
2026-05-02,US67066G1040,NVDA,2027-06-17,put,170.0,19.35,19.25,19.55,0.4110166320800781,38,7718
2026-05-02,US67066G1040,NVDA,2027-06-17,put,175.0,21.31,21.35,21.55,0.40704938659667966,58,3014
2026-05-02,US67066G1040,NVDA,2027-06-17,put,180.0,23.15,23.3,23.6,0.4022429161071777,91,7720
2026-05-02,US67066G1040,NVDA,2027-06-17,put,185.0,25.59,25.5,25.85,0.3986266192626954,75,4610
2026-05-02,US67066G1040,NVDA,2027-06-17,put,190.0,27.95,27.8,28.2,0.39481196014404296,45,4928
2026-05-02,US67066G1040,NVDA,2027-06-17,put,195.0,30.36,30.2,30.6,0.3902648864746094,11,1157
2026-05-02,US67066G1040,NVDA,2027-06-17,put,200.0,32.68,32.75,33.0,0.3843750527954102,206,3731
2026-05-02,US67066G1040,NVDA,2027-06-17,put,205.0,35.2,35.4,35.8,0.38197944686889646,66,683
2026-05-02,US67066G1040,NVDA,2027-06-17,put,210.0,38.05,38.0,38.55,0.377661252746582,112,3370
2026-05-02,US67066G1040,NVDA,2027-06-17,put,215.0,41.05,40.8,41.5,0.3744264218139648,3,161
2026-05-02,US67066G1040,NVDA,2027-06-17,put,220.0,43.8,43.8,44.5,0.3704896936035156,2,1156
2026-05-02,US67066G1040,NVDA,2027-06-17,put,225.0,42.45,46.9,47.65,0.3670870176696777,15,57
2026-05-02,US67066G1040,NVDA,2027-06-17,put,230.0,50.23,50.1,50.9,0.363638565826416,11,396
2026-05-02,US67066G1040,NVDA,2027-06-17,put,235.0,53.95,53.4,54.25,0.3601748553466796,2,57
2026-05-02,US67066G1040,NVDA,2027-06-17,put,240.0,52.0,56.8,57.8,0.35797761169433595,5,959
2026-05-02,US67066G1040,NVDA,2027-06-17,put,245.0,54.4,60.3,61.3,0.35394933166503895,1,9
2026-05-02,US67066G1040,NVDA,2027-06-17,put,250.0,63.15,64.0,64.85,0.349341223449707,1,597
2026-05-02,US67066G1040,NVDA,2027-06-17,put,255.0,62.1,67.55,68.75,0.3481510498046875,45,97
2026-05-02,US67066G1040,NVDA,2027-06-17,put,260.0,64.72,71.35,72.6,0.3451908743286133,1,635
2026-05-02,US67066G1040,NVDA,2027-06-17,put,265.0,92.0,75.2,76.55,0.3424748370361328,8,171
2026-05-02,US67066G1040,NVDA,2027-06-17,put,270.0,79.45,79.15,80.55,0.3393925924682617,1,2028
2026-05-02,US67066G1040,NVDA,2027-06-17,put,275.0,73.54,83.15,84.65,0.3366460379028321,5,324
2026-05-02,US67066G1040,NVDA,2027-06-17,put,280.0,87.28,87.4,88.75,0.3327703442382813,3,2748
2026-05-02,US67066G1040,NVDA,2027-06-17,put,285.0,109.3,91.4,93.05,0.3310918942260742,3,249
2026-05-02,US67066G1040,NVDA,2027-06-17,put,290.0,95.35,95.6,97.3,0.32746033874511715,5,940
2026-05-02,US67066G1040,NVDA,2027-06-17,put,295.0,114.65,99.85,101.75,0.32639223419189456,4,85
2026-05-02,US67066G1040,NVDA,2027-06-17,put,300.0,104.25,104.2,106.2,0.3244086114501953,10,1023
2026-05-02,US67066G1040,NVDA,2027-06-17,put,310.0,143.1,113.05,115.25,0.3206244696044921,2,497
2026-05-02,US67066G1040,NVDA,2027-06-17,put,320.0,143.0,122.0,124.45,0.31641308593749995,39,250
2026-05-02,US67066G1040,NVDA,2027-06-17,put,330.0,150.3,131.3,133.9,0.315314464111328,1,20
2026-05-02,US67066G1040,NVDA,2027-06-17,put,340.0,139.81,140.35,143.85,0.32709413146972655,1,5
2026-05-02,US67066G1040,NVDA,2027-06-17,put,350.0,173.15,149.7,153.6,0.33185482604980465,2,0
2026-05-02,US67066G1040,NVDA,2027-06-17,put,360.0,181.57,159.65,163.3,0.33338068969726564,16,0
2026-05-02,US67066G1040,NVDA,2027-06-17,put,370.0,182.75,0.0,0.0,1.0000000000000003e-05,10,0
2026-05-02,US67066G1040,NVDA,2027-06-17,put,380.0,180.45,179.65,183.05,0.34589277160644527,1,0
2026-05-02,US67066G1040,NVDA,2027-06-17,put,390.0,193.25,0.0,0.0,1.0000000000000003e-05,10,0
2026-05-02,US67066G1040,NVDA,2027-06-17,put,400.0,200.35,199.65,203.05,0.36652244812011714,1,0
2026-05-02,US67066G1040,NVDA,2027-06-17,put,410.0,198.7,209.6,213.1,0.37854625366210937,2,0
2026-05-02,US67066G1040,NVDA,2027-06-17,put,420.0,223.0,0.0,0.0,1.0000000000000003e-05,10,0
2026-05-02,US67066G1040,NVDA,2027-09-17,call,55.0,132.7,143.0,153.0,0.8520522607421875,20,75
2026-05-02,US67066G1040,NVDA,2027-09-17,call,60.0,144.5,139.0,146.95,0.7965108239746093,2,44
2026-05-02,US67066G1040,NVDA,2027-09-17,call,65.0,115.75,134.5,142.5,0.7710594183349608,62,77
2026-05-02,US67066G1040,NVDA,2027-09-17,call,70.0,101.56,130.45,136.9,0.7319362744140624,17,61
2026-05-02,US67066G1040,NVDA,2027-09-17,call,75.0,106.7,129.1,136.5,0.8333756896972655,20,17
2026-05-02,US67066G1040,NVDA,2027-09-17,call,80.0,127.21,121.7,129.25,0.7116728051757812,1,75
2026-05-02,US67066G1040,NVDA,2027-09-17,call,85.0,106.8,117.45,123.7,0.6741975939941409,3,45
2026-05-02,US67066G1040,NVDA,2027-09-17,call,90.0,127.32,113.25,120.7,0.676761044921875,4,44
2026-05-02,US67066G1040,NVDA,2027-09-17,call,95.0,122.82,109.15,116.5,0.6615634429931643,3,28
2026-05-02,US67066G1040,NVDA,2027-09-17,call,100.0,120.38,107.6,110.65,0.6567417138671876,20,44
2026-05-02,US67066G1040,NVDA,2027-09-17,call,105.0,104.4,102.5,106.6,0.6302527209472657,1,24
2026-05-02,US67066G1040,NVDA,2027-09-17,call,110.0,101.55,99.15,102.55,0.6234778863525392,5,56
2026-05-02,US67066G1040,NVDA,2027-09-17,call,115.0,97.03,95.05,98.6,0.6088295953369143,1,219
2026-05-02,US67066G1040,NVDA,2027-09-17,call,120.0,93.11,91.0,94.7,0.5947000979614258,25,166
2026-05-02,US67066G1040,NVDA,2027-09-17,call,125.0,99.6,87.4,90.9,0.5851481915283203,5,72
2026-05-02,US67066G1040,NVDA,2027-09-17,call,130.0,86.0,84.9,86.9,0.5824016369628906,2,438
2026-05-02,US67066G1040,NVDA,2027-09-17,call,135.0,84.16,80.95,83.3,0.5696454168701173,1,540
2026-05-02,US67066G1040,NVDA,2027-09-17,call,140.0,79.05,77.95,79.75,0.5641828250122071,36,716
2026-05-02,US67066G1040,NVDA,2027-09-17,call,145.0,75.65,73.95,76.4,0.5516707431030273,21,116
2026-05-02,US67066G1040,NVDA,2027-09-17,call,150.0,72.48,71.0,73.1,0.5465133239746094,1,931
2026-05-02,US67066G1040,NVDA,2027-09-17,call,155.0,68.35,67.75,69.85,0.5386093502807618,1,129
2026-05-02,US67066G1040,NVDA,2027-09-17,call,160.0,67.0,64.5,66.65,0.5302476174926759,2,316
2026-05-02,US67066G1040,NVDA,2027-09-17,call,165.0,62.04,61.8,63.75,0.5266160620117188,1,168
2026-05-02,US67066G1040,NVDA,2027-09-17,call,170.0,60.54,59.0,60.85,0.5213365737915038,18,366
2026-05-02,US67066G1040,NVDA,2027-09-17,call,175.0,57.25,56.05,57.9,0.5139208764648437,8,597
2026-05-02,US67066G1040,NVDA,2027-09-17,call,180.0,55.2,54.0,55.35,0.5135241519165038,3,478
2026-05-02,US67066G1040,NVDA,2027-09-17,call,185.0,51.85,51.15,52.6,0.5062305236816407,3,880
2026-05-02,US67066G1040,NVDA,2027-09-17,call,190.0,50.27,48.95,50.25,0.5042163836669922,9,1082
2026-05-02,US67066G1040,NVDA,2027-09-17,call,195.0,47.37,46.7,47.4,0.5021412091064454,41,853
2026-05-02,US67066G1040,NVDA,2027-09-17,call,200.0,44.79,44.5,45.05,0.49750258361816413,41,1726
2026-05-02,US67066G1040,NVDA,2027-09-17,call,205.0,42.74,42.3,43.3,0.49872327453613285,81,4449
2026-05-02,US67066G1040,NVDA,2027-09-17,call,210.0,41.2,40.25,41.2,0.4952137881469727,24,5933
2026-05-02,US67066G1040,NVDA,2027-09-17,call,215.0,39.27,38.25,39.0,0.48985800674438484,1,384
2026-05-02,US67066G1040,NVDA,2027-09-17,call,220.0,37.22,36.45,37.0,0.4859365371704102,74,2130
2026-05-02,US67066G1040,NVDA,2027-09-17,call,225.0,35.0,34.55,35.3,0.4845174839782715,2,178
2026-05-02,US67066G1040,NVDA,2027-09-17,call,230.0,33.65,32.9,33.6,0.4823660162353516,1,1003
2026-05-02,US67066G1040,NVDA,2027-09-17,call,235.0,33.05,31.3,32.0,0.4805807557678223,20,210
2026-05-02,US67066G1040,NVDA,2027-09-17,call,240.0,30.12,29.75,30.35,0.47757480438232425,163,2072
2026-05-02,US67066G1040,NVDA,2027-09-17,call,245.0,28.86,28.3,29.0,0.4771475625610352,14,322
2026-05-02,US67066G1040,NVDA,2027-09-17,call,250.0,27.35,26.95,27.5,0.4744315252685547,69,1916
2026-05-02,US67066G1040,NVDA,2027-09-17,call,255.0,26.14,25.4,26.35,0.4749045429992676,1,357
2026-05-02,US67066G1040,NVDA,2027-09-17,call,260.0,24.5,24.4,25.1,0.4736991107177735,28,1073
2026-05-02,US67066G1040,NVDA,2027-09-17,call,265.0,23.47,23.15,23.9,0.4724479025268554,3,804
2026-05-02,US67066G1040,NVDA,2027-09-17,call,270.0,22.38,22.1,22.7,0.470632124786377,142,1604
2026-05-02,US67066G1040,NVDA,2027-09-17,call,275.0,22.5,20.95,21.8,0.47163919479370114,3,962
2026-05-02,US67066G1040,NVDA,2027-09-17,call,280.0,21.7,19.9,20.75,0.47043376251220703,17,1405
2026-05-02,US67066G1040,NVDA,2027-09-17,call,285.0,20.79,19.0,19.7,0.4687095365905762,2,582
2026-05-02,US67066G1040,NVDA,2027-09-17,call,290.0,19.0,18.1,18.75,0.46762617340087886,1,617
2026-05-02,US67066G1040,NVDA,2027-09-17,call,295.0,17.43,17.2,18.0,0.46841962249755864,2,817
2026-05-02,US67066G1040,NVDA,2027-09-17,call,300.0,17.25,16.55,16.95,0.4651847915649414,2,3203
2026-05-02,US67066G1040,NVDA,2027-09-17,call,310.0,16.3,14.95,15.7,0.46762617340087886,3,1163
2026-05-02,US67066G1040,NVDA,2027-09-17,call,320.0,14.4,13.65,14.05,0.46344530700683595,1,1165
2026-05-02,US67066G1040,NVDA,2027-09-17,call,330.0,12.75,12.35,13.0,0.46536789520263677,11,978
2026-05-02,US67066G1040,NVDA,2027-09-17,call,340.0,12.1,11.45,11.7,0.46249927154541026,5,1800
2026-05-02,US67066G1040,NVDA,2027-09-17,call,350.0,10.69,10.4,10.85,0.4644828942871094,5,555
2026-05-02,US67066G1040,NVDA,2027-09-17,call,360.0,13.88,9.4,10.1,0.46677168975830086,9,177
2026-05-02,US67066G1040,NVDA,2027-09-17,call,370.0,9.95,8.75,9.25,0.4664665170288086,6,1676
2026-05-02,US67066G1040,NVDA,2027-09-17,call,380.0,9.1,7.9,8.6,0.46820600158691406,67,313
2026-05-02,US67066G1040,NVDA,2027-09-17,call,390.0,7.6,7.3,7.85,0.4672904833984375,68,1130
2026-05-02,US67066G1040,NVDA,2027-09-17,put,55.0,0.9,0.62,0.99,0.5822795678710937,2,1246
2026-05-02,US67066G1040,NVDA,2027-09-17,put,60.0,1.02,0.86,1.33,0.5759319750976561,2,162
2026-05-02,US67066G1040,NVDA,2027-09-17,put,65.0,1.28,1.12,1.58,0.5621381677246093,3,132
2026-05-02,US67066G1040,NVDA,2027-09-17,put,70.0,1.67,1.38,1.86,0.5476119458007813,12,378
2026-05-02,US67066G1040,NVDA,2027-09-17,put,75.0,1.97,1.7,2.18,0.5349167602539062,11,132
2026-05-02,US67066G1040,NVDA,2027-09-17,put,80.0,2.1,2.07,2.55,0.523320196533203,16,146
2026-05-02,US67066G1040,NVDA,2027-09-17,put,85.0,2.73,2.5,2.95,0.5123339782714844,18,424
2026-05-02,US67066G1040,NVDA,2027-09-17,put,90.0,3.2,2.96,3.45,0.5025684509277344,9,388
2026-05-02,US67066G1040,NVDA,2027-09-17,put,95.0,3.7,3.4,3.85,0.497197410888672,1,988
2026-05-02,US67066G1040,NVDA,2027-09-17,put,100.0,4.3,4.05,4.6,0.4928029235839845,12,1395
2026-05-02,US67066G1040,NVDA,2027-09-17,put,105.0,5.03,4.8,5.15,0.4803518762207031,1,498
2026-05-02,US67066G1040,NVDA,2027-09-17,put,110.0,5.7,5.65,5.9,0.47241738525390625,21,829
2026-05-02,US67066G1040,NVDA,2027-09-17,put,115.0,5.91,6.35,6.7,0.4642387561035156,4,631
2026-05-02,US67066G1040,NVDA,2027-09-17,put,120.0,7.45,7.2,7.8,0.46143116699218756,6,1971
2026-05-02,US67066G1040,NVDA,2027-09-17,put,125.0,8.52,8.3,8.65,0.4514215014648438,1,1735
2026-05-02,US67066G1040,NVDA,2027-09-17,put,130.0,9.58,9.45,9.75,0.445318046875,4,3420
2026-05-02,US67066G1040,NVDA,2027-09-17,put,135.0,10.7,10.6,11.05,0.44135080139160154,2,2167
2026-05-02,US67066G1040,NVDA,2027-09-17,put,140.0,12.21,11.9,12.35,0.43576614044189454,2,3888
2026-05-02,US67066G1040,NVDA,2027-09-17,put,145.0,11.74,13.3,13.75,0.4304561349487305,3,1600
2026-05-02,US67066G1040,NVDA,2027-09-17,put,150.0,14.96,14.8,15.3,0.4260311303710938,3,3461
2026-05-02,US67066G1040,NVDA,2027-09-17,put,155.0,16.72,16.35,16.95,0.4216976776123047,33,559
2026-05-02,US67066G1040,NVDA,2027-09-17,put,160.0,18.5,18.2,18.65,0.416723362121582,188,513
2026-05-02,US67066G1040,NVDA,2027-09-17,put,165.0,20.2,19.95,20.5,0.4124814611816406,5,801
2026-05-02,US67066G1040,NVDA,2027-09-17,put,170.0,22.05,22.1,22.5,0.4088804229736328,6,647
2026-05-02,US67066G1040,NVDA,2027-09-17,put,175.0,23.85,24.15,24.5,0.40405869384765625,1,655
2026-05-02,US67066G1040,NVDA,2027-09-17,put,180.0,25.9,26.15,26.7,0.4004576556396484,7,808
2026-05-02,US67066G1040,NVDA,2027-09-17,put,185.0,28.61,28.45,28.9,0.3956664437866212,1,645
2026-05-02,US67066G1040,NVDA,2027-09-17,put,190.0,31.6,30.75,31.35,0.3926299751281738,2,823
2026-05-02,US67066G1040,NVDA,2027-09-17,put,195.0,33.11,33.25,33.7,0.38733522827148437,31,494
2026-05-02,US67066G1040,NVDA,2027-09-17,put,200.0,36.01,35.9,36.35,0.3842682423400879,67,804
2026-05-02,US67066G1040,NVDA,2027-09-17,put,205.0,38.3,38.5,39.1,0.3812012564086914,44,248
2026-05-02,US67066G1040,NVDA,2027-09-17,put,210.0,41.29,41.3,41.85,0.3770661659240722,142,705
2026-05-02,US67066G1040,NVDA,2027-09-17,put,215.0,39.65,43.95,44.75,0.3735109036254882,7,134
2026-05-02,US67066G1040,NVDA,2027-09-17,put,220.0,42.62,46.95,47.75,0.36997089996337884,1,249
2026-05-02,US67066G1040,NVDA,2027-09-17,put,225.0,51.19,50.0,50.85,0.36652244812011714,1,17
2026-05-02,US67066G1040,NVDA,2027-09-17,put,230.0,49.0,53.2,54.05,0.3631197721862793,30,35
2026-05-02,US67066G1040,NVDA,2027-09-17,put,235.0,50.42,56.5,57.35,0.3598239067077636,25,40
2026-05-02,US67066G1040,NVDA,2027-09-17,put,240.0,60.11,59.8,60.75,0.35665011032104493,143,67
2026-05-02,US67066G1040,NVDA,2027-09-17,put,245.0,78.18,61.85,62.25,0.3309698251342773,10,95
2026-05-02,US67066G1040,NVDA,2027-09-17,put,250.0,70.55,66.75,68.0,0.3524845025634765,1,1286
2026-05-02,US67066G1040,NVDA,2027-09-17,put,255.0,93.05,70.35,71.45,0.34696087615966786,2,4
2026-05-02,US67066G1040,NVDA,2027-09-17,put,260.0,69.01,74.05,75.2,0.34397018341064456,11,44
2026-05-02,US67066G1040,NVDA,2027-09-17,put,265.0,69.65,77.8,78.95,0.34003345520019534,2,39
2026-05-02,US67066G1040,NVDA,2027-09-17,put,270.0,73.05,81.65,83.15,0.3407963870239258,16,112
2026-05-02,US67066G1040,NVDA,2027-09-17,put,275.0,79.5,85.55,87.05,0.336920693359375,10,83
2026-05-02,US67066G1040,NVDA,2027-09-17,put,280.0,106.35,89.5,91.1,0.33411310424804685,4,551
2026-05-02,US67066G1040,NVDA,2027-09-17,put,285.0,112.5,93.55,95.15,0.3303899969482421,4,95
2026-05-02,US67066G1040,NVDA,2027-09-17,put,290.0,123.75,97.65,99.3,0.32712464874267577,39,185
2026-05-02,US67066G1040,NVDA,2027-09-17,put,295.0,92.6,101.8,103.65,0.3259649923706054,2,990
2026-05-02,US67066G1040,NVDA,2027-09-17,put,300.0,103.0,106.0,108.0,0.3240729214477538,1,927
2026-05-02,US67066G1040,NVDA,2027-09-17,put,310.0,114.9,114.6,116.8,0.3194648132324218,1,981
2026-05-02,US67066G1040,NVDA,2027-09-17,put,320.0,112.2,123.4,125.7,0.31323928955078123,7,2722
2026-05-02,US67066G1040,NVDA,2027-09-17,put,330.0,131.25,132.4,134.95,0.3107979077148437,2,1271
2026-05-02,US67066G1040,NVDA,2027-09-17,put,340.0,146.29,141.55,144.35,0.3090889404296875,1,2
2026-05-02,US67066G1040,NVDA,2027-09-17,put,350.0,137.8,150.35,154.25,0.31836619140624994,6,6
2026-05-02,US67066G1040,NVDA,2027-09-17,put,360.0,147.22,159.8,163.95,0.3214789532470703,6,103
2026-05-02,US67066G1040,NVDA,2027-09-17,put,370.0,172.85,169.5,173.65,0.3233710241699218,3,3
2026-05-02,US67066G1040,NVDA,2027-09-17,put,380.0,180.98,179.5,183.4,0.3254461987304687,2,0
2026-05-02,US67066G1040,NVDA,2027-09-17,put,390.0,203.05,0.0,0.0,1.0000000000000003e-05,10,0
2026-05-02,US67066G1040,NVDA,2027-12-17,call,5.0,196.18,189.0,198.0,1.1015669921875002,29,33215
2026-05-02,US67066G1040,NVDA,2027-12-17,call,10.0,206.5,185.0,193.3,1.2626989990234374,4,675
2026-05-02,US67066G1040,NVDA,2027-12-17,call,15.0,185.82,180.0,188.65,1.112797404785156,28,527
2026-05-02,US67066G1040,NVDA,2027-12-17,call,20.0,196.1,175.0,184.1,1.0200244311523439,10,1084
2026-05-02,US67066G1040,NVDA,2027-12-17,call,25.0,189.85,171.0,179.5,1.011479552001953,2,725
2026-05-02,US67066G1040,NVDA,2027-12-17,call,30.0,173.05,166.0,174.9,0.9390875231933593,5,803
2026-05-02,US67066G1040,NVDA,2027-12-17,call,35.0,168.71,162.0,170.35,0.9241950939941408,1,1094
2026-05-02,US67066G1040,NVDA,2027-12-17,call,40.0,172.8,157.0,165.8,0.8686536572265625,10,851
2026-05-02,US67066G1040,NVDA,2027-12-17,call,45.0,172.5,153.3,161.25,0.8605970971679688,5,449
2026-05-02,US67066G1040,NVDA,2027-12-17,call,50.0,153.97,148.0,156.5,0.7994404821777343,9,1296
2026-05-02,US67066G1040,NVDA,2027-12-17,call,55.0,152.07,144.35,152.3,0.7996846203613281,1,1505
2026-05-02,US67066G1040,NVDA,2027-12-17,call,60.0,143.0,140.1,146.5,0.7475611181640626,4,1674
2026-05-02,US67066G1040,NVDA,2027-12-17,call,65.0,129.4,137.4,142.1,0.7586694055175782,1,803
2026-05-02,US67066G1040,NVDA,2027-12-17,call,70.0,135.75,133.0,139.6,0.7661766546630859,1,5297
2026-05-02,US67066G1040,NVDA,2027-12-17,call,75.0,143.5,128.7,133.4,0.7134428070068359,2,1706
2026-05-02,US67066G1040,NVDA,2027-12-17,call,80.0,127.35,124.55,130.95,0.7216214361572266,3,2165
2026-05-02,US67066G1040,NVDA,2027-12-17,call,85.0,133.18,118.9,126.5,0.6795686340332032,1,1075
2026-05-02,US67066G1040,NVDA,2027-12-17,call,90.0,119.8,116.6,120.75,0.6660189648437502,1,3584
2026-05-02,US67066G1040,NVDA,2027-12-17,call,95.0,116.0,113.55,116.65,0.6622043057250978,1,4470
2026-05-02,US67066G1040,NVDA,2027-12-17,call,100.0,111.1,108.85,112.65,0.6399877310180665,4,16784
2026-05-02,US67066G1040,NVDA,2027-12-17,call,105.0,107.1,105.1,107.5,0.6162758099365235,7,7234
2026-05-02,US67066G1040,NVDA,2027-12-17,call,110.0,102.8,101.45,103.6,0.6062661444091797,3,9718
2026-05-02,US67066G1040,NVDA,2027-12-17,call,115.0,98.8,98.5,101.1,0.6143837390136719,7,3742
2026-05-02,US67066G1040,NVDA,2027-12-17,call,120.0,95.72,94.9,97.05,0.601139242553711,25,7327
2026-05-02,US67066G1040,NVDA,2027-12-17,call,125.0,95.1,90.05,93.65,0.582737326965332,3,4243
2026-05-02,US67066G1040,NVDA,2027-12-17,call,130.0,88.91,87.05,89.8,0.5752605950927734,5,8974
2026-05-02,US67066G1040,NVDA,2027-12-17,call,135.0,86.45,83.8,86.4,0.568439984588623,1,6712
2026-05-02,US67066G1040,NVDA,2027-12-17,call,140.0,84.44,80.35,83.05,0.5597273031616211,9,7448
2026-05-02,US67066G1040,NVDA,2027-12-17,call,145.0,80.66,77.5,79.8,0.5551191949462893,77,7464
2026-05-02,US67066G1040,NVDA,2027-12-17,call,150.0,75.5,75.0,76.75,0.5531966067504883,20,15086
2026-05-02,US67066G1040,NVDA,2027-12-17,call,155.0,74.3,71.2,73.55,0.5410354734802247,2,10577
2026-05-02,US67066G1040,NVDA,2027-12-17,call,160.0,70.25,69.05,70.6,0.5401657312011721,14,4619
2026-05-02,US67066G1040,NVDA,2027-12-17,call,165.0,66.55,66.0,67.65,0.5328873616027832,2,2504
2026-05-02,US67066G1040,NVDA,2027-12-17,call,170.0,64.38,62.85,64.05,0.5206194178771972,29,4371
2026-05-02,US67066G1040,NVDA,2027-12-17,call,175.0,61.55,60.65,61.95,0.5218553674316406,129,14057
2026-05-02,US67066G1040,NVDA,2027-12-17,call,180.0,58.9,58.05,59.6,0.5184679501342774,13,8172
2026-05-02,US67066G1040,NVDA,2027-12-17,call,185.0,56.9,55.5,56.9,0.5127154441833495,322,4868
2026-05-02,US67066G1040,NVDA,2027-12-17,call,190.0,54.25,53.5,54.7,0.5119067364501952,210,7412
2026-05-02,US67066G1040,NVDA,2027-12-17,call,195.0,51.51,51.2,52.2,0.5071613005065918,14,5106
2026-05-02,US67066G1040,NVDA,2027-12-17,call,200.0,49.5,49.0,50.1,0.5043537113952636,145,37319
2026-05-02,US67066G1040,NVDA,2027-12-17,call,205.0,47.32,46.65,47.7,0.5039417282104492,13,288
2026-05-02,US67066G1040,NVDA,2027-12-17,call,210.0,45.65,44.95,45.7,0.5012867254638673,35,21222
2026-05-02,US67066G1040,NVDA,2027-12-17,call,215.0,43.59,42.85,43.9,0.5000355172729493,2,221
2026-05-02,US67066G1040,NVDA,2027-12-17,call,220.0,41.6,41.05,41.7,0.4941151663208009,849,6499
2026-05-02,US67066G1040,NVDA,2027-12-17,call,225.0,39.9,39.05,40.0,0.4926045613098145,6,184
2026-05-02,US67066G1040,NVDA,2027-12-17,call,230.0,37.75,37.5,38.0,0.48752343536376963,135,19531
2026-05-02,US67066G1040,NVDA,2027-12-17,call,235.0,38.26,35.65,36.7,0.4888051608276368,5,179
2026-05-02,US67066G1040,NVDA,2027-12-17,call,240.0,34.95,34.35,34.95,0.48505153625488284,177,6775
2026-05-02,US67066G1040,NVDA,2027-12-17,call,245.0,33.63,32.65,33.65,0.4852193812561035,2,126
2026-05-02,US67066G1040,NVDA,2027-12-17,call,250.0,31.49,31.4,32.05,0.48187773986816407,99,6667
2026-05-02,US67066G1040,NVDA,2027-12-17,call,255.0,31.35,30.1,30.9,0.4824880853271485,14,608
2026-05-02,US67066G1040,NVDA,2027-12-17,call,260.0,29.65,28.8,29.45,0.47961946166992186,27,3344
2026-05-02,US67066G1040,NVDA,2027-12-17,call,265.0,27.9,27.55,28.4,0.4802603244018554,1,672
2026-05-02,US67066G1040,NVDA,2027-12-17,call,270.0,27.15,26.4,27.1,0.47794101165771485,7,11886
2026-05-02,US67066G1040,NVDA,2027-12-17,call,275.0,25.51,25.3,25.95,0.4766592861938477,31,497
2026-05-02,US67066G1040,NVDA,2027-12-17,call,280.0,24.95,24.2,24.9,0.4759573889160156,13,7050
2026-05-02,US67066G1040,NVDA,2027-12-17,call,285.0,24.27,23.3,24.05,0.47688816574096676,53,315
2026-05-02,US67066G1040,NVDA,2027-12-17,call,290.0,24.05,22.3,22.95,0.47484350845336915,248,5546
2026-05-02,US67066G1040,NVDA,2027-12-17,call,295.0,23.0,21.35,22.2,0.47604894073486326,4,1198
2026-05-02,US67066G1040,NVDA,2027-12-17,call,300.0,20.5,20.6,20.9,0.47104410797119145,24,9954
2026-05-02,US67066G1040,NVDA,2027-12-17,call,310.0,19.3,18.9,19.55,0.4732413516235352,2,4366
2026-05-02,US67066G1040,NVDA,2027-12-17,call,320.0,17.87,17.4,18.05,0.47246316116333004,2,5593
2026-05-02,US67066G1040,NVDA,2027-12-17,call,330.0,16.56,16.05,16.7,0.4720816952514648,2,4416
2026-05-02,US67066G1040,NVDA,2027-12-17,call,340.0,15.3,14.9,15.5,0.4722037643432617,7,4680
2026-05-02,US67066G1040,NVDA,2027-12-17,call,350.0,14.0,13.75,14.25,0.47055583160400394,155,4366
2026-05-02,US67066G1040,NVDA,2027-12-17,call,360.0,13.32,12.7,13.35,0.47211221252441404,20,10382
2026-05-02,US67066G1040,NVDA,2027-12-17,call,380.0,11.78,11.0,11.45,0.4710746252441406,4,1278
2026-05-02,US67066G1040,NVDA,2027-12-17,call,390.0,10.38,10.3,10.5,0.46902996795654295,163,4434
2026-05-02,US67066G1040,NVDA,2027-12-17,call,400.0,9.73,9.4,9.95,0.47174600524902344,8,2213
2026-05-02,US67066G1040,NVDA,2027-12-17,call,410.0,9.3,8.9,9.2,0.47079996978759764,1,841
2026-05-02,US67066G1040,NVDA,2027-12-17,call,420.0,8.52,8.3,8.55,0.47055583160400394,170,4327
2026-05-02,US67066G1040,NVDA,2027-12-17,put,5.0,0.02,0.02,0.03,1.0234423828125,15,29598
2026-05-02,US67066G1040,NVDA,2027-12-17,put,10.0,0.06,0.01,0.07,0.8554701953125,1,1080
2026-05-02,US67066G1040,NVDA,2027-12-17,put,15.0,0.09,0.07,0.12,0.8027363476562499,118,23367
2026-05-02,US67066G1040,NVDA,2027-12-17,put,20.0,0.14,0.1,0.16,0.73633076171875,11,2667
2026-05-02,US67066G1040,NVDA,2027-12-17,put,25.0,0.26,0.1,0.29,0.6972686523437501,1,1427
2026-05-02,US67066G1040,NVDA,2027-12-17,put,30.0,0.11,0.1,0.56,0.6816438085937502,4,1004
2026-05-02,US67066G1040,NVDA,2027-12-17,put,35.0,0.39,0.29,0.56,0.649417568359375,1,2319
2026-05-02,US67066G1040,NVDA,2027-12-17,put,40.0,0.61,0.55,0.67,0.6342810009765626,1,4059
2026-05-02,US67066G1040,NVDA,2027-12-17,put,45.0,0.75,0.62,0.89,0.6098671826171876,1,4565
2026-05-02,US67066G1040,NVDA,2027-12-17,put,50.0,0.98,0.87,1.09,0.5944864770507813,10,9497
2026-05-02,US67066G1040,NVDA,2027-12-17,put,55.0,1.15,1.0,1.32,0.5727581787109376,2,3998
2026-05-02,US67066G1040,NVDA,2027-12-17,put,60.0,1.4,1.27,1.58,0.5578657495117189,35,17079
2026-05-02,US67066G1040,NVDA,2027-12-17,put,65.0,1.78,1.44,2.02,0.5444381494140625,1,849
2026-05-02,US67066G1040,NVDA,2027-12-17,put,70.0,2.06,1.92,2.2,0.5308884802246094,10,7421
2026-05-02,US67066G1040,NVDA,2027-12-17,put,75.0,2.41,2.29,2.61,0.5192308819580078,1,11329
2026-05-02,US67066G1040,NVDA,2027-12-17,put,80.0,2.9,2.83,3.1,0.5116625982666017,1,8616
2026-05-02,US67066G1040,NVDA,2027-12-17,put,85.0,3.5,3.25,3.45,0.5008594836425782,1,9958
2026-05-02,US67066G1040,NVDA,2027-12-17,put,90.0,4.0,3.8,4.05,0.492741889038086,8,26073
2026-05-02,US67066G1040,NVDA,2027-12-17,put,95.0,4.75,4.45,4.75,0.48602808898925787,2,6058
2026-05-02,US67066G1040,NVDA,2027-12-17,put,100.0,5.28,5.2,5.45,0.4776663562011719,270,27561
2026-05-02,US67066G1040,NVDA,2027-12-17,put,105.0,6.1,5.95,6.3,0.4717154879760742,67,3054
2026-05-02,US67066G1040,NVDA,2027-12-17,put,110.0,7.0,6.95,7.1,0.4630180651855469,19,11165
2026-05-02,US67066G1040,NVDA,2027-12-17,put,115.0,7.95,7.9,8.05,0.45642633422851564,37,6271
2026-05-02,US67066G1040,NVDA,2027-12-17,put,120.0,8.98,8.75,9.2,0.452428571472168,4,16248
2026-05-02,US67066G1040,NVDA,2027-12-17,put,125.0,10.07,9.95,10.35,0.446843910522461,13,9947
2026-05-02,US67066G1040,NVDA,2027-12-17,put,130.0,11.35,11.15,11.65,0.4424799404907227,7,5701
2026-05-02,US67066G1040,NVDA,2027-12-17,put,135.0,12.63,12.45,12.9,0.4359492440795898,6,4902
2026-05-02,US67066G1040,NVDA,2027-12-17,put,140.0,13.97,13.95,14.35,0.43137165313720705,25,15554
2026-05-02,US67066G1040,NVDA,2027-12-17,put,145.0,15.65,15.4,15.9,0.42697716583251966,2,2193
2026-05-02,US67066G1040,NVDA,2027-12-17,put,150.0,17.14,17.1,17.45,0.42139250488281255,9,13445
2026-05-02,US67066G1040,NVDA,2027-12-17,put,155.0,19.0,18.75,19.15,0.416723362121582,1,5347
2026-05-02,US67066G1040,NVDA,2027-12-17,put,160.0,20.67,20.5,21.0,0.412817151184082,16,5664
2026-05-02,US67066G1040,NVDA,2027-12-17,put,165.0,22.77,22.35,22.95,0.4090024920654296,2,4203
2026-05-02,US67066G1040,NVDA,2027-12-17,put,170.0,24.65,24.35,24.9,0.4041197283935547,1,5687
2026-05-02,US67066G1040,NVDA,2027-12-17,put,175.0,26.81,26.75,27.05,0.40051869018554687,6,3240
2026-05-02,US67066G1040,NVDA,2027-12-17,put,180.0,29.0,29.0,29.15,0.3953307537841797,16,3666
2026-05-02,US67066G1040,NVDA,2027-12-17,put,185.0,31.13,31.1,31.55,0.39244687149047847,13,2867
2026-05-02,US67066G1040,NVDA,2027-12-17,put,190.0,33.65,33.55,33.95,0.3885559191894531,16,2567
2026-05-02,US67066G1040,NVDA,2027-12-17,put,195.0,36.26,36.0,36.45,0.38475651870727534,3,1035
2026-05-02,US67066G1040,NVDA,2027-12-17,put,200.0,38.61,38.6,39.1,0.381567463684082,12,6928
2026-05-02,US67066G1040,NVDA,2027-12-17,put,205.0,40.5,41.25,41.85,0.3784547018432617,2,230
2026-05-02,US67066G1040,NVDA,2027-12-17,put,210.0,43.79,44.0,44.6,0.3744264218139648,2,2254
2026-05-02,US67066G1040,NVDA,2027-12-17,put,215.0,46.25,46.75,47.55,0.37152728088378906,2,141
2026-05-02,US67066G1040,NVDA,2027-12-17,put,220.0,49.73,49.7,50.45,0.36725486267089846,26,3223
2026-05-02,US67066G1040,NVDA,2027-12-17,put,225.0,52.2,52.75,53.6,0.36461511856079104,36,128
2026-05-02,US67066G1040,NVDA,2027-12-17,put,230.0,50.8,55.9,56.95,0.36310451354980466,1,1246
2026-05-02,US67066G1040,NVDA,2027-12-17,put,235.0,58.3,59.15,60.2,0.35977813079833976,2,91
2026-05-02,US67066G1040,NVDA,2027-12-17,put,240.0,61.82,62.45,63.6,0.35715364532470706,2,4838
2026-05-02,US67066G1040,NVDA,2027-12-17,put,245.0,65.14,65.85,68.65,0.37045917633056635,8,48
2026-05-02,US67066G1040,NVDA,2027-12-17,put,250.0,70.04,69.3,70.55,0.351019673461914,2,1373
2026-05-02,US67066G1040,NVDA,2027-12-17,put,255.0,72.15,72.85,74.2,0.34857829162597653,4,485
2026-05-02,US67066G1040,NVDA,2027-12-17,put,260.0,77.03,76.45,77.85,0.34537397796630853,13,899
2026-05-02,US67066G1040,NVDA,2027-12-17,put,265.0,102.1,80.15,81.35,0.3397282824707031,13,23
2026-05-02,US67066G1040,NVDA,2027-12-17,put,270.0,76.41,83.9,85.45,0.3398808688354492,7,1916
2026-05-02,US67066G1040,NVDA,2027-12-17,put,275.0,81.95,85.4,91.4,0.36023588989257804,30,38
2026-05-02,US67066G1040,NVDA,2027-12-17,put,280.0,85.95,89.25,93.15,0.33243465423583984,3,806
2026-05-02,US67066G1040,NVDA,2027-12-17,put,285.0,89.75,93.35,99.4,0.35608554077148435,10,41
2026-05-02,US67066G1040,NVDA,2027-12-17,put,290.0,99.5,97.2,103.5,0.35423924575805654,1,1230
2026-05-02,US67066G1040,NVDA,2027-12-17,put,295.0,102.1,103.7,105.35,0.3232184378051757,1,682
2026-05-02,US67066G1040,NVDA,2027-12-17,put,300.0,110.01,107.85,109.85,0.3244086114501953,1,2280
2026-05-02,US67066G1040,NVDA,2027-12-17,put,310.0,116.05,116.3,118.15,0.315161877746582,69,3694
2026-05-02,US67066G1040,NVDA,2027-12-17,put,320.0,124.85,124.9,127.1,0.3125679095458984,202,3788
2026-05-02,US67066G1040,NVDA,2027-12-17,put,330.0,124.9,133.7,136.1,0.30823445678710937,2,2599
2026-05-02,US67066G1040,NVDA,2027-12-17,put,340.0,132.55,142.65,145.1,0.30094082855224613,1,3826
2026-05-02,US67066G1040,NVDA,2027-12-17,put,350.0,139.25,151.85,154.35,0.2955697885131836,6,563
2026-05-02,US67066G1040,NVDA,2027-12-17,put,360.0,148.05,160.7,164.45,0.3084175604248046,3,175
2026-05-02,US67066G1040,NVDA,2027-12-17,put,380.0,182.95,179.5,183.95,0.31555860229492183,3,3
2026-05-02,US67066G1040,NVDA,2027-12-17,put,390.0,214.15,189.2,193.6,0.31485670501708973,2,0
2026-05-02,US67066G1040,NVDA,2027-12-17,put,400.0,216.75,0.0,0.0,1.0000000000000003e-05,10,0
2026-05-02,US67066G1040,NVDA,2027-12-17,put,410.0,200.55,209.25,213.8,0.33801931518554684,2,0
2026-05-02,US67066G1040,NVDA,2027-12-17,put,420.0,244.05,219.25,223.8,0.34632001342773433,2,0
2026-05-02,US67066G1040,NVDA,2028-01-21,call,5.0,196.0,191.3,198.0,1.81640716796875,10,1729
2026-05-02,US67066G1040,NVDA,2028-01-21,call,10.0,189.78,185.0,193.4,1.2431678466796874,3,514
2026-05-02,US67066G1040,NVDA,2028-01-21,call,15.0,186.25,180.0,188.75,1.0927779736328125,5,92
2026-05-02,US67066G1040,NVDA,2028-01-21,call,20.0,180.65,175.0,184.15,0.9956055126953125,25,2639
2026-05-02,US67066G1040,NVDA,2028-01-21,call,25.0,176.86,171.0,179.6,0.9890137817382813,22,700
2026-05-02,US67066G1040,NVDA,2028-01-21,call,30.0,171.45,167.05,173.45,0.8916026464843749,50,423
2026-05-02,US67066G1040,NVDA,2028-01-21,call,35.0,169.47,162.0,170.8,0.9158943957519532,3,490
2026-05-02,US67066G1040,NVDA,2028-01-21,call,40.0,171.97,158.0,166.0,0.8850109155273438,1,220
2026-05-02,US67066G1040,NVDA,2028-01-21,call,45.0,172.63,153.55,161.5,0.8508315698242188,4,129
2026-05-02,US67066G1040,NVDA,2028-01-21,call,50.0,165.34,149.1,157.05,0.8199480895996092,5,433
2026-05-02,US67066G1040,NVDA,2028-01-21,call,55.0,149.37,144.7,152.65,0.7929708203125,10,338
2026-05-02,US67066G1040,NVDA,2028-01-21,call,60.0,144.97,140.5,148.3,0.7719749365234375,10,162
2026-05-02,US67066G1040,NVDA,2028-01-21,call,65.0,142.05,137.85,142.6,0.7544580218505859,2,643
2026-05-02,US67066G1040,NVDA,2028-01-21,call,70.0,139.1,131.95,140.1,0.7356593817138672,2,521
2026-05-02,US67066G1040,NVDA,2028-01-21,call,75.0,134.3,127.8,135.45,0.7107572869873047,2,392
2026-05-02,US67066G1040,NVDA,2028-01-21,call,80.0,130.8,123.6,131.6,0.6972076177978517,1,802
2026-05-02,US67066G1040,NVDA,2028-01-21,call,85.0,122.51,119.55,127.1,0.6765169067382814,1,374
2026-05-02,US67066G1040,NVDA,2028-01-21,call,90.0,121.12,117.05,121.45,0.660983614807129,1,1306
2026-05-02,US67066G1040,NVDA,2028-01-21,call,95.0,125.65,113.5,117.45,0.6518284329223634,1,155
2026-05-02,US67066G1040,NVDA,2028-01-21,call,100.0,111.48,109.65,113.25,0.6365087619018556,6,3143
2026-05-02,US67066G1040,NVDA,2028-01-21,call,105.0,108.5,106.0,109.45,0.6268347863769532,42,1009
2026-05-02,US67066G1040,NVDA,2028-01-21,call,110.0,104.15,101.8,105.7,0.6118202880859377,4,751
2026-05-02,US67066G1040,NVDA,2028-01-21,call,115.0,100.52,99.25,101.9,0.6104775280761721,8,1287
2026-05-02,US67066G1040,NVDA,2028-01-21,call,120.0,96.45,95.2,97.85,0.5932657861328126,5,1645
2026-05-02,US67066G1040,NVDA,2028-01-21,call,125.0,95.05,91.5,94.7,0.5859111233520508,9,616
2026-05-02,US67066G1040,NVDA,2028-01-21,call,130.0,89.75,88.55,90.9,0.5784649087524415,10,5432
2026-05-02,US67066G1040,NVDA,2028-01-21,call,135.0,85.6,85.15,87.55,0.5702862796020508,5,2962
2026-05-02,US67066G1040,NVDA,2028-01-21,call,140.0,83.0,81.6,83.0,0.5521895367431642,13,11049
2026-05-02,US67066G1040,NVDA,2028-01-21,call,145.0,80.08,78.95,81.05,0.5572859213256837,4,3997
2026-05-02,US67066G1040,NVDA,2028-01-21,call,150.0,77.52,75.95,77.9,0.5509688458251953,55,7883
2026-05-02,US67066G1040,NVDA,2028-01-21,call,155.0,74.05,72.65,74.9,0.5430190962219239,12,959
2026-05-02,US67066G1040,NVDA,2028-01-21,call,160.0,70.82,69.85,71.65,0.5359696061706543,28,1997
2026-05-02,US67066G1040,NVDA,2028-01-21,call,165.0,68.0,67.45,69.1,0.5346878807067872,10,983
2026-05-02,US67066G1040,NVDA,2028-01-21,call,170.0,65.11,65.0,66.15,0.5299424447631836,23,6049
2026-05-02,US67066G1040,NVDA,2028-01-21,call,175.0,62.95,62.15,63.4,0.5234117483520507,42,10036
2026-05-02,US67066G1040,NVDA,2028-01-21,call,180.0,60.42,59.55,61.1,0.5200548483276367,34,14610
2026-05-02,US67066G1040,NVDA,2028-01-21,call,185.0,57.7,57.15,58.65,0.5162554478454588,49,11600
2026-05-02,US67066G1040,NVDA,2028-01-21,call,190.0,55.9,54.95,56.1,0.5123034609985352,62,10483
2026-05-02,US67066G1040,NVDA,2028-01-21,call,195.0,53.14,52.45,53.8,0.5074512145996093,33,6291
2026-05-02,US67066G1040,NVDA,2028-01-21,call,200.0,50.75,50.55,51.5,0.5050403500366211,985,24530
2026-05-02,US67066G1040,NVDA,2028-01-21,call,205.0,49.03,48.2,49.55,0.5014698291015626,8,291
2026-05-02,US67066G1040,NVDA,2028-01-21,call,210.0,47.0,46.4,47.45,0.5044757804870605,66,9242
2026-05-02,US67066G1040,NVDA,2028-01-21,call,215.0,44.35,44.4,45.5,0.5016224154663086,1,318
2026-05-02,US67066G1040,NVDA,2028-01-21,call,220.0,43.55,42.45,43.3,0.49576309906005867,87,7310
2026-05-02,US67066G1040,NVDA,2028-01-21,call,225.0,41.2,40.85,41.55,0.49373370040893566,23,423
2026-05-02,US67066G1040,NVDA,2028-01-21,call,230.0,39.44,38.85,39.8,0.49113973220825197,71,11464
2026-05-02,US67066G1040,NVDA,2028-01-21,call,235.0,38.47,37.45,38.05,0.48801171173095714,2,190
2026-05-02,US67066G1040,NVDA,2028-01-21,call,240.0,36.8,35.6,36.6,0.4872487799072266,31,4546
2026-05-02,US67066G1040,NVDA,2028-01-21,call,245.0,35.25,34.35,35.2,0.4864553308105469,1,273
2026-05-02,US67066G1040,NVDA,2028-01-21,call,250.0,33.4,33.05,33.4,0.4812979116821289,185,32851
2026-05-02,US67066G1040,NVDA,2028-01-21,call,255.0,38.23,31.6,32.35,0.4828848098754883,13,250
2026-05-02,US67066G1040,NVDA,2028-01-21,call,260.0,30.9,30.25,31.05,0.48160308441162114,125,3684
2026-05-02,US67066G1040,NVDA,2028-01-21,call,265.0,29.3,29.1,29.85,0.4808401525878906,24,277
2026-05-02,US67066G1040,NVDA,2028-01-21,call,270.0,28.61,27.7,28.6,0.47914644393920897,216,7092
2026-05-02,US67066G1040,NVDA,2028-01-21,call,275.0,28.33,26.65,27.5,0.4784903225708008,7,305
2026-05-02,US67066G1040,NVDA,2028-01-21,call,280.0,26.37,25.5,26.35,0.476918683013916,133,7054
2026-05-02,US67066G1040,NVDA,2028-01-21,call,285.0,26.0,24.7,25.4,0.4769339416503906,5,241
2026-05-02,US67066G1040,NVDA,2028-01-21,call,290.0,24.4,23.55,24.2,0.4740653179931641,51,4608
2026-05-02,US67066G1040,NVDA,2028-01-21,call,295.0,22.95,22.8,23.45,0.4753470434570312,27,973
2026-05-02,US67066G1040,NVDA,2028-01-21,call,300.0,22.11,22.0,22.2,0.47116617706298825,3839,90422
2026-05-02,US67066G1040,NVDA,2028-01-21,call,310.0,20.4,20.2,20.9,0.4740653179931641,130,6822
2026-05-02,US67066G1040,NVDA,2028-01-21,call,320.0,19.0,18.75,19.3,0.47260048889160156,529,4408
2026-05-02,US67066G1040,NVDA,2028-01-21,call,330.0,18.15,17.1,17.85,0.4714713497924804,3,3836
2026-05-02,US67066G1040,NVDA,2028-01-21,call,340.0,17.35,16.05,16.65,0.47192910888671874,2,2969
2026-05-02,US67066G1040,NVDA,2028-01-21,call,350.0,15.4,14.9,15.4,0.4707389352416992,1198,26506
2026-05-02,US67066G1040,NVDA,2028-01-21,call,360.0,14.3,13.9,14.35,0.47083048706054687,320,6574
2026-05-02,US67066G1040,NVDA,2028-01-21,call,370.0,13.17,12.9,13.4,0.47119669433593747,24,4983
2026-05-02,US67066G1040,NVDA,2028-01-21,call,380.0,12.25,12.0,12.35,0.46936565795898444,171,8388
2026-05-02,US67066G1040,NVDA,2028-01-21,call,390.0,11.44,11.25,11.65,0.4711051425170898,34,8080
2026-05-02,US67066G1040,NVDA,2028-01-21,call,400.0,10.6,10.5,10.75,0.4694266925048829,779,52537
2026-05-02,US67066G1040,NVDA,2028-01-21,call,410.0,10.05,9.75,10.2,0.47174600524902344,506,15063
2026-05-02,US67066G1040,NVDA,2028-01-21,call,420.0,9.4,9.2,9.45,0.47055583160400394,518,22307
2026-05-02,US67066G1040,NVDA,2028-01-21,put,5.0,0.04,0.01,0.04,0.992187578125,1,5628
2026-05-02,US67066G1040,NVDA,2028-01-21,put,10.0,0.06,0.05,0.08,0.87500125,26,5430
2026-05-02,US67066G1040,NVDA,2028-01-21,put,15.0,0.08,0.08,0.14,0.7949239257812499,2,1714
2026-05-02,US67066G1040,NVDA,2028-01-21,put,20.0,0.24,0.13,0.25,0.7509790527343749,1,2365
2026-05-02,US67066G1040,NVDA,2028-01-21,put,25.0,0.25,0.1,0.35,0.6904327832031252,4,575
2026-05-02,US67066G1040,NVDA,2028-01-21,put,30.0,0.36,0.15,0.52,0.6640658593750002,2,481
2026-05-02,US67066G1040,NVDA,2028-01-21,put,35.0,0.51,0.23,0.7,0.639652041015625,1,677
2026-05-02,US67066G1040,NVDA,2028-01-21,put,40.0,0.68,0.57,0.83,0.6306189282226562,30,768
2026-05-02,US67066G1040,NVDA,2028-01-21,put,45.0,0.82,0.68,0.94,0.5998575170898439,1,1669
2026-05-02,US67066G1040,NVDA,2028-01-21,put,50.0,1.06,1.02,1.2,0.5911906115722658,1010,6832
2026-05-02,US67066G1040,NVDA,2028-01-21,put,55.0,1.3,1.04,1.51,0.5667767932128907,2,302
2026-05-02,US67066G1040,NVDA,2028-01-21,put,60.0,1.43,1.43,1.82,0.5568891967773439,10,1232
2026-05-02,US67066G1040,NVDA,2028-01-21,put,65.0,1.8,1.66,2.12,0.539189178466797,1,194
2026-05-02,US67066G1040,NVDA,2028-01-21,put,70.0,2.4,2.05,2.46,0.5266160620117188,2,1607
2026-05-02,US67066G1040,NVDA,2028-01-21,put,75.0,2.72,2.5,2.8,0.5141650146484374,1,669
2026-05-02,US67066G1040,NVDA,2028-01-21,put,80.0,3.04,3.05,3.25,0.5048877636718749,21,8554
2026-05-02,US67066G1040,NVDA,2028-01-21,put,85.0,3.49,3.55,3.8,0.4995167236328125,19,742
2026-05-02,US67066G1040,NVDA,2028-01-21,put,90.0,4.2,4.0,4.55,0.4950001672363281,1,1702
2026-05-02,US67066G1040,NVDA,2028-01-21,put,95.0,5.0,4.85,5.05,0.48111480804443363,11,1644
2026-05-02,US67066G1040,NVDA,2028-01-21,put,100.0,5.7,5.6,5.8,0.4734549725341797,3,8135
2026-05-02,US67066G1040,NVDA,2028-01-21,put,105.0,6.53,6.4,6.6,0.4656425506591797,3,4638
2026-05-02,US67066G1040,NVDA,2028-01-21,put,110.0,7.43,7.35,7.55,0.45990530334472657,2,8348
2026-05-02,US67066G1040,NVDA,2028-01-21,put,115.0,8.45,8.25,8.6,0.4547173669433594,5,2734
2026-05-02,US67066G1040,NVDA,2028-01-21,put,120.0,9.4,9.35,9.65,0.44812563598632804,402,9314
2026-05-02,US67066G1040,NVDA,2028-01-21,put,125.0,10.6,10.5,10.9,0.4438227005004882,10,3678
2026-05-02,US67066G1040,NVDA,2028-01-21,put,130.0,11.95,11.65,12.1,0.4373530386352539,11,12855
2026-05-02,US67066G1040,NVDA,2028-01-21,put,135.0,13.37,13.2,13.45,0.4321345849609375,14,4212
2026-05-02,US67066G1040,NVDA,2028-01-21,put,140.0,14.69,14.55,14.95,0.42792320129394534,8,22119
2026-05-02,US67066G1040,NVDA,2028-01-21,put,145.0,16.5,16.1,16.5,0.42319302398681635,44,6059
2026-05-02,US67066G1040,NVDA,2028-01-21,put,150.0,17.94,17.9,18.2,0.4193478475952148,49,22090
2026-05-02,US67066G1040,NVDA,2028-01-21,put,155.0,19.8,19.4,19.95,0.41501439483642577,1,4628
2026-05-02,US67066G1040,NVDA,2028-01-21,put,160.0,21.35,21.35,21.75,0.41022318298339844,7,3594
2026-05-02,US67066G1040,NVDA,2028-01-21,put,165.0,23.5,23.4,23.7,0.40619490295410154,9,3006
2026-05-02,US67066G1040,NVDA,2028-01-21,put,170.0,25.15,25.45,25.8,0.40286852020263675,3,2936
2026-05-02,US67066G1040,NVDA,2028-01-21,put,175.0,27.43,27.55,27.85,0.3979704978942871,3,3785
2026-05-02,US67066G1040,NVDA,2028-01-21,put,180.0,29.8,29.8,30.15,0.3948424774169922,5,12191
2026-05-02,US67066G1040,NVDA,2028-01-21,put,185.0,32.17,31.9,32.45,0.39075316284179684,4,3762
2026-05-02,US67066G1040,NVDA,2028-01-21,put,190.0,34.6,34.35,34.85,0.3867859173583984,2,7279
2026-05-02,US67066G1040,NVDA,2028-01-21,put,195.0,36.8,36.85,37.4,0.3834290173339844,32,1348
2026-05-02,US67066G1040,NVDA,2028-01-21,put,200.0,39.73,39.45,40.0,0.37970591003417964,26,17127
2026-05-02,US67066G1040,NVDA,2028-01-21,put,205.0,42.13,42.2,42.75,0.3765931481933594,1,1467
2026-05-02,US67066G1040,NVDA,2028-01-21,put,210.0,44.8,44.95,45.55,0.3730989204406738,18,3598
2026-05-02,US67066G1040,NVDA,2028-01-21,put,215.0,47.71,47.7,48.45,0.36975727905273437,1,2154
2026-05-02,US67066G1040,NVDA,2028-01-21,put,220.0,50.8,50.65,51.4,0.36606468902587885,11,2723
2026-05-02,US67066G1040,NVDA,2028-01-21,put,225.0,48.43,53.7,54.5,0.3630129617309571,1,102
2026-05-02,US67066G1040,NVDA,2028-01-21,put,230.0,57.05,56.8,57.6,0.35916778533935545,4,3597
2026-05-02,US67066G1040,NVDA,2028-01-21,put,235.0,59.4,60.0,60.85,0.35596347167968745,2,40
2026-05-02,US67066G1040,NVDA,2028-01-21,put,240.0,63.77,61.2,66.4,0.37439590454101557,1,930
2026-05-02,US67066G1040,NVDA,2028-01-21,put,245.0,59.75,66.65,67.8,0.35166053619384763,1,160
2026-05-02,US67066G1040,NVDA,2028-01-21,put,250.0,70.13,70.1,71.35,0.3491428611755371,2,1176
2026-05-02,US67066G1040,NVDA,2028-01-21,put,255.0,74.0,73.65,74.7,0.34384811431884765,114,152
2026-05-02,US67066G1040,NVDA,2028-01-21,put,260.0,77.27,77.25,78.65,0.3439244075012207,2,1272
2026-05-02,US67066G1040,NVDA,2028-01-21,put,265.0,79.5,80.9,82.05,0.3375920733642578,4,27
2026-05-02,US67066G1040,NVDA,2028-01-21,put,270.0,76.7,84.65,85.85,0.3346624151611328,13,434
2026-05-02,US67066G1040,NVDA,2028-01-21,put,275.0,81.0,88.45,89.7,0.3315496533203125,1,32
2026-05-02,US67066G1040,NVDA,2028-01-21,put,280.0,86.54,90.0,93.9,0.3316717224121094,1,870
2026-05-02,US67066G1040,NVDA,2028-01-21,put,285.0,114.2,93.95,98.05,0.3306341351318359,702,374
2026-05-02,US67066G1040,NVDA,2028-01-21,put,290.0,95.7,97.9,104.25,0.3529117443847656,1,154
2026-05-02,US67066G1040,NVDA,2028-01-21,put,295.0,99.2,101.85,108.35,0.35074501800537106,1,192
2026-05-02,US67066G1040,NVDA,2028-01-21,put,300.0,109.36,105.95,112.5,0.34857829162597653,3,1324
2026-05-02,US67066G1040,NVDA,2028-01-21,put,310.0,115.25,116.8,118.35,0.3092110095214844,2,940
2026-05-02,US67066G1040,NVDA,2028-01-21,put,320.0,124.56,125.35,127.45,0.30927204406738285,1,713
2026-05-02,US67066G1040,NVDA,2028-01-21,put,330.0,132.07,134.1,136.45,0.3056404885864258,3,1394
2026-05-02,US67066G1040,NVDA,2028-01-21,put,340.0,143.15,143.05,145.6,0.3021920367431641,1,867
2026-05-02,US67066G1040,NVDA,2028-01-21,put,350.0,152.28,150.6,154.85,0.29825530853271476,10,588
2026-05-02,US67066G1040,NVDA,2028-01-21,put,360.0,150.55,161.35,164.3,0.29633272033691405,3,11
2026-05-02,US67066G1040,NVDA,2028-01-21,put,370.0,158.04,170.25,174.3,0.30609824768066407,10,49
2026-05-02,US67066G1040,NVDA,2028-01-21,put,380.0,166.68,179.7,184.05,0.30933307861328124,10,10
2026-05-02,US67066G1040,NVDA,2028-01-21,put,390.0,191.85,189.3,193.8,0.31168290863037107,3,5
2026-05-02,US67066G1040,NVDA,2028-01-21,put,400.0,203.25,199.25,203.65,0.31604687866210934,30,8
2026-05-02,US67066G1040,NVDA,2028-01-21,put,410.0,244.07,209.2,213.7,0.3257513714599609,3,0
2026-05-02,US67066G1040,NVDA,2028-01-21,put,420.0,218.55,219.2,223.75,0.33521172607421873,2,0
2026-05-02,US67066G1040,NVDA,2028-06-16,call,5.0,202.0,189.0,198.15,1.076176494140625,1,5
2026-05-02,US67066G1040,NVDA,2028-06-16,call,10.0,192.2,185.0,193.5,1.1337933935546878,2,3
2026-05-02,US67066G1040,NVDA,2028-06-16,call,20.0,180.18,176.0,184.55,0.9934082690429689,1,2
2026-05-02,US67066G1040,NVDA,2028-06-16,call,25.0,144.22,171.0,180.1,0.9165047412109376,2,2
2026-05-02,US67066G1040,NVDA,2028-06-16,call,30.0,148.9,167.0,175.6,0.8936778210449219,1,3
2026-05-02,US67066G1040,NVDA,2028-06-16,call,35.0,136.5,163.0,171.2,0.8713391772460937,1,11
2026-05-02,US67066G1040,NVDA,2028-06-16,call,40.0,165.47,158.0,166.85,0.8212908496093749,9,21
2026-05-02,US67066G1040,NVDA,2028-06-16,call,45.0,162.9,154.0,164.0,0.8372819006347656,10,33
2026-05-02,US67066G1040,NVDA,2028-06-16,call,50.0,156.25,150.0,158.2,0.7829001202392578,1,94
2026-05-02,US67066G1040,NVDA,2028-06-16,call,55.0,139.25,145.95,153.9,0.7623314782714845,30,105
2026-05-02,US67066G1040,NVDA,2028-06-16,call,60.0,148.3,143.2,149.7,0.7650169982910158,20,119
2026-05-02,US67066G1040,NVDA,2028-06-16,call,65.0,144.1,139.05,145.5,0.7426783544921874,20,147
2026-05-02,US67066G1040,NVDA,2028-06-16,call,70.0,152.9,135.0,140.15,0.7065459033203125,10,99
2026-05-02,US67066G1040,NVDA,2028-06-16,call,75.0,139.7,129.75,137.35,0.6904327832031252,54,157
2026-05-02,US67066G1040,NVDA,2028-06-16,call,80.0,142.35,127.7,133.35,0.6975127905273439,60,293
2026-05-02,US67066G1040,NVDA,2028-06-16,call,85.0,126.0,122.8,129.4,0.6709932803344728,2,2
2026-05-02,US67066G1040,NVDA,2028-06-16,call,90.0,124.5,119.3,124.1,0.6462437719726561,1,63
2026-05-02,US67066G1040,NVDA,2028-06-16,call,95.0,129.75,115.55,120.25,0.6340978973388673,1,20
2026-05-02,US67066G1040,NVDA,2028-06-16,call,100.0,114.05,112.75,116.2,0.6282996154785156,61,5
2026-05-02,US67066G1040,NVDA,2028-06-16,call,105.0,119.76,108.6,112.8,0.6154823608398439,5,26
2026-05-02,US67066G1040,NVDA,2028-06-16,call,110.0,109.92,104.85,109.2,0.6040994180297853,8,98
2026-05-02,US67066G1040,NVDA,2028-06-16,call,115.0,105.45,101.55,105.65,0.5961344097900392,1,40
2026-05-02,US67066G1040,NVDA,2028-06-16,call,120.0,101.31,99.3,102.25,0.5962564788818359,2,97
2026-05-02,US67066G1040,NVDA,2028-06-16,call,125.0,97.0,96.0,98.45,0.5850261224365234,1,92
2026-05-02,US67066G1040,NVDA,2028-06-16,call,130.0,93.8,92.2,95.2,0.5738568005371094,12,63
2026-05-02,US67066G1040,NVDA,2028-06-16,call,135.0,90.8,89.2,92.0,0.5678448977661132,1,108
2026-05-02,US67066G1040,NVDA,2028-06-16,call,140.0,88.7,86.45,88.75,0.5624128231811524,7,107
2026-05-02,US67066G1040,NVDA,2028-06-16,call,145.0,95.5,83.1,85.9,0.5551344535827638,10,91
2026-05-02,US67066G1040,NVDA,2028-06-16,call,150.0,82.0,80.5,82.95,0.5510909149169922,4,110
2026-05-02,US67066G1040,NVDA,2028-06-16,call,155.0,80.2,77.15,79.85,0.5413864221191409,3,34
2026-05-02,US67066G1040,NVDA,2028-06-16,call,160.0,76.68,74.5,77.25,0.5378159011840821,3,146
2026-05-02,US67066G1040,NVDA,2028-06-16,call,165.0,73.63,72.65,74.65,0.5378464184570313,2,47
2026-05-02,US67066G1040,NVDA,2028-06-16,call,170.0,71.5,69.9,72.05,0.5324448611450195,11,107
2026-05-02,US67066G1040,NVDA,2028-06-16,call,175.0,69.15,67.3,69.55,0.5277909770202638,9,235
2026-05-02,US67066G1040,NVDA,2028-06-16,call,180.0,68.09,64.95,67.1,0.5240983869934082,6,72
2026-05-02,US67066G1040,NVDA,2028-06-16,call,185.0,64.45,62.85,64.7,0.5213060565185546,1,359
2026-05-02,US67066G1040,NVDA,2028-06-16,call,190.0,62.3,60.65,61.85,0.515355188293457,5,100
2026-05-02,US67066G1040,NVDA,2028-06-16,call,195.0,59.57,58.65,60.2,0.5155382919311523,8,46
2026-05-02,US67066G1040,NVDA,2028-06-16,call,200.0,57.07,56.15,58.05,0.5104876832580567,76,333
2026-05-02,US67066G1040,NVDA,2028-06-16,call,205.0,55.15,54.15,56.0,0.507741128692627,44,348
2026-05-02,US67066G1040,NVDA,2028-06-16,call,210.0,53.83,52.7,53.85,0.5065356964111327,8,455
2026-05-02,US67066G1040,NVDA,2028-06-16,call,215.0,52.85,50.5,52.1,0.5032703482055664,3,302
2026-05-02,US67066G1040,NVDA,2028-06-16,call,220.0,49.63,49.25,50.25,0.5033313827514648,4,270
2026-05-02,US67066G1040,NVDA,2028-06-16,call,225.0,48.07,46.95,48.5,0.5055591436767577,2,2122
2026-05-02,US67066G1040,NVDA,2028-06-16,call,230.0,46.24,45.65,46.65,0.5020496572875978,1153,871
2026-05-02,US67066G1040,NVDA,2028-06-16,call,235.0,46.61,43.8,44.95,0.49944043045043945,7,254
2026-05-02,US67066G1040,NVDA,2028-06-16,call,240.0,43.52,42.35,43.4,0.4977162045288086,1,435
2026-05-02,US67066G1040,NVDA,2028-06-16,call,245.0,41.55,40.9,41.9,0.4960530131530762,50,252
2026-05-02,US67066G1040,NVDA,2028-06-16,call,250.0,39.97,39.6,40.6,0.4957173231506348,5,624
2026-05-02,US67066G1040,NVDA,2028-06-16,call,255.0,39.25,37.9,39.15,0.49371844177246105,150,215
2026-05-02,US67066G1040,NVDA,2028-06-16,call,260.0,38.15,36.85,37.85,0.49265033721923834,19,279
2026-05-02,US67066G1040,NVDA,2028-06-16,call,265.0,35.84,35.45,36.55,0.49121602539062503,1,157
2026-05-02,US67066G1040,NVDA,2028-06-16,call,270.0,44.8,34.25,35.35,0.4903157658386231,27,52
2026-05-02,US67066G1040,NVDA,2028-06-16,call,275.0,33.8,33.25,34.2,0.48952231674194346,11,49
2026-05-02,US67066G1040,NVDA,2028-06-16,call,280.0,33.75,32.05,33.05,0.488408436279297,13,59
2026-05-02,US67066G1040,NVDA,2028-06-16,call,285.0,37.9,30.9,31.95,0.4874013662719727,1,30
2026-05-02,US67066G1040,NVDA,2028-06-16,call,290.0,31.99,29.85,30.95,0.48697412445068367,1,146
2026-05-02,US67066G1040,NVDA,2028-06-16,call,295.0,34.74,28.9,29.95,0.48625696853637695,6,73
2026-05-02,US67066G1040,NVDA,2028-06-16,call,300.0,28.59,27.9,28.85,0.4843648976135254,12,451
2026-05-02,US67066G1040,NVDA,2028-06-16,call,305.0,29.13,27.0,28.1,0.48531093307495116,1,143
2026-05-02,US67066G1040,NVDA,2028-06-16,call,310.0,26.64,26.4,27.05,0.4833120516967774,380,1979
2026-05-02,US67066G1040,NVDA,2028-06-16,call,315.0,26.9,25.3,26.25,0.48328153442382815,2,157
2026-05-02,US67066G1040,NVDA,2028-06-16,call,320.0,25.37,24.5,25.4,0.48256437850952155,14,167
2026-05-02,US67066G1040,NVDA,2028-06-16,call,325.0,24.15,23.9,24.6,0.4820455848693848,100,401
2026-05-02,US67066G1040,NVDA,2028-06-16,call,330.0,23.85,23.2,23.85,0.48175567077636716,2,1809
2026-05-02,US67066G1040,NVDA,2028-06-16,call,335.0,27.2,22.25,23.3,0.4831136894226075,20,68
2026-05-02,US67066G1040,NVDA,2028-06-16,call,340.0,22.08,21.75,22.35,0.4804892039489746,31,233
2026-05-02,US67066G1040,NVDA,2028-06-16,call,345.0,22.34,20.9,21.9,0.4823660162353516,12,211
2026-05-02,US67066G1040,NVDA,2028-06-16,call,350.0,21.8,20.45,21.15,0.48119110122680664,1622,5465
2026-05-02,US67066G1040,NVDA,2028-06-16,put,15.0,0.12,0.01,0.34,0.7578149218750001,1,44
2026-05-02,US67066G1040,NVDA,2028-06-16,put,20.0,0.24,0.03,0.45,0.6972686523437501,2,4
2026-05-02,US67066G1040,NVDA,2028-06-16,put,25.0,0.3,0.12,0.58,0.6611362011718751,,1
2026-05-02,US67066G1040,NVDA,2028-06-16,put,30.0,0.5,0.24,0.74,0.632816171875,3,4
2026-05-02,US67066G1040,NVDA,2028-06-16,put,35.0,0.53,0.39,0.89,0.6059609716796877,5,9
2026-05-02,US67066G1040,NVDA,2028-06-16,put,40.0,0.91,0.65,1.05,0.5871623315429688,21,30
2026-05-02,US67066G1040,NVDA,2028-06-16,put,45.0,1.06,0.82,1.4,0.5717816259765626,1,104
2026-05-02,US67066G1040,NVDA,2028-06-16,put,50.0,1.46,1.29,1.48,0.5555464367675782,1,64
2026-05-02,US67066G1040,NVDA,2028-06-16,put,55.0,1.7,1.56,2.02,0.5468795312500001,50,145
2026-05-02,US67066G1040,NVDA,2028-06-16,put,60.0,2.04,1.8,2.39,0.5296677893066408,1,15
2026-05-02,US67066G1040,NVDA,2028-06-16,put,65.0,3.67,2.22,2.82,0.5181322601318359,2,2
2026-05-02,US67066G1040,NVDA,2028-06-16,put,70.0,2.95,2.7,3.3,0.5075732836914062,1,48
2026-05-02,US67066G1040,NVDA,2028-06-16,put,75.0,3.5,3.2,3.75,0.5056201782226561,2,204
2026-05-02,US67066G1040,NVDA,2028-06-16,put,80.0,3.82,3.8,4.45,0.4989063781738281,2,237
2026-05-02,US67066G1040,NVDA,2028-06-16,put,85.0,4.52,4.5,5.0,0.4862111926269531,5,22
2026-05-02,US67066G1040,NVDA,2028-06-16,put,90.0,5.65,5.35,5.75,0.478246184387207,1,141
2026-05-02,US67066G1040,NVDA,2028-06-16,put,95.0,6.4,6.1,6.65,0.4726615234375,1,45
2026-05-02,US67066G1040,NVDA,2028-06-16,put,100.0,7.2,6.9,7.55,0.4655815161132813,2,177
2026-05-02,US67066G1040,NVDA,2028-06-16,put,105.0,8.2,8.0,8.45,0.45737236968994144,2,729
2026-05-02,US67066G1040,NVDA,2028-06-16,put,110.0,8.78,8.9,9.6,0.45288633056640626,1,269
2026-05-02,US67066G1040,NVDA,2028-06-16,put,115.0,10.3,10.05,10.7,0.44623356506347656,7,45
2026-05-02,US67066G1040,NVDA,2028-06-16,put,120.0,11.57,11.35,11.9,0.4402521795654296,540,3227
2026-05-02,US67066G1040,NVDA,2028-06-16,put,125.0,12.85,12.7,13.15,0.43399613861083985,1,27
2026-05-02,US67066G1040,NVDA,2028-06-16,put,130.0,13.15,14.05,14.65,0.4304256176757813,44,3154
2026-05-02,US67066G1040,NVDA,2028-06-16,put,135.0,14.05,15.5,16.2,0.42636682037353524,1,166
2026-05-02,US67066G1040,NVDA,2028-06-16,put,140.0,16.09,17.1,17.8,0.4219418157958984,6,210
2026-05-02,US67066G1040,NVDA,2028-06-16,put,145.0,19.11,18.95,19.45,0.4171658625793457,231,418
2026-05-02,US67066G1040,NVDA,2028-06-16,put,150.0,20.93,20.55,21.15,0.41211525390625,28,550
2026-05-02,US67066G1040,NVDA,2028-06-16,put,155.0,22.97,22.45,23.0,0.4079191288757324,19,1356
2026-05-02,US67066G1040,NVDA,2028-06-16,put,160.0,24.6,24.45,24.9,0.4034178311157227,4,1051
2026-05-02,US67066G1040,NVDA,2028-06-16,put,165.0,26.37,26.35,27.1,0.4012511047363281,2,120
2026-05-02,US67066G1040,NVDA,2028-06-16,put,170.0,28.7,28.6,29.15,0.3966582551574707,9,55
2026-05-02,US67066G1040,NVDA,2028-06-16,put,175.0,31.25,30.8,31.3,0.39229428512573244,20,204
2026-05-02,US67066G1040,NVDA,2028-06-16,put,180.0,33.36,33.0,33.75,0.3900817828369141,2,68
2026-05-02,US67066G1040,NVDA,2028-06-16,put,185.0,35.6,35.35,36.15,0.38658755508422843,1,306
2026-05-02,US67066G1040,NVDA,2028-06-16,put,190.0,38.2,37.85,38.6,0.38281867187499996,3,65
2026-05-02,US67066G1040,NVDA,2028-06-16,put,195.0,40.24,40.35,41.15,0.37924815093994135,1,97
2026-05-02,US67066G1040,NVDA,2028-06-16,put,200.0,43.39,43.1,43.75,0.37541823318481443,2,1308
2026-05-02,US67066G1040,NVDA,2028-06-16,put,205.0,45.7,45.8,46.55,0.3726869372558594,11,17
2026-05-02,US67066G1040,NVDA,2028-06-16,put,210.0,48.75,48.6,49.3,0.3688265022277832,50,589
2026-05-02,US67066G1040,NVDA,2028-06-16,put,215.0,51.69,51.35,52.25,0.36604943038940424,1,182
2026-05-02,US67066G1040,NVDA,2028-06-16,put,220.0,54.56,54.35,55.2,0.36261623718261715,180,359
2026-05-02,US67066G1040,NVDA,2028-06-16,put,225.0,52.01,57.35,58.3,0.3598239067077636,17,11
2026-05-02,US67066G1040,NVDA,2028-06-16,put,230.0,60.46,60.5,61.5,0.35727571441650385,1150,328
2026-05-02,US67066G1040,NVDA,2028-06-16,put,235.0,63.45,63.7,64.65,0.3536441589355468,100,112
2026-05-02,US67066G1040,NVDA,2028-06-16,put,240.0,62.87,66.95,67.95,0.35071450073242183,2,5
2026-05-02,US67066G1040,NVDA,2028-06-16,put,245.0,70.71,70.3,73.65,0.3681398635864258,5,9
2026-05-02,US67066G1040,NVDA,2028-06-16,put,250.0,68.4,73.7,77.15,0.3658968440246582,2,8
2026-05-02,US67066G1040,NVDA,2028-06-16,put,255.0,76.95,74.75,80.7,0.3635317553710938,30,34
2026-05-02,US67066G1040,NVDA,2028-06-16,put,260.0,74.95,78.3,84.25,0.3606326144409179,68,68
2026-05-02,US67066G1040,NVDA,2028-06-16,put,265.0,100.42,81.9,87.9,0.35809968078613286,,3
2026-05-02,US67066G1040,NVDA,2028-06-16,put,270.0,87.55,85.55,91.65,0.3559329544067382,42,68
2026-05-02,US67066G1040,NVDA,2028-06-16,put,275.0,85.0,89.3,95.4,0.3532626930236816,5,12
2026-05-02,US67066G1040,NVDA,2028-06-16,put,280.0,110.4,93.05,99.25,0.351019673461914,2,1
2026-05-02,US67066G1040,NVDA,2028-06-16,put,285.0,97.5,96.9,103.15,0.34873087799072267,3,5
2026-05-02,US67066G1040,NVDA,2028-06-16,put,290.0,102.45,100.4,107.6,0.3513248461914062,2,21
2026-05-02,US67066G1040,NVDA,2028-06-16,put,295.0,99.39,104.2,111.6,0.3491276025390625,1,2
2026-05-02,US67066G1040,NVDA,2028-06-16,put,300.0,106.07,108.2,115.65,0.34696087615966786,2,69
2026-05-02,US67066G1040,NVDA,2028-06-16,put,305.0,126.65,115.25,119.75,0.3448551843261719,131,67
2026-05-02,US67066G1040,NVDA,2028-06-16,put,310.0,118.6,119.4,123.9,0.34279526840209956,32,21
2026-05-02,US67066G1040,NVDA,2028-06-16,put,315.0,133.5,120.6,127.95,0.3391789715576171,3,11
2026-05-02,US67066G1040,NVDA,2028-06-16,put,320.0,123.2,124.85,129.95,0.31098101135253897,56,48
2026-05-02,US67066G1040,NVDA,2028-06-16,put,325.0,138.15,129.1,136.55,0.3360662097167969,3,24
2026-05-02,US67066G1040,NVDA,2028-06-16,put,330.0,135.4,133.45,138.35,0.30240565765380856,12,134
2026-05-02,US67066G1040,NVDA,2028-06-16,put,335.0,131.45,137.8,142.95,0.3025887612915039,3,22
2026-05-02,US67066G1040,NVDA,2028-06-16,put,340.0,143.45,142.25,147.05,0.2951730639648437,3,17
2026-05-02,US67066G1040,NVDA,2028-06-16,put,345.0,147.42,148.05,151.85,0.29740082489013664,3,13
2026-05-02,US67066G1040,NVDA,2028-06-16,put,350.0,148.05,152.45,156.45,0.2963022030639648,2,65
2026-05-02,US67066G1040,NVDA,2028-12-15,call,5.0,193.4,190.0,198.25,1.2841832666015622,1,413
2026-05-02,US67066G1040,NVDA,2028-12-15,call,10.0,192.42,185.0,193.65,1.0385790258789065,1,235
2026-05-02,US67066G1040,NVDA,2028-12-15,call,15.0,201.85,181.0,189.35,1.0109912731933592,22,42
2026-05-02,US67066G1040,NVDA,2028-12-15,call,20.0,181.94,177.0,184.95,0.96679720703125,1,229
2026-05-02,US67066G1040,NVDA,2028-12-15,call,25.0,187.66,172.0,180.65,0.8907481628417968,1,197
2026-05-02,US67066G1040,NVDA,2028-12-15,call,30.0,175.0,168.0,176.3,0.861451580810547,1,875
2026-05-02,US67066G1040,NVDA,2028-12-15,call,35.0,169.05,164.0,172.05,0.8353287951660155,1,1003
2026-05-02,US67066G1040,NVDA,2028-12-15,call,40.0,166.48,159.85,167.85,0.8073749731445312,5,378
2026-05-02,US67066G1040,NVDA,2028-12-15,call,45.0,170.35,155.7,163.65,0.7808859802246093,20,407
2026-05-02,US67066G1040,NVDA,2028-12-15,call,50.0,158.58,151.05,158.6,0.7315700671386718,12,415
2026-05-02,US67066G1040,NVDA,2028-12-15,call,55.0,150.5,148.95,154.45,0.7435938726806641,1,427
2026-05-02,US67066G1040,NVDA,2028-12-15,call,60.0,158.07,144.6,150.4,0.7189053988647461,14,1441
2026-05-02,US67066G1040,NVDA,2028-12-15,call,65.0,146.23,141.0,146.4,0.7058745233154298,9,391
2026-05-02,US67066G1040,NVDA,2028-12-15,call,70.0,140.0,136.4,144.15,0.7011443460083008,8,654
2026-05-02,US67066G1040,NVDA,2028-12-15,call,75.0,137.26,133.3,138.55,0.6745638012695314,1,560
2026-05-02,US67066G1040,NVDA,2028-12-15,call,80.0,132.6,129.2,136.2,0.6723055230712893,2,710
2026-05-02,US67066G1040,NVDA,2028-12-15,call,85.0,128.49,127.5,130.95,0.6636691348266602,1,377
2026-05-02,US67066G1040,NVDA,2028-12-15,call,90.0,124.25,124.2,126.9,0.65079084564209,1,5428
2026-05-02,US67066G1040,NVDA,2028-12-15,call,95.0,121.0,118.85,123.65,0.6273840972900393,15,1097
2026-05-02,US67066G1040,NVDA,2028-12-15,call,100.0,118.28,116.35,119.15,0.61758805267334,46,2542
2026-05-02,US67066G1040,NVDA,2028-12-15,call,105.0,116.7,112.45,116.65,0.611881322631836,1,680
2026-05-02,US67066G1040,NVDA,2028-12-15,call,110.0,112.05,109.15,112.05,0.5948221670532227,3,835
2026-05-02,US67066G1040,NVDA,2028-12-15,call,115.0,120.57,105.6,109.95,0.5932963034057618,40,761
2026-05-02,US67066G1040,NVDA,2028-12-15,call,120.0,105.1,102.9,106.75,0.5891306956481934,3,1665
2026-05-02,US67066G1040,NVDA,2028-12-15,call,125.0,103.16,100.1,102.5,0.5771221487426758,5,405
2026-05-02,US67066G1040,NVDA,2028-12-15,call,130.0,101.18,96.9,99.6,0.57071352142334,1,1212
2026-05-02,US67066G1040,NVDA,2028-12-15,call,135.0,98.2,94.55,97.05,0.5706830041503907,4,366
2026-05-02,US67066G1040,NVDA,2028-12-15,call,140.0,92.58,91.75,94.25,0.565907050933838,1,5183
2026-05-02,US67066G1040,NVDA,2028-12-15,call,145.0,91.03,89.1,91.45,0.5614057531738281,13,1052
2026-05-02,US67066G1040,NVDA,2028-12-15,call,150.0,87.65,86.35,88.0,0.5524947094726562,22,1700
2026-05-02,US67066G1040,NVDA,2028-12-15,call,155.0,85.69,83.45,86.05,0.5501601380920411,3,666
2026-05-02,US67066G1040,NVDA,2028-12-15,call,160.0,81.95,81.6,82.65,0.5452773744201662,52,2005
2026-05-02,US67066G1040,NVDA,2028-12-15,call,165.0,80.5,78.8,80.4,0.5409286630249025,21,1270
2026-05-02,US67066G1040,NVDA,2028-12-15,call,170.0,77.5,76.6,77.45,0.5356644334411622,48,3189
2026-05-02,US67066G1040,NVDA,2028-12-15,call,175.0,74.98,74.4,75.9,0.5364731411743165,36,2539
2026-05-02,US67066G1040,NVDA,2028-12-15,call,180.0,73.4,71.9,73.25,0.5303544279479981,33,4679
2026-05-02,US67066G1040,NVDA,2028-12-15,call,185.0,70.97,69.65,71.4,0.5285691674804689,214,6170
2026-05-02,US67066G1040,NVDA,2028-12-15,call,190.0,68.14,67.65,69.15,0.525670026550293,53,5336
2026-05-02,US67066G1040,NVDA,2028-12-15,call,195.0,66.43,65.65,67.15,0.523442265625,46,1440
2026-05-02,US67066G1040,NVDA,2028-12-15,call,200.0,64.58,63.55,64.75,0.518681571044922,402,14027
2026-05-02,US67066G1040,NVDA,2028-12-15,call,205.0,62.4,61.2,62.8,0.5144244114685057,95,2385
2026-05-02,US67066G1040,NVDA,2028-12-15,call,210.0,60.2,59.45,60.95,0.5127307028198241,76,4915
2026-05-02,US67066G1040,NVDA,2028-12-15,call,215.0,58.43,57.7,59.2,0.5110675114440917,47,1369
2026-05-02,US67066G1040,NVDA,2028-12-15,call,220.0,56.95,56.0,57.15,0.5080157841491699,72,3762
2026-05-02,US67066G1040,NVDA,2028-12-15,call,225.0,55.32,54.35,55.65,0.5070544900512696,115,605
2026-05-02,US67066G1040,NVDA,2028-12-15,call,230.0,53.1,52.2,53.75,0.5021259504699709,16,2562
2026-05-02,US67066G1040,NVDA,2028-12-15,call,235.0,52.01,51.05,52.35,0.5028736236572267,43,631
2026-05-02,US67066G1040,NVDA,2028-12-15,call,240.0,50.37,49.4,50.7,0.5003101727294923,96,3238
2026-05-02,US67066G1040,NVDA,2028-12-15,call,245.0,48.92,47.7,48.95,0.5017597431945802,82,1378
2026-05-02,US67066G1040,NVDA,2028-12-15,call,250.0,47.0,46.65,47.4,0.4993641372680664,394,12648
2026-05-02,US67066G1040,NVDA,2028-12-15,call,255.0,45.99,45.3,46.45,0.501378277282715,3,788
2026-05-02,US67066G1040,NVDA,2028-12-15,call,260.0,44.25,44.05,45.1,0.4999592240905762,51,2947
2026-05-02,US67066G1040,NVDA,2028-12-15,call,265.0,42.96,42.75,43.7,0.49786879089355474,4,527
2026-05-02,US67066G1040,NVDA,2028-12-15,call,270.0,42.09,41.55,42.35,0.4959156854248047,28,2426
2026-05-02,US67066G1040,NVDA,2028-12-15,call,275.0,40.66,40.35,41.25,0.49564102996826176,2,2403
2026-05-02,US67066G1040,NVDA,2028-12-15,call,280.0,40.1,39.2,40.0,0.4939320626831055,58,2394
2026-05-02,US67066G1040,NVDA,2028-12-15,call,285.0,38.9,38.1,39.1,0.4947255117797852,9,2649
2026-05-02,US67066G1040,NVDA,2028-12-15,call,290.0,37.62,37.05,38.05,0.49409990768432627,11,6103
2026-05-02,US67066G1040,NVDA,2028-12-15,call,295.0,37.09,36.0,36.75,0.4912923185729981,1,585
2026-05-02,US67066G1040,NVDA,2028-12-15,call,300.0,35.65,35.05,35.65,0.48981223083496106,207,14484
2026-05-02,US67066G1040,NVDA,2028-12-15,call,310.0,33.57,33.2,33.9,0.489735937652588,30,1732
2026-05-02,US67066G1040,NVDA,2028-12-15,call,320.0,32.33,31.2,32.1,0.4884542121887208,23,2048
2026-05-02,US67066G1040,NVDA,2028-12-15,call,330.0,30.2,29.6,30.65,0.48920188537597664,39,6820
2026-05-02,US67066G1040,NVDA,2028-12-15,call,340.0,29.86,28.0,29.25,0.4896291271972657,613,2599
2026-05-02,US67066G1040,NVDA,2028-12-15,call,350.0,27.53,26.95,27.55,0.4869283485412598,4159,3290
2026-05-02,US67066G1040,NVDA,2028-12-15,call,360.0,25.95,25.3,26.4,0.4880880049133301,1,2668
2026-05-02,US67066G1040,NVDA,2028-12-15,call,370.0,24.75,24.35,25.0,0.4865773999023438,56,5717
2026-05-02,US67066G1040,NVDA,2028-12-15,call,380.0,23.5,23.35,24.05,0.48827110855102546,110,19326
2026-05-02,US67066G1040,NVDA,2028-12-15,put,5.0,0.06,0.05,0.06,0.8789074609374999,35,2539
2026-05-02,US67066G1040,NVDA,2028-12-15,put,10.0,0.14,0.13,0.17,0.7832052929687501,305,1658
2026-05-02,US67066G1040,NVDA,2028-12-15,put,15.0,0.23,0.18,0.3,0.7114286669921875,11,1241
2026-05-02,US67066G1040,NVDA,2028-12-15,put,20.0,0.35,0.31,0.39,0.6621127539062501,100,1460
2026-05-02,US67066G1040,NVDA,2028-12-15,put,25.0,0.49,0.2,0.88,0.6357458300781251,1,767
2026-05-02,US67066G1040,NVDA,2028-12-15,put,30.0,0.81,0.6,0.99,0.6169471899414063,13,299
2026-05-02,US67066G1040,NVDA,2028-12-15,put,35.0,0.99,0.64,1.05,0.5720257641601563,103,394
2026-05-02,US67066G1040,NVDA,2028-12-15,put,40.0,1.25,1.0,1.5,0.5675092077636719,1,271
2026-05-02,US67066G1040,NVDA,2028-12-15,put,45.0,1.68,1.27,1.77,0.5472457385253908,1,133
2026-05-02,US67066G1040,NVDA,2028-12-15,put,50.0,1.91,1.87,2.07,0.5380905566406251,18,2670
2026-05-02,US67066G1040,NVDA,2028-12-15,put,55.0,2.44,2.01,2.66,0.5219774365234374,1,158
2026-05-02,US67066G1040,NVDA,2028-12-15,put,60.0,2.71,2.6,3.15,0.5131884619140624,1,223
2026-05-02,US67066G1040,NVDA,2028-12-15,put,65.0,3.15,3.0,3.5,0.5058032818603515,37,168
2026-05-02,US67066G1040,NVDA,2028-12-15,put,70.0,3.9,3.85,4.05,0.49396257995605475,3,631
2026-05-02,US67066G1040,NVDA,2028-12-15,put,75.0,4.61,4.5,4.7,0.4844411907958984,10,1444
2026-05-02,US67066G1040,NVDA,2028-12-15,put,80.0,5.3,5.25,5.55,0.4791922198486328,1,1101
2026-05-02,US67066G1040,NVDA,2028-12-15,put,85.0,6.07,5.95,6.25,0.46869427795410157,10,651
2026-05-02,US67066G1040,NVDA,2028-12-15,put,90.0,7.0,6.9,7.1,0.4608818560791016,11,1258
2026-05-02,US67066G1040,NVDA,2028-12-15,put,95.0,8.0,7.8,8.2,0.45712823150634774,21,1727
2026-05-02,US67066G1040,NVDA,2028-12-15,put,100.0,8.95,8.9,9.15,0.4491327059936523,30,2115
2026-05-02,US67066G1040,NVDA,2028-12-15,put,105.0,9.62,9.9,10.4,0.44550115051269534,1,1755
2026-05-02,US67066G1040,NVDA,2028-12-15,put,110.0,11.3,11.25,11.5,0.4382380395507813,5,1836
2026-05-02,US67066G1040,NVDA,2028-12-15,put,115.0,12.75,12.45,12.8,0.4332332067871094,1,5049
2026-05-02,US67066G1040,NVDA,2028-12-15,put,120.0,13.95,13.9,14.15,0.4279842358398438,82,9615
2026-05-02,US67066G1040,NVDA,2028-12-15,put,125.0,15.36,15.1,15.7,0.42449000808715825,19,1531
2026-05-02,US67066G1040,NVDA,2028-12-15,put,130.0,16.97,16.9,17.2,0.41940888214111327,56,13657
2026-05-02,US67066G1040,NVDA,2028-12-15,put,135.0,18.55,18.45,18.8,0.41473973937988284,1,2107
2026-05-02,US67066G1040,NVDA,2028-12-15,put,140.0,20.39,20.25,20.55,0.4109861148071289,24,3946
2026-05-02,US67066G1040,NVDA,2028-12-15,put,145.0,21.85,22.05,22.4,0.40750714569091795,6,2506
2026-05-02,US67066G1040,NVDA,2028-12-15,put,150.0,24.07,23.8,24.3,0.4037535211181641,3,8736
2026-05-02,US67066G1040,NVDA,2028-12-15,put,155.0,25.75,25.85,26.25,0.39978627563476565,15,1212
2026-05-02,US67066G1040,NVDA,2028-12-15,put,160.0,28.0,27.85,28.3,0.396063168334961,97,2040
2026-05-02,US67066G1040,NVDA,2028-12-15,put,165.0,30.0,30.0,30.4,0.3921569573974609,1016,4081
2026-05-02,US67066G1040,NVDA,2028-12-15,put,170.0,32.05,32.2,32.6,0.38849488464355464,13,1422
2026-05-02,US67066G1040,NVDA,2028-12-15,put,175.0,34.32,34.35,34.9,0.3851074673461914,24,2654
2026-05-02,US67066G1040,NVDA,2028-12-15,put,180.0,36.61,36.65,37.25,0.38150642913818356,9,9076
2026-05-02,US67066G1040,NVDA,2028-12-15,put,185.0,39.05,39.15,39.7,0.37814952911376953,23,3499
2026-05-02,US67066G1040,NVDA,2028-12-15,put,190.0,41.7,41.7,42.25,0.3750520259094238,190,3640
2026-05-02,US67066G1040,NVDA,2028-12-15,put,195.0,44.2,44.35,44.85,0.37175616043090826,192,3971
2026-05-02,US67066G1040,NVDA,2028-12-15,put,200.0,46.95,47.1,47.5,0.36830770858764655,277,5812
2026-05-02,US67066G1040,NVDA,2028-12-15,put,205.0,49.73,49.45,50.3,0.3655001194763184,202,1948
2026-05-02,US67066G1040,NVDA,2028-12-15,put,210.0,52.55,52.25,53.05,0.3617464949035644,50,3254
2026-05-02,US67066G1040,NVDA,2028-12-15,put,215.0,55.11,55.25,56.0,0.35904571624755854,41,130
2026-05-02,US67066G1040,NVDA,2028-12-15,put,220.0,57.65,58.05,58.95,0.3557956266784667,1,2789
2026-05-02,US67066G1040,NVDA,2028-12-15,put,225.0,61.6,61.3,62.0,0.3528201925659179,43,963
2026-05-02,US67066G1040,NVDA,2028-12-15,put,230.0,63.79,64.15,65.1,0.3497074307250976,6,3306
2026-05-02,US67066G1040,NVDA,2028-12-15,put,235.0,67.53,67.3,68.45,0.34802898071289057,8,370
2026-05-02,US67066G1040,NVDA,2028-12-15,put,240.0,67.07,70.55,71.55,0.3439091488647461,52,724
2026-05-02,US67066G1040,NVDA,2028-12-15,put,245.0,74.25,73.95,74.8,0.340475955657959,32,870
2026-05-02,US67066G1040,NVDA,2028-12-15,put,250.0,77.8,77.25,78.45,0.33968250656127924,29,631
2026-05-02,US67066G1040,NVDA,2028-12-15,put,255.0,80.2,80.6,84.55,0.35776399078369137,32,256
2026-05-02,US67066G1040,NVDA,2028-12-15,put,260.0,83.27,84.1,85.3,0.33312129287719733,14,1297
2026-05-02,US67066G1040,NVDA,2028-12-15,put,265.0,88.04,85.1,91.7,0.35300329620361326,1,157
2026-05-02,US67066G1040,NVDA,2028-12-15,put,270.0,85.03,89.15,94.45,0.3433293206787109,157,647
2026-05-02,US67066G1040,NVDA,2028-12-15,put,275.0,95.28,95.05,96.2,0.32474430145263666,4,202
2026-05-02,US67066G1040,NVDA,2028-12-15,put,280.0,98.0,96.45,102.35,0.3420170779418945,11,1195
2026-05-02,US67066G1040,NVDA,2028-12-15,put,285.0,103.09,100.15,106.2,0.33994190338134767,1,244
2026-05-02,US67066G1040,NVDA,2028-12-15,put,290.0,106.3,103.85,110.35,0.34001819656372073,2,1057
2026-05-02,US67066G1040,NVDA,2028-12-15,put,295.0,109.25,107.5,114.4,0.3389043161010742,53,419
2026-05-02,US67066G1040,NVDA,2028-12-15,put,300.0,114.1,113.95,115.5,0.31105730453491204,6,5579
2026-05-02,US67066G1040,NVDA,2028-12-15,put,310.0,121.3,118.9,126.75,0.33518120880126956,7,1251
2026-05-02,US67066G1040,NVDA,2028-12-15,put,320.0,130.07,130.15,134.95,0.3306036178588867,2,1129
2026-05-02,US67066G1040,NVDA,2028-12-15,put,330.0,139.34,135.8,140.6,0.29798065307617183,30,2961
2026-05-02,US67066G1040,NVDA,2028-12-15,put,340.0,147.98,144.05,151.9,0.32227240234374993,1,753
2026-05-02,US67066G1040,NVDA,2028-12-15,put,350.0,156.68,153.05,158.1,0.28888650573730457,1,4283
2026-05-02,US67066G1040,NVDA,2028-12-15,put,360.0,164.76,164.55,167.05,0.2841868457031249,2,5154
2026-05-02,US67066G1040,NVDA,2028-12-15,put,370.0,170.76,171.95,176.05,0.278327529296875,1,929
2026-05-02,US67066G1040,NVDA,2028-12-15,put,380.0,184.1,182.95,185.1,0.2710033837890625,3,1169
