date,isin,ticker,price
2020-04-27,CH0012005267,NVSEF.US,67.9047
2020-04-28,CH0012005267,NVSEF.US,67.2702
2020-04-29,CH0012005267,NVSEF.US,65.1854
2020-05-01,CH0012005267,NVSEF.US,63.5992
2020-05-04,CH0012005267,NVSEF.US,62.6173
2020-05-05,CH0012005267,NVSEF.US,64.5057
2020-05-06,CH0012005267,NVSEF.US,65.261
2020-05-07,CH0012005267,NVSEF.US,64.8455
2020-05-08,CH0012005267,NVSEF.US,64.0864
2020-05-11,CH0012005267,NVSEF.US,65.3252
2020-05-12,CH0012005267,NVSEF.US,64.279
2020-05-13,CH0012005267,NVSEF.US,64.7144
2020-05-14,CH0012005267,NVSEF.US,63.0011
2020-05-15,CH0012005267,NVSEF.US,62.995
2020-05-18,CH0012005267,NVSEF.US,64.0713
2020-05-19,CH0012005267,NVSEF.US,64.7096
2020-05-20,CH0012005267,NVSEF.US,64.347
2020-05-21,CH0012005267,NVSEF.US,64.2035
2020-05-26,CH0012005267,NVSEF.US,64.3017
2020-05-27,CH0012005267,NVSEF.US,62.995
2020-05-28,CH0012005267,NVSEF.US,65.6313
2020-05-29,CH0012005267,NVSEF.US,65.6387
2020-06-01,CH0012005267,NVSEF.US,65.5631
2020-06-02,CH0012005267,NVSEF.US,63.9392
2020-06-03,CH0012005267,NVSEF.US,64.9581
2020-06-04,CH0012005267,NVSEF.US,64.3546
2020-06-05,CH0012005267,NVSEF.US,64.8833
2020-06-08,CH0012005267,NVSEF.US,64.6567
2020-06-09,CH0012005267,NVSEF.US,68.7733
2020-06-10,CH0012005267,NVSEF.US,66.394
2020-06-11,CH0012005267,NVSEF.US,64.2035
2020-06-12,CH0012005267,NVSEF.US,63.6748
2020-06-15,CH0012005267,NVSEF.US,64.6378
2020-06-16,CH0012005267,NVSEF.US,65.6671
2020-06-18,CH0012005267,NVSEF.US,66.8095
2020-06-19,CH0012005267,NVSEF.US,69.4436
2020-06-22,CH0012005267,NVSEF.US,66.3184
2020-06-23,CH0012005267,NVSEF.US,70.0943
2020-06-24,CH0012005267,NVSEF.US,65.903
2020-06-25,CH0012005267,NVSEF.US,67.2469
2020-06-26,CH0012005267,NVSEF.US,67.4798
2020-06-29,CH0012005267,NVSEF.US,65.8558
2020-06-30,CH0012005267,NVSEF.US,65.0722
2020-07-01,CH0012005267,NVSEF.US,65.7142
2020-07-02,CH0012005267,NVSEF.US,65.7519
2020-07-06,CH0012005267,NVSEF.US,66.4317
2020-07-07,CH0012005267,NVSEF.US,66.6678
2020-07-08,CH0012005267,NVSEF.US,65.9408
2020-07-09,CH0012005267,NVSEF.US,66.6242
2020-07-10,CH0012005267,NVSEF.US,66.0163
2020-07-13,CH0012005267,NVSEF.US,65.3577
2020-07-14,CH0012005267,NVSEF.US,65.7973
2020-07-15,CH0012005267,NVSEF.US,67.3098
2020-07-16,CH0012005267,NVSEF.US,64.4905
2020-07-17,CH0012005267,NVSEF.US,66.545
2020-07-21,CH0012005267,NVSEF.US,66.1674
2020-07-23,CH0012005267,NVSEF.US,64.0902
2020-07-24,CH0012005267,NVSEF.US,63.4482
2020-07-27,CH0012005267,NVSEF.US,64.5812
2020-07-28,CH0012005267,NVSEF.US,64.2035
2020-07-29,CH0012005267,NVSEF.US,62.9194
2020-07-30,CH0012005267,NVSEF.US,64.3074
2020-07-31,CH0012005267,NVSEF.US,61.1822
2020-08-03,CH0012005267,NVSEF.US,63.4293
2020-08-04,CH0012005267,NVSEF.US,63.5237
2020-08-05,CH0012005267,NVSEF.US,63.1838
2020-08-07,CH0012005267,NVSEF.US,62.5701
2020-08-10,CH0012005267,NVSEF.US,62.2963
2020-08-11,CH0012005267,NVSEF.US,62.7684
2020-08-12,CH0012005267,NVSEF.US,64.2035
2020-08-13,CH0012005267,NVSEF.US,64.2035
2020-08-14,CH0012005267,NVSEF.US,64.2694
2020-08-17,CH0012005267,NVSEF.US,65.8652
2020-08-18,CH0012005267,NVSEF.US,64.2488
2020-08-19,CH0012005267,NVSEF.US,64.3924
2020-08-20,CH0012005267,NVSEF.US,65.6179
2020-08-21,CH0012005267,NVSEF.US,64.3924
2020-08-24,CH0012005267,NVSEF.US,65.0934
2020-08-25,CH0012005267,NVSEF.US,65.582
2020-08-26,CH0012005267,NVSEF.US,65.3289
2020-08-27,CH0012005267,NVSEF.US,66.2996
2020-08-28,CH0012005267,NVSEF.US,64.7322
2020-08-31,CH0012005267,NVSEF.US,65.7992
2020-09-01,CH0012005267,NVSEF.US,65.0344
2020-09-04,CH0012005267,NVSEF.US,64.4316
2020-09-08,CH0012005267,NVSEF.US,65.7599
2020-09-09,CH0012005267,NVSEF.US,66.2807
2020-09-10,CH0012005267,NVSEF.US,67.3193
2020-09-11,CH0012005267,NVSEF.US,68.4712
2020-09-14,CH0012005267,NVSEF.US,69.151
2020-09-15,CH0012005267,NVSEF.US,69.1132
2020-09-16,CH0012005267,NVSEF.US,69.236
2020-09-18,CH0012005267,NVSEF.US,68.4334
2020-09-21,CH0012005267,NVSEF.US,68.5845
2020-09-22,CH0012005267,NVSEF.US,67.0549
2020-09-23,CH0012005267,NVSEF.US,66.6867
2020-09-24,CH0012005267,NVSEF.US,64.6189
2020-09-28,CH0012005267,NVSEF.US,65.4876
2020-09-30,CH0012005267,NVSEF.US,65.9937
2020-10-02,CH0012005267,NVSEF.US,66.2052
2020-10-05,CH0012005267,NVSEF.US,67.4514
2020-10-06,CH0012005267,NVSEF.US,66.9378
2020-10-07,CH0012005267,NVSEF.US,65.0081
2020-10-08,CH0012005267,NVSEF.US,65.1854
2020-10-12,CH0012005267,NVSEF.US,66.7906
2020-10-16,CH0012005267,NVSEF.US,64.6567
2020-10-19,CH0012005267,NVSEF.US,63.9392
2020-10-20,CH0012005267,NVSEF.US,64.6945
2020-10-22,CH0012005267,NVSEF.US,63.9012
2020-10-26,CH0012005267,NVSEF.US,63.3178
2020-10-27,CH0012005267,NVSEF.US,61.9375
2020-10-28,CH0012005267,NVSEF.US,60.6912
2020-10-29,CH0012005267,NVSEF.US,58.5007
2020-10-30,CH0012005267,NVSEF.US,58.5385
2020-11-02,CH0012005267,NVSEF.US,60.4269
2020-11-03,CH0012005267,NVSEF.US,61.2294
2020-11-04,CH0012005267,NVSEF.US,63.9165
2020-11-05,CH0012005267,NVSEF.US,64.2319
2020-11-06,CH0012005267,NVSEF.US,63.8424
2020-11-09,CH0012005267,NVSEF.US,64.3357
2020-11-10,CH0012005267,NVSEF.US,63.4104
2020-11-12,CH0012005267,NVSEF.US,64.449
2020-11-16,CH0012005267,NVSEF.US,65.3365
2020-11-17,CH0012005267,NVSEF.US,65.0722
2020-11-18,CH0012005267,NVSEF.US,64.9589
2020-11-19,CH0012005267,NVSEF.US,65.3743
2020-11-23,CH0012005267,NVSEF.US,65.5348
2020-11-24,CH0012005267,NVSEF.US,66.2504
2020-11-25,CH0012005267,NVSEF.US,67.2249
2020-11-27,CH0012005267,NVSEF.US,67.1569
2020-11-30,CH0012005267,NVSEF.US,68.4334
2020-12-01,CH0012005267,NVSEF.US,69.3398
2020-12-02,CH0012005267,NVSEF.US,69.0943
2020-12-04,CH0012005267,NVSEF.US,68.3956
2020-12-07,CH0012005267,NVSEF.US,69.1142
2020-12-08,CH0012005267,NVSEF.US,68.4712
2020-12-09,CH0012005267,NVSEF.US,68.6977
2020-12-10,CH0012005267,NVSEF.US,69.046
2020-12-11,CH0012005267,NVSEF.US,69.4909
2020-12-14,CH0012005267,NVSEF.US,68.5467
2020-12-15,CH0012005267,NVSEF.US,67.6025
2020-12-16,CH0012005267,NVSEF.US,68.6449
2020-12-17,CH0012005267,NVSEF.US,71.0771
2020-12-18,CH0012005267,NVSEF.US,69.021
2020-12-21,CH0012005267,NVSEF.US,66.4544
2020-12-22,CH0012005267,NVSEF.US,66.6584
2020-12-24,CH0012005267,NVSEF.US,64.6341
2020-12-28,CH0012005267,NVSEF.US,68.509
2020-12-29,CH0012005267,NVSEF.US,70.6106
2020-12-30,CH0012005267,NVSEF.US,71.0167
2020-12-31,CH0012005267,NVSEF.US,70.8882
2021-01-04,CH0012005267,NVSEF.US,71.7569
2021-01-05,CH0012005267,NVSEF.US,71.2455
2021-01-06,CH0012005267,NVSEF.US,69.9063
2021-01-07,CH0012005267,NVSEF.US,70.3444
2021-01-11,CH0012005267,NVSEF.US,70.3444
2021-01-12,CH0012005267,NVSEF.US,70.6994
2021-01-14,CH0012005267,NVSEF.US,70.8127
2021-01-15,CH0012005267,NVSEF.US,72.4367
2021-01-19,CH0012005267,NVSEF.US,73.4942
2021-01-20,CH0012005267,NVSEF.US,73.0032
2021-01-21,CH0012005267,NVSEF.US,72.1799
2021-01-22,CH0012005267,NVSEF.US,72.0967
2021-01-28,CH0012005267,NVSEF.US,69.9063
2021-02-01,CH0012005267,NVSEF.US,68.5731
2021-02-04,CH0012005267,NVSEF.US,68.0519
2021-02-05,CH0012005267,NVSEF.US,67.6025
2021-02-08,CH0012005267,NVSEF.US,67.6761
2021-02-09,CH0012005267,NVSEF.US,68.7884
2021-02-10,CH0012005267,NVSEF.US,68.7657
2021-02-12,CH0012005267,NVSEF.US,69.1132
2021-02-16,CH0012005267,NVSEF.US,68.4712
2021-02-17,CH0012005267,NVSEF.US,66.8472
2021-02-18,CH0012005267,NVSEF.US,67.7347
2021-02-19,CH0012005267,NVSEF.US,67.0023
2021-02-23,CH0012005267,NVSEF.US,64.1959
2021-02-24,CH0012005267,NVSEF.US,64.8078
2021-02-26,CH0012005267,NVSEF.US,65.0443
2021-03-01,CH0012005267,NVSEF.US,65.6198
2021-03-02,CH0012005267,NVSEF.US,67.104
2021-03-03,CH0012005267,NVSEF.US,65.1704
2021-03-04,CH0012005267,NVSEF.US,66.8526
2021-03-09,CH0012005267,NVSEF.US,66.2176
2021-03-10,CH0012005267,NVSEF.US,65.9429
2021-03-12,CH0012005267,NVSEF.US,64.467
2021-03-15,CH0012005267,NVSEF.US,65.9114
2021-03-16,CH0012005267,NVSEF.US,67.4344
2021-03-17,CH0012005267,NVSEF.US,67.1212
2021-03-18,CH0012005267,NVSEF.US,65.778
2021-03-22,CH0012005267,NVSEF.US,66.8535
2021-03-23,CH0012005267,NVSEF.US,67.6307
2021-03-24,CH0012005267,NVSEF.US,67.3951
2021-03-26,CH0012005267,NVSEF.US,66.6101
2021-03-30,CH0012005267,NVSEF.US,67.1988
2021-04-01,CH0012005267,NVSEF.US,66.5904
2021-04-06,CH0012005267,NVSEF.US,68.1409
2021-04-07,CH0012005267,NVSEF.US,67.6836
2021-04-09,CH0012005267,NVSEF.US,68.7042
2021-04-12,CH0012005267,NVSEF.US,68.0624
2021-04-13,CH0012005267,NVSEF.US,67.8465
2021-04-14,CH0012005267,NVSEF.US,67.2381
2021-04-15,CH0012005267,NVSEF.US,68.553
2021-04-16,CH0012005267,NVSEF.US,68.7297
2021-04-20,CH0012005267,NVSEF.US,68.9064
2021-04-22,CH0012005267,NVSEF.US,68.7297
2021-04-23,CH0012005267,NVSEF.US,68.9259
2021-04-27,CH0012005267,NVSEF.US,67.9996
2021-04-29,CH0012005267,NVSEF.US,68.1017
2021-04-30,CH0012005267,NVSEF.US,67.0812
2021-05-03,CH0012005267,NVSEF.US,66.3353
2021-05-04,CH0012005267,NVSEF.US,65.9429
2021-05-06,CH0012005267,NVSEF.US,67.9054
2021-05-07,CH0012005267,NVSEF.US,67.6542
2021-05-11,CH0012005267,NVSEF.US,68.0035
2021-05-12,CH0012005267,NVSEF.US,68.3764
2021-05-14,CH0012005267,NVSEF.US,69.6717
2021-05-19,CH0012005267,NVSEF.US,68.4766
2021-05-20,CH0012005267,NVSEF.US,67.6856
2021-05-24,CH0012005267,NVSEF.US,67.7013
2021-05-26,CH0012005267,NVSEF.US,69.4755
2021-05-27,CH0012005267,NVSEF.US,69.4733
2021-06-03,CH0012005267,NVSEF.US,69.919
2021-06-04,CH0012005267,NVSEF.US,69.868
2021-06-09,CH0012005267,NVSEF.US,72.6156
2021-06-10,CH0012005267,NVSEF.US,72.6548
2021-06-11,CH0012005267,NVSEF.US,72.7176
2021-06-14,CH0012005267,NVSEF.US,72.8904
2021-06-15,CH0012005267,NVSEF.US,73.7146
2021-06-17,CH0012005267,NVSEF.US,73.0474
2021-06-21,CH0012005267,NVSEF.US,73.0317
2021-06-22,CH0012005267,NVSEF.US,73.0082
2021-06-23,CH0012005267,NVSEF.US,71.9876
2021-06-24,CH0012005267,NVSEF.US,72.4194
2021-06-29,CH0012005267,NVSEF.US,72.2411
2021-07-06,CH0012005267,NVSEF.US,71.1711
2021-07-07,CH0012005267,NVSEF.US,71.9876
2021-07-08,CH0012005267,NVSEF.US,71.6422
2021-07-09,CH0012005267,NVSEF.US,72.3173
2021-07-12,CH0012005267,NVSEF.US,73.0159
2021-07-19,CH0012005267,NVSEF.US,70.0721
2021-07-20,CH0012005267,NVSEF.US,70.2605
2021-07-22,CH0012005267,NVSEF.US,70.3783
2021-07-23,CH0012005267,NVSEF.US,72.1426
2021-07-27,CH0012005267,NVSEF.US,71.1633
2021-07-28,CH0012005267,NVSEF.US,72.0661
2021-07-30,CH0012005267,NVSEF.US,72.7613
2021-08-03,CH0012005267,NVSEF.US,71.7521
2021-08-05,CH0012005267,NVSEF.US,71.7521
2021-08-06,CH0012005267,NVSEF.US,72.9532
2021-08-11,CH0012005267,NVSEF.US,69.3185
2021-08-12,CH0012005267,NVSEF.US,71.4302
2021-08-16,CH0012005267,NVSEF.US,73.4399
2021-08-17,CH0012005267,NVSEF.US,74.5782
2021-08-18,CH0012005267,NVSEF.US,72.9296
2021-08-23,CH0012005267,NVSEF.US,72.7334
2021-08-24,CH0012005267,NVSEF.US,72.3095
2021-08-25,CH0012005267,NVSEF.US,71.8699
2021-08-30,CH0012005267,NVSEF.US,71.438
2021-08-31,CH0012005267,NVSEF.US,73.644
2021-09-03,CH0012005267,NVSEF.US,71.438
2021-09-07,CH0012005267,NVSEF.US,71.7521
2021-09-08,CH0012005267,NVSEF.US,68.1881
2021-09-09,CH0012005267,NVSEF.US,67.717
2021-09-10,CH0012005267,NVSEF.US,66.9712
2021-09-13,CH0012005267,NVSEF.US,67.4972
2021-09-14,CH0012005267,NVSEF.US,66.4531
2021-09-17,CH0012005267,NVSEF.US,65.515
2021-09-21,CH0012005267,NVSEF.US,65.0087
2021-09-22,CH0012005267,NVSEF.US,65.3972
2021-09-23,CH0012005267,NVSEF.US,65.2834
2021-09-24,CH0012005267,NVSEF.US,64.7653
2021-09-27,CH0012005267,NVSEF.US,64.1058
2021-09-28,CH0012005267,NVSEF.US,63.3915
2021-09-29,CH0012005267,NVSEF.US,64.565
2021-09-30,CH0012005267,NVSEF.US,64.5393
2021-10-04,CH0012005267,NVSEF.US,65.1578
2021-10-05,CH0012005267,NVSEF.US,64.3727
2021-10-06,CH0012005267,NVSEF.US,63.8703
2021-10-07,CH0012005267,NVSEF.US,65.6681
2021-10-11,CH0012005267,NVSEF.US,65.1971
2021-10-14,CH0012005267,NVSEF.US,64.4513
2021-10-15,CH0012005267,NVSEF.US,64.2746
2021-10-18,CH0012005267,NVSEF.US,64.569
2021-10-21,CH0012005267,NVSEF.US,66.7985
2021-10-27,CH0012005267,NVSEF.US,65.0385
2021-10-28,CH0012005267,NVSEF.US,65.9429
2021-11-01,CH0012005267,NVSEF.US,65.6681
2021-11-03,CH0012005267,NVSEF.US,65.7466
2021-11-04,CH0012005267,NVSEF.US,65.2756
2021-11-05,CH0012005267,NVSEF.US,65.1578
2021-11-09,CH0012005267,NVSEF.US,65.4718
2021-11-10,CH0012005267,NVSEF.US,65.5895
2021-11-11,CH0012005267,NVSEF.US,64.7653
2021-11-15,CH0012005267,NVSEF.US,64.7653
2021-11-16,CH0012005267,NVSEF.US,63.9017
2021-11-18,CH0012005267,NVSEF.US,63.5642
2021-11-19,CH0012005267,NVSEF.US,64.7261
2021-11-22,CH0012005267,NVSEF.US,63.9017
2021-11-24,CH0012005267,NVSEF.US,63.415
2021-11-26,CH0012005267,NVSEF.US,62.5279
2021-11-30,CH0012005267,NVSEF.US,61.8469
2021-12-02,CH0012005267,NVSEF.US,61.9391
2021-12-06,CH0012005267,NVSEF.US,62.63
2021-12-08,CH0012005267,NVSEF.US,63.7604
2021-12-10,CH0012005267,NVSEF.US,62.4102
2021-12-13,CH0012005267,NVSEF.US,62.9205
2021-12-14,CH0012005267,NVSEF.US,63.353
2021-12-15,CH0012005267,NVSEF.US,62.7007
2021-12-16,CH0012005267,NVSEF.US,67.0419
2021-12-17,CH0012005267,NVSEF.US,67.3931
2021-12-21,CH0012005267,NVSEF.US,67.3559
2021-12-23,CH0012005267,NVSEF.US,68.1841
2021-12-30,CH0012005267,NVSEF.US,68.6669
2022-01-05,CH0012005267,NVSEF.US,68.9416
2022-01-06,CH0012005267,NVSEF.US,69.3499
2022-01-10,CH0012005267,NVSEF.US,70.5353
2022-01-12,CH0012005267,NVSEF.US,70.1537
2022-01-14,CH0012005267,NVSEF.US,71.0377
2022-01-18,CH0012005267,NVSEF.US,69.6482
2022-01-19,CH0012005267,NVSEF.US,69.5539
2022-01-24,CH0012005267,NVSEF.US,65.7858
2022-01-26,CH0012005267,NVSEF.US,65.9429
2022-01-27,CH0012005267,NVSEF.US,67.0812
2022-01-31,CH0012005267,NVSEF.US,67.3245
2022-02-01,CH0012005267,NVSEF.US,68.6277
2022-02-02,CH0012005267,NVSEF.US,67.14
2022-02-03,CH0012005267,NVSEF.US,66.8613
2022-02-07,CH0012005267,NVSEF.US,67.929
2022-02-08,CH0012005267,NVSEF.US,68.1684
2022-02-09,CH0012005267,NVSEF.US,68.453
2022-02-10,CH0012005267,NVSEF.US,67.8269
2022-02-11,CH0012005267,NVSEF.US,67.8269
2022-02-16,CH0012005267,NVSEF.US,66.0999
2022-02-18,CH0012005267,NVSEF.US,65.3541
2022-02-23,CH0012005267,NVSEF.US,67.611
2022-02-28,CH0012005267,NVSEF.US,67.1361
2022-03-01,CH0012005267,NVSEF.US,67.9839
2022-03-02,CH0012005267,NVSEF.US,68.9259
2022-03-03,CH0012005267,NVSEF.US,66.8064
2022-03-04,CH0012005267,NVSEF.US,64.5769
2022-03-07,CH0012005267,NVSEF.US,64.412
2022-03-09,CH0012005267,NVSEF.US,66.2936
2022-03-10,CH0012005267,NVSEF.US,68.708
2022-03-14,CH0012005267,NVSEF.US,66.4573
2022-03-16,CH0012005267,NVSEF.US,67.955
2022-03-18,CH0012005267,NVSEF.US,68.708
2022-03-21,CH0012005267,NVSEF.US,71.247
2022-03-24,CH0012005267,NVSEF.US,69.4201
2022-03-28,CH0012005267,NVSEF.US,69.7311
2022-03-31,CH0012005267,NVSEF.US,71.4187
2022-04-04,CH0012005267,NVSEF.US,72.5724
2022-04-06,CH0012005267,NVSEF.US,72.8821
2022-04-07,CH0012005267,NVSEF.US,73.4959
2022-04-08,CH0012005267,NVSEF.US,74.7685
2022-04-11,CH0012005267,NOVN.SW,70.8606
2022-04-12,CH0012005267,NVSEF.US,75.0509
2022-04-13,CH0012005267,NVSEF.US,74.7646
2022-04-18,CH0012005267,NVSEF.US,74.6417
2022-04-20,CH0012005267,NVSEF.US,73.9133
2022-04-21,CH0012005267,NVSEF.US,74.3961
2022-04-26,CH0012005267,NVSEF.US,74.1916
2022-04-28,CH0012005267,NVSEF.US,73.8641
2022-04-29,CH0012005267,NVSEF.US,72.3664
2022-05-02,CH0012005267,NOVN.SW,71.1473
2022-05-04,CH0012005267,NVSEF.US,71.1879
2022-05-09,CH0012005267,NVSEF.US,68.7898
2022-05-11,CH0012005267,NVSEF.US,69.2809
2022-05-12,CH0012005267,NVSEF.US,69.4692
2022-05-13,CH0012005267,NVSEF.US,70.8114
2022-05-17,CH0012005267,NVSEF.US,71.2043
2022-05-19,CH0012005267,NVSEF.US,69.8948
2022-05-23,CH0012005267,NVSEF.US,73.7823
2022-05-24,CH0012005267,NVSEF.US,73.9051
2022-05-25,CH0012005267,NVSEF.US,74.5598
2022-05-27,CH0012005267,NVSEF.US,74.6212
2022-05-31,CH0012005267,NVSEF.US,73.8232
2022-06-01,CH0012005267,NVSEF.US,73.3301
2022-06-02,CH0012005267,NVSEF.US,73.1051
2022-06-06,CH0012005267,NVSEF.US,73.8232
2022-06-07,CH0012005267,NVSEF.US,72.3501
2022-06-09,CH0012005267,NVSEF.US,71.6135
2022-06-10,CH0012005267,NVSEF.US,67.7668
2022-06-14,CH0012005267,NVSEF.US,66.1954
2022-06-17,CH0012005267,NVSEF.US,64.5339
2022-06-21,CH0012005267,NVSEF.US,64.493
2022-06-24,CH0012005267,NVSEF.US,68.7571
2022-06-28,CH0012005267,NVSEF.US,69.4446
2022-07-01,CH0012005267,NOVN.SW,66.9289
2022-07-05,CH0012005267,NVSEF.US,66.2936
2022-07-13,CH0012005267,NVSEF.US,68.0123
2022-07-14,CH0012005267,NVSEF.US,67.2757
2022-07-15,CH0012005267,NVSEF.US,69.1827
2022-07-18,CH0012005267,NVSEF.US,67.7832
2022-07-19,CH0012005267,NVSEF.US,70.1812
2022-07-20,CH0012005267,NVSEF.US,69.6001
2022-07-22,CH0012005267,NVSEF.US,68.2988
2022-07-25,CH0012005267,NVSEF.US,70.4677
2022-07-28,CH0012005267,NVSEF.US,72.0473
2022-08-01,CH0012005267,NVSEF.US,73.455
2022-08-02,CH0012005267,NVSEF.US,71.5316
2022-08-04,CH0012005267,NVSEF.US,69.3219
2022-08-11,CH0012005267,NVSEF.US,68.5427
2022-08-12,CH0012005267,NVSEF.US,69.5755
2022-08-17,CH0012005267,NVSEF.US,69.6492
2022-08-29,CH0012005267,NVSEF.US,70.795
2022-09-01,CH0012005267,NOVN.SW,61.8669
2022-09-06,CH0012005267,NVSEF.US,62.5288
2022-09-07,CH0012005267,NVSEF.US,65.4752
2022-09-08,CH0012005267,NVSEF.US,64.5421
2022-09-14,CH0012005267,NVSEF.US,66.2118
2022-09-19,CH0012005267,NVSEF.US,62.3242
2022-09-20,CH0012005267,NVSEF.US,63.5436
2022-09-21,CH0012005267,NVSEF.US,62.8889
2022-09-22,CH0012005267,NVSEF.US,61.7922
2022-09-23,CH0012005267,NVSEF.US,61.958
2022-09-27,CH0012005267,NVSEF.US,59.7461
2022-09-28,CH0012005267,NVSEF.US,60.8739
2022-09-29,CH0012005267,NVSEF.US,62.0099
2022-10-03,CH0012005267,NOVN.SW,66.2654
2022-10-04,CH0012005267,NVSEF.US,66.2936
2022-10-05,CH0012005267,NVSEF.US,63.3472
2022-10-06,CH0012005267,NVSEF.US,64.4193
2022-10-07,CH0012005267,NVSEF.US,61.6612
2022-10-12,CH0012005267,NVSEF.US,61.5548
2022-10-13,CH0012005267,NVSEF.US,59.9016
2022-10-18,CH0012005267,NVSEF.US,61.8822
2022-10-19,CH0012005267,NVSEF.US,60.6545
2022-10-21,CH0012005267,NVSEF.US,60.7446
2022-10-26,CH0012005267,NVSEF.US,63.2163
2022-10-27,CH0012005267,NVSEF.US,63.9038
2022-10-28,CH0012005267,NVSEF.US,63.9365
2022-10-31,CH0012005267,NVSEF.US,64.092
2022-11-01,CH0012005267,NVSEF.US,64.8188
2022-11-04,CH0012005267,NVSEF.US,66.2936
2022-11-10,CH0012005267,NVSEF.US,67.6359
2022-11-11,CH0012005267,NVSEF.US,68.1802
2022-11-15,CH0012005267,NVSEF.US,68.8553
2022-11-16,CH0012005267,NVSEF.US,67.1366
2022-11-25,CH0012005267,NVSEF.US,71.2043
2022-11-28,CH0012005267,NVSEF.US,71.4498
2022-11-30,CH0012005267,NVSEF.US,72.7593
2022-12-01,CH0012005267,NVSEF.US,73.3076
2022-12-05,CH0012005267,NVSEF.US,73.8396
2022-12-06,CH0012005267,NVSEF.US,72.4155
2022-12-07,CH0012005267,NVSEF.US,74.478
2022-12-08,CH0012005267,NVSEF.US,74.478
2022-12-09,CH0012005267,NVSEF.US,75.1819
2022-12-12,CH0012005267,NVSEF.US,73.4959
2022-12-13,CH0012005267,NVSEF.US,74.478
2022-12-14,CH0012005267,NVSEF.US,74.4043
2022-12-20,CH0012005267,NVSEF.US,73.6596
2022-12-21,CH0012005267,NVSEF.US,75.1327
2022-12-22,CH0012005267,NVSEF.US,72.3746
2022-12-27,CH0012005267,NVSEF.US,72.7593
2022-12-29,CH0012005267,NVSEF.US,75.1737
2023-01-03,CH0012005267,NOVN.SW,67.5432
2023-01-04,CH0012005267,NVSEF.US,75.0223
2023-01-06,CH0012005267,NVSEF.US,73.6677
2023-01-09,CH0012005267,NVSEF.US,74.0279
2023-01-12,CH0012005267,NVSEF.US,73.9378
2023-01-17,CH0012005267,NVSEF.US,74.8463
2023-01-18,CH0012005267,NVSEF.US,74.8873
2023-01-24,CH0012005267,NVSEF.US,74.478
2023-01-26,CH0012005267,NVSEF.US,73.6596
2023-01-30,CH0012005267,NVSEF.US,73.6596
2023-01-31,CH0012005267,NVSEF.US,72.2683
2023-02-01,CH0012005267,NVSEF.US,71.6707
2023-02-02,CH0012005267,NVSEF.US,70.4472
2023-02-03,CH0012005267,NVSEF.US,70.0666
2023-02-06,CH0012005267,NVSEF.US,67.7096
2023-02-07,CH0012005267,NVSEF.US,69.2482
2023-02-13,CH0012005267,NVSEF.US,71.3884
2023-02-14,CH0012005267,NVSEF.US,71.6339
2023-02-15,CH0012005267,NVSEF.US,71.8589
2023-02-27,CH0012005267,NVSEF.US,70.3858
2023-02-28,CH0012005267,NVSEF.US,68.4625
2023-03-01,CH0012005267,NVSEF.US,67.5703
2023-03-03,CH0012005267,NVSEF.US,68.176
2023-03-06,CH0012005267,NVSEF.US,69.5673
2023-03-07,CH0012005267,NVSEF.US,67.2348
2023-03-08,CH0012005267,NVSEF.US,68.8799
2023-03-09,CH0012005267,NVSEF.US,68.5702
2023-03-13,CH0012005267,NVSEF.US,69.7251
2023-03-14,CH0012005267,NVSEF.US,69.5972
2023-03-15,CH0012005267,NVSEF.US,68.8722
2023-03-16,CH0012005267,NVSEF.US,70.1835
2023-03-17,CH0012005267,NVSEF.US,70.0663
2023-03-21,CH0012005267,NVSEF.US,70.5694
2023-03-28,CH0012005267,NVSEF.US,75.4823
2023-03-29,CH0012005267,NVSEF.US,76.1219
2023-03-30,CH0012005267,NVSEF.US,76.8896
2023-03-31,CH0012005267,NVSEF.US,77.7851
2023-04-03,CH0012005267,NVSEF.US,78.5129
2023-04-04,CH0012005267,NVSEF.US,79.0615
2023-04-05,CH0012005267,NVSEF.US,81.0688
2023-04-10,CH0012005267,NVSEF.US,81.2394
2023-04-12,CH0012005267,NVSEF.US,82.1349
2023-04-13,CH0012005267,NVSEF.US,83.5848
2023-04-17,CH0012005267,NVSEF.US,83.5848
2023-04-20,CH0012005267,NVSEF.US,84.0966
2023-04-21,CH0012005267,NVSEF.US,85.2906
2023-04-25,CH0012005267,NVSEF.US,89.0434
2023-04-26,CH0012005267,NVSEF.US,89.0434
2023-04-27,CH0012005267,NVSEF.US,87.1709
2023-05-02,CH0012005267,NVSEF.US,86.9965
2023-05-03,CH0012005267,NVSEF.US,85.2906
2023-05-08,CH0012005267,NVSEF.US,90.8346
2023-05-09,CH0012005267,NVSEF.US,89.1287
2023-05-10,CH0012005267,NVSEF.US,88.0199
2023-05-11,CH0012005267,NVSEF.US,88.8302
2023-05-15,CH0012005267,NVSEF.US,87.8493
2023-05-22,CH0012005267,NVSEF.US,86.4591
2023-05-23,CH0012005267,NVSEF.US,84.8728
2023-05-24,CH0012005267,NVSEF.US,84.0113
2023-05-25,CH0012005267,NVSEF.US,83.6019
2023-05-26,CH0012005267,NVSEF.US,83.6189
2023-05-31,CH0012005267,NVSEF.US,81.0901
2023-06-01,CH0012005267,NVSEF.US,82.8957
2023-06-02,CH0012005267,NVSEF.US,83.7128
2023-06-06,CH0012005267,NVSEF.US,84.3098
2023-06-07,CH0012005267,NVSEF.US,83.8833
2023-06-08,CH0012005267,NVSEF.US,84.4634
2023-06-09,CH0012005267,NVSEF.US,85.9815
2023-06-14,CH0012005267,NVSEF.US,86.1435
2023-06-16,CH0012005267,NVSEF.US,86.9101
2023-06-20,CH0012005267,NVSEF.US,86.9282
2023-06-22,CH0012005267,NVSEF.US,85.6829
2023-06-26,CH0012005267,NVSEF.US,84.0821
2023-06-28,CH0012005267,NVSEF.US,84.4207
2023-06-30,CH0012005267,NVSEF.US,81.4782
2023-07-03,CH0012005267,NOVN.SW,77.9438
2023-07-06,CH0012005267,NVSEF.US,83.0646
2023-07-12,CH0012005267,NVSEF.US,82.7319
2023-07-13,CH0012005267,NVSEF.US,83.6957
2023-07-14,CH0012005267,NVSEF.US,83.0646
2023-07-18,CH0012005267,NVSEF.US,88.8835
2023-07-19,CH0012005267,NVSEF.US,87.1329
2023-07-20,CH0012005267,NVSEF.US,87.8886
2023-07-21,CH0012005267,NVSEF.US,88.7619
2023-07-27,CH0012005267,NVSEF.US,88.8814
2023-07-28,CH0012005267,NVSEF.US,88.0626
2023-07-31,CH0012005267,NVSEF.US,87.0818
2023-08-01,CH0012005267,NVSEF.US,90.4507
2023-08-02,CH0012005267,NOVN.SW,76.4375
2023-08-08,CH0012005267,NVSEF.US,84.958
2023-08-09,CH0012005267,NVSEF.US,86.3568
2023-08-10,CH0012005267,NVSEF.US,88.4166
2023-08-11,CH0012005267,NVSEF.US,89.1287
2023-08-14,CH0012005267,NVSEF.US,88.4379
2023-08-16,CH0012005267,NVSEF.US,87.8493
2023-08-21,CH0012005267,NVSEF.US,86.2801
2023-08-22,CH0012005267,NVSEF.US,85.1371
2023-08-28,CH0012005267,NVSEF.US,86.7491
2023-09-01,CH0012005267,NVSEF.US,84.4378
2023-09-05,CH0012005267,NVSEF.US,84.3985
2023-09-06,CH0012005267,NVSEF.US,84.8642
2023-09-11,CH0012005267,NVSEF.US,82.0496
2023-09-13,CH0012005267,NVSEF.US,85.1712
2023-09-14,CH0012005267,NVSEF.US,86.7406
2023-09-15,CH0012005267,NVSEF.US,87.4229
2023-09-18,CH0012005267,NVSEF.US,86.234
2023-09-19,CH0012005267,NVSEF.US,84.6595
2023-09-22,CH0012005267,NVSEF.US,84.8215
2023-09-25,CH0012005267,NVSEF.US,87.9773
2023-09-26,CH0012005267,NVSEF.US,85.7171
2023-09-27,CH0012005267,NVSEF.US,87.4229
2023-10-02,CH0012005267,NOVN.SW,76.3406
2023-10-03,CH0012005267,NVSEF.US,84.2501
2023-10-04,CH0012005267,NVSEF.US,87.1922
2023-10-06,CH0012005267,NVSEF.US,86.1124
2023-10-10,CH0012005267,NVSEF.US,88.4744
2023-10-11,CH0012005267,NVSEF.US,88.29
2023-10-12,CH0012005267,NVSEF.US,88.1055
2023-10-19,CH0012005267,NVSEF.US,84.0428
2023-10-24,CH0012005267,NVSEF.US,85.6535
2023-10-27,CH0012005267,NVSEF.US,82.5042
2023-10-31,CH0012005267,NVSEF.US,81.8113
2023-11-01,CH0012005267,NVSEF.US,83.9079
2023-11-03,CH0012005267,NVSEF.US,84.5827
2023-11-08,CH0012005267,NVSEF.US,84.9876
2023-11-10,CH0012005267,NVSEF.US,82.5527
2023-11-13,CH0012005267,NVSEF.US,82.5581
2023-11-14,CH0012005267,NVSEF.US,85.4825
2023-11-15,CH0012005267,NVSEF.US,83.323
2023-11-17,CH0012005267,NVSEF.US,83.8809
2023-11-22,CH0012005267,NVSEF.US,89.7027
2023-11-28,CH0012005267,NVSEF.US,86.8503
2023-12-01,CH0012005267,NVSEF.US,88.137
2023-12-05,CH0012005267,NVSEF.US,87.1652
2023-12-08,CH0012005267,NVSEF.US,86.3824
2023-12-12,CH0012005267,NVSEF.US,88.182
2023-12-15,CH0012005267,NVSEF.US,88.182
2023-12-18,CH0012005267,NVSEF.US,87.1922
2023-12-19,CH0012005267,NVSEF.US,86.8323
2023-12-20,CH0012005267,NVSEF.US,87.5251
2023-12-22,CH0012005267,NVSEF.US,88.9019
2023-12-26,CH0012005267,NVSEF.US,88.4519
2023-12-28,CH0012005267,NVSEF.US,89.9816
2024-01-02,CH0012005267,NVSEF.US,90.85
2024-01-03,CH0012005267,NOVN.SW,80.7292
2024-01-04,CH0012005267,NVSEF.US,94.4807
2024-01-05,CH0012005267,NVSEF.US,95.6055
2024-01-09,CH0012005267,NVSEF.US,95.3805
2024-01-10,CH0012005267,NVSEF.US,96.4603
2024-01-16,CH0012005267,NVSEF.US,96.4603
2024-01-18,CH0012005267,NVSEF.US,96.4603
2024-01-19,CH0012005267,NVSEF.US,96.2803
2024-01-22,CH0012005267,NVSEF.US,97.6301
2024-01-23,CH0012005267,NVSEF.US,98.08
2024-01-25,CH0012005267,NVSEF.US,94.4807
2024-02-01,CH0012005267,NOVN.SW,80.8105
2024-02-05,CH0012005267,NVSEF.US,93.3559
2024-02-06,CH0012005267,NVSEF.US,92.5686
2024-02-07,CH0012005267,NVSEF.US,92.9474
2024-02-09,CH0012005267,NVSEF.US,90.6565
2024-02-14,CH0012005267,NVSEF.US,87.8221
2024-02-15,CH0012005267,NVSEF.US,89.5317
2024-02-16,CH0012005267,NVSEF.US,90.0716
2024-02-20,CH0012005267,NVSEF.US,91.7183
2024-02-22,CH0012005267,NVSEF.US,92.5641
2024-02-23,CH0012005267,NVSEF.US,93.4459
2024-02-26,CH0012005267,NVSEF.US,94.4807
2024-02-29,CH0012005267,NVSEF.US,90.9714
2024-03-01,CH0012005267,NVSEF.US,91.7768
2024-03-11,CH0012005267,NVSEF.US,92.3513
2024-03-12,CH0012005267,NVSEF.US,91.9556
2024-03-13,CH0012005267,NVSEF.US,91.7479
2024-03-14,CH0012005267,NVSEF.US,93.5249
2024-03-19,CH0012005267,NVSEF.US,90.6256
2024-03-20,CH0012005267,NVSEF.US,87.9695
2024-03-21,CH0012005267,NVSEF.US,90.1486
2024-03-25,CH0012005267,NVSEF.US,89.4846
2024-03-28,CH0012005267,NVSEF.US,90.2608
2024-04-02,CH0012005267,NVSEF.US,88.8486
2024-04-03,CH0012005267,NVSEF.US,86.4544
2024-04-04,CH0012005267,NVSEF.US,88.7644
2024-04-09,CH0012005267,NVSEF.US,89.5033
2024-04-10,CH0012005267,NVSEF.US,88.0069
2024-04-11,CH0012005267,NVSEF.US,87.5743
2024-04-18,CH0012005267,NVSEF.US,84.3968
2024-04-22,CH0012005267,NVSEF.US,88.9515
2024-04-23,CH0012005267,NVSEF.US,89.7839
2024-04-30,CH0012005267,NVSEF.US,90.7191
2024-05-02,CH0012005267,NOVN.SW,87.2972
2024-05-03,CH0012005267,NVSEF.US,88.6054
2024-05-06,CH0012005267,NVSEF.US,89.0637
2024-05-07,CH0012005267,NVSEF.US,90.0364
2024-05-08,CH0012005267,NVSEF.US,93.0946
2024-05-09,CH0012005267,NVSEF.US,90.4198
2024-05-10,CH0012005267,NVSEF.US,95.386
2024-05-13,CH0012005267,NVSEF.US,95.3954
2024-05-15,CH0012005267,NVSEF.US,94.1047
2024-05-17,CH0012005267,NVSEF.US,95.5263
2024-05-20,CH0012005267,NVSEF.US,91.7385
2024-05-21,CH0012005267,NVSEF.US,93.5249
2024-05-22,CH0012005267,NVSEF.US,96.3306
2024-05-23,CH0012005267,NVSEF.US,91.6637
2024-05-28,CH0012005267,NVSEF.US,91.6544
2024-05-29,CH0012005267,NVSEF.US,91.6544
2024-05-30,CH0012005267,NVSEF.US,93.0404
2024-05-31,CH0012005267,NVSEF.US,91.6263
2024-06-03,CH0012005267,NVSEF.US,93.5249
2024-06-04,CH0012005267,NVSEF.US,95.3954
2024-06-05,CH0012005267,NVSEF.US,95.3954
2024-06-12,CH0012005267,NVSEF.US,94.7313
2024-06-17,CH0012005267,NVSEF.US,97.3453
2024-06-20,CH0012005267,NVSEF.US,95.7975
2024-06-24,CH0012005267,NVSEF.US,99.6133
2024-06-26,CH0012005267,NVSEF.US,96.0407
2024-06-28,CH0012005267,NVSEF.US,97.2658
2024-07-01,CH0012005267,NOVN.SW,92.3662
2024-07-02,CH0012005267,NVSEF.US,99.9781
2024-07-03,CH0012005267,NVSEF.US,99.1784
2024-07-09,CH0012005267,NVSEF.US,100.8787
2024-07-10,CH0012005267,NVSEF.US,100.4027
2024-07-11,CH0012005267,NVSEF.US,98.3601
2024-07-16,CH0012005267,NVSEF.US,102.464
2024-07-17,CH0012005267,NVSEF.US,102.8773
2024-07-19,CH0012005267,NVSEF.US,96.3305
2024-07-22,CH0012005267,NVSEF.US,96.4615
2024-07-25,CH0012005267,NVSEF.US,102.7838
2024-07-26,CH0012005267,NVSEF.US,100.0473
2024-07-29,CH0012005267,NVSEF.US,99.9687
2024-07-30,CH0012005267,NVSEF.US,103.9641
2024-08-02,CH0012005267,NVSEF.US,100.3989
2024-08-08,CH0012005267,NVSEF.US,98.622
2024-08-09,CH0012005267,NVSEF.US,104.1437
2024-08-12,CH0012005267,NVSEF.US,104.4579
2024-08-15,CH0012005267,NVSEF.US,105.0398
2024-08-16,CH0012005267,NVSEF.US,105.6831
2024-08-20,CH0012005267,NVSEF.US,111.2946
2024-08-26,CH0012005267,NVSEF.US,109.1136
2024-08-27,CH0012005267,NVSEF.US,108.0212
2024-08-29,CH0012005267,NVSEF.US,108.5356
2024-09-02,CH0012005267,NOVN.SW,91.0263
2024-09-03,CH0012005267,NVSEF.US,114.5586
2024-09-04,CH0012005267,NVSEF.US,111.2946
2024-09-05,CH0012005267,NVSEF.US,108.7226
2024-09-09,CH0012005267,NVSEF.US,109.4241
2024-09-11,CH0012005267,NVSEF.US,107.114
2024-09-12,CH0012005267,NVSEF.US,103.0457
2024-09-19,CH0012005267,NVSEF.US,106.6043
2024-09-23,CH0012005267,NVSEF.US,109.4651
2024-09-25,CH0012005267,NVSEF.US,107.1561
2024-09-26,CH0012005267,NVSEF.US,103.186
2024-10-01,CH0012005267,NOVN.SW,87.8875
2024-10-02,CH0012005267,NVSEF.US,106.3471
2024-10-03,CH0012005267,NVSEF.US,102.5968
2024-10-08,CH0012005267,NVSEF.US,103.6442
2024-10-10,CH0012005267,NVSEF.US,102.7838
2024-10-11,CH0012005267,NVSEF.US,108.2083
2024-10-14,CH0012005267,NVSEF.US,103.6068
2024-10-21,CH0012005267,NVSEF.US,104.7478
2024-10-25,CH0012005267,NVSEF.US,101.1752
2024-10-29,CH0012005267,NVSEF.US,102.5032
2024-10-30,CH0012005267,NVSEF.US,102.1853
2024-11-01,CH0012005267,NVSEF.US,99.282
2024-11-06,CH0012005267,NVSEF.US,104.8414
2024-11-07,CH0012005267,NVSEF.US,98.9119
2024-11-11,CH0012005267,NVSEF.US,99.1036
2024-11-12,CH0012005267,NVSEF.US,98.1543
2024-11-14,CH0012005267,NVSEF.US,97.2658
2024-11-19,CH0012005267,NVSEF.US,98.2011
2024-11-20,CH0012005267,NVSEF.US,91.8882
2024-11-22,CH0012005267,NVSEF.US,97.2658
2024-11-25,CH0012005267,NVSEF.US,93.5249
2024-11-26,CH0012005267,NVSEF.US,95.7928
2024-11-27,CH0012005267,NVSEF.US,96.05
2024-12-02,CH0012005267,NVSEF.US,94.1141
2024-12-03,CH0012005267,NVSEF.US,97.9953
2024-12-04,CH0012005267,NVSEF.US,93.5249
2024-12-05,CH0012005267,NVSEF.US,96.2184
2024-12-09,CH0012005267,NVSEF.US,92.3558
2024-12-11,CH0012005267,NVSEF.US,92.3755
2024-12-16,CH0012005267,NVSEF.US,91.125
2024-12-18,CH0012005267,NVSEF.US,92.2763
2024-12-19,CH0012005267,NVSEF.US,89.1385
2024-12-20,CH0012005267,NVSEF.US,88.5643
2024-12-23,CH0012005267,NVSEF.US,89.3069
2024-12-24,CH0012005267,NVSEF.US,91.4683
2024-12-27,CH0012005267,NVSEF.US,89.9054
2024-12-30,CH0012005267,NVSEF.US,89.8774
2025-01-02,CH0012005267,NVSEF.US,90.6499
2025-01-03,CH0012005267,NVSEF.US,90.085
2025-01-06,CH0012005267,NVSEF.US,90.2141
2025-01-07,CH0012005267,NVSEF.US,94.9745
2025-01-08,CH0012005267,NVSEF.US,91.0464
2025-01-10,CH0012005267,NVSEF.US,92.8141
2025-01-15,CH0012005267,NVSEF.US,92.7299
2025-01-16,CH0012005267,NVSEF.US,92.5896
2025-01-17,CH0012005267,NVSEF.US,91.4029
2025-01-21,CH0012005267,NVSEF.US,93.4051
2025-01-23,CH0012005267,NVSEF.US,92.8015
2025-01-24,CH0012005267,NVSEF.US,93.5249
2025-01-27,CH0012005267,NVSEF.US,95.3954
2025-01-28,CH0012005267,NVSEF.US,96.0033
2025-01-29,CH0012005267,NVSEF.US,96.2371
2025-01-30,CH0012005267,NVSEF.US,94.7033
2025-02-03,CH0012005267,NVSEF.US,97.965
2025-02-05,CH0012005267,NVSEF.US,99.3739
2025-02-07,CH0012005267,NVSEF.US,97.4978
2025-02-10,CH0012005267,NVSEF.US,95.5263
2025-02-11,CH0012005267,NVSEF.US,99.6133
2025-02-12,CH0012005267,NVSEF.US,96.3306
2025-02-13,CH0012005267,NVSEF.US,100.932
2025-02-19,CH0012005267,NVSEF.US,99.8378
2025-02-20,CH0012005267,NVSEF.US,99.1363
2025-02-25,CH0012005267,NVSEF.US,103.9622
2025-02-27,CH0012005267,NVSEF.US,103.0924
2025-03-03,CH0012005267,NOVN.SW,94.9509
2025-03-04,CH0012005267,NVSEF.US,105.5428
2025-03-05,CH0012005267,NVSEF.US,104.7899
2025-03-10,CH0012005267,NVSEF.US,112.0895
2025-03-12,CH0012005267,NVSEF.US,105.6789
2025-03-14,CH0012005267,NVSEF.US,105.6789
2025-03-17,CH0012005267,NVSEF.US,107.6131
2025-03-19,CH0012005267,NVSEF.US,103.3617
2025-03-20,CH0012005267,NVSEF.US,104.5736
2025-03-21,CH0012005267,NVSEF.US,113.0473
2025-03-26,CH0012005267,NVSEF.US,104.273
2025-03-28,CH0012005267,NVSEF.US,103.9337
2025-03-31,CH0012005267,NVSEF.US,106.6193
2025-04-01,CH0012005267,NVSEF.US,108.0397
2025-04-02,CH0012005267,NVSEF.US,106.3381
2025-04-03,CH0012005267,NVSEF.US,109.8769
2025-04-04,CH0012005267,NVSEF.US,101.4808
2025-04-07,CH0012005267,NVSEF.US,101.4711
2025-04-08,CH0012005267,NVSEF.US,101.8007
2025-04-09,CH0012005267,NVSEF.US,95.2564
2025-04-10,CH0012005267,NVSEF.US,99.3284
2025-04-11,CH0012005267,NVSEF.US,100.9728
2025-04-22,CH0012005267,NVSEF.US,107.9573
2025-04-24,CH0012005267,NVSEF.US,108.0154
2025-04-29,CH0012005267,NVSEF.US,111.101
2025-05-02,CH0012005267,NVSEF.US,110.9095
2025-05-05,CH0012005267,NVSEF.US,107.6664
2025-05-06,CH0012005267,NVSEF.US,107.6664
2025-05-07,CH0012005267,NVSEF.US,106.6523
2025-05-08,CH0012005267,NVSEF.US,101.9462
2025-05-09,CH0012005267,NVSEF.US,104.2633
2025-05-12,CH0012005267,NVSEF.US,105.8578
2025-05-13,CH0012005267,NVSEF.US,106.7817
2025-05-14,CH0012005267,NVSEF.US,103.255
2025-05-20,CH0012005267,NVSEF.US,104.4902
2025-05-21,CH0012005267,NVSEF.US,106.4545
2025-05-27,CH0012005267,NVSEF.US,107.5694
2025-05-28,CH0012005267,NVSEF.US,108.8686
2025-05-29,CH0012005267,NVSEF.US,106.8908
2025-06-02,CH0012005267,NVSEF.US,110.9386
2025-06-03,CH0012005267,NVSEF.US,112.1941
2025-06-04,CH0012005267,NVSEF.US,111.8087
2025-06-06,CH0012005267,NVSEF.US,114.012
2025-06-11,CH0012005267,NVSEF.US,114.4046
2025-06-13,CH0012005267,NVSEF.US,115.5491
2025-06-18,CH0012005267,NVSEF.US,112.5892
2025-06-24,CH0012005267,NVSEF.US,111.6221
2025-06-27,CH0012005267,NVSEF.US,116.3437
2025-07-01,CH0012005267,NVSEF.US,122.4905
2025-07-03,CH0012005267,NVSEF.US,117.8901
2025-07-08,CH0012005267,NVSEF.US,117.3132
2025-07-09,CH0012005267,NVSEF.US,117.8513
2025-07-14,CH0012005267,NVSEF.US,116.8285
2025-07-15,CH0012005267,NVSEF.US,115.0445
2025-07-18,CH0012005267,NVSEF.US,115.0833
2025-07-22,CH0012005267,NVSEF.US,111.0287
2025-07-24,CH0012005267,NVSEF.US,111.7384
2025-07-25,CH0012005267,NVSEF.US,111.9808
2025-07-29,CH0012005267,NVSEF.US,113.9949
2025-07-30,CH0012005267,NVSEF.US,112.9503
2025-07-31,CH0012005267,NVSEF.US,112.4656
2025-08-04,CH0012005267,NVSEF.US,107.9863
2025-08-05,CH0012005267,NVSEF.US,109.0092
2025-08-06,CH0012005267,NVSEF.US,110.5362
2025-08-08,CH0012005267,NVSEF.US,111.1179
2025-08-11,CH0012005267,NVSEF.US,111.9808
2025-08-15,CH0012005267,NVSEF.US,117.0999
2025-08-20,CH0012005267,NVSEF.US,122.4566
2025-08-21,CH0012005267,NVSEF.US,122.9287
2025-08-25,CH0012005267,NVSEF.US,118.1955
2025-08-29,CH0012005267,NVSEF.US,126.7371
2025-09-01,CH0012005267,NOVN.SW,97.1635
2025-09-03,CH0012005267,NVSEF.US,126.2814
2025-09-08,CH0012005267,NVSEF.US,123.7364
2025-09-10,CH0012005267,NVSEF.US,121.4386
2025-09-11,CH0012005267,NVSEF.US,122.4033
2025-09-15,CH0012005267,NVSEF.US,118.8451
2025-09-16,CH0012005267,NVSEF.US,119.9925
2025-09-18,CH0012005267,NVSEF.US,118.6555
2025-09-22,CH0012005267,NVSEF.US,120.0037
2025-09-23,CH0012005267,NVSEF.US,117.99
2025-09-24,CH0012005267,NVSEF.US,119.9251
2025-09-26,CH0012005267,NVSEF.US,120.2218
2025-09-29,CH0012005267,NVSEF.US,120.7938
2025-09-30,CH0012005267,NVSEF.US,119.7807
2025-10-01,CH0012005267,NVSEF.US,122.0058
2025-10-03,CH0012005267,NVSEF.US,124.0612
2025-10-06,CH0012005267,NVSEF.US,128.3756
2025-10-07,CH0012005267,NVSEF.US,124.8436
2025-10-08,CH0012005267,NVSEF.US,123.2274
2025-10-09,CH0012005267,NVSEF.US,126.039
2025-10-14,CH0012005267,NVSEF.US,127.4693
2025-10-20,CH0012005267,NVSEF.US,126.8631
2025-10-22,CH0012005267,NVSEF.US,132.3119
2025-10-24,CH0012005267,NVSEF.US,122.0155
2025-10-27,CH0012005267,NVSEF.US,123.9186
2025-11-03,CH0012005267,NVSEF.US,116.3437
2025-11-07,CH0012005267,NVSEF.US,116.4116
2025-11-10,CH0012005267,NVSEF.US,122.4711
2025-11-12,CH0012005267,NVSEF.US,123.2274
2025-11-13,CH0012005267,NVSEF.US,129.4033
2025-11-14,CH0012005267,NVSEF.US,122.7911
2025-11-17,CH0012005267,NVSEF.US,128.5695
2025-11-18,CH0012005267,NVSEF.US,123.2565
2025-11-19,CH0012005267,NVSEF.US,119.9251
2025-11-21,CH0012005267,NVSEF.US,123.2336
2025-11-24,CH0012005267,NVSEF.US,121.2059
2025-11-25,CH0012005267,NVSEF.US,125.5542
2025-11-26,CH0012005267,NVSEF.US,128.7198
2025-11-28,CH0012005267,NVSEF.US,128.2641
2025-12-01,CH0012005267,NVSEF.US,126.1553
2025-12-02,CH0012005267,NVSEF.US,122.4614
2025-12-04,CH0012005267,NVSEF.US,122.762
2025-12-11,CH0012005267,NVSEF.US,123.5182
2025-12-16,CH0012005267,NVSEF.US,134.5733
2025-12-17,CH0012005267,NVSEF.US,126.931
2025-12-18,CH0012005267,NVSEF.US,125.6512
2025-12-22,CH0012005267,NVSEF.US,126.8631
2025-12-23,CH0012005267,NVSEF.US,129.6747
2025-12-24,CH0012005267,NVSEF.US,134.6387
2025-12-26,CH0012005267,NVSEF.US,134.2613
2025-12-30,CH0012005267,NVSEF.US,134.2218
2025-12-31,CH0012005267,NVSEF.US,133.7953
2026-01-05,CH0012005267,NOVN.SW,111.2354
2026-01-06,CH0012005267,NVSEF.US,137.2807
2026-01-07,CH0012005267,NVSEF.US,131.9531
2026-01-08,CH0012005267,NVSEF.US,138.5058
2026-01-09,CH0012005267,NVSEF.US,134.1346
2026-01-13,CH0012005267,NVSEF.US,133.4608
2026-01-15,CH0012005267,NVSEF.US,142.6083
2026-01-16,CH0012005267,NVSEF.US,135.9457
2026-01-21,CH0012005267,NVSEF.US,139.1277
2026-01-22,CH0012005267,NVSEF.US,144.7025
2026-01-23,CH0012005267,NVSEF.US,147.2233
2026-01-26,CH0012005267,NVSEF.US,150.1318
2026-01-27,CH0012005267,NVSEF.US,147.3687
2026-01-28,CH0012005267,NVSEF.US,137.654
2026-01-29,CH0012005267,NVSEF.US,137.7122
2026-01-30,CH0012005267,NVSEF.US,147.3512
2026-02-02,CH0012005267,NVSEF.US,143.3282
2026-02-03,CH0012005267,NVSEF.US,148.1564
2026-02-04,CH0012005267,NVSEF.US,148.1152
2026-02-09,CH0012005267,NVSEF.US,154.2839
2026-02-11,CH0012005267,NVSEF.US,153.6803
2026-02-12,CH0012005267,NVSEF.US,153.1859
2026-02-13,CH0012005267,NVSEF.US,156.5792
2026-02-19,CH0012005267,NVSEF.US,161.2742
2026-02-20,CH0012005267,NVSEF.US,156.7814
2026-02-23,CH0012005267,NVSEF.US,165.0141
2026-02-24,CH0012005267,NVSEF.US,160.9421
2026-02-26,CH0012005267,NVSEF.US,166.0709
2026-03-02,CH0012005267,NOVN.SW,120.86
2026-03-03,CH0012005267,NVSEF.US,163.1139
2026-03-04,CH0012005267,NVSEF.US,153.1859
2026-03-06,CH0012005267,NVSEF.US,157.8881
2026-03-09,CH0012005267,NVSEF.US,162.85
2026-03-10,CH0012005267,NVSEF.US,156.48
2026-03-11,CH0012005267,NVSEF.US,156.48
2026-03-12,CH0012005267,NVSEF.US,151.05
2026-03-13,CH0012005267,NVSEF.US,160.18
2026-03-16,CH0012005267,NVSEF.US,160.18
2026-03-17,CH0012005267,NVSEF.US,150.86
2026-03-18,CH0012005267,NVSEF.US,150.86
2026-03-19,CH0012005267,NVSEF.US,150.19
2026-03-20,CH0012005267,NVSEF.US,150.19
2026-03-23,CH0012005267,NVSEF.US,150.19
2026-03-24,CH0012005267,NVSEF.US,150.19
2026-03-25,CH0012005267,NVSEF.US,150.19
2026-03-26,CH0012005267,NVSEF.US,150.0
2026-03-27,CH0012005267,NVSEF.US,154.85
2026-03-30,CH0012005267,NVSEF.US,156.15
2026-03-31,CH0012005267,NVSEF.US,145.5
2026-04-01,CH0012005267,NVSEF.US,154.88
2026-04-02,CH0012005267,NVSEF.US,154.88
2026-04-06,CH0012005267,NVSEF.US,154.88
2026-04-07,CH0012005267,NVSEF.US,154.88
2026-04-08,CH0012005267,NVSEF.US,146.63
2026-04-09,CH0012005267,NVSEF.US,156.48
2026-04-10,CH0012005267,NVSEF.US,156.48
2026-04-13,CH0012005267,NVSEF.US,156.48
2026-04-14,CH0012005267,NVSEF.US,156.48
2026-04-15,CH0012005267,NVSEF.US,146.25
2026-04-16,CH0012005267,NVSEF.US,146.25
2026-04-17,CH0012005267,NVSEF.US,151.0
2026-04-20,CH0012005267,NVSEF.US,151.0
2026-04-21,CH0012005267,NVSEF.US,145.51
2026-04-22,CH0012005267,NVSEF.US,145.51
2026-04-23,CH0012005267,NVSEF.US,145.04
2026-04-24,CH0012005267,NVSEF.US,145.0
2020-04-27,CH0012032048,RHHVF.US,294.2108
2020-04-28,CH0012032048,RHHVF.US,299.758
2020-04-29,CH0012032048,RHHVF.US,286.2145
2020-04-30,CH0012032048,RHHVF.US,283.7079
2020-05-01,CH0012032048,RHHVF.US,280.2399
2020-05-04,CH0012032048,RHHVF.US,291.2769
2020-05-05,CH0012032048,RHHVF.US,285.7871
2020-05-06,CH0012032048,RHHVF.US,291.055
2020-05-07,CH0012032048,RHHVF.US,286.7322
2020-05-08,CH0012032048,RHHVF.US,290.7838
2020-05-11,CH0012032048,RHHVF.US,289.4442
2020-05-12,CH0012032048,RHHVF.US,295.69
2020-05-13,CH0012032048,RHHVF.US,292.1562
2020-05-14,CH0012032048,RHHVF.US,296.5776
2020-05-15,CH0012032048,RHHVF.US,298.2788
2020-05-18,CH0012032048,RHHVF.US,295.7311
2020-05-19,CH0012032048,RHHVF.US,297.3337
2020-05-20,CH0012032048,RHHVF.US,297.8268
2020-05-21,CH0012032048,RHHVF.US,291.4166
2020-05-22,CH0012032048,RHHVF.US,290.1017
2020-05-26,CH0012032048,RHHVF.US,291.7453
2020-05-27,CH0012032048,RHHVF.US,281.637
2020-05-28,CH0012032048,RHHVF.US,288.0471
2020-05-29,CH0012032048,RHHVF.US,285.0681
2020-06-01,CH0012032048,RHHVF.US,286.8144
2020-06-02,CH0012032048,RHHVF.US,283.1162
2020-06-03,CH0012032048,RHHVF.US,289.0744
2020-06-04,CH0012032048,RHHVF.US,287.4472
2020-06-05,CH0012032048,RHHVF.US,287.3568
2020-06-08,CH0012032048,RHHVF.US,279.4263
2020-06-09,CH0012032048,RHHVF.US,285.3351
2020-06-10,CH0012032048,RHHVF.US,288.869
2020-06-11,CH0012032048,RHHVF.US,279.4181
2020-06-12,CH0012032048,RHHVF.US,281.3822
2020-06-15,CH0012032048,RHHVF.US,282.6231
2020-06-16,CH0012032048,RHHVF.US,279.4263
2020-06-17,CH0012032048,RHHVF.US,294.2026
2020-06-18,CH0012032048,RHHVF.US,290.9564
2020-06-19,CH0012032048,RHHVF.US,295.0326
2020-06-22,CH0012032048,RHHVF.US,295.0326
2020-06-23,CH0012032048,RHHVF.US,295.8544
2020-06-24,CH0012032048,RHHVF.US,286.9459
2020-06-25,CH0012032048,RHHVF.US,292.978
2020-06-26,CH0012032048,RHHVF.US,288.6782
2020-06-29,CH0012032048,RHHVF.US,281.9164
2020-06-30,CH0012032048,RHHVF.US,282.7464
2020-07-01,CH0012032048,RHHVF.US,287.6362
2020-07-02,CH0012032048,RHHVF.US,290.1017
2020-07-06,CH0012032048,RHHVF.US,291.3508
2020-07-07,CH0012032048,RHHVF.US,286.8144
2020-07-08,CH0012032048,RHHVF.US,287.6362
2020-07-09,CH0012032048,RHHVF.US,289.5511
2020-07-10,CH0012032048,RHHVF.US,292.4192
2020-07-13,CH0012032048,RHHVF.US,290.4584
2020-07-14,CH0012032048,RHHVF.US,288.9758
2020-07-15,CH0012032048,RHHVF.US,289.2799
2020-07-16,CH0012032048,RHHVF.US,293.7423
2020-07-17,CH0012032048,RHHVF.US,297.6871
2020-07-20,CH0012032048,RHHVF.US,304.1548
2020-07-21,CH0012032048,RHHVF.US,297.7528
2020-07-22,CH0012032048,RHHVF.US,303.2508
2020-07-23,CH0012032048,RHHVF.US,289.2799
2020-07-24,CH0012032048,RHHVF.US,287.2171
2020-07-27,CH0012032048,RHHVF.US,287.628
2020-07-28,CH0012032048,RHHVF.US,286.8144
2020-07-29,CH0012032048,RHHVF.US,292.1562
2020-07-30,CH0012032048,RHHVF.US,290.5126
2020-07-31,CH0012032048,RHHVF.US,281.4726
2020-08-03,CH0012032048,RHHVF.US,291.2522
2020-08-04,CH0012032048,RHHVF.US,285.179
2020-08-05,CH0012032048,RHHVF.US,287.4308
2020-08-06,CH0012032048,RHHVF.US,287.4719
2020-08-07,CH0012032048,RHHVF.US,281.1028
2020-08-10,CH0012032048,RHHVF.US,283.2888
2020-08-11,CH0012032048,RHHVF.US,277.7252
2020-08-12,CH0012032048,RHHVF.US,284.4558
2020-08-13,CH0012032048,RHHVF.US,283.5107
2020-08-14,CH0012032048,RHHVF.US,278.7606
2020-08-17,CH0012032048,RHHVF.US,283.9463
2020-08-18,CH0012032048,RHHVF.US,285.9926
2020-08-19,CH0012032048,RHHVF.US,282.0479
2020-08-20,CH0012032048,RHHVF.US,292.5671
2020-08-21,CH0012032048,RHHVF.US,287.7924
2020-08-24,CH0012032048,RHHVF.US,287.8252
2020-08-25,CH0012032048,RHHVF.US,285.9926
2020-08-26,CH0012032048,RHHVF.US,291.2892
2020-08-27,CH0012032048,RHHVF.US,289.321
2020-08-28,CH0012032048,RHHVF.US,287.513
2020-08-31,CH0012032048,RHHVF.US,287.6362
2020-09-01,CH0012032048,RHHVF.US,289.6908
2020-09-02,CH0012032048,RHHVF.US,296.6762
2020-09-03,CH0012032048,RHHVF.US,285.3105
2020-09-04,CH0012032048,RHHVF.US,288.0882
2020-09-08,CH0012032048,RHHVF.US,286.9788
2020-09-09,CH0012032048,RHHVF.US,294.4162
2020-09-10,CH0012032048,RHHVF.US,294.6135
2020-09-11,CH0012032048,RHHVF.US,295.4764
2020-09-14,CH0012032048,RHHVF.US,295.8873
2020-09-15,CH0012032048,RHHVF.US,301.8208
2020-09-16,CH0012032048,RHHVF.US,300.7853
2020-09-17,CH0012032048,RHHVF.US,303.9329
2020-09-18,CH0012032048,RHHVF.US,306.3737
2020-09-21,CH0012032048,RHHVF.US,300.6949
2020-09-22,CH0012032048,RHHVF.US,300.3744
2020-09-23,CH0012032048,RHHVF.US,294.145
2020-09-24,CH0012032048,RHHVF.US,291.2194
2020-09-25,CH0012032048,RHHVF.US,296.6762
2020-09-28,CH0012032048,RHHVF.US,290.0688
2020-09-29,CH0012032048,RHHVF.US,285.3351
2020-09-30,CH0012032048,RHHVF.US,282.7053
2020-10-01,CH0012032048,RHHVF.US,280.2399
2020-10-02,CH0012032048,RHHVF.US,283.5271
2020-10-05,CH0012032048,RHHVF.US,289.1155
2020-10-06,CH0012032048,RHHVF.US,282.9272
2020-10-07,CH0012032048,RHHVF.US,282.2944
2020-10-08,CH0012032048,RHHVF.US,280.2399
2020-10-09,CH0012032048,RHHVF.US,288.458
2020-10-12,CH0012032048,RHHVF.US,288.1622
2020-10-13,CH0012032048,RHHVF.US,287.3075
2020-10-14,CH0012032048,RHHVF.US,284.7023
2020-10-15,CH0012032048,RHHVF.US,280.0755
2020-10-16,CH0012032048,RHHVF.US,281.3082
2020-10-19,CH0012032048,RHHVF.US,277.5197
2020-10-20,CH0012032048,RHHVF.US,275.8842
2020-10-21,CH0012032048,RHHVF.US,271.1999
2020-10-22,CH0012032048,RHHVF.US,270.2301
2020-10-23,CH0012032048,RHHVF.US,268.9892
2020-10-26,CH0012032048,RHHVF.US,271.2327
2020-10-27,CH0012032048,RHHVF.US,271.1999
2020-10-28,CH0012032048,RHHVF.US,263.4337
2020-10-29,CH0012032048,RHHVF.US,268.5701
2020-10-30,CH0012032048,RHHVF.US,261.8229
2020-11-02,CH0012032048,RHHVF.US,270.4356
2020-11-03,CH0012032048,RHHVF.US,275.95
2020-11-04,CH0012032048,RHHVF.US,284.349
2020-11-05,CH0012032048,RHHVF.US,286.8226
2020-11-06,CH0012032048,RHHVF.US,292.0576
2020-11-09,CH0012032048,RHHVF.US,275.4733
2020-11-10,CH0012032048,RHHVF.US,277.3635
2020-11-11,CH0012032048,RHHVF.US,277.117
2020-11-12,CH0012032048,RHHVF.US,280.7083
2020-11-13,CH0012032048,RHHVF.US,279.0071
2020-11-16,CH0012032048,RHHVF.US,279.0071
2020-11-17,CH0012032048,RHHVF.US,277.4128
2020-11-18,CH0012032048,RHHVF.US,276.3116
2020-11-19,CH0012032048,RHHVF.US,275.4733
2020-11-20,CH0012032048,RHHVF.US,273.2873
2020-11-23,CH0012032048,RHHVF.US,268.9399
2020-11-24,CH0012032048,RHHVF.US,269.4823
2020-11-25,CH0012032048,RHHVF.US,269.4823
2020-11-27,CH0012032048,RHHVF.US,272.8435
2020-11-30,CH0012032048,RHHVF.US,269.4823
2020-12-01,CH0012032048,RHHVF.US,273.1065
2020-12-02,CH0012032048,RHHVF.US,275.309
2020-12-03,CH0012032048,RHHVF.US,276.3362
2020-12-04,CH0012032048,RHHVF.US,276.9476
2020-12-07,CH0012032048,RHHVF.US,276.5417
2020-12-08,CH0012032048,RHHVF.US,280.0591
2020-12-09,CH0012032048,RHHVF.US,282.7053
2020-12-10,CH0012032048,RHHVF.US,283.5271
2020-12-11,CH0012032048,RHHVF.US,281.8835
2020-12-14,CH0012032048,RHHVF.US,286.157
2020-12-15,CH0012032048,RHHVF.US,281.1932
2020-12-16,CH0012032048,RHHVF.US,287.6362
2020-12-17,CH0012032048,RHHVF.US,283.5271
2020-12-18,CH0012032048,RHHVF.US,286.2391
2020-12-21,CH0012032048,RHHVF.US,282.9108
2020-12-22,CH0012032048,RHHVF.US,282.4095
2020-12-23,CH0012032048,RHHVF.US,277.7744
2020-12-24,CH0012032048,RHHVF.US,276.2951
2020-12-28,CH0012032048,RHHVF.US,282.7053
2020-12-29,CH0012032048,RHHVF.US,286.8144
2020-12-30,CH0012032048,RHHVF.US,286.2391
2020-12-31,CH0012032048,RHHVF.US,278.5962
2021-01-04,CH0012032048,RHHVF.US,288.0915
2021-01-05,CH0012032048,RHHVF.US,289.5091
2021-01-06,CH0012032048,RHHVF.US,281.9164
2021-01-07,CH0012032048,RHHVF.US,275.309
2021-01-08,CH0012032048,RHHVF.US,283.7326
2021-01-11,CH0012032048,RHHVF.US,287.7759
2021-01-12,CH0012032048,RHHVF.US,290.4099
2021-01-13,CH0012032048,RHHVF.US,285.2036
2021-01-14,CH0012032048,RHHVF.US,287.4719
2021-01-15,CH0012032048,RHHVF.US,288.8772
2021-01-19,CH0012032048,RHHVF.US,292.8055
2021-01-20,CH0012032048,RHHVF.US,294.9668
2021-01-21,CH0012032048,RHHVF.US,295.1723
2021-01-22,CH0012032048,RHHVF.US,295.8544
2021-01-25,CH0012032048,RHHVF.US,299.7991
2021-01-26,CH0012032048,RHHVF.US,298.928
2021-01-27,CH0012032048,RHHVF.US,297.8103
2021-01-28,CH0012032048,RHHVF.US,292.4439
2021-01-29,CH0012032048,RHHVF.US,280.1659
2021-02-01,CH0012032048,RHHVF.US,285.6392
2021-02-02,CH0012032048,RHHVF.US,285.5735
2021-02-03,CH0012032048,RHHVF.US,283.6011
2021-02-04,CH0012032048,RHHVF.US,286.8144
2021-02-05,CH0012032048,RHHVF.US,282.9519
2021-02-08,CH0012032048,RHHVF.US,287.6034
2021-02-09,CH0012032048,RHHVF.US,286.8144
2021-02-10,CH0012032048,RHHVF.US,289.4442
2021-02-11,CH0012032048,RHHVF.US,283.182
2021-02-12,CH0012032048,RHHVF.US,289.9784
2021-02-16,CH0012032048,RHHVF.US,284.349
2021-02-17,CH0012032048,RHHVF.US,279.6235
2021-02-18,CH0012032048,RHHVF.US,279.5002
2021-02-19,CH0012032048,RHHVF.US,277.7744
2021-02-22,CH0012032048,RHHVF.US,275.1775
2021-02-23,CH0012032048,RHHVF.US,274.4871
2021-02-24,CH0012032048,RHHVF.US,271.1999
2021-02-25,CH0012032048,RHHVF.US,265.9485
2021-02-26,CH0012032048,RHHVF.US,270.2835
2021-03-01,CH0012032048,RHHVF.US,271.6108
2021-03-02,CH0012032048,RHHVF.US,272.4326
2021-03-03,CH0012032048,RHHVF.US,268.8741
2021-03-04,CH0012032048,RHHVF.US,267.6414
2021-03-05,CH0012032048,RHHVF.US,262.5872
2021-03-08,CH0012032048,RHHVF.US,267.0579
2021-03-09,CH0012032048,RHHVF.US,270.7972
2021-03-10,CH0012032048,RHHVF.US,274.2324
2021-03-11,CH0012032048,RHHVF.US,272.1203
2021-03-12,CH0012032048,RHHVF.US,279.5002
2021-03-15,CH0012032048,RHHVF.US,274.9063
2021-03-16,CH0012032048,RHHVF.US,280.9384
2021-03-17,CH0012032048,RHHVF.US,280.018
2021-03-18,CH0012032048,RHHVF.US,279.4933
2021-03-19,CH0012032048,RHHVF.US,277.5975
2021-03-22,CH0012032048,RHHVF.US,283.6911
2021-03-23,CH0012032048,RHHVF.US,280.3015
2021-03-24,CH0012032048,RHHVF.US,276.5819
2021-03-25,CH0012032048,RHHVF.US,276.8358
2021-03-26,CH0012032048,RHHVF.US,271.2584
2021-03-29,CH0012032048,RHHVF.US,277.5975
2021-03-30,CH0012032048,RHHVF.US,270.8353
2021-03-31,CH0012032048,RHHVF.US,276.3195
2021-04-01,CH0012032048,RHHVF.US,276.7427
2021-04-05,CH0012032048,RHHVF.US,281.4567
2021-04-06,CH0012032048,RHHVF.US,277.1066
2021-04-07,CH0012032048,RHHVF.US,276.8273
2021-04-08,CH0012032048,RHHVF.US,279.3071
2021-04-09,CH0012032048,RHHVF.US,281.406
2021-04-12,CH0012032048,RHHVF.US,280.1365
2021-04-13,CH0012032048,RHHVF.US,278.5115
2021-04-14,CH0012032048,RHHVF.US,281.9815
2021-04-15,CH0012032048,RHHVF.US,282.2523
2021-04-16,CH0012032048,RHHVF.US,281.8291
2021-04-19,CH0012032048,RHHVF.US,283.945
2021-04-20,CH0012032048,RHHVF.US,286.6702
2021-04-21,CH0012032048,RHHVF.US,294.5241
2021-04-22,CH0012032048,RHHVF.US,289.4461
2021-04-23,CH0012032048,RHHVF.US,284.3681
2021-04-26,CH0012032048,RHHVF.US,281.8291
2021-04-27,CH0012032048,RHHVF.US,280.9828
2021-04-28,CH0012032048,RHHVF.US,281.8291
2021-04-29,CH0012032048,RHHVF.US,277.5975
2021-04-30,CH0012032048,RHHVF.US,277.5975
2021-05-03,CH0012032048,RHHVF.US,279.0447
2021-05-04,CH0012032048,RHHVF.US,273.9582
2021-05-05,CH0012032048,RHHVF.US,269.5573
2021-05-06,CH0012032048,RHHVF.US,280.6781
2021-05-07,CH0012032048,RHHVF.US,281.8291
2021-05-10,CH0012032048,RHHVF.US,285.2145
2021-05-11,CH0012032048,RHHVF.US,280.9828
2021-05-12,CH0012032048,RHHVF.US,283.3525
2021-05-13,CH0012032048,RHHVF.US,275.5239
2021-05-14,CH0012032048,RHHVF.US,284.8929
2021-05-17,CH0012032048,RHHVF.US,287.7535
2021-05-18,CH0012032048,RHHVF.US,284.1989
2021-05-19,CH0012032048,RHHVF.US,284.9726
2021-05-20,CH0012032048,RHHVF.US,291.7312
2021-05-21,CH0012032048,RHHVF.US,291.9851
2021-05-24,CH0012032048,RHHVF.US,284.1989
2021-05-25,CH0012032048,RHHVF.US,296.2167
2021-05-26,CH0012032048,RHHVF.US,297.2577
2021-05-27,CH0012032048,RHHVF.US,292.8823
2021-05-28,CH0012032048,RHHVF.US,287.7535
2021-06-01,CH0012032048,RHHVF.US,286.9749
2021-06-02,CH0012032048,RHHVF.US,292.4252
2021-06-03,CH0012032048,RHHVF.US,280.5596
2021-06-04,CH0012032048,RHHVF.US,299.2805
2021-06-07,CH0012032048,RHHVF.US,308.9118
2021-06-08,CH0012032048,RHHVF.US,312.2124
2021-06-09,CH0012032048,RHHVF.US,320.6081
2021-06-10,CH0012032048,RHHVF.US,317.5444
2021-06-11,CH0012032048,RHHVF.US,321.6068
2021-06-14,CH0012032048,RHHVF.US,328.8006
2021-06-15,CH0012032048,RHHVF.US,317.5444
2021-06-16,CH0012032048,RHHVF.US,324.9921
2021-06-17,CH0012032048,RHHVF.US,318.2216
2021-06-18,CH0012032048,RHHVF.US,318.1369
2021-06-21,CH0012032048,RHHVF.US,321.6068
2021-06-22,CH0012032048,RHHVF.US,317.5444
2021-06-23,CH0012032048,RHHVF.US,321.6067
2021-06-24,CH0012032048,RHHVF.US,309.6566
2021-06-25,CH0012032048,RHHVF.US,309.5973
2021-06-28,CH0012032048,RHHVF.US,313.1435
2021-06-29,CH0012032048,RHHVF.US,311.7893
2021-06-30,CH0012032048,RHHVF.US,312.2972
2021-07-01,CH0012032048,RHHVF.US,320.7351
2021-07-02,CH0012032048,RHHVF.US,321.4376
2021-07-06,CH0012032048,RHHVF.US,313.1436
2021-07-07,CH0012032048,RHHVF.US,325.8385
2021-07-08,CH0012032048,RHHVF.US,325.2037
2021-07-09,CH0012032048,RHHVF.US,315.4286
2021-07-12,CH0012032048,RHHVF.US,327.3788
2021-07-13,CH0012032048,RHHVF.US,326.7865
2021-07-14,CH0012032048,RHHVF.US,329.7232
2021-07-15,CH0012032048,RHHVF.US,322.377
2021-07-16,CH0012032048,RHHVF.US,328.771
2021-07-19,CH0012032048,RHHVF.US,323.0626
2021-07-20,CH0012032048,RHHVF.US,324.8567
2021-07-21,CH0012032048,RHHVF.US,327.108
2021-07-22,CH0012032048,RHHVF.US,316.9689
2021-07-23,CH0012032048,RHHVF.US,313.3552
2021-07-26,CH0012032048,RHHVF.US,322.1146
2021-07-27,CH0012032048,RHHVF.US,312.3056
2021-07-28,CH0012032048,RHHVF.US,312.2972
2021-07-29,CH0012032048,RHHVF.US,323.4434
2021-07-30,CH0012032048,RHHVF.US,329.2238
2021-08-02,CH0012032048,RHHVF.US,332.5244
2021-08-03,CH0012032048,RHHVF.US,313.5667
2021-08-04,CH0012032048,RHHVF.US,329.1984
2021-08-05,CH0012032048,RHHVF.US,334.1326
2021-08-06,CH0012032048,RHHVF.US,327.1673
2021-08-09,CH0012032048,RHHVF.US,329.6808
2021-08-10,CH0012032048,RHHVF.US,335.3344
2021-08-11,CH0012032048,RHHVF.US,335.9945
2021-08-12,CH0012032048,RHHVF.US,335.309
2021-08-13,CH0012032048,RHHVF.US,340.6493
2021-08-16,CH0012032048,RHHVF.US,339.583
2021-08-17,CH0012032048,RHHVF.US,342.4986
2021-08-18,CH0012032048,RHHVF.US,341.1572
2021-08-19,CH0012032048,RHHVF.US,341.9188
2021-08-20,CH0012032048,RHHVF.US,338.542
2021-08-23,CH0012032048,RHHVF.US,346.9884
2021-08-24,CH0012032048,RHHVF.US,344.8386
2021-08-25,CH0012032048,RHHVF.US,336.7223
2021-08-26,CH0012032048,RHHVF.US,338.6858
2021-08-27,CH0012032048,RHHVF.US,329.7147
2021-08-30,CH0012032048,RHHVF.US,336.4177
2021-08-31,CH0012032048,RHHVF.US,342.3843
2021-09-01,CH0012032048,RHHVF.US,338.068
2021-09-02,CH0012032048,RHHVF.US,339.0244
2021-09-03,CH0012032048,RHHVF.US,336.4347
2021-09-07,CH0012032048,RHHVF.US,333.2354
2021-09-08,CH0012032048,RHHVF.US,330.8572
2021-09-09,CH0012032048,RHHVF.US,318.6532
2021-09-10,CH0012032048,RHHVF.US,313.9053
2021-09-13,CH0012032048,RHHVF.US,313.9899
2021-09-14,CH0012032048,RHHVF.US,317.1382
2021-09-15,CH0012032048,RHHVF.US,314.7431
2021-09-16,CH0012032048,RHHVF.US,316.1057
2021-09-17,CH0012032048,RHHVF.US,309.589
2021-09-20,CH0012032048,RHHVF.US,306.796
2021-09-21,CH0012032048,RHHVF.US,310.2829
2021-09-22,CH0012032048,RHHVF.US,317.3413
2021-09-23,CH0012032048,RHHVF.US,317.3667
2021-09-24,CH0012032048,RHHVF.US,314.8361
2021-09-27,CH0012032048,RHHVF.US,317.3751
2021-09-28,CH0012032048,RHHVF.US,302.3104
2021-09-29,CH0012032048,RHHVF.US,305.9496
2021-09-30,CH0012032048,RHHVF.US,309.3519
2021-10-01,CH0012032048,RHHVF.US,315.2593
2021-10-04,CH0012032048,RHHVF.US,318.0268
2021-10-05,CH0012032048,RHHVF.US,306.7961
2021-10-06,CH0012032048,RHHVF.US,319.4759
2021-10-07,CH0012032048,RHHVF.US,324.7552
2021-10-08,CH0012032048,RHHVF.US,339.1767
2021-10-11,CH0012032048,RHHVF.US,325.7793
2021-10-12,CH0012032048,RHHVF.US,322.8848
2021-10-13,CH0012032048,RHHVF.US,322.8764
2021-10-14,CH0012032048,RHHVF.US,325.4153
2021-10-15,CH0012032048,RHHVF.US,328.4833
2021-10-18,CH0012032048,RHHVF.US,330.0702
2021-10-19,CH0012032048,RHHVF.US,325.8385
2021-10-20,CH0012032048,RHHVF.US,320.3712
2021-10-21,CH0012032048,RHHVF.US,332.6092
2021-10-22,CH0012032048,RHHVF.US,325.0599
2021-10-25,CH0012032048,RHHVF.US,329.9685
2021-10-26,CH0012032048,RHHVF.US,330.9841
2021-10-27,CH0012032048,RHHVF.US,325.8386
2021-10-28,CH0012032048,RHHVF.US,330.9165
2021-10-29,CH0012032048,RHHVF.US,324.9922
2021-11-01,CH0012032048,RHHVF.US,331.3295
2021-11-02,CH0012032048,RHHVF.US,336.4347
2021-11-03,CH0012032048,RHHVF.US,332.6092
2021-11-04,CH0012032048,RHHVF.US,342.4774
2021-11-05,CH0012032048,RHHVF.US,336.3161
2021-11-08,CH0012032048,RHHVF.US,343.0191
2021-11-09,CH0012032048,RHHVF.US,342.1304
2021-11-10,CH0012032048,RHHVF.US,339.6676
2021-11-11,CH0012032048,RHHVF.US,339.7608
2021-11-12,CH0012032048,RHHVF.US,334.3103
2021-11-15,CH0012032048,RHHVF.US,333.6672
2021-11-16,CH0012032048,RHHVF.US,336.5235
2021-11-17,CH0012032048,RHHVF.US,336.5235
2021-11-18,CH0012032048,RHHVF.US,338.3218
2021-11-19,CH0012032048,RHHVF.US,335.9522
2021-11-22,CH0012032048,RHHVF.US,332.1945
2021-11-23,CH0012032048,RHHVF.US,321.1837
2021-11-24,CH0012032048,RHHVF.US,328.8007
2021-11-26,CH0012032048,RHHVF.US,324.5691
2021-11-29,CH0012032048,RHHVF.US,330.0702
2021-11-30,CH0012032048,RHHVF.US,325.8385
2021-12-01,CH0012032048,RHHVF.US,338.1865
2021-12-02,CH0012032048,RHHVF.US,333.0323
2021-12-03,CH0012032048,RHHVF.US,335.3597
2021-12-06,CH0012032048,RHHVF.US,334.4118
2021-12-07,CH0012032048,RHHVF.US,334.3018
2021-12-08,CH0012032048,RHHVF.US,336.824
2021-12-09,CH0012032048,RHHVF.US,340.2262
2021-12-10,CH0012032048,RHHVF.US,346.9968
2021-12-13,CH0012032048,RHHVF.US,339.4392
2021-12-14,CH0012032048,RHHVF.US,333.5995
2021-12-15,CH0012032048,RHHVF.US,333.0917
2021-12-16,CH0012032048,RHHVF.US,338.9991
2021-12-17,CH0012032048,RHHVF.US,337.264
2021-12-20,CH0012032048,RHHVF.US,346.0319
2021-12-21,CH0012032048,RHHVF.US,344.2547
2021-12-22,CH0012032048,RHHVF.US,344.9909
2021-12-23,CH0012032048,RHHVF.US,347.8093
2021-12-27,CH0012032048,RHHVF.US,352.0748
2021-12-28,CH0012032048,RHHVF.US,353.0904
2021-12-29,CH0012032048,RHHVF.US,353.2191
2021-12-30,CH0012032048,RHHVF.US,351.6517
2021-12-31,CH0012032048,RHHVF.US,343.7723
2022-01-03,CH0012032048,RHHVF.US,350.3822
2022-01-04,CH0012032048,RHHVF.US,342.7652
2022-01-05,CH0012032048,RHHVF.US,350.2974
2022-01-06,CH0012032048,RHHVF.US,337.6872
2022-01-07,CH0012032048,RHHVF.US,344.4578
2022-01-10,CH0012032048,RHHVF.US,348.0124
2022-01-11,CH0012032048,RHHVF.US,340.5715
2022-01-12,CH0012032048,RHHVF.US,343.273
2022-01-13,CH0012032048,RHHVF.US,336.2061
2022-01-14,CH0012032048,RHHVF.US,336.4177
2022-01-18,CH0012032048,RHHVF.US,334.6827
2022-01-19,CH0012032048,RHHVF.US,337.4163
2022-01-20,CH0012032048,RHHVF.US,334.5219
2022-01-21,CH0012032048,RHHVF.US,333.4555
2022-01-24,CH0012032048,RHHVF.US,318.6447
2022-01-25,CH0012032048,RHHVF.US,323.2994
2022-01-26,CH0012032048,RHHVF.US,315.9787
2022-01-27,CH0012032048,RHHVF.US,321.1925
2022-01-28,CH0012032048,RHHVF.US,324.3574
2022-01-31,CH0012032048,RHHVF.US,326.7695
2022-02-01,CH0012032048,RHHVF.US,325.8639
2022-02-02,CH0012032048,RHHVF.US,329.3762
2022-02-03,CH0012032048,RHHVF.US,322.4532
2022-02-04,CH0012032048,RHHVF.US,324.1035
2022-02-07,CH0012032048,RHHVF.US,317.8068
2022-02-08,CH0012032048,RHHVF.US,313.4905
2022-02-09,CH0012032048,RHHVF.US,323.7861
2022-02-10,CH0012032048,RHHVF.US,315.4286
2022-02-11,CH0012032048,RHHVF.US,318.9696
2022-02-14,CH0012032048,RHHVF.US,321.1752
2022-02-15,CH0012032048,RHHVF.US,309.335
2022-02-16,CH0012032048,RHHVF.US,321.6068
2022-02-17,CH0012032048,RHHVF.US,307.71
2022-02-18,CH0012032048,RHHVF.US,309.7581
2022-02-22,CH0012032048,RHHVF.US,320.6759
2022-02-23,CH0012032048,RHHVF.US,320.7436
2022-02-24,CH0012032048,RHHVF.US,305.2726
2022-02-25,CH0012032048,RHHVF.US,321.6068
2022-02-28,CH0012032048,RHHVF.US,322.6985
2022-03-01,CH0012032048,RHHVF.US,323.6888
2022-03-02,CH0012032048,RHHVF.US,316.1734
2022-03-03,CH0012032048,RHHVF.US,309.6397
2022-03-04,CH0012032048,RHHVF.US,305.7974
2022-03-07,CH0012032048,RHHVF.US,321.6067
2022-03-08,CH0012032048,RHHVF.US,309.335
2022-03-09,CH0012032048,RHHVF.US,311.6201
2022-03-10,CH0012032048,RHHVF.US,311.4509
2022-03-11,CH0012032048,RHHVF.US,319.0678
2022-03-14,CH0012032048,RHHVF.US,315.2594
2022-03-15,CH0012032048,RHHVF.US,321.6068
2022-03-16,CH0012032048,RHHVF.US,325.0006
2022-03-17,CH0012032048,RHHVF.US,336.5786
2022-03-18,CH0012032048,RHHVF.US,346.6121
2022-03-21,CH0012032048,RHHVF.US,346.6121
2022-03-22,CH0012032048,RHHVF.US,329.6725
2022-03-23,CH0012032048,RHHVF.US,343.1287
2022-03-24,CH0012032048,RHHVF.US,337.9253
2022-03-25,CH0012032048,RHHVF.US,351.7374
2022-03-28,CH0012032048,RHHVF.US,339.9927
2022-03-29,CH0012032048,RHHVF.US,337.6646
2022-03-30,CH0012032048,RHHVF.US,338.0989
2022-03-31,CH0012032048,RHHVF.US,346.7338
2022-04-01,CH0012032048,RHHVF.US,350.9557
2022-04-04,CH0012032048,RHHVF.US,353.6191
2022-04-05,CH0012032048,RHHVF.US,357.2104
2022-04-06,CH0012032048,RHHVF.US,365.7236
2022-04-07,CH0012032048,RHHVF.US,362.3235
2022-04-08,CH0012032048,RHHVF.US,368.8145
2022-04-11,CH0012032048,RHHVF.US,369.3157
2022-04-12,CH0012032048,RHHVF.US,356.3417
2022-04-13,CH0012032048,RHHVF.US,357.7316
2022-04-14,CH0012032048,RHHVF.US,356.3417
2022-04-18,CH0012032048,RHHVF.US,356.1679
2022-04-19,CH0012032048,RHHVF.US,343.0505
2022-04-20,CH0012032048,RHHVF.US,340.8179
2022-04-21,CH0012032048,RHHVF.US,330.7219
2022-04-22,CH0012032048,RHHVF.US,336.7854
2022-04-25,CH0012032048,RHHVF.US,330.1503
2022-04-26,CH0012032048,RHHVF.US,321.2982
2022-04-27,CH0012032048,RHHVF.US,324.0259
2022-04-28,CH0012032048,RHHVF.US,324.2431
2022-04-29,CH0012032048,RHHVF.US,327.0577
2022-05-02,CH0012032048,RHHVF.US,321.8542
2022-05-03,CH0012032048,RHHVF.US,311.7772
2022-05-04,CH0012032048,RHHVF.US,318.3359
2022-05-05,CH0012032048,RHHVF.US,304.0458
2022-05-06,CH0012032048,RHHVF.US,307.7273
2022-05-09,CH0012032048,RHHVF.US,302.2146
2022-05-10,CH0012032048,RHHVF.US,304.6539
2022-05-11,CH0012032048,RHHVF.US,283.1761
2022-05-12,CH0012032048,RHHVF.US,275.6601
2022-05-13,CH0012032048,RHHVF.US,274.3362
2022-05-16,CH0012032048,RHHVF.US,274.0756
2022-05-17,CH0012032048,RHHVF.US,280.2608
2022-05-18,CH0012032048,RHHVF.US,280.2347
2022-05-19,CH0012032048,RHHVF.US,274.5186
2022-05-20,CH0012032048,RHHVF.US,283.4541
2022-05-23,CH0012032048,RHHVF.US,290.6634
2022-05-24,CH0012032048,RHHVF.US,303.1076
2022-05-25,CH0012032048,RHHVF.US,299.5893
2022-05-26,CH0012032048,RHHVF.US,302.6906
2022-05-27,CH0012032048,RHHVF.US,301.4432
2022-05-31,CH0012032048,RHHVF.US,293.187
2022-06-01,CH0012032048,RHHVF.US,294.0557
2022-06-02,CH0012032048,RHHVF.US,292.8656
2022-06-03,CH0012032048,RHHVF.US,289.3786
2022-06-06,CH0012032048,RHHVF.US,283.3707
2022-06-07,CH0012032048,RHHVF.US,280.1565
2022-06-08,CH0012032048,RHHVF.US,282.7626
2022-06-09,CH0012032048,RHHVF.US,274.1103
2022-06-10,CH0012032048,RHHVF.US,273.2069
2022-06-13,CH0012032048,RHHVF.US,259.8202
2022-06-14,CH0012032048,RHHVF.US,260.0286
2022-06-15,CH0012032048,RHHVF.US,264.9768
2022-06-16,CH0012032048,RHHVF.US,269.7321
2022-06-17,CH0012032048,RHHVF.US,265.9115
2022-06-21,CH0012032048,RHHVF.US,263.2255
2022-06-22,CH0012032048,RHHVF.US,275.7539
2022-06-23,CH0012032048,RHHVF.US,272.4598
2022-06-24,CH0012032048,RHHVF.US,282.363
2022-06-27,CH0012032048,RHHVF.US,281.0599
2022-06-28,CH0012032048,RHHVF.US,281.1902
2022-06-29,CH0012032048,RHHVF.US,289.3213
2022-06-30,CH0012032048,RHHVF.US,286.6717
2022-07-01,CH0012032048,RHHVF.US,291.328
2022-07-05,CH0012032048,RHHVF.US,287.6794
2022-07-06,CH0012032048,RHHVF.US,289.8894
2022-07-07,CH0012032048,RHHVF.US,291.9708
2022-07-08,CH0012032048,RHHVF.US,283.197
2022-07-11,CH0012032048,RHHVF.US,289.9815
2022-07-12,CH0012032048,RHHVF.US,288.3622
2022-07-13,CH0012032048,RHHVF.US,286.4806
2022-07-14,CH0012032048,RHHVF.US,285.3274
2022-07-15,CH0012032048,RHHVF.US,294.0644
2022-07-18,CH0012032048,RHHVF.US,291.5121
2022-07-19,CH0012032048,RHHVF.US,284.5
2022-07-20,CH0012032048,RHHVF.US,294.3162
2022-07-21,CH0012032048,RHHVF.US,288.8956
2022-07-22,CH0012032048,RHHVF.US,291.0674
2022-07-25,CH0012032048,RHHVF.US,296.7105
2022-07-26,CH0012032048,RHHVF.US,292.1532
2022-07-27,CH0012032048,RHHVF.US,291.2151
2022-07-28,CH0012032048,RHHVF.US,292.0143
2022-07-29,CH0012032048,RHHVF.US,289.191
2022-08-01,CH0012032048,RHHVF.US,281.894
2022-08-02,CH0012032048,RHHVF.US,284.7432
2022-08-03,CH0012032048,RHHVF.US,290.7981
2022-08-04,CH0012032048,RHHVF.US,283.5444
2022-08-05,CH0012032048,RHHVF.US,283.0232
2022-08-08,CH0012032048,RHHVF.US,286.6717
2022-08-09,CH0012032048,RHHVF.US,288.5221
2022-08-10,CH0012032048,RHHVF.US,290.1987
2022-08-11,CH0012032048,RHHVF.US,282.8842
2022-08-12,CH0012032048,RHHVF.US,281.0947
2022-08-15,CH0012032048,RHHVF.US,292.2314
2022-08-16,CH0012032048,RHHVF.US,284.7606
2022-08-17,CH0012032048,RHHVF.US,282.7626
2022-08-18,CH0012032048,RHHVF.US,290.2334
2022-08-19,CH0012032048,RHHVF.US,292.7527
2022-08-22,CH0012032048,RHHVF.US,290.5896
2022-08-23,CH0012032048,RHHVF.US,285.2123
2022-08-24,CH0012032048,RHHVF.US,286.6865
2022-08-25,CH0012032048,RHHVF.US,285.7544
2022-08-26,CH0012032048,RHHVF.US,282.0068
2022-08-29,CH0012032048,RHHVF.US,278.9229
2022-08-30,CH0012032048,RHHVF.US,280.4171
2022-08-31,CH0012032048,RHHVF.US,281.1294
2022-09-01,CH0012032048,RHHVF.US,270.2359
2022-09-02,CH0012032048,RHHVF.US,286.3312
2022-09-06,CH0012032048,RHHVF.US,279.8959
2022-09-07,CH0012032048,RHHVF.US,282.6653
2022-09-08,CH0012032048,RHHVF.US,289.6253
2022-09-09,CH0012032048,RHHVF.US,283.0823
2022-09-12,CH0012032048,RHHVF.US,292.4243
2022-09-13,CH0012032048,RHHVF.US,292.7996
2022-09-14,CH0012032048,RHHVF.US,292.4486
2022-09-15,CH0012032048,RHHVF.US,294.7159
2022-09-16,CH0012032048,RHHVF.US,279.7917
2022-09-19,CH0012032048,RHHVF.US,279.875
2022-09-20,CH0012032048,RHHVF.US,280.5908
2022-09-21,CH0012032048,RHHVF.US,277.116
2022-09-22,CH0012032048,RHHVF.US,277.9847
2022-09-23,CH0012032048,RHHVF.US,286.7933
2022-09-26,CH0012032048,RHHVF.US,267.3692
2022-09-27,CH0012032048,RHHVF.US,272.0254
2022-09-28,CH0012032048,RHHVF.US,287.5404
2022-09-29,CH0012032048,RHHVF.US,291.0152
2022-09-30,CH0012032048,RHHVF.US,274.5099
2022-10-03,CH0012032048,RHHVF.US,272.8007
2022-10-04,CH0012032048,RHHVF.US,291.182
2022-10-05,CH0012032048,RHHVF.US,279.0098
2022-10-06,CH0012032048,RHHVF.US,291.5504
2022-10-07,CH0012032048,RHHVF.US,291.5139
2022-10-10,CH0012032048,RHHVF.US,269.2977
2022-10-11,CH0012032048,RHHVF.US,275.0259
2022-10-12,CH0012032048,RHHVF.US,272.7795
2022-10-13,CH0012032048,RHHVF.US,274.3014
2022-10-14,CH0012032048,RHHVF.US,274.9894
2022-10-17,CH0012032048,RHHVF.US,282.9363
2022-10-18,CH0012032048,RHHVF.US,283.0058
2022-10-19,CH0012032048,RHHVF.US,280.504
2022-10-20,CH0012032048,RHHVF.US,283.0093
2022-10-21,CH0012032048,RHHVF.US,282.1024
2022-10-24,CH0012032048,RHHVF.US,277.9083
2022-10-25,CH0012032048,RHHVF.US,284.7519
2022-10-26,CH0012032048,RHHVF.US,291.884
2022-10-27,CH0012032048,RHHVF.US,286.1696
2022-10-28,CH0012032048,RHHVF.US,292.9264
2022-10-31,CH0012032048,RHHVF.US,287.7489
2022-11-01,CH0012032048,RHHVF.US,280.8653
2022-11-02,CH0012032048,RHHVF.US,278.8534
2022-11-03,CH0012032048,RHHVF.US,285.2123
2022-11-04,CH0012032048,RHHVF.US,281.4647
2022-11-07,CH0012032048,RHHVF.US,274.8678
2022-11-08,CH0012032048,RHHVF.US,282.6444
2022-11-09,CH0012032048,RHHVF.US,283.1796
2022-11-10,CH0012032048,RHHVF.US,282.1111
2022-11-11,CH0012032048,RHHVF.US,284.3437
2022-11-14,CH0012032048,RHHVF.US,286.5466
2022-11-15,CH0012032048,RHHVF.US,285.8466
2022-11-16,CH0012032048,RHHVF.US,282.363
2022-11-17,CH0012032048,RHHVF.US,271.8518
2022-11-18,CH0012032048,RHHVF.US,275.0207
2022-11-21,CH0012032048,RHHVF.US,276.5079
2022-11-22,CH0012032048,RHHVF.US,275.7522
2022-11-23,CH0012032048,RHHVF.US,280.9557
2022-11-25,CH0012032048,RHHVF.US,283.9788
2022-11-28,CH0012032048,RHHVF.US,285.4486
2022-11-29,CH0012032048,RHHVF.US,283.3185
2022-11-30,CH0012032048,RHHVF.US,284.8509
2022-12-01,CH0012032048,RHHVF.US,277.3332
2022-12-02,CH0012032048,RHHVF.US,287.7576
2022-12-05,CH0012032048,RHHVF.US,285.5251
2022-12-06,CH0012032048,RHHVF.US,281.2927
2022-12-07,CH0012032048,RHHVF.US,278.5667
2022-12-08,CH0012032048,RHHVF.US,278.2453
2022-12-09,CH0012032048,RHHVF.US,280.7064
2022-12-12,CH0012032048,RHHVF.US,281.5985
2022-12-13,CH0012032048,RHHVF.US,286.3555
2022-12-14,CH0012032048,RHHVF.US,287.332
2022-12-15,CH0012032048,RHHVF.US,279.7221
2022-12-16,CH0012032048,RHHVF.US,279.6092
2022-12-19,CH0012032048,RHHVF.US,278.7665
2022-12-20,CH0012032048,RHHVF.US,272.8559
2022-12-21,CH0012032048,RHHVF.US,286.0723
2022-12-22,CH0012032048,RHHVF.US,271.6484
2022-12-23,CH0012032048,RHHVF.US,267.7688
2022-12-27,CH0012032048,RHHVF.US,269.7216
2022-12-28,CH0012032048,RHHVF.US,275.6913
2022-12-29,CH0012032048,RHHVF.US,272.7726
2022-12-30,CH0012032048,RHHVF.US,270.5835
2023-01-03,CH0012032048,RHHVF.US,270.3019
2023-01-04,CH0012032048,RHHVF.US,276.1083
2023-01-05,CH0012032048,RHHVF.US,273.4675
2023-01-06,CH0012032048,RHHVF.US,277.116
2023-01-09,CH0012032048,RHHVF.US,273.7715
2023-01-10,CH0012032048,RHHVF.US,278.5059
2023-01-11,CH0012032048,RHHVF.US,269.2977
2023-01-12,CH0012032048,RHHVF.US,272.9462
2023-01-13,CH0012032048,RHHVF.US,271.2088
2023-01-17,CH0012032048,RHHVF.US,275.2049
2023-01-18,CH0012032048,RHHVF.US,276.0736
2023-01-19,CH0012032048,RHHVF.US,282.4151
2023-01-20,CH0012032048,RHHVF.US,278.8534
2023-01-23,CH0012032048,RHHVF.US,276.911
2023-01-24,CH0012032048,RHHVF.US,274.5099
2023-01-25,CH0012032048,RHHVF.US,279.8959
2023-01-26,CH0012032048,RHHVF.US,271.4694
2023-01-27,CH0012032048,RHHVF.US,274.1624
2023-01-30,CH0012032048,RHHVF.US,270.0535
2023-01-31,CH0012032048,RHHVF.US,272.0949
2023-02-01,CH0012032048,RHHVF.US,267.1086
2023-02-02,CH0012032048,RHHVF.US,261.7704
2023-02-03,CH0012032048,RHHVF.US,263.017
2023-02-06,CH0012032048,RHHVF.US,267.0478
2023-02-07,CH0012032048,RHHVF.US,267.364
2023-02-08,CH0012032048,RHHVF.US,266.2659
2023-02-09,CH0012032048,RHHVF.US,263.9117
2023-02-10,CH0012032048,RHHVF.US,267.8487
2023-02-13,CH0012032048,RHHVF.US,262.5653
2023-02-14,CH0012032048,RHHVF.US,264.1237
2023-02-15,CH0012032048,RHHVF.US,260.6107
2023-02-16,CH0012032048,RHHVF.US,258.842
2023-02-17,CH0012032048,RHHVF.US,261.8738
2023-02-21,CH0012032048,RHHVF.US,263.9161
2023-02-22,CH0012032048,RHHVF.US,266.3094
2023-02-23,CH0012032048,RHHVF.US,256.9361
2023-02-24,CH0012032048,RHHVF.US,254.8963
2023-02-27,CH0012032048,RHHVF.US,252.4449
2023-02-28,CH0012032048,RHHVF.US,254.2101
2023-03-01,CH0012032048,RHHVF.US,251.524
2023-03-02,CH0012032048,RHHVF.US,251.1418
2023-03-03,CH0012032048,RHHVF.US,255.7459
2023-03-06,CH0012032048,RHHVF.US,251.4893
2023-03-07,CH0012032048,RHHVF.US,246.5116
2023-03-08,CH0012032048,RHHVF.US,244.974
2023-03-09,CH0012032048,RHHVF.US,243.73
2023-03-10,CH0012032048,RHHVF.US,245.5821
2023-03-13,CH0012032048,RHHVF.US,252.4709
2023-03-14,CH0012032048,RHHVF.US,250.9229
2023-03-15,CH0012032048,RHHVF.US,248.1014
2023-03-16,CH0012032048,RHHVF.US,252.982
2023-03-17,CH0012032048,RHHVF.US,251.9695
2023-03-20,CH0012032048,RHHVF.US,253.2829
2023-03-21,CH0012032048,RHHVF.US,255.3728
2023-03-22,CH0012032048,RHHVF.US,255.6539
2023-03-23,CH0012032048,RHHVF.US,251.7119
2023-03-24,CH0012032048,RHHVF.US,256.7619
2023-03-27,CH0012032048,RHHVF.US,250.9354
2023-03-28,CH0012032048,RHHVF.US,248.6274
2023-03-29,CH0012032048,RHHVF.US,254.4828
2023-03-30,CH0012032048,RHHVF.US,255.843
2023-03-31,CH0012032048,RHHVF.US,254.8846
2023-04-03,CH0012032048,RHHVF.US,256.0142
2023-04-04,CH0012032048,RHHVF.US,259.8247
2023-04-05,CH0012032048,RHHVF.US,266.4187
2023-04-10,CH0012032048,RHHVF.US,272.8551
2023-04-11,CH0012032048,RHHVF.US,272.9317
2023-04-12,CH0012032048,RHHVF.US,276.3008
2023-04-13,CH0012032048,RHHVF.US,281.6877
2023-04-14,CH0012032048,RHHVF.US,276.553
2023-04-17,CH0012032048,RHHVF.US,278.3546
2023-04-18,CH0012032048,RHHVF.US,276.553
2023-04-19,CH0012032048,RHHVF.US,271.5985
2023-04-20,CH0012032048,RHHVF.US,278.805
2023-04-21,CH0012032048,RHHVF.US,281.1021
2023-04-24,CH0012032048,RHHVF.US,283.0024
2023-04-25,CH0012032048,RHHVF.US,286.8674
2023-04-26,CH0012032048,RHHVF.US,275.7603
2023-04-27,CH0012032048,RHHVF.US,278.3546
2023-04-28,CH0012032048,RHHVF.US,282.8588
2023-05-01,CH0012032048,RHHVF.US,280.4355
2023-05-02,CH0012032048,RHHVF.US,282.2372
2023-05-03,CH0012032048,RHHVF.US,287.2278
2023-05-04,CH0012032048,RHHVF.US,287.5809
2023-05-05,CH0012032048,RHHVF.US,284.6604
2023-05-08,CH0012032048,RHHVF.US,285.3811
2023-05-09,CH0012032048,RHHVF.US,284.5704
2023-05-10,CH0012032048,RHHVF.US,285.3955
2023-05-11,CH0012032048,RHHVF.US,283.5659
2023-05-12,CH0012032048,RHHVF.US,286.9125
2023-05-15,CH0012032048,RHHVF.US,285.736
2023-05-16,CH0012032048,RHHVF.US,282.2966
2023-05-17,CH0012032048,RHHVF.US,282.084
2023-05-18,CH0012032048,RHHVF.US,285.8315
2023-05-19,CH0012032048,RHHVF.US,289.3627
2023-05-22,CH0012032048,RHHVF.US,286.2513
2023-05-23,CH0012032048,RHHVF.US,283.9397
2023-05-24,CH0012032048,RHHVF.US,284.7991
2023-05-25,CH0012032048,RHHVF.US,288.107
2023-05-26,CH0012032048,RHHVF.US,290.759
2023-05-30,CH0012032048,RHHVF.US,288.3538
2023-05-31,CH0012032048,RHHVF.US,282.6155
2023-06-01,CH0012032048,RHHVF.US,288.9393
2023-06-02,CH0012032048,RHHVF.US,289.1015
2023-06-05,CH0012032048,RHHVF.US,287.3629
2023-06-06,CH0012032048,RHHVF.US,288.0385
2023-06-07,CH0012032048,RHHVF.US,283.5073
2023-06-08,CH0012032048,RHHVF.US,284.3902
2023-06-09,CH0012032048,RHHVF.US,283.3092
2023-06-12,CH0012032048,RHHVF.US,275.2027
2023-06-13,CH0012032048,RHHVF.US,278.3456
2023-06-14,CH0012032048,RHHVF.US,275.8305
2023-06-15,CH0012032048,RHHVF.US,276.553
2023-06-16,CH0012032048,RHHVF.US,281.9507
2023-06-20,CH0012032048,RHHVF.US,274.9765
2023-06-21,CH0012032048,RHHVF.US,276.1566
2023-06-22,CH0012032048,RHHVF.US,277.4313
2023-06-23,CH0012032048,RHHVF.US,276.7332
2023-06-26,CH0012032048,RHHVF.US,274.0379
2023-06-27,CH0012032048,RHHVF.US,287.534
2023-06-28,CH0012032048,RHHVF.US,277.2196
2023-06-29,CH0012032048,RHHVF.US,274.409
2023-06-30,CH0012032048,RHHVF.US,275.1909
2023-07-03,CH0012032048,RHHVF.US,276.0125
2023-07-05,CH0012032048,RHHVF.US,276.8629
2023-07-06,CH0012032048,RHHVF.US,270.6976
2023-07-07,CH0012032048,RHHVF.US,267.3646
2023-07-10,CH0012032048,RHHVF.US,270.4274
2023-07-11,CH0012032048,RHHVF.US,272.4993
2023-07-12,CH0012032048,RHHVF.US,272.3371
2023-07-13,CH0012032048,RHHVF.US,281.6877
2023-07-14,CH0012032048,RHHVF.US,284.4622
2023-07-17,CH0012032048,RHHVF.US,277.5079
2023-07-18,CH0012032048,RHHVF.US,286.462
2023-07-19,CH0012032048,RHHVF.US,286.5377
2023-07-20,CH0012032048,RHHVF.US,283.8893
2023-07-21,CH0012032048,RHHVF.US,286.8539
2023-07-24,CH0012032048,RHHVF.US,283.6245
2023-07-25,CH0012032048,RHHVF.US,282.4557
2023-07-26,CH0012032048,RHHVF.US,286.1936
2023-07-27,CH0012032048,RHHVF.US,280.6517
2023-07-28,CH0012032048,RHHVF.US,277.67
2023-07-31,CH0012032048,RHHVF.US,279.0032
2023-08-01,CH0012032048,RHHVF.US,274.5779
2023-08-02,CH0012032048,RHHVF.US,278.1997
2023-08-03,CH0012032048,RHHVF.US,274.4631
2023-08-04,CH0012032048,RHHVF.US,272.2831
2023-08-07,CH0012032048,RHHVF.US,272.7245
2023-08-08,CH0012032048,RHHVF.US,272.3551
2023-08-09,CH0012032048,RHHVF.US,274.1262
2023-08-10,CH0012032048,RHHVF.US,273.7875
2023-08-11,CH0012032048,RHHVF.US,270.8724
2023-08-14,CH0012032048,RHHVF.US,269.55
2023-08-15,CH0012032048,RHHVF.US,270.3571
2023-08-16,CH0012032048,RHHVF.US,267.3195
2023-08-17,CH0012032048,RHHVF.US,263.0911
2023-08-18,CH0012032048,RHHVF.US,258.4536
2023-08-21,CH0012032048,RHHVF.US,258.2753
2023-08-22,CH0012032048,RHHVF.US,258.2482
2023-08-23,CH0012032048,RHHVF.US,267.9051
2023-08-24,CH0012032048,RHHVF.US,267.2313
2023-08-25,CH0012032048,RHHVF.US,261.6858
2023-08-28,CH0012032048,RHHVF.US,263.6262
2023-08-29,CH0012032048,RHHVF.US,266.4025
2023-08-30,CH0012032048,RHHVF.US,268.3555
2023-08-31,CH0012032048,RHHVF.US,266.3196
2023-09-01,CH0012032048,RHHVF.US,263.264
2023-09-05,CH0012032048,RHHVF.US,259.0707
2023-09-06,CH0012032048,RHHVF.US,253.7045
2023-09-07,CH0012032048,RHHVF.US,260.2012
2023-09-08,CH0012032048,RHHVF.US,259.6049
2023-09-11,CH0012032048,RHHVF.US,256.6673
2023-09-12,CH0012032048,RHHVF.US,258.1005
2023-09-13,CH0012032048,RHHVF.US,257.2465
2023-09-14,CH0012032048,RHHVF.US,259.6517
2023-09-15,CH0012032048,RHHVF.US,261.3939
2023-09-18,CH0012032048,RHHVF.US,259.4571
2023-09-19,CH0012032048,RHHVF.US,254.7909
2023-09-20,CH0012032048,RHHVF.US,261.8605
2023-09-21,CH0012032048,RHHVF.US,248.6905
2023-09-22,CH0012032048,RHHVF.US,249.0851
2023-09-25,CH0012032048,RHHVF.US,252.0055
2023-09-26,CH0012032048,RHHVF.US,244.7719
2023-09-27,CH0012032048,RHHVF.US,244.4656
2023-09-28,CH0012032048,RHHVF.US,247.2222
2023-09-29,CH0012032048,RHHVF.US,247.6365
2023-10-02,CH0012032048,RHHVF.US,243.5792
2023-10-03,CH0012032048,RHHVF.US,239.7723
2023-10-04,CH0012032048,RHHVF.US,241.8496
2023-10-05,CH0012032048,RHHVF.US,241.5181
2023-10-06,CH0012032048,RHHVF.US,244.1323
2023-10-09,CH0012032048,RHHVF.US,247.1771
2023-10-10,CH0012032048,RHHVF.US,252.6235
2023-10-11,CH0012032048,RHHVF.US,249.5767
2023-10-12,CH0012032048,RHHVF.US,249.8868
2023-10-13,CH0012032048,RHHVF.US,256.7349
2023-10-16,CH0012032048,RHHVF.US,252.7514
2023-10-17,CH0012032048,RHHVF.US,252.6721
2023-10-18,CH0012032048,RHHVF.US,248.8977
2023-10-19,CH0012032048,RHHVF.US,238.0085
2023-10-20,CH0012032048,RHHVF.US,240.1597
2023-10-23,CH0012032048,RHHVF.US,237.8626
2023-10-24,CH0012032048,RHHVF.US,239.6192
2023-10-25,CH0012032048,RHHVF.US,236.2249
2023-10-26,CH0012032048,RHHVF.US,238.4283
2023-10-27,CH0012032048,RHHVF.US,237.9076
2023-10-30,CH0012032048,RHHVF.US,237.8356
2023-10-31,CH0012032048,RHHVF.US,234.9655
2023-11-01,CH0012032048,RHHVF.US,234.3933
2023-11-02,CH0012032048,RHHVF.US,232.427
2023-11-03,CH0012032048,RHHVF.US,239.7183
2023-11-06,CH0012032048,RHHVF.US,235.6556
2023-11-07,CH0012032048,RHHVF.US,236.2681
2023-11-08,CH0012032048,RHHVF.US,236.0952
2023-11-09,CH0012032048,RHHVF.US,237.1329
2023-11-10,CH0012032048,RHHVF.US,234.0269
2023-11-13,CH0012032048,RHHVF.US,237.0969
2023-11-14,CH0012032048,RHHVF.US,242.3217
2023-11-15,CH0012032048,RHHVF.US,240.52
2023-11-16,CH0012032048,RHHVF.US,237.8446
2023-11-17,CH0012032048,RHHVF.US,236.0159
2023-11-20,CH0012032048,RHHVF.US,242.3217
2023-11-21,CH0012032048,RHHVF.US,242.3145
2023-11-22,CH0012032048,RHHVF.US,239.394
2023-11-24,CH0012032048,RHHVF.US,246.1682
2023-11-27,CH0012032048,RHHVF.US,239.7813
2023-11-28,CH0012032048,RHHVF.US,239.1688
2023-11-29,CH0012032048,RHHVF.US,239.254
2023-11-30,CH0012032048,RHHVF.US,238.722
2023-12-01,CH0012032048,RHHVF.US,248.6635
2023-12-04,CH0012032048,RHHVF.US,254.8323
2023-12-05,CH0012032048,RHHVF.US,257.6357
2023-12-06,CH0012032048,RHHVF.US,256.7403
2023-12-07,CH0012032048,RHHVF.US,255.8349
2023-12-08,CH0012032048,RHHVF.US,257.0051
2023-12-11,CH0012032048,RHHVF.US,257.6717
2023-12-12,CH0012032048,RHHVF.US,259.6247
2023-12-13,CH0012032048,RHHVF.US,261.6894
2023-12-14,CH0012032048,RHHVF.US,256.0142
2023-12-15,CH0012032048,RHHVF.US,249.5283
2023-12-18,CH0012032048,RHHVF.US,252.2668
2023-12-19,CH0012032048,RHHVF.US,255.6899
2023-12-20,CH0012032048,RHHVF.US,255.834
2023-12-21,CH0012032048,RHHVF.US,253.0811
2023-12-22,CH0012032048,RHHVF.US,248.177
2023-12-26,CH0012032048,RHHVF.US,256.8592
2023-12-27,CH0012032048,RHHVF.US,257.4555
2023-12-28,CH0012032048,RHHVF.US,257.0655
2023-12-29,CH0012032048,RHHVF.US,256.7349
2024-01-02,CH0012032048,RHHVF.US,257.2177
2024-01-03,CH0012032048,RHHVF.US,267.9952
2024-01-04,CH0012032048,RHHVF.US,266.6439
2024-01-05,CH0012032048,RHHVF.US,269.2833
2024-01-08,CH0012032048,RHHVF.US,267.1844
2024-01-09,CH0012032048,RHHVF.US,269.3104
2024-01-10,CH0012032048,RHHVF.US,268.0636
2024-01-11,CH0012032048,RHHVF.US,263.7126
2024-01-12,CH0012032048,RHHVF.US,264.3076
2024-01-16,CH0012032048,RHHVF.US,261.6894
2024-01-17,CH0012032048,RHHVF.US,257.8158
2024-01-18,CH0012032048,RHHVF.US,254.5765
2024-01-19,CH0012032048,RHHVF.US,255.4431
2024-01-22,CH0012032048,RHHVF.US,257.0844
2024-01-23,CH0012032048,RHHVF.US,254.9332
2024-01-24,CH0012032048,RHHVF.US,252.1407
2024-01-25,CH0012032048,RHHVF.US,252.047
2024-01-26,CH0012032048,RHHVF.US,255.7079
2024-01-29,CH0012032048,RHHVF.US,257.0952
2024-01-30,CH0012032048,RHHVF.US,260.3382
2024-01-31,CH0012032048,RHHVF.US,255.3296
2024-02-01,CH0012032048,RHHVF.US,244.4008
2024-02-02,CH0012032048,RHHVF.US,246.4655
2024-02-05,CH0012032048,RHHVF.US,239.0697
2024-02-06,CH0012032048,RHHVF.US,238.7184
2024-02-07,CH0012032048,RHHVF.US,235.1151
2024-02-08,CH0012032048,RHHVF.US,230.4262
2024-02-09,CH0012032048,RHHVF.US,230.7911
2024-02-12,CH0012032048,RHHVF.US,234.7349
2024-02-13,CH0012032048,RHHVF.US,228.3589
2024-02-14,CH0012032048,RHHVF.US,227.8274
2024-02-15,CH0012032048,RHHVF.US,233.3909
2024-02-16,CH0012032048,RHHVF.US,229.7642
2024-02-20,CH0012032048,RHHVF.US,234.0341
2024-02-21,CH0012032048,RHHVF.US,236.6915
2024-02-22,CH0012032048,RHHVF.US,232.9459
2024-02-23,CH0012032048,RHHVF.US,237.9833
2024-02-26,CH0012032048,RHHVF.US,231.5118
2024-02-27,CH0012032048,RHHVF.US,237.8356
2024-02-28,CH0012032048,RHHVF.US,237.0645
2024-02-29,CH0012032048,RHHVF.US,234.6647
2024-03-01,CH0012032048,RHHVF.US,236.4663
2024-03-04,CH0012032048,RHHVF.US,236.1299
2024-03-05,CH0012032048,RHHVF.US,240.1597
2024-03-06,CH0012032048,RHHVF.US,241.601
2024-03-07,CH0012032048,RHHVF.US,241.6911
2024-03-08,CH0012032048,RHHVF.US,244.2783
2024-03-11,CH0012032048,RHHVF.US,245.7448
2024-03-12,CH0012032048,RHHVF.US,251.6812
2024-03-13,CH0012032048,RHHVF.US,245.2944
2024-03-14,CH0012032048,RHHVF.US,247.9465
2024-03-15,CH0012032048,RHHVF.US,246.2385
2024-03-18,CH0012032048,RHHVF.US,241.7995
2024-03-19,CH0012032048,RHHVF.US,243.119
2024-03-20,CH0012032048,RHHVF.US,244.0237
2024-03-21,CH0012032048,RHHVF.US,235.8401
2024-03-22,CH0012032048,RHHVF.US,235.3991
2024-03-25,CH0012032048,RHHVF.US,237.3933
2024-03-26,CH0012032048,RHHVF.US,234.8078
2024-03-27,CH0012032048,RHHVF.US,236.8725
2024-03-28,CH0012032048,RHHVF.US,240.3993
2024-04-01,CH0012032048,RHHVF.US,236.8819
2024-04-02,CH0012032048,RHHVF.US,234.6295
2024-04-03,CH0012032048,RHHVF.US,234.8472
2024-04-04,CH0012032048,RHHVF.US,231.4293
2024-04-05,CH0012032048,RHHVF.US,227.6097
2024-04-08,CH0012032048,RHHVF.US,227.3704
2024-04-09,CH0012032048,RHHVF.US,229.5523
2024-04-10,CH0012032048,RHHVF.US,230.5002
2024-04-11,CH0012032048,RHHVF.US,232.0862
2024-04-12,CH0012032048,RHHVF.US,229.8451
2024-04-15,CH0012032048,RHHVF.US,229.4397
2024-04-16,CH0012032048,RHHVF.US,228.52
2024-04-17,CH0012032048,RHHVF.US,227.6941
2024-04-18,CH0012032048,RHHVF.US,225.2935
2024-04-19,CH0012032048,RHHVF.US,228.9704
2024-04-22,CH0012032048,RHHVF.US,230.0985
2024-04-23,CH0012032048,RHHVF.US,235.3653
2024-04-24,CH0012032048,RHHVF.US,226.6524
2024-04-25,CH0012032048,RHHVF.US,223.0918
2024-04-26,CH0012032048,RHHVF.US,227.4501
2024-04-29,CH0012032048,RHHVF.US,225.3479
2024-04-30,CH0012032048,RHHVF.US,224.1091
2024-05-01,CH0012032048,RHHVF.US,221.4814
2024-05-02,CH0012032048,RHHVF.US,220.8245
2024-05-03,CH0012032048,RHHVF.US,222.6958
2024-05-06,CH0012032048,RHHVF.US,218.9193
2024-05-07,CH0012032048,RHHVF.US,228.9892
2024-05-08,CH0012032048,RHHVF.US,226.5154
2024-05-09,CH0012032048,RHHVF.US,229.0831
2024-05-10,CH0012032048,RHHVF.US,230.2093
2024-05-13,CH0012032048,RHHVF.US,227.6547
2024-05-14,CH0012032048,RHHVF.US,229.1225
2024-05-15,CH0012032048,RHHVF.US,232.9665
2024-05-16,CH0012032048,RHHVF.US,245.1921
2024-05-17,CH0012032048,RHHVF.US,245.4051
2024-05-20,CH0012032048,RHHVF.US,246.2948
2024-05-21,CH0012032048,RHHVF.US,244.5943
2024-05-22,CH0012032048,RHHVF.US,235.8796
2024-05-23,CH0012032048,RHHVF.US,237.9986
2024-05-24,CH0012032048,RHHVF.US,238.802
2024-05-28,CH0012032048,RHHVF.US,236.056
2024-05-29,CH0012032048,RHHVF.US,236.4228
2024-05-30,CH0012032048,RHHVF.US,241.3772
2024-05-31,CH0012032048,RHHVF.US,233.081
2024-06-03,CH0012032048,RHHVF.US,241.5321
2024-06-04,CH0012032048,RHHVF.US,243.5544
2024-06-05,CH0012032048,RHHVF.US,248.306
2024-06-06,CH0012032048,RHHVF.US,251.3101
2024-06-07,CH0012032048,RHHVF.US,245.8913
2024-06-10,CH0012032048,RHHVF.US,251.1374
2024-06-11,CH0012032048,RHHVF.US,249.9267
2024-06-12,CH0012032048,RHHVF.US,255.7172
2024-06-13,CH0012032048,RHHVF.US,257.153
2024-06-14,CH0012032048,RHHVF.US,253.4742
2024-06-17,CH0012032048,RHHVF.US,250.3866
2024-06-18,CH0012032048,RHHVF.US,253.0631
2024-06-20,CH0012032048,RHHVF.US,262.2255
2024-06-21,CH0012032048,RHHVF.US,266.0592
2024-06-24,CH0012032048,RHHVF.US,267.5439
2024-06-25,CH0012032048,RHHVF.US,262.9247
2024-06-26,CH0012032048,RHHVF.US,253.7933
2024-06-27,CH0012032048,RHHVF.US,261.2767
2024-06-28,CH0012032048,RHHVF.US,260.0858
2024-07-01,CH0012032048,RHHVF.US,259.2552
2024-07-02,CH0012032048,RHHVF.US,251.3251
2024-07-03,CH0012032048,RHHVF.US,255.5764
2024-07-05,CH0012032048,RHHVF.US,253.5699
2024-07-08,CH0012032048,RHHVF.US,253.202
2024-07-09,CH0012032048,RHHVF.US,252.7234
2024-07-10,CH0012032048,RHHVF.US,259.0863
2024-07-11,CH0012032048,RHHVF.US,263.7505
2024-07-12,CH0012032048,RHHVF.US,267.9812
2024-07-15,CH0012032048,RHHVF.US,269.5316
2024-07-16,CH0012032048,RHHVF.US,271.02
2024-07-17,CH0012032048,RHHVF.US,294.6003
2024-07-18,CH0012032048,RHHVF.US,294.9156
2024-07-19,CH0012032048,RHHVF.US,292.4399
2024-07-22,CH0012032048,RHHVF.US,295.6213
2024-07-23,CH0012032048,RHHVF.US,286.6025
2024-07-24,CH0012032048,RHHVF.US,292.2804
2024-07-25,CH0012032048,RHHVF.US,297.1849
2024-07-26,CH0012032048,RHHVF.US,300.4921
2024-07-29,CH0012032048,RHHVF.US,301.6971
2024-07-30,CH0012032048,RHHVF.US,301.393
2024-07-31,CH0012032048,RHHVF.US,301.2241
2024-08-01,CH0012032048,RHHVF.US,302.2376
2024-08-02,CH0012032048,RHHVF.US,312.2606
2024-08-05,CH0012032048,RHHVF.US,300.7642
2024-08-06,CH0012032048,RHHVF.US,300.9144
2024-08-07,CH0012032048,RHHVF.US,299.3565
2024-08-08,CH0012032048,RHHVF.US,299.3565
2024-08-09,CH0012032048,RHHVF.US,299.8351
2024-08-12,CH0012032048,RHHVF.US,299.9665
2024-08-13,CH0012032048,RHHVF.US,300.6234
2024-08-14,CH0012032048,RHHVF.US,304.3924
2024-08-15,CH0012032048,RHHVF.US,301.3179
2024-08-16,CH0012032048,RHHVF.US,301.8998
2024-08-19,CH0012032048,RHHVF.US,308.4654
2024-08-20,CH0012032048,RHHVF.US,308.4784
2024-08-21,CH0012032048,RHHVF.US,310.8936
2024-08-22,CH0012032048,RHHVF.US,311.3503
2024-08-23,CH0012032048,RHHVF.US,312.1902
2024-08-26,CH0012032048,RHHVF.US,313.7772
2024-08-27,CH0012032048,RHHVF.US,314.9286
2024-08-28,CH0012032048,RHHVF.US,315.3294
2024-08-29,CH0012032048,RHHVF.US,313.8579
2024-08-30,CH0012032048,RHHVF.US,315.3951
2024-09-02,CH0012032048,ROG.SW,254.1585
2024-09-03,CH0012032048,RHHVF.US,306.808
2024-09-04,CH0012032048,RHHVF.US,309.6798
2024-09-05,CH0012032048,RHHVF.US,303.6641
2024-09-06,CH0012032048,RHHVF.US,302.6187
2024-09-09,CH0012032048,RHHVF.US,292.7346
2024-09-10,CH0012032048,RHHVF.US,295.3736
2024-09-11,CH0012032048,RHHVF.US,296.7644
2024-09-12,CH0012032048,RHHVF.US,287.1769
2024-09-13,CH0012032048,RHHVF.US,289.4368
2024-09-16,CH0012032048,RHHVF.US,293.5885
2024-09-17,CH0012032048,RHHVF.US,297.7517
2024-09-18,CH0012032048,RHHVF.US,295.4993
2024-09-19,CH0012032048,RHHVF.US,298.1083
2024-09-20,CH0012032048,RHHVF.US,298.6508
2024-09-23,CH0012032048,RHHVF.US,293.9921
2024-09-24,CH0012032048,RHHVF.US,300.7154
2024-09-25,CH0012032048,RHHVF.US,297.6597
2024-09-26,CH0012032048,RHHVF.US,301.2522
2024-09-27,CH0012032048,RHHVF.US,302.1907
2024-09-30,CH0012032048,RHHVF.US,298.7089
2024-10-01,CH0012032048,RHHVF.US,293.2226
2024-10-02,CH0012032048,RHHVF.US,295.0095
2024-10-03,CH0012032048,RHHVF.US,287.71
2024-10-04,CH0012032048,RHHVF.US,281.8144
2024-10-07,CH0012032048,RHHVF.US,284.5729
2024-10-08,CH0012032048,RHHVF.US,287.3027
2024-10-09,CH0012032048,RHHVF.US,292.4587
2024-10-10,CH0012032048,RHHVF.US,288.4514
2024-10-11,CH0012032048,RHHVF.US,292.393
2024-10-14,CH0012032048,RHHVF.US,293.2751
2024-10-15,CH0012032048,RHHVF.US,295.6213
2024-10-16,CH0012032048,RHHVF.US,288.686
2024-10-17,CH0012032048,RHHVF.US,293.3483
2024-10-18,CH0012032048,RHHVF.US,293.3878
2024-10-21,CH0012032048,RHHVF.US,292.6839
2024-10-22,CH0012032048,RHHVF.US,294.4389
2024-10-23,CH0012032048,RHHVF.US,301.2522
2024-10-24,CH0012032048,RHHVF.US,301.2522
2024-10-25,CH0012032048,RHHVF.US,301.1086
2024-10-28,CH0012032048,RHHVF.US,298.4443
2024-10-29,CH0012032048,RHHVF.US,296.222
2024-10-30,CH0012032048,RHHVF.US,293.0837
2024-10-31,CH0012032048,RHHVF.US,289.1402
2024-11-01,CH0012032048,RHHVF.US,293.3596
2024-11-04,CH0012032048,RHHVF.US,293.2751
2024-11-05,CH0012032048,RHHVF.US,289.3223
2024-11-06,CH0012032048,RHHVF.US,283.6044
2024-11-07,CH0012032048,RHHVF.US,284.1925
2024-11-08,CH0012032048,RHHVF.US,281.394
2024-11-11,CH0012032048,RHHVF.US,281.6286
2024-11-12,CH0012032048,RHHVF.US,280.9435
2024-11-13,CH0012032048,RHHVF.US,276.7372
2024-11-14,CH0012032048,RHHVF.US,271.3053
2024-11-15,CH0012032048,RHHVF.US,262.8496
2024-11-18,CH0012032048,RHHVF.US,267.5045
2024-11-19,CH0012032048,RHHVF.US,265.2671
2024-11-20,CH0012032048,RHHVF.US,262.3804
2024-11-21,CH0012032048,RHHVF.US,267.5964
2024-11-22,CH0012032048,RHHVF.US,269.3796
2024-11-25,CH0012032048,RHHVF.US,269.3514
2024-11-26,CH0012032048,RHHVF.US,265.7167
2024-11-27,CH0012032048,RHHVF.US,264.6515
2024-11-29,CH0012032048,RHHVF.US,270.1848
2024-12-02,CH0012032048,RHHVF.US,267.9423
2024-12-03,CH0012032048,RHHVF.US,268.9051
2024-12-04,CH0012032048,RHHVF.US,267.4444
2024-12-05,CH0012032048,RHHVF.US,272.8303
2024-12-06,CH0012032048,RHHVF.US,270.8736
2024-12-09,CH0012032048,RHHVF.US,271.2584
2024-12-10,CH0012032048,RHHVF.US,269.0623
2024-12-11,CH0012032048,RHHVF.US,269.8976
2024-12-12,CH0012032048,RHHVF.US,271.1176
2024-12-13,CH0012032048,RHHVF.US,266.7255
2024-12-16,CH0012032048,RHHVF.US,266.2469
2024-12-17,CH0012032048,RHHVF.US,271.3109
2024-12-18,CH0012032048,RHHVF.US,270.014
2024-12-19,CH0012032048,RHHVF.US,260.6066
2024-12-20,CH0012032048,RHHVF.US,258.0821
2024-12-23,CH0012032048,RHHVF.US,258.2999
2024-12-24,CH0012032048,RHHVF.US,258.8564
2024-12-26,CH0012032048,RHHVF.US,264.1841
2024-12-27,CH0012032048,RHHVF.US,263.5812
2024-12-30,CH0012032048,RHHVF.US,267.4669
2024-12-31,CH0012032048,RHHVF.US,262.7745
2025-01-02,CH0012032048,RHHVF.US,256.3009
2025-01-03,CH0012032048,RHHVF.US,264.6515
2025-01-06,CH0012032048,RHHVF.US,267.4669
2025-01-07,CH0012032048,RHHVF.US,273.228
2025-01-08,CH0012032048,RHHVF.US,271.7933
2025-01-10,CH0012032048,RHHVF.US,270.9449
2025-01-13,CH0012032048,RHHVF.US,267.9362
2025-01-14,CH0012032048,RHHVF.US,269.6742
2025-01-15,CH0012032048,RHHVF.US,273.6684
2025-01-16,CH0012032048,RHHVF.US,276.65
2025-01-17,CH0012032048,RHHVF.US,270.9393
2025-01-21,CH0012032048,RHHVF.US,279.5657
2025-01-22,CH0012032048,RHHVF.US,285.5646
2025-01-23,CH0012032048,RHHVF.US,285.3375
2025-01-24,CH0012032048,RHHVF.US,286.5293
2025-01-27,CH0012032048,RHHVF.US,292.7121
2025-01-28,CH0012032048,RHHVF.US,290.5066
2025-01-29,CH0012032048,RHHVF.US,292.8998
2025-01-30,CH0012032048,RHHVF.US,296.954
2025-01-31,CH0012032048,RHHVF.US,293.7444
2025-02-03,CH0012032048,RHHVF.US,294.5609
2025-02-04,CH0012032048,RHHVF.US,296.9311
2025-02-05,CH0012032048,RHHVF.US,300.9143
2025-02-06,CH0012032048,RHHVF.US,297.4933
2025-02-07,CH0012032048,RHHVF.US,294.1385
2025-02-10,CH0012032048,RHHVF.US,296.2032
2025-02-11,CH0012032048,RHHVF.US,296.5598
2025-02-12,CH0012032048,RHHVF.US,297.5039
2025-02-13,CH0012032048,RHHVF.US,309.6986
2025-02-14,CH0012032048,RHHVF.US,306.641
2025-02-18,CH0012032048,RHHVF.US,306.8831
2025-02-19,CH0012032048,RHHVF.US,307.0708
2025-02-20,CH0012032048,RHHVF.US,304.0677
2025-02-21,CH0012032048,RHHVF.US,308.5198
2025-02-24,CH0012032048,RHHVF.US,314.391
2025-02-25,CH0012032048,RHHVF.US,314.9149
2025-02-26,CH0012032048,RHHVF.US,311.4535
2025-02-27,CH0012032048,RHHVF.US,310.8247
2025-02-28,CH0012032048,RHHVF.US,309.0862
2025-03-03,CH0012032048,RHHVF.US,317.0074
2025-03-04,CH0012032048,RHHVF.US,325.6452
2025-03-05,CH0012032048,RHHVF.US,320.3691
2025-03-06,CH0012032048,RHHVF.US,320.9603
2025-03-07,CH0012032048,RHHVF.US,325.1553
2025-03-10,CH0012032048,RHHVF.US,324.7142
2025-03-11,CH0012032048,RHHVF.US,318.0041
2025-03-12,CH0012032048,RHHVF.US,325.6527
2025-03-13,CH0012032048,RHHVF.US,320.7614
2025-03-14,CH0012032048,RHHVF.US,322.8504
2025-03-17,CH0012032048,RHHVF.US,329.8778
2025-03-18,CH0012032048,RHHVF.US,329.1889
2025-03-19,CH0012032048,RHHVF.US,327.0417
2025-03-20,CH0012032048,RHHVF.US,325.4744
2025-03-21,CH0012032048,RHHVF.US,329.0876
2025-03-24,CH0012032048,RHHVF.US,322.8223
2025-03-25,CH0012032048,RHHVF.US,323.8133
2025-03-26,CH0012032048,RHHVF.US,319.0834
2025-03-27,CH0012032048,RHHVF.US,311.0368
2025-03-28,CH0012032048,RHHVF.US,329.7099
2025-03-31,CH0012032048,RHHVF.US,317.3019
2025-04-01,CH0012032048,RHHVF.US,319.3715
2025-04-02,CH0012032048,RHHVF.US,318.7891
2025-04-03,CH0012032048,RHHVF.US,314.6538
2025-04-04,CH0012032048,RHHVF.US,293.1617
2025-04-07,CH0012032048,RHHVF.US,278.5541
2025-04-08,CH0012032048,RHHVF.US,278.6007
2025-04-09,CH0012032048,RHHVF.US,282.4447
2025-04-10,CH0012032048,RHHVF.US,286.8985
2025-04-11,CH0012032048,RHHVF.US,295.3362
2025-04-14,CH0012032048,RHHVF.US,294.5402
2025-04-15,CH0012032048,RHHVF.US,297.9649
2025-04-16,CH0012032048,RHHVF.US,298.4231
2025-04-17,CH0012032048,RHHVF.US,304.4436
2025-04-21,CH0012032048,RHHVF.US,297.8989
2025-04-22,CH0012032048,RHHVF.US,298.2406
2025-04-23,CH0012032048,RHHVF.US,303.9369
2025-04-24,CH0012032048,RHHVF.US,309.3497
2025-04-25,CH0012032048,RHHVF.US,308.7653
2025-04-28,CH0012032048,RHHVF.US,312.6929
2025-04-29,CH0012032048,RHHVF.US,316.8639
2025-04-30,CH0012032048,RHHVF.US,315.5663
2025-05-01,CH0012032048,RHHVF.US,312.1105
2025-05-02,CH0012032048,RHHVF.US,319.3715
2025-05-05,CH0012032048,RHHVF.US,323.4661
2025-05-06,CH0012032048,RHHVF.US,317.8572
2025-05-07,CH0012032048,RHHVF.US,310.4214
2025-05-08,CH0012032048,RHHVF.US,304.8304
2025-05-09,CH0012032048,RHHVF.US,299.3841
2025-05-12,CH0012032048,RHHVF.US,310.8291
2025-05-13,CH0012032048,RHHVF.US,295.6177
2025-05-14,CH0012032048,RHHVF.US,295.4798
2025-05-15,CH0012032048,RHHVF.US,300.8305
2025-05-16,CH0012032048,RHHVF.US,301.8692
2025-05-19,CH0012032048,RHHVF.US,302.5778
2025-05-20,CH0012032048,RHHVF.US,308.3382
2025-05-21,CH0012032048,RHHVF.US,304.7678
2025-05-22,CH0012032048,RHHVF.US,302.8691
2025-05-23,CH0012032048,RHHVF.US,304.0437
2025-05-27,CH0012032048,RHHVF.US,306.9461
2025-05-28,CH0012032048,RHHVF.US,303.5777
2025-05-29,CH0012032048,RHHVF.US,311.5086
2025-05-30,CH0012032048,RHHVF.US,313.8869
2025-06-02,CH0012032048,RHHVF.US,316.6535
2025-06-03,CH0012032048,RHHVF.US,311.6057
2025-06-04,CH0012032048,RHHVF.US,319.7695
2025-06-05,CH0012032048,RHHVF.US,316.2167
2025-06-06,CH0012032048,RHHVF.US,318.3309
2025-06-09,CH0012032048,RHHVF.US,318.1309
2025-06-10,CH0012032048,RHHVF.US,319.2473
2025-06-11,CH0012032048,RHHVF.US,318.9056
2025-06-12,CH0012032048,RHHVF.US,325.6668
2025-06-13,CH0012032048,RHHVF.US,323.4292
2025-06-16,CH0012032048,RHHVF.US,312.5638
2025-06-17,CH0012032048,RHHVF.US,311.727
2025-06-18,CH0012032048,RHHVF.US,309.1788
2025-06-20,CH0012032048,RHHVF.US,301.6362
2025-06-23,CH0012032048,RHHVF.US,302.4691
2025-06-24,CH0012032048,RHHVF.US,313.6384
2025-06-25,CH0012032048,RHHVF.US,309.3594
2025-06-26,CH0012032048,RHHVF.US,319.3715
2025-06-27,CH0012032048,RHHVF.US,314.1199
2025-06-30,CH0012032048,RHHVF.US,315.0809
2025-07-01,CH0012032048,RHHVF.US,321.1334
2025-07-02,CH0012032048,RHHVF.US,320.3423
2025-07-03,CH0012032048,RHHVF.US,311.0231
2025-07-07,CH0012032048,RHHVF.US,313.6714
2025-07-08,CH0012032048,RHHVF.US,309.0624
2025-07-09,CH0012032048,RHHVF.US,317.2188
2025-07-10,CH0012032048,RHHVF.US,320.7755
2025-07-11,CH0012032048,RHHVF.US,314.9974
2025-07-14,CH0012032048,RHHVF.US,311.627
2025-07-15,CH0012032048,RHHVF.US,306.6899
2025-07-16,CH0012032048,RHHVF.US,311.6057
2025-07-17,CH0012032048,RHHVF.US,310.9708
2025-07-18,CH0012032048,RHHVF.US,315.0595
2025-07-21,CH0012032048,RHHVF.US,312.0483
2025-07-22,CH0012032048,RHHVF.US,308.014
2025-07-23,CH0012032048,RHHVF.US,319.8957
2025-07-24,CH0012032048,RHHVF.US,324.1767
2025-07-25,CH0012032048,RHHVF.US,320.8451
2025-07-28,CH0012032048,RHHVF.US,317.4689
2025-07-29,CH0012032048,RHHVF.US,313.6054
2025-07-30,CH0012032048,RHHVF.US,312.4269
2025-07-31,CH0012032048,RHHVF.US,307.5286
2025-08-01,CH0012032048,RHHVF.US,307.3014
2025-08-04,CH0012032048,RHHVF.US,307.4839
2025-08-05,CH0012032048,RHHVF.US,305.7628
2025-08-06,CH0012032048,RHHVF.US,296.9165
2025-08-07,CH0012032048,RHHVF.US,298.0154
2025-08-08,CH0012032048,RHHVF.US,296.0739
2025-08-11,CH0012032048,RHHVF.US,292.191
2025-08-12,CH0012032048,RHHVF.US,297.6252
2025-08-13,CH0012032048,RHHVF.US,298.1086
2025-08-14,CH0012032048,RHHVF.US,297.763
2025-08-15,CH0012032048,RHHVF.US,310.6349
2025-08-18,CH0012032048,RHHVF.US,308.6935
2025-08-19,CH0012032048,RHHVF.US,315.0984
2025-08-20,CH0012032048,RHHVF.US,318.5231
2025-08-21,CH0012032048,RHHVF.US,314.8576
2025-08-22,CH0012032048,RHHVF.US,317.2124
2025-08-25,CH0012032048,RHHVF.US,309.2565
2025-08-26,CH0012032048,RHHVF.US,310.4641
2025-08-27,CH0012032048,RHHVF.US,318.7891
2025-08-28,CH0012032048,RHHVF.US,313.0501
2025-08-29,CH0012032048,RHHVF.US,316.0322
2025-09-01,CH0012032048,ROG.SW,252.1818
2025-09-02,CH0012032048,RHHVF.US,314.4053
2025-09-03,CH0012032048,RHHVF.US,326.058
2025-09-04,CH0012032048,RHHVF.US,331.6077
2025-09-05,CH0012032048,RHHVF.US,333.9326
2025-09-08,CH0012032048,RHHVF.US,330.7835
2025-09-09,CH0012032048,RHHVF.US,329.2983
2025-09-10,CH0012032048,RHHVF.US,325.7007
2025-09-11,CH0012032048,RHHVF.US,328.6867
2025-09-12,CH0012032048,RHHVF.US,320.8374
2025-09-15,CH0012032048,RHHVF.US,320.7675
2025-09-16,CH0012032048,RHHVF.US,319.5948
2025-09-17,CH0012032048,RHHVF.US,322.1148
2025-09-18,CH0012032048,RHHVF.US,316.6826
2025-09-19,CH0012032048,RHHVF.US,326.8326
2025-09-22,CH0012032048,RHHVF.US,334.7499
2025-09-23,CH0012032048,RHHVF.US,327.1763
2025-09-24,CH0012032048,RHHVF.US,316.0322
2025-09-25,CH0012032048,RHHVF.US,312.1182
2025-09-26,CH0012032048,RHHVF.US,309.7593
2025-09-29,CH0012032048,RHHVF.US,313.6384
2025-09-30,CH0012032048,RHHVF.US,320.3665
2025-10-01,CH0012032048,RHHVF.US,342.8827
2025-10-02,CH0012032048,RHHVF.US,343.0963
2025-10-03,CH0012032048,RHHVF.US,349.6051
2025-10-06,CH0012032048,RHHVF.US,350.278
2025-10-07,CH0012032048,RHHVF.US,352.2328
2025-10-08,CH0012032048,RHHVF.US,351.3902
2025-10-09,CH0012032048,RHHVF.US,351.0175
2025-10-10,CH0012032048,RHHVF.US,346.5521
2025-10-13,CH0012032048,RHHVF.US,347.3539
2025-10-14,CH0012032048,RHHVF.US,346.2589
2025-10-15,CH0012032048,RHHVF.US,340.9995
2025-10-16,CH0012032048,RHHVF.US,351.4368
2025-10-17,CH0012032048,RHHVF.US,350.3593
2025-10-20,CH0012032048,RHHVF.US,346.455
2025-10-21,CH0012032048,RHHVF.US,344.7951
2025-10-22,CH0012032048,RHHVF.US,344.5
2025-10-23,CH0012032048,RHHVF.US,329.7293
2025-10-24,CH0012032048,RHHVF.US,327.9528
2025-10-27,CH0012032048,RHHVF.US,321.711
2025-10-28,CH0012032048,RHHVF.US,318.2746
2025-10-29,CH0012032048,RHHVF.US,314.8246
2025-10-30,CH0012032048,RHHVF.US,316.3914
2025-10-31,CH0012032048,RHHVF.US,314.8324
2025-11-03,CH0012032048,RHHVF.US,310.0603
2025-11-04,CH0012032048,RHHVF.US,316.0371
2025-11-05,CH0012032048,RHHVF.US,313.1588
2025-11-06,CH0012032048,RHHVF.US,316.7506
2025-11-07,CH0012032048,RHHVF.US,325.867
2025-11-10,CH0012032048,RHHVF.US,340.0191
2025-11-11,CH0012032048,RHHVF.US,347.6393
2025-11-12,CH0012032048,RHHVF.US,351.4058
2025-11-13,CH0012032048,RHHVF.US,353.5006
2025-11-14,CH0012032048,RHHVF.US,349.5226
2025-11-17,CH0012032048,RHHVF.US,351.2873
2025-11-18,CH0012032048,RHHVF.US,382.3411
2025-11-19,CH0012032048,RHHVF.US,371.7912
2025-11-20,CH0012032048,RHHVF.US,371.7278
2025-11-21,CH0012032048,RHHVF.US,380.5278
2025-11-24,CH0012032048,RHHVF.US,370.8205
2025-11-25,CH0012032048,RHHVF.US,379.0568
2025-11-26,CH0012032048,RHHVF.US,375.6402
2025-11-28,CH0012032048,RHHVF.US,371.7912
2025-12-01,CH0012032048,RHHVF.US,377.8796
2025-12-02,CH0012032048,RHHVF.US,374.4703
2025-12-03,CH0012032048,RHHVF.US,381.7188
2025-12-04,CH0012032048,RHHVF.US,383.6264
2025-12-05,CH0012032048,RHHVF.US,372.2397
2025-12-08,CH0012032048,RHHVF.US,382.6324
2025-12-09,CH0012032048,RHHVF.US,379.9842
2025-12-10,CH0012032048,RHHVF.US,392.4872
2025-12-11,CH0012032048,RHHVF.US,385.3426
2025-12-12,CH0012032048,RHHVF.US,392.8814
2025-12-15,CH0012032048,RHHVF.US,390.3963
2025-12-16,CH0012032048,RHHVF.US,387.4783
2025-12-17,CH0012032048,RHHVF.US,381.0578
2025-12-18,CH0012032048,RHHVF.US,388.6189
2025-12-19,CH0012032048,RHHVF.US,403.9322
2025-12-22,CH0012032048,RHHVF.US,396.4343
2025-12-23,CH0012032048,RHHVF.US,406.9949
2025-12-24,CH0012032048,RHHVF.US,403.1508
2025-12-26,CH0012032048,RHHVF.US,391.9436
2025-12-29,CH0012032048,RHHVF.US,397.7059
2025-12-30,CH0012032048,RHHVF.US,390.371
2025-12-31,CH0012032048,RHHVF.US,400.8307
2026-01-02,CH0012032048,RHHVF.US,392.0058
2026-01-05,CH0012032048,RHHVF.US,400.3806
2026-01-06,CH0012032048,RHHVF.US,404.7903
2026-01-07,CH0012032048,RHHVF.US,408.9508
2026-01-08,CH0012032048,RHHVF.US,407.7084
2026-01-09,CH0012032048,RHHVF.US,409.1742
2026-01-12,CH0012032048,RHHVF.US,414.3142
2026-01-13,CH0012032048,RHHVF.US,413.5328
2026-01-14,CH0012032048,RHHVF.US,410.2827
2026-01-15,CH0012032048,RHHVF.US,428.5325
2026-01-16,CH0012032048,RHHVF.US,426.3076
2026-01-20,CH0012032048,RHHVF.US,426.9037
2026-01-21,CH0012032048,RHHVF.US,425.8417
2026-01-22,CH0012032048,RHHVF.US,422.847
2026-01-23,CH0012032048,RHHVF.US,430.0352
2026-01-26,CH0012032048,RHHVF.US,433.1144
2026-01-27,CH0012032048,RHHVF.US,437.8399
2026-01-28,CH0012032048,RHHVF.US,411.5913
2026-01-29,CH0012032048,RHHVF.US,454.8996
2026-01-30,CH0012032048,RHHVF.US,430.1711
2026-02-02,CH0012032048,RHHVF.US,441.3108
2026-02-03,CH0012032048,RHHVF.US,438.966
2026-02-04,CH0012032048,RHHVF.US,445.1107
2026-02-05,CH0012032048,RHHVF.US,443.6255
2026-02-06,CH0012032048,RHHVF.US,446.8328
2026-02-09,CH0012032048,RHHVF.US,441.1793
2026-02-10,CH0012032048,RHHVF.US,451.4011
2026-02-11,CH0012032048,RHHVF.US,453.0319
2026-02-12,CH0012032048,RHHVF.US,452.6359
2026-02-13,CH0012032048,RHHVF.US,464.6516
2026-02-17,CH0012032048,RHHVF.US,472.8485
2026-02-18,CH0012032048,RHHVF.US,464.866
2026-02-19,CH0012032048,RHHVF.US,463.4625
2026-02-20,CH0012032048,RHHVF.US,465.9524
2026-02-23,CH0012032048,RHHVF.US,465.9524
2026-02-24,CH0012032048,RHHVF.US,468.4375
2026-02-25,CH0012032048,RHHVF.US,459.2194
2026-02-26,CH0012032048,RHHVF.US,465.9524
2026-02-27,CH0012032048,RHHVF.US,465.9524
2026-03-02,CH0012032048,RHHVF.US,456.8275
2026-03-03,CH0012032048,RHHVF.US,439.0145
2026-03-04,CH0012032048,RHHVF.US,450.6051
2026-03-05,CH0012032048,RHHVF.US,435.8888
2026-03-06,CH0012032048,RHHVF.US,426.2217
2026-03-09,CH0012032048,RHHVF.US,425.1719
2026-03-10,CH0012032048,RHHVF.US,425.3835
2026-03-11,CH0012032048,RHHVF.US,414.2317
2026-03-12,CH0012032048,RHHVF.US,430.0
2026-03-13,CH0012032048,RHHVF.US,418.84
2026-03-16,CH0012032048,RHHVF.US,402.89
2026-03-17,CH0012032048,RHHVF.US,432.8
2026-03-18,CH0012032048,RHHVF.US,385.23
2026-03-19,CH0012032048,RHHVF.US,371.06
2026-03-20,CH0012032048,RHHVF.US,395.01
2026-03-23,CH0012032048,RHHVF.US,387.28
2026-03-24,CH0012032048,RHHVF.US,396.11
2026-03-25,CH0012032048,RHHVF.US,394.17
2026-03-26,CH0012032048,RHHVF.US,393.97
2026-03-27,CH0012032048,RHHVF.US,390.0
2026-03-30,CH0012032048,RHHVF.US,381.48
2026-03-31,CH0012032048,RHHVF.US,370.48
2026-04-01,CH0012032048,RHHVF.US,402.85
2026-04-02,CH0012032048,RHHVF.US,404.0
2026-04-06,CH0012032048,RHHVF.US,402.9
2026-04-07,CH0012032048,RHHVF.US,387.32
2026-04-08,CH0012032048,RHHVF.US,400.0
2026-04-09,CH0012032048,RHHVF.US,381.84
2026-04-10,CH0012032048,RHHVF.US,401.04
2026-04-13,CH0012032048,RHHVF.US,403.51
2026-04-14,CH0012032048,RHHVF.US,387.1
2026-04-15,CH0012032048,RHHVF.US,417.0
2026-04-16,CH0012032048,RHHVF.US,413.48
2026-04-17,CH0012032048,RHHVF.US,405.0
2026-04-20,CH0012032048,RHHVF.US,412.58
2026-04-21,CH0012032048,RHHVF.US,400.0
2026-04-22,CH0012032048,RHHVF.US,406.0
2026-04-23,CH0012032048,RHHVF.US,414.62
2026-04-24,CH0012032048,RHHVF.US,413.0
2020-05-04,CH0012214059,0QKY.LSE,15.1484
2020-05-15,CH0012214059,0QKY.LSE,15.348
2020-05-18,CH0012214059,0QKY.LSE,15.2962
2020-06-03,CH0012214059,0QKY.LSE,17.6356
2020-07-21,CH0012214059,0QKY.LSE,18.8612
2020-08-18,CH0012214059,0QKY.LSE,18.2651
2020-08-25,CH0012214059,0QKY.LSE,18.3388
2020-08-26,CH0012214059,0QKY.LSE,18.135
2020-08-28,CH0012214059,0QKY.LSE,18.053
2020-09-04,CH0012214059,0QKY.LSE,17.7524
2020-09-07,CH0012214059,0QKY.LSE,17.9081
2020-09-09,CH0012214059,0QKY.LSE,18.2056
2020-09-11,CH0012214059,0QKY.LSE,18.5241
2020-09-29,CH0012214059,0QKY.LSE,17.5973
2020-10-02,CH0012214059,0QKY.LSE,17.4675
2020-10-09,CH0012214059,0QKY.LSE,18.2213
2020-10-12,CH0012214059,0QKY.LSE,18.2736
2020-10-13,CH0012214059,0QKY.LSE,18.2666
2020-10-14,CH0012214059,0QKY.LSE,17.9613
2020-10-16,CH0012214059,0QKY.LSE,18.1904
2020-10-21,CH0012214059,0QKY.LSE,17.7089
2020-10-22,CH0012214059,0QKY.LSE,17.4555
2020-10-23,CH0012214059,0QKY.LSE,17.7693
2020-10-26,CH0012214059,0QKY.LSE,17.2266
2020-10-27,CH0012214059,0QKY.LSE,16.7921
2020-10-28,CH0012214059,0QKY.LSE,16.2894
2020-10-29,CH0012214059,0QKY.LSE,16.2117
2020-10-30,CH0012214059,0QKY.LSE,16.4872
2020-11-02,CH0012214059,0QKY.LSE,17.3467
2020-11-03,CH0012214059,0QKY.LSE,17.9254
2020-11-04,CH0012214059,0QKY.LSE,17.5888
2020-11-05,CH0012214059,0QKY.LSE,17.8201
2020-11-09,CH0012214059,0QKY.LSE,18.6395
2020-11-10,CH0012214059,0QKY.LSE,19.3895
2020-11-12,CH0012214059,0QKY.LSE,19.2092
2020-11-13,CH0012214059,0QKY.LSE,19.0893
2020-11-16,CH0012214059,0QKY.LSE,19.5546
2020-11-18,CH0012214059,0QKY.LSE,19.6311
2020-11-19,CH0012214059,0QKY.LSE,19.58
2020-11-20,CH0012214059,0QKY.LSE,19.5541
2020-11-23,CH0012214059,0QKY.LSE,19.6308
2020-11-24,CH0012214059,0QKY.LSE,20.2426
2020-11-25,CH0012214059,0QKY.LSE,20.136
2020-11-27,CH0012214059,0QKY.LSE,20.1581
2020-11-30,CH0012214059,0QKY.LSE,20.1512
2020-12-03,CH0012214059,0QKY.LSE,20.1408
2020-12-04,CH0012214059,0QKY.LSE,20.3117
2020-12-07,CH0012214059,0QKY.LSE,20.0518
2020-12-15,CH0012214059,0QKY.LSE,19.543
2020-12-16,CH0012214059,0QKY.LSE,19.6739
2020-12-18,CH0012214059,0QKY.LSE,20.0529
2020-12-21,CH0012214059,0QKY.LSE,19.4062
2021-01-04,CH0012214059,0QKY.LSE,20.4843
2021-01-06,CH0012214059,0QKY.LSE,21.4898
2021-01-07,CH0012214059,0QKY.LSE,21.99
2021-01-08,CH0012214059,0QKY.LSE,22.1504
2021-02-16,CH0012214059,0QKY.LSE,21.2378
2021-02-17,CH0012214059,0QKY.LSE,20.6893
2021-02-18,CH0012214059,0QKY.LSE,20.639
2021-02-19,CH0012214059,0QKY.LSE,20.861
2021-02-22,CH0012214059,0QKY.LSE,21.0117
2021-02-23,CH0012214059,0QKY.LSE,21.0871
2021-02-24,CH0012214059,0QKY.LSE,21.5477
2021-02-25,CH0012214059,0QKY.LSE,21.5393
2021-02-26,CH0012214059,0QKY.LSE,21.0033
2021-03-01,CH0012214059,0QKY.LSE,21.6054
2021-03-02,CH0012214059,0QKY.LSE,22.0585
2021-03-03,CH0012214059,0QKY.LSE,22.0792
2021-03-04,CH0012214059,0QKY.LSE,22.3516
2021-03-05,CH0012214059,0QKY.LSE,22.2511
2021-03-08,CH0012214059,0QKY.LSE,22.5694
2021-03-09,CH0012214059,0QKY.LSE,22.4772
2021-03-10,CH0012214059,0QKY.LSE,22.3846
2021-03-11,CH0012214059,0QKY.LSE,22.6196
2021-03-12,CH0012214059,0QKY.LSE,22.6538
2021-03-15,CH0012214059,0QKY.LSE,22.7151
2021-03-16,CH0012214059,0QKY.LSE,22.3105
2021-03-17,CH0012214059,0QKY.LSE,22.1665
2021-03-18,CH0012214059,0QKY.LSE,22.3083
2021-03-19,CH0012214059,0QKY.LSE,22.2622
2021-03-22,CH0012214059,0QKY.LSE,22.092
2021-03-23,CH0012214059,0QKY.LSE,22.159
2021-03-24,CH0012214059,0QKY.LSE,21.9831
2021-03-25,CH0012214059,0QKY.LSE,22.762
2021-03-26,CH0012214059,0QKY.LSE,22.9881
2021-03-29,CH0012214059,0QKY.LSE,23.0802
2021-03-30,CH0012214059,0QKY.LSE,23.2477
2021-03-31,CH0012214059,0QKY.LSE,23.2561
2021-04-01,CH0012214059,0QKY.LSE,23.1942
2021-04-06,CH0012214059,0QKY.LSE,23.5827
2021-04-07,CH0012214059,0QKY.LSE,23.7981
2021-04-08,CH0012214059,0QKY.LSE,23.6413
2021-04-09,CH0012214059,0QKY.LSE,23.9009
2021-04-12,CH0012214059,0QKY.LSE,23.8842
2021-04-13,CH0012214059,0QKY.LSE,23.9142
2021-04-14,CH0012214059,0QKY.LSE,24.0694
2021-04-15,CH0012214059,0QKY.LSE,23.9917
2021-04-16,CH0012214059,0QKY.LSE,24.4704
2021-04-19,CH0012214059,0QKY.LSE,24.2117
2021-04-20,CH0012214059,0QKY.LSE,23.8979
2021-04-21,CH0012214059,0QKY.LSE,23.9576
2021-04-22,CH0012214059,0QKY.LSE,23.7657
2021-04-23,CH0012214059,0QKY.LSE,23.7126
2021-04-26,CH0012214059,0QKY.LSE,24.0301
2021-04-27,CH0012214059,0QKY.LSE,23.6108
2021-04-28,CH0012214059,0QKY.LSE,23.8502
2021-04-29,CH0012214059,0QKY.LSE,23.7154
2021-04-30,CH0012214059,0QKY.LSE,23.6506
2021-05-04,CH0012214059,0QKY.LSE,23.6999
2021-05-05,CH0012214059,0QKY.LSE,24.1988
2021-05-06,CH0012214059,0QKY.LSE,24.0433
2021-05-07,CH0012214059,0QKY.LSE,24.0238
2021-05-10,CH0012214059,0QKY.LSE,24.0055
2021-05-11,CH0012214059,0QKY.LSE,23.4221
2021-05-12,CH0012214059,0QKY.LSE,23.4134
2021-05-14,CH0012214059,0QKY.LSE,23.4568
2021-05-17,CH0012214059,0QKY.LSE,23.4803
2021-05-18,CH0012214059,0QKY.LSE,23.6666
2021-05-19,CH0012214059,0QKY.LSE,23.4814
2021-05-20,CH0012214059,0QKY.LSE,23.0489
2021-05-21,CH0012214059,0QKY.LSE,22.975
2021-05-25,CH0012214059,0QKY.LSE,23.2378
2021-05-26,CH0012214059,0QKY.LSE,23.1144
2021-05-27,CH0012214059,0QKY.LSE,23.384
2021-05-28,CH0012214059,0QKY.LSE,23.396
2021-06-01,CH0012214059,0QKY.LSE,23.7851
2021-06-02,CH0012214059,0QKY.LSE,23.7992
2021-06-03,CH0012214059,0QKY.LSE,23.8698
2021-06-04,CH0012214059,0QKY.LSE,23.8004
2021-06-07,CH0012214059,0QKY.LSE,23.7357
2021-06-08,CH0012214059,0QKY.LSE,23.7483
2021-06-09,CH0012214059,0QKY.LSE,23.9427
2021-06-10,CH0012214059,0QKY.LSE,24.2945
2021-06-11,CH0012214059,0QKY.LSE,24.7089
2021-06-14,CH0012214059,0QKY.LSE,24.5695
2021-06-15,CH0012214059,0QKY.LSE,24.4765
2021-06-16,CH0012214059,0QKY.LSE,24.5441
2021-06-17,CH0012214059,0QKY.LSE,24.4872
2021-06-18,CH0012214059,0QKY.LSE,24.1551
2021-06-21,CH0012214059,0QKY.LSE,24.2168
2021-06-22,CH0012214059,0QKY.LSE,24.2665
2021-06-23,CH0012214059,0QKY.LSE,24.0606
2021-06-24,CH0012214059,0QKY.LSE,24.4077
2021-06-25,CH0012214059,0QKY.LSE,24.7399
2021-06-28,CH0012214059,0QKY.LSE,24.2377
2021-06-29,CH0012214059,0QKY.LSE,24.2652
2021-06-30,CH0012214059,0QKY.LSE,24.0903
2021-07-01,CH0012214059,0QKY.LSE,24.2711
2021-07-02,CH0012214059,0QKY.LSE,23.9888
2021-07-05,CH0012214059,0QKY.LSE,23.8096
2021-07-06,CH0012214059,0QKY.LSE,23.5596
2021-07-07,CH0012214059,0QKY.LSE,23.6594
2021-07-08,CH0012214059,0QKY.LSE,23.0637
2021-07-09,CH0012214059,0QKY.LSE,23.2603
2021-07-12,CH0012214059,0QKY.LSE,23.2894
2021-07-13,CH0012214059,0QKY.LSE,23.324
2021-07-14,CH0012214059,0QKY.LSE,23.2374
2021-07-15,CH0012214059,0QKY.LSE,23.1662
2021-07-16,CH0012214059,0QKY.LSE,22.8969
2021-07-19,CH0012214059,0QKY.LSE,22.0694
2021-07-20,CH0012214059,0QKY.LSE,22.4201
2021-07-21,CH0012214059,0QKY.LSE,22.8519
2021-07-22,CH0012214059,0QKY.LSE,23.2262
2021-07-23,CH0012214059,0QKY.LSE,23.1289
2021-07-26,CH0012214059,0QKY.LSE,23.2373
2021-07-27,CH0012214059,0QKY.LSE,23.0201
2021-07-28,CH0012214059,0QKY.LSE,23.2366
2021-07-29,CH0012214059,0QKY.LSE,23.3292
2021-07-30,CH0012214059,0QKY.LSE,23.0527
2021-08-02,CH0012214059,0QKY.LSE,23.1756
2021-08-03,CH0012214059,0QKY.LSE,23.1168
2021-08-04,CH0012214059,0QKY.LSE,22.9298
2021-08-05,CH0012214059,0QKY.LSE,22.8372
2021-08-06,CH0012214059,0QKY.LSE,22.9327
2021-08-09,CH0012214059,0QKY.LSE,22.9529
2021-08-10,CH0012214059,0QKY.LSE,23.0268
2021-08-11,CH0012214059,0QKY.LSE,23.245
2021-08-12,CH0012214059,0QKY.LSE,23.4562
2021-08-13,CH0012214059,0QKY.LSE,23.4272
2021-08-16,CH0012214059,0QKY.LSE,23.0455
2021-08-17,CH0012214059,0QKY.LSE,22.9482
2021-08-18,CH0012214059,0QKY.LSE,22.7714
2021-08-19,CH0012214059,0QKY.LSE,22.3854
2021-08-20,CH0012214059,0QKY.LSE,22.2957
2021-08-23,CH0012214059,0QKY.LSE,22.5001
2021-08-24,CH0012214059,0QKY.LSE,22.6263
2021-08-25,CH0012214059,0QKY.LSE,22.5903
2021-08-26,CH0012214059,0QKY.LSE,22.6837
2021-08-27,CH0012214059,0QKY.LSE,22.7899
2021-08-31,CH0012214059,0QKY.LSE,22.8509
2021-09-01,CH0012214059,0QKY.LSE,22.706
2021-09-02,CH0012214059,0QKY.LSE,22.7466
2021-09-03,CH0012214059,0QKY.LSE,22.7068
2021-09-06,CH0012214059,0QKY.LSE,21.6992
2021-09-07,CH0012214059,0QKY.LSE,21.4432
2021-09-08,CH0012214059,0QKY.LSE,20.5158
2021-09-09,CH0012214059,0QKY.LSE,20.6013
2021-09-10,CH0012214059,0QKY.LSE,20.717
2021-09-13,CH0012214059,0QKY.LSE,21.0752
2021-09-14,CH0012214059,0QKY.LSE,21.0109
2021-09-15,CH0012214059,0QKY.LSE,20.7763
2021-09-16,CH0012214059,0QKY.LSE,20.7331
2021-09-17,CH0012214059,0QKY.LSE,20.3513
2021-09-20,CH0012214059,0QKY.LSE,19.6131
2021-09-21,CH0012214059,0QKY.LSE,19.3752
2021-09-22,CH0012214059,0QKY.LSE,19.4722
2021-09-23,CH0012214059,0QKY.LSE,19.9532
2021-09-24,CH0012214059,0QKY.LSE,19.783
2021-09-27,CH0012214059,0QKY.LSE,20.039
2021-09-28,CH0012214059,0QKY.LSE,19.9451
2021-09-29,CH0012214059,0QKY.LSE,19.7015
2021-09-30,CH0012214059,0QKY.LSE,19.5864
2021-10-01,CH0012214059,0QKY.LSE,19.4504
2021-10-04,CH0012214059,0QKY.LSE,19.4898
2021-10-05,CH0012214059,0QKY.LSE,19.3677
2021-10-06,CH0012214059,0QKY.LSE,19.0481
2021-10-07,CH0012214059,0QKY.LSE,19.5039
2021-10-08,CH0012214059,0QKY.LSE,19.5049
2021-10-11,CH0012214059,0QKY.LSE,19.2613
2021-10-12,CH0012214059,0QKY.LSE,19.0917
2021-10-13,CH0012214059,0QKY.LSE,19.1298
2021-10-14,CH0012214059,0QKY.LSE,19.2277
2021-10-15,CH0012214059,0QKY.LSE,19.3058
2021-10-18,CH0012214059,0QKY.LSE,19.1428
2021-10-19,CH0012214059,0QKY.LSE,19.6204
2021-10-20,CH0012214059,0QKY.LSE,19.6225
2021-10-21,CH0012214059,0QKY.LSE,19.488
2021-10-22,CH0012214059,0QKY.LSE,19.5901
2021-10-25,CH0012214059,0QKY.LSE,19.6709
2021-10-26,CH0012214059,0QKY.LSE,19.9305
2021-10-27,CH0012214059,0QKY.LSE,19.6919
2021-10-28,CH0012214059,0QKY.LSE,19.783
2021-10-29,CH0012214059,0QKY.LSE,20.1439
2021-11-01,CH0012214059,0QKY.LSE,20.2299
2021-11-02,CH0012214059,0QKY.LSE,20.1991
2021-11-03,CH0012214059,0QKY.LSE,20.3463
2021-11-04,CH0012214059,0QKY.LSE,20.2529
2021-11-05,CH0012214059,0QKY.LSE,20.4771
2021-11-08,CH0012214059,0QKY.LSE,20.5118
2021-11-09,CH0012214059,0QKY.LSE,20.629
2021-11-10,CH0012214059,0QKY.LSE,20.511
2021-11-11,CH0012214059,0QKY.LSE,20.7178
2021-11-12,CH0012214059,0QKY.LSE,20.9184
2021-11-15,CH0012214059,0QKY.LSE,20.8329
2021-11-16,CH0012214059,0QKY.LSE,20.9478
2021-11-17,CH0012214059,0QKY.LSE,20.9832
2021-11-18,CH0012214059,0QKY.LSE,20.6608
2021-11-19,CH0012214059,0QKY.LSE,20.1625
2021-11-22,CH0012214059,0QKY.LSE,20.1394
2021-11-23,CH0012214059,0QKY.LSE,20.1551
2021-11-24,CH0012214059,0QKY.LSE,20.6501
2021-11-25,CH0012214059,0QKY.LSE,20.5553
2021-11-26,CH0012214059,0QKY.LSE,20.0736
2021-11-29,CH0012214059,0QKY.LSE,19.7372
2021-11-30,CH0012214059,0QKY.LSE,19.2938
2021-12-01,CH0012214059,0QKY.LSE,19.3795
2021-12-02,CH0012214059,0QKY.LSE,19.2036
2021-12-03,CH0012214059,0QKY.LSE,19.2965
2021-12-06,CH0012214059,0QKY.LSE,19.7882
2021-12-07,CH0012214059,0QKY.LSE,20.1234
2021-12-08,CH0012214059,0QKY.LSE,20.0433
2021-12-09,CH0012214059,0QKY.LSE,19.5946
2021-12-10,CH0012214059,0QKY.LSE,19.5811
2021-12-13,CH0012214059,0QKY.LSE,19.5507
2021-12-14,CH0012214059,0QKY.LSE,19.6442
2021-12-15,CH0012214059,0QKY.LSE,19.4249
2021-12-16,CH0012214059,0QKY.LSE,19.6181
2021-12-17,CH0012214059,0QKY.LSE,19.5656
2021-12-20,CH0012214059,0QKY.LSE,19.1885
2021-12-21,CH0012214059,0QKY.LSE,19.5555
2021-12-22,CH0012214059,0QKY.LSE,19.5704
2021-12-23,CH0012214059,0QKY.LSE,19.9753
2021-12-29,CH0012214059,0QKY.LSE,20.2472
2021-12-30,CH0012214059,0QKY.LSE,20.1778
2022-01-04,CH0012214059,0QKY.LSE,20.8719
2022-01-05,CH0012214059,0QKY.LSE,20.9596
2022-01-06,CH0012214059,0QKY.LSE,20.911
2022-01-07,CH0012214059,0QKY.LSE,20.9804
2022-01-10,CH0012214059,0QKY.LSE,21.1298
2022-01-11,CH0012214059,0QKY.LSE,21.827
2022-01-12,CH0012214059,0QKY.LSE,22.338
2022-01-13,CH0012214059,0QKY.LSE,22.6485
2022-01-14,CH0012214059,0QKY.LSE,22.6525
2022-01-17,CH0012214059,0QKY.LSE,22.7152
2022-01-18,CH0012214059,0QKY.LSE,22.3949
2022-01-19,CH0012214059,0QKY.LSE,22.1493
2022-01-20,CH0012214059,0QKY.LSE,22.1757
2022-01-21,CH0012214059,0QKY.LSE,21.8087
2022-01-24,CH0012214059,0QKY.LSE,21.0582
2022-01-25,CH0012214059,0QKY.LSE,21.2147
2022-01-26,CH0012214059,0QKY.LSE,21.2103
2022-01-27,CH0012214059,0QKY.LSE,21.4988
2022-01-28,CH0012214059,0QKY.LSE,21.395
2022-01-31,CH0012214059,0QKY.LSE,21.5531
2022-02-01,CH0012214059,0QKY.LSE,22.0631
2022-02-02,CH0012214059,0QKY.LSE,22.0563
2022-02-03,CH0012214059,0QKY.LSE,22.0042
2022-02-04,CH0012214059,0QKY.LSE,21.6514
2022-02-07,CH0012214059,0QKY.LSE,21.8324
2022-02-08,CH0012214059,0QKY.LSE,22.0096
2022-02-09,CH0012214059,0QKY.LSE,22.4664
2022-02-10,CH0012214059,0QKY.LSE,22.3977
2022-02-11,CH0012214059,0QKY.LSE,22.3046
2022-02-14,CH0012214059,0QKY.LSE,21.9956
2022-02-15,CH0012214059,0QKY.LSE,22.2819
2022-02-16,CH0012214059,0QKY.LSE,22.3253
2022-02-17,CH0012214059,0QKY.LSE,21.9956
2022-02-18,CH0012214059,0QKY.LSE,21.9454
2022-02-21,CH0012214059,0QKY.LSE,21.4706
2022-02-22,CH0012214059,0QKY.LSE,21.219
2022-02-23,CH0012214059,0QKY.LSE,20.8951
2022-02-24,CH0012214059,0QKY.LSE,19.8047
2022-02-25,CH0012214059,0QKY.LSE,19.9501
2022-02-28,CH0012214059,0QKY.LSE,19.9956
2022-03-01,CH0012214059,0QKY.LSE,19.488
2022-03-02,CH0012214059,0QKY.LSE,19.3492
2022-03-03,CH0012214059,0QKY.LSE,19.6198
2022-03-04,CH0012214059,0QKY.LSE,18.1691
2022-03-07,CH0012214059,0QKY.LSE,18.2014
2022-03-08,CH0012214059,0QKY.LSE,17.527
2022-03-09,CH0012214059,0QKY.LSE,18.8042
2022-03-10,CH0012214059,0QKY.LSE,18.9319
2022-03-11,CH0012214059,0QKY.LSE,19.2436
2022-03-14,CH0012214059,0QKY.LSE,19.7171
2022-03-15,CH0012214059,0QKY.LSE,19.5053
2022-03-16,CH0012214059,0QKY.LSE,19.9842
2022-03-17,CH0012214059,0QKY.LSE,20.1735
2022-03-18,CH0012214059,0QKY.LSE,20.19
2022-03-21,CH0012214059,0QKY.LSE,20.0822
2022-03-22,CH0012214059,0QKY.LSE,20.1277
2022-03-23,CH0012214059,0QKY.LSE,19.911
2022-03-24,CH0012214059,0QKY.LSE,19.4359
2022-03-25,CH0012214059,0QKY.LSE,19.3766
2022-03-28,CH0012214059,0QKY.LSE,19.4945
2022-03-29,CH0012214059,0QKY.LSE,20.1995
2022-03-30,CH0012214059,0QKY.LSE,19.7917
2022-03-31,CH0012214059,0QKY.LSE,19.6485
2022-04-01,CH0012214059,0QKY.LSE,19.6976
2022-04-04,CH0012214059,0QKY.LSE,19.6095
2022-04-05,CH0012214059,0QKY.LSE,19.1055
2022-04-06,CH0012214059,0QKY.LSE,18.6598
2022-04-07,CH0012214059,0QKY.LSE,18.4926
2022-04-08,CH0012214059,0QKY.LSE,18.7294
2022-04-11,CH0012214059,0QKY.LSE,18.6426
2022-04-12,CH0012214059,0QKY.LSE,18.4826
2022-04-13,CH0012214059,0QKY.LSE,18.3785
2022-04-14,CH0012214059,0QKY.LSE,19.0707
2022-04-19,CH0012214059,0QKY.LSE,18.975
2022-04-20,CH0012214059,0QKY.LSE,19.4706
2022-04-21,CH0012214059,0QKY.LSE,19.9226
2022-04-22,CH0012214059,0QKY.LSE,20.7881
2022-04-25,CH0012214059,0QKY.LSE,20.8824
2022-04-26,CH0012214059,0QKY.LSE,21.5095
2022-04-27,CH0012214059,0QKY.LSE,20.7614
2022-04-28,CH0012214059,0QKY.LSE,20.82
2022-04-29,CH0012214059,0QKY.LSE,20.8564
2022-05-02,CH0012214059,HOLN.SW,21.6251
2022-05-03,CH0012214059,0QKY.LSE,20.8019
2022-05-04,CH0012214059,0QKY.LSE,21.1066
2022-05-05,CH0012214059,0QKY.LSE,21.0845
2022-05-06,CH0012214059,0QKY.LSE,20.7815
2022-05-09,CH0012214059,0QKY.LSE,20.423
2022-05-10,CH0012214059,0QKY.LSE,21.0719
2022-05-11,CH0012214059,0QKY.LSE,21.0853
2022-05-12,CH0012214059,0QKY.LSE,20.827
2022-05-13,CH0012214059,0QKY.LSE,21.3568
2022-05-16,CH0012214059,0QKY.LSE,21.3294
2022-05-17,CH0012214059,0QKY.LSE,21.7584
2022-05-18,CH0012214059,0QKY.LSE,21.5391
2022-05-19,CH0012214059,0QKY.LSE,21.1054
2022-05-20,CH0012214059,0QKY.LSE,21.4907
2022-05-23,CH0012214059,0QKY.LSE,21.4495
2022-05-24,CH0012214059,0QKY.LSE,21.4215
2022-05-25,CH0012214059,0QKY.LSE,21.6223
2022-05-27,CH0012214059,0QKY.LSE,21.823
2022-05-30,CH0012214059,0QKY.LSE,21.9866
2022-05-31,CH0012214059,0QKY.LSE,21.5902
2022-06-01,CH0012214059,0QKY.LSE,21.6741
2022-06-07,CH0012214059,0QKY.LSE,22.0868
2022-06-08,CH0012214059,0QKY.LSE,22.0387
2022-06-09,CH0012214059,0QKY.LSE,22.1904
2022-06-10,CH0012214059,0QKY.LSE,21.2186
2022-06-13,CH0012214059,0QKY.LSE,20.7804
2022-06-14,CH0012214059,0QKY.LSE,21.0398
2022-06-15,CH0012214059,0QKY.LSE,21.3446
2022-06-16,CH0012214059,0QKY.LSE,20.3488
2022-06-17,CH0012214059,0QKY.LSE,20.1384
2022-06-20,CH0012214059,0QKY.LSE,20.0053
2022-06-21,CH0012214059,0QKY.LSE,20.2939
2022-06-22,CH0012214059,0QKY.LSE,19.8059
2022-06-23,CH0012214059,0QKY.LSE,19.4949
2022-06-24,CH0012214059,0QKY.LSE,19.8484
2022-06-27,CH0012214059,0QKY.LSE,19.5205
2022-06-28,CH0012214059,0QKY.LSE,19.2303
2022-06-29,CH0012214059,0QKY.LSE,18.9286
2022-06-30,CH0012214059,0QKY.LSE,18.5015
2022-07-01,CH0012214059,0QKY.LSE,18.5072
2022-07-04,CH0012214059,0QKY.LSE,18.7043
2022-07-05,CH0012214059,0QKY.LSE,17.9294
2022-07-06,CH0012214059,0QKY.LSE,17.9275
2022-07-07,CH0012214059,0QKY.LSE,18.2166
2022-07-08,CH0012214059,0QKY.LSE,18.9101
2022-07-11,CH0012214059,0QKY.LSE,18.7298
2022-07-12,CH0012214059,0QKY.LSE,18.8981
2022-07-13,CH0012214059,0QKY.LSE,18.6958
2022-07-14,CH0012214059,0QKY.LSE,18.3598
2022-07-15,CH0012214059,0QKY.LSE,18.607
2022-07-18,CH0012214059,0QKY.LSE,18.9047
2022-07-19,CH0012214059,0QKY.LSE,18.9707
2022-07-20,CH0012214059,0QKY.LSE,19.0351
2022-07-21,CH0012214059,0QKY.LSE,19.0524
2022-07-22,CH0012214059,0QKY.LSE,18.9275
2022-07-25,CH0012214059,0QKY.LSE,19.0693
2022-07-26,CH0012214059,0QKY.LSE,18.7318
2022-07-27,CH0012214059,0QKY.LSE,19.6469
2022-07-28,CH0012214059,0QKY.LSE,19.9868
2022-07-29,CH0012214059,0QKY.LSE,20.1876
2022-08-02,CH0012214059,0QKY.LSE,19.835
2022-08-03,CH0012214059,0QKY.LSE,20.0033
2022-08-04,CH0012214059,0QKY.LSE,20.2598
2022-08-05,CH0012214059,0QKY.LSE,20.3334
2022-08-08,CH0012214059,0QKY.LSE,20.4081
2022-08-09,CH0012214059,0QKY.LSE,20.3806
2022-08-10,CH0012214059,0QKY.LSE,20.617
2022-08-11,CH0012214059,0QKY.LSE,20.6708
2022-08-12,CH0012214059,0QKY.LSE,20.7666
2022-08-15,CH0012214059,0QKY.LSE,20.8409
2022-08-16,CH0012214059,0QKY.LSE,21.0008
2022-08-17,CH0012214059,0QKY.LSE,20.8202
2022-08-18,CH0012214059,0QKY.LSE,20.7535
2022-08-19,CH0012214059,0QKY.LSE,20.6989
2022-08-22,CH0012214059,0QKY.LSE,20.4367
2022-08-23,CH0012214059,0QKY.LSE,20.1987
2022-08-24,CH0012214059,0QKY.LSE,19.7986
2022-08-25,CH0012214059,0QKY.LSE,20.0774
2022-08-26,CH0012214059,0QKY.LSE,19.958
2022-08-30,CH0012214059,0QKY.LSE,19.9516
2022-08-31,CH0012214059,0QKY.LSE,19.8161
2022-09-01,CH0012214059,0QKY.LSE,19.4693
2022-09-02,CH0012214059,0QKY.LSE,20.1943
2022-09-05,CH0012214059,0QKY.LSE,19.8135
2022-09-06,CH0012214059,0QKY.LSE,20.2107
2022-09-07,CH0012214059,0QKY.LSE,20.353
2022-09-08,CH0012214059,0QKY.LSE,20.5219
2022-09-09,CH0012214059,0QKY.LSE,20.4559
2022-09-12,CH0012214059,0QKY.LSE,20.9074
2022-09-13,CH0012214059,0QKY.LSE,21.0041
2022-09-14,CH0012214059,0QKY.LSE,20.5303
2022-09-15,CH0012214059,0QKY.LSE,20.6172
2022-09-16,CH0012214059,0QKY.LSE,20.2488
2022-09-20,CH0012214059,0QKY.LSE,19.8933
2022-09-21,CH0012214059,0QKY.LSE,19.6381
2022-09-22,CH0012214059,0QKY.LSE,19.2939
2022-09-23,CH0012214059,0QKY.LSE,18.5126
2022-09-26,CH0012214059,0QKY.LSE,18.6126
2022-09-27,CH0012214059,0QKY.LSE,18.62
2022-09-28,CH0012214059,0QKY.LSE,18.3673
2022-09-29,CH0012214059,0QKY.LSE,18.1934
2022-09-30,CH0012214059,0QKY.LSE,18.5803
2022-10-03,CH0012214059,0QKY.LSE,18.6503
2022-10-04,CH0012214059,0QKY.LSE,19.3815
2022-10-05,CH0012214059,0QKY.LSE,19.2711
2022-10-06,CH0012214059,0QKY.LSE,18.9911
2022-10-07,CH0012214059,0QKY.LSE,18.7729
2022-10-10,CH0012214059,0QKY.LSE,18.8476
2022-10-11,CH0012214059,0QKY.LSE,18.6246
2022-10-12,CH0012214059,0QKY.LSE,18.3489
2022-10-13,CH0012214059,0QKY.LSE,18.6382
2022-10-14,CH0012214059,0QKY.LSE,18.7027
2022-10-17,CH0012214059,0QKY.LSE,18.9875
2022-10-18,CH0012214059,0QKY.LSE,19.173
2022-10-19,CH0012214059,0QKY.LSE,19.3598
2022-10-20,CH0012214059,0QKY.LSE,19.1392
2022-10-21,CH0012214059,0QKY.LSE,19.1672
2022-10-24,CH0012214059,0QKY.LSE,19.3962
2022-10-25,CH0012214059,0QKY.LSE,19.4309
2022-10-26,CH0012214059,0QKY.LSE,19.5946
2022-10-27,CH0012214059,0QKY.LSE,19.6621
2022-10-28,CH0012214059,0QKY.LSE,20.4691
2022-10-31,CH0012214059,0QKY.LSE,20.5671
2022-11-01,CH0012214059,0QKY.LSE,20.8252
2022-11-02,CH0012214059,0QKY.LSE,20.6958
2022-11-03,CH0012214059,0QKY.LSE,20.7394
2022-11-04,CH0012214059,0QKY.LSE,21.2289
2022-11-07,CH0012214059,0QKY.LSE,21.4142
2022-11-08,CH0012214059,0QKY.LSE,21.5068
2022-11-09,CH0012214059,0QKY.LSE,21.4422
2022-11-10,CH0012214059,0QKY.LSE,21.8306
2022-11-11,CH0012214059,0QKY.LSE,22.2161
2022-11-14,CH0012214059,0QKY.LSE,22.2856
2022-11-15,CH0012214059,0QKY.LSE,22.2631
2022-11-16,CH0012214059,0QKY.LSE,22.0014
2022-11-17,CH0012214059,0QKY.LSE,21.7212
2022-11-18,CH0012214059,0QKY.LSE,21.916
2022-11-21,CH0012214059,0QKY.LSE,21.9286
2022-11-22,CH0012214059,0QKY.LSE,22.0143
2022-11-23,CH0012214059,0QKY.LSE,22.0409
2022-11-24,CH0012214059,0QKY.LSE,22.2326
2022-11-25,CH0012214059,0QKY.LSE,22.3821
2022-11-28,CH0012214059,0QKY.LSE,22.2822
2022-11-29,CH0012214059,0QKY.LSE,22.2513
2022-11-30,CH0012214059,0QKY.LSE,22.2126
2022-12-01,CH0012214059,0QKY.LSE,22.2261
2022-12-02,CH0012214059,0QKY.LSE,22.2987
2022-12-05,CH0012214059,0QKY.LSE,22.0689
2022-12-06,CH0012214059,0QKY.LSE,21.9801
2022-12-07,CH0012214059,0QKY.LSE,21.9888
2022-12-08,CH0012214059,0QKY.LSE,21.9562
2022-12-09,CH0012214059,0QKY.LSE,22.1098
2022-12-12,CH0012214059,0QKY.LSE,21.9529
2022-12-13,CH0012214059,0QKY.LSE,22.0714
2022-12-14,CH0012214059,0QKY.LSE,22.1462
2022-12-15,CH0012214059,0QKY.LSE,21.6691
2022-12-16,CH0012214059,0QKY.LSE,21.2853
2022-12-19,CH0012214059,0QKY.LSE,21.4581
2022-12-20,CH0012214059,0QKY.LSE,21.3691
2022-12-21,CH0012214059,0QKY.LSE,21.747
2022-12-22,CH0012214059,0QKY.LSE,21.7338
2022-12-23,CH0012214059,0QKY.LSE,21.7292
2022-12-28,CH0012214059,0QKY.LSE,22.0813
2022-12-29,CH0012214059,0QKY.LSE,21.8812
2022-12-30,CH0012214059,0QKY.LSE,21.7721
2023-01-03,CH0012214059,0QKY.LSE,22.2473
2023-01-04,CH0012214059,0QKY.LSE,22.5223
2023-01-05,CH0012214059,0QKY.LSE,22.5749
2023-01-06,CH0012214059,0QKY.LSE,22.7225
2023-01-09,CH0012214059,0QKY.LSE,22.7907
2023-01-10,CH0012214059,0QKY.LSE,23.0305
2023-01-11,CH0012214059,0QKY.LSE,23.0056
2023-01-12,CH0012214059,0QKY.LSE,23.1817
2023-01-13,CH0012214059,0QKY.LSE,22.99
2023-01-16,CH0012214059,0QKY.LSE,23.3393
2023-01-17,CH0012214059,0QKY.LSE,23.4182
2023-01-18,CH0012214059,0QKY.LSE,23.5364
2023-01-19,CH0012214059,0QKY.LSE,23.5726
2023-01-20,CH0012214059,0QKY.LSE,23.7389
2023-01-23,CH0012214059,0QKY.LSE,23.9662
2023-01-24,CH0012214059,0QKY.LSE,24.0548
2023-01-25,CH0012214059,0QKY.LSE,24.1266
2023-01-26,CH0012214059,0QKY.LSE,24.1604
2023-01-27,CH0012214059,0QKY.LSE,24.6252
2023-01-30,CH0012214059,0QKY.LSE,24.8278
2023-01-31,CH0012214059,0QKY.LSE,24.7666
2023-02-01,CH0012214059,0QKY.LSE,24.9748
2023-02-02,CH0012214059,0QKY.LSE,24.937
2023-02-03,CH0012214059,0QKY.LSE,25.1825
2023-02-06,CH0012214059,0QKY.LSE,24.8882
2023-02-07,CH0012214059,0QKY.LSE,24.8291
2023-02-08,CH0012214059,0QKY.LSE,25.3093
2023-02-09,CH0012214059,0QKY.LSE,25.1916
2023-02-10,CH0012214059,0QKY.LSE,24.9642
2023-02-13,CH0012214059,0QKY.LSE,25.0188
2023-02-14,CH0012214059,0QKY.LSE,25.3692
2023-02-15,CH0012214059,0QKY.LSE,25.6272
2023-02-16,CH0012214059,0QKY.LSE,25.8151
2023-02-17,CH0012214059,0QKY.LSE,25.8464
2023-02-20,CH0012214059,0QKY.LSE,26.1522
2023-02-21,CH0012214059,0QKY.LSE,26.0875
2023-02-22,CH0012214059,0QKY.LSE,25.8862
2023-02-23,CH0012214059,0QKY.LSE,26.0556
2023-02-24,CH0012214059,0QKY.LSE,25.81
2023-02-27,CH0012214059,0QKY.LSE,26.3505
2023-02-28,CH0012214059,0QKY.LSE,26.4375
2023-03-01,CH0012214059,0QKY.LSE,26.4993
2023-03-02,CH0012214059,0QKY.LSE,26.7711
2023-03-03,CH0012214059,0QKY.LSE,26.9468
2023-03-06,CH0012214059,0QKY.LSE,26.9704
2023-03-07,CH0012214059,0QKY.LSE,26.867
2023-03-08,CH0012214059,0QKY.LSE,26.7664
2023-03-09,CH0012214059,0QKY.LSE,26.7712
2023-03-10,CH0012214059,0QKY.LSE,26.2206
2023-03-13,CH0012214059,0QKY.LSE,25.475
2023-03-14,CH0012214059,0QKY.LSE,25.6633
2023-03-15,CH0012214059,0QKY.LSE,25.4499
2023-03-16,CH0012214059,0QKY.LSE,25.8496
2023-03-17,CH0012214059,0QKY.LSE,25.4553
2023-03-20,CH0012214059,0QKY.LSE,25.2294
2023-03-21,CH0012214059,0QKY.LSE,26.5012
2023-03-22,CH0012214059,0QKY.LSE,26.5755
2023-03-23,CH0012214059,0QKY.LSE,26.1924
2023-03-24,CH0012214059,0QKY.LSE,25.6494
2023-03-27,CH0012214059,0QKY.LSE,25.7707
2023-03-28,CH0012214059,0QKY.LSE,26.1517
2023-03-29,CH0012214059,0QKY.LSE,26.3102
2023-03-30,CH0012214059,0QKY.LSE,26.6372
2023-03-31,CH0012214059,0QKY.LSE,26.7101
2023-04-03,CH0012214059,0QKY.LSE,26.6922
2023-04-04,CH0012214059,0QKY.LSE,26.5233
2023-04-05,CH0012214059,0QKY.LSE,25.1643
2023-04-06,CH0012214059,0QKY.LSE,25.1279
2023-04-11,CH0012214059,0QKY.LSE,25.5372
2023-04-12,CH0012214059,0QKY.LSE,25.6378
2023-04-13,CH0012214059,0QKY.LSE,25.7608
2023-04-14,CH0012214059,0QKY.LSE,26.3244
2023-04-17,CH0012214059,0QKY.LSE,26.4921
2023-04-18,CH0012214059,0QKY.LSE,26.7013
2023-04-19,CH0012214059,0QKY.LSE,26.6215
2023-04-20,CH0012214059,0QKY.LSE,26.7882
2023-04-21,CH0012214059,0QKY.LSE,26.2556
2023-04-24,CH0012214059,0QKY.LSE,27.1149
2023-04-25,CH0012214059,0QKY.LSE,26.9987
2023-04-26,CH0012214059,0QKY.LSE,26.6884
2023-04-27,CH0012214059,0QKY.LSE,26.6285
2023-04-28,CH0012214059,0QKY.LSE,26.7434
2023-05-02,CH0012214059,0QKY.LSE,26.7305
2023-05-03,CH0012214059,0QKY.LSE,26.8158
2023-05-04,CH0012214059,0QKY.LSE,26.7922
2023-05-05,CH0012214059,0QKY.LSE,27.2322
2023-05-09,CH0012214059,0QKY.LSE,27.6617
2023-05-10,CH0012214059,0QKY.LSE,27.3833
2023-05-11,CH0012214059,0QKY.LSE,27.4242
2023-05-12,CH0012214059,0QKY.LSE,27.7148
2023-05-15,CH0012214059,0QKY.LSE,27.7083
2023-05-16,CH0012214059,0QKY.LSE,27.8105
2023-05-17,CH0012214059,0QKY.LSE,27.8348
2023-05-19,CH0012214059,0QKY.LSE,28.1178
2023-05-22,CH0012214059,0QKY.LSE,27.9878
2023-05-23,CH0012214059,0QKY.LSE,27.3194
2023-05-24,CH0012214059,0QKY.LSE,26.987
2023-05-25,CH0012214059,0QKY.LSE,26.7585
2023-05-26,CH0012214059,0QKY.LSE,26.5988
2023-05-30,CH0012214059,0QKY.LSE,26.949
2023-05-31,CH0012214059,0QKY.LSE,26.6788
2023-06-01,CH0012214059,0QKY.LSE,26.6946
2023-06-02,CH0012214059,0QKY.LSE,27.1961
2023-06-05,CH0012214059,0QKY.LSE,27.3101
2023-06-06,CH0012214059,0QKY.LSE,27.2626
2023-06-07,CH0012214059,0QKY.LSE,27.3417
2023-06-08,CH0012214059,0QKY.LSE,27.7811
2023-06-09,CH0012214059,0QKY.LSE,27.6075
2023-06-12,CH0012214059,0QKY.LSE,27.9278
2023-06-13,CH0012214059,0QKY.LSE,27.999
2023-06-14,CH0012214059,0QKY.LSE,28.4366
2023-06-15,CH0012214059,0QKY.LSE,28.4314
2023-06-16,CH0012214059,0QKY.LSE,28.2509
2023-06-19,CH0012214059,0QKY.LSE,28.0798
2023-06-20,CH0012214059,0QKY.LSE,28.0515
2023-06-21,CH0012214059,0QKY.LSE,28.4367
2023-06-22,CH0012214059,0QKY.LSE,28.3174
2023-06-23,CH0012214059,0QKY.LSE,28.1955
2023-06-26,CH0012214059,0QKY.LSE,28.1844
2023-06-27,CH0012214059,0QKY.LSE,27.94
2023-06-28,CH0012214059,0QKY.LSE,28.4438
2023-06-29,CH0012214059,0QKY.LSE,28.4067
2023-06-30,CH0012214059,0QKY.LSE,28.5996
2023-07-03,CH0012214059,0QKY.LSE,28.7156
2023-07-04,CH0012214059,0QKY.LSE,28.0144
2023-07-05,CH0012214059,0QKY.LSE,27.8585
2023-07-06,CH0012214059,0QKY.LSE,27.1214
2023-07-07,CH0012214059,0QKY.LSE,26.7936
2023-07-10,CH0012214059,0QKY.LSE,27.1703
2023-07-11,CH0012214059,0QKY.LSE,27.5952
2023-07-12,CH0012214059,0QKY.LSE,27.9876
2023-07-13,CH0012214059,0QKY.LSE,28.0323
2023-07-14,CH0012214059,0QKY.LSE,28.0547
2023-07-17,CH0012214059,0QKY.LSE,27.8666
2023-07-18,CH0012214059,0QKY.LSE,28.0019
2023-07-19,CH0012214059,0QKY.LSE,27.9264
2023-07-20,CH0012214059,0QKY.LSE,28.3401
2023-07-21,CH0012214059,0QKY.LSE,28.4153
2023-07-24,CH0012214059,0QKY.LSE,28.2152
2023-07-25,CH0012214059,0QKY.LSE,28.3119
2023-07-26,CH0012214059,0QKY.LSE,28.2074
2023-07-27,CH0012214059,0QKY.LSE,29.4815
2023-07-28,CH0012214059,0QKY.LSE,29.2866
2023-07-31,CH0012214059,0QKY.LSE,28.7925
2023-08-02,CH0012214059,0QKY.LSE,28.7748
2023-08-03,CH0012214059,0QKY.LSE,28.7025
2023-08-04,CH0012214059,0QKY.LSE,28.84
2023-08-07,CH0012214059,0QKY.LSE,28.8603
2023-08-08,CH0012214059,0QKY.LSE,28.7577
2023-08-09,CH0012214059,0QKY.LSE,28.5359
2023-08-10,CH0012214059,0QKY.LSE,28.684
2023-08-11,CH0012214059,0QKY.LSE,28.4271
2023-08-14,CH0012214059,0QKY.LSE,28.4694
2023-08-15,CH0012214059,0QKY.LSE,28.5109
2023-08-16,CH0012214059,0QKY.LSE,28.5169
2023-08-17,CH0012214059,0QKY.LSE,28.3026
2023-08-18,CH0012214059,0QKY.LSE,28.1939
2023-08-21,CH0012214059,0QKY.LSE,27.7842
2023-08-22,CH0012214059,0QKY.LSE,27.9753
2023-08-23,CH0012214059,0QKY.LSE,27.6648
2023-08-24,CH0012214059,0QKY.LSE,27.3576
2023-08-25,CH0012214059,0QKY.LSE,27.5113
2023-08-29,CH0012214059,0QKY.LSE,27.7324
2023-08-30,CH0012214059,0QKY.LSE,27.6712
2023-08-31,CH0012214059,0QKY.LSE,27.765
2023-09-01,CH0012214059,0QKY.LSE,27.7013
2023-09-04,CH0012214059,0QKY.LSE,27.4759
2023-09-05,CH0012214059,0QKY.LSE,27.0481
2023-09-06,CH0012214059,0QKY.LSE,27.0898
2023-09-07,CH0012214059,0QKY.LSE,27.2484
2023-09-08,CH0012214059,0QKY.LSE,26.9247
2023-09-11,CH0012214059,0QKY.LSE,27.1472
2023-09-12,CH0012214059,0QKY.LSE,27.1894
2023-09-13,CH0012214059,0QKY.LSE,27.0785
2023-09-14,CH0012214059,0QKY.LSE,27.6101
2023-09-15,CH0012214059,0QKY.LSE,27.9088
2023-09-18,CH0012214059,0QKY.LSE,27.6869
2023-09-19,CH0012214059,0QKY.LSE,27.7144
2023-09-20,CH0012214059,0QKY.LSE,28.3136
2023-09-21,CH0012214059,0QKY.LSE,28.2418
2023-09-22,CH0012214059,0QKY.LSE,27.7662
2023-09-25,CH0012214059,0QKY.LSE,27.8906
2023-09-26,CH0012214059,0QKY.LSE,27.9209
2023-09-27,CH0012214059,0QKY.LSE,27.9943
2023-09-28,CH0012214059,0QKY.LSE,27.7666
2023-09-29,CH0012214059,0QKY.LSE,27.9966
2023-10-02,CH0012214059,0QKY.LSE,27.7357
2023-10-03,CH0012214059,0QKY.LSE,27.0039
2023-10-04,CH0012214059,0QKY.LSE,26.8441
2023-10-05,CH0012214059,0QKY.LSE,26.6164
2023-10-06,CH0012214059,0QKY.LSE,26.9164
2023-10-09,CH0012214059,0QKY.LSE,26.7601
2023-10-10,CH0012214059,0QKY.LSE,27.4986
2023-10-11,CH0012214059,0QKY.LSE,27.5441
2023-10-12,CH0012214059,0QKY.LSE,27.7414
2023-10-13,CH0012214059,0QKY.LSE,27.7138
2023-10-16,CH0012214059,0QKY.LSE,27.6102
2023-10-17,CH0012214059,0QKY.LSE,27.4147
2023-10-18,CH0012214059,0QKY.LSE,27.3087
2023-10-19,CH0012214059,0QKY.LSE,26.7345
2023-10-20,CH0012214059,0QKY.LSE,26.0843
2023-10-23,CH0012214059,0QKY.LSE,26.3789
2023-10-24,CH0012214059,0QKY.LSE,26.2323
2023-10-25,CH0012214059,0QKY.LSE,26.519
2023-10-26,CH0012214059,0QKY.LSE,26.1698
2023-10-27,CH0012214059,0QKY.LSE,26.4775
2023-10-30,CH0012214059,0QKY.LSE,26.5152
2023-10-31,CH0012214059,0QKY.LSE,26.5804
2023-11-01,CH0012214059,0QKY.LSE,27.1608
2023-11-02,CH0012214059,0QKY.LSE,27.852
2023-11-03,CH0012214059,0QKY.LSE,28.0798
2023-11-06,CH0012214059,0QKY.LSE,27.9401
2023-11-07,CH0012214059,0QKY.LSE,28.0133
2023-11-08,CH0012214059,0QKY.LSE,27.9971
2023-11-09,CH0012214059,0QKY.LSE,28.3307
2023-11-10,CH0012214059,0QKY.LSE,28.3269
2023-11-13,CH0012214059,0QKY.LSE,28.7073
2023-11-14,CH0012214059,0QKY.LSE,29.5267
2023-11-15,CH0012214059,0QKY.LSE,29.3342
2023-11-16,CH0012214059,0QKY.LSE,29.3291
2023-11-17,CH0012214059,0QKY.LSE,29.369
2023-11-20,CH0012214059,0QKY.LSE,29.2984
2023-11-21,CH0012214059,0QKY.LSE,29.4577
2023-11-22,CH0012214059,0QKY.LSE,29.9423
2023-11-23,CH0012214059,0QKY.LSE,29.9043
2023-11-24,CH0012214059,0QKY.LSE,29.9613
2023-11-27,CH0012214059,0QKY.LSE,29.8748
2023-11-28,CH0012214059,0QKY.LSE,30.0244
2023-11-29,CH0012214059,0QKY.LSE,30.3302
2023-11-30,CH0012214059,0QKY.LSE,30.5505
2023-12-01,CH0012214059,0QKY.LSE,30.9147
2023-12-04,CH0012214059,0QKY.LSE,30.7517
2023-12-05,CH0012214059,0QKY.LSE,30.7338
2023-12-06,CH0012214059,0QKY.LSE,30.9624
2023-12-07,CH0012214059,0QKY.LSE,30.8736
2023-12-08,CH0012214059,0QKY.LSE,31.0236
2023-12-11,CH0012214059,0QKY.LSE,31.1101
2023-12-12,CH0012214059,0QKY.LSE,31.3415
2023-12-13,CH0012214059,0QKY.LSE,31.6475
2023-12-14,CH0012214059,0QKY.LSE,31.6375
2023-12-15,CH0012214059,0QKY.LSE,31.7887
2023-12-18,CH0012214059,0QKY.LSE,31.7221
2023-12-19,CH0012214059,0QKY.LSE,31.8379
2023-12-20,CH0012214059,0QKY.LSE,31.6947
2023-12-21,CH0012214059,0QKY.LSE,31.5932
2023-12-22,CH0012214059,0QKY.LSE,31.5715
2023-12-27,CH0012214059,0QKY.LSE,31.5672
2023-12-28,CH0012214059,0QKY.LSE,31.3179
2023-12-29,CH0012214059,0QKY.LSE,31.3503
2024-01-03,CH0012214059,0QKY.LSE,30.7263
2024-01-04,CH0012214059,0QKY.LSE,30.8393
2024-01-05,CH0012214059,0QKY.LSE,30.7405
2024-01-08,CH0012214059,0QKY.LSE,30.601
2024-01-09,CH0012214059,0QKY.LSE,30.846
2024-01-10,CH0012214059,0QKY.LSE,30.6908
2024-01-11,CH0012214059,0QKY.LSE,30.5345
2024-01-12,CH0012214059,0QKY.LSE,30.9211
2024-01-15,CH0012214059,0QKY.LSE,30.798
2024-01-16,CH0012214059,0QKY.LSE,30.3015
2024-01-17,CH0012214059,0QKY.LSE,30.3062
2024-01-18,CH0012214059,0QKY.LSE,30.4223
2024-01-19,CH0012214059,0QKY.LSE,30.2749
2024-01-22,CH0012214059,0QKY.LSE,30.5276
2024-01-23,CH0012214059,0QKY.LSE,30.1924
2024-01-24,CH0012214059,0QKY.LSE,30.3165
2024-01-25,CH0012214059,0QKY.LSE,30.4345
2024-01-26,CH0012214059,0QKY.LSE,30.4775
2024-01-29,CH0012214059,0QKY.LSE,31.9315
2024-01-30,CH0012214059,0QKY.LSE,32.0614
2024-01-31,CH0012214059,0QKY.LSE,31.6883
2024-02-01,CH0012214059,0QKY.LSE,31.0452
2024-02-02,CH0012214059,0QKY.LSE,31.1727
2024-02-05,CH0012214059,0QKY.LSE,31.2537
2024-02-06,CH0012214059,0QKY.LSE,31.2801
2024-02-07,CH0012214059,0QKY.LSE,31.5612
2024-02-08,CH0012214059,0QKY.LSE,31.1826
2024-02-09,CH0012214059,0QKY.LSE,30.7945
2024-02-12,CH0012214059,0QKY.LSE,31.3962
2024-02-13,CH0012214059,0QKY.LSE,30.9282
2024-02-14,CH0012214059,0QKY.LSE,31.689
2024-02-15,CH0012214059,0QKY.LSE,31.6496
2024-02-16,CH0012214059,0QKY.LSE,32.1849
2024-02-19,CH0012214059,0QKY.LSE,32.4985
2024-02-20,CH0012214059,0QKY.LSE,32.5691
2024-02-21,CH0012214059,0QKY.LSE,32.7898
2024-02-22,CH0012214059,0QKY.LSE,33.1204
2024-02-23,CH0012214059,0QKY.LSE,32.929
2024-02-26,CH0012214059,0QKY.LSE,33.4677
2024-02-27,CH0012214059,0QKY.LSE,33.7433
2024-02-28,CH0012214059,0QKY.LSE,33.3879
2024-02-29,CH0012214059,0QKY.LSE,34.2431
2024-03-01,CH0012214059,0QKY.LSE,34.9044
2024-03-04,CH0012214059,0QKY.LSE,35.2602
2024-03-05,CH0012214059,0QKY.LSE,34.9545
2024-03-06,CH0012214059,0QKY.LSE,35.0056
2024-03-07,CH0012214059,0QKY.LSE,35.4414
2024-03-08,CH0012214059,0QKY.LSE,35.8873
2024-03-11,CH0012214059,0QKY.LSE,35.7315
2024-03-12,CH0012214059,0QKY.LSE,36.1795
2024-03-13,CH0012214059,0QKY.LSE,36.8637
2024-03-14,CH0012214059,0QKY.LSE,36.8129
2024-03-15,CH0012214059,0QKY.LSE,36.8851
2024-03-18,CH0012214059,0QKY.LSE,36.7839
2024-03-19,CH0012214059,0QKY.LSE,37.0275
2024-03-20,CH0012214059,0QKY.LSE,37.4523
2024-03-21,CH0012214059,0QKY.LSE,38.1962
2024-03-22,CH0012214059,0QKY.LSE,38.2627
2024-03-25,CH0012214059,0QKY.LSE,38.3825
2024-03-26,CH0012214059,0QKY.LSE,38.4547
2024-03-27,CH0012214059,0QKY.LSE,38.5937
2024-03-28,CH0012214059,0QKY.LSE,38.8064
2024-04-02,CH0012214059,0QKY.LSE,38.2152
2024-04-03,CH0012214059,0QKY.LSE,38.4215
2024-04-04,CH0012214059,0QKY.LSE,38.2412
2024-04-05,CH0012214059,0QKY.LSE,37.9187
2024-04-08,CH0012214059,0QKY.LSE,38.238
2024-04-09,CH0012214059,0QKY.LSE,37.615
2024-04-10,CH0012214059,0QKY.LSE,37.1873
2024-04-11,CH0012214059,0QKY.LSE,37.0981
2024-04-12,CH0012214059,0QKY.LSE,37.454
2024-04-15,CH0012214059,0QKY.LSE,37.6108
2024-04-16,CH0012214059,0QKY.LSE,37.056
2024-04-17,CH0012214059,0QKY.LSE,37.0977
2024-04-18,CH0012214059,0QKY.LSE,36.9816
2024-04-19,CH0012214059,0QKY.LSE,36.6129
2024-04-22,CH0012214059,0QKY.LSE,36.6291
2024-04-23,CH0012214059,0QKY.LSE,37.3641
2024-04-24,CH0012214059,0QKY.LSE,37.6108
2024-04-25,CH0012214059,0QKY.LSE,36.9493
2024-04-26,CH0012214059,0QKY.LSE,37.5391
2024-04-29,CH0012214059,0QKY.LSE,37.706
2024-04-30,CH0012214059,0QKY.LSE,37.2972
2024-05-01,CH0012214059,0QKY.LSE,36.6701
2024-05-02,CH0012214059,0QKY.LSE,36.7621
2024-05-03,CH0012214059,0QKY.LSE,36.9837
2024-05-07,CH0012214059,0QKY.LSE,37.6492
2024-05-08,CH0012214059,0QKY.LSE,37.8104
2024-05-10,CH0012214059,0QKY.LSE,38.6751
2024-05-13,CH0012214059,0QKY.LSE,38.6502
2024-05-14,CH0012214059,0QKY.LSE,38.2454
2024-05-15,CH0012214059,0QKY.LSE,38.7797
2024-05-16,CH0012214059,0QKY.LSE,38.9667
2024-05-17,CH0012214059,0QKY.LSE,38.6456
2024-05-21,CH0012214059,0QKY.LSE,38.6864
2024-05-22,CH0012214059,0QKY.LSE,38.611
2024-05-23,CH0012214059,0QKY.LSE,38.9654
2024-05-24,CH0012214059,0QKY.LSE,39.1094
2024-05-28,CH0012214059,0QKY.LSE,39.4514
2024-05-29,CH0012214059,0QKY.LSE,38.9676
2024-05-30,CH0012214059,0QKY.LSE,38.9892
2024-05-31,CH0012214059,0QKY.LSE,39.0429
2024-06-03,CH0012214059,0QKY.LSE,39.1307
2024-06-04,CH0012214059,0QKY.LSE,38.3423
2024-06-05,CH0012214059,0QKY.LSE,38.6257
2024-06-06,CH0012214059,0QKY.LSE,39.1942
2024-06-07,CH0012214059,0QKY.LSE,39.2644
2024-06-10,CH0012214059,0QKY.LSE,39.5673
2024-06-11,CH0012214059,0QKY.LSE,39.3344
2024-06-12,CH0012214059,0QKY.LSE,40.1512
2024-06-13,CH0012214059,0QKY.LSE,40.0135
2024-06-14,CH0012214059,0QKY.LSE,39.624
2024-06-17,CH0012214059,0QKY.LSE,39.5372
2024-06-18,CH0012214059,0QKY.LSE,39.8081
2024-06-19,CH0012214059,0QKY.LSE,39.9643
2024-06-20,CH0012214059,0QKY.LSE,40.4599
2024-06-21,CH0012214059,0QKY.LSE,38.702
2024-06-24,CH0012214059,0QKY.LSE,38.8326
2024-06-25,CH0012214059,0QKY.LSE,38.6259
2024-06-26,CH0012214059,0QKY.LSE,38.6456
2024-06-27,CH0012214059,0QKY.LSE,38.803
2024-06-28,CH0012214059,0QKY.LSE,39.1598
2024-07-01,CH0012214059,0QKY.LSE,39.4821
2024-07-02,CH0012214059,0QKY.LSE,38.5964
2024-07-03,CH0012214059,0QKY.LSE,39.2262
2024-07-04,CH0012214059,0QKY.LSE,39.633
2024-07-05,CH0012214059,0QKY.LSE,39.8025
2024-07-08,CH0012214059,0QKY.LSE,39.7815
2024-07-09,CH0012214059,0QKY.LSE,39.9446
2024-07-10,CH0012214059,0QKY.LSE,39.8855
2024-07-11,CH0012214059,0QKY.LSE,40.2212
2024-07-12,CH0012214059,0QKY.LSE,40.6335
2024-07-15,CH0012214059,0QKY.LSE,41.2619
2024-07-16,CH0012214059,0QKY.LSE,41.1936
2024-07-17,CH0012214059,0QKY.LSE,41.2042
2024-07-18,CH0012214059,0QKY.LSE,41.0615
2024-07-19,CH0012214059,0QKY.LSE,40.8573
2024-07-22,CH0012214059,0QKY.LSE,41.1796
2024-07-23,CH0012214059,0QKY.LSE,41.9158
2024-07-24,CH0012214059,0QKY.LSE,41.6471
2024-07-25,CH0012214059,0QKY.LSE,40.9188
2024-07-26,CH0012214059,0QKY.LSE,41.0645
2024-07-29,CH0012214059,0QKY.LSE,40.3717
2024-07-30,CH0012214059,0QKY.LSE,40.3358
2024-07-31,CH0012214059,0QKY.LSE,40.4268
2024-08-02,CH0012214059,0QKY.LSE,38.1798
2024-08-05,CH0012214059,0QKY.LSE,36.3821
2024-08-06,CH0012214059,0QKY.LSE,36.6927
2024-08-07,CH0012214059,0QKY.LSE,37.0957
2024-08-08,CH0012214059,0QKY.LSE,37.2526
2024-08-09,CH0012214059,0QKY.LSE,37.6607
2024-08-12,CH0012214059,0QKY.LSE,37.741
2024-08-13,CH0012214059,0QKY.LSE,37.3213
2024-08-14,CH0012214059,0QKY.LSE,37.8534
2024-08-15,CH0012214059,0QKY.LSE,38.3307
2024-08-16,CH0012214059,0QKY.LSE,38.3602
2024-08-19,CH0012214059,0QKY.LSE,39.0884
2024-08-20,CH0012214059,0QKY.LSE,39.0884
2024-08-21,CH0012214059,0QKY.LSE,39.3738
2024-08-22,CH0012214059,0QKY.LSE,39.7576
2024-08-23,CH0012214059,0QKY.LSE,40.0627
2024-08-27,CH0012214059,0QKY.LSE,39.8602
2024-08-28,CH0012214059,0QKY.LSE,39.7058
2024-08-29,CH0012214059,0QKY.LSE,39.9585
2024-08-30,CH0012214059,0QKY.LSE,40.2137
2024-09-02,CH0012214059,0QKY.LSE,40.0446
2024-09-03,CH0012214059,0QKY.LSE,40.4294
2024-09-04,CH0012214059,0QKY.LSE,39.5019
2024-09-05,CH0012214059,0QKY.LSE,39.3969
2024-09-06,CH0012214059,0QKY.LSE,38.7689
2024-09-09,CH0012214059,0QKY.LSE,39.1179
2024-09-10,CH0012214059,0QKY.LSE,39.0719
2024-09-11,CH0012214059,0QKY.LSE,39.0634
2024-09-12,CH0012214059,0QKY.LSE,39.4007
2024-09-13,CH0012214059,0QKY.LSE,39.9125
2024-09-16,CH0012214059,0QKY.LSE,39.9259
2024-09-17,CH0012214059,0QKY.LSE,40.3579
2024-09-18,CH0012214059,0QKY.LSE,40.6827
2024-09-19,CH0012214059,0QKY.LSE,41.1649
2024-09-20,CH0012214059,0QKY.LSE,41.1206
2024-09-23,CH0012214059,0QKY.LSE,40.9016
2024-09-24,CH0012214059,0QKY.LSE,40.9226
2024-09-25,CH0012214059,0QKY.LSE,40.8303
2024-09-26,CH0012214059,0QKY.LSE,41.8734
2024-09-27,CH0012214059,0QKY.LSE,41.7947
2024-09-30,CH0012214059,0QKY.LSE,40.7002
2024-10-01,CH0012214059,0QKY.LSE,40.7712
2024-10-02,CH0012214059,0QKY.LSE,40.3349
2024-10-03,CH0012214059,0QKY.LSE,40.1736
2024-10-04,CH0012214059,0QKY.LSE,40.3076
2024-10-07,CH0012214059,0QKY.LSE,40.6095
2024-10-08,CH0012214059,0QKY.LSE,40.8008
2024-10-09,CH0012214059,0QKY.LSE,40.9129
2024-10-10,CH0012214059,0QKY.LSE,41.0489
2024-10-11,CH0012214059,0QKY.LSE,40.9842
2024-10-14,CH0012214059,0QKY.LSE,41.3063
2024-10-15,CH0012214059,0QKY.LSE,41.4109
2024-10-16,CH0012214059,0QKY.LSE,40.8065
2024-10-17,CH0012214059,0QKY.LSE,41.1686
2024-10-18,CH0012214059,0QKY.LSE,41.4806
2024-10-21,CH0012214059,0QKY.LSE,41.4051
2024-10-22,CH0012214059,0QKY.LSE,40.8766
2024-10-23,CH0012214059,0QKY.LSE,40.7665
2024-10-24,CH0012214059,0QKY.LSE,40.6335
2024-10-25,CH0012214059,0QKY.LSE,40.8598
2024-10-28,CH0012214059,0QKY.LSE,42.2671
2024-10-29,CH0012214059,0QKY.LSE,42.3358
2024-10-30,CH0012214059,0QKY.LSE,42.0112
2024-10-31,CH0012214059,0QKY.LSE,41.9964
2024-11-01,CH0012214059,0QKY.LSE,42.3102
2024-11-04,CH0012214059,0QKY.LSE,42.4926
2024-11-05,CH0012214059,0QKY.LSE,42.6312
2024-11-06,CH0012214059,0QKY.LSE,43.9745
2024-11-07,CH0012214059,0QKY.LSE,44.6879
2024-11-08,CH0012214059,0QKY.LSE,44.6387
2024-11-11,CH0012214059,0QKY.LSE,45.3375
2024-11-12,CH0012214059,0QKY.LSE,44.0975
2024-11-13,CH0012214059,0QKY.LSE,44.3107
2024-11-14,CH0012214059,0QKY.LSE,43.9105
2024-11-15,CH0012214059,0QKY.LSE,43.7587
2024-11-18,CH0012214059,0QKY.LSE,43.4775
2024-11-19,CH0012214059,0QKY.LSE,43.3939
2024-11-20,CH0012214059,0QKY.LSE,44.6055
2024-11-21,CH0012214059,0QKY.LSE,44.1936
2024-11-22,CH0012214059,0QKY.LSE,44.5298
2024-11-25,CH0012214059,0QKY.LSE,44.6477
2024-11-26,CH0012214059,0QKY.LSE,43.4381
2024-11-27,CH0012214059,0QKY.LSE,43.6448
2024-11-28,CH0012214059,0QKY.LSE,43.694
2024-11-29,CH0012214059,0QKY.LSE,44.0089
2024-12-02,CH0012214059,0QKY.LSE,44.5498
2024-12-03,CH0012214059,0QKY.LSE,45.1997
2024-12-04,CH0012214059,0QKY.LSE,44.6092
2024-12-05,CH0012214059,0QKY.LSE,44.8753
2024-12-06,CH0012214059,0QKY.LSE,44.5895
2024-12-09,CH0012214059,0QKY.LSE,44.1762
2024-12-10,CH0012214059,0QKY.LSE,43.7432
2024-12-11,CH0012214059,0QKY.LSE,43.6251
2024-12-12,CH0012214059,0QKY.LSE,44.373
2024-12-13,CH0012214059,0QKY.LSE,44.4813
2024-12-16,CH0012214059,0QKY.LSE,43.8416
2024-12-17,CH0012214059,0QKY.LSE,43.7235
2024-12-18,CH0012214059,0QKY.LSE,43.8318
2024-12-19,CH0012214059,0QKY.LSE,42.7985
2024-12-20,CH0012214059,0QKY.LSE,42.0309
2024-12-23,CH0012214059,0QKY.LSE,42.8034
2024-12-27,CH0012214059,0QKY.LSE,43.0051
2024-12-30,CH0012214059,0QKY.LSE,42.9855
2025-01-03,CH0012214059,0QKY.LSE,43.0936
2025-01-06,CH0012214059,0QKY.LSE,43.077
2025-01-07,CH0012214059,0QKY.LSE,43.3496
2025-01-08,CH0012214059,0QKY.LSE,43.8219
2025-01-09,CH0012214059,0QKY.LSE,43.7858
2025-01-10,CH0012214059,0QKY.LSE,43.5235
2025-01-13,CH0012214059,0QKY.LSE,41.9671
2025-01-14,CH0012214059,0QKY.LSE,41.6963
2025-01-15,CH0012214059,0QKY.LSE,42.1076
2025-01-16,CH0012214059,0QKY.LSE,42.0506
2025-01-17,CH0012214059,0QKY.LSE,42.3144
2025-01-20,CH0012214059,0QKY.LSE,43.015
2025-01-21,CH0012214059,0QKY.LSE,43.4086
2025-01-22,CH0012214059,0QKY.LSE,43.6391
2025-01-23,CH0012214059,0QKY.LSE,44.1959
2025-01-24,CH0012214059,0QKY.LSE,44.6929
2025-01-27,CH0012214059,0QKY.LSE,44.3236
2025-01-28,CH0012214059,0QKY.LSE,44.3819
2025-01-29,CH0012214059,0QKY.LSE,44.8356
2025-01-30,CH0012214059,0QKY.LSE,45.239
2025-01-31,CH0012214059,0QKY.LSE,45.239
2025-02-03,CH0012214059,0QKY.LSE,44.4616
2025-02-04,CH0012214059,0QKY.LSE,44.4789
2025-02-05,CH0012214059,0QKY.LSE,44.6682
2025-02-06,CH0012214059,0QKY.LSE,45.7529
2025-02-07,CH0012214059,0QKY.LSE,46.8528
2025-02-10,CH0012214059,0QKY.LSE,46.9386
2025-02-11,CH0012214059,0QKY.LSE,47.143
2025-02-12,CH0012214059,0QKY.LSE,46.9435
2025-02-13,CH0012214059,0QKY.LSE,47.7983
2025-02-14,CH0012214059,0QKY.LSE,48.6047
2025-02-17,CH0012214059,0QKY.LSE,48.6914
2025-02-18,CH0012214059,0QKY.LSE,48.7524
2025-02-19,CH0012214059,0QKY.LSE,47.1807
2025-02-20,CH0012214059,0QKY.LSE,46.6561
2025-02-21,CH0012214059,0QKY.LSE,46.8015
2025-02-24,CH0012214059,0QKY.LSE,45.8295
2025-02-25,CH0012214059,0QKY.LSE,46.3708
2025-02-26,CH0012214059,0QKY.LSE,47.0037
2025-02-27,CH0012214059,0QKY.LSE,46.8216
2025-02-28,CH0012214059,0QKY.LSE,48.4078
2025-03-03,CH0012214059,0QKY.LSE,48.2632
2025-03-04,CH0012214059,0QKY.LSE,46.9744
2025-03-05,CH0012214059,0QKY.LSE,49.017
2025-03-06,CH0012214059,0QKY.LSE,49.6046
2025-03-07,CH0012214059,0QKY.LSE,49.7043
2025-03-10,CH0012214059,0QKY.LSE,48.5482
2025-03-11,CH0012214059,0QKY.LSE,47.8514
2025-03-12,CH0012214059,0QKY.LSE,48.4612
2025-03-13,CH0012214059,0QKY.LSE,48.2446
2025-03-14,CH0012214059,0QKY.LSE,49.1962
2025-03-17,CH0012214059,0QKY.LSE,49.4279
2025-03-18,CH0012214059,0QKY.LSE,49.2331
2025-03-19,CH0012214059,0QKY.LSE,49.6232
2025-03-20,CH0012214059,0QKY.LSE,49.697
2025-03-21,CH0012214059,0QKY.LSE,48.7814
2025-03-24,CH0012214059,0QKY.LSE,49.3459
2025-03-25,CH0012214059,0QKY.LSE,49.6048
2025-03-26,CH0012214059,0QKY.LSE,49.6414
2025-03-27,CH0012214059,0QKY.LSE,48.0142
2025-03-28,CH0012214059,0QKY.LSE,48.2012
2025-03-31,CH0012214059,0QKY.LSE,46.66
2025-04-01,CH0012214059,0QKY.LSE,47.2171
2025-04-02,CH0012214059,0QKY.LSE,46.8305
2025-04-03,CH0012214059,0QKY.LSE,44.9812
2025-04-04,CH0012214059,0QKY.LSE,41.962
2025-04-07,CH0012214059,0QKY.LSE,39.6902
2025-04-08,CH0012214059,0QKY.LSE,41.3392
2025-04-09,CH0012214059,0QKY.LSE,39.5778
2025-04-10,CH0012214059,0QKY.LSE,42.0403
2025-04-11,CH0012214059,0QKY.LSE,41.3423
2025-04-14,CH0012214059,0QKY.LSE,42.383
2025-04-15,CH0012214059,0QKY.LSE,43.5444
2025-04-16,CH0012214059,0QKY.LSE,43.0608
2025-04-17,CH0012214059,0QKY.LSE,42.8319
2025-04-22,CH0012214059,0QKY.LSE,42.7805
2025-04-23,CH0012214059,0QKY.LSE,43.9069
2025-04-24,CH0012214059,0QKY.LSE,44.3359
2025-04-25,CH0012214059,0QKY.LSE,45.1505
2025-04-28,CH0012214059,0QKY.LSE,45.3375
2025-04-29,CH0012214059,0QKY.LSE,45.392
2025-04-30,CH0012214059,0QKY.LSE,45.0595
2025-05-02,CH0012214059,0QKY.LSE,46.169
2025-05-06,CH0012214059,0QKY.LSE,46.0952
2025-05-07,CH0012214059,0QKY.LSE,45.8197
2025-05-08,CH0012214059,0QKY.LSE,46.2432
2025-05-09,CH0012214059,0QKY.LSE,46.5381
2025-05-12,CH0012214059,0QKY.LSE,47.0711
2025-05-13,CH0012214059,0QKY.LSE,47.5778
2025-05-14,CH0012214059,0QKY.LSE,48.3094
2025-05-15,CH0012214059,0QKY.LSE,48.2504
2025-05-16,CH0012214059,0QKY.LSE,49.8481
2025-05-19,CH0012214059,0QKY.LSE,48.3418
2025-05-20,CH0012214059,0QKY.LSE,48.847
2025-05-21,CH0012214059,0QKY.LSE,48.8296
2025-05-22,CH0012214059,0QKY.LSE,47.7016
2025-05-23,CH0012214059,0QKY.LSE,47.8339
2025-05-27,CH0012214059,0QKY.LSE,48.1894
2025-05-28,CH0012214059,0QKY.LSE,48.0745
2025-05-30,CH0012214059,0QKY.LSE,46.3471
2025-06-02,CH0012214059,0QKY.LSE,46.1893
2025-06-03,CH0012214059,0QKY.LSE,46.2129
2025-06-04,CH0012214059,0QKY.LSE,46.5062
2025-06-05,CH0012214059,0QKY.LSE,47.7868
2025-06-06,CH0012214059,0QKY.LSE,48.0754
2025-06-10,CH0012214059,0QKY.LSE,48.8922
2025-06-11,CH0012214059,0QKY.LSE,48.8426
2025-06-12,CH0012214059,0QKY.LSE,48.2584
2025-06-13,CH0012214059,0QKY.LSE,47.4423
2025-06-16,CH0012214059,0QKY.LSE,47.797
2025-06-17,CH0012214059,0QKY.LSE,47.7196
2025-06-18,CH0012214059,0QKY.LSE,47.4666
2025-06-19,CH0012214059,0QKY.LSE,46.9936
2025-06-20,CH0012214059,0QKY.LSE,47.5557
2025-06-23,CH0012214059,0QKY.LSE,54.2
2025-06-24,CH0012214059,0QKY.LSE,57.8824
2025-06-25,CH0012214059,0QKY.LSE,58.68
2025-06-26,CH0012214059,0QKY.LSE,57.5523
2025-06-27,CH0012214059,0QKY.LSE,58.0866
2025-06-30,CH0012214059,0QKY.LSE,59.0216
2025-07-01,CH0012214059,0QKY.LSE,58.3405
2025-07-02,CH0012214059,0QKY.LSE,59.4546
2025-07-03,CH0012214059,0QKY.LSE,59.6125
2025-07-04,CH0012214059,0QKY.LSE,59.2362
2025-07-07,CH0012214059,0QKY.LSE,60.3269
2025-07-08,CH0012214059,0QKY.LSE,61.3013
2025-07-09,CH0012214059,0QKY.LSE,62.4491
2025-07-10,CH0012214059,0QKY.LSE,63.1781
2025-07-11,CH0012214059,0QKY.LSE,62.9674
2025-07-14,CH0012214059,0QKY.LSE,62.9899
2025-07-15,CH0012214059,0QKY.LSE,63.54
2025-07-16,CH0012214059,0QKY.LSE,62.7341
2025-07-17,CH0012214059,0QKY.LSE,63.06
2025-07-18,CH0012214059,0QKY.LSE,63.5312
2025-07-21,CH0012214059,0QKY.LSE,64.32
2025-07-22,CH0012214059,0QKY.LSE,63.843
2025-07-23,CH0012214059,0QKY.LSE,64.9473
2025-07-24,CH0012214059,0QKY.LSE,65.2966
2025-07-25,CH0012214059,0QKY.LSE,64.9104
2025-07-28,CH0012214059,0QKY.LSE,65.0918
2025-07-29,CH0012214059,0QKY.LSE,64.8056
2025-07-30,CH0012214059,0QKY.LSE,64.9831
2025-07-31,CH0012214059,0QKY.LSE,65.367
2025-08-04,CH0012214059,0QKY.LSE,64.7305
2025-08-05,CH0012214059,0QKY.LSE,65.429
2025-08-06,CH0012214059,0QKY.LSE,66.8032
2025-08-07,CH0012214059,0QKY.LSE,67.8521
2025-08-08,CH0012214059,0QKY.LSE,67.814
2025-08-11,CH0012214059,0QKY.LSE,67.843
2025-08-12,CH0012214059,0QKY.LSE,67.6786
2025-08-13,CH0012214059,0QKY.LSE,67.9744
2025-08-14,CH0012214059,0QKY.LSE,67.479
2025-08-15,CH0012214059,0QKY.LSE,67.8605
2025-08-18,CH0012214059,0QKY.LSE,67.18
2025-08-19,CH0012214059,0QKY.LSE,67.6
2025-08-20,CH0012214059,0QKY.LSE,67.0273
2025-08-21,CH0012214059,0QKY.LSE,66.7
2025-08-22,CH0012214059,0QKY.LSE,67.1108
2025-08-26,CH0012214059,0QKY.LSE,66.391
2025-08-27,CH0012214059,0QKY.LSE,66.24
2025-08-28,CH0012214059,0QKY.LSE,66.9477
2025-08-29,CH0012214059,0QKY.LSE,66.9984
2025-09-01,CH0012214059,0QKY.LSE,66.8656
2025-09-02,CH0012214059,0QKY.LSE,65.7377
2025-09-03,CH0012214059,0QKY.LSE,65.3299
2025-09-04,CH0012214059,0QKY.LSE,66.4867
2025-09-05,CH0012214059,0QKY.LSE,66.931
2025-09-08,CH0012214059,0QKY.LSE,67.5766
2025-09-09,CH0012214059,0QKY.LSE,67.1571
2025-09-10,CH0012214059,0QKY.LSE,67.1966
2025-09-11,CH0012214059,0QKY.LSE,68.4755
2025-09-12,CH0012214059,0QKY.LSE,69.52
2025-09-15,CH0012214059,0QKY.LSE,68.8297
2025-09-16,CH0012214059,0QKY.LSE,68.4742
2025-09-17,CH0012214059,0QKY.LSE,68.11
2025-09-18,CH0012214059,0QKY.LSE,68.8
2025-09-19,CH0012214059,0QKY.LSE,68.7985
2025-09-22,CH0012214059,0QKY.LSE,68.8359
2025-09-23,CH0012214059,0QKY.LSE,68.4816
2025-09-24,CH0012214059,0QKY.LSE,68.19
2025-09-25,CH0012214059,0QKY.LSE,66.2163
2025-09-26,CH0012214059,0QKY.LSE,67.0943
2025-09-29,CH0012214059,0QKY.LSE,67.7823
2025-09-30,CH0012214059,0QKY.LSE,67.1413
2025-10-01,CH0012214059,0QKY.LSE,67.2349
2025-10-02,CH0012214059,0QKY.LSE,66.7871
2025-10-03,CH0012214059,0QKY.LSE,66.6366
2025-10-06,CH0012214059,0QKY.LSE,65.0768
2025-10-07,CH0012214059,0QKY.LSE,65.0235
2025-10-08,CH0012214059,0QKY.LSE,64.994
2025-10-09,CH0012214059,0QKY.LSE,66.66
2025-10-10,CH0012214059,0QKY.LSE,66.0193
2025-10-13,CH0012214059,0QKY.LSE,66.394
2025-10-14,CH0012214059,0QKY.LSE,66.721
2025-10-15,CH0012214059,0QKY.LSE,67.1137
2025-10-16,CH0012214059,0QKY.LSE,66.5895
2025-10-17,CH0012214059,0QKY.LSE,66.271
2025-10-20,CH0012214059,0QKY.LSE,66.98
2025-10-21,CH0012214059,0QKY.LSE,67.3844
2025-10-22,CH0012214059,0QKY.LSE,68.421
2025-10-23,CH0012214059,0QKY.LSE,68.1837
2025-10-24,CH0012214059,0QKY.LSE,68.6273
2025-10-27,CH0012214059,0QKY.LSE,70.1128
2025-10-28,CH0012214059,0QKY.LSE,71.22
2025-10-29,CH0012214059,0QKY.LSE,71.5738
2025-10-30,CH0012214059,0QKY.LSE,71.8071
2025-10-31,CH0012214059,0QKY.LSE,71.1286
2025-11-03,CH0012214059,0QKY.LSE,70.4394
2025-11-04,CH0012214059,0QKY.LSE,69.7686
2025-11-05,CH0012214059,0QKY.LSE,70.9385
2025-11-06,CH0012214059,0QKY.LSE,70.18
2025-11-07,CH0012214059,0QKY.LSE,70.34
2025-11-10,CH0012214059,0QKY.LSE,71.4136
2025-11-11,CH0012214059,0QKY.LSE,72.5243
2025-11-12,CH0012214059,0QKY.LSE,73.6768
2025-11-13,CH0012214059,0QKY.LSE,74.0105
2025-11-14,CH0012214059,0QKY.LSE,70.7356
2025-11-17,CH0012214059,0QKY.LSE,71.2151
2025-11-18,CH0012214059,0QKY.LSE,69.6
2025-11-19,CH0012214059,0QKY.LSE,71.1964
2025-11-20,CH0012214059,0QKY.LSE,72.0706
2025-11-21,CH0012214059,0QKY.LSE,70.3276
2025-11-24,CH0012214059,0QKY.LSE,72.2708
2025-11-25,CH0012214059,0QKY.LSE,74.5
2025-11-26,CH0012214059,0QKY.LSE,74.4687
2025-11-27,CH0012214059,0QKY.LSE,75.358
2025-11-28,CH0012214059,0QKY.LSE,74.937
2025-12-01,CH0012214059,0QKY.LSE,74.8539
2025-12-02,CH0012214059,0QKY.LSE,75.6463
2025-12-03,CH0012214059,0QKY.LSE,74.4994
2025-12-04,CH0012214059,0QKY.LSE,75.2
2025-12-05,CH0012214059,0QKY.LSE,74.8894
2025-12-08,CH0012214059,0QKY.LSE,76.1842
2025-12-09,CH0012214059,0QKY.LSE,75.4751
2025-12-10,CH0012214059,0QKY.LSE,74.3254
2025-12-11,CH0012214059,0QKY.LSE,75.5876
2025-12-12,CH0012214059,0QKY.LSE,75.778
2025-12-15,CH0012214059,0QKY.LSE,75.9357
2025-12-16,CH0012214059,0QKY.LSE,77.2097
2025-12-17,CH0012214059,0QKY.LSE,75.1675
2025-12-18,CH0012214059,0QKY.LSE,75.6937
2025-12-19,CH0012214059,0QKY.LSE,77.21
2025-12-22,CH0012214059,0QKY.LSE,76.9019
2025-12-23,CH0012214059,0QKY.LSE,77.5517
2025-12-24,CH0012214059,0QKY.LSE,77.56
2025-12-29,CH0012214059,0QKY.LSE,77.74
2025-12-30,CH0012214059,0QKY.LSE,77.7265
2026-01-05,CH0012214059,0QKY.LSE,77.8551
2026-01-06,CH0012214059,0QKY.LSE,78.44
2026-01-07,CH0012214059,0QKY.LSE,78.4485
2026-01-08,CH0012214059,0QKY.LSE,78.7705
2026-01-09,CH0012214059,0QKY.LSE,79.8691
2026-01-12,CH0012214059,0QKY.LSE,79.0812
2026-01-13,CH0012214059,0QKY.LSE,77.9132
2026-01-14,CH0012214059,0QKY.LSE,78.9449
2026-01-15,CH0012214059,0QKY.LSE,79.08
2026-01-16,CH0012214059,0QKY.LSE,78.515
2026-01-19,CH0012214059,0QKY.LSE,77.84
2026-01-20,CH0012214059,0QKY.LSE,77.0585
2026-01-21,CH0012214059,0QKY.LSE,77.3173
2026-01-22,CH0012214059,0QKY.LSE,79.9535
2026-01-23,CH0012214059,0QKY.LSE,78.3254
2026-01-26,CH0012214059,0QKY.LSE,79.7322
2026-01-27,CH0012214059,0QKY.LSE,79.7184
2026-01-28,CH0012214059,0QKY.LSE,79.5849
2026-01-29,CH0012214059,0QKY.LSE,79.5841
2026-01-30,CH0012214059,0QKY.LSE,79.54
2026-02-02,CH0012214059,0QKY.LSE,81.0162
2026-02-03,CH0012214059,0QKY.LSE,81.8082
2026-02-04,CH0012214059,0QKY.LSE,77.726
2026-02-05,CH0012214059,0QKY.LSE,74.2651
2026-02-06,CH0012214059,0QKY.LSE,76.0078
2026-02-09,CH0012214059,0QKY.LSE,78.0626
2026-02-10,CH0012214059,0QKY.LSE,77.7355
2026-02-11,CH0012214059,0QKY.LSE,76.9005
2026-02-12,CH0012214059,0QKY.LSE,72.9562
2026-02-13,CH0012214059,0QKY.LSE,69.8243
2026-02-16,CH0012214059,0QKY.LSE,70.6566
2026-02-17,CH0012214059,0QKY.LSE,70.347
2026-02-18,CH0012214059,0QKY.LSE,72.9854
2026-02-19,CH0012214059,0QKY.LSE,72.5503
2026-02-20,CH0012214059,0QKY.LSE,73.7748
2026-02-23,CH0012214059,0QKY.LSE,73.4946
2026-02-24,CH0012214059,0QKY.LSE,73.94
2026-02-25,CH0012214059,0QKY.LSE,74.7549
2026-02-26,CH0012214059,0QKY.LSE,71.4347
2026-02-27,CH0012214059,0QKY.LSE,72.3011
2026-03-02,CH0012214059,0QKY.LSE,68.9512
2026-03-03,CH0012214059,0QKY.LSE,67.021
2026-03-04,CH0012214059,0QKY.LSE,67.5121
2026-03-06,CH0012214059,0QKY.LSE,66.0391
2026-03-09,CH0012214059,0QKY.LSE,62.8962
2026-03-10,CH0012214059,0QKY.LSE,66.004
2026-03-11,CH0012214059,0QKY.LSE,64.5389
2026-03-12,CH0012214059,0QKY.LSE,63.91
2026-03-13,CH0012214059,0QKY.LSE,61.82
2026-03-16,CH0012214059,0QKY.LSE,63.0538
2026-03-17,CH0012214059,0QKY.LSE,63.923
2026-03-18,CH0012214059,0QKY.LSE,65.53
2026-03-19,CH0012214059,0QKY.LSE,63.32
2026-03-20,CH0012214059,0QKY.LSE,64.5
2026-03-23,CH0012214059,0QKY.LSE,64.9339
2026-03-24,CH0012214059,0QKY.LSE,65.1228
2026-03-25,CH0012214059,0QKY.LSE,66.65
2026-03-26,CH0012214059,0QKY.LSE,66.5
2026-03-27,CH0012214059,0QKY.LSE,66.04
2026-03-30,CH0012214059,0QKY.LSE,65.087
2026-03-31,CH0012214059,0QKY.LSE,64.881
2026-04-01,CH0012214059,0QKY.LSE,67.8
2026-04-02,CH0012214059,0QKY.LSE,66.14
2026-04-07,CH0012214059,0QKY.LSE,66.321
2026-04-08,CH0012214059,0QKY.LSE,70.14
2026-04-09,CH0012214059,0QKY.LSE,69.7
2026-04-10,CH0012214059,0QKY.LSE,71.17
2026-04-13,CH0012214059,0QKY.LSE,71.8524
2026-04-14,CH0012214059,0QKY.LSE,72.5293
2026-04-15,CH0012214059,0QKY.LSE,72.5
2026-04-16,CH0012214059,0QKY.LSE,71.85
2026-04-17,CH0012214059,0QKY.LSE,73.7
2026-04-20,CH0012214059,0QKY.LSE,72.1495
2026-04-21,CH0012214059,0QKY.LSE,71.9156
2026-04-22,CH0012214059,0QKY.LSE,71.4543
2026-04-23,CH0012214059,0QKY.LSE,71.8072
2026-04-24,CH0012214059,0QKY.LSE,72.8
2020-04-27,CH0012221716,ABLZF.US,15.1961
2020-04-29,CH0012221716,ABLZF.US,16.966
2020-05-05,CH0012221716,ABLZF.US,15.8413
2020-05-06,CH0012221716,ABLZF.US,15.5234
2020-05-11,CH0012221716,ABLZF.US,16.3557
2020-05-14,CH0012221716,ABLZF.US,15.0056
2020-05-19,CH0012221716,ABLZF.US,16.3906
2020-05-26,CH0012221716,ABLZF.US,16.9137
2020-05-28,CH0012221716,ABLZF.US,17.3526
2020-05-29,CH0012221716,ABLZF.US,17.0008
2020-06-02,CH0012221716,ABLZF.US,17.5065
2020-06-03,CH0012221716,ABLZF.US,18.2912
2020-06-08,CH0012221716,ABLZF.US,18.8491
2020-06-10,CH0012221716,ABLZF.US,19.3025
2020-06-11,CH0012221716,ABLZF.US,17.8727
2020-06-15,CH0012221716,ABLZF.US,18.1364
2020-06-16,CH0012221716,ABLZF.US,18.556
2020-06-17,CH0012221716,ABLZF.US,18.9353
2020-06-19,CH0012221716,ABLZF.US,18.8448
2020-06-22,CH0012221716,ABLZF.US,19.0431
2020-06-23,CH0012221716,ABLZF.US,19.3929
2020-06-24,CH0012221716,ABLZF.US,19.1488
2020-06-26,CH0012221716,ABLZF.US,18.9058
2020-06-29,CH0012221716,ABLZF.US,19.4572
2020-07-01,CH0012221716,ABLZF.US,20.217
2020-07-06,CH0012221716,ABLZF.US,20.8195
2020-07-07,CH0012221716,ABLZF.US,21.1835
2020-07-09,CH0012221716,ABLZF.US,21.481
2020-07-10,CH0012221716,ABLZF.US,21.0026
2020-07-16,CH0012221716,ABLZF.US,21.6412
2020-07-22,CH0012221716,ABLZF.US,22.8422
2020-07-23,CH0012221716,ABLZF.US,22.9293
2020-07-24,CH0012221716,ABLZF.US,22.197
2020-07-27,CH0012221716,ABLZF.US,22.4237
2020-07-28,CH0012221716,ABLZF.US,22.7637
2020-07-29,CH0012221716,ABLZF.US,22.755
2020-07-30,CH0012221716,ABLZF.US,22.2755
2020-07-31,CH0012221716,ABLZF.US,21.8657
2020-08-03,CH0012221716,ABLZF.US,22.6129
2020-08-05,CH0012221716,ABLZF.US,22.7288
2020-08-06,CH0012221716,ABLZF.US,22.7105
2020-08-07,CH0012221716,ABLZF.US,22.7637
2020-08-10,CH0012221716,ABLZF.US,22.8073
2020-08-11,CH0012221716,ABLZF.US,22.816
2020-08-12,CH0012221716,ABLZF.US,22.8247
2020-08-13,CH0012221716,ABLZF.US,23.1386
2020-08-17,CH0012221716,ABLZF.US,22.7898
2020-08-18,CH0012221716,ABLZF.US,22.7027
2020-08-19,CH0012221716,ABLZF.US,23.1996
2020-08-20,CH0012221716,ABLZF.US,22.8073
2020-08-21,CH0012221716,ABLZF.US,22.6329
2020-08-24,CH0012221716,ABLZF.US,22.8945
2020-08-25,CH0012221716,ABLZF.US,22.8073
2020-08-26,CH0012221716,ABLZF.US,22.4062
2020-08-27,CH0012221716,ABLZF.US,22.6765
2020-08-28,CH0012221716,ABLZF.US,22.3801
2020-08-31,CH0012221716,ABLZF.US,22.6329
2020-09-01,CH0012221716,ABLZF.US,22.4847
2020-09-02,CH0012221716,ABLZF.US,22.1621
2020-09-03,CH0012221716,ABLZF.US,22.197
2020-09-04,CH0012221716,ABLZF.US,22.3191
2020-09-08,CH0012221716,ABLZF.US,22.646
2020-09-09,CH0012221716,ABLZF.US,22.9599
2020-09-10,CH0012221716,ABLZF.US,23.2345
2020-09-11,CH0012221716,ABLZF.US,23.1473
2020-09-14,CH0012221716,ABLZF.US,23.1735
2020-09-15,CH0012221716,ABLZF.US,23.0688
2020-09-16,CH0012221716,ABLZF.US,23.1473
2020-09-17,CH0012221716,ABLZF.US,22.8945
2020-09-18,CH0012221716,ABLZF.US,22.9817
2020-09-23,CH0012221716,ABLZF.US,22.1011
2020-09-24,CH0012221716,ABLZF.US,21.4734
2020-09-25,CH0012221716,ABLZF.US,21.8919
2020-09-28,CH0012221716,ABLZF.US,22.1098
2020-09-29,CH0012221716,ABLZF.US,22.0401
2020-09-30,CH0012221716,ABLZF.US,22.2755
2020-10-01,CH0012221716,ABLZF.US,22.6329
2020-10-02,CH0012221716,ABLZF.US,22.5806
2020-10-05,CH0012221716,ABLZF.US,22.9729
2020-10-06,CH0012221716,ABLZF.US,23.0601
2020-10-07,CH0012221716,ABLZF.US,23.0688
2020-10-08,CH0012221716,ABLZF.US,22.8422
2020-10-09,CH0012221716,ABLZF.US,23.5396
2020-10-12,CH0012221716,ABLZF.US,23.6704
2020-10-13,CH0012221716,ABLZF.US,23.5483
2020-10-14,CH0012221716,ABLZF.US,23.6355
2020-10-15,CH0012221716,ABLZF.US,23.0165
2020-10-16,CH0012221716,ABLZF.US,23.5396
2020-10-19,CH0012221716,ABLZF.US,22.9729
2020-10-20,CH0012221716,ABLZF.US,23.1996
2020-10-21,CH0012221716,ABLZF.US,23.3653
2020-10-22,CH0012221716,ABLZF.US,23.0252
2020-10-23,CH0012221716,ABLZF.US,22.9381
2020-10-26,CH0012221716,ABLZF.US,22.8073
2020-10-27,CH0012221716,ABLZF.US,22.6765
2020-10-28,CH0012221716,ABLZF.US,21.7611
2020-10-29,CH0012221716,ABLZF.US,21.3164
2020-10-30,CH0012221716,ABLZF.US,20.7497
2020-11-02,CH0012221716,ABLZF.US,21.9267
2020-11-03,CH0012221716,ABLZF.US,21.8744
2020-11-04,CH0012221716,ABLZF.US,22.0488
2020-11-05,CH0012221716,ABLZF.US,23.0479
2020-11-06,CH0012221716,ABLZF.US,23.496
2020-11-09,CH0012221716,ABLZF.US,23.4769
2020-11-10,CH0012221716,ABLZF.US,23.8971
2020-11-11,CH0012221716,ABLZF.US,23.8099
2020-11-12,CH0012221716,ABLZF.US,23.7576
2020-11-13,CH0012221716,ABLZF.US,23.6704
2020-11-16,CH0012221716,ABLZF.US,24.0191
2020-11-17,CH0012221716,ABLZF.US,24.3766
2020-11-18,CH0012221716,ABLZF.US,24.4115
2020-11-19,CH0012221716,ABLZF.US,23.7576
2020-11-20,CH0012221716,ABLZF.US,23.3653
2020-11-23,CH0012221716,ABLZF.US,23.3304
2020-11-24,CH0012221716,ABLZF.US,23.4524
2020-11-25,CH0012221716,ABLZF.US,23.4089
2020-11-27,CH0012221716,ABLZF.US,23.4612
2020-11-30,CH0012221716,ABLZF.US,22.8422
2020-12-01,CH0012221716,ABLZF.US,23.4612
2020-12-02,CH0012221716,ABLZF.US,23.4524
2020-12-03,CH0012221716,ABLZF.US,23.7576
2020-12-04,CH0012221716,ABLZF.US,23.1822
2020-12-07,CH0012221716,ABLZF.US,23.7227
2020-12-08,CH0012221716,ABLZF.US,23.1909
2020-12-09,CH0012221716,ABLZF.US,23.3042
2020-12-10,CH0012221716,ABLZF.US,23.8012
2020-12-11,CH0012221716,ABLZF.US,23.0514
2020-12-14,CH0012221716,ABLZF.US,23.7576
2020-12-15,CH0012221716,ABLZF.US,23.8099
2020-12-16,CH0012221716,ABLZF.US,23.8012
2020-12-17,CH0012221716,ABLZF.US,23.4524
2020-12-18,CH0012221716,ABLZF.US,23.932
2020-12-21,CH0012221716,ABLZF.US,23.8099
2020-12-22,CH0012221716,ABLZF.US,23.3565
2020-12-23,CH0012221716,ABLZF.US,24.1063
2020-12-24,CH0012221716,ABLZF.US,24.3679
2020-12-28,CH0012221716,ABLZF.US,24.4027
2020-12-29,CH0012221716,ABLZF.US,24.115
2020-12-30,CH0012221716,ABLZF.US,24.673
2020-12-31,CH0012221716,ABLZF.US,24.673
2021-01-04,CH0012221716,ABLZF.US,24.7602
2021-01-05,CH0012221716,ABLZF.US,25.3356
2021-01-06,CH0012221716,ABLZF.US,25.7018
2021-01-07,CH0012221716,ABLZF.US,26.4603
2021-01-08,CH0012221716,ABLZF.US,26.5475
2021-01-11,CH0012221716,ABLZF.US,26.3295
2021-01-12,CH0012221716,ABLZF.US,26.0592
2021-01-13,CH0012221716,ABLZF.US,26.6521
2021-01-14,CH0012221716,ABLZF.US,26.8526
2021-01-15,CH0012221716,ABLZF.US,26.1639
2021-01-19,CH0012221716,ABLZF.US,26.251
2021-01-20,CH0012221716,ABLZF.US,26.4254
2021-01-21,CH0012221716,ABLZF.US,26.3731
2021-01-22,CH0012221716,ABLZF.US,26.9572
2021-01-25,CH0012221716,ABLZF.US,26.408
2021-01-26,CH0012221716,ABLZF.US,26.6347
2021-01-27,CH0012221716,ABLZF.US,26.1399
2021-01-28,CH0012221716,ABLZF.US,26.5736
2021-01-29,CH0012221716,ABLZF.US,26.5562
2021-02-01,CH0012221716,ABLZF.US,26.8962
2021-02-02,CH0012221716,ABLZF.US,26.0876
2021-02-03,CH0012221716,ABLZF.US,25.9808
2021-02-04,CH0012221716,ABLZF.US,25.5623
2021-02-05,CH0012221716,ABLZF.US,25.7105
2021-02-08,CH0012221716,ABLZF.US,26.2859
2021-02-09,CH0012221716,ABLZF.US,25.6059
2021-02-10,CH0012221716,ABLZF.US,25.5884
2021-02-11,CH0012221716,ABLZF.US,25.7018
2021-02-12,CH0012221716,ABLZF.US,26.129
2021-02-16,CH0012221716,ABLZF.US,26.5213
2021-02-17,CH0012221716,ABLZF.US,25.8674
2021-02-18,CH0012221716,ABLZF.US,26.3208
2021-02-19,CH0012221716,ABLZF.US,26.687
2021-02-22,CH0012221716,ABLZF.US,26.0854
2021-02-23,CH0012221716,ABLZF.US,25.2746
2021-02-24,CH0012221716,ABLZF.US,26.2946
2021-02-25,CH0012221716,ABLZF.US,26.2772
2021-02-26,CH0012221716,ABLZF.US,25.9895
2021-03-01,CH0012221716,ABLZF.US,25.5318
2021-03-02,CH0012221716,ABLZF.US,25.5274
2021-03-03,CH0012221716,ABLZF.US,25.5274
2021-03-04,CH0012221716,ABLZF.US,25.7977
2021-03-05,CH0012221716,ABLZF.US,25.6756
2021-03-08,CH0012221716,ABLZF.US,26.87
2021-03-09,CH0012221716,ABLZF.US,26.6957
2021-03-10,CH0012221716,ABLZF.US,26.8788
2021-03-11,CH0012221716,ABLZF.US,27.3147
2021-03-12,CH0012221716,ABLZF.US,26.2772
2021-03-15,CH0012221716,ABLZF.US,26.9572
2021-03-16,CH0012221716,ABLZF.US,27.2449
2021-03-17,CH0012221716,ABLZF.US,27.4716
2021-03-18,CH0012221716,ABLZF.US,27.6896
2021-03-19,CH0012221716,ABLZF.US,27.585
2021-03-22,CH0012221716,ABLZF.US,28.0906
2021-03-23,CH0012221716,ABLZF.US,27.1578
2021-03-24,CH0012221716,ABLZF.US,27.5675
2021-03-25,CH0012221716,ABLZF.US,27.0619
2021-03-26,CH0012221716,ABLZF.US,27.3932
2021-03-29,CH0012221716,ABLZF.US,27.4577
2021-03-30,CH0012221716,ABLZF.US,27.4666
2021-03-31,CH0012221716,ABLZF.US,27.3412
2021-04-01,CH0012221716,ABLZF.US,26.9798
2021-04-05,CH0012221716,ABLZF.US,27.9774
2021-04-06,CH0012221716,ABLZF.US,28.0446
2021-04-07,CH0012221716,ABLZF.US,28.3
2021-04-08,CH0012221716,ABLZF.US,28.4255
2021-04-09,CH0012221716,ABLZF.US,28.7302
2021-04-12,CH0012221716,ABLZF.US,28.5958
2021-04-13,CH0012221716,ABLZF.US,28.1387
2021-04-14,CH0012221716,ABLZF.US,28.8108
2021-04-15,CH0012221716,ABLZF.US,29.5726
2021-04-16,CH0012221716,ABLZF.US,30.0206
2021-04-19,CH0012221716,ABLZF.US,29.8593
2021-04-20,CH0012221716,ABLZF.US,29.3396
2021-04-21,CH0012221716,ABLZF.US,29.4381
2021-04-22,CH0012221716,ABLZF.US,29.0707
2021-04-23,CH0012221716,ABLZF.US,29.465
2021-04-26,CH0012221716,ABLZF.US,29.5726
2021-04-27,CH0012221716,ABLZF.US,29.4113
2021-04-28,CH0012221716,ABLZF.US,30.0206
2021-04-29,CH0012221716,ABLZF.US,29.94
2021-04-30,CH0012221716,ABLZF.US,29.3754
2021-05-03,CH0012221716,ABLZF.US,29.7876
2021-05-04,CH0012221716,ABLZF.US,30.397
2021-05-05,CH0012221716,ABLZF.US,30.621
2021-05-06,CH0012221716,ABLZF.US,30.0206
2021-05-07,CH0012221716,ABLZF.US,29.4202
2021-05-10,CH0012221716,ABLZF.US,31.0691
2021-05-11,CH0012221716,ABLZF.US,29.3754
2021-05-12,CH0012221716,ABLZF.US,29.8952
2021-05-13,CH0012221716,ABLZF.US,31.0781
2021-05-14,CH0012221716,ABLZF.US,31.1139
2021-05-17,CH0012221716,ABLZF.US,31.2931
2021-05-18,CH0012221716,ABLZF.US,31.2931
2021-05-19,CH0012221716,ABLZF.US,29.7921
2021-05-20,CH0012221716,ABLZF.US,28.2194
2021-05-21,CH0012221716,ABLZF.US,31.5441
2021-05-24,CH0012221716,ABLZF.US,28.5062
2021-05-25,CH0012221716,ABLZF.US,31.0243
2021-05-26,CH0012221716,ABLZF.US,29.1962
2021-05-27,CH0012221716,ABLZF.US,31.105
2021-05-28,CH0012221716,ABLZF.US,31.2931
2021-06-01,CH0012221716,ABLZF.US,30.7644
2021-06-02,CH0012221716,ABLZF.US,32.6553
2021-06-03,CH0012221716,ABLZF.US,31.6964
2021-06-04,CH0012221716,ABLZF.US,32.0549
2021-06-07,CH0012221716,ABLZF.US,30.5852
2021-06-08,CH0012221716,ABLZF.US,32.3058
2021-06-09,CH0012221716,ABLZF.US,31.9652
2021-06-10,CH0012221716,ABLZF.US,30.5404
2021-06-11,CH0012221716,ABLZF.US,31.7412
2021-06-14,CH0012221716,ABLZF.US,31.6516
2021-06-15,CH0012221716,ABLZF.US,31.9921
2021-06-16,CH0012221716,ABLZF.US,32.1714
2021-06-17,CH0012221716,ABLZF.US,29.1514
2021-06-18,CH0012221716,ABLZF.US,29.5546
2021-06-21,CH0012221716,ABLZF.US,30.5762
2021-06-22,CH0012221716,ABLZF.US,29.2858
2021-06-23,CH0012221716,ABLZF.US,31.2035
2021-06-24,CH0012221716,ABLZF.US,31.7143
2021-06-25,CH0012221716,ABLZF.US,30.0027
2021-06-28,CH0012221716,ABLZF.US,29.8414
2021-06-29,CH0012221716,ABLZF.US,31.9115
2021-06-30,CH0012221716,ABLZF.US,31.2931
2021-07-01,CH0012221716,ABLZF.US,29.4381
2021-07-02,CH0012221716,ABLZF.US,31.096
2021-07-06,CH0012221716,ABLZF.US,31.9025
2021-07-07,CH0012221716,ABLZF.US,32.1714
2021-07-08,CH0012221716,ABLZF.US,32.0101
2021-07-09,CH0012221716,ABLZF.US,32.4133
2021-07-12,CH0012221716,ABLZF.US,32.951
2021-07-13,CH0012221716,ABLZF.US,33.0496
2021-07-14,CH0012221716,ABLZF.US,32.1445
2021-07-15,CH0012221716,ABLZF.US,32.3864
2021-07-16,CH0012221716,ABLZF.US,31.8577
2021-07-19,CH0012221716,ABLZF.US,31.0691
2021-07-20,CH0012221716,ABLZF.US,30.5045
2021-07-21,CH0012221716,ABLZF.US,32.4581
2021-07-22,CH0012221716,ABLZF.US,32.5298
2021-07-23,CH0012221716,ABLZF.US,32.3775
2021-07-26,CH0012221716,ABLZF.US,33.8919
2021-07-27,CH0012221716,ABLZF.US,31.9384
2021-07-28,CH0012221716,ABLZF.US,33.6231
2021-07-29,CH0012221716,ABLZF.US,33.2826
2021-07-30,CH0012221716,ABLZF.US,31.7502
2021-08-02,CH0012221716,ABLZF.US,32.6374
2021-08-03,CH0012221716,ABLZF.US,31.9025
2021-08-04,CH0012221716,ABLZF.US,34.1608
2021-08-05,CH0012221716,ABLZF.US,35.0211
2021-08-06,CH0012221716,ABLZF.US,34.6805
2021-08-09,CH0012221716,ABLZF.US,31.9025
2021-08-10,CH0012221716,ABLZF.US,34.9315
2021-08-11,CH0012221716,ABLZF.US,33.2826
2021-08-12,CH0012221716,ABLZF.US,34.8777
2021-08-13,CH0012221716,ABLZF.US,33.5425
2021-08-16,CH0012221716,ABLZF.US,34.7433
2021-08-17,CH0012221716,ABLZF.US,34.7702
2021-08-18,CH0012221716,ABLZF.US,34.6985
2021-08-19,CH0012221716,ABLZF.US,34.8777
2021-08-20,CH0012221716,ABLZF.US,34.34
2021-08-23,CH0012221716,ABLZF.US,34.6805
2021-08-24,CH0012221716,ABLZF.US,34.8777
2021-08-25,CH0012221716,ABLZF.US,34.8777
2021-08-26,CH0012221716,ABLZF.US,33.0675
2021-08-27,CH0012221716,ABLZF.US,34.8777
2021-08-30,CH0012221716,ABLZF.US,34.2504
2021-08-31,CH0012221716,ABLZF.US,34.1608
2021-09-01,CH0012221716,ABLZF.US,33.9188
2021-09-02,CH0012221716,ABLZF.US,34.1608
2021-09-03,CH0012221716,ABLZF.US,34.1518
2021-09-07,CH0012221716,ABLZF.US,33.3095
2021-09-08,CH0012221716,ABLZF.US,33.0854
2021-09-09,CH0012221716,ABLZF.US,33.175
2021-09-10,CH0012221716,ABLZF.US,33.175
2021-09-13,CH0012221716,ABLZF.US,33.175
2021-09-14,CH0012221716,ABLZF.US,33.7396
2021-09-15,CH0012221716,ABLZF.US,32.5746
2021-09-16,CH0012221716,ABLZF.US,32.9689
2021-09-17,CH0012221716,ABLZF.US,32.5567
2021-09-20,CH0012221716,ABLZF.US,30.7823
2021-09-21,CH0012221716,ABLZF.US,30.854
2021-09-22,CH0012221716,ABLZF.US,31.3828
2021-09-23,CH0012221716,ABLZF.US,31.795
2021-09-24,CH0012221716,ABLZF.US,32.476
2021-09-27,CH0012221716,ABLZF.US,31.7484
2021-09-28,CH0012221716,ABLZF.US,30.9795
2021-09-29,CH0012221716,ABLZF.US,29.707
2021-09-30,CH0012221716,ABLZF.US,29.2231
2021-10-01,CH0012221716,ABLZF.US,30.5225
2021-10-04,CH0012221716,ABLZF.US,29.7787
2021-10-05,CH0012221716,ABLZF.US,30.5045
2021-10-06,CH0012221716,ABLZF.US,29.9041
2021-10-07,CH0012221716,ABLZF.US,28.9901
2021-10-08,CH0012221716,ABLZF.US,30.5404
2021-10-11,CH0012221716,ABLZF.US,30.5045
2021-10-12,CH0012221716,ABLZF.US,29.4202
2021-10-13,CH0012221716,ABLZF.US,29.7787
2021-10-14,CH0012221716,ABLZF.US,31.1408
2021-10-15,CH0012221716,ABLZF.US,31.3738
2021-10-18,CH0012221716,ABLZF.US,31.0153
2021-10-19,CH0012221716,ABLZF.US,30.5762
2021-10-20,CH0012221716,ABLZF.US,31.7591
2021-10-21,CH0012221716,ABLZF.US,29.7249
2021-10-22,CH0012221716,ABLZF.US,29.9937
2021-10-25,CH0012221716,ABLZF.US,29.3754
2021-10-26,CH0012221716,ABLZF.US,29.9131
2021-10-27,CH0012221716,ABLZF.US,29.7787
2021-10-28,CH0012221716,ABLZF.US,30.0403
2021-10-29,CH0012221716,ABLZF.US,29.8504
2021-11-01,CH0012221716,ABLZF.US,30.2357
2021-11-02,CH0012221716,ABLZF.US,30.6031
2021-11-03,CH0012221716,ABLZF.US,30.1819
2021-11-04,CH0012221716,ABLZF.US,31.5082
2021-11-05,CH0012221716,ABLZF.US,31.2416
2021-11-08,CH0012221716,ABLZF.US,30.9168
2021-11-09,CH0012221716,ABLZF.US,31.8398
2021-11-10,CH0012221716,ABLZF.US,31.5709
2021-11-11,CH0012221716,ABLZF.US,31.4096
2021-11-12,CH0012221716,ABLZF.US,31.8398
2021-11-15,CH0012221716,ABLZF.US,32.0817
2021-11-16,CH0012221716,ABLZF.US,31.6606
2021-11-17,CH0012221716,ABLZF.US,31.5261
2021-11-18,CH0012221716,ABLZF.US,31.5261
2021-11-19,CH0012221716,ABLZF.US,32.252
2021-11-22,CH0012221716,ABLZF.US,32.6284
2021-11-23,CH0012221716,ABLZF.US,31.7717
2021-11-24,CH0012221716,ABLZF.US,32.0101
2021-11-26,CH0012221716,ABLZF.US,30.9885
2021-11-29,CH0012221716,ABLZF.US,31.8667
2021-11-30,CH0012221716,ABLZF.US,31.7323
2021-12-01,CH0012221716,ABLZF.US,31.5082
2021-12-02,CH0012221716,ABLZF.US,31.8129
2021-12-03,CH0012221716,ABLZF.US,32.2789
2021-12-06,CH0012221716,ABLZF.US,31.2125
2021-12-07,CH0012221716,ABLZF.US,32.1982
2021-12-08,CH0012221716,ABLZF.US,33.8023
2021-12-09,CH0012221716,ABLZF.US,33.2288
2021-12-10,CH0012221716,ABLZF.US,33.2467
2021-12-13,CH0012221716,ABLZF.US,33.7754
2021-12-14,CH0012221716,ABLZF.US,32.3215
2021-12-15,CH0012221716,ABLZF.US,33.65
2021-12-16,CH0012221716,ABLZF.US,33.8471
2021-12-17,CH0012221716,ABLZF.US,32.2162
2021-12-20,CH0012221716,ABLZF.US,31.7054
2021-12-21,CH0012221716,ABLZF.US,33.7754
2021-12-22,CH0012221716,ABLZF.US,33.426
2021-12-23,CH0012221716,ABLZF.US,33.8471
2021-12-27,CH0012221716,ABLZF.US,33.4976
2021-12-28,CH0012221716,ABLZF.US,34.8867
2021-12-29,CH0012221716,ABLZF.US,34.8956
2021-12-30,CH0012221716,ABLZF.US,34.8956
2021-12-31,CH0012221716,ABLZF.US,34.8239
2022-01-03,CH0012221716,ABLZF.US,34.8239
2022-01-04,CH0012221716,ABLZF.US,36.0248
2022-01-05,CH0012221716,ABLZF.US,35.9531
2022-01-06,CH0012221716,ABLZF.US,35.3616
2022-01-07,CH0012221716,ABLZF.US,35.2182
2022-01-10,CH0012221716,ABLZF.US,32.5513
2022-01-11,CH0012221716,ABLZF.US,34.4296
2022-01-12,CH0012221716,ABLZF.US,35.6394
2022-01-13,CH0012221716,ABLZF.US,35.6125
2022-01-14,CH0012221716,ABLZF.US,34.3848
2022-01-18,CH0012221716,ABLZF.US,33.1302
2022-01-19,CH0012221716,ABLZF.US,33.5873
2022-01-20,CH0012221716,ABLZF.US,34.107
2022-01-21,CH0012221716,ABLZF.US,33.5156
2022-01-24,CH0012221716,ABLZF.US,31.3021
2022-01-25,CH0012221716,ABLZF.US,31.2304
2022-01-26,CH0012221716,ABLZF.US,33.1213
2022-01-27,CH0012221716,ABLZF.US,31.8667
2022-01-28,CH0012221716,ABLZF.US,30.4597
2022-01-31,CH0012221716,ABLZF.US,31.8129
2022-02-01,CH0012221716,ABLZF.US,32.4133
2022-02-02,CH0012221716,ABLZF.US,32.6911
2022-02-03,CH0012221716,ABLZF.US,32.0817
2022-02-04,CH0012221716,ABLZF.US,29.232
2022-02-07,CH0012221716,ABLZF.US,30.5045
2022-02-08,CH0012221716,ABLZF.US,32.3506
2022-02-09,CH0012221716,ABLZF.US,32.6194
2022-02-10,CH0012221716,ABLZF.US,32.2162
2022-02-11,CH0012221716,ABLZF.US,30.4687
2022-02-14,CH0012221716,ABLZF.US,31.4544
2022-02-15,CH0012221716,ABLZF.US,32.4044
2022-02-16,CH0012221716,ABLZF.US,31.4186
2022-02-17,CH0012221716,ABLZF.US,31.6068
2022-02-18,CH0012221716,ABLZF.US,31.9563
2022-02-22,CH0012221716,ABLZF.US,29.4561
2022-02-23,CH0012221716,ABLZF.US,30.1999
2022-02-24,CH0012221716,ABLZF.US,29.7697
2022-02-25,CH0012221716,ABLZF.US,29.5278
2022-02-28,CH0012221716,ABLZF.US,29.3037
2022-03-01,CH0012221716,ABLZF.US,28.766
2022-03-02,CH0012221716,ABLZF.US,31.0153
2022-03-03,CH0012221716,ABLZF.US,30.7734
2022-03-04,CH0012221716,ABLZF.US,27.377
2022-03-07,CH0012221716,ABLZF.US,26.911
2022-03-08,CH0012221716,ABLZF.US,29.9669
2022-03-09,CH0012221716,ABLZF.US,28.533
2022-03-10,CH0012221716,ABLZF.US,30.155
2022-03-11,CH0012221716,ABLZF.US,30.5404
2022-03-14,CH0012221716,ABLZF.US,31.0153
2022-03-15,CH0012221716,ABLZF.US,30.5762
2022-03-16,CH0012221716,ABLZF.US,29.7966
2022-03-17,CH0012221716,ABLZF.US,30.4687
2022-03-18,CH0012221716,ABLZF.US,32.6463
2022-03-21,CH0012221716,ABLZF.US,31.7412
2022-03-22,CH0012221716,ABLZF.US,31.1766
2022-03-23,CH0012221716,ABLZF.US,32.6642
2022-03-24,CH0012221716,ABLZF.US,32.0549
2022-03-25,CH0012221716,ABLZF.US,29.9579
2022-03-28,CH0012221716,ABLZF.US,29.7747
2022-03-29,CH0012221716,ABLZF.US,32.2138
2022-03-30,CH0012221716,ABLZF.US,29.517
2022-03-31,CH0012221716,ABLZF.US,29.5262
2022-04-01,CH0012221716,ABLZF.US,29.5262
2022-04-04,CH0012221716,ABLZF.US,30.916
2022-04-05,CH0012221716,ABLZF.US,30.419
2022-04-06,CH0012221716,ABLZF.US,28.3665
2022-04-07,CH0012221716,ABLZF.US,28.3941
2022-04-08,CH0012221716,ABLZF.US,28.882
2022-04-11,CH0012221716,ABLZF.US,28.3573
2022-04-12,CH0012221716,ABLZF.US,29.3237
2022-04-13,CH0012221716,ABLZF.US,27.8327
2022-04-14,CH0012221716,ABLZF.US,28.118
2022-04-18,CH0012221716,ABLZF.US,28.2561
2022-04-19,CH0012221716,ABLZF.US,29.1673
2022-04-20,CH0012221716,ABLZF.US,28.7531
2022-04-21,CH0012221716,ABLZF.US,30.5295
2022-04-22,CH0012221716,ABLZF.US,28.9464
2022-04-25,CH0012221716,ABLZF.US,27.7499
2022-04-26,CH0012221716,ABLZF.US,27.6118
2022-04-27,CH0012221716,ABLZF.US,27.0504
2022-04-28,CH0012221716,ABLZF.US,27.3725
2022-04-29,CH0012221716,ABLZF.US,28.6242
2022-05-02,CH0012221716,ABLZF.US,26.5718
2022-05-03,CH0012221716,ABLZF.US,26.719
2022-05-04,CH0012221716,ABLZF.US,26.673
2022-05-05,CH0012221716,ABLZF.US,26.5902
2022-05-06,CH0012221716,ABLZF.US,26.3049
2022-05-09,CH0012221716,ABLZF.US,25.8539
2022-05-10,CH0012221716,ABLZF.US,25.8907
2022-05-11,CH0012221716,ABLZF.US,26.3417
2022-05-12,CH0012221716,ABLZF.US,25.2556
2022-05-13,CH0012221716,ABLZF.US,26.7558
2022-05-16,CH0012221716,ABLZF.US,25.3384
2022-05-17,CH0012221716,ABLZF.US,27.7959
2022-05-18,CH0012221716,ABLZF.US,27.5566
2022-05-19,CH0012221716,ABLZF.US,27.6578
2022-05-20,CH0012221716,ABLZF.US,26.0011
2022-05-23,CH0012221716,ABLZF.US,27.3173
2022-05-24,CH0012221716,ABLZF.US,27.5474
2022-05-25,CH0012221716,ABLZF.US,27.216
2022-05-26,CH0012221716,ABLZF.US,26.4705
2022-05-27,CH0012221716,ABLZF.US,28.1917
2022-05-31,CH0012221716,ABLZF.US,27.98
2022-06-01,CH0012221716,ABLZF.US,27.3449
2022-06-02,CH0012221716,ABLZF.US,29.3974
2022-06-03,CH0012221716,ABLZF.US,28.6427
2022-06-06,CH0012221716,ABLZF.US,27.9984
2022-06-07,CH0012221716,ABLZF.US,28.2745
2022-06-08,CH0012221716,ABLZF.US,29.2041
2022-06-09,CH0012221716,ABLZF.US,28.6519
2022-06-10,CH0012221716,ABLZF.US,26.1208
2022-06-13,CH0012221716,ABLZF.US,24.9243
2022-06-14,CH0012221716,ABLZF.US,24.5193
2022-06-15,CH0012221716,ABLZF.US,24.8322
2022-06-16,CH0012221716,ABLZF.US,25.1636
2022-06-17,CH0012221716,ABLZF.US,25.5133
2022-06-21,CH0012221716,ABLZF.US,24.0223
2022-06-22,CH0012221716,ABLZF.US,23.5713
2022-06-23,CH0012221716,ABLZF.US,23.5437
2022-06-24,CH0012221716,ABLZF.US,24.0683
2022-06-27,CH0012221716,ABLZF.US,25.4949
2022-06-28,CH0012221716,ABLZF.US,25.771
2022-06-29,CH0012221716,ABLZF.US,24.4365
2022-06-30,CH0012221716,ABLZF.US,25.136
2022-07-01,CH0012221716,ABLZF.US,23.5621
2022-07-05,CH0012221716,ABLZF.US,24.0361
2022-07-06,CH0012221716,ABLZF.US,24.7678
2022-07-07,CH0012221716,ABLZF.US,24.9703
2022-07-08,CH0012221716,ABLZF.US,24.7126
2022-07-11,CH0012221716,ABLZF.US,24.0683
2022-07-12,CH0012221716,ABLZF.US,24.418
2022-07-13,CH0012221716,ABLZF.US,24.1879
2022-07-14,CH0012221716,ABLZF.US,23.9026
2022-07-15,CH0012221716,ABLZF.US,24.8138
2022-07-18,CH0012221716,ABLZF.US,24.6021
2022-07-19,CH0012221716,ABLZF.US,25.5869
2022-07-20,CH0012221716,ABLZF.US,25.0899
2022-07-21,CH0012221716,ABLZF.US,26.1944
2022-07-22,CH0012221716,ABLZF.US,26.2404
2022-07-25,CH0012221716,ABLZF.US,25.5962
2022-07-26,CH0012221716,ABLZF.US,25.9183
2022-07-27,CH0012221716,ABLZF.US,27.7223
2022-07-28,CH0012221716,ABLZF.US,26.5073
2022-07-29,CH0012221716,ABLZF.US,27.2529
2022-08-01,CH0012221716,ABLZF.US,28.4678
2022-08-02,CH0012221716,ABLZF.US,27.6394
2022-08-03,CH0012221716,ABLZF.US,26.8479
2022-08-04,CH0012221716,ABLZF.US,28.3481
2022-08-05,CH0012221716,ABLZF.US,26.6638
2022-08-08,CH0012221716,ABLZF.US,26.8571
2022-08-09,CH0012221716,ABLZF.US,26.3159
2022-08-10,CH0012221716,ABLZF.US,28.0306
2022-08-11,CH0012221716,ABLZF.US,27.9744
2022-08-12,CH0012221716,ABLZF.US,27.5603
2022-08-15,CH0012221716,ABLZF.US,28.431
2022-08-16,CH0012221716,ABLZF.US,28.5451
2022-08-17,CH0012221716,ABLZF.US,27.1277
2022-08-18,CH0012221716,ABLZF.US,27.5566
2022-08-19,CH0012221716,ABLZF.US,27.1479
2022-08-22,CH0012221716,ABLZF.US,26.095
2022-08-23,CH0012221716,ABLZF.US,26.8902
2022-08-24,CH0012221716,ABLZF.US,25.7158
2022-08-25,CH0012221716,ABLZF.US,25.9698
2022-08-26,CH0012221716,ABLZF.US,25.6532
2022-08-29,CH0012221716,ABLZF.US,26.8184
2022-08-30,CH0012221716,ABLZF.US,26.4853
2022-08-31,CH0012221716,ABLZF.US,24.9648
2022-09-01,CH0012221716,ABLZF.US,24.3242
2022-09-02,CH0012221716,ABLZF.US,26.5883
2022-09-06,CH0012221716,ABLZF.US,24.5892
2022-09-07,CH0012221716,ABLZF.US,24.7034
2022-09-08,CH0012221716,ABLZF.US,26.5975
2022-09-09,CH0012221716,ABLZF.US,27.2216
2022-09-12,CH0012221716,ABLZF.US,26.4411
2022-09-13,CH0012221716,ABLZF.US,26.0766
2022-09-14,CH0012221716,ABLZF.US,25.7121
2022-09-15,CH0012221716,ABLZF.US,25.3458
2022-09-16,CH0012221716,ABLZF.US,24.7015
2022-09-19,CH0012221716,ABLZF.US,24.2487
2022-09-20,CH0012221716,ABLZF.US,24.2947
2022-09-21,CH0012221716,ABLZF.US,24.3923
2022-09-22,CH0012221716,ABLZF.US,23.8253
2022-09-23,CH0012221716,ABLZF.US,23.3283
2022-09-26,CH0012221716,ABLZF.US,23.3762
2022-09-27,CH0012221716,ABLZF.US,23.2215
2022-09-28,CH0012221716,ABLZF.US,23.569
2022-09-29,CH0012221716,ABLZF.US,24.7365
2022-09-30,CH0012221716,ABLZF.US,23.2399
2022-10-03,CH0012221716,ABLZF.US,22.881
2022-10-04,CH0012221716,ABLZF.US,23.5124
2022-10-05,CH0012221716,ABLZF.US,24.8249
2022-10-06,CH0012221716,ABLZF.US,23.9118
2022-10-07,CH0012221716,ABLZF.US,23.9615
2022-10-10,CH0012221716,ABLZF.US,23.9413
2022-10-11,CH0012221716,ABLZF.US,22.6325
2022-10-12,CH0012221716,ABLZF.US,22.9712
2022-10-13,CH0012221716,ABLZF.US,23.2528
2022-10-14,CH0012221716,ABLZF.US,24.1732
2022-10-17,CH0012221716,ABLZF.US,24.8285
2022-10-18,CH0012221716,ABLZF.US,24.4401
2022-10-19,CH0012221716,ABLZF.US,25.2151
2022-10-20,CH0012221716,ABLZF.US,25.2795
2022-10-21,CH0012221716,ABLZF.US,23.829
2022-10-24,CH0012221716,ABLZF.US,24.5856
2022-10-25,CH0012221716,ABLZF.US,25.5962
2022-10-26,CH0012221716,ABLZF.US,25.4452
2022-10-27,CH0012221716,ABLZF.US,25.8447
2022-10-28,CH0012221716,ABLZF.US,26.303
2022-10-31,CH0012221716,ABLZF.US,25.031
2022-11-01,CH0012221716,ABLZF.US,25.6514
2022-11-02,CH0012221716,ABLZF.US,25.2409
2022-11-03,CH0012221716,ABLZF.US,24.7475
2022-11-04,CH0012221716,ABLZF.US,25.7747
2022-11-07,CH0012221716,ABLZF.US,26.1631
2022-11-08,CH0012221716,ABLZF.US,26.0508
2022-11-09,CH0012221716,ABLZF.US,26.1539
2022-11-10,CH0012221716,ABLZF.US,27.402
2022-11-11,CH0012221716,ABLZF.US,27.8953
2022-11-14,CH0012221716,ABLZF.US,29.0936
2022-11-15,CH0012221716,ABLZF.US,27.667
2022-11-16,CH0012221716,ABLZF.US,27.7959
2022-11-17,CH0012221716,ABLZF.US,27.3799
2022-11-18,CH0012221716,ABLZF.US,27.5492
2022-11-21,CH0012221716,ABLZF.US,27.9192
2022-11-22,CH0012221716,ABLZF.US,28.2782
2022-11-23,CH0012221716,ABLZF.US,28.7402
2022-11-25,CH0012221716,ABLZF.US,29.2004
2022-11-28,CH0012221716,ABLZF.US,28.882
2022-11-29,CH0012221716,ABLZF.US,28.1567
2022-11-30,CH0012221716,ABLZF.US,28.9758
2022-12-01,CH0012221716,ABLZF.US,28.2929
2022-12-02,CH0012221716,ABLZF.US,28.3886
2022-12-05,CH0012221716,ABLZF.US,28.6979
2022-12-06,CH0012221716,ABLZF.US,29.1452
2022-12-07,CH0012221716,ABLZF.US,27.9487
2022-12-08,CH0012221716,ABLZF.US,28.0389
2022-12-09,CH0012221716,ABLZF.US,28.5083
2022-12-12,CH0012221716,ABLZF.US,28.3518
2022-12-13,CH0012221716,ABLZF.US,29.7195
2022-12-14,CH0012221716,ABLZF.US,29.1507
2022-12-15,CH0012221716,ABLZF.US,28.0242
2022-12-16,CH0012221716,ABLZF.US,27.5437
2022-12-19,CH0012221716,ABLZF.US,27.7039
2022-12-20,CH0012221716,ABLZF.US,27.1553
2022-12-21,CH0012221716,ABLZF.US,27.4885
2022-12-22,CH0012221716,ABLZF.US,27.2013
2022-12-23,CH0012221716,ABLZF.US,27.4369
2022-12-27,CH0012221716,ABLZF.US,27.6284
2022-12-28,CH0012221716,ABLZF.US,28.1548
2022-12-29,CH0012221716,ABLZF.US,28.1567
2022-12-30,CH0012221716,ABLZF.US,28.4052
2023-01-03,CH0012221716,ABLZF.US,28.569
2023-01-04,CH0012221716,ABLZF.US,28.7329
2023-01-05,CH0012221716,ABLZF.US,29.4931
2023-01-06,CH0012221716,ABLZF.US,30.2883
2023-01-09,CH0012221716,ABLZF.US,30.7835
2023-01-10,CH0012221716,ABLZF.US,30.4337
2023-01-12,CH0012221716,ABLZF.US,30.6105
2023-01-13,CH0012221716,ABLZF.US,31.0688
2023-01-17,CH0012221716,ABLZF.US,31.1498
2023-01-18,CH0012221716,ABLZF.US,31.7922
2023-01-19,CH0012221716,ABLZF.US,31.1664
2023-01-20,CH0012221716,ABLZF.US,30.7485
2023-01-23,CH0012221716,ABLZF.US,31.1535
2023-01-24,CH0012221716,ABLZF.US,31.5235
2023-01-25,CH0012221716,ABLZF.US,31.1461
2023-01-26,CH0012221716,ABLZF.US,31.518
2023-01-27,CH0012221716,ABLZF.US,32.1383
2023-01-30,CH0012221716,ABLZF.US,32.0941
2023-01-31,CH0012221716,ABLZF.US,31.5732
2023-02-01,CH0012221716,ABLZF.US,33.2557
2023-02-02,CH0012221716,ABLZF.US,30.9823
2023-02-03,CH0012221716,ABLZF.US,32.3169
2023-02-06,CH0012221716,ABLZF.US,31.807
2023-02-07,CH0012221716,ABLZF.US,30.7135
2023-02-08,CH0012221716,ABLZF.US,30.962
2023-02-09,CH0012221716,ABLZF.US,31.3063
2023-02-10,CH0012221716,ABLZF.US,31.0559
2023-02-13,CH0012221716,ABLZF.US,31.5419
2023-02-14,CH0012221716,ABLZF.US,31.3928
2023-02-15,CH0012221716,ABLZF.US,31.2879
2023-02-16,CH0012221716,ABLZF.US,31.6689
2023-02-17,CH0012221716,ABLZF.US,31.2529
2023-02-21,CH0012221716,ABLZF.US,31.2455
2023-02-22,CH0012221716,ABLZF.US,31.4664
2023-02-23,CH0012221716,ABLZF.US,31.5842
2023-02-24,CH0012221716,ABLZF.US,30.5773
2023-02-27,CH0012221716,ABLZF.US,32.2414
2023-02-28,CH0012221716,ABLZF.US,30.5387
2023-03-01,CH0012221716,ABLZF.US,30.5773
2023-03-02,CH0012221716,ABLZF.US,31.0044
2023-03-03,CH0012221716,ABLZF.US,30.8755
2023-03-06,CH0012221716,ABLZF.US,31.9616
2023-03-07,CH0012221716,ABLZF.US,31.448
2023-03-08,CH0012221716,ABLZF.US,30.6583
2023-03-09,CH0012221716,ABLZF.US,31.645
2023-03-10,CH0012221716,ABLZF.US,30.6822
2023-03-13,CH0012221716,ABLZF.US,30.1871
2023-03-14,CH0012221716,ABLZF.US,31.391
2023-03-15,CH0012221716,ABLZF.US,29.0016
2023-03-16,CH0012221716,ABLZF.US,30.0325
2023-03-17,CH0012221716,ABLZF.US,29.8005
2023-03-20,CH0012221716,ABLZF.US,30.0545
2023-03-21,CH0012221716,ABLZF.US,30.2662
2023-03-22,CH0012221716,ABLZF.US,31.4719
2023-03-23,CH0012221716,ABLZF.US,30.9768
2023-03-24,CH0012221716,ABLZF.US,30.2773
2023-03-27,CH0012221716,ABLZF.US,30.0539
2023-03-28,CH0012221716,ABLZF.US,30.9987
2023-03-29,CH0012221716,ABLZF.US,30.6257
2023-03-30,CH0012221716,ABLZF.US,32.2104
2023-03-31,CH0012221716,ABLZF.US,32.5645
2023-04-03,CH0012221716,ABLZF.US,32.7179
2023-04-04,CH0012221716,ABLZF.US,31.8469
2023-04-05,CH0012221716,ABLZF.US,31.2107
2023-04-06,CH0012221716,ABLZF.US,31.7371
2023-04-10,CH0012221716,ABLZF.US,32.6327
2023-04-11,CH0012221716,ABLZF.US,31.7295
2023-04-12,CH0012221716,ABLZF.US,33.4355
2023-04-13,CH0012221716,ABLZF.US,33.1723
2023-04-14,CH0012221716,ABLZF.US,33.3578
2023-04-17,CH0012221716,ABLZF.US,32.6592
2023-04-18,CH0012221716,ABLZF.US,33.4071
2023-04-19,CH0012221716,ABLZF.US,34.2514
2023-04-20,CH0012221716,ABLZF.US,32.8826
2023-04-21,CH0012221716,ABLZF.US,33.0019
2023-04-24,CH0012221716,ABLZF.US,34.0584
2023-04-25,CH0012221716,ABLZF.US,34.4484
2023-04-26,CH0012221716,ABLZF.US,33.6854
2023-04-27,CH0012221716,ABLZF.US,34.4693
2023-04-28,CH0012221716,ABLZF.US,33.8672
2023-05-01,CH0012221716,ABLZF.US,35.1793
2023-05-02,CH0012221716,ABLZF.US,33.39
2023-05-03,CH0012221716,ABLZF.US,34.918
2023-05-04,CH0012221716,ABLZF.US,34.208
2023-05-05,CH0012221716,ABLZF.US,33.7763
2023-05-08,CH0012221716,ABLZF.US,33.977
2023-05-09,CH0012221716,ABLZF.US,34.4674
2023-05-10,CH0012221716,ABLZF.US,35.0657
2023-05-11,CH0012221716,ABLZF.US,35.1698
2023-05-12,CH0012221716,ABLZF.US,35.2096
2023-05-15,CH0012221716,ABLZF.US,35.3345
2023-05-16,CH0012221716,ABLZF.US,35.0827
2023-05-17,CH0012221716,ABLZF.US,34.9521
2023-05-18,CH0012221716,ABLZF.US,34.7911
2023-05-19,CH0012221716,ABLZF.US,35.9802
2023-05-22,CH0012221716,ABLZF.US,35.823
2023-05-23,CH0012221716,ABLZF.US,35.2304
2023-05-24,CH0012221716,ABLZF.US,34.598
2023-05-25,CH0012221716,ABLZF.US,34.9653
2023-05-26,CH0012221716,ABLZF.US,34.9596
2023-05-30,CH0012221716,ABLZF.US,35.5296
2023-05-31,CH0012221716,ABLZF.US,34.0267
2023-06-01,CH0012221716,ABLZF.US,34.5355
2023-06-02,CH0012221716,ABLZF.US,35.1538
2023-06-05,CH0012221716,ABLZF.US,35.4633
2023-06-06,CH0012221716,ABLZF.US,35.7738
2023-06-07,CH0012221716,ABLZF.US,35.1679
2023-06-08,CH0012221716,ABLZF.US,36.3532
2023-06-09,CH0012221716,ABLZF.US,36.4119
2023-06-12,CH0012221716,ABLZF.US,36.0256
2023-06-13,CH0012221716,ABLZF.US,37.0954
2023-06-14,CH0012221716,ABLZF.US,36.9969
2023-06-15,CH0012221716,ABLZF.US,37.8509
2023-06-16,CH0012221716,ABLZF.US,37.697
2023-06-20,CH0012221716,ABLZF.US,36.5747
2023-06-21,CH0012221716,ABLZF.US,36.9591
2023-06-22,CH0012221716,ABLZF.US,36.0559
2023-06-23,CH0012221716,ABLZF.US,36.5349
2023-06-26,CH0012221716,ABLZF.US,36.2737
2023-06-27,CH0012221716,ABLZF.US,38.1462
2023-06-28,CH0012221716,ABLZF.US,37.7732
2023-06-29,CH0012221716,ABLZF.US,37.6615
2023-06-30,CH0012221716,ABLZF.US,36.8568
2023-07-03,CH0012221716,ABLZF.US,37.2809
2023-07-05,CH0012221716,ABLZF.US,35.8344
2023-07-06,CH0012221716,ABLZF.US,35.3913
2023-07-07,CH0012221716,ABLZF.US,35.4159
2023-07-10,CH0012221716,ABLZF.US,36.7319
2023-07-11,CH0012221716,ABLZF.US,36.4403
2023-07-12,CH0012221716,ABLZF.US,36.7205
2023-07-13,CH0012221716,ABLZF.US,37.2809
2023-07-14,CH0012221716,ABLZF.US,37.5223
2023-07-17,CH0012221716,ABLZF.US,38.0497
2023-07-18,CH0012221716,ABLZF.US,37.0419
2023-07-19,CH0012221716,ABLZF.US,36.8455
2023-07-20,CH0012221716,ABLZF.US,38.5041
2023-07-21,CH0012221716,ABLZF.US,37.546
2023-07-24,CH0012221716,ABLZF.US,38.5666
2023-07-25,CH0012221716,ABLZF.US,37.849
2023-07-26,CH0012221716,ABLZF.US,38.5628
2023-07-27,CH0012221716,ABLZF.US,38.6082
2023-07-28,CH0012221716,ABLZF.US,38.701
2023-07-31,CH0012221716,ABLZF.US,38.5931
2023-08-01,CH0012221716,ABLZF.US,37.2639
2023-08-02,CH0012221716,ABLZF.US,38.0989
2023-08-03,CH0012221716,ABLZF.US,36.8511
2023-08-04,CH0012221716,ABLZF.US,38.1254
2023-08-07,CH0012221716,ABLZF.US,37.7694
2023-08-08,CH0012221716,ABLZF.US,37.493
2023-08-09,CH0012221716,ABLZF.US,37.7789
2023-08-10,CH0012221716,ABLZF.US,37.1768
2023-08-11,CH0012221716,ABLZF.US,36.8947
2023-08-14,CH0012221716,ABLZF.US,37.2639
2023-08-15,CH0012221716,ABLZF.US,35.5977
2023-08-16,CH0012221716,ABLZF.US,36.5804
2023-08-17,CH0012221716,ABLZF.US,35.6526
2023-08-18,CH0012221716,ABLZF.US,34.5052
2023-08-21,CH0012221716,ABLZF.US,34.3462
2023-08-22,CH0012221716,ABLZF.US,34.4674
2023-08-23,CH0012221716,ABLZF.US,36.1241
2023-08-24,CH0012221716,ABLZF.US,34.3225
2023-08-25,CH0012221716,ABLZF.US,36.0654
2023-08-28,CH0012221716,ABLZF.US,36.3892
2023-08-29,CH0012221716,ABLZF.US,35.6091
2023-08-30,CH0012221716,ABLZF.US,36.9704
2023-08-31,CH0012221716,ABLZF.US,35.4273
2023-09-01,CH0012221716,ABLZF.US,36.4819
2023-09-05,CH0012221716,ABLZF.US,34.5753
2023-09-06,CH0012221716,ABLZF.US,36.3324
2023-09-07,CH0012221716,ABLZF.US,35.8874
2023-09-08,CH0012221716,ABLZF.US,35.6261
2023-09-11,CH0012221716,ABLZF.US,35.5731
2023-09-12,CH0012221716,ABLZF.US,34.403
2023-09-13,CH0012221716,ABLZF.US,34.6965
2023-09-14,CH0012221716,ABLZF.US,34.3708
2023-09-15,CH0012221716,ABLZF.US,35.344
2023-09-18,CH0012221716,ABLZF.US,35.1054
2023-09-19,CH0012221716,ABLZF.US,35.1982
2023-09-20,CH0012221716,ABLZF.US,35.3194
2023-09-21,CH0012221716,ABLZF.US,34.7324
2023-09-22,CH0012221716,ABLZF.US,33.5131
2023-09-25,CH0012221716,ABLZF.US,34.3102
2023-09-26,CH0012221716,ABLZF.US,33.4601
2023-09-27,CH0012221716,ABLZF.US,33.1079
2023-09-28,CH0012221716,ABLZF.US,34.3064
2023-09-29,CH0012221716,ABLZF.US,33.6324
2023-10-02,CH0012221716,ABLZF.US,34.3045
2023-10-03,CH0012221716,ABLZF.US,33.2745
2023-10-04,CH0012221716,ABLZF.US,33.4033
2023-10-05,CH0012221716,ABLZF.US,33.5756
2023-10-06,CH0012221716,ABLZF.US,34.2117
2023-10-09,CH0012221716,ABLZF.US,34.2856
2023-10-10,CH0012221716,ABLZF.US,34.4314
2023-10-11,CH0012221716,ABLZF.US,34.6737
2023-10-12,CH0012221716,ABLZF.US,35.1944
2023-10-16,CH0012221716,ABLZF.US,34.1833
2023-10-17,CH0012221716,ABLZF.US,34.0376
2023-10-18,CH0012221716,ABLZF.US,32.5001
2023-10-19,CH0012221716,ABLZF.US,32.36
2023-10-20,CH0012221716,ABLZF.US,31.6311
2023-10-23,CH0012221716,ABLZF.US,31.5326
2023-10-24,CH0012221716,ABLZF.US,31.898
2023-10-25,CH0012221716,ABLZF.US,30.8983
2023-10-26,CH0012221716,ABLZF.US,30.9305
2023-10-27,CH0012221716,ABLZF.US,30.974
2023-10-30,CH0012221716,ABLZF.US,30.8623
2023-10-31,CH0012221716,ABLZF.US,32.3486
2023-11-01,CH0012221716,ABLZF.US,30.9665
2023-11-02,CH0012221716,ABLZF.US,32.5475
2023-11-03,CH0012221716,ABLZF.US,32.2407
2023-11-06,CH0012221716,ABLZF.US,32.1631
2023-11-07,CH0012221716,ABLZF.US,32.3486
2023-11-08,CH0012221716,ABLZF.US,33.5983
2023-11-09,CH0012221716,ABLZF.US,33.888
2023-11-10,CH0012221716,ABLZF.US,33.426
2023-11-13,CH0012221716,ABLZF.US,34.2439
2023-11-14,CH0012221716,ABLZF.US,35.4728
2023-11-15,CH0012221716,ABLZF.US,35.3573
2023-11-16,CH0012221716,ABLZF.US,35.664
2023-11-17,CH0012221716,ABLZF.US,36.4422
2023-11-20,CH0012221716,ABLZF.US,36.5671
2023-11-21,CH0012221716,ABLZF.US,36.1563
2023-11-22,CH0012221716,ABLZF.US,36.0805
2023-11-24,CH0012221716,ABLZF.US,36.6883
2023-11-27,CH0012221716,ABLZF.US,36.374
2023-11-28,CH0012221716,ABLZF.US,36.0237
2023-11-29,CH0012221716,ABLZF.US,36.8776
2023-11-30,CH0012221716,ABLZF.US,37.0727
2023-12-01,CH0012221716,ABLZF.US,37.8641
2023-12-04,CH0012221716,ABLZF.US,37.368
2023-12-05,CH0012221716,ABLZF.US,37.6786
2023-12-06,CH0012221716,ABLZF.US,38.0837
2023-12-07,CH0012221716,ABLZF.US,38.7123
2023-12-08,CH0012221716,ABLZF.US,38.3412
2023-12-11,CH0012221716,ABLZF.US,39.4716
2023-12-12,CH0012221716,ABLZF.US,40.2346
2023-12-13,CH0012221716,ABLZF.US,40.229
2023-12-14,CH0012221716,ABLZF.US,40.9778
2023-12-15,CH0012221716,ABLZF.US,40.8159
2023-12-18,CH0012221716,ABLZF.US,41.2211
2023-12-19,CH0012221716,ABLZF.US,42.2208
2023-12-20,CH0012221716,ABLZF.US,42.1848
2023-12-21,CH0012221716,ABLZF.US,40.5168
2023-12-22,CH0012221716,ABLZF.US,40.583
2023-12-26,CH0012221716,ABLZF.US,42.6165
2023-12-27,CH0012221716,ABLZF.US,41.5278
2023-12-28,CH0012221716,ABLZF.US,42.0296
2023-12-29,CH0012221716,ABLZF.US,41.6528
2024-01-02,CH0012221716,ABLZF.US,41.1813
2024-01-03,CH0012221716,ABLZF.US,39.7745
2024-01-04,CH0012221716,ABLZF.US,40.9484
2024-01-05,CH0012221716,ABLZF.US,39.8863
2024-01-08,CH0012221716,ABLZF.US,40.8178
2024-01-09,CH0012221716,ABLZF.US,39.8692
2024-01-10,CH0012221716,ABLZF.US,40.068
2024-01-11,CH0012221716,ABLZF.US,39.856
2024-01-12,CH0012221716,ABLZF.US,40.9371
2024-01-16,CH0012221716,ABLZF.US,39.5492
2024-01-17,CH0012221716,ABLZF.US,39.678
2024-01-18,CH0012221716,ABLZF.US,39.4394
2024-01-19,CH0012221716,ABLZF.US,38.6499
2024-01-22,CH0012221716,ABLZF.US,39.8048
2024-01-23,CH0012221716,ABLZF.US,39.5189
2024-01-24,CH0012221716,ABLZF.US,39.4811
2024-01-25,CH0012221716,ABLZF.US,39.9506
2024-01-26,CH0012221716,ABLZF.US,39.9014
2024-01-29,CH0012221716,ABLZF.US,40.2611
2024-01-30,CH0012221716,ABLZF.US,40.5149
2024-01-31,CH0012221716,ABLZF.US,41.3158
2024-02-01,CH0012221716,ABLZF.US,40.5777
2024-02-02,CH0012221716,ABLZF.US,41.738
2024-02-05,CH0012221716,ABLZF.US,40.7818
2024-02-06,CH0012221716,ABLZF.US,40.5603
2024-02-07,CH0012221716,ABLZF.US,41.5579
2024-02-08,CH0012221716,ABLZF.US,40.8557
2024-02-09,CH0012221716,ABLZF.US,40.6796
2024-02-12,CH0012221716,ABLZF.US,41.293
2024-02-13,CH0012221716,ABLZF.US,41.009
2024-02-14,CH0012221716,ABLZF.US,41.5221
2024-02-15,CH0012221716,ABLZF.US,42.4613
2024-02-16,CH0012221716,ABLZF.US,42.9308
2024-02-20,CH0012221716,ABLZF.US,42.9801
2024-02-21,CH0012221716,ABLZF.US,43.1751
2024-02-22,CH0012221716,ABLZF.US,43.0937
2024-02-23,CH0012221716,ABLZF.US,42.9554
2024-02-26,CH0012221716,ABLZF.US,43.3303
2024-02-27,CH0012221716,ABLZF.US,43.6711
2024-02-28,CH0012221716,ABLZF.US,43.6087
2024-02-29,CH0012221716,ABLZF.US,43.7677
2024-03-01,CH0012221716,ABLZF.US,43.762
2024-03-04,CH0012221716,ABLZF.US,43.7866
2024-03-05,CH0012221716,ABLZF.US,42.9914
2024-03-06,CH0012221716,ABLZF.US,43.8037
2024-03-07,CH0012221716,ABLZF.US,43.8132
2024-03-08,CH0012221716,ABLZF.US,43.9362
2024-03-11,CH0012221716,ABLZF.US,43.9192
2024-03-12,CH0012221716,ABLZF.US,44.3111
2024-03-13,CH0012221716,ABLZF.US,45.6232
2024-03-14,CH0012221716,ABLZF.US,45.5286
2024-03-15,CH0012221716,ABLZF.US,45.6857
2024-03-18,CH0012221716,ABLZF.US,45.1953
2024-03-19,CH0012221716,ABLZF.US,44.6273
2024-03-20,CH0012221716,ABLZF.US,46.4828
2024-03-21,CH0012221716,ABLZF.US,44.9833
2024-03-22,CH0012221716,ABLZF.US,45.038
2024-03-25,CH0012221716,ABLZF.US,45.1039
2024-03-26,CH0012221716,ABLZF.US,44.9725
2024-03-27,CH0012221716,ABLZF.US,44.872
2024-03-28,CH0012221716,ABLZF.US,45.1812
2024-04-01,CH0012221716,ABLZF.US,45.2179
2024-04-02,CH0012221716,ABLZF.US,44.5067
2024-04-03,CH0012221716,ABLZF.US,45.1213
2024-04-04,CH0012221716,ABLZF.US,44.7947
2024-04-05,CH0012221716,ABLZF.US,45.5001
2024-04-08,CH0012221716,ABLZF.US,44.6304
2024-04-09,CH0012221716,ABLZF.US,44.7173
2024-04-10,CH0012221716,ABLZF.US,45.245
2024-04-11,CH0012221716,ABLZF.US,44.6014
2024-04-12,CH0012221716,ABLZF.US,44.6439
2024-04-15,CH0012221716,ABLZF.US,44.5144
2024-04-16,CH0012221716,ABLZF.US,43.5364
2024-04-17,CH0012221716,ABLZF.US,44.2071
2024-04-18,CH0012221716,ABLZF.US,46.4501
2024-04-19,CH0012221716,ABLZF.US,48.0495
2024-04-22,CH0012221716,ABLZF.US,48.4728
2024-04-23,CH0012221716,ABLZF.US,46.7584
2024-04-24,CH0012221716,ABLZF.US,47.9084
2024-04-25,CH0012221716,ABLZF.US,46.453
2024-04-26,CH0012221716,ABLZF.US,47.547
2024-04-29,CH0012221716,ABLZF.US,47.6784
2024-04-30,CH0012221716,ABLZF.US,49.1686
2024-05-01,CH0012221716,ABLZF.US,48.7646
2024-05-02,CH0012221716,ABLZF.US,48.0534
2024-05-03,CH0012221716,ABLZF.US,48.5172
2024-05-06,CH0012221716,ABLZF.US,48.5926
2024-05-07,CH0012221716,ABLZF.US,49.613
2024-05-08,CH0012221716,ABLZF.US,49.0739
2024-05-09,CH0012221716,ABLZF.US,48.1268
2024-05-10,CH0012221716,ABLZF.US,49.963
2024-05-13,CH0012221716,ABLZF.US,50.3611
2024-05-14,CH0012221716,ABLZF.US,51.9833
2024-05-15,CH0012221716,ABLZF.US,51.4609
2024-05-16,CH0012221716,ABLZF.US,51.8919
2024-05-17,CH0012221716,ABLZF.US,51.2038
2024-05-20,CH0012221716,ABLZF.US,50.4558
2024-05-21,CH0012221716,ABLZF.US,52.8003
2024-05-22,CH0012221716,ABLZF.US,51.803
2024-05-23,CH0012221716,ABLZF.US,51.0937
2024-05-24,CH0012221716,ABLZF.US,54.1668
2024-05-28,CH0012221716,ABLZF.US,53.6063
2024-05-29,CH0012221716,ABLZF.US,53.2932
2024-05-30,CH0012221716,ABLZF.US,52.1818
2024-05-31,CH0012221716,ABLZF.US,52.9105
2024-06-03,CH0012221716,ABLZF.US,55.2009
2024-06-04,CH0012221716,ABLZF.US,53.6179
2024-06-05,CH0012221716,ABLZF.US,55.9469
2024-06-06,CH0012221716,ABLZF.US,54.5398
2024-06-07,CH0012221716,ABLZF.US,54.8762
2024-06-10,CH0012221716,ABLZF.US,54.1436
2024-06-11,CH0012221716,ABLZF.US,54.6114
2024-06-12,CH0012221716,ABLZF.US,56.8863
2024-06-13,CH0012221716,ABLZF.US,56.4108
2024-06-14,CH0012221716,ABLZF.US,55.4212
2024-06-17,CH0012221716,ABLZF.US,54.4838
2024-06-18,CH0012221716,ABLZF.US,56.6775
2024-06-20,CH0012221716,ABLZF.US,56.9732
2024-06-21,CH0012221716,ABLZF.US,54.7293
2024-06-24,CH0012221716,ABLZF.US,54.2538
2024-06-25,CH0012221716,ABLZF.US,53.3338
2024-06-26,CH0012221716,ABLZF.US,53.3647
2024-06-27,CH0012221716,ABLZF.US,54.9515
2024-06-28,CH0012221716,ABLZF.US,53.343
2024-07-01,CH0012221716,ABLZF.US,53.1328
2024-07-02,CH0012221716,ABLZF.US,53.2971
2024-07-03,CH0012221716,ABLZF.US,55.1255
2024-07-05,CH0012221716,ABLZF.US,55.6454
2024-07-08,CH0012221716,ABLZF.US,53.3744
2024-07-09,CH0012221716,ABLZF.US,53.4362
2024-07-10,CH0012221716,ABLZF.US,53.4285
2024-07-11,CH0012221716,ABLZF.US,54.1668
2024-07-12,CH0012221716,ABLZF.US,54.8588
2024-07-15,CH0012221716,ABLZF.US,55.2241
2024-07-16,CH0012221716,ABLZF.US,55.5372
2024-07-17,CH0012221716,ABLZF.US,57.1607
2024-07-18,CH0012221716,ABLZF.US,52.0891
2024-07-19,CH0012221716,ABLZF.US,52.4995
2024-07-22,CH0012221716,ABLZF.US,53.2487
2024-07-23,CH0012221716,ABLZF.US,53.7049
2024-07-24,CH0012221716,ABLZF.US,52.6054
2024-07-25,CH0012221716,ABLZF.US,50.3882
2024-07-26,CH0012221716,ABLZF.US,52.3635
2024-07-29,CH0012221716,ABLZF.US,51.7025
2024-07-30,CH0012221716,ABLZF.US,52.1006
2024-07-31,CH0012221716,ABLZF.US,52.2147
2024-08-01,CH0012221716,ABLZF.US,54.8626
2024-08-02,CH0012221716,ABLZF.US,51.7411
2024-08-05,CH0012221716,ABLZF.US,51.5614
2024-08-06,CH0012221716,ABLZF.US,48.4554
2024-08-07,CH0012221716,ABLZF.US,48.755
2024-08-08,CH0012221716,ABLZF.US,52.3113
2024-08-09,CH0012221716,ABLZF.US,51.6155
2024-08-12,CH0012221716,ABLZF.US,51.3981
2024-08-13,CH0012221716,ABLZF.US,51.4841
2024-08-14,CH0012221716,ABLZF.US,52.7269
2024-08-15,CH0012221716,ABLZF.US,52.0485
2024-08-16,CH0012221716,ABLZF.US,52.5123
2024-08-19,CH0012221716,ABLZF.US,55.081
2024-08-20,CH0012221716,ABLZF.US,55.7788
2024-08-21,CH0012221716,ABLZF.US,55.9431
2024-08-22,CH0012221716,ABLZF.US,53.6933
2024-08-23,CH0012221716,ABLZF.US,54.103
2024-08-26,CH0012221716,ABLZF.US,54.6674
2024-08-27,CH0012221716,ABLZF.US,53.9155
2024-08-28,CH0012221716,ABLZF.US,54.3002
2024-08-29,CH0012221716,ABLZF.US,56.8476
2024-08-30,CH0012221716,ABLZF.US,55.5178
2024-09-02,CH0012221716,ABBN.SW,47.3504
2024-09-03,CH0012221716,ABLZF.US,56.1383
2024-09-04,CH0012221716,ABLZF.US,53.4981
2024-09-05,CH0012221716,ABLZF.US,55.0057
2024-09-06,CH0012221716,ABLZF.US,51.7864
2024-09-09,CH0012221716,ABLZF.US,54.2673
2024-09-10,CH0012221716,ABLZF.US,52.5239
2024-09-11,CH0012221716,ABLZF.US,54.5244
2024-09-12,CH0012221716,ABLZF.US,54.5263
2024-09-13,CH0012221716,ABLZF.US,55.4115
2024-09-16,CH0012221716,ABLZF.US,52.6109
2024-09-17,CH0012221716,ABLZF.US,55.3767
2024-09-18,CH0012221716,ABLZF.US,53.0941
2024-09-19,CH0012221716,ABLZF.US,57.1627
2024-09-20,CH0012221716,ABLZF.US,56.5345
2024-09-23,CH0012221716,ABLZF.US,54.2808
2024-09-24,CH0012221716,ABLZF.US,55.4376
2024-09-25,CH0012221716,ABLZF.US,55.8793
2024-09-26,CH0012221716,ABLZF.US,57.8005
2024-09-27,CH0012221716,ABLZF.US,56.061
2024-09-30,CH0012221716,ABLZF.US,55.2859
2024-10-01,CH0012221716,ABLZF.US,58.6896
2024-10-02,CH0012221716,ABLZF.US,55.5778
2024-10-03,CH0012221716,ABLZF.US,55.0965
2024-10-04,CH0012221716,ABLZF.US,55.2782
2024-10-07,CH0012221716,ABLZF.US,57.066
2024-10-08,CH0012221716,ABLZF.US,54.4857
2024-10-09,CH0012221716,ABLZF.US,56.3456
2024-10-11,CH0012221716,ABLZF.US,58.0614
2024-10-14,CH0012221716,ABLZF.US,57.4255
2024-10-15,CH0012221716,ABLZF.US,58.4093
2024-10-16,CH0012221716,ABLZF.US,54.3891
2024-10-17,CH0012221716,ABLZF.US,56.0873
2024-10-18,CH0012221716,ABLZF.US,56.032
2024-10-21,CH0012221716,ABLZF.US,56.0532
2024-10-22,CH0012221716,ABLZF.US,56.3547
2024-10-23,CH0012221716,ABLZF.US,54.8568
2024-10-24,CH0012221716,ABLZF.US,53.2294
2024-10-25,CH0012221716,ABLZF.US,56.4611
2024-10-28,CH0012221716,ABLZF.US,55.8638
2024-10-29,CH0012221716,ABLZF.US,56.0049
2024-10-30,CH0012221716,ABLZF.US,55.742
2024-10-31,CH0012221716,ABLZF.US,54.1803
2024-11-01,CH0012221716,ABLZF.US,53.6797
2024-11-04,CH0012221716,ABLZF.US,55.9353
2024-11-05,CH0012221716,ABLZF.US,56.6543
2024-11-06,CH0012221716,ABLZF.US,54.9805
2024-11-07,CH0012221716,ABLZF.US,54.8245
2024-11-08,CH0012221716,ABLZF.US,54.393
2024-11-11,CH0012221716,ABLZF.US,54.6249
2024-11-12,CH0012221716,ABLZF.US,53.8808
2024-11-13,CH0012221716,ABLZF.US,53.6797
2024-11-14,CH0012221716,ABLZF.US,55.543
2024-11-15,CH0012221716,ABLZF.US,55.2395
2024-11-18,CH0012221716,ABLZF.US,53.6005
2024-11-19,CH0012221716,ABLZF.US,54.5282
2024-11-20,CH0012221716,ABLZF.US,53.0922
2024-11-21,CH0012221716,ABLZF.US,54.7969
2024-11-22,CH0012221716,ABLZF.US,55.1236
2024-11-25,CH0012221716,ABLZF.US,53.9136
2024-11-26,CH0012221716,ABLZF.US,54.6442
2024-11-27,CH0012221716,ABLZF.US,54.8839
2024-11-29,CH0012221716,ABLZF.US,55.3516
2024-12-02,CH0012221716,ABLZF.US,56.6118
2024-12-03,CH0012221716,ABLZF.US,54.8723
2024-12-04,CH0012221716,ABLZF.US,56.1263
2024-12-05,CH0012221716,ABLZF.US,56.2137
2024-12-06,CH0012221716,ABLZF.US,55.8967
2024-12-09,CH0012221716,ABLZF.US,56.55
2024-12-10,CH0012221716,ABLZF.US,55.6145
2024-12-11,CH0012221716,ABLZF.US,55.8252
2024-12-12,CH0012221716,ABLZF.US,57.2825
2024-12-13,CH0012221716,ABLZF.US,55.2492
2024-12-16,CH0012221716,ABLZF.US,55.1719
2024-12-17,CH0012221716,ABLZF.US,57.182
2024-12-18,CH0012221716,ABLZF.US,54.5051
2024-12-19,CH0012221716,ABLZF.US,53.415
2024-12-20,CH0012221716,ABLZF.US,53.8228
2024-12-23,CH0012221716,ABLZF.US,52.0929
2024-12-24,CH0012221716,ABLZF.US,52.0407
2024-12-26,CH0012221716,ABLZF.US,53.8672
2024-12-27,CH0012221716,ABLZF.US,52.7172
2024-12-30,CH0012221716,ABLZF.US,51.9112
2024-12-31,CH0012221716,ABLZF.US,51.8958
2025-01-02,CH0012221716,ABLZF.US,51.5244
2025-01-03,CH0012221716,ABLZF.US,51.7643
2025-01-06,CH0012221716,ABLZF.US,52.1277
2025-01-07,CH0012221716,ABLZF.US,53.6063
2025-01-08,CH0012221716,ABLZF.US,52.0659
2025-01-10,CH0012221716,ABLZF.US,50.7458
2025-01-13,CH0012221716,ABLZF.US,52.149
2025-01-14,CH0012221716,ABLZF.US,52.2147
2025-01-15,CH0012221716,ABLZF.US,53.3763
2025-01-16,CH0012221716,ABLZF.US,52.6979
2025-01-17,CH0012221716,ABLZF.US,52.9897
2025-01-21,CH0012221716,ABLZF.US,54.9032
2025-01-22,CH0012221716,ABLZF.US,57.7831
2025-01-23,CH0012221716,ABLZF.US,56.2011
2025-01-24,CH0012221716,ABLZF.US,56.7336
2025-01-27,CH0012221716,ABLZF.US,54.0161
2025-01-28,CH0012221716,ABLZF.US,53.2681
2025-01-29,CH0012221716,ABLZF.US,53.9117
2025-01-30,CH0012221716,ABLZF.US,53.0593
2025-01-31,CH0012221716,ABLZF.US,53.6894
2025-02-03,CH0012221716,ABLZF.US,52.1325
2025-02-04,CH0012221716,ABLZF.US,52.9047
2025-02-05,CH0012221716,ABLZF.US,51.9306
2025-02-06,CH0012221716,ABLZF.US,52.8139
2025-02-07,CH0012221716,ABLZF.US,52.3133
2025-02-10,CH0012221716,ABLZF.US,52.1567
2025-02-11,CH0012221716,ABLZF.US,53.471
2025-02-12,CH0012221716,ABLZF.US,52.9066
2025-02-13,CH0012221716,ABLZF.US,54.8626
2025-02-14,CH0012221716,ABLZF.US,54.4529
2025-02-18,CH0012221716,ABLZF.US,55.9141
2025-02-19,CH0012221716,ABLZF.US,55.0926
2025-02-20,CH0012221716,ABLZF.US,56.3161
2025-02-21,CH0012221716,ABLZF.US,56.3702
2025-02-24,CH0012221716,ABLZF.US,54.2055
2025-02-25,CH0012221716,ABLZF.US,52.321
2025-02-26,CH0012221716,ABLZF.US,53.5676
2025-02-27,CH0012221716,ABLZF.US,52.3307
2025-02-28,CH0012221716,ABLZF.US,52.0552
2025-03-03,CH0012221716,ABLZF.US,50.9197
2025-03-04,CH0012221716,ABLZF.US,49.731
2025-03-05,CH0012221716,ABLZF.US,52.7655
2025-03-06,CH0012221716,ABLZF.US,52.5665
2025-03-07,CH0012221716,ABLZF.US,55.1139
2025-03-10,CH0012221716,ABLZF.US,52.0659
2025-03-11,CH0012221716,ABLZF.US,53.4807
2025-03-12,CH0012221716,ABLZF.US,55.1332
2025-03-13,CH0012221716,ABLZF.US,52.8283
2025-03-14,CH0012221716,ABLZF.US,52.9008
2025-03-17,CH0012221716,ABLZF.US,55.1351
2025-03-18,CH0012221716,ABLZF.US,54.3678
2025-03-19,CH0012221716,ABLZF.US,56.6002
2025-03-20,CH0012221716,ABLZF.US,55.7169
2025-03-21,CH0012221716,ABLZF.US,56.0281
2025-03-24,CH0012221716,ABLZF.US,54.0045
2025-03-25,CH0012221716,ABLZF.US,55.2569
2025-03-26,CH0012221716,ABLZF.US,53.9213
2025-03-27,CH0012221716,ABLZF.US,52.2166
2025-03-28,CH0012221716,ABLZF.US,52.263
2025-03-31,CH0012221716,ABLZF.US,51.026
2025-04-01,CH0012221716,ABLZF.US,49.6756
2025-04-02,CH0012221716,ABLZF.US,50.2038
2025-04-03,CH0012221716,ABLZF.US,49.3898
2025-04-04,CH0012221716,ABLZF.US,45.724
2025-04-07,CH0012221716,ABLZF.US,45.4678
2025-04-08,CH0012221716,ABLZF.US,48.2999
2025-04-09,CH0012221716,ABLZF.US,48.5325
2025-04-10,CH0012221716,ABLZF.US,48.1284
2025-04-11,CH0012221716,ABLZF.US,49.8825
2025-04-14,CH0012221716,ABLZF.US,49.3602
2025-04-15,CH0012221716,ABLZF.US,49.7288
2025-04-16,CH0012221716,ABLZF.US,49.4923
2025-04-17,CH0012221716,ABLZF.US,51.4395
2025-04-21,CH0012221716,ABLZF.US,49.2134
2025-04-22,CH0012221716,ABLZF.US,51.4316
2025-04-23,CH0012221716,ABLZF.US,50.2649
2025-04-24,CH0012221716,ABLZF.US,51.5026
2025-04-25,CH0012221716,ABLZF.US,52.3717
2025-04-28,CH0012221716,ABLZF.US,53.6488
2025-04-29,CH0012221716,ABLZF.US,52.3619
2025-04-30,CH0012221716,ABLZF.US,50.7674
2025-05-01,CH0012221716,ABLZF.US,53.5542
2025-05-02,CH0012221716,ABLZF.US,54.8373
2025-05-05,CH0012221716,ABLZF.US,54.8392
2025-05-06,CH0012221716,ABLZF.US,52.5353
2025-05-07,CH0012221716,ABLZF.US,54.4352
2025-05-08,CH0012221716,ABLZF.US,52.5491
2025-05-09,CH0012221716,ABLZF.US,52.9442
2025-05-12,CH0012221716,ABLZF.US,55.2176
2025-05-13,CH0012221716,ABLZF.US,54.4924
2025-05-14,CH0012221716,ABLZF.US,55.4088
2025-05-15,CH0012221716,ABLZF.US,55.1349
2025-05-16,CH0012221716,ABLZF.US,55.6818
2025-05-19,CH0012221716,ABLZF.US,55.3201
2025-05-20,CH0012221716,ABLZF.US,57.7522
2025-05-21,CH0012221716,ABLZF.US,56.4159
2025-05-22,CH0012221716,ABLZF.US,55.6729
2025-05-23,CH0012221716,ABLZF.US,56.1745
2025-05-27,CH0012221716,ABLZF.US,57.8783
2025-05-28,CH0012221716,ABLZF.US,55.7301
2025-05-29,CH0012221716,ABLZF.US,57.5984
2025-05-30,CH0012221716,ABLZF.US,56.3371
2025-06-02,CH0012221716,ABLZF.US,56.6485
2025-06-03,CH0012221716,ABLZF.US,55.2058
2025-06-04,CH0012221716,ABLZF.US,56.5105
2025-06-05,CH0012221716,ABLZF.US,55.937
2025-06-06,CH0012221716,ABLZF.US,57.3087
2025-06-09,CH0012221716,ABLZF.US,55.8798
2025-06-10,CH0012221716,ABLZF.US,57.9828
2025-06-11,CH0012221716,ABLZF.US,58.0222
2025-06-12,CH0012221716,ABLZF.US,57.9926
2025-06-13,CH0012221716,ABLZF.US,56.7608
2025-06-16,CH0012221716,ABLZF.US,58.8302
2025-06-17,CH0012221716,ABLZF.US,56.8397
2025-06-18,CH0012221716,ABLZF.US,57.3667
2025-06-20,CH0012221716,ABLZF.US,56.6451
2025-06-23,CH0012221716,ABLZF.US,56.4356
2025-06-24,CH0012221716,ABLZF.US,57.6595
2025-06-25,CH0012221716,ABLZF.US,55.5152
2025-06-26,CH0012221716,ABLZF.US,55.801
2025-06-27,CH0012221716,ABLZF.US,58.6824
2025-06-30,CH0012221716,ABLZF.US,58.3316
2025-07-01,CH0012221716,ABLZF.US,58.8125
2025-07-02,CH0012221716,ABLZF.US,58.8894
2025-07-03,CH0012221716,ABLZF.US,57.9729
2025-07-07,CH0012221716,ABLZF.US,58.9662
2025-07-08,CH0012221716,ABLZF.US,58.8223
2025-07-09,CH0012221716,ABLZF.US,58.8815
2025-07-10,CH0012221716,ABLZF.US,60.3478
2025-07-11,CH0012221716,ABLZF.US,59.8945
2025-07-14,CH0012221716,ABLZF.US,58.643
2025-07-15,CH0012221716,ABLZF.US,58.6154
2025-07-16,CH0012221716,ABLZF.US,59.2618
2025-07-17,CH0012221716,ABLZF.US,62.9001
2025-07-18,CH0012221716,ABLZF.US,64.8019
2025-07-21,CH0012221716,ABLZF.US,64.8906
2025-07-22,CH0012221716,ABLZF.US,64.9892
2025-07-23,CH0012221716,ABLZF.US,65.4001
2025-07-24,CH0012221716,ABLZF.US,65.2809
2025-07-25,CH0012221716,ABLZF.US,65.2887
2025-07-28,CH0012221716,ABLZF.US,66.0337
2025-07-29,CH0012221716,ABLZF.US,66.1559
2025-07-30,CH0012221716,ABLZF.US,65.7834
2025-07-31,CH0012221716,ABLZF.US,65.6987
2025-08-01,CH0012221716,ABLZF.US,65.6593
2025-08-04,CH0012221716,ABLZF.US,64.0372
2025-08-05,CH0012221716,ABLZF.US,65.5785
2025-08-06,CH0012221716,ABLZF.US,64.4423
2025-08-07,CH0012221716,ABLZF.US,64.057
2025-08-08,CH0012221716,ABLZF.US,66.418
2025-08-11,CH0012221716,ABLZF.US,65.6179
2025-08-12,CH0012221716,ABLZF.US,66.5698
2025-08-13,CH0012221716,ABLZF.US,66.5067
2025-08-14,CH0012221716,ABLZF.US,66.5264
2025-08-15,CH0012221716,ABLZF.US,66.4713
2025-08-18,CH0012221716,ABLZF.US,66.4614
2025-08-19,CH0012221716,ABLZF.US,65.8268
2025-08-20,CH0012221716,ABLZF.US,64.8492
2025-08-21,CH0012221716,ABLZF.US,66.1421
2025-08-22,CH0012221716,ABLZF.US,66.7147
2025-08-25,CH0012221716,ABLZF.US,65.3262
2025-08-26,CH0012221716,ABLZF.US,67.4449
2025-08-27,CH0012221716,ABLZF.US,65.3459
2025-08-28,CH0012221716,ABLZF.US,67.9711
2025-08-29,CH0012221716,ABLZF.US,66.96
2025-09-01,CH0012221716,ABBN.SW,56.4841
2025-09-02,CH0012221716,ABLZF.US,65.811
2025-09-03,CH0012221716,ABLZF.US,65.3735
2025-09-04,CH0012221716,ABLZF.US,66.3116
2025-09-05,CH0012221716,ABLZF.US,68.1228
2025-09-08,CH0012221716,ABLZF.US,70.1922
2025-09-09,CH0012221716,ABLZF.US,67.9238
2025-09-10,CH0012221716,ABLZF.US,70.9451
2025-09-11,CH0012221716,ABLZF.US,69.2147
2025-09-12,CH0012221716,ABLZF.US,70.4189
2025-09-15,CH0012221716,ABLZF.US,71.6448
2025-09-16,CH0012221716,ABLZF.US,69.2482
2025-09-17,CH0012221716,ABLZF.US,68.4323
2025-09-18,CH0012221716,ABLZF.US,70.0365
2025-09-19,CH0012221716,ABLZF.US,70.409
2025-09-22,CH0012221716,ABLZF.US,69.9735
2025-09-23,CH0012221716,ABLZF.US,71.7335
2025-09-24,CH0012221716,ABLZF.US,69.4965
2025-09-25,CH0012221716,ABLZF.US,69.8217
2025-09-26,CH0012221716,ABLZF.US,70.7855
2025-09-29,CH0012221716,ABLZF.US,69.8099
2025-09-30,CH0012221716,ABLZF.US,71.7768
2025-10-01,CH0012221716,ABLZF.US,71.0594
2025-10-02,CH0012221716,ABLZF.US,72.8273
2025-10-03,CH0012221716,ABLZF.US,73.4639
2025-10-06,CH0012221716,ABLZF.US,73.7004
2025-10-07,CH0012221716,ABLZF.US,73.1387
2025-10-08,CH0012221716,ABLZF.US,73.1564
2025-10-09,CH0012221716,ABLZF.US,71.6093
2025-10-10,CH0012221716,ABLZF.US,71.0752
2025-10-13,CH0012221716,ABLZF.US,71.0969
2025-10-14,CH0012221716,ABLZF.US,72.569
2025-10-15,CH0012221716,ABLZF.US,71.9759
2025-10-16,CH0012221716,ABLZF.US,74.1832
2025-10-17,CH0012221716,ABLZF.US,74.0748
2025-10-20,CH0012221716,ABLZF.US,71.9995
2025-10-21,CH0012221716,ABLZF.US,73.4796
2025-10-22,CH0012221716,ABLZF.US,73.0677
2025-10-23,CH0012221716,ABLZF.US,73.728
2025-10-24,CH0012221716,ABLZF.US,71.9207
2025-10-27,CH0012221716,ABLZF.US,73.1584
2025-10-28,CH0012221716,ABLZF.US,74.3015
2025-10-29,CH0012221716,ABLZF.US,72.646
2025-10-30,CH0012221716,ABLZF.US,73.9073
2025-11-03,CH0012221716,ABLZF.US,72.3878
2025-11-04,CH0012221716,ABLZF.US,72.0429
2025-11-05,CH0012221716,ABLZF.US,69.1477
2025-11-06,CH0012221716,ABLZF.US,70.612
2025-11-07,CH0012221716,ABLZF.US,67.4646
2025-11-10,CH0012221716,ABLZF.US,71.3216
2025-11-11,CH0012221716,ABLZF.US,69.398
2025-11-12,CH0012221716,ABLZF.US,70.4583
2025-11-13,CH0012221716,ABLZF.US,70.3243
2025-11-14,CH0012221716,ABLZF.US,69.803
2025-11-17,CH0012221716,ABLZF.US,68.521
2025-11-18,CH0012221716,ABLZF.US,66.1737
2025-11-19,CH0012221716,ABLZF.US,68.1583
2025-11-20,CH0012221716,ABLZF.US,69.0866
2025-11-21,CH0012221716,ABLZF.US,68.0479
2025-11-24,CH0012221716,ABLZF.US,69.4138
2025-11-25,CH0012221716,ABLZF.US,69.1162
2025-11-26,CH0012221716,ABLZF.US,70.7993
2025-11-28,CH0012221716,ABLZF.US,70.614
2025-12-01,CH0012221716,ABLZF.US,71.2309
2025-12-02,CH0012221716,ABLZF.US,69.4177
2025-12-03,CH0012221716,ABLZF.US,71.4418
2025-12-04,CH0012221716,ABLZF.US,71.9365
2025-12-05,CH0012221716,ABLZF.US,71.1481
2025-12-08,CH0012221716,ABLZF.US,73.2274
2025-12-09,CH0012221716,ABLZF.US,72.7347
2025-12-10,CH0012221716,ABLZF.US,71.4556
2025-12-11,CH0012221716,ABLZF.US,73.5585
2025-12-12,CH0012221716,ABLZF.US,72.0941
2025-12-15,CH0012221716,ABLZF.US,71.7788
2025-12-16,CH0012221716,ABLZF.US,71.9365
2025-12-17,CH0012221716,ABLZF.US,71.8675
2025-12-18,CH0012221716,ABLZF.US,71.0634
2025-12-19,CH0012221716,ABLZF.US,70.7934
2025-12-22,CH0012221716,ABLZF.US,71.9365
2025-12-23,CH0012221716,ABLZF.US,73.4146
2025-12-24,CH0012221716,ABLZF.US,75.484
2025-12-26,CH0012221716,ABLZF.US,74.3212
2025-12-29,CH0012221716,ABLZF.US,73.1012
2025-12-30,CH0012221716,ABLZF.US,74.5833
2025-12-31,CH0012221716,ABLZF.US,75.4032
2026-01-02,CH0012221716,ABLZF.US,71.7748
2026-01-05,CH0012221716,ABLZF.US,75.8782
2026-01-06,CH0012221716,ABLZF.US,76.1442
2026-01-07,CH0012221716,ABLZF.US,74.4
2026-01-08,CH0012221716,ABLZF.US,74.6681
2026-01-09,CH0012221716,ABLZF.US,75.4525
2026-01-12,CH0012221716,ABLZF.US,73.592
2026-01-13,CH0012221716,ABLZF.US,74.676
2026-01-14,CH0012221716,ABLZF.US,74.3409
2026-01-15,CH0012221716,ABLZF.US,75.8887
2026-01-16,CH0012221716,ABLZF.US,75.484
2026-01-20,CH0012221716,ABLZF.US,72.9239
2026-01-21,CH0012221716,ABLZF.US,72.8371
2026-01-22,CH0012221716,ABLZF.US,74.4
2026-01-23,CH0012221716,ABLZF.US,74.4296
2026-01-26,CH0012221716,ABLZF.US,77.3504
2026-01-27,CH0012221716,ABLZF.US,78.9527
2026-01-28,CH0012221716,ABLZF.US,77.7702
2026-01-29,CH0012221716,ABLZF.US,84.615
2026-01-30,CH0012221716,ABLZF.US,83.5488
2026-02-02,CH0012221716,ABLZF.US,85.5538
2026-02-03,CH0012221716,ABLZF.US,84.9914
2026-02-04,CH0012221716,ABLZF.US,84.7707
2026-02-05,CH0012221716,ABLZF.US,84.2593
2026-02-06,CH0012221716,ABLZF.US,83.9272
2026-02-09,CH0012221716,ABLZF.US,87.8661
2026-02-10,CH0012221716,ABLZF.US,89.0672
2026-02-11,CH0012221716,ABLZF.US,90.502
2026-02-12,CH0012221716,ABLZF.US,88.4582
2026-02-13,CH0012221716,ABLZF.US,90.9533
2026-02-17,CH0012221716,ABLZF.US,88.3872
2026-02-18,CH0012221716,ABLZF.US,91.5564
2026-02-19,CH0012221716,ABLZF.US,90.6045
2026-02-20,CH0012221716,ABLZF.US,88.0778
2026-02-23,CH0012221716,ABLZF.US,89.6742
2026-02-24,CH0012221716,ABLZF.US,90.0388
2026-02-25,CH0012221716,ABLZF.US,89.9935
2026-02-26,CH0012221716,ABLZF.US,91.4283
2026-02-27,CH0012221716,ABLZF.US,93.3302
2026-03-02,CH0012221716,ABLZF.US,89.8398
2026-03-03,CH0012221716,ABLZF.US,86.3139
2026-03-04,CH0012221716,ABLZF.US,87.4964
2026-03-05,CH0012221716,ABLZF.US,86.4223
2026-03-06,CH0012221716,ABLZF.US,83.7084
2026-03-09,CH0012221716,ABLZF.US,81.574
2026-03-10,CH0012221716,ABLZF.US,86.6489
2026-03-11,CH0012221716,ABLZF.US,84.3233
2026-03-12,CH0012221716,ABLZF.US,85.7936
2026-03-13,CH0012221716,ABLZF.US,85.2299
2026-03-16,CH0012221716,ABLZF.US,82.1278
2026-03-17,CH0012221716,ABLZF.US,85.0742
2026-03-18,CH0012221716,ABLZF.US,86.2252
2026-03-19,CH0012221716,ABLZF.US,82.1652
2026-03-20,CH0012221716,ABLZF.US,79.5933
2026-03-23,CH0012221716,ABLZF.US,82.7762
2026-03-24,CH0012221716,ABLZF.US,82.856
2026-03-25,CH0012221716,ABLZF.US,83.35
2026-03-26,CH0012221716,ABLZF.US,81.72
2026-03-27,CH0012221716,ABLZF.US,77.5
2026-03-30,CH0012221716,ABLZF.US,77.03
2026-03-31,CH0012221716,ABLZF.US,79.7
2026-04-01,CH0012221716,ABLZF.US,79.7
2026-04-02,CH0012221716,ABLZF.US,83.01
2026-04-06,CH0012221716,ABLZF.US,81.672
2026-04-07,CH0012221716,ABLZF.US,80.694
2026-04-08,CH0012221716,ABLZF.US,89.72
2026-04-09,CH0012221716,ABLZF.US,88.5
2026-04-10,CH0012221716,ABLZF.US,90.84
2026-04-13,CH0012221716,ABLZF.US,89.0
2026-04-14,CH0012221716,ABLZF.US,94.01
2026-04-15,CH0012221716,ABLZF.US,94.5
2026-04-16,CH0012221716,ABLZF.US,92.5
2026-04-17,CH0012221716,ABLZF.US,93.85
2026-04-20,CH0012221716,ABLZF.US,98.01
2026-04-21,CH0012221716,ABLZF.US,95.66
2026-04-22,CH0012221716,ABLZF.US,99.66
2026-04-23,CH0012221716,ABLZF.US,98.3
2026-04-24,CH0012221716,ABLZF.US,98.61
2020-04-27,CH0013841017,0QNO.LSE,420.5765
2020-04-28,CH0013841017,0QNO.LSE,422.9316
2020-04-29,CH0013841017,0QNO.LSE,420.2821
2020-04-30,CH0013841017,0QNO.LSE,414.8431
2020-05-04,CH0013841017,0QNO.LSE,427.8377
2020-05-05,CH0013841017,0QNO.LSE,428.3299
2020-05-06,CH0013841017,0QNO.LSE,433.2521
2020-05-07,CH0013841017,0QNO.LSE,433.449
2020-05-11,CH0013841017,0QNO.LSE,439.2382
2020-05-12,CH0013841017,0QNO.LSE,444.081
2020-05-13,CH0013841017,0QNO.LSE,453.2363
2020-05-14,CH0013841017,0QNO.LSE,436.2054
2020-05-15,CH0013841017,0QNO.LSE,413.4649
2020-05-18,CH0013841017,0QNO.LSE,457.5678
2020-05-19,CH0013841017,0QNO.LSE,460.5211
2020-05-20,CH0013841017,0QNO.LSE,472.5313
2020-05-22,CH0013841017,0QNO.LSE,473.5157
2020-05-26,CH0013841017,0QNO.LSE,478.241
2020-05-27,CH0013841017,0QNO.LSE,468.0029
2020-05-28,CH0013841017,0QNO.LSE,467.0763
2020-05-29,CH0013841017,0QNO.LSE,470.1433
2020-06-02,CH0013841017,0QNO.LSE,464.6558
2020-06-03,CH0013841017,0QNO.LSE,470.464
2020-06-04,CH0013841017,0QNO.LSE,459.5367
2020-06-05,CH0013841017,0QNO.LSE,461.2102
2020-06-08,CH0013841017,0QNO.LSE,455.9927
2020-06-09,CH0013841017,0QNO.LSE,461.604
2020-06-10,CH0013841017,0QNO.LSE,466.3293
2020-06-11,CH0013841017,0QNO.LSE,462.7853
2020-06-12,CH0013841017,0QNO.LSE,461.7024
2020-06-15,CH0013841017,0QNO.LSE,470.1686
2020-06-16,CH0013841017,0QNO.LSE,483.7539
2020-06-17,CH0013841017,0QNO.LSE,487.2979
2020-06-18,CH0013841017,0QNO.LSE,483.9508
2020-06-19,CH0013841017,0QNO.LSE,483.1632
2020-06-22,CH0013841017,0QNO.LSE,480.4068
2020-06-23,CH0013841017,0QNO.LSE,485.9197
2020-06-24,CH0013841017,0QNO.LSE,485.0388
2020-06-25,CH0013841017,0QNO.LSE,488.9714
2020-06-26,CH0013841017,0QNO.LSE,491.1372
2020-06-29,CH0013841017,0QNO.LSE,488.3808
2020-06-30,CH0013841017,0QNO.LSE,492.417
2020-07-01,CH0013841017,0QNO.LSE,495.042
2020-07-02,CH0013841017,0QNO.LSE,499.3081
2020-07-03,CH0013841017,0QNO.LSE,504.624
2020-07-06,CH0013841017,0QNO.LSE,511.5151
2020-07-07,CH0013841017,0QNO.LSE,513.6768
2020-07-08,CH0013841017,0QNO.LSE,518.9969
2020-07-09,CH0013841017,0QNO.LSE,518.6031
2020-07-10,CH0013841017,0QNO.LSE,530.0226
2020-07-13,CH0013841017,0QNO.LSE,533.9604
2020-07-14,CH0013841017,0QNO.LSE,529.6288
2020-07-15,CH0013841017,0QNO.LSE,553.6492
2020-07-16,CH0013841017,0QNO.LSE,555.8149
2020-07-17,CH0013841017,0QNO.LSE,546.3338
2020-07-20,CH0013841017,0QNO.LSE,555.0274
2020-07-21,CH0013841017,0QNO.LSE,557.5869
2020-07-22,CH0013841017,0QNO.LSE,555.618
2020-07-23,CH0013841017,0QNO.LSE,559.162
2020-07-24,CH0013841017,0QNO.LSE,560.3434
2020-07-27,CH0013841017,0QNO.LSE,558.1776
2020-07-28,CH0013841017,0QNO.LSE,561.5247
2020-07-29,CH0013841017,0QNO.LSE,558.5714
2020-07-30,CH0013841017,0QNO.LSE,557.1931
2020-07-31,CH0013841017,0QNO.LSE,559.5558
2020-08-03,CH0013841017,0QNO.LSE,573.338
2020-08-04,CH0013841017,0QNO.LSE,556.6025
2020-08-05,CH0013841017,0QNO.LSE,557.7838
2020-08-06,CH0013841017,0QNO.LSE,558.9651
2020-08-07,CH0013841017,0QNO.LSE,562.1153
2020-08-10,CH0013841017,0QNO.LSE,553.846
2020-08-11,CH0013841017,0QNO.LSE,539.6256
2020-08-12,CH0013841017,0QNO.LSE,549.5145
2020-08-13,CH0013841017,0QNO.LSE,556.0118
2020-08-14,CH0013841017,0QNO.LSE,546.955
2020-08-17,CH0013841017,0QNO.LSE,550.6958
2020-08-18,CH0013841017,0QNO.LSE,551.6803
2020-08-19,CH0013841017,0QNO.LSE,555.0274
2020-08-20,CH0013841017,0QNO.LSE,548.5301
2020-08-21,CH0013841017,0QNO.LSE,548.5301
2020-08-24,CH0013841017,0QNO.LSE,553.4523
2020-08-25,CH0013841017,0QNO.LSE,549.3176
2020-08-26,CH0013841017,0QNO.LSE,551.2865
2020-08-27,CH0013841017,0QNO.LSE,550.499
2020-08-28,CH0013841017,0QNO.LSE,545.3799
2020-09-01,CH0013841017,0QNO.LSE,544.1985
2020-09-02,CH0013841017,0QNO.LSE,559.5558
2020-09-03,CH0013841017,0QNO.LSE,540.6545
2020-09-04,CH0013841017,0QNO.LSE,530.8101
2020-09-07,CH0013841017,0QNO.LSE,545.183
2020-09-08,CH0013841017,0QNO.LSE,535.5355
2020-09-09,CH0013841017,0QNO.LSE,539.867
2020-09-10,CH0013841017,0QNO.LSE,535.9292
2020-09-11,CH0013841017,0QNO.LSE,538.8826
2020-09-14,CH0013841017,0QNO.LSE,542.0328
2020-09-15,CH0013841017,0QNO.LSE,548.727
2020-09-16,CH0013841017,0QNO.LSE,542.0328
2020-09-17,CH0013841017,0QNO.LSE,554.2398
2020-09-18,CH0013841017,0QNO.LSE,563.2967
2020-09-21,CH0013841017,0QNO.LSE,563.0998
2020-09-22,CH0013841017,0QNO.LSE,564.8718
2020-09-23,CH0013841017,0QNO.LSE,567.4313
2020-09-24,CH0013841017,0QNO.LSE,555.2243
2020-09-25,CH0013841017,0QNO.LSE,559.9496
2020-09-28,CH0013841017,0QNO.LSE,559.1269
2020-09-29,CH0013841017,0QNO.LSE,561.5247
2020-09-30,CH0013841017,0QNO.LSE,559.7527
2020-10-01,CH0013841017,0QNO.LSE,567.3329
2020-10-02,CH0013841017,0QNO.LSE,552.4678
2020-10-05,CH0013841017,0QNO.LSE,555.4212
2020-10-06,CH0013841017,0QNO.LSE,552.2709
2020-10-07,CH0013841017,0QNO.LSE,544.0016
2020-10-08,CH0013841017,0QNO.LSE,544.3954
2020-10-09,CH0013841017,0QNO.LSE,548.5301
2020-10-12,CH0013841017,0QNO.LSE,551.2865
2020-10-13,CH0013841017,0QNO.LSE,551.2865
2020-10-14,CH0013841017,0QNO.LSE,551.2865
2020-10-15,CH0013841017,0QNO.LSE,560.1465
2020-10-16,CH0013841017,0QNO.LSE,587.317
2020-10-19,CH0013841017,0QNO.LSE,573.5349
2020-10-20,CH0013841017,0QNO.LSE,573.338
2020-10-21,CH0013841017,0QNO.LSE,563.2967
2020-10-22,CH0013841017,0QNO.LSE,560.1465
2020-10-23,CH0013841017,0QNO.LSE,565.8562
2020-10-26,CH0013841017,0QNO.LSE,565.4624
2020-10-27,CH0013841017,0QNO.LSE,568.8095
2020-10-28,CH0013841017,0QNO.LSE,547.3487
2020-10-29,CH0013841017,0QNO.LSE,544.5923
2020-10-30,CH0013841017,0QNO.LSE,546.5612
2020-11-02,CH0013841017,0QNO.LSE,554.0429
2020-11-03,CH0013841017,0QNO.LSE,568.6127
2020-11-04,CH0013841017,0QNO.LSE,601.2961
2020-11-05,CH0013841017,0QNO.LSE,614.0938
2020-11-06,CH0013841017,0QNO.LSE,607.0058
2020-11-09,CH0013841017,0QNO.LSE,610.3529
2020-11-10,CH0013841017,0QNO.LSE,585.1113
2020-11-11,CH0013841017,0QNO.LSE,584.3637
2020-11-12,CH0013841017,0QNO.LSE,595.3894
2020-11-13,CH0013841017,0QNO.LSE,594.9956
2020-11-16,CH0013841017,0QNO.LSE,601.0813
2020-11-17,CH0013841017,0QNO.LSE,578.8508
2020-11-18,CH0013841017,0QNO.LSE,577.0788
2020-11-19,CH0013841017,0QNO.LSE,575.3068
2020-11-20,CH0013841017,0QNO.LSE,569.7378
2020-11-23,CH0013841017,0QNO.LSE,560.1465
2020-11-24,CH0013841017,0QNO.LSE,542.0328
2020-11-25,CH0013841017,0QNO.LSE,541.2452
2020-11-26,CH0013841017,0QNO.LSE,540.6545
2020-11-27,CH0013841017,0QNO.LSE,541.5106
2020-11-30,CH0013841017,0QNO.LSE,560.7371
2020-12-01,CH0013841017,0QNO.LSE,546.8483
2020-12-02,CH0013841017,0QNO.LSE,543.6079
2020-12-03,CH0013841017,0QNO.LSE,532.9759
2020-12-04,CH0013841017,0QNO.LSE,535.5355
2020-12-07,CH0013841017,0QNO.LSE,527.6599
2020-12-08,CH0013841017,0QNO.LSE,543.2141
2020-12-09,CH0013841017,0QNO.LSE,536.5199
2020-12-10,CH0013841017,0QNO.LSE,534.9448
2020-12-11,CH0013841017,0QNO.LSE,542.4265
2020-12-14,CH0013841017,0QNO.LSE,546.5612
2020-12-15,CH0013841017,0QNO.LSE,532.779
2020-12-16,CH0013841017,0QNO.LSE,540.0639
2020-12-17,CH0013841017,0QNO.LSE,549.7114
2020-12-18,CH0013841017,0QNO.LSE,551.0896
2020-12-21,CH0013841017,0QNO.LSE,542.2297
2020-12-22,CH0013841017,0QNO.LSE,546.3643
2020-12-23,CH0013841017,0QNO.LSE,545.3799
2020-12-29,CH0013841017,0QNO.LSE,561.332
2020-12-30,CH0013841017,0QNO.LSE,559.9496
2021-01-04,CH0013841017,0QNO.LSE,559.0995
2021-01-05,CH0013841017,0QNO.LSE,567.8251
2021-01-06,CH0013841017,0QNO.LSE,566.0531
2021-01-07,CH0013841017,0QNO.LSE,572.7473
2021-01-08,CH0013841017,0QNO.LSE,579.8353
2021-01-11,CH0013841017,0QNO.LSE,580.229
2021-01-12,CH0013841017,0QNO.LSE,579.2446
2021-01-13,CH0013841017,0QNO.LSE,583.1563
2021-01-14,CH0013841017,0QNO.LSE,578.6539
2021-01-15,CH0013841017,0QNO.LSE,578.2602
2021-01-18,CH0013841017,0QNO.LSE,575.3783
2021-01-19,CH0013841017,0QNO.LSE,570.3846
2021-01-20,CH0013841017,0QNO.LSE,583.9699
2021-01-21,CH0013841017,0QNO.LSE,586.7264
2021-01-22,CH0013841017,0QNO.LSE,589.089
2021-01-25,CH0013841017,0QNO.LSE,597.949
2021-01-26,CH0013841017,0QNO.LSE,590.6641
2021-01-27,CH0013841017,0QNO.LSE,585.1512
2021-01-28,CH0013841017,0QNO.LSE,561.1309
2021-01-29,CH0013841017,0QNO.LSE,561.1309
2021-02-01,CH0013841017,0QNO.LSE,564.0842
2021-02-02,CH0013841017,0QNO.LSE,566.057
2021-02-03,CH0013841017,0QNO.LSE,566.0531
2021-02-04,CH0013841017,0QNO.LSE,564.3891
2021-02-05,CH0013841017,0QNO.LSE,553.846
2021-02-08,CH0013841017,0QNO.LSE,562.1153
2021-02-09,CH0013841017,0QNO.LSE,578.6539
2021-02-10,CH0013841017,0QNO.LSE,586.5295
2021-02-11,CH0013841017,0QNO.LSE,592.4361
2021-02-12,CH0013841017,0QNO.LSE,599.1303
2021-02-15,CH0013841017,0QNO.LSE,599.5241
2021-02-16,CH0013841017,0QNO.LSE,605.4307
2021-02-17,CH0013841017,0QNO.LSE,600.5085
2021-02-18,CH0013841017,0QNO.LSE,598.3427
2021-02-19,CH0013841017,0QNO.LSE,591.4517
2021-02-22,CH0013841017,0QNO.LSE,582.001
2021-02-23,CH0013841017,0QNO.LSE,577.4726
2021-02-24,CH0013841017,0QNO.LSE,585.1512
2021-02-25,CH0013841017,0QNO.LSE,574.7162
2021-02-26,CH0013841017,0QNO.LSE,580.229
2021-03-01,CH0013841017,0QNO.LSE,567.0375
2021-03-02,CH0013841017,0QNO.LSE,569.5971
2021-03-03,CH0013841017,0QNO.LSE,556.6025
2021-03-04,CH0013841017,0QNO.LSE,548.9238
2021-03-05,CH0013841017,0QNO.LSE,531.9915
2021-03-08,CH0013841017,0QNO.LSE,533.5666
2021-03-09,CH0013841017,0QNO.LSE,536.5199
2021-03-10,CH0013841017,0QNO.LSE,536.5233
2021-03-11,CH0013841017,0QNO.LSE,541.8359
2021-03-12,CH0013841017,0QNO.LSE,537.5043
2021-03-15,CH0013841017,0QNO.LSE,535.5355
2021-03-16,CH0013841017,0QNO.LSE,543.411
2021-03-17,CH0013841017,0QNO.LSE,533.9604
2021-03-18,CH0013841017,0QNO.LSE,535.9292
2021-03-19,CH0013841017,0QNO.LSE,530.2195
2021-03-22,CH0013841017,0QNO.LSE,543.6079
2021-03-23,CH0013841017,0QNO.LSE,551.119
2021-03-24,CH0013841017,0QNO.LSE,545.5768
2021-03-25,CH0013841017,0QNO.LSE,537.8981
2021-03-26,CH0013841017,0QNO.LSE,539.5717
2021-03-29,CH0013841017,0QNO.LSE,537.1106
2021-03-30,CH0013841017,0QNO.LSE,520.3751
2021-03-31,CH0013841017,0QNO.LSE,520.1782
2021-04-01,CH0013841017,0QNO.LSE,527.6599
2021-04-06,CH0013841017,0QNO.LSE,529.4319
2021-04-07,CH0013841017,0QNO.LSE,527.0693
2021-04-08,CH0013841017,0QNO.LSE,529.8257
2021-04-09,CH0013841017,0QNO.LSE,539.867
2021-04-12,CH0013841017,0QNO.LSE,526.8318
2021-04-13,CH0013841017,0QNO.LSE,539.3125
2021-04-14,CH0013841017,0QNO.LSE,547.8226
2021-04-15,CH0013841017,0QNO.LSE,551.8943
2021-04-16,CH0013841017,0QNO.LSE,548.516
2021-04-19,CH0013841017,0QNO.LSE,547.8245
2021-04-20,CH0013841017,0QNO.LSE,542.421
2021-04-21,CH0013841017,0QNO.LSE,548.607
2021-04-22,CH0013841017,0QNO.LSE,554.9715
2021-04-23,CH0013841017,0QNO.LSE,549.4095
2021-04-26,CH0013841017,0QNO.LSE,547.8572
2021-04-27,CH0013841017,0QNO.LSE,551.6535
2021-04-28,CH0013841017,0QNO.LSE,550.3021
2021-04-29,CH0013841017,0QNO.LSE,561.8272
2021-04-30,CH0013841017,0QNO.LSE,572.2538
2021-05-04,CH0013841017,0QNO.LSE,574.3865
2021-05-05,CH0013841017,0QNO.LSE,575.7794
2021-05-06,CH0013841017,0QNO.LSE,565.8562
2021-05-07,CH0013841017,0QNO.LSE,568.501
2021-05-10,CH0013841017,0QNO.LSE,556.192
2021-05-11,CH0013841017,0QNO.LSE,547.9846
2021-05-12,CH0013841017,0QNO.LSE,554.0043
2021-05-14,CH0013841017,0QNO.LSE,550.9302
2021-05-17,CH0013841017,0QNO.LSE,557.4169
2021-05-18,CH0013841017,0QNO.LSE,555.8907
2021-05-19,CH0013841017,0QNO.LSE,549.4834
2021-05-20,CH0013841017,0QNO.LSE,560.5048
2021-05-21,CH0013841017,0QNO.LSE,562.5341
2021-05-25,CH0013841017,0QNO.LSE,566.328
2021-05-26,CH0013841017,0QNO.LSE,569.7994
2021-05-27,CH0013841017,0QNO.LSE,566.3626
2021-05-28,CH0013841017,0QNO.LSE,573.4995
2021-06-01,CH0013841017,0QNO.LSE,581.3572
2021-06-02,CH0013841017,0QNO.LSE,583.121
2021-06-03,CH0013841017,0QNO.LSE,581.5458
2021-06-04,CH0013841017,0QNO.LSE,579.0788
2021-06-07,CH0013841017,0QNO.LSE,591.0049
2021-06-08,CH0013841017,0QNO.LSE,629.2324
2021-06-09,CH0013841017,0QNO.LSE,632.7599
2021-06-10,CH0013841017,0QNO.LSE,642.9388
2021-06-11,CH0013841017,0QNO.LSE,652.9031
2021-06-14,CH0013841017,0QNO.LSE,655.9628
2021-06-15,CH0013841017,0QNO.LSE,655.0134
2021-06-16,CH0013841017,0QNO.LSE,656.9498
2021-06-17,CH0013841017,0QNO.LSE,651.8174
2021-06-18,CH0013841017,0QNO.LSE,644.7697
2021-06-21,CH0013841017,0QNO.LSE,623.9839
2021-06-22,CH0013841017,0QNO.LSE,639.5566
2021-06-23,CH0013841017,0QNO.LSE,636.8786
2021-06-24,CH0013841017,0QNO.LSE,655.1076
2021-06-25,CH0013841017,0QNO.LSE,651.9465
2021-06-28,CH0013841017,0QNO.LSE,657.9368
2021-06-29,CH0013841017,0QNO.LSE,656.091
2021-06-30,CH0013841017,0QNO.LSE,649.9659
2021-07-01,CH0013841017,0QNO.LSE,648.659
2021-07-02,CH0013841017,0QNO.LSE,653.9281
2021-07-05,CH0013841017,0QNO.LSE,646.8824
2021-07-06,CH0013841017,0QNO.LSE,654.5032
2021-07-07,CH0013841017,0QNO.LSE,671.7966
2021-07-08,CH0013841017,0QNO.LSE,668.0539
2021-07-09,CH0013841017,0QNO.LSE,658.0479
2021-07-12,CH0013841017,0QNO.LSE,663.2666
2021-07-13,CH0013841017,0QNO.LSE,660.3056
2021-07-14,CH0013841017,0QNO.LSE,653.4917
2021-07-15,CH0013841017,0QNO.LSE,650.4356
2021-07-16,CH0013841017,0QNO.LSE,649.8434
2021-07-19,CH0013841017,0QNO.LSE,644.4243
2021-07-20,CH0013841017,0QNO.LSE,649.1414
2021-07-21,CH0013841017,0QNO.LSE,654.581
2021-07-22,CH0013841017,0QNO.LSE,668.2016
2021-07-23,CH0013841017,0QNO.LSE,683.445
2021-07-26,CH0013841017,0QNO.LSE,677.0847
2021-07-27,CH0013841017,0QNO.LSE,673.7289
2021-07-28,CH0013841017,0QNO.LSE,679.6644
2021-07-29,CH0013841017,0QNO.LSE,679.4968
2021-07-30,CH0013841017,0QNO.LSE,686.1651
2021-08-02,CH0013841017,0QNO.LSE,698.9408
2021-08-03,CH0013841017,0QNO.LSE,710.0506
2021-08-04,CH0013841017,0QNO.LSE,711.8055
2021-08-05,CH0013841017,0QNO.LSE,713.0116
2021-08-06,CH0013841017,0QNO.LSE,707.4992
2021-08-09,CH0013841017,0QNO.LSE,706.8922
2021-08-10,CH0013841017,0QNO.LSE,710.248
2021-08-11,CH0013841017,0QNO.LSE,712.1531
2021-08-12,CH0013841017,0QNO.LSE,708.7397
2021-08-13,CH0013841017,0QNO.LSE,712.7539
2021-08-16,CH0013841017,0QNO.LSE,714.6623
2021-08-17,CH0013841017,0QNO.LSE,728.8037
2021-08-18,CH0013841017,0QNO.LSE,743.9523
2021-08-19,CH0013841017,0QNO.LSE,738.6051
2021-08-20,CH0013841017,0QNO.LSE,749.4922
2021-08-23,CH0013841017,0QNO.LSE,756.1583
2021-08-24,CH0013841017,0QNO.LSE,759.857
2021-08-25,CH0013841017,0QNO.LSE,760.8517
2021-08-26,CH0013841017,0QNO.LSE,754.071
2021-08-27,CH0013841017,0QNO.LSE,767.6916
2021-08-31,CH0013841017,0QNO.LSE,764.928
2021-09-01,CH0013841017,0QNO.LSE,759.4905
2021-09-02,CH0013841017,0QNO.LSE,767.499
2021-09-03,CH0013841017,0QNO.LSE,758.8086
2021-09-06,CH0013841017,0QNO.LSE,764.2186
2021-09-07,CH0013841017,0QNO.LSE,763.4434
2021-09-08,CH0013841017,0QNO.LSE,759.9383
2021-09-09,CH0013841017,0QNO.LSE,764.4734
2021-09-10,CH0013841017,0QNO.LSE,758.3907
2021-09-13,CH0013841017,0QNO.LSE,751.8996
2021-09-14,CH0013841017,0QNO.LSE,758.6628
2021-09-15,CH0013841017,0QNO.LSE,760.1843
2021-09-16,CH0013841017,0QNO.LSE,765.6355
2021-09-17,CH0013841017,0QNO.LSE,761.194
2021-09-20,CH0013841017,0QNO.LSE,738.1553
2021-09-21,CH0013841017,0QNO.LSE,746.5457
2021-09-22,CH0013841017,0QNO.LSE,747.5567
2021-09-23,CH0013841017,0QNO.LSE,749.9256
2021-09-24,CH0013841017,0QNO.LSE,733.4292
2021-09-27,CH0013841017,0QNO.LSE,718.4146
2021-09-28,CH0013841017,0QNO.LSE,692.6847
2021-09-29,CH0013841017,0QNO.LSE,690.3105
2021-09-30,CH0013841017,0QNO.LSE,692.5859
2021-10-01,CH0013841017,0QNO.LSE,686.268
2021-10-04,CH0013841017,0QNO.LSE,686.5299
2021-10-05,CH0013841017,0QNO.LSE,689.5819
2021-10-06,CH0013841017,0QNO.LSE,692.3091
2021-10-07,CH0013841017,0QNO.LSE,687.6413
2021-10-08,CH0013841017,0QNO.LSE,682.6459
2021-10-11,CH0013841017,0QNO.LSE,685.7518
2021-10-12,CH0013841017,0QNO.LSE,691.4318
2021-10-13,CH0013841017,0QNO.LSE,709.9411
2021-10-14,CH0013841017,0QNO.LSE,710.5165
2021-10-15,CH0013841017,0QNO.LSE,704.3964
2021-10-18,CH0013841017,0QNO.LSE,714.0497
2021-10-19,CH0013841017,0QNO.LSE,710.5441
2021-10-20,CH0013841017,0QNO.LSE,725.2505
2021-10-21,CH0013841017,0QNO.LSE,737.0945
2021-10-22,CH0013841017,0QNO.LSE,745.1263
2021-10-25,CH0013841017,0QNO.LSE,740.6477
2021-10-26,CH0013841017,0QNO.LSE,744.562
2021-10-27,CH0013841017,0QNO.LSE,749.2479
2021-10-28,CH0013841017,0QNO.LSE,748.9386
2021-10-29,CH0013841017,0QNO.LSE,740.9559
2021-11-01,CH0013841017,0QNO.LSE,749.9217
2021-11-02,CH0013841017,0QNO.LSE,765.5202
2021-11-03,CH0013841017,0QNO.LSE,759.3856
2021-11-04,CH0013841017,0QNO.LSE,758.9644
2021-11-05,CH0013841017,0QNO.LSE,719.3769
2021-11-08,CH0013841017,0QNO.LSE,707.39
2021-11-09,CH0013841017,0QNO.LSE,715.661
2021-11-10,CH0013841017,0QNO.LSE,716.17
2021-11-11,CH0013841017,0QNO.LSE,710.4691
2021-11-12,CH0013841017,0QNO.LSE,715.1002
2021-11-15,CH0013841017,0QNO.LSE,727.6281
2021-11-16,CH0013841017,0QNO.LSE,728.2115
2021-11-17,CH0013841017,0QNO.LSE,729.5538
2021-11-18,CH0013841017,0QNO.LSE,732.5574
2021-11-19,CH0013841017,0QNO.LSE,741.7706
2021-11-22,CH0013841017,0QNO.LSE,739.0738
2021-11-23,CH0013841017,0QNO.LSE,707.054
2021-11-24,CH0013841017,0QNO.LSE,694.8056
2021-11-25,CH0013841017,0QNO.LSE,706.8801
2021-11-26,CH0013841017,0QNO.LSE,715.9477
2021-11-29,CH0013841017,0QNO.LSE,726.4251
2021-11-30,CH0013841017,0QNO.LSE,737.0568
2021-12-01,CH0013841017,0QNO.LSE,720.5128
2021-12-02,CH0013841017,0QNO.LSE,712.4907
2021-12-03,CH0013841017,0QNO.LSE,714.2719
2021-12-06,CH0013841017,0QNO.LSE,701.3364
2021-12-07,CH0013841017,0QNO.LSE,700.9702
2021-12-08,CH0013841017,0QNO.LSE,732.7517
2021-12-09,CH0013841017,0QNO.LSE,741.9808
2021-12-10,CH0013841017,0QNO.LSE,736.8971
2021-12-13,CH0013841017,0QNO.LSE,736.1249
2021-12-14,CH0013841017,0QNO.LSE,720.7106
2021-12-15,CH0013841017,0QNO.LSE,735.823
2021-12-16,CH0013841017,0QNO.LSE,748.3357
2021-12-17,CH0013841017,0QNO.LSE,738.4021
2021-12-20,CH0013841017,0QNO.LSE,744.6743
2021-12-21,CH0013841017,0QNO.LSE,735.3525
2021-12-22,CH0013841017,0QNO.LSE,737.0945
2021-12-23,CH0013841017,0QNO.LSE,736.9942
2021-12-29,CH0013841017,0QNO.LSE,748.3464
2021-12-30,CH0013841017,0QNO.LSE,752.8866
2022-01-04,CH0013841017,0QNO.LSE,711.6298
2022-01-05,CH0013841017,0QNO.LSE,701.4351
2022-01-06,CH0013841017,0QNO.LSE,699.5846
2022-01-07,CH0013841017,0QNO.LSE,704.5833
2022-01-10,CH0013841017,0QNO.LSE,668.5964
2022-01-11,CH0013841017,0QNO.LSE,674.9133
2022-01-12,CH0013841017,0QNO.LSE,670.5
2022-01-13,CH0013841017,0QNO.LSE,664.4728
2022-01-14,CH0013841017,0QNO.LSE,648.7779
2022-01-17,CH0013841017,0QNO.LSE,644.5135
2022-01-18,CH0013841017,0QNO.LSE,645.2041
2022-01-19,CH0013841017,0QNO.LSE,646.1067
2022-01-20,CH0013841017,0QNO.LSE,648.7264
2022-01-21,CH0013841017,0QNO.LSE,633.9526
2022-01-24,CH0013841017,0QNO.LSE,608.6151
2022-01-25,CH0013841017,0QNO.LSE,599.1114
2022-01-26,CH0013841017,0QNO.LSE,597.3348
2022-01-27,CH0013841017,0QNO.LSE,605.4282
2022-01-28,CH0013841017,0QNO.LSE,620.8254
2022-01-31,CH0013841017,0QNO.LSE,622.564
2022-02-01,CH0013841017,0QNO.LSE,630.9891
2022-02-02,CH0013841017,0QNO.LSE,631.8799
2022-02-03,CH0013841017,0QNO.LSE,618.2592
2022-02-04,CH0013841017,0QNO.LSE,615.4385
2022-02-07,CH0013841017,0QNO.LSE,614.1138
2022-02-08,CH0013841017,0QNO.LSE,604.1161
2022-02-09,CH0013841017,0QNO.LSE,620.0355
2022-02-10,CH0013841017,0QNO.LSE,621.0155
2022-02-11,CH0013841017,0QNO.LSE,606.1111
2022-02-14,CH0013841017,0QNO.LSE,593.9875
2022-02-15,CH0013841017,0QNO.LSE,603.4542
2022-02-16,CH0013841017,0QNO.LSE,604.9157
2022-02-17,CH0013841017,0QNO.LSE,613.5861
2022-02-18,CH0013841017,0QNO.LSE,593.5935
2022-02-21,CH0013841017,0QNO.LSE,592.7281
2022-02-22,CH0013841017,0QNO.LSE,593.1893
2022-02-23,CH0013841017,0QNO.LSE,600.851
2022-02-24,CH0013841017,0QNO.LSE,599.7956
2022-02-25,CH0013841017,0QNO.LSE,622.6021
2022-02-28,CH0013841017,0QNO.LSE,629.1163
2022-03-01,CH0013841017,0QNO.LSE,634.5962
2022-03-02,CH0013841017,0QNO.LSE,637.8019
2022-03-03,CH0013841017,0QNO.LSE,624.7188
2022-03-04,CH0013841017,0QNO.LSE,609.8379
2022-03-07,CH0013841017,0QNO.LSE,600.0743
2022-03-08,CH0013841017,0QNO.LSE,573.8441
2022-03-09,CH0013841017,0QNO.LSE,575.4809
2022-03-10,CH0013841017,0QNO.LSE,602.0286
2022-03-11,CH0013841017,0QNO.LSE,599.0283
2022-03-14,CH0013841017,0QNO.LSE,619.1417
2022-03-15,CH0013841017,0QNO.LSE,617.187
2022-03-16,CH0013841017,0QNO.LSE,641.2564
2022-03-17,CH0013841017,0QNO.LSE,653.1992
2022-03-18,CH0013841017,0QNO.LSE,654.6493
2022-03-21,CH0013841017,0QNO.LSE,649.5756
2022-03-22,CH0013841017,0QNO.LSE,654.581
2022-03-23,CH0013841017,0QNO.LSE,652.0695
2022-03-24,CH0013841017,0QNO.LSE,647.2377
2022-03-25,CH0013841017,0QNO.LSE,646.0927
2022-03-28,CH0013841017,0QNO.LSE,649.4486
2022-03-29,CH0013841017,0QNO.LSE,663.464
2022-03-30,CH0013841017,0QNO.LSE,661.2926
2022-03-31,CH0013841017,0QNO.LSE,667.5185
2022-04-01,CH0013841017,0QNO.LSE,663.4747
2022-04-04,CH0013841017,0QNO.LSE,668.2016
2022-04-05,CH0013841017,0QNO.LSE,668.828
2022-04-06,CH0013841017,0QNO.LSE,667.7096
2022-04-07,CH0013841017,0QNO.LSE,672.0767
2022-04-08,CH0013841017,0QNO.LSE,663.2666
2022-04-11,CH0013841017,0QNO.LSE,659.9353
2022-04-12,CH0013841017,0QNO.LSE,656.7565
2022-04-13,CH0013841017,0QNO.LSE,650.9976
2022-04-14,CH0013841017,0QNO.LSE,649.5232
2022-04-19,CH0013841017,0QNO.LSE,620.6558
2022-04-20,CH0013841017,0QNO.LSE,627.4694
2022-04-21,CH0013841017,0QNO.LSE,621.0726
2022-04-22,CH0013841017,0QNO.LSE,611.745
2022-04-25,CH0013841017,0QNO.LSE,587.3425
2022-04-26,CH0013841017,0QNO.LSE,579.1085
2022-04-27,CH0013841017,0QNO.LSE,568.3168
2022-04-28,CH0013841017,0QNO.LSE,567.2448
2022-04-29,CH0013841017,0QNO.LSE,570.9687
2022-05-02,CH0013841017,LONN.SW,566.1109
2022-05-03,CH0013841017,0QNO.LSE,563.1844
2022-05-04,CH0013841017,0QNO.LSE,557.1368
2022-05-05,CH0013841017,0QNO.LSE,563.5875
2022-05-06,CH0013841017,0QNO.LSE,546.4657
2022-05-09,CH0013841017,0QNO.LSE,527.7046
2022-05-10,CH0013841017,0QNO.LSE,521.411
2022-05-11,CH0013841017,0QNO.LSE,518.7843
2022-05-12,CH0013841017,0QNO.LSE,526.3146
2022-05-13,CH0013841017,0QNO.LSE,545.7167
2022-05-16,CH0013841017,0QNO.LSE,545.4875
2022-05-17,CH0013841017,0QNO.LSE,547.098
2022-05-18,CH0013841017,0QNO.LSE,529.0857
2022-05-19,CH0013841017,0QNO.LSE,522.8425
2022-05-20,CH0013841017,0QNO.LSE,544.2991
2022-05-23,CH0013841017,0QNO.LSE,549.0773
2022-05-24,CH0013841017,0QNO.LSE,551.6005
2022-05-25,CH0013841017,0QNO.LSE,550.8588
2022-05-27,CH0013841017,0QNO.LSE,566.2992
2022-05-30,CH0013841017,0QNO.LSE,583.1937
2022-05-31,CH0013841017,0QNO.LSE,573.1137
2022-06-01,CH0013841017,0QNO.LSE,560.2428
2022-06-07,CH0013841017,0QNO.LSE,561.9489
2022-06-08,CH0013841017,0QNO.LSE,566.3661
2022-06-09,CH0013841017,0QNO.LSE,553.4783
2022-06-10,CH0013841017,0QNO.LSE,544.9207
2022-06-13,CH0013841017,0QNO.LSE,521.4246
2022-06-14,CH0013841017,0QNO.LSE,509.09
2022-06-15,CH0013841017,0QNO.LSE,506.021
2022-06-16,CH0013841017,0QNO.LSE,482.5705
2022-06-17,CH0013841017,0QNO.LSE,490.4968
2022-06-20,CH0013841017,0QNO.LSE,485.3463
2022-06-21,CH0013841017,0QNO.LSE,484.6993
2022-06-22,CH0013841017,0QNO.LSE,487.261
2022-06-23,CH0013841017,0QNO.LSE,482.9664
2022-06-24,CH0013841017,0QNO.LSE,490.389
2022-06-27,CH0013841017,0QNO.LSE,506.8788
2022-06-28,CH0013841017,0QNO.LSE,506.5199
2022-06-29,CH0013841017,0QNO.LSE,494.0238
2022-06-30,CH0013841017,0QNO.LSE,503.7498
2022-07-01,CH0013841017,0QNO.LSE,513.9216
2022-07-04,CH0013841017,0QNO.LSE,520.1101
2022-07-05,CH0013841017,0QNO.LSE,527.6242
2022-07-06,CH0013841017,0QNO.LSE,542.0523
2022-07-07,CH0013841017,0QNO.LSE,544.2636
2022-07-08,CH0013841017,0QNO.LSE,558.0801
2022-07-11,CH0013841017,0QNO.LSE,558.2727
2022-07-12,CH0013841017,0QNO.LSE,549.2753
2022-07-13,CH0013841017,0QNO.LSE,542.1017
2022-07-14,CH0013841017,0QNO.LSE,543.3372
2022-07-15,CH0013841017,0QNO.LSE,560.5002
2022-07-18,CH0013841017,0QNO.LSE,564.0735
2022-07-19,CH0013841017,0QNO.LSE,563.4616
2022-07-20,CH0013841017,0QNO.LSE,576.7345
2022-07-21,CH0013841017,0QNO.LSE,579.4256
2022-07-22,CH0013841017,0QNO.LSE,556.7225
2022-07-25,CH0013841017,0QNO.LSE,533.5597
2022-07-26,CH0013841017,0QNO.LSE,538.181
2022-07-27,CH0013841017,0QNO.LSE,536.2441
2022-07-28,CH0013841017,0QNO.LSE,552.9021
2022-07-29,CH0013841017,0QNO.LSE,567.5212
2022-08-02,CH0013841017,0QNO.LSE,570.4545
2022-08-03,CH0013841017,0QNO.LSE,573.9216
2022-08-04,CH0013841017,0QNO.LSE,575.9329
2022-08-05,CH0013841017,0QNO.LSE,554.4216
2022-08-08,CH0013841017,0QNO.LSE,558.3222
2022-08-09,CH0013841017,0QNO.LSE,555.0739
2022-08-10,CH0013841017,0QNO.LSE,563.9226
2022-08-11,CH0013841017,0QNO.LSE,574.6913
2022-08-12,CH0013841017,0QNO.LSE,566.341
2022-08-15,CH0013841017,0QNO.LSE,563.7247
2022-08-16,CH0013841017,0QNO.LSE,557.7326
2022-08-17,CH0013841017,0QNO.LSE,554.8216
2022-08-18,CH0013841017,0QNO.LSE,567.2999
2022-08-19,CH0013841017,0QNO.LSE,565.3622
2022-08-22,CH0013841017,0QNO.LSE,553.4583
2022-08-23,CH0013841017,0QNO.LSE,530.9678
2022-08-24,CH0013841017,0QNO.LSE,535.2217
2022-08-25,CH0013841017,0QNO.LSE,543.8991
2022-08-26,CH0013841017,0QNO.LSE,535.2465
2022-08-30,CH0013841017,0QNO.LSE,519.9918
2022-08-31,CH0013841017,0QNO.LSE,518.656
2022-09-01,CH0013841017,0QNO.LSE,504.7354
2022-09-02,CH0013841017,0QNO.LSE,517.1544
2022-09-05,CH0013841017,0QNO.LSE,509.0985
2022-09-06,CH0013841017,0QNO.LSE,507.1345
2022-09-07,CH0013841017,0QNO.LSE,507.2324
2022-09-08,CH0013841017,0QNO.LSE,510.6115
2022-09-09,CH0013841017,0QNO.LSE,517.0115
2022-09-12,CH0013841017,0QNO.LSE,526.2263
2022-09-13,CH0013841017,0QNO.LSE,527.7633
2022-09-14,CH0013841017,0QNO.LSE,494.1499
2022-09-15,CH0013841017,0QNO.LSE,479.7037
2022-09-16,CH0013841017,0QNO.LSE,475.5278
2022-09-20,CH0013841017,0QNO.LSE,460.8894
2022-09-21,CH0013841017,0QNO.LSE,457.6552
2022-09-22,CH0013841017,0QNO.LSE,452.5811
2022-09-23,CH0013841017,0QNO.LSE,436.8933
2022-09-26,CH0013841017,0QNO.LSE,435.6594
2022-09-27,CH0013841017,0QNO.LSE,442.7286
2022-09-28,CH0013841017,0QNO.LSE,467.5273
2022-09-29,CH0013841017,0QNO.LSE,463.4696
2022-09-30,CH0013841017,0QNO.LSE,481.2839
2022-10-03,CH0013841017,0QNO.LSE,488.2117
2022-10-04,CH0013841017,0QNO.LSE,505.1353
2022-10-05,CH0013841017,0QNO.LSE,499.693
2022-10-06,CH0013841017,0QNO.LSE,503.7487
2022-10-07,CH0013841017,0QNO.LSE,493.9147
2022-10-10,CH0013841017,0QNO.LSE,481.3378
2022-10-11,CH0013841017,0QNO.LSE,475.0687
2022-10-12,CH0013841017,0QNO.LSE,476.2402
2022-10-13,CH0013841017,0QNO.LSE,474.7558
2022-10-14,CH0013841017,0QNO.LSE,483.3806
2022-10-17,CH0013841017,0QNO.LSE,498.7016
2022-10-18,CH0013841017,0QNO.LSE,508.5002
2022-10-19,CH0013841017,0QNO.LSE,485.5396
2022-10-20,CH0013841017,0QNO.LSE,491.9976
2022-10-21,CH0013841017,0QNO.LSE,487.4214
2022-10-24,CH0013841017,0QNO.LSE,494.464
2022-10-25,CH0013841017,0QNO.LSE,513.0014
2022-10-26,CH0013841017,0QNO.LSE,522.2419
2022-10-27,CH0013841017,0QNO.LSE,506.0253
2022-10-28,CH0013841017,0QNO.LSE,508.7491
2022-10-31,CH0013841017,0QNO.LSE,510.6776
2022-11-01,CH0013841017,0QNO.LSE,514.6569
2022-11-02,CH0013841017,0QNO.LSE,489.5973
2022-11-03,CH0013841017,0QNO.LSE,474.2306
2022-11-04,CH0013841017,0QNO.LSE,474.162
2022-11-07,CH0013841017,0QNO.LSE,478.6835
2022-11-08,CH0013841017,0QNO.LSE,484.4055
2022-11-09,CH0013841017,0QNO.LSE,488.1127
2022-11-10,CH0013841017,0QNO.LSE,511.0734
2022-11-11,CH0013841017,0QNO.LSE,517.2095
2022-11-14,CH0013841017,0QNO.LSE,503.3539
2022-11-15,CH0013841017,0QNO.LSE,510.6776
2022-11-16,CH0013841017,0QNO.LSE,495.0405
2022-11-17,CH0013841017,0QNO.LSE,491.0818
2022-11-18,CH0013841017,0QNO.LSE,490.0921
2022-11-21,CH0013841017,0QNO.LSE,493.556
2022-11-22,CH0013841017,0QNO.LSE,486.5276
2022-11-23,CH0013841017,0QNO.LSE,491.5759
2022-11-24,CH0013841017,0QNO.LSE,502.5119
2022-11-25,CH0013841017,0QNO.LSE,501.1124
2022-11-28,CH0013841017,0QNO.LSE,496.0817
2022-11-29,CH0013841017,0QNO.LSE,481.2839
2022-11-30,CH0013841017,0QNO.LSE,485.1437
2022-12-01,CH0013841017,0QNO.LSE,503.6868
2022-12-02,CH0013841017,0QNO.LSE,498.7515
2022-12-05,CH0013841017,0QNO.LSE,493.0608
2022-12-06,CH0013841017,0QNO.LSE,488.4096
2022-12-07,CH0013841017,0QNO.LSE,470.6943
2022-12-08,CH0013841017,0QNO.LSE,452.2536
2022-12-09,CH0013841017,0QNO.LSE,452.6735
2022-12-12,CH0013841017,0QNO.LSE,454.9375
2022-12-13,CH0013841017,0QNO.LSE,472.1306
2022-12-14,CH0013841017,0QNO.LSE,470.03
2022-12-15,CH0013841017,0QNO.LSE,452.6612
2022-12-16,CH0013841017,0QNO.LSE,445.3583
2022-12-19,CH0013841017,0QNO.LSE,445.1703
2022-12-20,CH0013841017,0QNO.LSE,433.0306
2022-12-21,CH0013841017,0QNO.LSE,445.7987
2022-12-22,CH0013841017,0QNO.LSE,445.326
2022-12-23,CH0013841017,0QNO.LSE,448.7509
2022-12-28,CH0013841017,0QNO.LSE,450.7928
2022-12-29,CH0013841017,0QNO.LSE,454.1211
2022-12-30,CH0013841017,0QNO.LSE,448.3815
2023-01-03,CH0013841017,0QNO.LSE,456.2526
2023-01-04,CH0013841017,0QNO.LSE,462.5012
2023-01-05,CH0013841017,0QNO.LSE,462.7208
2023-01-06,CH0013841017,0QNO.LSE,452.7272
2023-01-09,CH0013841017,0QNO.LSE,454.5624
2023-01-10,CH0013841017,0QNO.LSE,465.5769
2023-01-11,CH0013841017,0QNO.LSE,468.7149
2023-01-12,CH0013841017,0QNO.LSE,482.6695
2023-01-13,CH0013841017,0QNO.LSE,485.1437
2023-01-16,CH0013841017,0QNO.LSE,492.938
2023-01-17,CH0013841017,0QNO.LSE,493.4885
2023-01-18,CH0013841017,0QNO.LSE,492.3684
2023-01-19,CH0013841017,0QNO.LSE,491.6847
2023-01-20,CH0013841017,0QNO.LSE,479.0076
2023-01-23,CH0013841017,0QNO.LSE,485.6005
2023-01-24,CH0013841017,0QNO.LSE,486.8119
2023-01-25,CH0013841017,0QNO.LSE,499.097
2023-01-26,CH0013841017,0QNO.LSE,528.5174
2023-01-27,CH0013841017,0QNO.LSE,525.7208
2023-01-30,CH0013841017,0QNO.LSE,528.2147
2023-01-31,CH0013841017,0QNO.LSE,514.3814
2023-02-01,CH0013841017,0QNO.LSE,514.1967
2023-02-02,CH0013841017,0QNO.LSE,515.626
2023-02-03,CH0013841017,0QNO.LSE,531.6589
2023-02-06,CH0013841017,0QNO.LSE,550.8024
2023-02-07,CH0013841017,0QNO.LSE,548.2649
2023-02-08,CH0013841017,0QNO.LSE,552.3247
2023-02-09,CH0013841017,0QNO.LSE,554.5816
2023-02-10,CH0013841017,0QNO.LSE,538.7846
2023-02-13,CH0013841017,0QNO.LSE,535.483
2023-02-14,CH0013841017,0QNO.LSE,547.3376
2023-02-15,CH0013841017,0QNO.LSE,545.2727
2023-02-16,CH0013841017,0QNO.LSE,549.1463
2023-02-17,CH0013841017,0QNO.LSE,542.9413
2023-02-20,CH0013841017,0QNO.LSE,555.0197
2023-02-21,CH0013841017,0QNO.LSE,553.2801
2023-02-22,CH0013841017,0QNO.LSE,561.5449
2023-02-23,CH0013841017,0QNO.LSE,558.3804
2023-02-24,CH0013841017,0QNO.LSE,559.843
2023-02-27,CH0013841017,0QNO.LSE,563.414
2023-02-28,CH0013841017,0QNO.LSE,557.9845
2023-03-01,CH0013841017,0QNO.LSE,555.0996
2023-03-02,CH0013841017,0QNO.LSE,552.4423
2023-03-03,CH0013841017,0QNO.LSE,560.5132
2023-03-06,CH0013841017,0QNO.LSE,558.2666
2023-03-07,CH0013841017,0QNO.LSE,559.0844
2023-03-08,CH0013841017,0QNO.LSE,536.916
2023-03-09,CH0013841017,0QNO.LSE,531.2645
2023-03-10,CH0013841017,0QNO.LSE,526.5125
2023-03-13,CH0013841017,0QNO.LSE,516.4177
2023-03-14,CH0013841017,0QNO.LSE,520.7723
2023-03-15,CH0013841017,0QNO.LSE,513.2507
2023-03-16,CH0013841017,0QNO.LSE,529.0109
2023-03-17,CH0013841017,0QNO.LSE,528.028
2023-03-20,CH0013841017,0QNO.LSE,526.7105
2023-03-21,CH0013841017,0QNO.LSE,530.4713
2023-03-22,CH0013841017,0QNO.LSE,533.2424
2023-03-23,CH0013841017,0QNO.LSE,532.3883
2023-03-24,CH0013841017,0QNO.LSE,523.4809
2023-03-27,CH0013841017,0QNO.LSE,529.4816
2023-03-28,CH0013841017,0QNO.LSE,528.1752
2023-03-29,CH0013841017,0QNO.LSE,529.4863
2023-03-30,CH0013841017,0QNO.LSE,538.1089
2023-03-31,CH0013841017,0QNO.LSE,541.6454
2023-04-03,CH0013841017,0QNO.LSE,544.3462
2023-04-04,CH0013841017,0QNO.LSE,538.4964
2023-04-05,CH0013841017,0QNO.LSE,549.3601
2023-04-06,CH0013841017,0QNO.LSE,561.2749
2023-04-11,CH0013841017,0QNO.LSE,564.3456
2023-04-12,CH0013841017,0QNO.LSE,572.0782
2023-04-13,CH0013841017,0QNO.LSE,573.7441
2023-04-14,CH0013841017,0QNO.LSE,582.3638
2023-04-17,CH0013841017,0QNO.LSE,584.2112
2023-04-18,CH0013841017,0QNO.LSE,579.3617
2023-04-19,CH0013841017,0QNO.LSE,576.3927
2023-04-20,CH0013841017,0QNO.LSE,563.6395
2023-04-21,CH0013841017,0QNO.LSE,565.5391
2023-04-24,CH0013841017,0QNO.LSE,572.668
2023-04-25,CH0013841017,0QNO.LSE,562.2286
2023-04-26,CH0013841017,0QNO.LSE,540.4758
2023-04-27,CH0013841017,0QNO.LSE,544.1289
2023-04-28,CH0013841017,0QNO.LSE,548.1315
2023-05-02,CH0013841017,0QNO.LSE,547.3619
2023-05-03,CH0013841017,0QNO.LSE,575.8816
2023-05-04,CH0013841017,0QNO.LSE,574.2153
2023-05-05,CH0013841017,0QNO.LSE,572.9288
2023-05-09,CH0013841017,0QNO.LSE,560.6688
2023-05-10,CH0013841017,0QNO.LSE,559.7334
2023-05-11,CH0013841017,0QNO.LSE,572.6248
2023-05-12,CH0013841017,0QNO.LSE,570.6977
2023-05-15,CH0013841017,0QNO.LSE,580.2423
2023-05-16,CH0013841017,0QNO.LSE,579.459
2023-05-17,CH0013841017,0QNO.LSE,570.0436
2023-05-19,CH0013841017,0QNO.LSE,569.0509
2023-05-22,CH0013841017,0QNO.LSE,572.1073
2023-05-23,CH0013841017,0QNO.LSE,580.5218
2023-05-24,CH0013841017,0QNO.LSE,558.9644
2023-05-25,CH0013841017,0QNO.LSE,562.1015
2023-05-26,CH0013841017,0QNO.LSE,568.2647
2023-05-30,CH0013841017,0QNO.LSE,565.874
2023-05-31,CH0013841017,0QNO.LSE,565.1936
2023-06-01,CH0013841017,0QNO.LSE,570.8989
2023-06-02,CH0013841017,0QNO.LSE,576.3752
2023-06-05,CH0013841017,0QNO.LSE,575.3054
2023-06-06,CH0013841017,0QNO.LSE,590.4326
2023-06-07,CH0013841017,0QNO.LSE,581.1625
2023-06-08,CH0013841017,0QNO.LSE,573.9022
2023-06-09,CH0013841017,0QNO.LSE,565.7133
2023-06-12,CH0013841017,0QNO.LSE,558.2657
2023-06-13,CH0013841017,0QNO.LSE,555.7479
2023-06-14,CH0013841017,0QNO.LSE,566.4114
2023-06-15,CH0013841017,0QNO.LSE,559.3218
2023-06-16,CH0013841017,0QNO.LSE,563.4914
2023-06-19,CH0013841017,0QNO.LSE,544.2256
2023-06-20,CH0013841017,0QNO.LSE,531.2976
2023-06-21,CH0013841017,0QNO.LSE,524.2714
2023-06-22,CH0013841017,0QNO.LSE,523.1853
2023-06-23,CH0013841017,0QNO.LSE,527.752
2023-06-26,CH0013841017,0QNO.LSE,525.0715
2023-06-27,CH0013841017,0QNO.LSE,511.6545
2023-06-28,CH0013841017,0QNO.LSE,518.0229
2023-06-29,CH0013841017,0QNO.LSE,519.1858
2023-06-30,CH0013841017,0QNO.LSE,529.2213
2023-07-03,CH0013841017,0QNO.LSE,525.6204
2023-07-04,CH0013841017,0QNO.LSE,525.1328
2023-07-05,CH0013841017,0QNO.LSE,523.3838
2023-07-06,CH0013841017,0QNO.LSE,525.7665
2023-07-07,CH0013841017,0QNO.LSE,523.4169
2023-07-10,CH0013841017,0QNO.LSE,523.7914
2023-07-11,CH0013841017,0QNO.LSE,526.8918
2023-07-12,CH0013841017,0QNO.LSE,528.3476
2023-07-13,CH0013841017,0QNO.LSE,529.0823
2023-07-14,CH0013841017,0QNO.LSE,539.8637
2023-07-17,CH0013841017,0QNO.LSE,537.202
2023-07-18,CH0013841017,0QNO.LSE,542.8476
2023-07-19,CH0013841017,0QNO.LSE,549.9689
2023-07-20,CH0013841017,0QNO.LSE,544.0333
2023-07-21,CH0013841017,0QNO.LSE,504.0691
2023-07-24,CH0013841017,0QNO.LSE,483.1393
2023-07-25,CH0013841017,0QNO.LSE,493.5755
2023-07-26,CH0013841017,0QNO.LSE,486.9233
2023-07-27,CH0013841017,0QNO.LSE,496.48
2023-07-28,CH0013841017,0QNO.LSE,496.3807
2023-07-31,CH0013841017,0QNO.LSE,499.6088
2023-08-02,CH0013841017,0QNO.LSE,496.3807
2023-08-03,CH0013841017,0QNO.LSE,488.8215
2023-08-04,CH0013841017,0QNO.LSE,488.1537
2023-08-07,CH0013841017,0QNO.LSE,488.8457
2023-08-08,CH0013841017,0QNO.LSE,487.35
2023-08-09,CH0013841017,0QNO.LSE,486.6828
2023-08-10,CH0013841017,0QNO.LSE,493.9981
2023-08-11,CH0013841017,0QNO.LSE,491.2439
2023-08-14,CH0013841017,0QNO.LSE,490.9696
2023-08-15,CH0013841017,0QNO.LSE,484.3683
2023-08-16,CH0013841017,0QNO.LSE,474.9371
2023-08-17,CH0013841017,0QNO.LSE,469.8452
2023-08-18,CH0013841017,0QNO.LSE,467.5854
2023-08-21,CH0013841017,0QNO.LSE,470.3803
2023-08-22,CH0013841017,0QNO.LSE,466.7302
2023-08-23,CH0013841017,0QNO.LSE,474.4182
2023-08-24,CH0013841017,0QNO.LSE,474.3414
2023-08-25,CH0013841017,0QNO.LSE,469.1901
2023-08-29,CH0013841017,0QNO.LSE,476.5215
2023-08-30,CH0013841017,0QNO.LSE,479.7023
2023-08-31,CH0013841017,0QNO.LSE,478.511
2023-09-01,CH0013841017,0QNO.LSE,488.8846
2023-09-04,CH0013841017,0QNO.LSE,494.5441
2023-09-05,CH0013841017,0QNO.LSE,490.7476
2023-09-06,CH0013841017,0QNO.LSE,492.5089
2023-09-07,CH0013841017,0QNO.LSE,489.0553
2023-09-08,CH0013841017,0QNO.LSE,483.1206
2023-09-11,CH0013841017,0QNO.LSE,481.7551
2023-09-12,CH0013841017,0QNO.LSE,480.2211
2023-09-13,CH0013841017,0QNO.LSE,476.6248
2023-09-14,CH0013841017,0QNO.LSE,485.6851
2023-09-15,CH0013841017,0QNO.LSE,495.5255
2023-09-18,CH0013841017,0QNO.LSE,423.0865
2023-09-19,CH0013841017,0QNO.LSE,429.4907
2023-09-20,CH0013841017,0QNO.LSE,437.5756
2023-09-21,CH0013841017,0QNO.LSE,428.5778
2023-09-22,CH0013841017,0QNO.LSE,424.8026
2023-09-25,CH0013841017,0QNO.LSE,431.6955
2023-09-26,CH0013841017,0QNO.LSE,429.184
2023-09-27,CH0013841017,0QNO.LSE,419.0446
2023-09-28,CH0013841017,0QNO.LSE,413.9264
2023-09-29,CH0013841017,0QNO.LSE,426.9081
2023-10-02,CH0013841017,0QNO.LSE,418.9621
2023-10-03,CH0013841017,0QNO.LSE,412.8919
2023-10-04,CH0013841017,0QNO.LSE,415.5024
2023-10-05,CH0013841017,0QNO.LSE,419.9571
2023-10-06,CH0013841017,0QNO.LSE,425.8947
2023-10-09,CH0013841017,0QNO.LSE,427.6816
2023-10-10,CH0013841017,0QNO.LSE,424.4055
2023-10-11,CH0013841017,0QNO.LSE,430.9577
2023-10-12,CH0013841017,0QNO.LSE,429.7101
2023-10-13,CH0013841017,0QNO.LSE,415.1566
2023-10-16,CH0013841017,0QNO.LSE,421.2166
2023-10-17,CH0013841017,0QNO.LSE,384.5637
2023-10-18,CH0013841017,0QNO.LSE,345.1832
2023-10-19,CH0013841017,0QNO.LSE,350.6433
2023-10-20,CH0013841017,0QNO.LSE,330.5564
2023-10-23,CH0013841017,0QNO.LSE,325.0759
2023-10-24,CH0013841017,0QNO.LSE,328.7771
2023-10-25,CH0013841017,0QNO.LSE,314.5399
2023-10-26,CH0013841017,0QNO.LSE,312.6386
2023-10-27,CH0013841017,0QNO.LSE,311.073
2023-10-30,CH0013841017,0QNO.LSE,309.2452
2023-10-31,CH0013841017,0QNO.LSE,313.5742
2023-11-01,CH0013841017,0QNO.LSE,316.2938
2023-11-02,CH0013841017,0QNO.LSE,320.5117
2023-11-03,CH0013841017,0QNO.LSE,328.4019
2023-11-06,CH0013841017,0QNO.LSE,329.0011
2023-11-07,CH0013841017,0QNO.LSE,329.299
2023-11-08,CH0013841017,0QNO.LSE,333.247
2023-11-09,CH0013841017,0QNO.LSE,338.7302
2023-11-10,CH0013841017,0QNO.LSE,333.5678
2023-11-13,CH0013841017,0QNO.LSE,333.2207
2023-11-14,CH0013841017,0QNO.LSE,342.6964
2023-11-15,CH0013841017,0QNO.LSE,348.7571
2023-11-16,CH0013841017,0QNO.LSE,348.9556
2023-11-17,CH0013841017,0QNO.LSE,352.8274
2023-11-20,CH0013841017,0QNO.LSE,353.026
2023-11-21,CH0013841017,0QNO.LSE,351.4375
2023-11-22,CH0013841017,0QNO.LSE,351.5699
2023-11-23,CH0013841017,0QNO.LSE,347.5005
2023-11-24,CH0013841017,0QNO.LSE,347.355
2023-11-27,CH0013841017,0QNO.LSE,343.2173
2023-11-28,CH0013841017,0QNO.LSE,336.5966
2023-11-29,CH0013841017,0QNO.LSE,338.8319
2023-11-30,CH0013841017,0QNO.LSE,336.018
2023-12-01,CH0013841017,0QNO.LSE,332.7983
2023-12-04,CH0013841017,0QNO.LSE,328.597
2023-12-05,CH0013841017,0QNO.LSE,332.1365
2023-12-06,CH0013841017,0QNO.LSE,332.3438
2023-12-07,CH0013841017,0QNO.LSE,326.1221
2023-12-08,CH0013841017,0QNO.LSE,326.8171
2023-12-11,CH0013841017,0QNO.LSE,326.8171
2023-12-12,CH0013841017,0QNO.LSE,324.8315
2023-12-13,CH0013841017,0QNO.LSE,327.7237
2023-12-14,CH0013841017,0QNO.LSE,333.3693
2023-12-15,CH0013841017,0QNO.LSE,338.9528
2023-12-18,CH0013841017,0QNO.LSE,338.7779
2023-12-19,CH0013841017,0QNO.LSE,347.11
2023-12-20,CH0013841017,0QNO.LSE,342.8691
2023-12-21,CH0013841017,0QNO.LSE,343.8926
2023-12-22,CH0013841017,0QNO.LSE,347.9227
2023-12-27,CH0013841017,0QNO.LSE,351.4302
2023-12-28,CH0013841017,0QNO.LSE,350.5441
2023-12-29,CH0013841017,0QNO.LSE,349.6506
2024-01-03,CH0013841017,0QNO.LSE,347.6353
2024-01-04,CH0013841017,0QNO.LSE,347.698
2024-01-05,CH0013841017,0QNO.LSE,341.8711
2024-01-08,CH0013841017,0QNO.LSE,343.9348
2024-01-09,CH0013841017,0QNO.LSE,353.9195
2024-01-10,CH0013841017,0QNO.LSE,354.7137
2024-01-11,CH0013841017,0QNO.LSE,367.0627
2024-01-12,CH0013841017,0QNO.LSE,365.472
2024-01-15,CH0013841017,0QNO.LSE,366.979
2024-01-16,CH0013841017,0QNO.LSE,366.8621
2024-01-17,CH0013841017,0QNO.LSE,356.2307
2024-01-18,CH0013841017,0QNO.LSE,359.7982
2024-01-19,CH0013841017,0QNO.LSE,361.5637
2024-01-22,CH0013841017,0QNO.LSE,370.1545
2024-01-23,CH0013841017,0QNO.LSE,372.5074
2024-01-24,CH0013841017,0QNO.LSE,378.6392
2024-01-25,CH0013841017,0QNO.LSE,373.0135
2024-01-26,CH0013841017,0QNO.LSE,415.9571
2024-01-29,CH0013841017,0QNO.LSE,431.3678
2024-01-30,CH0013841017,0QNO.LSE,431.2687
2024-01-31,CH0013841017,0QNO.LSE,432.9433
2024-02-01,CH0013841017,0QNO.LSE,426.0076
2024-02-02,CH0013841017,0QNO.LSE,427.086
2024-02-05,CH0013841017,0QNO.LSE,441.1832
2024-02-06,CH0013841017,0QNO.LSE,444.0216
2024-02-07,CH0013841017,0QNO.LSE,435.0777
2024-02-08,CH0013841017,0QNO.LSE,446.1557
2024-02-09,CH0013841017,0QNO.LSE,443.6
2024-02-12,CH0013841017,0QNO.LSE,443.6778
2024-02-13,CH0013841017,0QNO.LSE,435.0815
2024-02-14,CH0013841017,0QNO.LSE,452.3756
2024-02-15,CH0013841017,0QNO.LSE,455.4004
2024-02-16,CH0013841017,0QNO.LSE,455.1811
2024-02-19,CH0013841017,0QNO.LSE,452.6992
2024-02-20,CH0013841017,0QNO.LSE,452.6273
2024-02-21,CH0013841017,0QNO.LSE,450.5151
2024-02-22,CH0013841017,0QNO.LSE,455.0322
2024-02-23,CH0013841017,0QNO.LSE,460.152
2024-02-26,CH0013841017,0QNO.LSE,459.2715
2024-02-27,CH0013841017,0QNO.LSE,460.2641
2024-02-28,CH0013841017,0QNO.LSE,460.7476
2024-02-29,CH0013841017,0QNO.LSE,459.0499
2024-03-01,CH0013841017,0QNO.LSE,460.5913
2024-03-04,CH0013841017,0QNO.LSE,460.1031
2024-03-05,CH0013841017,0QNO.LSE,458.7016
2024-03-06,CH0013841017,0QNO.LSE,451.1323
2024-03-07,CH0013841017,0QNO.LSE,459.9705
2024-03-08,CH0013841017,0QNO.LSE,461.0923
2024-03-11,CH0013841017,0QNO.LSE,454.8833
2024-03-12,CH0013841017,0QNO.LSE,456.4578
2024-03-13,CH0013841017,0QNO.LSE,467.6957
2024-03-14,CH0013841017,0QNO.LSE,479.8016
2024-03-15,CH0013841017,0QNO.LSE,473.6972
2024-03-18,CH0013841017,0QNO.LSE,477.3197
2024-03-19,CH0013841017,0QNO.LSE,478.7096
2024-03-20,CH0013841017,0QNO.LSE,497.7706
2024-03-21,CH0013841017,0QNO.LSE,520.3136
2024-03-22,CH0013841017,0QNO.LSE,522.724
2024-03-25,CH0013841017,0QNO.LSE,520.9074
2024-03-26,CH0013841017,0QNO.LSE,529.8565
2024-03-27,CH0013841017,0QNO.LSE,529.5389
2024-03-28,CH0013841017,0QNO.LSE,536.2092
2024-04-02,CH0013841017,0QNO.LSE,530.9288
2024-04-03,CH0013841017,0QNO.LSE,541.669
2024-04-04,CH0013841017,0QNO.LSE,548.4014
2024-04-05,CH0013841017,0QNO.LSE,542.6434
2024-04-08,CH0013841017,0QNO.LSE,552.3001
2024-04-09,CH0013841017,0QNO.LSE,537.8835
2024-04-10,CH0013841017,0QNO.LSE,532.8988
2024-04-11,CH0013841017,0QNO.LSE,536.2329
2024-04-12,CH0013841017,0QNO.LSE,531.0201
2024-04-15,CH0013841017,0QNO.LSE,532.4402
2024-04-16,CH0013841017,0QNO.LSE,521.1384
2024-04-17,CH0013841017,0QNO.LSE,518.6137
2024-04-18,CH0013841017,0QNO.LSE,506.5828
2024-04-19,CH0013841017,0QNO.LSE,499.1604
2024-04-22,CH0013841017,0QNO.LSE,503.6166
2024-04-23,CH0013841017,0QNO.LSE,519.7781
2024-04-24,CH0013841017,0QNO.LSE,522.5896
2024-04-25,CH0013841017,0QNO.LSE,511.6226
2024-04-26,CH0013841017,0QNO.LSE,521.0373
2024-04-29,CH0013841017,0QNO.LSE,520.2448
2024-04-30,CH0013841017,0QNO.LSE,511.8678
2024-05-01,CH0013841017,0QNO.LSE,506.7054
2024-05-02,CH0013841017,0QNO.LSE,513.2742
2024-05-03,CH0013841017,0QNO.LSE,517.0868
2024-05-07,CH0013841017,0QNO.LSE,516.4345
2024-05-08,CH0013841017,0QNO.LSE,522.5896
2024-05-10,CH0013841017,0QNO.LSE,525.5123
2024-05-13,CH0013841017,0QNO.LSE,516.3932
2024-05-14,CH0013841017,0QNO.LSE,506.8239
2024-05-15,CH0013841017,0QNO.LSE,528.4197
2024-05-16,CH0013841017,0QNO.LSE,527.5778
2024-05-17,CH0013841017,0QNO.LSE,529.1556
2024-05-21,CH0013841017,0QNO.LSE,512.2147
2024-05-22,CH0013841017,0QNO.LSE,508.8265
2024-05-23,CH0013841017,0QNO.LSE,510.2216
2024-05-24,CH0013841017,0QNO.LSE,513.2112
2024-05-28,CH0013841017,0QNO.LSE,511.6167
2024-05-29,CH0013841017,0QNO.LSE,480.3744
2024-05-30,CH0013841017,0QNO.LSE,479.3293
2024-05-31,CH0013841017,0QNO.LSE,480.3258
2024-06-03,CH0013841017,0QNO.LSE,483.1161
2024-06-04,CH0013841017,0QNO.LSE,483.8137
2024-06-05,CH0013841017,0QNO.LSE,493.6593
2024-06-06,CH0013841017,0QNO.LSE,503.9588
2024-06-07,CH0013841017,0QNO.LSE,505.156
2024-06-10,CH0013841017,0QNO.LSE,497.3664
2024-06-11,CH0013841017,0QNO.LSE,495.0744
2024-06-12,CH0013841017,0QNO.LSE,483.8048
2024-06-13,CH0013841017,0QNO.LSE,483.3213
2024-06-14,CH0013841017,0QNO.LSE,482.362
2024-06-17,CH0013841017,0QNO.LSE,472.0546
2024-06-18,CH0013841017,0QNO.LSE,475.1647
2024-06-19,CH0013841017,0QNO.LSE,471.3836
2024-06-20,CH0013841017,0QNO.LSE,476.0407
2024-06-21,CH0013841017,0QNO.LSE,477.1369
2024-06-24,CH0013841017,0QNO.LSE,479.5286
2024-06-25,CH0013841017,0QNO.LSE,481.3223
2024-06-26,CH0013841017,0QNO.LSE,487.515
2024-06-27,CH0013841017,0QNO.LSE,483.2442
2024-06-28,CH0013841017,0QNO.LSE,488.6468
2024-07-01,CH0013841017,0QNO.LSE,488.7077
2024-07-02,CH0013841017,0QNO.LSE,481.3057
2024-07-03,CH0013841017,0QNO.LSE,495.6352
2024-07-04,CH0013841017,0QNO.LSE,499.4489
2024-07-05,CH0013841017,0QNO.LSE,501.9571
2024-07-08,CH0013841017,0QNO.LSE,502.4952
2024-07-09,CH0013841017,0QNO.LSE,510.3031
2024-07-10,CH0013841017,0QNO.LSE,505.3469
2024-07-11,CH0013841017,0QNO.LSE,516.0184
2024-07-12,CH0013841017,0QNO.LSE,517.8699
2024-07-15,CH0013841017,0QNO.LSE,517.093
2024-07-16,CH0013841017,0QNO.LSE,511.3919
2024-07-17,CH0013841017,0QNO.LSE,510.9668
2024-07-18,CH0013841017,0QNO.LSE,522.1225
2024-07-19,CH0013841017,0QNO.LSE,503.9376
2024-07-22,CH0013841017,0QNO.LSE,511.4174
2024-07-23,CH0013841017,0QNO.LSE,517.9198
2024-07-24,CH0013841017,0QNO.LSE,516.8179
2024-07-25,CH0013841017,0QNO.LSE,555.9013
2024-07-26,CH0013841017,0QNO.LSE,576.8315
2024-07-29,CH0013841017,0QNO.LSE,573.7356
2024-07-30,CH0013841017,0QNO.LSE,577.153
2024-07-31,CH0013841017,0QNO.LSE,576.7896
2024-08-02,CH0013841017,0QNO.LSE,562.4569
2024-08-05,CH0013841017,0QNO.LSE,529.2802
2024-08-06,CH0013841017,0QNO.LSE,544.7379
2024-08-07,CH0013841017,0QNO.LSE,559.8486
2024-08-08,CH0013841017,0QNO.LSE,548.2366
2024-08-09,CH0013841017,0QNO.LSE,553.6702
2024-08-12,CH0013841017,0QNO.LSE,548.2871
2024-08-13,CH0013841017,0QNO.LSE,546.7796
2024-08-14,CH0013841017,0QNO.LSE,549.2475
2024-08-15,CH0013841017,0QNO.LSE,550.189
2024-08-16,CH0013841017,0QNO.LSE,547.8903
2024-08-19,CH0013841017,0QNO.LSE,548.2712
2024-08-20,CH0013841017,0QNO.LSE,562.6389
2024-08-21,CH0013841017,0QNO.LSE,554.0748
2024-08-22,CH0013841017,0QNO.LSE,557.6563
2024-08-23,CH0013841017,0QNO.LSE,559.6493
2024-08-27,CH0013841017,0QNO.LSE,550.6308
2024-08-28,CH0013841017,0QNO.LSE,553.8363
2024-08-29,CH0013841017,0QNO.LSE,554.1997
2024-08-30,CH0013841017,0QNO.LSE,552.3547
2024-09-02,CH0013841017,0QNO.LSE,547.9124
2024-09-03,CH0013841017,0QNO.LSE,543.1146
2024-09-04,CH0013841017,0QNO.LSE,537.1278
2024-09-05,CH0013841017,0QNO.LSE,534.249
2024-09-06,CH0013841017,0QNO.LSE,536.0206
2024-09-09,CH0013841017,0QNO.LSE,540.795
2024-09-10,CH0013841017,0QNO.LSE,547.9447
2024-09-11,CH0013841017,0QNO.LSE,539.7188
2024-09-12,CH0013841017,0QNO.LSE,540.9418
2024-09-13,CH0013841017,0QNO.LSE,549.7098
2024-09-16,CH0013841017,0QNO.LSE,552.0547
2024-09-17,CH0013841017,0QNO.LSE,543.836
2024-09-18,CH0013841017,0QNO.LSE,531.8794
2024-09-19,CH0013841017,0QNO.LSE,541.5873
2024-09-20,CH0013841017,0QNO.LSE,529.056
2024-09-23,CH0013841017,0QNO.LSE,533.9247
2024-09-24,CH0013841017,0QNO.LSE,530.3514
2024-09-25,CH0013841017,0QNO.LSE,531.9316
2024-09-26,CH0013841017,0QNO.LSE,537.0648
2024-09-27,CH0013841017,0QNO.LSE,534.1771
2024-09-30,CH0013841017,0QNO.LSE,534.869
2024-10-01,CH0013841017,0QNO.LSE,541.5089
2024-10-02,CH0013841017,0QNO.LSE,531.926
2024-10-03,CH0013841017,0QNO.LSE,528.5577
2024-10-04,CH0013841017,0QNO.LSE,526.1518
2024-10-07,CH0013841017,0QNO.LSE,522.6715
2024-10-08,CH0013841017,0QNO.LSE,523.529
2024-10-09,CH0013841017,0QNO.LSE,532.0418
2024-10-10,CH0013841017,0QNO.LSE,521.7564
2024-10-11,CH0013841017,0QNO.LSE,525.0008
2024-10-14,CH0013841017,0QNO.LSE,532.3113
2024-10-15,CH0013841017,0QNO.LSE,540.1239
2024-10-16,CH0013841017,0QNO.LSE,534.4665
2024-10-17,CH0013841017,0QNO.LSE,544.6901
2024-10-18,CH0013841017,0QNO.LSE,550.0611
2024-10-21,CH0013841017,0QNO.LSE,542.937
2024-10-22,CH0013841017,0QNO.LSE,540.3907
2024-10-23,CH0013841017,0QNO.LSE,539.8425
2024-10-24,CH0013841017,0QNO.LSE,554.5438
2024-10-25,CH0013841017,0QNO.LSE,553.0722
2024-10-28,CH0013841017,0QNO.LSE,555.8625
2024-10-29,CH0013841017,0QNO.LSE,543.9291
2024-10-30,CH0013841017,0QNO.LSE,532.6839
2024-10-31,CH0013841017,0QNO.LSE,532.2155
2024-11-01,CH0013841017,0QNO.LSE,542.1911
2024-11-04,CH0013841017,0QNO.LSE,543.4026
2024-11-05,CH0013841017,0QNO.LSE,541.2088
2024-11-06,CH0013841017,0QNO.LSE,545.7871
2024-11-07,CH0013841017,0QNO.LSE,542.7677
2024-11-08,CH0013841017,0QNO.LSE,546.3955
2024-11-11,CH0013841017,0QNO.LSE,553.5023
2024-11-12,CH0013841017,0QNO.LSE,557.8635
2024-11-13,CH0013841017,0QNO.LSE,552.8398
2024-11-14,CH0013841017,0QNO.LSE,555.1498
2024-11-15,CH0013841017,0QNO.LSE,527.858
2024-11-18,CH0013841017,0QNO.LSE,510.157
2024-11-19,CH0013841017,0QNO.LSE,508.6272
2024-11-20,CH0013841017,0QNO.LSE,515.2042
2024-11-21,CH0013841017,0QNO.LSE,512.414
2024-11-22,CH0013841017,0QNO.LSE,524.3992
2024-11-25,CH0013841017,0QNO.LSE,526.66
2024-11-26,CH0013841017,0QNO.LSE,527.7414
2024-11-27,CH0013841017,0QNO.LSE,531.1487
2024-11-28,CH0013841017,0QNO.LSE,516.5994
2024-11-29,CH0013841017,0QNO.LSE,520.4194
2024-12-02,CH0013841017,0QNO.LSE,526.9633
2024-12-03,CH0013841017,0QNO.LSE,521.2472
2024-12-04,CH0013841017,0QNO.LSE,522.1346
2024-12-05,CH0013841017,0QNO.LSE,520.7649
2024-12-06,CH0013841017,0QNO.LSE,517.2744
2024-12-09,CH0013841017,0QNO.LSE,515.4593
2024-12-10,CH0013841017,0QNO.LSE,523.7345
2024-12-11,CH0013841017,0QNO.LSE,519.7085
2024-12-12,CH0013841017,0QNO.LSE,552.5842
2024-12-13,CH0013841017,0QNO.LSE,538.1243
2024-12-16,CH0013841017,0QNO.LSE,534.9052
2024-12-17,CH0013841017,0QNO.LSE,539.9181
2024-12-18,CH0013841017,0QNO.LSE,538.6604
2024-12-19,CH0013841017,0QNO.LSE,528.6374
2024-12-20,CH0013841017,0QNO.LSE,525.3872
2024-12-23,CH0013841017,0QNO.LSE,530.0326
2024-12-27,CH0013841017,0QNO.LSE,535.4238
2024-12-30,CH0013841017,0QNO.LSE,533.9389
2025-01-03,CH0013841017,0QNO.LSE,534.5836
2025-01-06,CH0013841017,0QNO.LSE,538.6035
2025-01-07,CH0013841017,0QNO.LSE,537.925
2025-01-08,CH0013841017,0QNO.LSE,554.9988
2025-01-09,CH0013841017,0QNO.LSE,554.866
2025-01-10,CH0013841017,0QNO.LSE,551.1457
2025-01-13,CH0013841017,0QNO.LSE,542.9884
2025-01-14,CH0013841017,0QNO.LSE,535.5334
2025-01-15,CH0013841017,0QNO.LSE,541.5245
2025-01-16,CH0013841017,0QNO.LSE,541.7209
2025-01-17,CH0013841017,0QNO.LSE,552.269
2025-01-20,CH0013841017,0QNO.LSE,557.347
2025-01-21,CH0013841017,0QNO.LSE,565.1337
2025-01-22,CH0013841017,0QNO.LSE,578.4346
2025-01-23,CH0013841017,0QNO.LSE,583.6781
2025-01-24,CH0013841017,0QNO.LSE,585.0991
2025-01-27,CH0013841017,0QNO.LSE,586.6926
2025-01-28,CH0013841017,0QNO.LSE,596.9194
2025-01-29,CH0013841017,0QNO.LSE,575.8446
2025-01-30,CH0013841017,0QNO.LSE,588.4535
2025-01-31,CH0013841017,0QNO.LSE,580.2685
2025-02-03,CH0013841017,0QNO.LSE,593.526
2025-02-04,CH0013841017,0QNO.LSE,597.1187
2025-02-05,CH0013841017,0QNO.LSE,603.4965
2025-02-06,CH0013841017,0QNO.LSE,610.8708
2025-02-07,CH0013841017,0QNO.LSE,601.7027
2025-02-10,CH0013841017,0QNO.LSE,603.0979
2025-02-11,CH0013841017,0QNO.LSE,605.4895
2025-02-12,CH0013841017,0QNO.LSE,596.554
2025-02-13,CH0013841017,0QNO.LSE,592.1602
2025-02-14,CH0013841017,0QNO.LSE,593.3319
2025-02-17,CH0013841017,0QNO.LSE,599.7097
2025-02-18,CH0013841017,0QNO.LSE,599.7097
2025-02-19,CH0013841017,0QNO.LSE,580.8572
2025-02-20,CH0013841017,0QNO.LSE,582.1708
2025-02-21,CH0013841017,0QNO.LSE,581.9526
2025-02-24,CH0013841017,0QNO.LSE,584.2303
2025-02-25,CH0013841017,0QNO.LSE,580.3059
2025-02-26,CH0013841017,0QNO.LSE,575.6963
2025-02-27,CH0013841017,0QNO.LSE,569.5806
2025-02-28,CH0013841017,0QNO.LSE,565.532
2025-03-03,CH0013841017,0QNO.LSE,572.6464
2025-03-04,CH0013841017,0QNO.LSE,573.8125
2025-03-05,CH0013841017,0QNO.LSE,574.8019
2025-03-06,CH0013841017,0QNO.LSE,567.8785
2025-03-07,CH0013841017,0QNO.LSE,561.9344
2025-03-10,CH0013841017,0QNO.LSE,549.3916
2025-03-11,CH0013841017,0QNO.LSE,535.6188
2025-03-12,CH0013841017,0QNO.LSE,535.1348
2025-03-13,CH0013841017,0QNO.LSE,538.0754
2025-03-14,CH0013841017,0QNO.LSE,543.3366
2025-03-17,CH0013841017,0QNO.LSE,559.8581
2025-03-18,CH0013841017,0QNO.LSE,559.2507
2025-03-19,CH0013841017,0QNO.LSE,562.041
2025-03-20,CH0013841017,0QNO.LSE,566.2264
2025-03-21,CH0013841017,0QNO.LSE,564.2333
2025-03-24,CH0013841017,0QNO.LSE,566.2264
2025-03-25,CH0013841017,0QNO.LSE,568.6181
2025-03-26,CH0013841017,0QNO.LSE,558.2542
2025-03-27,CH0013841017,0QNO.LSE,557.0584
2025-03-28,CH0013841017,0QNO.LSE,558.6528
2025-03-31,CH0013841017,0QNO.LSE,542.3098
2025-04-01,CH0013841017,0QNO.LSE,539.4535
2025-04-02,CH0013841017,0QNO.LSE,530.1521
2025-04-03,CH0013841017,0QNO.LSE,531.407
2025-04-04,CH0013841017,0QNO.LSE,516.0672
2025-04-07,CH0013841017,0QNO.LSE,476.1279
2025-04-08,CH0013841017,0QNO.LSE,507.8878
2025-04-09,CH0013841017,0QNO.LSE,505.5497
2025-04-10,CH0013841017,0QNO.LSE,528.7703
2025-04-11,CH0013841017,0QNO.LSE,518.991
2025-04-14,CH0013841017,0QNO.LSE,528.8396
2025-04-15,CH0013841017,0QNO.LSE,531.9459
2025-04-16,CH0013841017,0QNO.LSE,539.5997
2025-04-17,CH0013841017,0QNO.LSE,533.8393
2025-04-22,CH0013841017,0QNO.LSE,540.1174
2025-04-23,CH0013841017,0QNO.LSE,560.0479
2025-04-24,CH0013841017,0QNO.LSE,565.0306
2025-04-25,CH0013841017,0QNO.LSE,572.0809
2025-04-28,CH0013841017,0QNO.LSE,576.8892
2025-04-29,CH0013841017,0QNO.LSE,580.975
2025-04-30,CH0013841017,0QNO.LSE,586.2983
2025-05-02,CH0013841017,0QNO.LSE,597.7249
2025-05-06,CH0013841017,0QNO.LSE,595.9229
2025-05-07,CH0013841017,0QNO.LSE,577.0962
2025-05-08,CH0013841017,0QNO.LSE,572.1931
2025-05-09,CH0013841017,0QNO.LSE,581.8949
2025-05-12,CH0013841017,0QNO.LSE,573.8
2025-05-13,CH0013841017,0QNO.LSE,577.8
2025-05-14,CH0013841017,0QNO.LSE,572.0222
2025-05-15,CH0013841017,0QNO.LSE,567.392
2025-05-16,CH0013841017,0QNO.LSE,570.2632
2025-05-19,CH0013841017,0QNO.LSE,575.4
2025-05-20,CH0013841017,0QNO.LSE,565.4182
2025-05-21,CH0013841017,0QNO.LSE,563.9714
2025-05-22,CH0013841017,0QNO.LSE,559.375
2025-05-23,CH0013841017,0QNO.LSE,559.336
2025-05-27,CH0013841017,0QNO.LSE,567.1
2025-05-28,CH0013841017,0QNO.LSE,561.6215
2025-05-30,CH0013841017,0QNO.LSE,569.6417
2025-06-02,CH0013841017,0QNO.LSE,568.9579
2025-06-03,CH0013841017,0QNO.LSE,566.8526
2025-06-04,CH0013841017,0QNO.LSE,562.6957
2025-06-05,CH0013841017,0QNO.LSE,563.7177
2025-06-06,CH0013841017,0QNO.LSE,567.0
2025-06-10,CH0013841017,0QNO.LSE,575.8229
2025-06-11,CH0013841017,0QNO.LSE,577.9833
2025-06-12,CH0013841017,0QNO.LSE,580.2947
2025-06-13,CH0013841017,0QNO.LSE,575.1273
2025-06-16,CH0013841017,0QNO.LSE,567.8
2025-06-17,CH0013841017,0QNO.LSE,563.1924
2025-06-18,CH0013841017,0QNO.LSE,561.7684
2025-06-19,CH0013841017,0QNO.LSE,557.6364
2025-06-20,CH0013841017,0QNO.LSE,561.353
2025-06-23,CH0013841017,0QNO.LSE,560.2
2025-06-24,CH0013841017,0QNO.LSE,571.56
2025-06-25,CH0013841017,0QNO.LSE,574.2891
2025-06-26,CH0013841017,0QNO.LSE,566.1467
2025-06-27,CH0013841017,0QNO.LSE,569.98
2025-06-30,CH0013841017,0QNO.LSE,566.0
2025-07-01,CH0013841017,0QNO.LSE,562.8333
2025-07-02,CH0013841017,0QNO.LSE,556.4
2025-07-03,CH0013841017,0QNO.LSE,556.1446
2025-07-04,CH0013841017,0QNO.LSE,560.2
2025-07-07,CH0013841017,0QNO.LSE,558.279
2025-07-08,CH0013841017,0QNO.LSE,555.8778
2025-07-09,CH0013841017,0QNO.LSE,562.0
2025-07-10,CH0013841017,0QNO.LSE,567.6
2025-07-11,CH0013841017,0QNO.LSE,563.7778
2025-07-14,CH0013841017,0QNO.LSE,562.9376
2025-07-15,CH0013841017,0QNO.LSE,563.6
2025-07-16,CH0013841017,0QNO.LSE,569.8
2025-07-17,CH0013841017,0QNO.LSE,570.0
2025-07-18,CH0013841017,0QNO.LSE,569.8
2025-07-21,CH0013841017,0QNO.LSE,570.4
2025-07-22,CH0013841017,0QNO.LSE,555.7091
2025-07-23,CH0013841017,0QNO.LSE,585.6182
2025-07-24,CH0013841017,0QNO.LSE,568.2737
2025-07-25,CH0013841017,0QNO.LSE,570.472
2025-07-28,CH0013841017,0QNO.LSE,568.4
2025-07-29,CH0013841017,0QNO.LSE,577.3298
2025-07-30,CH0013841017,0QNO.LSE,577.008
2025-07-31,CH0013841017,0QNO.LSE,578.4625
2025-08-04,CH0013841017,0QNO.LSE,563.2867
2025-08-05,CH0013841017,0QNO.LSE,561.0296
2025-08-06,CH0013841017,0QNO.LSE,548.3969
2025-08-07,CH0013841017,0QNO.LSE,546.5211
2025-08-08,CH0013841017,0QNO.LSE,547.1111
2025-08-11,CH0013841017,0QNO.LSE,542.4766
2025-08-12,CH0013841017,0QNO.LSE,542.6813
2025-08-13,CH0013841017,0QNO.LSE,548.8
2025-08-14,CH0013841017,0QNO.LSE,550.7818
2025-08-15,CH0013841017,0QNO.LSE,553.6706
2025-08-18,CH0013841017,0QNO.LSE,554.8
2025-08-19,CH0013841017,0QNO.LSE,556.6968
2025-08-20,CH0013841017,0QNO.LSE,569.7256
2025-08-21,CH0013841017,0QNO.LSE,569.5409
2025-08-22,CH0013841017,0QNO.LSE,569.2286
2025-08-26,CH0013841017,0QNO.LSE,574.7643
2025-08-27,CH0013841017,0QNO.LSE,574.4087
2025-08-28,CH0013841017,0QNO.LSE,569.5857
2025-08-29,CH0013841017,0QNO.LSE,569.2769
2025-09-01,CH0013841017,0QNO.LSE,571.0
2025-09-02,CH0013841017,0QNO.LSE,563.5718
2025-09-03,CH0013841017,0QNO.LSE,570.6
2025-09-04,CH0013841017,0QNO.LSE,578.7258
2025-09-05,CH0013841017,0QNO.LSE,578.1948
2025-09-08,CH0013841017,0QNO.LSE,570.6863
2025-09-09,CH0013841017,0QNO.LSE,568.7415
2025-09-10,CH0013841017,0QNO.LSE,556.6271
2025-09-11,CH0013841017,0QNO.LSE,558.5114
2025-09-12,CH0013841017,0QNO.LSE,547.0034
2025-09-15,CH0013841017,0QNO.LSE,547.3096
2025-09-16,CH0013841017,0QNO.LSE,548.7175
2025-09-17,CH0013841017,0QNO.LSE,547.3647
2025-09-18,CH0013841017,0QNO.LSE,543.2535
2025-09-19,CH0013841017,0QNO.LSE,542.3641
2025-09-22,CH0013841017,0QNO.LSE,542.3345
2025-09-23,CH0013841017,0QNO.LSE,539.0
2025-09-24,CH0013841017,0QNO.LSE,524.6
2025-09-25,CH0013841017,0QNO.LSE,524.7524
2025-09-26,CH0013841017,0QNO.LSE,519.9901
2025-09-29,CH0013841017,0QNO.LSE,524.1154
2025-09-30,CH0013841017,0QNO.LSE,527.9728
2025-10-01,CH0013841017,0QNO.LSE,530.4209
2025-10-02,CH0013841017,0QNO.LSE,543.868
2025-10-03,CH0013841017,0QNO.LSE,553.6
2025-10-06,CH0013841017,0QNO.LSE,553.6553
2025-10-07,CH0013841017,0QNO.LSE,541.5898
2025-10-08,CH0013841017,0QNO.LSE,544.8
2025-10-09,CH0013841017,0QNO.LSE,543.0474
2025-10-10,CH0013841017,0QNO.LSE,532.9429
2025-10-13,CH0013841017,0QNO.LSE,529.5059
2025-10-14,CH0013841017,0QNO.LSE,521.82
2025-10-15,CH0013841017,0QNO.LSE,526.5
2025-10-16,CH0013841017,0QNO.LSE,548.5289
2025-10-17,CH0013841017,0QNO.LSE,553.6553
2025-10-20,CH0013841017,0QNO.LSE,553.0
2025-10-21,CH0013841017,0QNO.LSE,554.1083
2025-10-22,CH0013841017,0QNO.LSE,562.1721
2025-10-23,CH0013841017,0QNO.LSE,576.4413
2025-10-24,CH0013841017,0QNO.LSE,585.6193
2025-10-27,CH0013841017,0QNO.LSE,579.9222
2025-10-28,CH0013841017,0QNO.LSE,570.2275
2025-10-29,CH0013841017,0QNO.LSE,570.2
2025-10-30,CH0013841017,0QNO.LSE,564.8611
2025-10-31,CH0013841017,0QNO.LSE,552.2552
2025-11-03,CH0013841017,0QNO.LSE,539.1191
2025-11-04,CH0013841017,0QNO.LSE,539.3329
2025-11-05,CH0013841017,0QNO.LSE,536.8537
2025-11-06,CH0013841017,0QNO.LSE,533.3666
2025-11-07,CH0013841017,0QNO.LSE,530.4
2025-11-10,CH0013841017,0QNO.LSE,534.0
2025-11-11,CH0013841017,0QNO.LSE,552.828
2025-11-12,CH0013841017,0QNO.LSE,555.1025
2025-11-13,CH0013841017,0QNO.LSE,553.1454
2025-11-14,CH0013841017,0QNO.LSE,544.3317
2025-11-17,CH0013841017,0QNO.LSE,540.7923
2025-11-18,CH0013841017,0QNO.LSE,528.1028
2025-11-19,CH0013841017,0QNO.LSE,532.4532
2025-11-20,CH0013841017,0QNO.LSE,530.0
2025-11-21,CH0013841017,0QNO.LSE,534.2808
2025-11-24,CH0013841017,0QNO.LSE,534.8
2025-11-25,CH0013841017,0QNO.LSE,538.6921
2025-11-26,CH0013841017,0QNO.LSE,541.0258
2025-11-27,CH0013841017,0QNO.LSE,545.3734
2025-11-28,CH0013841017,0QNO.LSE,549.2831
2025-12-01,CH0013841017,0QNO.LSE,555.089
2025-12-02,CH0013841017,0QNO.LSE,554.0833
2025-12-03,CH0013841017,0QNO.LSE,550.42
2025-12-04,CH0013841017,0QNO.LSE,550.2625
2025-12-05,CH0013841017,0QNO.LSE,547.6881
2025-12-08,CH0013841017,0QNO.LSE,548.5176
2025-12-09,CH0013841017,0QNO.LSE,541.6811
2025-12-10,CH0013841017,0QNO.LSE,538.199
2025-12-11,CH0013841017,0QNO.LSE,525.8752
2025-12-12,CH0013841017,0QNO.LSE,519.865
2025-12-15,CH0013841017,0QNO.LSE,521.0178
2025-12-16,CH0013841017,0QNO.LSE,518.9239
2025-12-17,CH0013841017,0QNO.LSE,522.5522
2025-12-18,CH0013841017,0QNO.LSE,530.0939
2025-12-19,CH0013841017,0QNO.LSE,532.2556
2025-12-22,CH0013841017,0QNO.LSE,531.0402
2025-12-23,CH0013841017,0QNO.LSE,532.8934
2025-12-24,CH0013841017,0QNO.LSE,533.0
2025-12-29,CH0013841017,0QNO.LSE,536.2616
2025-12-30,CH0013841017,0QNO.LSE,537.6924
2026-01-05,CH0013841017,0QNO.LSE,531.0864
2026-01-06,CH0013841017,0QNO.LSE,537.8438
2026-01-07,CH0013841017,0QNO.LSE,547.0195
2026-01-08,CH0013841017,0QNO.LSE,547.0582
2026-01-09,CH0013841017,0QNO.LSE,552.7552
2026-01-12,CH0013841017,0QNO.LSE,560.084
2026-01-13,CH0013841017,0QNO.LSE,565.1978
2026-01-14,CH0013841017,0QNO.LSE,565.4331
2026-01-15,CH0013841017,0QNO.LSE,564.3898
2026-01-16,CH0013841017,0QNO.LSE,559.693
2026-01-19,CH0013841017,0QNO.LSE,547.5833
2026-01-20,CH0013841017,0QNO.LSE,543.6
2026-01-21,CH0013841017,0QNO.LSE,552.72
2026-01-22,CH0013841017,0QNO.LSE,561.2336
2026-01-23,CH0013841017,0QNO.LSE,550.1083
2026-01-26,CH0013841017,0QNO.LSE,549.7442
2026-01-27,CH0013841017,0QNO.LSE,558.4275
2026-01-28,CH0013841017,0QNO.LSE,583.4713
2026-01-29,CH0013841017,0QNO.LSE,540.5324
2026-01-30,CH0013841017,0QNO.LSE,525.0
2026-02-02,CH0013841017,0QNO.LSE,529.7064
2026-02-03,CH0013841017,0QNO.LSE,524.9152
2026-02-04,CH0013841017,0QNO.LSE,525.7435
2026-02-05,CH0013841017,0QNO.LSE,518.0964
2026-02-06,CH0013841017,0QNO.LSE,516.4068
2026-02-09,CH0013841017,0QNO.LSE,515.7819
2026-02-10,CH0013841017,0QNO.LSE,518.2518
2026-02-11,CH0013841017,0QNO.LSE,506.9014
2026-02-12,CH0013841017,0QNO.LSE,503.9768
2026-02-13,CH0013841017,0QNO.LSE,514.5178
2026-02-16,CH0013841017,0QNO.LSE,523.2154
2026-02-17,CH0013841017,0QNO.LSE,531.8683
2026-02-18,CH0013841017,0QNO.LSE,534.9537
2026-02-19,CH0013841017,0QNO.LSE,538.1193
2026-02-20,CH0013841017,0QNO.LSE,536.5074
2026-02-23,CH0013841017,0QNO.LSE,520.7042
2026-02-24,CH0013841017,0QNO.LSE,525.4525
2026-02-25,CH0013841017,0QNO.LSE,526.705
2026-02-26,CH0013841017,0QNO.LSE,529.0897
2026-02-27,CH0013841017,0QNO.LSE,535.6536
2026-03-02,CH0013841017,0QNO.LSE,530.2795
2026-03-03,CH0013841017,0QNO.LSE,518.0964
2026-03-04,CH0013841017,0QNO.LSE,525.1672
2026-03-05,CH0013841017,0QNO.LSE,514.4971
2026-03-06,CH0013841017,0QNO.LSE,504.5483
2026-03-09,CH0013841017,0QNO.LSE,494.6419
2026-03-10,CH0013841017,0QNO.LSE,503.3984
2026-03-11,CH0013841017,0QNO.LSE,490.0
2026-03-12,CH0013841017,0QNO.LSE,488.0767
2026-03-13,CH0013841017,0QNO.LSE,481.4447
2026-03-16,CH0013841017,0QNO.LSE,483.1072
2026-03-17,CH0013841017,0QNO.LSE,480.0
2026-03-18,CH0013841017,0QNO.LSE,487.1813
2026-03-19,CH0013841017,0QNO.LSE,477.1
2026-03-20,CH0013841017,0QNO.LSE,467.8521
2026-03-23,CH0013841017,0QNO.LSE,467.3299
2026-03-24,CH0013841017,0QNO.LSE,477.97
2026-03-25,CH0013841017,0QNO.LSE,488.0073
2026-03-26,CH0013841017,0QNO.LSE,494.1259
2026-03-27,CH0013841017,0QNO.LSE,489.8983
2026-03-30,CH0013841017,0QNO.LSE,498.3252
2026-03-31,CH0013841017,0QNO.LSE,504.6989
2026-04-01,CH0013841017,0QNO.LSE,513.9
2026-04-02,CH0013841017,0QNO.LSE,512.2
2026-04-07,CH0013841017,0QNO.LSE,504.1361
2026-04-08,CH0013841017,0QNO.LSE,509.4355
2026-04-09,CH0013841017,0QNO.LSE,505.6967
2026-04-10,CH0013841017,0QNO.LSE,515.0078
2026-04-13,CH0013841017,0QNO.LSE,516.1423
2026-04-14,CH0013841017,0QNO.LSE,528.819
2026-04-15,CH0013841017,0QNO.LSE,534.2
2026-04-16,CH0013841017,0QNO.LSE,531.6
2026-04-17,CH0013841017,0QNO.LSE,532.008
2026-04-20,CH0013841017,0QNO.LSE,526.6727
2026-04-21,CH0013841017,0QNO.LSE,512.9779
2026-04-22,CH0013841017,0QNO.LSE,508.3013
2026-04-23,CH0013841017,0QNO.LSE,500.3832
2026-04-24,CH0013841017,0QNO.LSE,481.8751
2020-04-27,CH0038863350,NSRGF.US,86.0244
2020-04-28,CH0038863350,NSRGF.US,85.5535
2020-04-29,CH0038863350,NSRGF.US,85.2355
2020-04-30,CH0038863350,NSRGF.US,84.37
2020-05-01,CH0038863350,NSRGF.US,83.726
2020-05-04,CH0038863350,NSRGF.US,83.3919
2020-05-05,CH0038863350,NSRGF.US,84.2291
2020-05-06,CH0038863350,NSRGF.US,84.4183
2020-05-07,CH0038863350,NSRGF.US,85.7467
2020-05-08,CH0038863350,NSRGF.US,86.3022
2020-05-11,CH0038863350,NSRGF.US,86.9784
2020-05-12,CH0038863350,NSRGF.US,86.3746
2020-05-13,CH0038863350,NSRGF.US,87.1112
2020-05-14,CH0038863350,NSRGF.US,84.9658
2020-05-15,CH0038863350,NSRGF.US,86.3102
2020-05-18,CH0038863350,NSRGF.US,87.1193
2020-05-19,CH0038863350,NSRGF.US,86.4954
2020-05-20,CH0038863350,NSRGF.US,87.3608
2020-05-21,CH0038863350,NSRGF.US,85.1509
2020-05-22,CH0038863350,NSRGF.US,84.9718
2020-05-26,CH0038863350,NSRGF.US,86.1411
2020-05-27,CH0038863350,NSRGF.US,84.0077
2020-05-28,CH0038863350,NSRGF.US,85.7386
2020-05-29,CH0038863350,NSRGF.US,86.2136
2020-06-01,CH0038863350,NSRGF.US,87.4292
2020-06-02,CH0038863350,NSRGF.US,86.0204
2020-06-03,CH0038863350,NSRGF.US,87.0106
2020-06-04,CH0038863350,NSRGF.US,86.0043
2020-06-05,CH0038863350,NSRGF.US,85.8392
2020-06-08,CH0038863350,NSRGF.US,87.0187
2020-06-09,CH0038863350,NSRGF.US,89.2004
2020-06-10,CH0038863350,NSRGF.US,89.9974
2020-06-11,CH0038863350,NSRGF.US,87.55
2020-06-12,CH0038863350,NSRGF.US,87.6305
2020-06-15,CH0038863350,NSRGF.US,88.3228
2020-06-16,CH0038863350,NSRGF.US,88.2262
2020-06-17,CH0038863350,NSRGF.US,91.374
2020-06-18,CH0038863350,NSRGF.US,89.9652
2020-06-19,CH0038863350,NSRGF.US,91.056
2020-06-22,CH0038863350,NSRGF.US,90.1664
2020-06-23,CH0038863350,NSRGF.US,90.1664
2020-06-24,CH0038863350,NSRGF.US,89.3614
2020-06-25,CH0038863350,NSRGF.US,88.3792
2020-06-26,CH0038863350,NSRGF.US,89.4821
2020-06-29,CH0038863350,NSRGF.US,88.5563
2020-06-30,CH0038863350,NSRGF.US,88.9588
2020-07-01,CH0038863350,NSRGF.US,88.9991
2020-07-02,CH0038863350,NSRGF.US,89.0877
2020-07-06,CH0038863350,NSRGF.US,90.3677
2020-07-07,CH0038863350,NSRGF.US,90.3113
2020-07-08,CH0038863350,NSRGF.US,90.3677
2020-07-09,CH0038863350,NSRGF.US,90.7702
2020-07-10,CH0038863350,NSRGF.US,91.8973
2020-07-13,CH0038863350,NSRGF.US,91.1325
2020-07-14,CH0038863350,NSRGF.US,91.9778
2020-07-15,CH0038863350,NSRGF.US,92.9036
2020-07-16,CH0038863350,NSRGF.US,91.5511
2020-07-17,CH0038863350,NSRGF.US,93.2498
2020-07-20,CH0038863350,NSRGF.US,93.1451
2020-07-21,CH0038863350,NSRGF.US,93.125
2020-07-22,CH0038863350,NSRGF.US,95.351
2020-07-23,CH0038863350,NSRGF.US,95.995
2020-07-24,CH0038863350,NSRGF.US,94.9887
2020-07-27,CH0038863350,NSRGF.US,96.6069
2020-07-28,CH0038863350,NSRGF.US,97.0899
2020-07-29,CH0038863350,NSRGF.US,97.3475
2020-07-30,CH0038863350,NSRGF.US,98.0399
2020-07-31,CH0038863350,NSRGF.US,95.7455
2020-08-03,CH0038863350,NSRGF.US,95.6754
2020-08-04,CH0038863350,NSRGF.US,96.0272
2020-08-05,CH0038863350,NSRGF.US,96.8484
2020-08-06,CH0038863350,NSRGF.US,94.079
2020-08-07,CH0038863350,NSRGF.US,94.4252
2020-08-10,CH0038863350,NSRGF.US,94.7553
2020-08-11,CH0038863350,NSRGF.US,94.5942
2020-08-12,CH0038863350,NSRGF.US,95.6408
2020-08-13,CH0038863350,NSRGF.US,95.7857
2020-08-14,CH0038863350,NSRGF.US,95.9628
2020-08-17,CH0038863350,NSRGF.US,96.2849
2020-08-18,CH0038863350,NSRGF.US,97.0094
2020-08-19,CH0038863350,NSRGF.US,97.2107
2020-08-20,CH0038863350,NSRGF.US,97.4522
2020-08-21,CH0038863350,NSRGF.US,96.4056
2020-08-24,CH0038863350,NSRGF.US,97.5166
2020-08-25,CH0038863350,NSRGF.US,98.1848
2020-08-26,CH0038863350,NSRGF.US,98.1365
2020-08-27,CH0038863350,NSRGF.US,97.734
2020-08-28,CH0038863350,NSRGF.US,97.2107
2020-08-31,CH0038863350,NSRGF.US,96.7196
2020-09-01,CH0038863350,NSRGF.US,96.6109
2020-09-02,CH0038863350,NSRGF.US,97.0094
2020-09-03,CH0038863350,NSRGF.US,97.428
2020-09-04,CH0038863350,NSRGF.US,95.3993
2020-09-08,CH0038863350,NSRGF.US,94.6103
2020-09-09,CH0038863350,NSRGF.US,96.3171
2020-09-10,CH0038863350,NSRGF.US,96.4861
2020-09-11,CH0038863350,NSRGF.US,96.8484
2020-09-14,CH0038863350,NSRGF.US,96.9088
2020-09-15,CH0038863350,NSRGF.US,97.2107
2020-09-16,CH0038863350,NSRGF.US,96.6069
2020-09-17,CH0038863350,NSRGF.US,97.0738
2020-09-18,CH0038863350,NSRGF.US,96.9772
2020-09-21,CH0038863350,NSRGF.US,95.3993
2020-09-22,CH0038863350,NSRGF.US,95.8018
2020-09-23,CH0038863350,NSRGF.US,95.033
2020-09-24,CH0038863350,NSRGF.US,93.7731
2020-09-25,CH0038863350,NSRGF.US,95.8018
2020-09-28,CH0038863350,NSRGF.US,95.8018
2020-09-29,CH0038863350,NSRGF.US,95.198
2020-09-30,CH0038863350,NSRGF.US,95.6811
2020-10-01,CH0038863350,NSRGF.US,96.6874
2020-10-02,CH0038863350,NSRGF.US,96.2044
2020-10-05,CH0038863350,NSRGF.US,96.2044
2020-10-06,CH0038863350,NSRGF.US,95.4516
2020-10-07,CH0038863350,NSRGF.US,94.9968
2020-10-08,CH0038863350,NSRGF.US,95.2383
2020-10-09,CH0038863350,NSRGF.US,96.2044
2020-10-12,CH0038863350,NSRGF.US,97.0295
2020-10-13,CH0038863350,NSRGF.US,96.6471
2020-10-14,CH0038863350,NSRGF.US,94.9968
2020-10-15,CH0038863350,NSRGF.US,94.5942
2020-10-16,CH0038863350,NSRGF.US,94.9163
2020-10-19,CH0038863350,NSRGF.US,94.6788
2020-10-20,CH0038863350,NSRGF.US,95.0048
2020-10-21,CH0038863350,NSRGF.US,94.554
2020-10-22,CH0038863350,NSRGF.US,94.9968
2020-10-23,CH0038863350,NSRGF.US,94.1917
2020-10-26,CH0038863350,NSRGF.US,94.9163
2020-10-27,CH0038863350,NSRGF.US,94.0227
2020-10-28,CH0038863350,NSRGF.US,91.7282
2020-10-29,CH0038863350,NSRGF.US,91.5431
2020-10-30,CH0038863350,NSRGF.US,90.2671
2020-11-02,CH0038863350,NSRGF.US,92.3803
2020-11-03,CH0038863350,NSRGF.US,94.2722
2020-11-04,CH0038863350,NSRGF.US,95.19
2020-11-05,CH0038863350,NSRGF.US,95.4959
2020-11-06,CH0038863350,NSRGF.US,95.2383
2020-11-09,CH0038863350,NSRGF.US,92.9841
2020-11-10,CH0038863350,NSRGF.US,91.3338
2020-11-11,CH0038863350,NSRGF.US,93.5799
2020-11-12,CH0038863350,NSRGF.US,92.9841
2020-11-13,CH0038863350,NSRGF.US,93.3967
2020-11-16,CH0038863350,NSRGF.US,92.8191
2020-11-17,CH0038863350,NSRGF.US,93.0888
2020-11-18,CH0038863350,NSRGF.US,91.9698
2020-11-19,CH0038863350,NSRGF.US,92.1791
2020-11-20,CH0038863350,NSRGF.US,91.9778
2020-11-23,CH0038863350,NSRGF.US,89.462
2020-11-24,CH0038863350,NSRGF.US,90.0457
2020-11-25,CH0038863350,NSRGF.US,90.2912
2020-11-27,CH0038863350,NSRGF.US,91.1728
2020-11-30,CH0038863350,NSRGF.US,89.4821
2020-12-01,CH0038863350,NSRGF.US,89.8042
2020-12-02,CH0038863350,NSRGF.US,89.8847
2020-12-03,CH0038863350,NSRGF.US,89.0796
2020-12-04,CH0038863350,NSRGF.US,89.4821
2020-12-07,CH0038863350,NSRGF.US,89.7035
2020-12-08,CH0038863350,NSRGF.US,89.8887
2020-12-09,CH0038863350,NSRGF.US,90.0771
2020-12-10,CH0038863350,NSRGF.US,91.4706
2020-12-11,CH0038863350,NSRGF.US,91.3338
2020-12-14,CH0038863350,NSRGF.US,91.6477
2020-12-15,CH0038863350,NSRGF.US,90.6575
2020-12-16,CH0038863350,NSRGF.US,91.052
2020-12-17,CH0038863350,NSRGF.US,93.5477
2020-12-18,CH0038863350,NSRGF.US,93.3867
2020-12-21,CH0038863350,NSRGF.US,91.3483
2020-12-22,CH0038863350,NSRGF.US,91.7685
2020-12-23,CH0038863350,NSRGF.US,91.8232
2020-12-24,CH0038863350,NSRGF.US,91.7765
2020-12-28,CH0038863350,NSRGF.US,93.7892
2020-12-29,CH0038863350,NSRGF.US,94.5137
2020-12-30,CH0038863350,NSRGF.US,97.3797
2020-12-31,CH0038863350,NSRGF.US,97.6213
2021-01-04,CH0038863350,NSRGF.US,95.7028
2021-01-05,CH0038863350,NSRGF.US,95.2785
2021-01-06,CH0038863350,NSRGF.US,92.5011
2021-01-07,CH0038863350,NSRGF.US,92.9036
2021-01-08,CH0038863350,NSRGF.US,91.6155
2021-01-11,CH0038863350,NSRGF.US,90.6575
2021-01-12,CH0038863350,NSRGF.US,91.4545
2021-01-13,CH0038863350,NSRGF.US,91.052
2021-01-14,CH0038863350,NSRGF.US,90.6495
2021-01-15,CH0038863350,NSRGF.US,91.9476
2021-01-19,CH0038863350,NSRGF.US,91.6316
2021-01-20,CH0038863350,NSRGF.US,91.6976
2021-01-21,CH0038863350,NSRGF.US,91.6316
2021-01-22,CH0038863350,NSRGF.US,92.1791
2021-01-25,CH0038863350,NSRGF.US,93.1532
2021-01-26,CH0038863350,NSRGF.US,94.3849
2021-01-27,CH0038863350,NSRGF.US,93.8294
2021-01-28,CH0038863350,NSRGF.US,92.8706
2021-01-29,CH0038863350,NSRGF.US,90.899
2021-02-01,CH0038863350,NSRGF.US,90.9071
2021-02-02,CH0038863350,NSRGF.US,90.9493
2021-02-03,CH0038863350,NSRGF.US,91.5109
2021-02-04,CH0038863350,NSRGF.US,90.9715
2021-02-05,CH0038863350,NSRGF.US,89.5224
2021-02-08,CH0038863350,NSRGF.US,90.4079
2021-02-09,CH0038863350,NSRGF.US,89.3614
2021-02-10,CH0038863350,NSRGF.US,89.4258
2021-02-11,CH0038863350,NSRGF.US,89.6029
2021-02-12,CH0038863350,NSRGF.US,91.0721
2021-02-16,CH0038863350,NSRGF.US,90.9916
2021-02-17,CH0038863350,NSRGF.US,89.7961
2021-02-18,CH0038863350,NSRGF.US,89.7075
2021-02-19,CH0038863350,NSRGF.US,88.2544
2021-02-22,CH0038863350,NSRGF.US,87.8157
2021-02-23,CH0038863350,NSRGF.US,86.3617
2021-02-24,CH0038863350,NSRGF.US,85.3683
2021-02-25,CH0038863350,NSRGF.US,85.32
2021-02-26,CH0038863350,NSRGF.US,83.9836
2021-03-01,CH0038863350,NSRGF.US,86.1089
2021-03-02,CH0038863350,NSRGF.US,85.8111
2021-03-03,CH0038863350,NSRGF.US,84.5785
2021-03-04,CH0038863350,NSRGF.US,86.1411
2021-03-05,CH0038863350,NSRGF.US,86.6242
2021-03-08,CH0038863350,NSRGF.US,84.8514
2021-03-09,CH0038863350,NSRGF.US,86.922
2021-03-10,CH0038863350,NSRGF.US,85.7386
2021-03-11,CH0038863350,NSRGF.US,87.9445
2021-03-12,CH0038863350,NSRGF.US,85.9399
2021-03-15,CH0038863350,NSRGF.US,85.6018
2021-03-16,CH0038863350,NSRGF.US,88.1538
2021-03-17,CH0038863350,NSRGF.US,88.5966
2021-03-18,CH0038863350,NSRGF.US,87.8479
2021-03-19,CH0038863350,NSRGF.US,87.3246
2021-03-22,CH0038863350,NSRGF.US,89.7639
2021-03-23,CH0038863350,NSRGF.US,89.9652
2021-03-24,CH0038863350,NSRGF.US,88.5885
2021-03-25,CH0038863350,NSRGF.US,89.7559
2021-03-26,CH0038863350,NSRGF.US,89.2044
2021-03-29,CH0038863350,NSRGF.US,91.0351
2021-03-30,CH0038863350,NSRGF.US,89.3614
2021-03-31,CH0038863350,NSRGF.US,89.1199
2021-04-01,CH0038863350,NSRGF.US,90.1664
2021-04-05,CH0038863350,NSRGF.US,92.3449
2021-04-06,CH0038863350,NSRGF.US,91.4545
2021-04-07,CH0038863350,NSRGF.US,93.3062
2021-04-08,CH0038863350,NSRGF.US,94.5862
2021-04-09,CH0038863350,NSRGF.US,94.5942
2021-04-12,CH0038863350,NSRGF.US,94.4051
2021-04-13,CH0038863350,NSRGF.US,93.3706
2021-04-14,CH0038863350,NSRGF.US,93.5881
2021-04-15,CH0038863350,NSRGF.US,93.9502
2021-04-16,CH0038863350,NSRGF.US,95.3462
2021-04-19,CH0038863350,NSRGF.US,95.6476
2021-04-20,CH0038863350,NSRGF.US,95.5981
2021-04-21,CH0038863350,NSRGF.US,96.713
2021-04-22,CH0038863350,NSRGF.US,99.1081
2021-04-23,CH0038863350,NSRGF.US,98.3318
2021-04-26,CH0038863350,NSRGF.US,97.5802
2021-04-27,CH0038863350,NSRGF.US,97.9519
2021-04-28,CH0038863350,NSRGF.US,98.753
2021-04-29,CH0038863350,NSRGF.US,98.5218
2021-04-30,CH0038863350,NSRGF.US,98.0758
2021-05-03,CH0038863350,NSRGF.US,97.8776
2021-05-04,CH0038863350,NSRGF.US,97.6546
2021-05-05,CH0038863350,NSRGF.US,98.6126
2021-05-06,CH0038863350,NSRGF.US,98.8934
2021-05-07,CH0038863350,NSRGF.US,99.9341
2021-05-10,CH0038863350,NSRGF.US,99.6904
2021-05-11,CH0038863350,NSRGF.US,100.2991
2021-05-12,CH0038863350,NSRGF.US,98.0758
2021-05-13,CH0038863350,NSRGF.US,98.6209
2021-05-14,CH0038863350,NSRGF.US,98.1831
2021-05-17,CH0038863350,NSRGF.US,100.7269
2021-05-18,CH0038863350,NSRGF.US,100.347
2021-05-19,CH0038863350,NSRGF.US,98.497
2021-05-20,CH0038863350,NSRGF.US,101.7593
2021-05-21,CH0038863350,NSRGF.US,99.3559
2021-05-24,CH0038863350,NSRGF.US,101.6635
2021-05-25,CH0038863350,NSRGF.US,102.1144
2021-05-26,CH0038863350,NSRGF.US,102.6785
2021-05-27,CH0038863350,NSRGF.US,101.4207
2021-05-28,CH0038863350,NSRGF.US,101.941
2021-06-01,CH0038863350,NSRGF.US,101.7882
2021-06-02,CH0038863350,NSRGF.US,101.8997
2021-06-03,CH0038863350,NSRGF.US,102.6182
2021-06-04,CH0038863350,NSRGF.US,102.164
2021-06-07,CH0038863350,NSRGF.US,101.9389
2021-06-08,CH0038863350,NSRGF.US,107.3672
2021-06-09,CH0038863350,NSRGF.US,104.6747
2021-06-10,CH0038863350,NSRGF.US,105.0959
2021-06-11,CH0038863350,NSRGF.US,104.3691
2021-06-14,CH0038863350,NSRGF.US,105.0133
2021-06-15,CH0038863350,NSRGF.US,105.7979
2021-06-16,CH0038863350,NSRGF.US,104.0636
2021-06-17,CH0038863350,NSRGF.US,106.6899
2021-06-18,CH0038863350,NSRGF.US,104.0636
2021-06-21,CH0038863350,NSRGF.US,103.0973
2021-06-22,CH0038863350,NSRGF.US,102.9981
2021-06-23,CH0038863350,NSRGF.US,102.4118
2021-06-24,CH0038863350,NSRGF.US,105.6328
2021-06-25,CH0038863350,NSRGF.US,103.9976
2021-06-28,CH0038863350,NSRGF.US,104.1709
2021-06-29,CH0038863350,NSRGF.US,104.1684
2021-06-30,CH0038863350,NSRGF.US,102.686
2021-07-01,CH0038863350,NSRGF.US,103.8777
2021-07-02,CH0038863350,NSRGF.US,104.057
2021-07-06,CH0038863350,NSRGF.US,103.1551
2021-07-07,CH0038863350,NSRGF.US,104.0636
2021-07-08,CH0038863350,NSRGF.US,103.1964
2021-07-09,CH0038863350,NSRGF.US,104.2969
2021-07-12,CH0038863350,NSRGF.US,103.2046
2021-07-13,CH0038863350,NSRGF.US,104.1874
2021-07-14,CH0038863350,NSRGF.US,104.3526
2021-07-15,CH0038863350,NSRGF.US,103.3442
2021-07-16,CH0038863350,NSRGF.US,103.9727
2021-07-19,CH0038863350,NSRGF.US,104.4104
2021-07-20,CH0038863350,NSRGF.US,103.2377
2021-07-21,CH0038863350,NSRGF.US,104.0305
2021-07-22,CH0038863350,NSRGF.US,102.9147
2021-07-23,CH0038863350,NSRGF.US,103.7993
2021-07-26,CH0038863350,NSRGF.US,103.3202
2021-07-27,CH0038863350,NSRGF.US,104.5591
2021-07-28,CH0038863350,NSRGF.US,103.2377
2021-07-29,CH0038863350,NSRGF.US,103.7167
2021-07-30,CH0038863350,NSRGF.US,104.8027
2021-08-02,CH0038863350,NSRGF.US,104.8895
2021-08-03,CH0038863350,NSRGF.US,104.27
2021-08-04,CH0038863350,NSRGF.US,103.8406
2021-08-05,CH0038863350,NSRGF.US,102.6182
2021-08-06,CH0038863350,NSRGF.US,102.3292
2021-08-09,CH0038863350,NSRGF.US,100.5948
2021-08-10,CH0038863350,NSRGF.US,103.0312
2021-08-11,CH0038863350,NSRGF.US,102.1227
2021-08-12,CH0038863350,NSRGF.US,102.3292
2021-08-13,CH0038863350,NSRGF.US,104.2948
2021-08-16,CH0038863350,NSRGF.US,103.8117
2021-08-17,CH0038863350,NSRGF.US,103.758
2021-08-18,CH0038863350,NSRGF.US,104.3526
2021-08-19,CH0038863350,NSRGF.US,105.7154
2021-08-20,CH0038863350,NSRGF.US,105.0959
2021-08-23,CH0038863350,NSRGF.US,104.8895
2021-08-24,CH0038863350,NSRGF.US,104.8895
2021-08-25,CH0038863350,NSRGF.US,104.0223
2021-08-26,CH0038863350,NSRGF.US,104.8283
2021-08-27,CH0038863350,NSRGF.US,105.5089
2021-08-30,CH0038863350,NSRGF.US,105.7154
2021-08-31,CH0038863350,NSRGF.US,104.4559
2021-09-01,CH0038863350,NSRGF.US,104.5591
2021-09-02,CH0038863350,NSRGF.US,104.778
2021-09-03,CH0038863350,NSRGF.US,103.2459
2021-09-07,CH0038863350,NSRGF.US,103.8819
2021-09-08,CH0038863350,NSRGF.US,103.2542
2021-09-09,CH0038863350,NSRGF.US,103.5185
2021-09-10,CH0038863350,NSRGF.US,102.5769
2021-09-13,CH0038863350,NSRGF.US,102.6595
2021-09-14,CH0038863350,NSRGF.US,102.6595
2021-09-15,CH0038863350,NSRGF.US,101.6189
2021-09-16,CH0038863350,NSRGF.US,102.2466
2021-09-17,CH0038863350,NSRGF.US,101.5859
2021-09-20,CH0038863350,NSRGF.US,101.0837
2021-09-21,CH0038863350,NSRGF.US,102.3126
2021-09-22,CH0038863350,NSRGF.US,102.2466
2021-09-23,CH0038863350,NSRGF.US,102.9486
2021-09-24,CH0038863350,NSRGF.US,101.5859
2021-09-27,CH0038863350,NSRGF.US,99.0256
2021-09-28,CH0038863350,NSRGF.US,98.2822
2021-09-29,CH0038863350,NSRGF.US,98.753
2021-09-30,CH0038863350,NSRGF.US,98.8686
2021-10-01,CH0038863350,NSRGF.US,99.4385
2021-10-04,CH0038863350,NSRGF.US,99.6541
2021-10-05,CH0038863350,NSRGF.US,101.4867
2021-10-06,CH0038863350,NSRGF.US,100.3635
2021-10-07,CH0038863350,NSRGF.US,100.2231
2021-10-08,CH0038863350,NSRGF.US,100.347
2021-10-11,CH0038863350,NSRGF.US,100.124
2021-10-12,CH0038863350,NSRGF.US,99.9341
2021-10-13,CH0038863350,NSRGF.US,101.5859
2021-10-14,CH0038863350,NSRGF.US,102.9048
2021-10-15,CH0038863350,NSRGF.US,102.9651
2021-10-18,CH0038863350,NSRGF.US,102.5216
2021-10-19,CH0038863350,NSRGF.US,100.8962
2021-10-20,CH0038863350,NSRGF.US,103.7415
2021-10-21,CH0038863350,NSRGF.US,104.4063
2021-10-22,CH0038863350,NSRGF.US,105.8392
2021-10-25,CH0038863350,NSRGF.US,105.4981
2021-10-26,CH0038863350,NSRGF.US,105.4428
2021-10-27,CH0038863350,NSRGF.US,106.0251
2021-10-28,CH0038863350,NSRGF.US,108.9942
2021-10-29,CH0038863350,NSRGF.US,108.606
2021-11-01,CH0038863350,NSRGF.US,110.0513
2021-11-02,CH0038863350,NSRGF.US,108.606
2021-11-03,CH0038863350,NSRGF.US,110.0001
2021-11-04,CH0038863350,NSRGF.US,111.1498
2021-11-05,CH0038863350,NSRGF.US,112.0252
2021-11-08,CH0038863350,NSRGF.US,110.6708
2021-11-09,CH0038863350,NSRGF.US,111.6536
2021-11-10,CH0038863350,NSRGF.US,111.1002
2021-11-11,CH0038863350,NSRGF.US,110.7534
2021-11-12,CH0038863350,NSRGF.US,109.804
2021-11-15,CH0038863350,NSRGF.US,111.9344
2021-11-16,CH0038863350,NSRGF.US,109.8449
2021-11-17,CH0038863350,NSRGF.US,109.5971
2021-11-18,CH0038863350,NSRGF.US,110.2083
2021-11-19,CH0038863350,NSRGF.US,108.9686
2021-11-22,CH0038863350,NSRGF.US,108.3995
2021-11-23,CH0038863350,NSRGF.US,108.0609
2021-11-24,CH0038863350,NSRGF.US,107.5241
2021-11-26,CH0038863350,NSRGF.US,108.4516
2021-11-29,CH0038863350,NSRGF.US,108.4425
2021-11-30,CH0038863350,NSRGF.US,106.5413
2021-12-01,CH0038863350,NSRGF.US,105.3569
2021-12-02,CH0038863350,NSRGF.US,106.1085
2021-12-03,CH0038863350,NSRGF.US,106.979
2021-12-06,CH0038863350,NSRGF.US,108.7382
2021-12-07,CH0038863350,NSRGF.US,108.1931
2021-12-08,CH0038863350,NSRGF.US,111.348
2021-12-09,CH0038863350,NSRGF.US,111.4058
2021-12-10,CH0038863350,NSRGF.US,112.7355
2021-12-13,CH0038863350,NSRGF.US,109.7383
2021-12-14,CH0038863350,NSRGF.US,109.8118
2021-12-15,CH0038863350,NSRGF.US,112.6529
2021-12-16,CH0038863350,NSRGF.US,114.057
2021-12-17,CH0038863350,NSRGF.US,115.3371
2021-12-20,CH0038863350,NSRGF.US,114.7177
2021-12-21,CH0038863350,NSRGF.US,113.8137
2021-12-22,CH0038863350,NSRGF.US,114.2634
2021-12-23,CH0038863350,NSRGF.US,114.759
2021-12-27,CH0038863350,NSRGF.US,115.1719
2021-12-28,CH0038863350,NSRGF.US,116.0255
2021-12-29,CH0038863350,NSRGF.US,116.4851
2021-12-30,CH0038863350,NSRGF.US,116.0391
2021-12-31,CH0038863350,NSRGF.US,112.9337
2022-01-03,CH0038863350,NSRGF.US,114.8639
2022-01-04,CH0038863350,NSRGF.US,117.311
2022-01-05,CH0038863350,NSRGF.US,113.1072
2022-01-06,CH0038863350,NSRGF.US,113.1485
2022-01-07,CH0038863350,NSRGF.US,112.1987
2022-01-10,CH0038863350,NSRGF.US,110.0513
2022-01-11,CH0038863350,NSRGF.US,107.6835
2022-01-12,CH0038863350,NSRGF.US,110.2165
2022-01-13,CH0038863350,NSRGF.US,108.1105
2022-01-14,CH0038863350,NSRGF.US,109.8449
2022-01-18,CH0038863350,NSRGF.US,110.6708
2022-01-19,CH0038863350,NSRGF.US,108.772
2022-01-20,CH0038863350,NSRGF.US,108.9364
2022-01-21,CH0038863350,NSRGF.US,108.9364
2022-01-24,CH0038863350,NSRGF.US,106.5413
2022-01-25,CH0038863350,NSRGF.US,106.6445
2022-01-26,CH0038863350,NSRGF.US,105.5089
2022-01-27,CH0038863350,NSRGF.US,104.972
2022-01-28,CH0038863350,NSRGF.US,105.3437
2022-01-31,CH0038863350,NSRGF.US,107.1607
2022-02-01,CH0038863350,NSRGF.US,106.6569
2022-02-02,CH0038863350,NSRGF.US,109.2296
2022-02-03,CH0038863350,NSRGF.US,107.1194
2022-02-04,CH0038863350,NSRGF.US,106.9129
2022-02-07,CH0038863350,NSRGF.US,106.2935
2022-02-08,CH0038863350,NSRGF.US,105.7979
2022-02-09,CH0038863350,NSRGF.US,106.5413
2022-02-10,CH0038863350,NSRGF.US,104.9489
2022-02-11,CH0038863350,NSRGF.US,105.5089
2022-02-14,CH0038863350,NSRGF.US,105.2611
2022-02-15,CH0038863350,NSRGF.US,104.0718
2022-02-16,CH0038863350,NSRGF.US,105.6815
2022-02-17,CH0038863350,NSRGF.US,107.4151
2022-02-18,CH0038863350,NSRGF.US,107.3498
2022-02-22,CH0038863350,NSRGF.US,105.3231
2022-02-23,CH0038863350,NSRGF.US,108.1931
2022-02-24,CH0038863350,NSRGF.US,103.473
2022-02-25,CH0038863350,NSRGF.US,104.906
2022-02-28,CH0038863350,NSRGF.US,107.1607
2022-03-01,CH0038863350,NSRGF.US,107.5191
2022-03-02,CH0038863350,NSRGF.US,107.202
2022-03-03,CH0038863350,NSRGF.US,107.4332
2022-03-04,CH0038863350,NSRGF.US,106.8634
2022-03-07,CH0038863350,NSRGF.US,99.3642
2022-03-08,CH0038863350,NSRGF.US,98.5383
2022-03-09,CH0038863350,NSRGF.US,101.1217
2022-03-10,CH0038863350,NSRGF.US,103.1138
2022-03-11,CH0038863350,NSRGF.US,98.6126
2022-03-14,CH0038863350,NSRGF.US,99.0338
2022-03-15,CH0038863350,NSRGF.US,101.5487
2022-03-16,CH0038863350,NSRGF.US,100.2644
2022-03-17,CH0038863350,NSRGF.US,101.8006
2022-03-18,CH0038863350,NSRGF.US,105.575
2022-03-21,CH0038863350,NSRGF.US,105.5502
2022-03-22,CH0038863350,NSRGF.US,106.5495
2022-03-23,CH0038863350,NSRGF.US,103.1798
2022-03-24,CH0038863350,NSRGF.US,106.5413
2022-03-25,CH0038863350,NSRGF.US,104.3939
2022-03-28,CH0038863350,NSRGF.US,106.0726
2022-03-29,CH0038863350,NSRGF.US,107.3672
2022-03-30,CH0038863350,NSRGF.US,107.7801
2022-03-31,CH0038863350,NSRGF.US,105.129
2022-04-01,CH0038863350,NSRGF.US,109.8449
2022-04-04,CH0038863350,NSRGF.US,107.1937
2022-04-05,CH0038863350,NSRGF.US,110.3404
2022-04-06,CH0038863350,NSRGF.US,107.5522
2022-04-07,CH0038863350,NSRGF.US,108.649
2022-04-08,CH0038863350,NSRGF.US,109.754
2022-04-11,CH0038863350,NSRGF.US,113.2082
2022-04-12,CH0038863350,NSRGF.US,111.1043
2022-04-13,CH0038863350,NSRGF.US,111.0958
2022-04-14,CH0038863350,NSRGF.US,110.7937
2022-04-18,CH0038863350,NSRGF.US,109.7608
2022-04-19,CH0038863350,NSRGF.US,107.7413
2022-04-20,CH0038863350,NSRGF.US,109.0764
2022-04-21,CH0038863350,NSRGF.US,108.8888
2022-04-22,CH0038863350,NSRGF.US,109.296
2022-04-25,CH0038863350,NSRGF.US,111.324
2022-04-26,CH0038863350,NSRGF.US,108.3936
2022-04-27,CH0038863350,NSRGF.US,108.3379
2022-04-28,CH0038863350,NSRGF.US,109.4228
2022-04-29,CH0038863350,NSRGF.US,110.1376
2022-05-02,CH0038863350,NSRGF.US,107.5301
2022-05-03,CH0038863350,NSRGF.US,106.8034
2022-05-04,CH0038863350,NSRGF.US,106.4654
2022-05-05,CH0038863350,NSRGF.US,106.0852
2022-05-06,CH0038863350,NSRGF.US,105.2385
2022-05-09,CH0038863350,NSRGF.US,102.8659
2022-05-10,CH0038863350,NSRGF.US,101.2266
2022-05-11,CH0038863350,NSRGF.US,103.1996
2022-05-12,CH0038863350,NSRGF.US,102.0716
2022-05-13,CH0038863350,NSRGF.US,102.8473
2022-05-16,CH0038863350,NSRGF.US,101.1844
2022-05-17,CH0038863350,NSRGF.US,103.9601
2022-05-18,CH0038863350,NSRGF.US,101.835
2022-05-19,CH0038863350,NSRGF.US,99.3888
2022-05-20,CH0038863350,NSRGF.US,98.1848
2022-05-23,CH0038863350,NSRGF.US,100.5507
2022-05-24,CH0038863350,NSRGF.US,101.4506
2022-05-25,CH0038863350,NSRGF.US,100.0437
2022-05-26,CH0038863350,NSRGF.US,102.249
2022-05-27,CH0038863350,NSRGF.US,102.249
2022-05-31,CH0038863350,NSRGF.US,103.4235
2022-06-01,CH0038863350,NSRGF.US,101.3111
2022-06-02,CH0038863350,NSRGF.US,101.4252
2022-06-03,CH0038863350,NSRGF.US,101.3956
2022-06-06,CH0038863350,NSRGF.US,100.4324
2022-06-07,CH0038863350,NSRGF.US,98.4467
2022-06-08,CH0038863350,NSRGF.US,97.2004
2022-06-09,CH0038863350,NSRGF.US,94.8049
2022-06-10,CH0038863350,NSRGF.US,93.077
2022-06-13,CH0038863350,NSRGF.US,92.4813
2022-06-14,CH0038863350,NSRGF.US,91.3102
2022-06-15,CH0038863350,NSRGF.US,90.9181
2022-06-16,CH0038863350,NSRGF.US,93.622
2022-06-17,CH0038863350,NSRGF.US,93.0601
2022-06-21,CH0038863350,NSRGF.US,91.4335
2022-06-22,CH0038863350,NSRGF.US,93.7453
2022-06-23,CH0038863350,NSRGF.US,94.8277
2022-06-24,CH0038863350,NSRGF.US,98.0378
2022-06-27,CH0038863350,NSRGF.US,99.072
2022-06-28,CH0038863350,NSRGF.US,95.5316
2022-06-29,CH0038863350,NSRGF.US,98.658
2022-06-30,CH0038863350,NSRGF.US,95.9034
2022-07-01,CH0038863350,NSRGF.US,98.0225
2022-07-05,CH0038863350,NSRGF.US,97.8257
2022-07-06,CH0038863350,NSRGF.US,98.6706
2022-07-07,CH0038863350,NSRGF.US,98.8565
2022-07-08,CH0038863350,NSRGF.US,98.979
2022-07-11,CH0038863350,NSRGF.US,99.1311
2022-07-12,CH0038863350,NSRGF.US,99.2123
2022-07-13,CH0038863350,NSRGF.US,98.396
2022-07-14,CH0038863350,NSRGF.US,97.5553
2022-07-15,CH0038863350,NSRGF.US,99.4269
2022-07-18,CH0038863350,NSRGF.US,98.4805
2022-07-19,CH0038863350,NSRGF.US,98.6698
2022-07-20,CH0038863350,NSRGF.US,98.9706
2022-07-21,CH0038863350,NSRGF.US,99.8798
2022-07-22,CH0038863350,NSRGF.US,101.5444
2022-07-25,CH0038863350,NSRGF.US,98.8945
2022-07-26,CH0038863350,NSRGF.US,102.7518
2022-07-27,CH0038863350,NSRGF.US,105.1557
2022-07-28,CH0038863350,NSRGF.US,103.8798
2022-07-29,CH0038863350,NSRGF.US,103.6263
2022-08-01,CH0038863350,NSRGF.US,105.1692
2022-08-02,CH0038863350,NSRGF.US,102.8152
2022-08-03,CH0038863350,NSRGF.US,101.268
2022-08-04,CH0038863350,NSRGF.US,103.1278
2022-08-05,CH0038863350,NSRGF.US,101.3492
2022-08-08,CH0038863350,NSRGF.US,101.5139
2022-08-09,CH0038863350,NSRGF.US,102.1967
2022-08-10,CH0038863350,NSRGF.US,100.238
2022-08-11,CH0038863350,NSRGF.US,103.0687
2022-08-12,CH0038863350,NSRGF.US,100.8515
2022-08-15,CH0038863350,NSRGF.US,103.1194
2022-08-16,CH0038863350,NSRGF.US,100.3479
2022-08-17,CH0038863350,NSRGF.US,103.6939
2022-08-18,CH0038863350,NSRGF.US,102.9605
2022-08-19,CH0038863350,NSRGF.US,103.1405
2022-08-22,CH0038863350,NSRGF.US,102.8701
2022-08-23,CH0038863350,NSRGF.US,101.0881
2022-08-24,CH0038863350,NSRGF.US,101.0847
2022-08-25,CH0038863350,NSRGF.US,102.4214
2022-08-26,CH0038863350,NSRGF.US,100.5507
2022-08-29,CH0038863350,NSRGF.US,99.7818
2022-08-30,CH0038863350,NSRGF.US,99.5333
2022-08-31,CH0038863350,NSRGF.US,98.9081
2022-09-01,CH0038863350,NSRGF.US,97.7285
2022-09-02,CH0038863350,NSRGF.US,96.2414
2022-09-06,CH0038863350,NSRGF.US,97.3821
2022-09-07,CH0038863350,NSRGF.US,96.0259
2022-09-08,CH0038863350,NSRGF.US,95.8231
2022-09-09,CH0038863350,NSRGF.US,98.5228
2022-09-12,CH0038863350,NSRGF.US,98.7509
2022-09-13,CH0038863350,NSRGF.US,97.5139
2022-09-14,CH0038863350,NSRGF.US,95.7682
2022-09-15,CH0038863350,NSRGF.US,95.322
2022-09-16,CH0038863350,NSRGF.US,93.284
2022-09-19,CH0038863350,NSRGF.US,93.5949
2022-09-20,CH0038863350,NSRGF.US,92.755
2022-09-21,CH0038863350,NSRGF.US,92.6097
2022-09-22,CH0038863350,NSRGF.US,91.7935
2022-09-23,CH0038863350,NSRGF.US,91.8771
2022-09-26,CH0038863350,NSRGF.US,90.4111
2022-09-27,CH0038863350,NSRGF.US,89.1656
2022-09-28,CH0038863350,NSRGF.US,92.6334
2022-09-29,CH0038863350,NSRGF.US,89.1014
2022-09-30,CH0038863350,NSRGF.US,91.665
2022-10-03,CH0038863350,NSRGF.US,89.9422
2022-10-04,CH0038863350,NSRGF.US,90.4027
2022-10-05,CH0038863350,NSRGF.US,90.1678
2022-10-06,CH0038863350,NSRGF.US,90.4584
2022-10-07,CH0038863350,NSRGF.US,90.6308
2022-10-10,CH0038863350,NSRGF.US,88.2852
2022-10-11,CH0038863350,NSRGF.US,88.1398
2022-10-12,CH0038863350,NSRGF.US,89.5307
2022-10-13,CH0038863350,NSRGF.US,87.9844
2022-10-14,CH0038863350,NSRGF.US,88.8581
2022-10-17,CH0038863350,NSRGF.US,90.1872
2022-10-18,CH0038863350,NSRGF.US,91.48
2022-10-19,CH0038863350,NSRGF.US,90.1492
2022-10-20,CH0038863350,NSRGF.US,87.4588
2022-10-21,CH0038863350,NSRGF.US,89.3549
2022-10-24,CH0038863350,NSRGF.US,90.3858
2022-10-25,CH0038863350,NSRGF.US,91.9743
2022-10-26,CH0038863350,NSRGF.US,92.9882
2022-10-27,CH0038863350,NSRGF.US,89.6337
2022-10-28,CH0038863350,NSRGF.US,90.9012
2022-10-31,CH0038863350,NSRGF.US,92.9257
2022-11-01,CH0038863350,NSRGF.US,91.0077
2022-11-02,CH0038863350,NSRGF.US,90.842
2022-11-03,CH0038863350,NSRGF.US,88.5252
2022-11-04,CH0038863350,NSRGF.US,92.025
2022-11-07,CH0038863350,NSRGF.US,93.2046
2022-11-08,CH0038863350,NSRGF.US,92.2244
2022-11-09,CH0038863350,NSRGF.US,91.3152
2022-11-10,CH0038863350,NSRGF.US,96.0977
2022-11-11,CH0038863350,NSRGF.US,97.23
2022-11-14,CH0038863350,NSRGF.US,96.456
2022-11-15,CH0038863350,NSRGF.US,95.5096
2022-11-16,CH0038863350,NSRGF.US,97.1235
2022-11-17,CH0038863350,NSRGF.US,97.7116
2022-11-18,CH0038863350,NSRGF.US,98.4721
2022-11-21,CH0038863350,NSRGF.US,98.3487
2022-11-22,CH0038863350,NSRGF.US,100.0014
2022-11-23,CH0038863350,NSRGF.US,100.5169
2022-11-25,CH0038863350,NSRGF.US,100.3817
2022-11-28,CH0038863350,NSRGF.US,100.9208
2022-11-29,CH0038863350,NSRGF.US,99.4438
2022-11-30,CH0038863350,NSRGF.US,101.1793
2022-12-01,CH0038863350,NSRGF.US,100.7704
2022-12-02,CH0038863350,NSRGF.US,101.7759
2022-12-05,CH0038863350,NSRGF.US,99.6719
2022-12-06,CH0038863350,NSRGF.US,98.5954
2022-12-07,CH0038863350,NSRGF.US,97.8426
2022-12-08,CH0038863350,NSRGF.US,98.7323
2022-12-09,CH0038863350,NSRGF.US,98.8726
2022-12-12,CH0038863350,NSRGF.US,98.4687
2022-12-13,CH0038863350,NSRGF.US,99.072
2022-12-14,CH0038863350,NSRGF.US,100.9985
2022-12-15,CH0038863350,NSRGF.US,98.1341
2022-12-16,CH0038863350,NSRGF.US,97.2317
2022-12-19,CH0038863350,NSRGF.US,99.7057
2022-12-20,CH0038863350,NSRGF.US,97.0829
2022-12-21,CH0038863350,NSRGF.US,98.614
2022-12-22,CH0038863350,NSRGF.US,98.3369
2022-12-23,CH0038863350,NSRGF.US,97.5933
2022-12-27,CH0038863350,NSRGF.US,97.9854
2022-12-28,CH0038863350,NSRGF.US,99.1987
2022-12-29,CH0038863350,NSRGF.US,98.832
2022-12-30,CH0038863350,NSRGF.US,99.3728
2023-01-03,CH0038863350,NSRGF.US,97.7082
2023-01-04,CH0038863350,NSRGF.US,100.1789
2023-01-05,CH0038863350,NSRGF.US,99.8426
2023-01-06,CH0038863350,NSRGF.US,100.7585
2023-01-09,CH0038863350,NSRGF.US,102.0716
2023-01-10,CH0038863350,NSRGF.US,102.2288
2023-01-11,CH0038863350,NSRGF.US,102.4899
2023-01-12,CH0038863350,NSRGF.US,102.6327
2023-01-13,CH0038863350,NSRGF.US,103.7151
2023-01-17,CH0038863350,NSRGF.US,104.4781
2023-01-18,CH0038863350,NSRGF.US,103.0306
2023-01-19,CH0038863350,NSRGF.US,103.6247
2023-01-20,CH0038863350,NSRGF.US,102.4518
2023-01-23,CH0038863350,NSRGF.US,103.4759
2023-01-24,CH0038863350,NSRGF.US,102.8828
2023-01-25,CH0038863350,NSRGF.US,104.1063
2023-01-26,CH0038863350,NSRGF.US,100.8836
2023-01-27,CH0038863350,NSRGF.US,100.5042
2023-01-30,CH0038863350,NSRGF.US,101.2858
2023-01-31,CH0038863350,NSRGF.US,103.0475
2023-02-01,CH0038863350,NSRGF.US,103.5469
2023-02-02,CH0038863350,NSRGF.US,101.3044
2023-02-03,CH0038863350,NSRGF.US,102.222
2023-02-06,CH0038863350,NSRGF.US,101.3703
2023-02-07,CH0038863350,NSRGF.US,101.2571
2023-02-08,CH0038863350,NSRGF.US,101.4548
2023-02-09,CH0038863350,NSRGF.US,99.5519
2023-02-10,CH0038863350,NSRGF.US,100.2431
2023-02-13,CH0038863350,NSRGF.US,101.9449
2023-02-14,CH0038863350,NSRGF.US,102.3335
2023-02-15,CH0038863350,NSRGF.US,101.203
2023-02-16,CH0038863350,NSRGF.US,98.8755
2023-02-17,CH0038863350,NSRGF.US,100.2676
2023-02-21,CH0038863350,NSRGF.US,99.8105
2023-02-22,CH0038863350,NSRGF.US,99.9338
2023-02-23,CH0038863350,NSRGF.US,98.5456
2023-02-24,CH0038863350,NSRGF.US,96.7061
2023-02-27,CH0038863350,NSRGF.US,97.9245
2023-02-28,CH0038863350,NSRGF.US,94.9824
2023-03-01,CH0038863350,NSRGF.US,95.05
2023-03-02,CH0038863350,NSRGF.US,96.9444
2023-03-03,CH0038863350,NSRGF.US,96.2768
2023-03-06,CH0038863350,NSRGF.US,95.4048
2023-03-07,CH0038863350,NSRGF.US,94.0614
2023-03-08,CH0038863350,NSRGF.US,94.3419
2023-03-09,CH0038863350,NSRGF.US,94.9993
2023-03-10,CH0038863350,NSRGF.US,96.5815
2023-03-13,CH0038863350,NSRGF.US,98.7408
2023-03-14,CH0038863350,NSRGF.US,99.2562
2023-03-15,CH0038863350,NSRGF.US,97.9651
2023-03-16,CH0038863350,NSRGF.US,99.794
2023-03-17,CH0038863350,NSRGF.US,99.4995
2023-03-20,CH0038863350,NSRGF.US,99.0889
2023-03-21,CH0038863350,NSRGF.US,98.9875
2023-03-22,CH0038863350,NSRGF.US,99.8832
2023-03-23,CH0038863350,NSRGF.US,100.6521
2023-03-24,CH0038863350,NSRGF.US,100.8937
2023-03-27,CH0038863350,NSRGF.US,101.0053
2023-03-28,CH0038863350,NSRGF.US,101.3517
2023-03-29,CH0038863350,NSRGF.US,102.7712
2023-03-30,CH0038863350,NSRGF.US,102.0336
2023-03-31,CH0038863350,NSRGF.US,102.3251
2023-04-03,CH0038863350,NSRGF.US,103.7125
2023-04-04,CH0038863350,NSRGF.US,104.0556
2023-04-05,CH0038863350,NSRGF.US,105.1878
2023-04-10,CH0038863350,NSRGF.US,105.4886
2023-04-11,CH0038863350,NSRGF.US,105.9855
2023-04-12,CH0038863350,NSRGF.US,106.3978
2023-04-13,CH0038863350,NSRGF.US,106.5077
2023-04-14,CH0038863350,NSRGF.US,106.6724
2023-04-17,CH0038863350,NSRGF.US,106.8845
2023-04-18,CH0038863350,NSRGF.US,107.3526
2023-04-19,CH0038863350,NSRGF.US,107.1397
2023-04-20,CH0038863350,NSRGF.US,108.0827
2023-04-21,CH0038863350,NSRGF.US,110.3016
2023-04-24,CH0038863350,NSRGF.US,112.0085
2023-04-25,CH0038863350,NSRGF.US,110.533
2023-04-26,CH0038863350,NSRGF.US,111.5213
2023-04-27,CH0038863350,NSRGF.US,110.2556
2023-04-28,CH0038863350,NSRGF.US,111.0185
2023-05-01,CH0038863350,NSRGF.US,110.7151
2023-05-02,CH0038863350,NSRGF.US,111.4606
2023-05-03,CH0038863350,NSRGF.US,113.5057
2023-05-04,CH0038863350,NSRGF.US,113.4849
2023-05-05,CH0038863350,NSRGF.US,113.3315
2023-05-08,CH0038863350,NSRGF.US,113.3939
2023-05-09,CH0038863350,NSRGF.US,113.3228
2023-05-10,CH0038863350,NSRGF.US,111.5941
2023-05-11,CH0038863350,NSRGF.US,111.6236
2023-05-12,CH0038863350,NSRGF.US,110.8902
2023-05-15,CH0038863350,NSRGF.US,111.237
2023-05-16,CH0038863350,NSRGF.US,109.3575
2023-05-17,CH0038863350,NSRGF.US,109.3887
2023-05-18,CH0038863350,NSRGF.US,109.1841
2023-05-19,CH0038863350,NSRGF.US,109.9921
2023-05-22,CH0038863350,NSRGF.US,108.5651
2023-05-23,CH0038863350,NSRGF.US,107.9253
2023-05-24,CH0038863350,NSRGF.US,107.5213
2023-05-25,CH0038863350,NSRGF.US,105.4494
2023-05-26,CH0038863350,NSRGF.US,107.0896
2023-05-30,CH0038863350,NSRGF.US,103.5543
2023-05-31,CH0038863350,NSRGF.US,103.5447
2023-06-01,CH0038863350,NSRGF.US,104.0857
2023-06-02,CH0038863350,NSRGF.US,104.7766
2023-06-05,CH0038863350,NSRGF.US,103.6496
2023-06-06,CH0038863350,NSRGF.US,104.4039
2023-06-07,CH0038863350,NSRGF.US,102.5174
2023-06-08,CH0038863350,NSRGF.US,102.3839
2023-06-09,CH0038863350,NSRGF.US,102.8122
2023-06-12,CH0038863350,NSRGF.US,102.4511
2023-06-13,CH0038863350,NSRGF.US,102.38
2023-06-14,CH0038863350,NSRGF.US,102.9023
2023-06-15,CH0038863350,NSRGF.US,105.061
2023-06-16,CH0038863350,NSRGF.US,104.872
2023-06-20,CH0038863350,NSRGF.US,103.9045
2023-06-21,CH0038863350,NSRGF.US,105.2621
2023-06-22,CH0038863350,NSRGF.US,104.6969
2023-06-23,CH0038863350,NSRGF.US,104.7732
2023-06-26,CH0038863350,NSRGF.US,104.716
2023-06-27,CH0038863350,NSRGF.US,104.8824
2023-06-28,CH0038863350,NSRGF.US,103.4107
2023-06-29,CH0038863350,NSRGF.US,103.4156
2023-06-30,CH0038863350,NSRGF.US,104.4013
2023-07-03,CH0038863350,NSRGF.US,104.6293
2023-07-05,CH0038863350,NSRGF.US,103.0123
2023-07-06,CH0038863350,NSRGF.US,101.9262
2023-07-07,CH0038863350,NSRGF.US,101.621
2023-07-10,CH0038863350,NSRGF.US,102.8288
2023-07-11,CH0038863350,NSRGF.US,103.6496
2023-07-12,CH0038863350,NSRGF.US,104.3987
2023-07-13,CH0038863350,NSRGF.US,106.377
2023-07-14,CH0038863350,NSRGF.US,105.7649
2023-07-17,CH0038863350,NSRGF.US,105.4684
2023-07-18,CH0038863350,NSRGF.US,104.9708
2023-07-19,CH0038863350,NSRGF.US,105.9348
2023-07-20,CH0038863350,NSRGF.US,104.4333
2023-07-21,CH0038863350,NSRGF.US,104.9457
2023-07-24,CH0038863350,NSRGF.US,104.2964
2023-07-25,CH0038863350,NSRGF.US,104.7836
2023-07-26,CH0038863350,NSRGF.US,105.6713
2023-07-27,CH0038863350,NSRGF.US,106.0666
2023-07-28,CH0038863350,NSRGF.US,105.8828
2023-07-31,CH0038863350,NSRGF.US,106.4151
2023-08-01,CH0038863350,NSRGF.US,105.6046
2023-08-02,CH0038863350,NSRGF.US,105.9296
2023-08-03,CH0038863350,NSRGF.US,104.2773
2023-08-04,CH0038863350,NSRGF.US,103.0671
2023-08-07,CH0038863350,NSRGF.US,103.471
2023-08-08,CH0038863350,NSRGF.US,103.0081
2023-08-09,CH0038863350,NSRGF.US,103.2162
2023-08-10,CH0038863350,NSRGF.US,103.5543
2023-08-11,CH0038863350,NSRGF.US,103.0731
2023-08-14,CH0038863350,NSRGF.US,102.8867
2023-08-15,CH0038863350,NSRGF.US,101.4736
2023-08-16,CH0038863350,NSRGF.US,102.2972
2023-08-17,CH0038863350,NSRGF.US,101.4806
2023-08-18,CH0038863350,NSRGF.US,101.8742
2023-08-21,CH0038863350,NSRGF.US,102.8997
2023-08-22,CH0038863350,NSRGF.US,102.5174
2023-08-23,CH0038863350,NSRGF.US,103.3722
2023-08-24,CH0038863350,NSRGF.US,103.1121
2023-08-25,CH0038863350,NSRGF.US,104.3172
2023-08-28,CH0038863350,NSRGF.US,104.7073
2023-08-29,CH0038863350,NSRGF.US,105.7303
2023-08-30,CH0038863350,NSRGF.US,104.7385
2023-08-31,CH0038863350,NSRGF.US,104.1438
2023-09-01,CH0038863350,NSRGF.US,103.4433
2023-09-05,CH0038863350,NSRGF.US,101.2916
2023-09-06,CH0038863350,NSRGF.US,101.7268
2023-09-07,CH0038863350,NSRGF.US,102.2071
2023-09-08,CH0038863350,NSRGF.US,102.1672
2023-09-11,CH0038863350,NSRGF.US,103.8213
2023-09-12,CH0038863350,NSRGF.US,101.7095
2023-09-13,CH0038863350,NSRGF.US,101.0731
2023-09-14,CH0038863350,NSRGF.US,101.8846
2023-09-15,CH0038863350,NSRGF.US,101.9591
2023-09-18,CH0038863350,NSRGF.US,102.0111
2023-09-19,CH0038863350,NSRGF.US,101.9765
2023-09-20,CH0038863350,NSRGF.US,103.0254
2023-09-21,CH0038863350,NSRGF.US,102.9908
2023-09-22,CH0038863350,NSRGF.US,101.8153
2023-09-25,CH0038863350,NSRGF.US,101.647
2023-09-26,CH0038863350,NSRGF.US,100.0866
2023-09-27,CH0038863350,NSRGF.US,97.2777
2023-09-28,CH0038863350,NSRGF.US,97.0766
2023-09-29,CH0038863350,NSRGF.US,97.8256
2023-10-02,CH0038863350,NSRGF.US,96.9795
2023-10-03,CH0038863350,NSRGF.US,96.4091
2023-10-04,CH0038863350,NSRGF.US,97.5066
2023-10-05,CH0038863350,NSRGF.US,97.3506
2023-10-06,CH0038863350,NSRGF.US,95.804
2023-10-09,CH0038863350,NSRGF.US,96.6726
2023-10-10,CH0038863350,NSRGF.US,98.6041
2023-10-11,CH0038863350,NSRGF.US,100.8443
2023-10-12,CH0038863350,NSRGF.US,98.5469
2023-10-13,CH0038863350,NSRGF.US,98.9492
2023-10-16,CH0038863350,NSRGF.US,98.8781
2023-10-17,CH0038863350,NSRGF.US,98.7948
2023-10-18,CH0038863350,NSRGF.US,98.3943
2023-10-19,CH0038863350,NSRGF.US,95.2144
2023-10-20,CH0038863350,NSRGF.US,95.2613
2023-10-23,CH0038863350,NSRGF.US,94.3562
2023-10-24,CH0038863350,NSRGF.US,94.8538
2023-10-25,CH0038863350,NSRGF.US,95.0324
2023-10-26,CH0038863350,NSRGF.US,95.0445
2023-10-27,CH0038863350,NSRGF.US,92.2166
2023-10-30,CH0038863350,NSRGF.US,93.9869
2023-10-31,CH0038863350,NSRGF.US,93.7771
2023-11-01,CH0038863350,NSRGF.US,94.7951
2023-11-02,CH0038863350,NSRGF.US,96.2981
2023-11-03,CH0038863350,NSRGF.US,95.9999
2023-11-06,CH0038863350,NSRGF.US,96.1854
2023-11-07,CH0038863350,NSRGF.US,95.6739
2023-11-08,CH0038863350,NSRGF.US,95.4745
2023-11-09,CH0038863350,NSRGF.US,95.5525
2023-11-10,CH0038863350,NSRGF.US,95.7051
2023-11-13,CH0038863350,NSRGF.US,93.8707
2023-11-14,CH0038863350,NSRGF.US,95.6757
2023-11-15,CH0038863350,NSRGF.US,97.1147
2023-11-16,CH0038863350,NSRGF.US,96.2114
2023-11-17,CH0038863350,NSRGF.US,96.7705
2023-11-20,CH0038863350,NSRGF.US,96.1993
2023-11-21,CH0038863350,NSRGF.US,98.136
2023-11-22,CH0038863350,NSRGF.US,98.2019
2023-11-24,CH0038863350,NSRGF.US,98.6834
2023-11-27,CH0038863350,NSRGF.US,98.6059
2023-11-28,CH0038863350,NSRGF.US,98.0285
2023-11-29,CH0038863350,NSRGF.US,98.299
2023-11-30,CH0038863350,NSRGF.US,98.4342
2023-12-01,CH0038863350,NSRGF.US,98.7272
2023-12-04,CH0038863350,NSRGF.US,99.4537
2023-12-05,CH0038863350,NSRGF.US,98.3787
2023-12-06,CH0038863350,NSRGF.US,97.8326
2023-12-07,CH0038863350,NSRGF.US,96.9483
2023-12-08,CH0038863350,NSRGF.US,97.9019
2023-12-11,CH0038863350,NSRGF.US,97.2777
2023-12-12,CH0038863350,NSRGF.US,97.8759
2023-12-13,CH0038863350,NSRGF.US,97.8846
2023-12-14,CH0038863350,NSRGF.US,97.1402
2023-12-15,CH0038863350,NSRGF.US,97.6522
2023-12-18,CH0038863350,NSRGF.US,98.188
2023-12-19,CH0038863350,NSRGF.US,97.165
2023-12-20,CH0038863350,NSRGF.US,96.8529
2023-12-21,CH0038863350,NSRGF.US,97.9262
2023-12-22,CH0038863350,NSRGF.US,98.4958
2023-12-26,CH0038863350,NSRGF.US,98.4429
2023-12-27,CH0038863350,NSRGF.US,98.6821
2023-12-28,CH0038863350,NSRGF.US,99.7727
2023-12-29,CH0038863350,NSRGF.US,100.52
2024-01-02,CH0038863350,NSRGF.US,99.7866
2024-01-03,CH0038863350,NSRGF.US,101.0991
2024-01-04,CH0038863350,NSRGF.US,100.4125
2024-01-05,CH0038863350,NSRGF.US,100.5374
2024-01-08,CH0038863350,NSRGF.US,101.2439
2024-01-09,CH0038863350,NSRGF.US,100.338
2024-01-10,CH0038863350,NSRGF.US,99.8872
2024-01-11,CH0038863350,NSRGF.US,98.6804
2024-01-12,CH0038863350,NSRGF.US,99.2023
2024-01-16,CH0038863350,NSRGF.US,98.7385
2024-01-17,CH0038863350,NSRGF.US,98.1927
2024-01-18,CH0038863350,NSRGF.US,97.5118
2024-01-19,CH0038863350,NSRGF.US,97.2864
2024-01-22,CH0038863350,NSRGF.US,96.09
2024-01-23,CH0038863350,NSRGF.US,95.1017
2024-01-24,CH0038863350,NSRGF.US,95.393
2024-01-25,CH0038863350,NSRGF.US,96.7489
2024-01-26,CH0038863350,NSRGF.US,98.9336
2024-01-29,CH0038863350,NSRGF.US,100.1802
2024-01-30,CH0038863350,NSRGF.US,99.6774
2024-01-31,CH0038863350,NSRGF.US,98.944
2024-02-01,CH0038863350,NSRGF.US,99.7051
2024-02-02,CH0038863350,NSRGF.US,99.185
2024-02-05,CH0038863350,NSRGF.US,99.6184
2024-02-06,CH0038863350,NSRGF.US,99.0619
2024-02-07,CH0038863350,NSRGF.US,97.2604
2024-02-08,CH0038863350,NSRGF.US,97.035
2024-02-09,CH0038863350,NSRGF.US,94.807
2024-02-12,CH0038863350,NSRGF.US,96.1334
2024-02-13,CH0038863350,NSRGF.US,93.8274
2024-02-14,CH0038863350,NSRGF.US,94.7723
2024-02-15,CH0038863350,NSRGF.US,95.882
2024-02-16,CH0038863350,NSRGF.US,94.755
2024-02-20,CH0038863350,NSRGF.US,97.8369
2024-02-21,CH0038863350,NSRGF.US,97.5707
2024-02-22,CH0038863350,NSRGF.US,92.6137
2024-02-23,CH0038863350,NSRGF.US,93.7927
2024-02-26,CH0038863350,NSRGF.US,92.9431
2024-02-27,CH0038863350,NSRGF.US,92.6154
2024-02-28,CH0038863350,NSRGF.US,91.2006
2024-02-29,CH0038863350,NSRGF.US,90.1733
2024-03-01,CH0038863350,NSRGF.US,90.696
2024-03-04,CH0038863350,NSRGF.US,89.7875
2024-03-05,CH0038863350,NSRGF.US,90.7584
2024-03-06,CH0038863350,NSRGF.US,91.5872
2024-03-07,CH0038863350,NSRGF.US,92.0242
2024-03-08,CH0038863350,NSRGF.US,92.735
2024-03-11,CH0038863350,NSRGF.US,92.7316
2024-03-12,CH0038863350,NSRGF.US,93.0818
2024-03-13,CH0038863350,NSRGF.US,93.9314
2024-03-14,CH0038863350,NSRGF.US,93.2881
2024-03-15,CH0038863350,NSRGF.US,93.4962
2024-03-18,CH0038863350,NSRGF.US,92.475
2024-03-19,CH0038863350,NSRGF.US,91.2353
2024-03-20,CH0038863350,NSRGF.US,92.6483
2024-03-21,CH0038863350,NSRGF.US,91.7207
2024-03-22,CH0038863350,NSRGF.US,90.9717
2024-03-25,CH0038863350,NSRGF.US,91.1954
2024-03-26,CH0038863350,NSRGF.US,91.1607
2024-03-27,CH0038863350,NSRGF.US,91.4242
2024-03-28,CH0038863350,NSRGF.US,92.0502
2024-04-01,CH0038863350,NSRGF.US,91.6271
2024-04-02,CH0038863350,NSRGF.US,90.3406
2024-04-03,CH0038863350,NSRGF.US,90.3597
2024-04-04,CH0038863350,NSRGF.US,90.8278
2024-04-05,CH0038863350,NSRGF.US,88.9986
2024-04-08,CH0038863350,NSRGF.US,89.2067
2024-04-09,CH0038863350,NSRGF.US,89.2535
2024-04-10,CH0038863350,NSRGF.US,88.9639
2024-04-11,CH0038863350,NSRGF.US,89.8829
2024-04-12,CH0038863350,NSRGF.US,88.064
2024-04-15,CH0038863350,NSRGF.US,87.6895
2024-04-16,CH0038863350,NSRGF.US,87.289
2024-04-17,CH0038863350,NSRGF.US,89.5794
2024-04-18,CH0038863350,NSRGF.US,88.6041
2024-04-19,CH0038863350,NSRGF.US,90.6874
2024-04-22,CH0038863350,NSRGF.US,92.0614
2024-04-23,CH0038863350,NSRGF.US,92.4562
2024-04-24,CH0038863350,NSRGF.US,91.8562
2024-04-25,CH0038863350,NSRGF.US,91.0902
2024-04-26,CH0038863350,NSRGF.US,90.5978
2024-04-29,CH0038863350,NSRGF.US,90.9559
2024-04-30,CH0038863350,NSRGF.US,90.0518
2024-05-01,CH0038863350,NSRGF.US,89.8495
2024-05-02,CH0038863350,NSRGF.US,90.4815
2024-05-03,CH0038863350,NSRGF.US,90.451
2024-05-06,CH0038863350,NSRGF.US,90.0429
2024-05-07,CH0038863350,NSRGF.US,89.5147
2024-05-08,CH0038863350,NSRGF.US,92.6925
2024-05-09,CH0038863350,NSRGF.US,93.1043
2024-05-10,CH0038863350,NSRGF.US,94.1516
2024-05-13,CH0038863350,NSRGF.US,92.4633
2024-05-14,CH0038863350,NSRGF.US,92.9342
2024-05-15,CH0038863350,NSRGF.US,94.4899
2024-05-16,CH0038863350,NSRGF.US,95.1416
2024-05-17,CH0038863350,NSRGF.US,95.0485
2024-05-20,CH0038863350,NSRGF.US,94.4559
2024-05-21,CH0038863350,NSRGF.US,93.5429
2024-05-22,CH0038863350,NSRGF.US,92.8447
2024-05-23,CH0038863350,NSRGF.US,91.0186
2024-05-24,CH0038863350,NSRGF.US,90.3526
2024-05-28,CH0038863350,NSRGF.US,89.9578
2024-05-29,CH0038863350,NSRGF.US,89.2283
2024-05-30,CH0038863350,NSRGF.US,92.596
2024-05-31,CH0038863350,NSRGF.US,95.0503
2024-06-03,CH0038863350,NSRGF.US,96.2265
2024-06-04,CH0038863350,NSRGF.US,98.4572
2024-06-05,CH0038863350,NSRGF.US,97.2309
2024-06-06,CH0038863350,NSRGF.US,98.9854
2024-06-07,CH0038863350,NSRGF.US,97.6068
2024-06-10,CH0038863350,NSRGF.US,95.5337
2024-06-11,CH0038863350,NSRGF.US,94.3843
2024-06-12,CH0038863350,NSRGF.US,94.7889
2024-06-13,CH0038863350,NSRGF.US,95.3332
2024-06-14,CH0038863350,NSRGF.US,95.6089
2024-06-17,CH0038863350,NSRGF.US,94.2339
2024-06-18,CH0038863350,NSRGF.US,95.915
2024-06-20,CH0038863350,NSRGF.US,94.259
2024-06-21,CH0038863350,NSRGF.US,92.2091
2024-06-24,CH0038863350,NSRGF.US,94.5651
2024-06-25,CH0038863350,NSRGF.US,94.3557
2024-06-26,CH0038863350,NSRGF.US,92.415
2024-06-27,CH0038863350,NSRGF.US,91.7222
2024-06-28,CH0038863350,NSRGF.US,91.6846
2024-07-01,CH0038863350,NSRGF.US,90.9183
2024-07-02,CH0038863350,NSRGF.US,92.3702
2024-07-03,CH0038863350,NSRGF.US,92.3344
2024-07-05,CH0038863350,NSRGF.US,92.9968
2024-07-08,CH0038863350,NSRGF.US,91.0275
2024-07-09,CH0038863350,NSRGF.US,92.3344
2024-07-10,CH0038863350,NSRGF.US,92.7878
2024-07-11,CH0038863350,NSRGF.US,93.5026
2024-07-12,CH0038863350,NSRGF.US,94.4595
2024-07-15,CH0038863350,NSRGF.US,92.6925
2024-07-16,CH0038863350,NSRGF.US,92.1071
2024-07-17,CH0038863350,NSRGF.US,94.7334
2024-07-18,CH0038863350,NSRGF.US,94.7979
2024-07-19,CH0038863350,NSRGF.US,93.7881
2024-07-22,CH0038863350,NSRGF.US,94.8856
2024-07-23,CH0038863350,NSRGF.US,93.5026
2024-07-24,CH0038863350,NSRGF.US,93.1669
2024-07-25,CH0038863350,NSRGF.US,89.9265
2024-07-26,CH0038863350,NSRGF.US,89.2462
2024-07-29,CH0038863350,NSRGF.US,88.9329
2024-07-30,CH0038863350,NSRGF.US,89.1065
2024-07-31,CH0038863350,NSRGF.US,91.8443
2024-08-01,CH0038863350,NSRGF.US,90.8216
2024-08-02,CH0038863350,NSRGF.US,93.1714
2024-08-05,CH0038863350,NSRGF.US,91.5249
2024-08-06,CH0038863350,NSRGF.US,93.3191
2024-08-07,CH0038863350,NSRGF.US,93.0864
2024-08-08,CH0038863350,NSRGF.US,90.4367
2024-08-09,CH0038863350,NSRGF.US,92.8805
2024-08-12,CH0038863350,NSRGF.US,91.8511
2024-08-13,CH0038863350,NSRGF.US,91.8797
2024-08-14,CH0038863350,NSRGF.US,92.227
2024-08-15,CH0038863350,NSRGF.US,92.1644
2024-08-16,CH0038863350,NSRGF.US,92.3613
2024-08-19,CH0038863350,NSRGF.US,92.628
2024-08-20,CH0038863350,NSRGF.US,93.392
2024-08-21,CH0038863350,NSRGF.US,94.0084
2024-08-22,CH0038863350,NSRGF.US,89.8101
2024-08-23,CH0038863350,NSRGF.US,94.1068
2024-08-26,CH0038863350,NSRGF.US,94.3843
2024-08-27,CH0038863350,NSRGF.US,95.2079
2024-08-28,CH0038863350,NSRGF.US,95.5247
2024-08-29,CH0038863350,NSRGF.US,96.103
2024-08-30,CH0038863350,NSRGF.US,95.6787
2024-09-02,CH0038863350,NESN.SW,81.9698
2024-09-03,CH0038863350,NSRGF.US,96.9802
2024-09-04,CH0038863350,NSRGF.US,94.1068
2024-09-05,CH0038863350,NSRGF.US,93.7756
2024-09-06,CH0038863350,NSRGF.US,92.7911
2024-09-09,CH0038863350,NSRGF.US,92.8321
2024-09-10,CH0038863350,NSRGF.US,93.3983
2024-09-11,CH0038863350,NSRGF.US,92.3165
2024-09-12,CH0038863350,NSRGF.US,92.2595
2024-09-13,CH0038863350,NSRGF.US,92.7014
2024-09-16,CH0038863350,NSRGF.US,92.3523
2024-09-17,CH0038863350,NSRGF.US,90.938
2024-09-18,CH0038863350,NSRGF.US,90.8306
2024-09-19,CH0038863350,NSRGF.US,90.1359
2024-09-20,CH0038863350,NSRGF.US,86.9322
2024-09-23,CH0038863350,NSRGF.US,87.2948
2024-09-24,CH0038863350,NSRGF.US,89.0152
2024-09-25,CH0038863350,NSRGF.US,88.8434
2024-09-26,CH0038863350,NSRGF.US,89.9193
2024-09-27,CH0038863350,NSRGF.US,90.6963
2024-09-30,CH0038863350,NSRGF.US,89.8191
2024-10-01,CH0038863350,NSRGF.US,89.7116
2024-10-02,CH0038863350,NSRGF.US,89.4431
2024-10-03,CH0038863350,NSRGF.US,88.1004
2024-10-04,CH0038863350,NSRGF.US,87.9498
2024-10-07,CH0038863350,NSRGF.US,87.2321
2024-10-08,CH0038863350,NSRGF.US,86.874
2024-10-09,CH0038863350,NSRGF.US,86.9546
2024-10-10,CH0038863350,NSRGF.US,87.3753
2024-10-11,CH0038863350,NSRGF.US,88.0198
2024-10-14,CH0038863350,NSRGF.US,87.2768
2024-10-15,CH0038863350,NSRGF.US,87.0387
2024-10-16,CH0038863350,NSRGF.US,86.7979
2024-10-17,CH0038863350,NSRGF.US,88.2848
2024-10-18,CH0038863350,NSRGF.US,87.6976
2024-10-21,CH0038863350,NSRGF.US,88.7896
2024-10-22,CH0038863350,NSRGF.US,88.044
2024-10-23,CH0038863350,NSRGF.US,87.6322
2024-10-24,CH0038863350,NSRGF.US,88.0341
2024-10-25,CH0038863350,NSRGF.US,88.0037
2024-10-28,CH0038863350,NSRGF.US,87.0978
2024-10-29,CH0038863350,NSRGF.US,86.3369
2024-10-30,CH0038863350,NSRGF.US,85.0793
2024-10-31,CH0038863350,NSRGF.US,84.0812
2024-11-01,CH0038863350,NSRGF.US,84.9351
2024-11-04,CH0038863350,NSRGF.US,84.9047
2024-11-05,CH0038863350,NSRGF.US,83.6981
2024-11-06,CH0038863350,NSRGF.US,81.0824
2024-11-07,CH0038863350,NSRGF.US,81.5748
2024-11-08,CH0038863350,NSRGF.US,80.5722
2024-11-11,CH0038863350,NSRGF.US,80.2052
2024-11-12,CH0038863350,NSRGF.US,79.3548
2024-11-13,CH0038863350,NSRGF.US,78.3451
2024-11-14,CH0038863350,NSRGF.US,79.0057
2024-11-15,CH0038863350,NSRGF.US,78.1517
2024-11-18,CH0038863350,NSRGF.US,79.3244
2024-11-19,CH0038863350,NSRGF.US,78.3487
2024-11-20,CH0038863350,NSRGF.US,77.5198
2024-11-21,CH0038863350,NSRGF.US,76.8752
2024-11-22,CH0038863350,NSRGF.US,76.2576
2024-11-25,CH0038863350,NSRGF.US,76.5798
2024-11-26,CH0038863350,NSRGF.US,76.6425
2024-11-27,CH0038863350,NSRGF.US,77.3183
2024-11-29,CH0038863350,NSRGF.US,77.8778
2024-12-02,CH0038863350,NSRGF.US,77.7453
2024-12-03,CH0038863350,NSRGF.US,77.065
2024-12-04,CH0038863350,NSRGF.US,77.2333
2024-12-05,CH0038863350,NSRGF.US,76.911
2024-12-06,CH0038863350,NSRGF.US,76.6828
2024-12-09,CH0038863350,NSRGF.US,76.9827
2024-12-10,CH0038863350,NSRGF.US,74.7913
2024-12-11,CH0038863350,NSRGF.US,75.6131
2024-12-12,CH0038863350,NSRGF.US,75.0581
2024-12-13,CH0038863350,NSRGF.US,74.9775
2024-12-16,CH0038863350,NSRGF.US,74.1504
2024-12-17,CH0038863350,NSRGF.US,74.6866
2024-12-18,CH0038863350,NSRGF.US,72.7486
2024-12-19,CH0038863350,NSRGF.US,73.7601
2024-12-20,CH0038863350,NSRGF.US,73.7154
2024-12-23,CH0038863350,NSRGF.US,73.5542
2024-12-24,CH0038863350,NSRGF.US,73.223
2024-12-26,CH0038863350,NSRGF.US,73.9392
2024-12-27,CH0038863350,NSRGF.US,73.7601
2024-12-30,CH0038863350,NSRGF.US,74.2114
2024-12-31,CH0038863350,NSRGF.US,72.5248
2025-01-02,CH0038863350,NSRGF.US,73.3126
2025-01-03,CH0038863350,NSRGF.US,73.044
2025-01-06,CH0038863350,NSRGF.US,73.1783
2025-01-07,CH0038863350,NSRGF.US,73.7243
2025-01-08,CH0038863350,NSRGF.US,74.0778
2025-01-10,CH0038863350,NSRGF.US,71.9251
2025-01-13,CH0038863350,NSRGF.US,72.8381
2025-01-14,CH0038863350,NSRGF.US,72.6949
2025-01-15,CH0038863350,NSRGF.US,72.5839
2025-01-16,CH0038863350,NSRGF.US,72.8131
2025-01-17,CH0038863350,NSRGF.US,72.5964
2025-01-21,CH0038863350,NSRGF.US,74.2883
2025-01-22,CH0038863350,NSRGF.US,73.19
2025-01-23,CH0038863350,NSRGF.US,73.8944
2025-01-24,CH0038863350,NSRGF.US,74.2883
2025-01-27,CH0038863350,NSRGF.US,77.0811
2025-01-28,CH0038863350,NSRGF.US,77.3944
2025-01-29,CH0038863350,NSRGF.US,76.9451
2025-01-30,CH0038863350,NSRGF.US,77.5108
2025-01-31,CH0038863350,NSRGF.US,76.0517
2025-02-03,CH0038863350,NSRGF.US,76.2218
2025-02-04,CH0038863350,NSRGF.US,76.6085
2025-02-05,CH0038863350,NSRGF.US,76.8484
2025-02-06,CH0038863350,NSRGF.US,76.0732
2025-02-07,CH0038863350,NSRGF.US,76.0445
2025-02-10,CH0038863350,NSRGF.US,76.0338
2025-02-11,CH0038863350,NSRGF.US,76.8578
2025-02-12,CH0038863350,NSRGF.US,77.4302
2025-02-13,CH0038863350,NSRGF.US,82.7116
2025-02-14,CH0038863350,NSRGF.US,82.0581
2025-02-18,CH0038863350,NSRGF.US,81.5479
2025-02-19,CH0038863350,NSRGF.US,81.6374
2025-02-20,CH0038863350,NSRGF.US,81.4718
2025-02-21,CH0038863350,NSRGF.US,83.451
2025-02-24,CH0038863350,NSRGF.US,87.5664
2025-02-25,CH0038863350,NSRGF.US,88.6733
2025-02-26,CH0038863350,NSRGF.US,87.3306
2025-02-27,CH0038863350,NSRGF.US,86.3441
2025-02-28,CH0038863350,NSRGF.US,85.952
2025-03-03,CH0038863350,NSRGF.US,88.4942
2025-03-04,CH0038863350,NSRGF.US,90.1234
2025-03-05,CH0038863350,NSRGF.US,88.0914
2025-03-06,CH0038863350,NSRGF.US,88.9677
2025-03-07,CH0038863350,NSRGF.US,91.0114
2025-03-10,CH0038863350,NSRGF.US,91.139
2025-03-11,CH0038863350,NSRGF.US,89.9999
2025-03-12,CH0038863350,NSRGF.US,89.2945
2025-03-13,CH0038863350,NSRGF.US,89.8146
2025-03-14,CH0038863350,NSRGF.US,90.1485
2025-03-17,CH0038863350,NSRGF.US,91.7239
2025-03-18,CH0038863350,NSRGF.US,91.3892
2025-03-19,CH0038863350,NSRGF.US,90.7446
2025-03-20,CH0038863350,NSRGF.US,91.314
2025-03-21,CH0038863350,NSRGF.US,92.9431
2025-03-24,CH0038863350,NSRGF.US,91.305
2025-03-25,CH0038863350,NSRGF.US,91.1081
2025-03-26,CH0038863350,NSRGF.US,89.7331
2025-03-27,CH0038863350,NSRGF.US,89.5326
2025-03-28,CH0038863350,NSRGF.US,89.5237
2025-03-31,CH0038863350,NSRGF.US,90.2219
2025-04-01,CH0038863350,NSRGF.US,90.7948
2025-04-02,CH0038863350,NSRGF.US,90.673
2025-04-03,CH0038863350,NSRGF.US,93.0864
2025-04-04,CH0038863350,NSRGF.US,89.8952
2025-04-07,CH0038863350,NSRGF.US,87.1515
2025-04-08,CH0038863350,NSRGF.US,88.5587
2025-04-09,CH0038863350,NSRGF.US,89.9981
2025-04-10,CH0038863350,NSRGF.US,90.5531
2025-04-11,CH0038863350,NSRGF.US,93.5429
2025-04-14,CH0038863350,NSRGF.US,93.2349
2025-04-15,CH0038863350,NSRGF.US,91.4482
2025-04-16,CH0038863350,NSRGF.US,95.6304
2025-04-17,CH0038863350,NSRGF.US,95.0628
2025-04-21,CH0038863350,NSRGF.US,95.3206
2025-04-22,CH0038863350,NSRGF.US,98.606
2025-04-23,CH0038863350,NSRGF.US,99.9857
2025-04-24,CH0038863350,NSRGF.US,99.3436
2025-04-25,CH0038863350,NSRGF.US,98.134
2025-04-28,CH0038863350,NSRGF.US,99.2382
2025-04-29,CH0038863350,NSRGF.US,101.3468
2025-04-30,CH0038863350,NSRGF.US,100.6471
2025-05-01,CH0038863350,NSRGF.US,101.5171
2025-05-02,CH0038863350,NSRGF.US,100.8531
2025-05-05,CH0038863350,NSRGF.US,102.0608
2025-05-06,CH0038863350,NSRGF.US,101.1436
2025-05-07,CH0038863350,NSRGF.US,102.5544
2025-05-08,CH0038863350,NSRGF.US,101.1436
2025-05-09,CH0038863350,NSRGF.US,98.941
2025-05-12,CH0038863350,NSRGF.US,98.4005
2025-05-13,CH0038863350,NSRGF.US,97.5302
2025-05-14,CH0038863350,NSRGF.US,97.212
2025-05-15,CH0038863350,NSRGF.US,99.7231
2025-05-16,CH0038863350,NSRGF.US,98.1695
2025-05-19,CH0038863350,NSRGF.US,100.8292
2025-05-20,CH0038863350,NSRGF.US,100.5014
2025-05-21,CH0038863350,NSRGF.US,102.1721
2025-05-22,CH0038863350,NSRGF.US,101.3468
2025-05-23,CH0038863350,NSRGF.US,102.8371
2025-05-27,CH0038863350,NSRGF.US,102.755
2025-05-28,CH0038863350,NSRGF.US,102.5448
2025-05-29,CH0038863350,NSRGF.US,102.2496
2025-05-30,CH0038863350,NSRGF.US,101.3084
2025-06-02,CH0038863350,NSRGF.US,102.3493
2025-06-03,CH0038863350,NSRGF.US,100.9346
2025-06-04,CH0038863350,NSRGF.US,102.2458
2025-06-05,CH0038863350,NSRGF.US,101.8164
2025-06-06,CH0038863350,NSRGF.US,99.9762
2025-06-09,CH0038863350,NSRGF.US,98.9027
2025-06-10,CH0038863350,NSRGF.US,98.7302
2025-06-11,CH0038863350,NSRGF.US,98.0803
2025-06-12,CH0038863350,NSRGF.US,101.0524
2025-06-13,CH0038863350,NSRGF.US,98.1398
2025-06-16,CH0038863350,NSRGF.US,98.1455
2025-06-17,CH0038863350,NSRGF.US,96.2324
2025-06-18,CH0038863350,NSRGF.US,97.3308
2025-06-20,CH0038863350,NSRGF.US,95.1053
2025-06-23,CH0038863350,NSRGF.US,95.5481
2025-06-24,CH0038863350,NSRGF.US,95.6727
2025-06-25,CH0038863350,NSRGF.US,93.66
2025-06-26,CH0038863350,NSRGF.US,93.3341
2025-06-27,CH0038863350,NSRGF.US,95.3564
2025-06-30,CH0038863350,NSRGF.US,94.0817
2025-07-01,CH0038863350,NSRGF.US,94.3999
2025-07-02,CH0038863350,NSRGF.US,95.1551
2025-07-03,CH0038863350,NSRGF.US,95.3756
2025-07-07,CH0038863350,NSRGF.US,94.4881
2025-07-08,CH0038863350,NSRGF.US,93.8325
2025-07-09,CH0038863350,NSRGF.US,93.6619
2025-07-10,CH0038863350,NSRGF.US,93.5929
2025-07-11,CH0038863350,NSRGF.US,92.5191
2025-07-14,CH0038863350,NSRGF.US,92.251
2025-07-15,CH0038863350,NSRGF.US,91.306
2025-07-16,CH0038863350,NSRGF.US,92.4523
2025-07-17,CH0038863350,NSRGF.US,91.9367
2025-07-18,CH0038863350,NSRGF.US,92.8453
2025-07-21,CH0038863350,NSRGF.US,92.02
2025-07-22,CH0038863350,NSRGF.US,92.6919
2025-07-23,CH0038863350,NSRGF.US,93.9226
2025-07-24,CH0038863350,NSRGF.US,88.1393
2025-07-25,CH0038863350,NSRGF.US,87.2115
2025-07-28,CH0038863350,NSRGF.US,86.7802
2025-07-29,CH0038863350,NSRGF.US,86.83
2025-07-30,CH0038863350,NSRGF.US,84.1761
2025-07-31,CH0038863350,NSRGF.US,82.9138
2025-08-01,CH0038863350,NSRGF.US,84.1138
2025-08-04,CH0038863350,NSRGF.US,84.1569
2025-08-05,CH0038863350,NSRGF.US,85.4863
2025-08-06,CH0038863350,NSRGF.US,85.2294
2025-08-07,CH0038863350,NSRGF.US,85.3118
2025-08-08,CH0038863350,NSRGF.US,84.3342
2025-08-11,CH0038863350,NSRGF.US,84.5163
2025-08-12,CH0038863350,NSRGF.US,85.2701
2025-08-13,CH0038863350,NSRGF.US,85.5131
2025-08-14,CH0038863350,NSRGF.US,84.9668
2025-08-15,CH0038863350,NSRGF.US,87.0658
2025-08-18,CH0038863350,NSRGF.US,86.0997
2025-08-19,CH0038863350,NSRGF.US,86.2473
2025-08-20,CH0038863350,NSRGF.US,90.1367
2025-08-21,CH0038863350,NSRGF.US,90.3571
2025-08-22,CH0038863350,NSRGF.US,90.7079
2025-08-25,CH0038863350,NSRGF.US,89.7246
2025-08-26,CH0038863350,NSRGF.US,89.1522
2025-08-27,CH0038863350,NSRGF.US,89.0
2025-08-28,CH0038863350,NSRGF.US,88.0914
2025-08-29,CH0038863350,NSRGF.US,90.43
2025-09-01,CH0038863350,NESN.SW,73.07
2025-09-02,CH0038863350,NSRGF.US,90.1712
2025-09-03,CH0038863350,NSRGF.US,90.0293
2025-09-04,CH0038863350,NSRGF.US,89.8932
2025-09-05,CH0038863350,NSRGF.US,90.2814
2025-09-08,CH0038863350,NSRGF.US,90.4683
2025-09-09,CH0038863350,NSRGF.US,87.8345
2025-09-10,CH0038863350,NSRGF.US,87.2364
2025-09-11,CH0038863350,NSRGF.US,87.7655
2025-09-12,CH0038863350,NSRGF.US,87.5297
2025-09-15,CH0038863350,NSRGF.US,86.0019
2025-09-16,CH0038863350,NSRGF.US,87.0907
2025-09-17,CH0038863350,NSRGF.US,86.692
2025-09-18,CH0038863350,NSRGF.US,86.9364
2025-09-19,CH0038863350,NSRGF.US,88.2255
2025-09-22,CH0038863350,NSRGF.US,87.1808
2025-09-23,CH0038863350,NSRGF.US,86.9508
2025-09-24,CH0038863350,NSRGF.US,85.4978
2025-09-25,CH0038863350,NSRGF.US,84.7195
2025-09-26,CH0038863350,NSRGF.US,85.7566
2025-09-29,CH0038863350,NSRGF.US,86.5387
2025-09-30,CH0038863350,NSRGF.US,88.5379
2025-10-01,CH0038863350,NSRGF.US,87.1032
2025-10-02,CH0038863350,NSRGF.US,90.0504
2025-10-03,CH0038863350,NSRGF.US,89.8357
2025-10-06,CH0038863350,NSRGF.US,89.6297
2025-10-07,CH0038863350,NSRGF.US,89.1696
2025-10-08,CH0038863350,NSRGF.US,90.7463
2025-10-09,CH0038863350,NSRGF.US,89.2185
2025-10-10,CH0038863350,NSRGF.US,89.0134
2025-10-13,CH0038863350,NSRGF.US,89.1111
2025-10-14,CH0038863350,NSRGF.US,90.0993
2025-10-15,CH0038863350,NSRGF.US,90.0485
2025-10-16,CH0038863350,NSRGF.US,100.4075
2025-10-17,CH0038863350,NSRGF.US,101.2241
2025-10-20,CH0038863350,NSRGF.US,100.9327
2025-10-21,CH0038863350,NSRGF.US,99.9014
2025-10-22,CH0038863350,NSRGF.US,97.7621
2025-10-23,CH0038863350,NSRGF.US,97.6778
2025-10-24,CH0038863350,NSRGF.US,95.6967
2025-10-27,CH0038863350,NSRGF.US,95.4944
2025-10-28,CH0038863350,NSRGF.US,94.8082
2025-10-29,CH0038863350,NSRGF.US,92.2606
2025-10-30,CH0038863350,NSRGF.US,91.1392
2025-10-31,CH0038863350,NSRGF.US,90.6025
2025-11-03,CH0038863350,NSRGF.US,92.4254
2025-11-04,CH0038863350,NSRGF.US,92.4236
2025-11-05,CH0038863350,NSRGF.US,92.0498
2025-11-06,CH0038863350,NSRGF.US,94.4382
2025-11-07,CH0038863350,NSRGF.US,93.0466
2025-11-10,CH0038863350,NSRGF.US,96.1903
2025-11-11,CH0038863350,NSRGF.US,97.9452
2025-11-12,CH0038863350,NSRGF.US,97.1372
2025-11-13,CH0038863350,NSRGF.US,98.6343
2025-11-14,CH0038863350,NSRGF.US,97.4468
2025-11-17,CH0038863350,NSRGF.US,95.0727
2025-11-18,CH0038863350,NSRGF.US,94.4727
2025-11-19,CH0038863350,NSRGF.US,93.9686
2025-11-20,CH0038863350,NSRGF.US,94.6031
2025-11-21,CH0038863350,NSRGF.US,94.8964
2025-11-24,CH0038863350,NSRGF.US,93.9379
2025-11-25,CH0038863350,NSRGF.US,94.5705
2025-11-26,CH0038863350,NSRGF.US,93.8325
2025-11-28,CH0038863350,NSRGF.US,95.0785
2025-12-01,CH0038863350,NSRGF.US,95.5999
2025-12-02,CH0038863350,NSRGF.US,93.1846
2025-12-03,CH0038863350,NSRGF.US,94.3086
2025-12-04,CH0038863350,NSRGF.US,95.1647
2025-12-05,CH0038863350,NSRGF.US,94.3826
2025-12-08,CH0038863350,NSRGF.US,92.9967
2025-12-09,CH0038863350,NSRGF.US,91.6357
2025-12-10,CH0038863350,NSRGF.US,93.3341
2025-12-11,CH0038863350,NSRGF.US,93.1999
2025-12-12,CH0038863350,NSRGF.US,93.4788
2025-12-15,CH0038863350,NSRGF.US,94.743
2025-12-16,CH0038863350,NSRGF.US,94.051
2025-12-17,CH0038863350,NSRGF.US,96.612
2025-12-18,CH0038863350,NSRGF.US,95.6459
2025-12-19,CH0038863350,NSRGF.US,93.612
2025-12-22,CH0038863350,NSRGF.US,94.3175
2025-12-23,CH0038863350,NSRGF.US,93.152
2025-12-24,CH0038863350,NSRGF.US,94.5901
2025-12-26,CH0038863350,NSRGF.US,93.106
2025-12-29,CH0038863350,NSRGF.US,93.982
2025-12-30,CH0038863350,NSRGF.US,95.481
2025-12-31,CH0038863350,NSRGF.US,95.5021
2026-01-02,CH0038863350,NSRGF.US,94.0874
2026-01-05,CH0038863350,NSRGF.US,93.9283
2026-01-06,CH0038863350,NSRGF.US,92.3315
2026-01-07,CH0038863350,NSRGF.US,88.7048
2026-01-08,CH0038863350,NSRGF.US,89.0786
2026-01-09,CH0038863350,NSRGF.US,90.5297
2026-01-12,CH0038863350,NSRGF.US,89.621
2026-01-13,CH0038863350,NSRGF.US,89.1457
2026-01-14,CH0038863350,NSRGF.US,90.9935
2026-01-15,CH0038863350,NSRGF.US,91.2926
2026-01-16,CH0038863350,NSRGF.US,89.7169
2026-01-20,CH0038863350,NSRGF.US,89.9335
2026-01-21,CH0038863350,NSRGF.US,87.0658
2026-01-22,CH0038863350,NSRGF.US,87.524
2026-01-23,CH0038863350,NSRGF.US,88.3741
2026-01-26,CH0038863350,NSRGF.US,89.3134
2026-01-27,CH0038863350,NSRGF.US,91.2351
2026-01-28,CH0038863350,NSRGF.US,90.2479
2026-01-29,CH0038863350,NSRGF.US,92.805
2026-01-30,CH0038863350,NSRGF.US,91.2015
2026-02-02,CH0038863350,NSRGF.US,93.3168
2026-02-03,CH0038863350,NSRGF.US,93.2612
2026-02-04,CH0038863350,NSRGF.US,95.5385
2026-02-05,CH0038863350,NSRGF.US,95.3219
2026-02-06,CH0038863350,NSRGF.US,98.6247
2026-02-09,CH0038863350,NSRGF.US,98.8145
2026-02-10,CH0038863350,NSRGF.US,97.9011
2026-02-11,CH0038863350,NSRGF.US,96.7864
2026-02-12,CH0038863350,NSRGF.US,99.5985
2026-02-13,CH0038863350,NSRGF.US,98.5807
2026-02-17,CH0038863350,NSRGF.US,97.7296
2026-02-18,CH0038863350,NSRGF.US,98.2931
2026-02-19,CH0038863350,NSRGF.US,101.1646
2026-02-20,CH0038863350,NSRGF.US,99.1136
2026-02-23,CH0038863350,NSRGF.US,100.9806
2026-02-24,CH0038863350,NSRGF.US,102.2803
2026-02-25,CH0038863350,NSRGF.US,101.9793
2026-02-26,CH0038863350,NSRGF.US,102.6886
2026-02-27,CH0038863350,NSRGF.US,104.5096
2026-03-02,CH0038863350,NSRGF.US,100.764
2026-03-03,CH0038863350,NSRGF.US,100.8565
2026-03-04,CH0038863350,NSRGF.US,98.4886
2026-03-05,CH0038863350,NSRGF.US,97.4075
2026-03-06,CH0038863350,NSRGF.US,98.0113
2026-03-09,CH0038863350,NSRGF.US,97.8772
2026-03-10,CH0038863350,NSRGF.US,96.4356
2026-03-11,CH0038863350,NSRGF.US,97.7621
2026-03-12,CH0038863350,NSRGF.US,98.088
2026-03-13,CH0038863350,NSRGF.US,96.4203
2026-03-16,CH0038863350,NSRGF.US,98.4714
2026-03-17,CH0038863350,NSRGF.US,96.4203
2026-03-18,CH0038863350,NSRGF.US,94.12
2026-03-19,CH0038863350,NSRGF.US,92.3948
2026-03-20,CH0038863350,NSRGF.US,91.4651
2026-03-23,CH0038863350,NSRGF.US,92.251
2026-03-24,CH0038863350,NSRGF.US,93.5009
2026-03-25,CH0038863350,NSRGF.US,93.3609
2026-03-26,CH0038863350,NSRGF.US,90.3552
2026-03-27,CH0038863350,NSRGF.US,90.5028
2026-03-30,CH0038863350,NSRGF.US,91.7277
2026-03-31,CH0038863350,NSRGF.US,94.9541
2026-04-01,CH0038863350,NSRGF.US,93.313
2026-04-02,CH0038863350,NSRGF.US,93.7865
2026-04-06,CH0038863350,NSRGF.US,95.1705
2026-04-07,CH0038863350,NSRGF.US,93.7271
2026-04-08,CH0038863350,NSRGF.US,94.5513
2026-04-09,CH0038863350,NSRGF.US,94.7123
2026-04-10,CH0038863350,NSRGF.US,95.412
2026-04-13,CH0038863350,NSRGF.US,94.2293
2026-04-14,CH0038863350,NSRGF.US,95.7245
2026-04-15,CH0038863350,NSRGF.US,96.8363
2026-04-16,CH0038863350,NSRGF.US,96.773
2026-04-17,CH0038863350,NSRGF.US,94.1009
2026-04-20,CH0038863350,NSRGF.US,92.2127
2026-04-21,CH0038863350,NSRGF.US,95.4273
2026-04-22,CH0038863350,NSRGF.US,96.2311
2026-04-23,CH0038863350,NSRGF.US,98.348
2026-04-24,CH0038863350,NSRGF.US,104.76
2020-04-27,CH0432492467,ALC.US,53.1292
2020-04-28,CH0432492467,ALC.US,52.194
2020-04-29,CH0432492467,ALC.US,52.7945
2020-04-30,CH0432492467,ALC.US,51.9873
2020-05-01,CH0432492467,ALC.US,50.4122
2020-05-04,CH0432492467,ALC.US,49.4672
2020-05-05,CH0432492467,ALC.US,50.6682
2020-05-06,CH0432492467,ALC.US,50.9438
2020-05-07,CH0432492467,ALC.US,52.9225
2020-05-08,CH0432492467,ALC.US,53.2178
2020-05-11,CH0432492467,ALC.US,53.3458
2020-05-12,CH0432492467,ALC.US,52.3712
2020-05-13,CH0432492467,ALC.US,55.6296
2020-05-14,CH0432492467,ALC.US,55.0882
2020-05-15,CH0432492467,ALC.US,56.0037
2020-05-18,CH0432492467,ALC.US,59.5575
2020-05-19,CH0432492467,ALC.US,59.1736
2020-05-20,CH0432492467,ALC.US,60.7683
2020-05-21,CH0432492467,ALC.US,61.0341
2020-05-22,CH0432492467,ALC.US,60.0005
2020-05-26,CH0432492467,ALC.US,60.3844
2020-05-27,CH0432492467,ALC.US,60.4336
2020-05-28,CH0432492467,ALC.US,61.1227
2020-05-29,CH0432492467,ALC.US,62.5501
2020-06-01,CH0432492467,ALC.US,62.6683
2020-06-02,CH0432492467,ALC.US,62.2942
2020-06-03,CH0432492467,ALC.US,63.1605
2020-06-04,CH0432492467,ALC.US,62.8651
2020-06-05,CH0432492467,ALC.US,62.0579
2020-06-08,CH0432492467,ALC.US,61.9693
2020-06-09,CH0432492467,ALC.US,60.5419
2020-06-10,CH0432492467,ALC.US,60.2663
2020-06-11,CH0432492467,ALC.US,57.0767
2020-06-12,CH0432492467,ALC.US,56.6534
2020-06-15,CH0432492467,ALC.US,57.0472
2020-06-16,CH0432492467,ALC.US,58.8586
2020-06-17,CH0432492467,ALC.US,60.5025
2020-06-18,CH0432492467,ALC.US,60.3647
2020-06-19,CH0432492467,ALC.US,59.9709
2020-06-22,CH0432492467,ALC.US,59.8036
2020-06-23,CH0432492467,ALC.US,59.5181
2020-06-24,CH0432492467,ALC.US,56.7224
2020-06-25,CH0432492467,ALC.US,56.8503
2020-06-26,CH0432492467,ALC.US,57.126
2020-06-29,CH0432492467,ALC.US,56.6141
2020-06-30,CH0432492467,ALC.US,56.427
2020-07-01,CH0432492467,ALC.US,57.4705
2020-07-02,CH0432492467,ALC.US,57.8643
2020-07-06,CH0432492467,ALC.US,57.9135
2020-07-07,CH0432492467,ALC.US,56.24
2020-07-08,CH0432492467,ALC.US,56.2695
2020-07-09,CH0432492467,ALC.US,55.9939
2020-07-10,CH0432492467,ALC.US,56.0037
2020-07-13,CH0432492467,ALC.US,55.482
2020-07-14,CH0432492467,ALC.US,56.0726
2020-07-15,CH0432492467,ALC.US,58.8881
2020-07-16,CH0432492467,ALC.US,58.0809
2020-07-17,CH0432492467,ALC.US,58.8093
2020-07-20,CH0432492467,ALC.US,59.8627
2020-07-21,CH0432492467,ALC.US,59.7248
2020-07-22,CH0432492467,ALC.US,60.4336
2020-07-23,CH0432492467,ALC.US,60.286
2020-07-24,CH0432492467,ALC.US,58.8389
2020-07-27,CH0432492467,ALC.US,60.5419
2020-07-28,CH0432492467,ALC.US,59.9808
2020-07-29,CH0432492467,ALC.US,61.418
2020-07-30,CH0432492467,ALC.US,60.3155
2020-07-31,CH0432492467,ALC.US,59.0456
2020-08-03,CH0432492467,ALC.US,60.2958
2020-08-04,CH0432492467,ALC.US,60.158
2020-08-05,CH0432492467,ALC.US,60.1088
2020-08-06,CH0432492467,ALC.US,60.5222
2020-08-07,CH0432492467,ALC.US,60.9751
2020-08-10,CH0432492467,ALC.US,60.3155
2020-08-11,CH0432492467,ALC.US,60.8372
2020-08-12,CH0432492467,ALC.US,61.2113
2020-08-13,CH0432492467,ALC.US,60.9947
2020-08-14,CH0432492467,ALC.US,60.5714
2020-08-17,CH0432492467,ALC.US,60.6896
2020-08-18,CH0432492467,ALC.US,60.2564
2020-08-19,CH0432492467,ALC.US,58.9078
2020-08-20,CH0432492467,ALC.US,57.5886
2020-08-21,CH0432492467,ALC.US,57.6969
2020-08-24,CH0432492467,ALC.US,57.9135
2020-08-25,CH0432492467,ALC.US,58.386
2020-08-26,CH0432492467,ALC.US,57.4213
2020-08-27,CH0432492467,ALC.US,57.0964
2020-08-28,CH0432492467,ALC.US,56.7519
2020-08-31,CH0432492467,ALC.US,56.4467
2020-09-01,CH0432492467,ALC.US,56.0923
2020-09-02,CH0432492467,ALC.US,57.0964
2020-09-03,CH0432492467,ALC.US,55.1965
2020-09-04,CH0432492467,ALC.US,54.6452
2020-09-08,CH0432492467,ALC.US,54.3696
2020-09-09,CH0432492467,ALC.US,54.8323
2020-09-10,CH0432492467,ALC.US,54.3893
2020-09-11,CH0432492467,ALC.US,55.8561
2020-09-14,CH0432492467,ALC.US,55.8758
2020-09-15,CH0432492467,ALC.US,56.1219
2020-09-16,CH0432492467,ALC.US,57.884
2020-09-17,CH0432492467,ALC.US,58.1891
2020-09-18,CH0432492467,ALC.US,57.9234
2020-09-21,CH0432492467,ALC.US,56.2105
2020-09-22,CH0432492467,ALC.US,56.5058
2020-09-23,CH0432492467,ALC.US,55.669
2020-09-24,CH0432492467,ALC.US,55.3343
2020-09-25,CH0432492467,ALC.US,55.4229
2020-09-28,CH0432492467,ALC.US,55.9151
2020-09-29,CH0432492467,ALC.US,56.0037
2020-09-30,CH0432492467,ALC.US,56.0628
2020-10-01,CH0432492467,ALC.US,56.4566
2020-10-02,CH0432492467,ALC.US,55.9348
2020-10-05,CH0432492467,ALC.US,57.1358
2020-10-06,CH0432492467,ALC.US,56.4861
2020-10-07,CH0432492467,ALC.US,57.2736
2020-10-08,CH0432492467,ALC.US,58.9865
2020-10-09,CH0432492467,ALC.US,60.6797
2020-10-12,CH0432492467,ALC.US,61.6051
2020-10-13,CH0432492467,ALC.US,61.0243
2020-10-14,CH0432492467,ALC.US,61.3984
2020-10-15,CH0432492467,ALC.US,60.473
2020-10-16,CH0432492467,ALC.US,60.8471
2020-10-19,CH0432492467,ALC.US,60.473
2020-10-20,CH0432492467,ALC.US,59.8725
2020-10-21,CH0432492467,ALC.US,59.272
2020-10-22,CH0432492467,ALC.US,60.2171
2020-10-23,CH0432492467,ALC.US,61.3688
2020-10-26,CH0432492467,ALC.US,60.2958
2020-10-27,CH0432492467,ALC.US,59.5575
2020-10-28,CH0432492467,ALC.US,57.5197
2020-10-29,CH0432492467,ALC.US,56.2695
2020-10-30,CH0432492467,ALC.US,55.9545
2020-11-02,CH0432492467,ALC.US,56.2597
2020-11-03,CH0432492467,ALC.US,58.2974
2020-11-04,CH0432492467,ALC.US,59.5476
2020-11-05,CH0432492467,ALC.US,60.9751
2020-11-06,CH0432492467,ALC.US,61.9792
2020-11-09,CH0432492467,ALC.US,64.6076
2020-11-10,CH0432492467,ALC.US,63.7216
2020-11-11,CH0432492467,ALC.US,63.8889
2020-11-12,CH0432492467,ALC.US,62.4025
2020-11-13,CH0432492467,ALC.US,64.391
2020-11-16,CH0432492467,ALC.US,65.0801
2020-11-17,CH0432492467,ALC.US,64.1154
2020-11-18,CH0432492467,ALC.US,62.1957
2020-11-19,CH0432492467,ALC.US,62.3532
2020-11-20,CH0432492467,ALC.US,61.861
2020-11-23,CH0432492467,ALC.US,62.2154
2020-11-24,CH0432492467,ALC.US,62.0284
2020-11-25,CH0432492467,ALC.US,62.1957
2020-11-27,CH0432492467,ALC.US,62.7962
2020-11-30,CH0432492467,ALC.US,63.2195
2020-12-01,CH0432492467,ALC.US,63.1309
2020-12-02,CH0432492467,ALC.US,62.2056
2020-12-03,CH0432492467,ALC.US,61.6051
2020-12-04,CH0432492467,ALC.US,62.5403
2020-12-07,CH0432492467,ALC.US,62.8455
2020-12-08,CH0432492467,ALC.US,63.3672
2020-12-09,CH0432492467,ALC.US,63.2589
2020-12-10,CH0432492467,ALC.US,63.446
2020-12-11,CH0432492467,ALC.US,63.2392
2020-12-14,CH0432492467,ALC.US,63.062
2020-12-15,CH0432492467,ALC.US,63.7511
2020-12-16,CH0432492467,ALC.US,63.5346
2020-12-17,CH0432492467,ALC.US,63.377
2020-12-18,CH0432492467,ALC.US,64.5584
2020-12-21,CH0432492467,ALC.US,63.0423
2020-12-22,CH0432492467,ALC.US,63.4558
2020-12-23,CH0432492467,ALC.US,63.7807
2020-12-24,CH0432492467,ALC.US,63.8594
2020-12-28,CH0432492467,ALC.US,64.6076
2020-12-29,CH0432492467,ALC.US,65.2081
2020-12-30,CH0432492467,ALC.US,65.5329
2020-12-31,CH0432492467,ALC.US,64.9521
2021-01-04,CH0432492467,ALC.US,64.6568
2021-01-05,CH0432492467,ALC.US,65.6609
2021-01-06,CH0432492467,ALC.US,64.3024
2021-01-07,CH0432492467,ALC.US,66.3008
2021-01-08,CH0432492467,ALC.US,68.0334
2021-01-11,CH0432492467,ALC.US,66.4878
2021-01-12,CH0432492467,ALC.US,66.6552
2021-01-13,CH0432492467,ALC.US,68.7028
2021-01-14,CH0432492467,ALC.US,68.6043
2021-01-15,CH0432492467,ALC.US,69.0768
2021-01-19,CH0432492467,ALC.US,71.597
2021-01-20,CH0432492467,ALC.US,72.3156
2021-01-21,CH0432492467,ALC.US,72.1679
2021-01-22,CH0432492467,ALC.US,72.8767
2021-01-25,CH0432492467,ALC.US,73.6839
2021-01-26,CH0432492467,ALC.US,74.8259
2021-01-27,CH0432492467,ALC.US,72.857
2021-01-28,CH0432492467,ALC.US,72.0793
2021-01-29,CH0432492467,ALC.US,70.5929
2021-02-01,CH0432492467,ALC.US,71.7053
2021-02-02,CH0432492467,ALC.US,73.2213
2021-02-03,CH0432492467,ALC.US,74.0974
2021-02-04,CH0432492467,ALC.US,74.6979
2021-02-05,CH0432492467,ALC.US,74.4813
2021-02-08,CH0432492467,ALC.US,73.615
2021-02-09,CH0432492467,ALC.US,73.3591
2021-02-10,CH0432492467,ALC.US,73.556
2021-02-11,CH0432492467,ALC.US,73.4871
2021-02-12,CH0432492467,ALC.US,72.9456
2021-02-16,CH0432492467,ALC.US,72.9456
2021-02-17,CH0432492467,ALC.US,70.9276
2021-02-18,CH0432492467,ALC.US,70.583
2021-02-19,CH0432492467,ALC.US,70.7996
2021-02-22,CH0432492467,ALC.US,70.4452
2021-02-23,CH0432492467,ALC.US,70.8586
2021-02-24,CH0432492467,ALC.US,68.9489
2021-02-25,CH0432492467,ALC.US,68.88
2021-02-26,CH0432492467,ALC.US,67.3344
2021-03-01,CH0432492467,ALC.US,69.3426
2021-03-02,CH0432492467,ALC.US,69.3328
2021-03-03,CH0432492467,ALC.US,67.1966
2021-03-04,CH0432492467,ALC.US,66.0153
2021-03-05,CH0432492467,ALC.US,66.8816
2021-03-08,CH0432492467,ALC.US,66.0251
2021-03-09,CH0432492467,ALC.US,67.6494
2021-03-10,CH0432492467,ALC.US,67.9546
2021-03-11,CH0432492467,ALC.US,67.9841
2021-03-12,CH0432492467,ALC.US,67.5018
2021-03-15,CH0432492467,ALC.US,67.8266
2021-03-16,CH0432492467,ALC.US,68.5157
2021-03-17,CH0432492467,ALC.US,67.738
2021-03-18,CH0432492467,ALC.US,67.0194
2021-03-19,CH0432492467,ALC.US,67.0883
2021-03-22,CH0432492467,ALC.US,67.6691
2021-03-23,CH0432492467,ALC.US,67.9251
2021-03-24,CH0432492467,ALC.US,68.4862
2021-03-25,CH0432492467,ALC.US,68.2893
2021-03-26,CH0432492467,ALC.US,68.6535
2021-03-29,CH0432492467,ALC.US,68.939
2021-03-30,CH0432492467,ALC.US,69.638
2021-03-31,CH0432492467,ALC.US,69.0867
2021-04-01,CH0432492467,ALC.US,70.0514
2021-04-05,CH0432492467,ALC.US,70.9669
2021-04-06,CH0432492467,ALC.US,70.4452
2021-04-07,CH0432492467,ALC.US,70.1794
2021-04-08,CH0432492467,ALC.US,71.8726
2021-04-09,CH0432492467,ALC.US,72.5912
2021-04-12,CH0432492467,ALC.US,72.5519
2021-04-13,CH0432492467,ALC.US,71.8923
2021-04-14,CH0432492467,ALC.US,72.1482
2021-04-15,CH0432492467,ALC.US,72.9752
2021-04-16,CH0432492467,ALC.US,73.0244
2021-04-19,CH0432492467,ALC.US,72.6306
2021-04-20,CH0432492467,ALC.US,73.1819
2021-04-21,CH0432492467,ALC.US,74.0088
2021-04-22,CH0432492467,ALC.US,74.1663
2021-04-23,CH0432492467,ALC.US,74.6191
2021-04-26,CH0432492467,ALC.US,74.944
2021-04-27,CH0432492467,ALC.US,74.7373
2021-04-28,CH0432492467,ALC.US,75.0228
2021-04-29,CH0432492467,ALC.US,74.4026
2021-04-30,CH0432492467,ALC.US,74.3533
2021-05-03,CH0432492467,ALC.US,74.8757
2021-05-04,CH0432492467,ALC.US,73.5727
2021-05-05,CH0432492467,ALC.US,69.1403
2021-05-06,CH0432492467,ALC.US,68.6073
2021-05-07,CH0432492467,ALC.US,69.2588
2021-05-10,CH0432492467,ALC.US,67.5115
2021-05-11,CH0432492467,ALC.US,67.6103
2021-05-12,CH0432492467,ALC.US,65.4188
2021-05-13,CH0432492467,ALC.US,65.4385
2021-05-14,CH0432492467,ALC.US,67.472
2021-05-17,CH0432492467,ALC.US,68.0643
2021-05-18,CH0432492467,ALC.US,67.2944
2021-05-19,CH0432492467,ALC.US,66.781
2021-05-20,CH0432492467,ALC.US,67.6991
2021-05-21,CH0432492467,ALC.US,67.8274
2021-05-24,CH0432492467,ALC.US,67.936
2021-05-25,CH0432492467,ALC.US,68.0249
2021-05-26,CH0432492467,ALC.US,69.0021
2021-05-27,CH0432492467,ALC.US,67.857
2021-05-28,CH0432492467,ALC.US,68.785
2021-06-01,CH0432492467,ALC.US,69.4069
2021-06-02,CH0432492467,ALC.US,68.6171
2021-06-03,CH0432492467,ALC.US,68.2519
2021-06-04,CH0432492467,ALC.US,69.3082
2021-06-07,CH0432492467,ALC.US,68.9824
2021-06-08,CH0432492467,ALC.US,68.9034
2021-06-09,CH0432492467,ALC.US,68.3704
2021-06-10,CH0432492467,ALC.US,69.2489
2021-06-11,CH0432492467,ALC.US,69.5451
2021-06-14,CH0432492467,ALC.US,69.9202
2021-06-15,CH0432492467,ALC.US,70.2163
2021-06-16,CH0432492467,ALC.US,70.0979
2021-06-17,CH0432492467,ALC.US,70.009
2021-06-18,CH0432492467,ALC.US,69.3378
2021-06-21,CH0432492467,ALC.US,69.8807
2021-06-22,CH0432492467,ALC.US,69.9103
2021-06-23,CH0432492467,ALC.US,69.1305
2021-06-24,CH0432492467,ALC.US,69.5747
2021-06-25,CH0432492467,ALC.US,69.6734
2021-06-28,CH0432492467,ALC.US,69.2588
2021-06-29,CH0432492467,ALC.US,69.6931
2021-06-30,CH0432492467,ALC.US,69.3575
2021-07-01,CH0432492467,ALC.US,69.4661
2021-07-02,CH0432492467,ALC.US,69.6537
2021-07-06,CH0432492467,ALC.US,69.8511
2021-07-07,CH0432492467,ALC.US,70.2953
2021-07-08,CH0432492467,ALC.US,69.0712
2021-07-09,CH0432492467,ALC.US,69.4858
2021-07-12,CH0432492467,ALC.US,69.7326
2021-07-13,CH0432492467,ALC.US,69.1206
2021-07-14,CH0432492467,ALC.US,69.091
2021-07-15,CH0432492467,ALC.US,67.8373
2021-07-16,CH0432492467,ALC.US,68.2716
2021-07-19,CH0432492467,ALC.US,67.3042
2021-07-20,CH0432492467,ALC.US,68.2519
2021-07-21,CH0432492467,ALC.US,68.7159
2021-07-22,CH0432492467,ALC.US,69.5056
2021-07-23,CH0432492467,ALC.US,70.2953
2021-07-26,CH0432492467,ALC.US,69.3674
2021-07-27,CH0432492467,ALC.US,69.5549
2021-07-28,CH0432492467,ALC.US,71.1147
2021-07-29,CH0432492467,ALC.US,72.0821
2021-07-30,CH0432492467,ALC.US,71.8649
2021-08-02,CH0432492467,ALC.US,72.8323
2021-08-03,CH0432492467,ALC.US,73.4443
2021-08-04,CH0432492467,ALC.US,73.2173
2021-08-05,CH0432492467,ALC.US,72.5065
2021-08-06,CH0432492467,ALC.US,71.7069
2021-08-09,CH0432492467,ALC.US,71.3022
2021-08-10,CH0432492467,ALC.US,70.7889
2021-08-11,CH0432492467,ALC.US,69.9597
2021-08-12,CH0432492467,ALC.US,69.7524
2021-08-13,CH0432492467,ALC.US,69.2094
2021-08-16,CH0432492467,ALC.US,69.9399
2021-08-17,CH0432492467,ALC.US,70.4434
2021-08-18,CH0432492467,ALC.US,79.0316
2021-08-19,CH0432492467,ALC.US,79.7029
2021-08-20,CH0432492467,ALC.US,79.6733
2021-08-23,CH0432492467,ALC.US,79.6535
2021-08-24,CH0432492467,ALC.US,80.1669
2021-08-25,CH0432492467,ALC.US,79.7819
2021-08-26,CH0432492467,ALC.US,80.1866
2021-08-27,CH0432492467,ALC.US,80.9862
2021-08-30,CH0432492467,ALC.US,80.9368
2021-08-31,CH0432492467,ALC.US,81.4107
2021-09-01,CH0432492467,ALC.US,82.1017
2021-09-02,CH0432492467,ALC.US,83.4047
2021-09-03,CH0432492467,ALC.US,83.4738
2021-09-07,CH0432492467,ALC.US,83.849
2021-09-08,CH0432492467,ALC.US,82.8717
2021-09-09,CH0432492467,ALC.US,82.4966
2021-09-10,CH0432492467,ALC.US,82.7236
2021-09-13,CH0432492467,ALC.US,82.8717
2021-09-14,CH0432492467,ALC.US,85.3297
2021-09-15,CH0432492467,ALC.US,86.1293
2021-09-16,CH0432492467,ALC.US,85.2606
2021-09-17,CH0432492467,ALC.US,83.2567
2021-09-20,CH0432492467,ALC.US,83.1283
2021-09-21,CH0432492467,ALC.US,83.7502
2021-09-22,CH0432492467,ALC.US,83.8095
2021-09-23,CH0432492467,ALC.US,84.7078
2021-09-24,CH0432492467,ALC.US,84.0168
2021-09-27,CH0432492467,ALC.US,82.2794
2021-09-28,CH0432492467,ALC.US,80.5716
2021-09-29,CH0432492467,ALC.US,80.384
2021-09-30,CH0432492467,ALC.US,79.4364
2021-10-01,CH0432492467,ALC.US,79.2587
2021-10-04,CH0432492467,ALC.US,77.2548
2021-10-05,CH0432492467,ALC.US,77.2548
2021-10-06,CH0432492467,ALC.US,77.3535
2021-10-07,CH0432492467,ALC.US,77.4226
2021-10-08,CH0432492467,ALC.US,77.4917
2021-10-11,CH0432492467,ALC.US,77.5805
2021-10-12,CH0432492467,ALC.US,76.9191
2021-10-13,CH0432492467,ALC.US,77.5608
2021-10-14,CH0432492467,ALC.US,77.9556
2021-10-15,CH0432492467,ALC.US,77.0178
2021-10-18,CH0432492467,ALC.US,77.2745
2021-10-19,CH0432492467,ALC.US,80.1175
2021-10-20,CH0432492467,ALC.US,80.3544
2021-10-21,CH0432492467,ALC.US,80.4926
2021-10-22,CH0432492467,ALC.US,80.8579
2021-10-25,CH0432492467,ALC.US,81.154
2021-10-26,CH0432492467,ALC.US,82.0326
2021-10-27,CH0432492467,ALC.US,80.6604
2021-10-28,CH0432492467,ALC.US,81.7266
2021-10-29,CH0432492467,ALC.US,82.2892
2021-11-01,CH0432492467,ALC.US,83.3159
2021-11-02,CH0432492467,ALC.US,83.7502
2021-11-03,CH0432492467,ALC.US,85.1915
2021-11-04,CH0432492467,ALC.US,84.7275
2021-11-05,CH0432492467,ALC.US,84.5103
2021-11-08,CH0432492467,ALC.US,85.1619
2021-11-09,CH0432492467,ALC.US,86.1392
2021-11-10,CH0432492467,ALC.US,81.5785
2021-11-11,CH0432492467,ALC.US,80.4137
2021-11-12,CH0432492467,ALC.US,80.1274
2021-11-15,CH0432492467,ALC.US,80.5913
2021-11-16,CH0432492467,ALC.US,81.8746
2021-11-17,CH0432492467,ALC.US,82.4571
2021-11-18,CH0432492467,ALC.US,82.1017
2021-11-19,CH0432492467,ALC.US,81.3613
2021-11-22,CH0432492467,ALC.US,79.466
2021-11-23,CH0432492467,ALC.US,78.6763
2021-11-24,CH0432492467,ALC.US,78.8145
2021-11-26,CH0432492467,ALC.US,76.9093
2021-11-29,CH0432492467,ALC.US,77.4818
2021-11-30,CH0432492467,ALC.US,77.393
2021-12-01,CH0432492467,ALC.US,77.3535
2021-12-02,CH0432492467,ALC.US,78.6466
2021-12-03,CH0432492467,ALC.US,78.2222
2021-12-06,CH0432492467,ALC.US,79.2192
2021-12-07,CH0432492467,ALC.US,82.2892
2021-12-08,CH0432492467,ALC.US,84.1451
2021-12-09,CH0432492467,ALC.US,83.9575
2021-12-10,CH0432492467,ALC.US,83.079
2021-12-13,CH0432492467,ALC.US,82.4966
2021-12-14,CH0432492467,ALC.US,81.2725
2021-12-15,CH0432492467,ALC.US,83.7305
2021-12-16,CH0432492467,ALC.US,83.0987
2021-12-17,CH0432492467,ALC.US,83.4541
2021-12-20,CH0432492467,ALC.US,82.5163
2021-12-21,CH0432492467,ALC.US,83.227
2021-12-22,CH0432492467,ALC.US,85.1224
2021-12-23,CH0432492467,ALC.US,85.5074
2021-12-27,CH0432492467,ALC.US,86.6623
2021-12-28,CH0432492467,ALC.US,86.5044
2021-12-29,CH0432492467,ALC.US,87.3632
2021-12-30,CH0432492467,ALC.US,86.9486
2021-12-31,CH0432492467,ALC.US,86.001
2022-01-03,CH0432492467,ALC.US,86.0108
2022-01-04,CH0432492467,ALC.US,85.1125
2022-01-05,CH0432492467,ALC.US,82.2695
2022-01-06,CH0432492467,ALC.US,81.4008
2022-01-07,CH0432492467,ALC.US,79.5252
2022-01-10,CH0432492467,ALC.US,77.5213
2022-01-11,CH0432492467,ALC.US,78.5677
2022-01-12,CH0432492467,ALC.US,77.5805
2022-01-13,CH0432492467,ALC.US,77.1166
2022-01-14,CH0432492467,ALC.US,77.5805
2022-01-18,CH0432492467,ALC.US,76.9093
2022-01-19,CH0432492467,ALC.US,77.2449
2022-01-20,CH0432492467,ALC.US,77.0869
2022-01-21,CH0432492467,ALC.US,76.1788
2022-01-24,CH0432492467,ALC.US,75.0337
2022-01-25,CH0432492467,ALC.US,73.2765
2022-01-26,CH0432492467,ALC.US,73.7306
2022-01-27,CH0432492467,ALC.US,72.8718
2022-01-28,CH0432492467,ALC.US,74.2143
2022-01-31,CH0432492467,ALC.US,75.7938
2022-02-01,CH0432492467,ALC.US,77.1758
2022-02-02,CH0432492467,ALC.US,78.005
2022-02-03,CH0432492467,ALC.US,75.9813
2022-02-04,CH0432492467,ALC.US,76.238
2022-02-07,CH0432492467,ALC.US,75.853
2022-02-08,CH0432492467,ALC.US,76.5539
2022-02-09,CH0432492467,ALC.US,77.7681
2022-02-10,CH0432492467,ALC.US,76.7316
2022-02-11,CH0432492467,ALC.US,75.5174
2022-02-14,CH0432492467,ALC.US,75.6753
2022-02-15,CH0432492467,ALC.US,77.8174
2022-02-16,CH0432492467,ALC.US,79.4956
2022-02-17,CH0432492467,ALC.US,76.4552
2022-02-18,CH0432492467,ALC.US,75.2311
2022-02-22,CH0432492467,ALC.US,75.4285
2022-02-23,CH0432492467,ALC.US,74.4512
2022-02-24,CH0432492467,ALC.US,74.8461
2022-02-25,CH0432492467,ALC.US,76.4453
2022-02-28,CH0432492467,ALC.US,76.0011
2022-03-01,CH0432492467,ALC.US,75.1324
2022-03-02,CH0432492467,ALC.US,75.7642
2022-03-03,CH0432492467,ALC.US,76.2972
2022-03-04,CH0432492467,ALC.US,74.5302
2022-03-07,CH0432492467,ALC.US,71.8451
2022-03-08,CH0432492467,ALC.US,70.7297
2022-03-09,CH0432492467,ALC.US,73.4246
2022-03-10,CH0432492467,ALC.US,73.1284
2022-03-11,CH0432492467,ALC.US,72.0722
2022-03-14,CH0432492467,ALC.US,70.9172
2022-03-15,CH0432492467,ALC.US,71.6675
2022-03-16,CH0432492467,ALC.US,73.9182
2022-03-17,CH0432492467,ALC.US,75.4384
2022-03-18,CH0432492467,ALC.US,77.3239
2022-03-21,CH0432492467,ALC.US,75.6654
2022-03-22,CH0432492467,ALC.US,76.1294
2022-03-23,CH0432492467,ALC.US,74.6191
2022-03-24,CH0432492467,ALC.US,75.162
2022-03-25,CH0432492467,ALC.US,75.2903
2022-03-28,CH0432492467,ALC.US,76.623
2022-03-29,CH0432492467,ALC.US,80.5025
2022-03-30,CH0432492467,ALC.US,79.7226
2022-03-31,CH0432492467,ALC.US,78.311
2022-04-01,CH0432492467,ALC.US,78.7157
2022-04-04,CH0432492467,ALC.US,78.7256
2022-04-05,CH0432492467,ALC.US,78.2814
2022-04-06,CH0432492467,ALC.US,78.696
2022-04-07,CH0432492467,ALC.US,80.2064
2022-04-08,CH0432492467,ALC.US,79.6338
2022-04-11,CH0432492467,ALC.US,79.1995
2022-04-12,CH0432492467,ALC.US,77.4028
2022-04-13,CH0432492467,ALC.US,77.393
2022-04-14,CH0432492467,ALC.US,75.9122
2022-04-18,CH0432492467,ALC.US,75.3495
2022-04-19,CH0432492467,ALC.US,77.7977
2022-04-20,CH0432492467,ALC.US,80.0681
2022-04-21,CH0432492467,ALC.US,78.39
2022-04-22,CH0432492467,ALC.US,76.5144
2022-04-25,CH0432492467,ALC.US,76.4255
2022-04-26,CH0432492467,ALC.US,73.3061
2022-04-27,CH0432492467,ALC.US,72.8817
2022-04-28,CH0432492467,ALC.US,72.161
2022-04-29,CH0432492467,ALC.US,70.2953
2022-05-02,CH0432492467,ALC.US,69.9399
2022-05-03,CH0432492467,ALC.US,70.2518
2022-05-04,CH0432492467,ALC.US,71.6774
2022-05-05,CH0432492467,ALC.US,69.9152
2022-05-06,CH0432492467,ALC.US,68.1926
2022-05-09,CH0432492467,ALC.US,63.6088
2022-05-10,CH0432492467,ALC.US,64.6384
2022-05-11,CH0432492467,ALC.US,69.1331
2022-05-12,CH0432492467,ALC.US,68.1827
2022-05-13,CH0432492467,ALC.US,69.9449
2022-05-16,CH0432492467,ALC.US,70.2617
2022-05-17,CH0432492467,ALC.US,71.4101
2022-05-18,CH0432492467,ALC.US,69.9152
2022-05-19,CH0432492467,ALC.US,71.5091
2022-05-20,CH0432492467,ALC.US,71.9546
2022-05-23,CH0432492467,ALC.US,72.6971
2022-05-24,CH0432492467,ALC.US,72.5486
2022-05-25,CH0432492467,ALC.US,71.6972
2022-05-26,CH0432492467,ALC.US,72.8852
2022-05-27,CH0432492467,ALC.US,74.3604
2022-05-31,CH0432492467,ALC.US,73.9842
2022-06-01,CH0432492467,ALC.US,73.4991
2022-06-02,CH0432492467,ALC.US,75.9345
2022-06-03,CH0432492467,ALC.US,74.8851
2022-06-06,CH0432492467,ALC.US,74.7366
2022-06-07,CH0432492467,ALC.US,75.0534
2022-06-08,CH0432492467,ALC.US,74.3109
2022-06-09,CH0432492467,ALC.US,71.6972
2022-06-10,CH0432492467,ALC.US,69.3608
2022-06-13,CH0432492467,ALC.US,66.6481
2022-06-14,CH0432492467,ALC.US,65.3314
2022-06-15,CH0432492467,ALC.US,65.8264
2022-06-16,CH0432492467,ALC.US,64.4206
2022-06-17,CH0432492467,ALC.US,64.7077
2022-06-21,CH0432492467,ALC.US,65.4502
2022-06-22,CH0432492467,ALC.US,65.7373
2022-06-23,CH0432492467,ALC.US,66.6283
2022-06-24,CH0432492467,ALC.US,68.8955
2022-06-27,CH0432492467,ALC.US,68.7272
2022-06-28,CH0432492467,ALC.US,67.9648
2022-06-29,CH0432492467,ALC.US,68.5292
2022-06-30,CH0432492467,ALC.US,69.1925
2022-07-01,CH0432492467,ALC.US,70.8656
2022-07-05,CH0432492467,ALC.US,70.4003
2022-07-06,CH0432492467,ALC.US,70.5587
2022-07-07,CH0432492467,ALC.US,71.1725
2022-07-08,CH0432492467,ALC.US,70.4894
2022-07-11,CH0432492467,ALC.US,69.9152
2022-07-12,CH0432492467,ALC.US,69.2123
2022-07-13,CH0432492467,ALC.US,69.7073
2022-07-14,CH0432492467,ALC.US,69.4004
2022-07-15,CH0432492467,ALC.US,70.5389
2022-07-18,CH0432492467,ALC.US,69.341
2022-07-19,CH0432492467,ALC.US,71.7368
2022-07-20,CH0432492467,ALC.US,71.6081
2022-07-21,CH0432492467,ALC.US,73.8555
2022-07-22,CH0432492467,ALC.US,73.5684
2022-07-25,CH0432492467,ALC.US,73.311
2022-07-26,CH0432492467,ALC.US,73.8159
2022-07-27,CH0432492467,ALC.US,74.9643
2022-07-28,CH0432492467,ALC.US,76.5186
2022-07-29,CH0432492467,ALC.US,77.3106
2022-08-01,CH0432492467,ALC.US,77.2908
2022-08-02,CH0432492467,ALC.US,76.6275
2022-08-03,CH0432492467,ALC.US,76.8651
2022-08-04,CH0432492467,ALC.US,77.0829
2022-08-05,CH0432492467,ALC.US,76.3503
2022-08-08,CH0432492467,ALC.US,75.2811
2022-08-09,CH0432492467,ALC.US,74.7168
2022-08-10,CH0432492467,ALC.US,71.222
2022-08-11,CH0432492467,ALC.US,68.8658
2022-08-12,CH0432492467,ALC.US,69.3707
2022-08-15,CH0432492467,ALC.US,68.9054
2022-08-16,CH0432492467,ALC.US,69.1529
2022-08-17,CH0432492467,ALC.US,67.9846
2022-08-18,CH0432492467,ALC.US,68.2421
2022-08-19,CH0432492467,ALC.US,68.1827
2022-08-22,CH0432492467,ALC.US,67.2619
2022-08-23,CH0432492467,ALC.US,67.0738
2022-08-24,CH0432492467,ALC.US,68.6381
2022-08-25,CH0432492467,ALC.US,69.044
2022-08-26,CH0432492467,ALC.US,66.0739
2022-08-29,CH0432492467,ALC.US,65.2522
2022-08-30,CH0432492467,ALC.US,64.9849
2022-08-31,CH0432492467,ALC.US,65.0245
2022-09-01,CH0432492467,ALC.US,65.7769
2022-09-02,CH0432492467,ALC.US,65.6482
2022-09-06,CH0432492467,ALC.US,65.8858
2022-09-07,CH0432492467,ALC.US,67.1728
2022-09-08,CH0432492467,ALC.US,67.4302
2022-09-09,CH0432492467,ALC.US,67.9054
2022-09-12,CH0432492467,ALC.US,69.1826
2022-09-13,CH0432492467,ALC.US,66.7867
2022-09-14,CH0432492467,ALC.US,67.0837
2022-09-15,CH0432492467,ALC.US,67.351
2022-09-16,CH0432492467,ALC.US,66.1828
2022-09-19,CH0432492467,ALC.US,66.4006
2022-09-20,CH0432492467,ALC.US,64.579
2022-09-21,CH0432492467,ALC.US,63.4405
2022-09-22,CH0432492467,ALC.US,61.1634
2022-09-23,CH0432492467,ALC.US,59.421
2022-09-26,CH0432492467,ALC.US,57.9855
2022-09-27,CH0432492467,ALC.US,57.0548
2022-09-28,CH0432492467,ALC.US,57.3716
2022-09-29,CH0432492467,ALC.US,56.3915
2022-09-30,CH0432492467,ALC.US,57.5993
2022-10-03,CH0432492467,ALC.US,58.8072
2022-10-04,CH0432492467,ALC.US,61.4505
2022-10-05,CH0432492467,ALC.US,60.906
2022-10-06,CH0432492467,ALC.US,59.6784
2022-10-07,CH0432492467,ALC.US,57.9557
2022-10-10,CH0432492467,ALC.US,56.9657
2022-10-11,CH0432492467,ALC.US,56.54
2022-10-12,CH0432492467,ALC.US,56.1044
2022-10-13,CH0432492467,ALC.US,56.5796
2022-10-14,CH0432492467,ALC.US,57.0053
2022-10-17,CH0432492467,ALC.US,59.1438
2022-10-18,CH0432492467,ALC.US,59.6586
2022-10-19,CH0432492467,ALC.US,57.6488
2022-10-20,CH0432492467,ALC.US,57.2033
2022-10-21,CH0432492467,ALC.US,57.6488
2022-10-24,CH0432492467,ALC.US,58.0449
2022-10-25,CH0432492467,ALC.US,59.1834
2022-10-26,CH0432492467,ALC.US,60.9951
2022-10-27,CH0432492467,ALC.US,60.0546
2022-10-28,CH0432492467,ALC.US,60.8367
2022-10-31,CH0432492467,ALC.US,60.0744
2022-11-01,CH0432492467,ALC.US,59.8665
2022-11-02,CH0432492467,ALC.US,58.2825
2022-11-03,CH0432492467,ALC.US,55.946
2022-11-04,CH0432492467,ALC.US,57.2033
2022-11-07,CH0432492467,ALC.US,57.0152
2022-11-08,CH0432492467,ALC.US,57.4013
2022-11-09,CH0432492467,ALC.US,57.0647
2022-11-10,CH0432492467,ALC.US,61.3317
2022-11-11,CH0432492467,ALC.US,65.4304
2022-11-14,CH0432492467,ALC.US,63.0841
2022-11-15,CH0432492467,ALC.US,62.7375
2022-11-16,CH0432492467,ALC.US,65.668
2022-11-17,CH0432492467,ALC.US,64.1434
2022-11-18,CH0432492467,ALC.US,65.0443
2022-11-21,CH0432492467,ALC.US,65.2819
2022-11-22,CH0432492467,ALC.US,66.2323
2022-11-23,CH0432492467,ALC.US,67.3114
2022-11-25,CH0432492467,ALC.US,67.6381
2022-11-28,CH0432492467,ALC.US,67.1827
2022-11-29,CH0432492467,ALC.US,66.6085
2022-11-30,CH0432492467,ALC.US,68.2025
2022-12-01,CH0432492467,ALC.US,69.3707
2022-12-02,CH0432492467,ALC.US,69.4202
2022-12-05,CH0432492467,ALC.US,67.6183
2022-12-06,CH0432492467,ALC.US,66.4501
2022-12-07,CH0432492467,ALC.US,67.1926
2022-12-08,CH0432492467,ALC.US,68.0441
2022-12-09,CH0432492467,ALC.US,68.2223
2022-12-12,CH0432492467,ALC.US,69.638
2022-12-13,CH0432492467,ALC.US,71.0042
2022-12-14,CH0432492467,ALC.US,70.4795
2022-12-15,CH0432492467,ALC.US,68.1926
2022-12-16,CH0432492467,ALC.US,66.7768
2022-12-19,CH0432492467,ALC.US,66.4006
2022-12-20,CH0432492467,ALC.US,66.46
2022-12-21,CH0432492467,ALC.US,67.5985
2022-12-22,CH0432492467,ALC.US,67.2025
2022-12-23,CH0432492467,ALC.US,67.0738
2022-12-27,CH0432492467,ALC.US,67.3411
2022-12-28,CH0432492467,ALC.US,66.7273
2022-12-29,CH0432492467,ALC.US,68.4005
2022-12-30,CH0432492467,ALC.US,67.8658
2023-01-03,CH0432492467,ALC.US,68.2916
2023-01-04,CH0432492467,ALC.US,69.5687
2023-01-05,CH0432492467,ALC.US,69.4103
2023-01-06,CH0432492467,ALC.US,70.9844
2023-01-09,CH0432492467,ALC.US,70.7765
2023-01-10,CH0432492467,ALC.US,71.4101
2023-01-11,CH0432492467,ALC.US,71.2022
2023-01-12,CH0432492467,ALC.US,71.816
2023-01-13,CH0432492467,ALC.US,73.3011
2023-01-17,CH0432492467,ALC.US,73.5387
2023-01-18,CH0432492467,ALC.US,73.4991
2023-01-19,CH0432492467,ALC.US,73.6278
2023-01-20,CH0432492467,ALC.US,74.5386
2023-01-23,CH0432492467,ALC.US,74.9643
2023-01-24,CH0432492467,ALC.US,73.0535
2023-01-25,CH0432492467,ALC.US,73.4298
2023-01-26,CH0432492467,ALC.US,74.1822
2023-01-27,CH0432492467,ALC.US,74.0535
2023-01-30,CH0432492467,ALC.US,73.4991
2023-01-31,CH0432492467,ALC.US,74.4594
2023-02-01,CH0432492467,ALC.US,75.6573
2023-02-02,CH0432492467,ALC.US,76.4592
2023-02-03,CH0432492467,ALC.US,75.489
2023-02-06,CH0432492467,ALC.US,74.499
2023-02-07,CH0432492467,ALC.US,75.1227
2023-02-08,CH0432492467,ALC.US,75.0237
2023-02-09,CH0432492467,ALC.US,73.4991
2023-02-10,CH0432492467,ALC.US,73.5783
2023-02-13,CH0432492467,ALC.US,74.202
2023-02-14,CH0432492467,ALC.US,74.3505
2023-02-15,CH0432492467,ALC.US,74.6673
2023-02-16,CH0432492467,ALC.US,73.3605
2023-02-17,CH0432492467,ALC.US,72.8555
2023-02-21,CH0432492467,ALC.US,72.113
2023-02-22,CH0432492467,ALC.US,71.3705
2023-02-23,CH0432492467,ALC.US,71.4794
2023-02-24,CH0432492467,ALC.US,70.2914
2023-02-27,CH0432492467,ALC.US,69.9845
2023-02-28,CH0432492467,ALC.US,67.5589
2023-03-01,CH0432492467,ALC.US,67.2817
2023-03-02,CH0432492467,ALC.US,67.2322
2023-03-03,CH0432492467,ALC.US,67.6678
2023-03-06,CH0432492467,ALC.US,67.9054
2023-03-07,CH0432492467,ALC.US,65.2621
2023-03-08,CH0432492467,ALC.US,65.5888
2023-03-09,CH0432492467,ALC.US,64.8958
2023-03-10,CH0432492467,ALC.US,63.8167
2023-03-13,CH0432492467,ALC.US,64.1632
2023-03-14,CH0432492467,ALC.US,65.0542
2023-03-15,CH0432492467,ALC.US,64.5394
2023-03-16,CH0432492467,ALC.US,66.1135
2023-03-17,CH0432492467,ALC.US,64.7473
2023-03-20,CH0432492467,ALC.US,65.272
2023-03-21,CH0432492467,ALC.US,66.7867
2023-03-22,CH0432492467,ALC.US,66.0046
2023-03-23,CH0432492467,ALC.US,66.2323
2023-03-24,CH0432492467,ALC.US,66.8164
2023-03-27,CH0432492467,ALC.US,67.6282
2023-03-28,CH0432492467,ALC.US,66.9649
2023-03-29,CH0432492467,ALC.US,66.9055
2023-03-30,CH0432492467,ALC.US,70.0934
2023-03-31,CH0432492467,ALC.US,69.836
2023-04-03,CH0432492467,ALC.US,68.7173
2023-04-04,CH0432492467,ALC.US,69.0638
2023-04-05,CH0432492467,ALC.US,68.5787
2023-04-06,CH0432492467,ALC.US,69.7271
2023-04-10,CH0432492467,ALC.US,68.4698
2023-04-11,CH0432492467,ALC.US,68.9846
2023-04-12,CH0432492467,ALC.US,69.8261
2023-04-13,CH0432492467,ALC.US,71.3012
2023-04-14,CH0432492467,ALC.US,71.1329
2023-04-17,CH0432492467,ALC.US,70.0241
2023-04-18,CH0432492467,ALC.US,70.4003
2023-04-19,CH0432492467,ALC.US,69.8855
2023-04-20,CH0432492467,ALC.US,70.4795
2023-04-21,CH0432492467,ALC.US,72.2516
2023-04-24,CH0432492467,ALC.US,72.5585
2023-04-25,CH0432492467,ALC.US,71.2022
2023-04-26,CH0432492467,ALC.US,70.6874
2023-04-27,CH0432492467,ALC.US,71.1131
2023-04-28,CH0432492467,ALC.US,71.7566
2023-05-01,CH0432492467,ALC.US,71.2814
2023-05-02,CH0432492467,ALC.US,70.8656
2023-05-03,CH0432492467,ALC.US,72.6872
2023-05-04,CH0432492467,ALC.US,72.2714
2023-05-05,CH0432492467,ALC.US,72.9545
2023-05-08,CH0432492467,ALC.US,74.1624
2023-05-09,CH0432492467,ALC.US,73.5684
2023-05-10,CH0432492467,ALC.US,80.0895
2023-05-11,CH0432492467,ALC.US,79.3645
2023-05-12,CH0432492467,ALC.US,78.8779
2023-05-15,CH0432492467,ALC.US,79.0964
2023-05-16,CH0432492467,ALC.US,80.0299
2023-05-17,CH0432492467,ALC.US,79.8015
2023-05-18,CH0432492467,ALC.US,80.2683
2023-05-19,CH0432492467,ALC.US,81.2317
2023-05-22,CH0432492467,ALC.US,81.1622
2023-05-23,CH0432492467,ALC.US,78.1231
2023-05-24,CH0432492467,ALC.US,77.4477
2023-05-25,CH0432492467,ALC.US,77.8251
2023-05-26,CH0432492467,ALC.US,78.5104
2023-05-30,CH0432492467,ALC.US,77.6563
2023-05-31,CH0432492467,ALC.US,76.8617
2023-06-01,CH0432492467,ALC.US,78.0833
2023-06-02,CH0432492467,ALC.US,78.9176
2023-06-05,CH0432492467,ALC.US,78.7587
2023-06-06,CH0432492467,ALC.US,78.7587
2023-06-07,CH0432492467,ALC.US,77.1199
2023-06-08,CH0432492467,ALC.US,78.3813
2023-06-09,CH0432492467,ALC.US,78.5005
2023-06-12,CH0432492467,ALC.US,78.1926
2023-06-13,CH0432492467,ALC.US,78.4607
2023-06-14,CH0432492467,ALC.US,79.2453
2023-06-15,CH0432492467,ALC.US,80.3378
2023-06-16,CH0432492467,ALC.US,80.7152
2023-06-20,CH0432492467,ALC.US,79.8512
2023-06-21,CH0432492467,ALC.US,79.6128
2023-06-22,CH0432492467,ALC.US,80.4074
2023-06-23,CH0432492467,ALC.US,79.9505
2023-06-26,CH0432492467,ALC.US,79.7618
2023-06-27,CH0432492467,ALC.US,79.8214
2023-06-28,CH0432492467,ALC.US,79.9704
2023-06-29,CH0432492467,ALC.US,80.3676
2023-06-30,CH0432492467,ALC.US,81.5495
2023-07-03,CH0432492467,ALC.US,80.4868
2023-07-05,CH0432492467,ALC.US,80.8444
2023-07-06,CH0432492467,ALC.US,80.0597
2023-07-07,CH0432492467,ALC.US,80.1491
2023-07-10,CH0432492467,ALC.US,81.6786
2023-07-11,CH0432492467,ALC.US,83.2081
2023-07-12,CH0432492467,ALC.US,83.6153
2023-07-13,CH0432492467,ALC.US,84.1218
2023-07-14,CH0432492467,ALC.US,84.2509
2023-07-17,CH0432492467,ALC.US,83.7047
2023-07-18,CH0432492467,ALC.US,84.1913
2023-07-19,CH0432492467,ALC.US,84.2609
2023-07-20,CH0432492467,ALC.US,83.8934
2023-07-21,CH0432492467,ALC.US,83.7345
2023-07-24,CH0432492467,ALC.US,82.9697
2023-07-25,CH0432492467,ALC.US,83.9232
2023-07-26,CH0432492467,ALC.US,84.2907
2023-07-27,CH0432492467,ALC.US,84.2211
2023-07-28,CH0432492467,ALC.US,84.4098
2023-07-31,CH0432492467,ALC.US,84.3403
2023-08-01,CH0432492467,ALC.US,83.0889
2023-08-02,CH0432492467,ALC.US,81.5396
2023-08-03,CH0432492467,ALC.US,81.4502
2023-08-04,CH0432492467,ALC.US,81.2317
2023-08-07,CH0432492467,ALC.US,81.4303
2023-08-08,CH0432492467,ALC.US,80.7947
2023-08-09,CH0432492467,ALC.US,80.9437
2023-08-10,CH0432492467,ALC.US,80.9039
2023-08-11,CH0432492467,ALC.US,80.7351
2023-08-14,CH0432492467,ALC.US,80.9635
2023-08-15,CH0432492467,ALC.US,79.6724
2023-08-16,CH0432492467,ALC.US,79.6923
2023-08-17,CH0432492467,ALC.US,80.8642
2023-08-18,CH0432492467,ALC.US,82.0958
2023-08-21,CH0432492467,ALC.US,83.0691
2023-08-22,CH0432492467,ALC.US,83.4564
2023-08-23,CH0432492467,ALC.US,83.8636
2023-08-24,CH0432492467,ALC.US,82.5228
2023-08-25,CH0432492467,ALC.US,83.4167
2023-08-28,CH0432492467,ALC.US,83.5359
2023-08-29,CH0432492467,ALC.US,84.6184
2023-08-30,CH0432492467,ALC.US,84.1516
2023-08-31,CH0432492467,ALC.US,82.4235
2023-09-01,CH0432492467,ALC.US,81.9468
2023-09-05,CH0432492467,ALC.US,81.1522
2023-09-06,CH0432492467,ALC.US,80.8642
2023-09-07,CH0432492467,ALC.US,81.7382
2023-09-08,CH0432492467,ALC.US,81.7084
2023-09-11,CH0432492467,ALC.US,82.6619
2023-09-12,CH0432492467,ALC.US,82.3738
2023-09-13,CH0432492467,ALC.US,80.6656
2023-09-14,CH0432492467,ALC.US,81.3012
2023-09-15,CH0432492467,ALC.US,81.3707
2023-09-18,CH0432492467,ALC.US,80.6259
2023-09-19,CH0432492467,ALC.US,79.881
2023-09-20,CH0432492467,ALC.US,79.6327
2023-09-21,CH0432492467,ALC.US,77.835
2023-09-22,CH0432492467,ALC.US,77.7159
2023-09-25,CH0432492467,ALC.US,77.5172
2023-09-26,CH0432492467,ALC.US,76.3552
2023-09-27,CH0432492467,ALC.US,76.2162
2023-09-28,CH0432492467,ALC.US,77.0604
2023-09-29,CH0432492467,ALC.US,76.534
2023-10-02,CH0432492467,ALC.US,74.9151
2023-10-03,CH0432492467,ALC.US,73.6935
2023-10-04,CH0432492467,ALC.US,74.4284
2023-10-05,CH0432492467,ALC.US,74.8257
2023-10-06,CH0432492467,ALC.US,75.3322
2023-10-09,CH0432492467,ALC.US,75.0641
2023-10-10,CH0432492467,ALC.US,76.097
2023-10-11,CH0432492467,ALC.US,75.4415
2023-10-12,CH0432492467,ALC.US,73.3558
2023-10-13,CH0432492467,ALC.US,74.6867
2023-10-16,CH0432492467,ALC.US,75.8785
2023-10-17,CH0432492467,ALC.US,74.3391
2023-10-18,CH0432492467,ALC.US,72.6904
2023-10-19,CH0432492467,ALC.US,72.1739
2023-10-20,CH0432492467,ALC.US,72.015
2023-10-23,CH0432492467,ALC.US,72.2633
2023-10-24,CH0432492467,ALC.US,72.5712
2023-10-25,CH0432492467,ALC.US,70.426
2023-10-26,CH0432492467,ALC.US,69.1646
2023-10-27,CH0432492467,ALC.US,69.542
2023-10-30,CH0432492467,ALC.US,69.9393
2023-10-31,CH0432492467,ALC.US,70.8332
2023-11-01,CH0432492467,ALC.US,71.8263
2023-11-02,CH0432492467,ALC.US,72.7103
2023-11-03,CH0432492467,ALC.US,73.8325
2023-11-06,CH0432492467,ALC.US,73.4551
2023-11-07,CH0432492467,ALC.US,73.1671
2023-11-08,CH0432492467,ALC.US,73.0678
2023-11-09,CH0432492467,ALC.US,72.2733
2023-11-10,CH0432492467,ALC.US,72.3825
2023-11-13,CH0432492467,ALC.US,71.5582
2023-11-14,CH0432492467,ALC.US,74.4483
2023-11-15,CH0432492467,ALC.US,70.0486
2023-11-16,CH0432492467,ALC.US,69.0951
2023-11-17,CH0432492467,ALC.US,70.0783
2023-11-20,CH0432492467,ALC.US,70.704
2023-11-21,CH0432492467,ALC.US,71.8462
2023-11-22,CH0432492467,ALC.US,72.3428
2023-11-24,CH0432492467,ALC.US,73.0181
2023-11-27,CH0432492467,ALC.US,72.7401
2023-11-28,CH0432492467,ALC.US,73.0281
2023-11-29,CH0432492467,ALC.US,74.1504
2023-11-30,CH0432492467,ALC.US,75.1137
2023-12-01,CH0432492467,ALC.US,75.3322
2023-12-04,CH0432492467,ALC.US,72.7301
2023-12-05,CH0432492467,ALC.US,71.588
2023-12-06,CH0432492467,ALC.US,71.439
2023-12-07,CH0432492467,ALC.US,71.4092
2023-12-08,CH0432492467,ALC.US,71.4986
2023-12-11,CH0432492467,ALC.US,71.8661
2023-12-12,CH0432492467,ALC.US,72.6606
2023-12-13,CH0432492467,ALC.US,74.5377
2023-12-14,CH0432492467,ALC.US,76.5638
2023-12-15,CH0432492467,ALC.US,75.2031
2023-12-18,CH0432492467,ALC.US,74.8158
2023-12-19,CH0432492467,ALC.US,75.0839
2023-12-20,CH0432492467,ALC.US,74.2298
2023-12-21,CH0432492467,ALC.US,76.2758
2023-12-22,CH0432492467,ALC.US,76.6234
2023-12-26,CH0432492467,ALC.US,76.961
2023-12-27,CH0432492467,ALC.US,77.4179
2023-12-28,CH0432492467,ALC.US,77.4477
2023-12-29,CH0432492467,ALC.US,77.5867
2024-01-02,CH0432492467,ALC.US,76.5141
2024-01-03,CH0432492467,ALC.US,74.3391
2024-01-04,CH0432492467,ALC.US,74.7065
2024-01-05,CH0432492467,ALC.US,74.5675
2024-01-08,CH0432492467,ALC.US,76.822
2024-01-09,CH0432492467,ALC.US,76.1466
2024-01-10,CH0432492467,ALC.US,79.6029
2024-01-11,CH0432492467,ALC.US,79.146
2024-01-12,CH0432492467,ALC.US,79.5036
2024-01-16,CH0432492467,ALC.US,77.8052
2024-01-17,CH0432492467,ALC.US,75.9281
2024-01-18,CH0432492467,ALC.US,77.0703
2024-01-19,CH0432492467,ALC.US,77.1994
2024-01-22,CH0432492467,ALC.US,78.5203
2024-01-23,CH0432492467,ALC.US,76.9114
2024-01-24,CH0432492467,ALC.US,76.0175
2024-01-25,CH0432492467,ALC.US,75.7792
2024-01-26,CH0432492467,ALC.US,75.4812
2024-01-29,CH0432492467,ALC.US,75.5607
2024-01-30,CH0432492467,ALC.US,75.0641
2024-01-31,CH0432492467,ALC.US,74.5973
2024-02-01,CH0432492467,ALC.US,75.8686
2024-02-02,CH0432492467,ALC.US,74.4682
2024-02-05,CH0432492467,ALC.US,74.8853
2024-02-06,CH0432492467,ALC.US,76.4049
2024-02-07,CH0432492467,ALC.US,76.3353
2024-02-08,CH0432492467,ALC.US,76.6432
2024-02-09,CH0432492467,ALC.US,76.673
2024-02-12,CH0432492467,ALC.US,76.8121
2024-02-13,CH0432492467,ALC.US,74.3291
2024-02-14,CH0432492467,ALC.US,75.9182
2024-02-15,CH0432492467,ALC.US,77.3484
2024-02-16,CH0432492467,ALC.US,77.0107
2024-02-20,CH0432492467,ALC.US,77.7754
2024-02-21,CH0432492467,ALC.US,79.2354
2024-02-22,CH0432492467,ALC.US,79.8512
2024-02-23,CH0432492467,ALC.US,79.5135
2024-02-26,CH0432492467,ALC.US,79.9803
2024-02-27,CH0432492467,ALC.US,80.6259
2024-02-28,CH0432492467,ALC.US,85.1051
2024-02-29,CH0432492467,ALC.US,83.9728
2024-03-01,CH0432492467,ALC.US,86.1479
2024-03-04,CH0432492467,ALC.US,85.3236
2024-03-05,CH0432492467,ALC.US,84.4198
2024-03-06,CH0432492467,ALC.US,85.1647
2024-03-07,CH0432492467,ALC.US,86.3267
2024-03-08,CH0432492467,ALC.US,86.6842
2024-03-11,CH0432492467,ALC.US,87.5483
2024-03-12,CH0432492467,ALC.US,87.5284
2024-03-13,CH0432492467,ALC.US,86.7339
2024-03-14,CH0432492467,ALC.US,85.3335
2024-03-15,CH0432492467,ALC.US,84.3999
2024-03-18,CH0432492467,ALC.US,83.5557
2024-03-19,CH0432492467,ALC.US,84.1516
2024-03-20,CH0432492467,ALC.US,84.0225
2024-03-21,CH0432492467,ALC.US,83.3372
2024-03-22,CH0432492467,ALC.US,83.0393
2024-03-25,CH0432492467,ALC.US,82.4036
2024-03-26,CH0432492467,ALC.US,82.066
2024-03-27,CH0432492467,ALC.US,82.7115
2024-03-28,CH0432492467,ALC.US,82.7214
2024-04-01,CH0432492467,ALC.US,81.4601
2024-04-02,CH0432492467,ALC.US,81.1423
2024-04-03,CH0432492467,ALC.US,83.5061
2024-04-04,CH0432492467,ALC.US,83.0393
2024-04-05,CH0432492467,ALC.US,84.2211
2024-04-08,CH0432492467,ALC.US,83.2578
2024-04-09,CH0432492467,ALC.US,82.1156
2024-04-10,CH0432492467,ALC.US,81.629
2024-04-11,CH0432492467,ALC.US,81.7481
2024-04-12,CH0432492467,ALC.US,80.7252
2024-04-15,CH0432492467,ALC.US,80.5365
2024-04-16,CH0432492467,ALC.US,79.0666
2024-04-17,CH0432492467,ALC.US,78.4607
2024-04-18,CH0432492467,ALC.US,77.9344
2024-04-19,CH0432492467,ALC.US,79.007
2024-04-22,CH0432492467,ALC.US,80.0597
2024-04-23,CH0432492467,ALC.US,80.2087
2024-04-24,CH0432492467,ALC.US,79.0268
2024-04-25,CH0432492467,ALC.US,78.3018
2024-04-26,CH0432492467,ALC.US,78.2323
2024-04-29,CH0432492467,ALC.US,78.1826
2024-04-30,CH0432492467,ALC.US,77.0504
2024-05-01,CH0432492467,ALC.US,77.9939
2024-05-02,CH0432492467,ALC.US,77.8847
2024-05-03,CH0432492467,ALC.US,79.0268
2024-05-06,CH0432492467,ALC.US,79.8611
2024-05-07,CH0432492467,ALC.US,80.4173
2024-05-08,CH0432492467,ALC.US,79.8015
2024-05-09,CH0432492467,ALC.US,80.9039
2024-05-10,CH0432492467,ALC.US,81.4502
2024-05-13,CH0432492467,ALC.US,80.3676
2024-05-14,CH0432492467,ALC.US,88.9608
2024-05-15,CH0432492467,ALC.US,89.6483
2024-05-16,CH0432492467,ALC.US,88.7416
2024-05-17,CH0432492467,ALC.US,88.5124
2024-05-20,CH0432492467,ALC.US,87.785
2024-05-21,CH0432492467,ALC.US,88.3829
2024-05-22,CH0432492467,ALC.US,90.4255
2024-05-23,CH0432492467,ALC.US,89.4391
2024-05-24,CH0432492467,ALC.US,89.1103
2024-05-28,CH0432492467,ALC.US,87.9145
2024-05-29,CH0432492467,ALC.US,87.0576
2024-05-30,CH0432492467,ALC.US,88.0341
2024-05-31,CH0432492467,ALC.US,88.8113
2024-06-03,CH0432492467,ALC.US,89.3195
2024-06-04,CH0432492467,ALC.US,90.0868
2024-06-05,CH0432492467,ALC.US,90.9337
2024-06-06,CH0432492467,ALC.US,91.691
2024-06-07,CH0432492467,ALC.US,91.0533
2024-06-10,CH0432492467,ALC.US,91.1131
2024-06-11,CH0432492467,ALC.US,90.306
2024-06-12,CH0432492467,ALC.US,91.9301
2024-06-13,CH0432492467,ALC.US,91.0234
2024-06-14,CH0432492467,ALC.US,90.3558
2024-06-17,CH0432492467,ALC.US,88.1338
2024-06-18,CH0432492467,ALC.US,89.0106
2024-06-20,CH0432492467,ALC.US,89.1202
2024-06-21,CH0432492467,ALC.US,88.8014
2024-06-24,CH0432492467,ALC.US,89.5985
2024-06-25,CH0432492467,ALC.US,89.4789
2024-06-26,CH0432492467,ALC.US,89.3594
2024-06-27,CH0432492467,ALC.US,89.3893
2024-06-28,CH0432492467,ALC.US,88.7615
2024-07-01,CH0432492467,ALC.US,87.7551
2024-07-02,CH0432492467,ALC.US,88.4725
2024-07-03,CH0432492467,ALC.US,87.8149
2024-07-05,CH0432492467,ALC.US,89.1302
2024-07-08,CH0432492467,ALC.US,89.2298
2024-07-09,CH0432492467,ALC.US,88.6718
2024-07-10,CH0432492467,ALC.US,88.3629
2024-07-11,CH0432492467,ALC.US,90.2163
2024-07-12,CH0432492467,ALC.US,91.412
2024-07-15,CH0432492467,ALC.US,89.6384
2024-07-16,CH0432492467,ALC.US,89.9373
2024-07-17,CH0432492467,ALC.US,89.6782
2024-07-18,CH0432492467,ALC.US,89.6782
2024-07-19,CH0432492467,ALC.US,89.6882
2024-07-22,CH0432492467,ALC.US,90.4754
2024-07-23,CH0432492467,ALC.US,90.6049
2024-07-24,CH0432492467,ALC.US,92.0796
2024-07-25,CH0432492467,ALC.US,91.5116
2024-07-26,CH0432492467,ALC.US,93.0362
2024-07-29,CH0432492467,ALC.US,92.9266
2024-07-30,CH0432492467,ALC.US,93.086
2024-07-31,CH0432492467,ALC.US,93.6639
2024-08-01,CH0432492467,ALC.US,93.4846
2024-08-02,CH0432492467,ALC.US,92.0497
2024-08-05,CH0432492467,ALC.US,89.2896
2024-08-06,CH0432492467,ALC.US,90.8241
2024-08-07,CH0432492467,ALC.US,90.844
2024-08-08,CH0432492467,ALC.US,92.0597
2024-08-09,CH0432492467,ALC.US,92.5878
2024-08-12,CH0432492467,ALC.US,90.8241
2024-08-13,CH0432492467,ALC.US,92.6276
2024-08-14,CH0432492467,ALC.US,93.2753
2024-08-15,CH0432492467,ALC.US,93.5045
2024-08-16,CH0432492467,ALC.US,94.3016
2024-08-19,CH0432492467,ALC.US,95.9158
2024-08-20,CH0432492467,ALC.US,96.155
2024-08-21,CH0432492467,ALC.US,94.2817
2024-08-22,CH0432492467,ALC.US,94.9892
2024-08-23,CH0432492467,ALC.US,95.7464
2024-08-26,CH0432492467,ALC.US,94.8596
2024-08-27,CH0432492467,ALC.US,95.7166
2024-08-28,CH0432492467,ALC.US,96.5237
2024-08-29,CH0432492467,ALC.US,96.8824
2024-08-30,CH0432492467,ALC.US,97.3308
2024-09-02,CH0432492467,ALC.SW,84.32
2024-09-03,CH0432492467,ALC.US,95.3578
2024-09-04,CH0432492467,ALC.US,94.1322
2024-09-05,CH0432492467,ALC.US,94.0725
2024-09-06,CH0432492467,ALC.US,94.3216
2024-09-09,CH0432492467,ALC.US,96.145
2024-09-10,CH0432492467,ALC.US,97.7692
2024-09-11,CH0432492467,ALC.US,97.8688
2024-09-12,CH0432492467,ALC.US,100.3997
2024-09-13,CH0432492467,ALC.US,98.1478
2024-09-16,CH0432492467,ALC.US,98.2674
2024-09-17,CH0432492467,ALC.US,96.8126
2024-09-18,CH0432492467,ALC.US,96.3044
2024-09-19,CH0432492467,ALC.US,97.9784
2024-09-20,CH0432492467,ALC.US,97.1315
2024-09-23,CH0432492467,ALC.US,97.6197
2024-09-24,CH0432492467,ALC.US,98.0083
2024-09-25,CH0432492467,ALC.US,98.4169
2024-09-26,CH0432492467,ALC.US,98.7258
2024-09-27,CH0432492467,ALC.US,99.2838
2024-09-30,CH0432492467,ALC.US,99.7122
2024-10-01,CH0432492467,ALC.US,98.7656
2024-10-02,CH0432492467,ALC.US,98.7756
2024-10-03,CH0432492467,ALC.US,97.7592
2024-10-04,CH0432492467,ALC.US,96.9222
2024-10-07,CH0432492467,ALC.US,95.0888
2024-10-08,CH0432492467,ALC.US,95.5671
2024-10-09,CH0432492467,ALC.US,96.0952
2024-10-10,CH0432492467,ALC.US,95.9856
2024-10-11,CH0432492467,ALC.US,96.3443
2024-10-14,CH0432492467,ALC.US,96.8525
2024-10-15,CH0432492467,ALC.US,96.2646
2024-10-16,CH0432492467,ALC.US,94.9493
2024-10-17,CH0432492467,ALC.US,94.1821
2024-10-18,CH0432492467,ALC.US,94.7998
2024-10-21,CH0432492467,ALC.US,94.0027
2024-10-22,CH0432492467,ALC.US,94.3016
2024-10-23,CH0432492467,ALC.US,94.1721
2024-10-24,CH0432492467,ALC.US,94.0525
2024-10-25,CH0432492467,ALC.US,93.913
2024-10-28,CH0432492467,ALC.US,94.5308
2024-10-29,CH0432492467,ALC.US,94.1721
2024-10-30,CH0432492467,ALC.US,92.9365
2024-10-31,CH0432492467,ALC.US,91.6212
2024-11-01,CH0432492467,ALC.US,91.4618
2024-11-04,CH0432492467,ALC.US,91.8405
2024-11-05,CH0432492467,ALC.US,92.1095
2024-11-06,CH0432492467,ALC.US,91.143
2024-11-07,CH0432492467,ALC.US,92.2689
2024-11-08,CH0432492467,ALC.US,92.2789
2024-11-11,CH0432492467,ALC.US,91.9501
2024-11-12,CH0432492467,ALC.US,86.5793
2024-11-13,CH0432492467,ALC.US,87.1772
2024-11-14,CH0432492467,ALC.US,84.8655
2024-11-15,CH0432492467,ALC.US,84.8256
2024-11-18,CH0432492467,ALC.US,85.5032
2024-11-19,CH0432492467,ALC.US,85.1246
2024-11-20,CH0432492467,ALC.US,85.1943
2024-11-21,CH0432492467,ALC.US,85.2641
2024-11-22,CH0432492467,ALC.US,85.6826
2024-11-25,CH0432492467,ALC.US,85.8619
2024-11-26,CH0432492467,ALC.US,86.9281
2024-11-27,CH0432492467,ALC.US,87.9145
2024-11-29,CH0432492467,ALC.US,88.5323
2024-12-02,CH0432492467,ALC.US,87.9145
2024-12-03,CH0432492467,ALC.US,87.0277
2024-12-04,CH0432492467,ALC.US,87.5259
2024-12-05,CH0432492467,ALC.US,87.0477
2024-12-06,CH0432492467,ALC.US,86.4498
2024-12-09,CH0432492467,ALC.US,86.1608
2024-12-10,CH0432492467,ALC.US,85.5032
2024-12-11,CH0432492467,ALC.US,86.2605
2024-12-12,CH0432492467,ALC.US,85.4335
2024-12-13,CH0432492467,ALC.US,83.8691
2024-12-16,CH0432492467,ALC.US,83.5701
2024-12-17,CH0432492467,ALC.US,85.2342
2024-12-18,CH0432492467,ALC.US,84.437
2024-12-19,CH0432492467,ALC.US,83.879
2024-12-20,CH0432492467,ALC.US,84.457
2024-12-23,CH0432492467,ALC.US,85.0747
2024-12-24,CH0432492467,ALC.US,85.7722
2024-12-26,CH0432492467,ALC.US,85.9914
2024-12-27,CH0432492467,ALC.US,85.3438
2024-12-30,CH0432492467,ALC.US,84.447
2024-12-31,CH0432492467,ALC.US,84.5865
2025-01-02,CH0432492467,ALC.US,83.1516
2025-01-03,CH0432492467,ALC.US,83.7595
2025-01-06,CH0432492467,ALC.US,83.5701
2025-01-07,CH0432492467,ALC.US,84.0883
2025-01-08,CH0432492467,ALC.US,83.4107
2025-01-10,CH0432492467,ALC.US,83.1118
2025-01-13,CH0432492467,ALC.US,83.0919
2025-01-14,CH0432492467,ALC.US,82.4342
2025-01-15,CH0432492467,ALC.US,82.9723
2025-01-16,CH0432492467,ALC.US,83.8392
2025-01-17,CH0432492467,ALC.US,84.0683
2025-01-21,CH0432492467,ALC.US,88.2234
2025-01-22,CH0432492467,ALC.US,88.4626
2025-01-23,CH0432492467,ALC.US,88.7914
2025-01-24,CH0432492467,ALC.US,88.6419
2025-01-27,CH0432492467,ALC.US,91.0234
2025-01-28,CH0432492467,ALC.US,90.9337
2025-01-29,CH0432492467,ALC.US,91.0533
2025-01-30,CH0432492467,ALC.US,91.9899
2025-01-31,CH0432492467,ALC.US,90.7643
2025-02-03,CH0432492467,ALC.US,90.0768
2025-02-04,CH0432492467,ALC.US,91.2426
2025-02-05,CH0432492467,ALC.US,93.1657
2025-02-06,CH0432492467,ALC.US,91.3223
2025-02-07,CH0432492467,ALC.US,89.2398
2025-02-10,CH0432492467,ALC.US,88.9608
2025-02-11,CH0432492467,ALC.US,89.4889
2025-02-12,CH0432492467,ALC.US,87.8448
2025-02-13,CH0432492467,ALC.US,89.9174
2025-02-14,CH0432492467,ALC.US,89.728
2025-02-18,CH0432492467,ALC.US,89.1302
2025-02-19,CH0432492467,ALC.US,89.2398
2025-02-20,CH0432492467,ALC.US,89.2498
2025-02-21,CH0432492467,ALC.US,89.9871
2025-02-24,CH0432492467,ALC.US,88.9807
2025-02-25,CH0432492467,ALC.US,90.7843
2025-02-26,CH0432492467,ALC.US,92.9764
2025-02-27,CH0432492467,ALC.US,91.6412
2025-02-28,CH0432492467,ALC.US,92.1693
2025-03-03,CH0432492467,ALC.US,93.8034
2025-03-04,CH0432492467,ALC.US,92.259
2025-03-05,CH0432492467,ALC.US,94.3813
2025-03-06,CH0432492467,ALC.US,91.7906
2025-03-07,CH0432492467,ALC.US,92.6974
2025-03-10,CH0432492467,ALC.US,89.6184
2025-03-11,CH0432492467,ALC.US,88.8313
2025-03-12,CH0432492467,ALC.US,88.4626
2025-03-13,CH0432492467,ALC.US,86.4996
2025-03-14,CH0432492467,ALC.US,88.6419
2025-03-17,CH0432492467,ALC.US,89.5387
2025-03-18,CH0432492467,ALC.US,90.585
2025-03-19,CH0432492467,ALC.US,90.5451
2025-03-20,CH0432492467,ALC.US,91.0433
2025-03-21,CH0432492467,ALC.US,90.2362
2025-03-24,CH0432492467,ALC.US,92.0198
2025-03-25,CH0432492467,ALC.US,92.4682
2025-03-26,CH0432492467,ALC.US,90.9935
2025-03-27,CH0432492467,ALC.US,96.4539
2025-03-28,CH0432492467,ALC.US,95.4276
2025-03-31,CH0432492467,ALC.US,94.5906
2025-04-01,CH0432492467,ALC.US,92.3686
2025-04-02,CH0432492467,ALC.US,92.259
2025-04-03,CH0432492467,ALC.US,89.2896
2025-04-04,CH0432492467,ALC.US,83.5203
2025-04-07,CH0432492467,ALC.US,82.6833
2025-04-08,CH0432492467,ALC.US,82.5837
2025-04-09,CH0432492467,ALC.US,89.6683
2025-04-10,CH0432492467,ALC.US,86.6889
2025-04-11,CH0432492467,ALC.US,89.2896
2025-04-14,CH0432492467,ALC.US,90.2561
2025-04-15,CH0432492467,ALC.US,91.0931
2025-04-16,CH0432492467,ALC.US,91.7209
2025-04-17,CH0432492467,ALC.US,92.2091
2025-04-21,CH0432492467,ALC.US,91.0533
2025-04-22,CH0432492467,ALC.US,92.9764
2025-04-23,CH0432492467,ALC.US,93.365
2025-04-24,CH0432492467,ALC.US,94.3415
2025-04-25,CH0432492467,ALC.US,94.6006
2025-04-28,CH0432492467,ALC.US,94.9792
2025-04-29,CH0432492467,ALC.US,96.0753
2025-04-30,CH0432492467,ALC.US,97.261
2025-05-01,CH0432492467,ALC.US,95.8262
2025-05-02,CH0432492467,ALC.US,97.9485
2025-05-05,CH0432492467,ALC.US,97.0318
2025-05-06,CH0432492467,ALC.US,95.6468
2025-05-07,CH0432492467,ALC.US,95.7564
2025-05-08,CH0432492467,ALC.US,95.5372
2025-05-09,CH0432492467,ALC.US,95.75
2025-05-12,CH0432492467,ALC.US,94.79
2025-05-13,CH0432492467,ALC.US,93.25
2025-05-14,CH0432492467,ALC.US,87.24
2025-05-15,CH0432492467,ALC.US,87.67
2025-05-16,CH0432492467,ALC.US,89.83
2025-05-19,CH0432492467,ALC.US,89.36
2025-05-20,CH0432492467,ALC.US,88.07
2025-05-21,CH0432492467,ALC.US,87.54
2025-05-22,CH0432492467,ALC.US,86.14
2025-05-23,CH0432492467,ALC.US,86.52
2025-05-27,CH0432492467,ALC.US,86.7
2025-05-28,CH0432492467,ALC.US,85.38
2025-05-29,CH0432492467,ALC.US,86.35
2025-05-30,CH0432492467,ALC.US,85.94
2025-06-02,CH0432492467,ALC.US,85.17
2025-06-03,CH0432492467,ALC.US,85.43
2025-06-04,CH0432492467,ALC.US,85.94
2025-06-05,CH0432492467,ALC.US,86.93
2025-06-06,CH0432492467,ALC.US,87.79
2025-06-09,CH0432492467,ALC.US,87.48
2025-06-10,CH0432492467,ALC.US,88.95
2025-06-11,CH0432492467,ALC.US,88.58
2025-06-12,CH0432492467,ALC.US,89.12
2025-06-13,CH0432492467,ALC.US,86.2
2025-06-16,CH0432492467,ALC.US,86.2
2025-06-17,CH0432492467,ALC.US,84.88
2025-06-18,CH0432492467,ALC.US,84.77
2025-06-20,CH0432492467,ALC.US,85.4
2025-06-23,CH0432492467,ALC.US,85.35
2025-06-24,CH0432492467,ALC.US,87.21
2025-06-25,CH0432492467,ALC.US,87.57
2025-06-26,CH0432492467,ALC.US,87.11
2025-06-27,CH0432492467,ALC.US,87.81
2025-06-30,CH0432492467,ALC.US,88.28
2025-07-01,CH0432492467,ALC.US,89.02
2025-07-02,CH0432492467,ALC.US,89.3
2025-07-03,CH0432492467,ALC.US,87.78
2025-07-07,CH0432492467,ALC.US,86.8
2025-07-08,CH0432492467,ALC.US,87.05
2025-07-09,CH0432492467,ALC.US,86.98
2025-07-10,CH0432492467,ALC.US,88.7
2025-07-11,CH0432492467,ALC.US,87.48
2025-07-14,CH0432492467,ALC.US,87.32
2025-07-15,CH0432492467,ALC.US,85.95
2025-07-16,CH0432492467,ALC.US,86.92
2025-07-17,CH0432492467,ALC.US,86.96
2025-07-18,CH0432492467,ALC.US,87.35
2025-07-21,CH0432492467,ALC.US,87.16
2025-07-22,CH0432492467,ALC.US,88.66
2025-07-23,CH0432492467,ALC.US,92.22
2025-07-24,CH0432492467,ALC.US,91.9
2025-07-25,CH0432492467,ALC.US,91.86
2025-07-28,CH0432492467,ALC.US,90.15
2025-07-29,CH0432492467,ALC.US,91.44
2025-07-30,CH0432492467,ALC.US,89.18
2025-07-31,CH0432492467,ALC.US,87.55
2025-08-01,CH0432492467,ALC.US,87.87
2025-08-04,CH0432492467,ALC.US,87.82
2025-08-05,CH0432492467,ALC.US,85.54
2025-08-06,CH0432492467,ALC.US,84.12
2025-08-07,CH0432492467,ALC.US,85.45
2025-08-08,CH0432492467,ALC.US,85.75
2025-08-11,CH0432492467,ALC.US,84.68
2025-08-12,CH0432492467,ALC.US,86.03
2025-08-13,CH0432492467,ALC.US,86.48
2025-08-14,CH0432492467,ALC.US,86.79
2025-08-15,CH0432492467,ALC.US,87.71
2025-08-18,CH0432492467,ALC.US,88.13
2025-08-19,CH0432492467,ALC.US,90.12
2025-08-20,CH0432492467,ALC.US,81.04
2025-08-21,CH0432492467,ALC.US,79.18
2025-08-22,CH0432492467,ALC.US,82.02
2025-08-25,CH0432492467,ALC.US,80.76
2025-08-26,CH0432492467,ALC.US,81.45
2025-08-27,CH0432492467,ALC.US,81.36
2025-08-28,CH0432492467,ALC.US,79.44
2025-08-29,CH0432492467,ALC.US,79.81
2025-09-01,CH0432492467,ALC.SW,59.26
2025-09-02,CH0432492467,ALC.US,78.27
2025-09-03,CH0432492467,ALC.US,78.72
2025-09-04,CH0432492467,ALC.US,78.91
2025-09-05,CH0432492467,ALC.US,80.17
2025-09-08,CH0432492467,ALC.US,79.97
2025-09-09,CH0432492467,ALC.US,78.89
2025-09-10,CH0432492467,ALC.US,77.86
2025-09-11,CH0432492467,ALC.US,79.68
2025-09-12,CH0432492467,ALC.US,78.29
2025-09-15,CH0432492467,ALC.US,77.41
2025-09-16,CH0432492467,ALC.US,77.64
2025-09-17,CH0432492467,ALC.US,77.2
2025-09-18,CH0432492467,ALC.US,77.79
2025-09-19,CH0432492467,ALC.US,77.25
2025-09-22,CH0432492467,ALC.US,77.58
2025-09-23,CH0432492467,ALC.US,75.2
2025-09-24,CH0432492467,ALC.US,75.0
2025-09-25,CH0432492467,ALC.US,73.24
2025-09-26,CH0432492467,ALC.US,73.92
2025-09-29,CH0432492467,ALC.US,74.11
2025-09-30,CH0432492467,ALC.US,74.51
2025-10-01,CH0432492467,ALC.US,75.11
2025-10-02,CH0432492467,ALC.US,75.11
2025-10-03,CH0432492467,ALC.US,77.38
2025-10-06,CH0432492467,ALC.US,76.82
2025-10-07,CH0432492467,ALC.US,75.37
2025-10-08,CH0432492467,ALC.US,76.55
2025-10-09,CH0432492467,ALC.US,74.53
2025-10-10,CH0432492467,ALC.US,72.05
2025-10-13,CH0432492467,ALC.US,72.6
2025-10-14,CH0432492467,ALC.US,74.08
2025-10-15,CH0432492467,ALC.US,73.99
2025-10-16,CH0432492467,ALC.US,75.4
2025-10-17,CH0432492467,ALC.US,75.11
2025-10-20,CH0432492467,ALC.US,75.46
2025-10-21,CH0432492467,ALC.US,75.76
2025-10-22,CH0432492467,ALC.US,76.4
2025-10-23,CH0432492467,ALC.US,76.26
2025-10-24,CH0432492467,ALC.US,76.08
2025-10-27,CH0432492467,ALC.US,76.1
2025-10-28,CH0432492467,ALC.US,74.82
2025-10-29,CH0432492467,ALC.US,73.6
2025-10-30,CH0432492467,ALC.US,74.26
2025-10-31,CH0432492467,ALC.US,73.89
2025-11-03,CH0432492467,ALC.US,73.88
2025-11-04,CH0432492467,ALC.US,74.19
2025-11-05,CH0432492467,ALC.US,74.34
2025-11-06,CH0432492467,ALC.US,74.27
2025-11-07,CH0432492467,ALC.US,73.97
2025-11-10,CH0432492467,ALC.US,74.39
2025-11-11,CH0432492467,ALC.US,77.36
2025-11-12,CH0432492467,ALC.US,79.44
2025-11-13,CH0432492467,ALC.US,78.61
2025-11-14,CH0432492467,ALC.US,77.65
2025-11-17,CH0432492467,ALC.US,76.61
2025-11-18,CH0432492467,ALC.US,75.78
2025-11-19,CH0432492467,ALC.US,75.42
2025-11-20,CH0432492467,ALC.US,75.05
2025-11-21,CH0432492467,ALC.US,76.61
2025-11-24,CH0432492467,ALC.US,76.25
2025-11-25,CH0432492467,ALC.US,79.66
2025-11-26,CH0432492467,ALC.US,79.17
2025-11-28,CH0432492467,ALC.US,79.31
2025-12-01,CH0432492467,ALC.US,78.2
2025-12-02,CH0432492467,ALC.US,79.2
2025-12-03,CH0432492467,ALC.US,80.03
2025-12-04,CH0432492467,ALC.US,78.99
2025-12-05,CH0432492467,ALC.US,80.73
2025-12-08,CH0432492467,ALC.US,78.87
2025-12-09,CH0432492467,ALC.US,78.67
2025-12-10,CH0432492467,ALC.US,80.21
2025-12-11,CH0432492467,ALC.US,78.76
2025-12-12,CH0432492467,ALC.US,78.8
2025-12-15,CH0432492467,ALC.US,79.19
2025-12-16,CH0432492467,ALC.US,79.02
2025-12-17,CH0432492467,ALC.US,79.26
2025-12-18,CH0432492467,ALC.US,79.5
2025-12-19,CH0432492467,ALC.US,79.97
2025-12-22,CH0432492467,ALC.US,80.55
2025-12-23,CH0432492467,ALC.US,80.12
2025-12-24,CH0432492467,ALC.US,80.17
2025-12-26,CH0432492467,ALC.US,80.38
2025-12-29,CH0432492467,ALC.US,80.35
2025-12-30,CH0432492467,ALC.US,79.31
2025-12-31,CH0432492467,ALC.US,78.81
2026-01-02,CH0432492467,ALC.US,77.6
2026-01-05,CH0432492467,ALC.US,80.65
2026-01-06,CH0432492467,ALC.US,81.81
2026-01-07,CH0432492467,ALC.US,81.02
2026-01-08,CH0432492467,ALC.US,80.62
2026-01-09,CH0432492467,ALC.US,80.13
2026-01-12,CH0432492467,ALC.US,80.86
2026-01-13,CH0432492467,ALC.US,78.99
2026-01-14,CH0432492467,ALC.US,80.11
2026-01-15,CH0432492467,ALC.US,79.67
2026-01-16,CH0432492467,ALC.US,79.0
2026-01-20,CH0432492467,ALC.US,79.06
2026-01-21,CH0432492467,ALC.US,81.62
2026-01-22,CH0432492467,ALC.US,81.02
2026-01-23,CH0432492467,ALC.US,80.29
2026-01-26,CH0432492467,ALC.US,80.79
2026-01-27,CH0432492467,ALC.US,80.87
2026-01-28,CH0432492467,ALC.US,80.42
2026-01-29,CH0432492467,ALC.US,81.15
2026-01-30,CH0432492467,ALC.US,80.98
2026-02-02,CH0432492467,ALC.US,79.38
2026-02-03,CH0432492467,ALC.US,77.33
2026-02-04,CH0432492467,ALC.US,79.06
2026-02-05,CH0432492467,ALC.US,78.37
2026-02-06,CH0432492467,ALC.US,78.83
2026-02-09,CH0432492467,ALC.US,78.44
2026-02-10,CH0432492467,ALC.US,80.48
2026-02-11,CH0432492467,ALC.US,79.39
2026-02-12,CH0432492467,ALC.US,78.55
2026-02-13,CH0432492467,ALC.US,79.2
2026-02-17,CH0432492467,ALC.US,80.72
2026-02-18,CH0432492467,ALC.US,82.29
2026-02-19,CH0432492467,ALC.US,83.22
2026-02-20,CH0432492467,ALC.US,82.63
2026-02-23,CH0432492467,ALC.US,82.85
2026-02-24,CH0432492467,ALC.US,84.13
2026-02-25,CH0432492467,ALC.US,86.27
2026-02-26,CH0432492467,ALC.US,86.72
2026-02-27,CH0432492467,ALC.US,87.18
2026-03-02,CH0432492467,ALC.US,84.68
2026-03-03,CH0432492467,ALC.US,83.08
2026-03-04,CH0432492467,ALC.US,84.27
2026-03-05,CH0432492467,ALC.US,82.52
2026-03-06,CH0432492467,ALC.US,81.33
2026-03-09,CH0432492467,ALC.US,81.85
2026-03-10,CH0432492467,ALC.US,80.65
2026-03-11,CH0432492467,ALC.US,80.77
2026-03-12,CH0432492467,ALC.US,78.5
2026-03-13,CH0432492467,ALC.US,77.32
2026-03-16,CH0432492467,ALC.US,77.79
2026-03-17,CH0432492467,ALC.US,77.78
2026-03-18,CH0432492467,ALC.US,75.74
2026-03-19,CH0432492467,ALC.US,75.01
2026-03-20,CH0432492467,ALC.US,73.65
2026-03-23,CH0432492467,ALC.US,74.14
2026-03-24,CH0432492467,ALC.US,74.24
2026-03-25,CH0432492467,ALC.US,75.26
2026-03-26,CH0432492467,ALC.US,74.47
2026-03-27,CH0432492467,ALC.US,73.34
2026-03-30,CH0432492467,ALC.US,73.67
2026-03-31,CH0432492467,ALC.US,75.35
2026-04-01,CH0432492467,ALC.US,75.51
2026-04-02,CH0432492467,ALC.US,74.56
2026-04-06,CH0432492467,ALC.US,74.63
2026-04-07,CH0432492467,ALC.US,74.67
2026-04-08,CH0432492467,ALC.US,77.31
2026-04-09,CH0432492467,ALC.US,77.4
2026-04-10,CH0432492467,ALC.US,78.01
2026-04-13,CH0432492467,ALC.US,79.74
2026-04-14,CH0432492467,ALC.US,79.94
2026-04-15,CH0432492467,ALC.US,80.73
2026-04-16,CH0432492467,ALC.US,79.55
2026-04-17,CH0432492467,ALC.US,81.32
2026-04-20,CH0432492467,ALC.US,80.3
2026-04-21,CH0432492467,ALC.US,77.82
2026-04-22,CH0432492467,ALC.US,76.43
2026-04-23,CH0432492467,ALC.US,75.86
2026-04-24,CH0432492467,ALC.US,75.8
2020-04-27,US0079031078,AMD.US,56.49
2020-04-28,US0079031078,AMD.US,55.51
2020-04-29,US0079031078,AMD.US,53.66
2020-04-30,US0079031078,AMD.US,52.39
2020-05-01,US0079031078,AMD.US,49.88
2020-05-04,US0079031078,AMD.US,52.56
2020-05-05,US0079031078,AMD.US,52.19
2020-05-06,US0079031078,AMD.US,52.16
2020-05-07,US0079031078,AMD.US,51.95
2020-05-08,US0079031078,AMD.US,53.19
2020-05-11,US0079031078,AMD.US,55.74
2020-05-12,US0079031078,AMD.US,53.76
2020-05-13,US0079031078,AMD.US,52.18
2020-05-14,US0079031078,AMD.US,54.51
2020-05-15,US0079031078,AMD.US,54.2
2020-05-18,US0079031078,AMD.US,54.59
2020-05-19,US0079031078,AMD.US,55.47
2020-05-20,US0079031078,AMD.US,56.39
2020-05-21,US0079031078,AMD.US,54.65
2020-05-22,US0079031078,AMD.US,55.17
2020-05-26,US0079031078,AMD.US,53.19
2020-05-27,US0079031078,AMD.US,52.74
2020-05-28,US0079031078,AMD.US,51.74
2020-05-29,US0079031078,AMD.US,53.8
2020-06-01,US0079031078,AMD.US,53.63
2020-06-02,US0079031078,AMD.US,53.54
2020-06-03,US0079031078,AMD.US,52.73
2020-06-04,US0079031078,AMD.US,52.63
2020-06-05,US0079031078,AMD.US,53.1
2020-06-08,US0079031078,AMD.US,52.97
2020-06-09,US0079031078,AMD.US,56.39
2020-06-10,US0079031078,AMD.US,57.44
2020-06-11,US0079031078,AMD.US,52.83
2020-06-12,US0079031078,AMD.US,53.5
2020-06-15,US0079031078,AMD.US,54.68
2020-06-16,US0079031078,AMD.US,54.46
2020-06-17,US0079031078,AMD.US,54.55
2020-06-18,US0079031078,AMD.US,54.04
2020-06-19,US0079031078,AMD.US,54.23
2020-06-22,US0079031078,AMD.US,54.76
2020-06-23,US0079031078,AMD.US,53.99
2020-06-24,US0079031078,AMD.US,52.39
2020-06-25,US0079031078,AMD.US,51.93
2020-06-26,US0079031078,AMD.US,50.1
2020-06-29,US0079031078,AMD.US,50.28
2020-06-30,US0079031078,AMD.US,52.61
2020-07-01,US0079031078,AMD.US,52.58
2020-07-02,US0079031078,AMD.US,52.34
2020-07-06,US0079031078,AMD.US,53.4
2020-07-07,US0079031078,AMD.US,52.93
2020-07-08,US0079031078,AMD.US,53.43
2020-07-09,US0079031078,AMD.US,57.26
2020-07-10,US0079031078,AMD.US,55.88
2020-07-13,US0079031078,AMD.US,53.59
2020-07-14,US0079031078,AMD.US,54.72
2020-07-15,US0079031078,AMD.US,55.34
2020-07-16,US0079031078,AMD.US,54.92
2020-07-17,US0079031078,AMD.US,55.04
2020-07-20,US0079031078,AMD.US,57.46
2020-07-21,US0079031078,AMD.US,57.0
2020-07-22,US0079031078,AMD.US,61.79
2020-07-23,US0079031078,AMD.US,59.57
2020-07-24,US0079031078,AMD.US,69.4
2020-07-27,US0079031078,AMD.US,68.97
2020-07-28,US0079031078,AMD.US,67.61
2020-07-29,US0079031078,AMD.US,76.09
2020-07-30,US0079031078,AMD.US,78.2
2020-07-31,US0079031078,AMD.US,77.43
2020-08-03,US0079031078,AMD.US,77.67
2020-08-04,US0079031078,AMD.US,85.04
2020-08-05,US0079031078,AMD.US,85.31
2020-08-06,US0079031078,AMD.US,86.71
2020-08-07,US0079031078,AMD.US,84.85
2020-08-10,US0079031078,AMD.US,82.24
2020-08-11,US0079031078,AMD.US,76.88
2020-08-12,US0079031078,AMD.US,82.61
2020-08-13,US0079031078,AMD.US,81.84
2020-08-14,US0079031078,AMD.US,81.3
2020-08-17,US0079031078,AMD.US,82.42
2020-08-18,US0079031078,AMD.US,81.66
2020-08-19,US0079031078,AMD.US,81.09
2020-08-20,US0079031078,AMD.US,82.77
2020-08-21,US0079031078,AMD.US,83.81
2020-08-24,US0079031078,AMD.US,83.08
2020-08-25,US0079031078,AMD.US,86.35
2020-08-26,US0079031078,AMD.US,86.02
2020-08-27,US0079031078,AMD.US,83.8
2020-08-28,US0079031078,AMD.US,85.55
2020-08-31,US0079031078,AMD.US,90.82
2020-09-01,US0079031078,AMD.US,92.18
2020-09-02,US0079031078,AMD.US,90.22
2020-09-03,US0079031078,AMD.US,82.54
2020-09-04,US0079031078,AMD.US,82.01
2020-09-08,US0079031078,AMD.US,78.69
2020-09-09,US0079031078,AMD.US,81.91
2020-09-10,US0079031078,AMD.US,78.98
2020-09-11,US0079031078,AMD.US,76.34
2020-09-14,US0079031078,AMD.US,77.9
2020-09-15,US0079031078,AMD.US,78.93
2020-09-16,US0079031078,AMD.US,76.66
2020-09-17,US0079031078,AMD.US,76.55
2020-09-18,US0079031078,AMD.US,74.93
2020-09-21,US0079031078,AMD.US,77.94
2020-09-22,US0079031078,AMD.US,77.7
2020-09-23,US0079031078,AMD.US,74.73
2020-09-24,US0079031078,AMD.US,75.82
2020-09-25,US0079031078,AMD.US,78.06
2020-09-28,US0079031078,AMD.US,79.48
2020-09-29,US0079031078,AMD.US,81.77
2020-09-30,US0079031078,AMD.US,81.99
2020-10-01,US0079031078,AMD.US,84.86
2020-10-02,US0079031078,AMD.US,81.8
2020-10-05,US0079031078,AMD.US,86.15
2020-10-06,US0079031078,AMD.US,84.48
2020-10-07,US0079031078,AMD.US,86.69
2020-10-08,US0079031078,AMD.US,86.51
2020-10-09,US0079031078,AMD.US,83.1
2020-10-12,US0079031078,AMD.US,84.29
2020-10-13,US0079031078,AMD.US,85.28
2020-10-14,US0079031078,AMD.US,84.21
2020-10-15,US0079031078,AMD.US,83.13
2020-10-16,US0079031078,AMD.US,83.17
2020-10-19,US0079031078,AMD.US,82.0
2020-10-20,US0079031078,AMD.US,81.56
2020-10-21,US0079031078,AMD.US,79.2
2020-10-22,US0079031078,AMD.US,79.42
2020-10-23,US0079031078,AMD.US,81.96
2020-10-26,US0079031078,AMD.US,82.23
2020-10-27,US0079031078,AMD.US,78.88
2020-10-28,US0079031078,AMD.US,76.4
2020-10-29,US0079031078,AMD.US,78.02
2020-10-30,US0079031078,AMD.US,75.29
2020-11-02,US0079031078,AMD.US,74.7
2020-11-03,US0079031078,AMD.US,76.58
2020-11-04,US0079031078,AMD.US,81.35
2020-11-05,US0079031078,AMD.US,83.0
2020-11-06,US0079031078,AMD.US,85.88
2020-11-09,US0079031078,AMD.US,83.12
2020-11-10,US0079031078,AMD.US,77.99
2020-11-11,US0079031078,AMD.US,81.28
2020-11-12,US0079031078,AMD.US,81.84
2020-11-13,US0079031078,AMD.US,81.43
2020-11-16,US0079031078,AMD.US,83.73
2020-11-17,US0079031078,AMD.US,83.36
2020-11-18,US0079031078,AMD.US,82.54
2020-11-19,US0079031078,AMD.US,85.54
2020-11-20,US0079031078,AMD.US,84.64
2020-11-23,US0079031078,AMD.US,85.31
2020-11-24,US0079031078,AMD.US,85.07
2020-11-25,US0079031078,AMD.US,86.71
2020-11-27,US0079031078,AMD.US,87.19
2020-11-30,US0079031078,AMD.US,92.66
2020-12-01,US0079031078,AMD.US,92.63
2020-12-02,US0079031078,AMD.US,93.74
2020-12-03,US0079031078,AMD.US,92.31
2020-12-04,US0079031078,AMD.US,94.04
2020-12-07,US0079031078,AMD.US,94.07
2020-12-08,US0079031078,AMD.US,92.92
2020-12-09,US0079031078,AMD.US,89.83
2020-12-10,US0079031078,AMD.US,91.66
2020-12-11,US0079031078,AMD.US,91.65
2020-12-14,US0079031078,AMD.US,94.78
2020-12-15,US0079031078,AMD.US,97.12
2020-12-16,US0079031078,AMD.US,96.85
2020-12-17,US0079031078,AMD.US,96.84
2020-12-18,US0079031078,AMD.US,95.92
2020-12-21,US0079031078,AMD.US,93.23
2020-12-22,US0079031078,AMD.US,93.16
2020-12-23,US0079031078,AMD.US,91.55
2020-12-24,US0079031078,AMD.US,91.81
2020-12-28,US0079031078,AMD.US,91.6
2020-12-29,US0079031078,AMD.US,90.62
2020-12-30,US0079031078,AMD.US,92.29
2020-12-31,US0079031078,AMD.US,91.71
2021-01-04,US0079031078,AMD.US,92.3
2021-01-05,US0079031078,AMD.US,92.77
2021-01-06,US0079031078,AMD.US,90.33
2021-01-07,US0079031078,AMD.US,95.16
2021-01-08,US0079031078,AMD.US,94.58
2021-01-11,US0079031078,AMD.US,97.25
2021-01-12,US0079031078,AMD.US,95.36
2021-01-13,US0079031078,AMD.US,91.78
2021-01-14,US0079031078,AMD.US,90.79
2021-01-15,US0079031078,AMD.US,88.21
2021-01-19,US0079031078,AMD.US,89.45
2021-01-20,US0079031078,AMD.US,88.75
2021-01-21,US0079031078,AMD.US,91.53
2021-01-22,US0079031078,AMD.US,92.79
2021-01-25,US0079031078,AMD.US,94.13
2021-01-26,US0079031078,AMD.US,94.71
2021-01-27,US0079031078,AMD.US,88.84
2021-01-28,US0079031078,AMD.US,87.52
2021-01-29,US0079031078,AMD.US,85.64
2021-02-01,US0079031078,AMD.US,87.66
2021-02-02,US0079031078,AMD.US,88.86
2021-02-03,US0079031078,AMD.US,87.89
2021-02-04,US0079031078,AMD.US,87.84
2021-02-05,US0079031078,AMD.US,87.9
2021-02-08,US0079031078,AMD.US,91.47
2021-02-09,US0079031078,AMD.US,90.91
2021-02-10,US0079031078,AMD.US,92.35
2021-02-11,US0079031078,AMD.US,92.66
2021-02-12,US0079031078,AMD.US,93.77
2021-02-16,US0079031078,AMD.US,91.46
2021-02-17,US0079031078,AMD.US,89.94
2021-02-18,US0079031078,AMD.US,88.64
2021-02-19,US0079031078,AMD.US,89.58
2021-02-22,US0079031078,AMD.US,85.37
2021-02-23,US0079031078,AMD.US,84.74
2021-02-24,US0079031078,AMD.US,86.94
2021-02-25,US0079031078,AMD.US,82.42
2021-02-26,US0079031078,AMD.US,84.51
2021-03-01,US0079031078,AMD.US,86.39
2021-03-02,US0079031078,AMD.US,84.13
2021-03-03,US0079031078,AMD.US,80.86
2021-03-04,US0079031078,AMD.US,77.75
2021-03-05,US0079031078,AMD.US,78.52
2021-03-08,US0079031078,AMD.US,73.96
2021-03-09,US0079031078,AMD.US,78.53
2021-03-10,US0079031078,AMD.US,77.52
2021-03-11,US0079031078,AMD.US,81.23
2021-03-12,US0079031078,AMD.US,81.05
2021-03-15,US0079031078,AMD.US,82.5
2021-03-16,US0079031078,AMD.US,82.75
2021-03-17,US0079031078,AMD.US,82.63
2021-03-18,US0079031078,AMD.US,78.12
2021-03-19,US0079031078,AMD.US,79.06
2021-03-22,US0079031078,AMD.US,80.3
2021-03-23,US0079031078,AMD.US,78.38
2021-03-24,US0079031078,AMD.US,76.48
2021-03-25,US0079031078,AMD.US,76.22
2021-03-26,US0079031078,AMD.US,77.41
2021-03-29,US0079031078,AMD.US,77.14
2021-03-30,US0079031078,AMD.US,76.0
2021-03-31,US0079031078,AMD.US,78.5
2021-04-01,US0079031078,AMD.US,81.09
2021-04-05,US0079031078,AMD.US,81.43
2021-04-06,US0079031078,AMD.US,81.44
2021-04-07,US0079031078,AMD.US,82.2
2021-04-08,US0079031078,AMD.US,83.35
2021-04-09,US0079031078,AMD.US,82.76
2021-04-12,US0079031078,AMD.US,78.58
2021-04-13,US0079031078,AMD.US,80.19
2021-04-14,US0079031078,AMD.US,78.55
2021-04-15,US0079031078,AMD.US,83.01
2021-04-16,US0079031078,AMD.US,82.15
2021-04-19,US0079031078,AMD.US,81.11
2021-04-20,US0079031078,AMD.US,79.27
2021-04-21,US0079031078,AMD.US,81.61
2021-04-22,US0079031078,AMD.US,79.06
2021-04-23,US0079031078,AMD.US,82.76
2021-04-26,US0079031078,AMD.US,85.41
2021-04-27,US0079031078,AMD.US,85.21
2021-04-28,US0079031078,AMD.US,84.02
2021-04-29,US0079031078,AMD.US,83.91
2021-04-30,US0079031078,AMD.US,81.62
2021-05-03,US0079031078,AMD.US,78.55
2021-05-04,US0079031078,AMD.US,78.61
2021-05-05,US0079031078,AMD.US,77.83
2021-05-06,US0079031078,AMD.US,77.89
2021-05-07,US0079031078,AMD.US,78.81
2021-05-10,US0079031078,AMD.US,75.99
2021-05-11,US0079031078,AMD.US,76.83
2021-05-12,US0079031078,AMD.US,74.64
2021-05-13,US0079031078,AMD.US,73.09
2021-05-14,US0079031078,AMD.US,74.59
2021-05-17,US0079031078,AMD.US,74.65
2021-05-18,US0079031078,AMD.US,74.44
2021-05-19,US0079031078,AMD.US,76.23
2021-05-20,US0079031078,AMD.US,78.06
2021-05-21,US0079031078,AMD.US,77.17
2021-05-24,US0079031078,AMD.US,77.44
2021-05-25,US0079031078,AMD.US,77.86
2021-05-26,US0079031078,AMD.US,78.34
2021-05-27,US0079031078,AMD.US,78.42
2021-05-28,US0079031078,AMD.US,80.08
2021-06-01,US0079031078,AMD.US,80.81
2021-06-02,US0079031078,AMD.US,81.97
2021-06-03,US0079031078,AMD.US,80.28
2021-06-04,US0079031078,AMD.US,81.58
2021-06-07,US0079031078,AMD.US,81.35
2021-06-08,US0079031078,AMD.US,80.89
2021-06-09,US0079031078,AMD.US,79.96
2021-06-10,US0079031078,AMD.US,81.56
2021-06-11,US0079031078,AMD.US,81.31
2021-06-14,US0079031078,AMD.US,81.55
2021-06-15,US0079031078,AMD.US,80.47
2021-06-16,US0079031078,AMD.US,80.11
2021-06-17,US0079031078,AMD.US,84.56
2021-06-18,US0079031078,AMD.US,84.65
2021-06-21,US0079031078,AMD.US,82.59
2021-06-22,US0079031078,AMD.US,83.58
2021-06-23,US0079031078,AMD.US,83.82
2021-06-24,US0079031078,AMD.US,86.1
2021-06-25,US0079031078,AMD.US,85.62
2021-06-28,US0079031078,AMD.US,87.08
2021-06-29,US0079031078,AMD.US,89.52
2021-06-30,US0079031078,AMD.US,93.93
2021-07-01,US0079031078,AMD.US,93.31
2021-07-02,US0079031078,AMD.US,94.7
2021-07-06,US0079031078,AMD.US,94.47
2021-07-07,US0079031078,AMD.US,90.54
2021-07-08,US0079031078,AMD.US,89.74
2021-07-09,US0079031078,AMD.US,90.9
2021-07-12,US0079031078,AMD.US,90.81
2021-07-13,US0079031078,AMD.US,90.26
2021-07-14,US0079031078,AMD.US,89.05
2021-07-15,US0079031078,AMD.US,86.93
2021-07-16,US0079031078,AMD.US,85.89
2021-07-19,US0079031078,AMD.US,86.58
2021-07-20,US0079031078,AMD.US,87.11
2021-07-21,US0079031078,AMD.US,89.41
2021-07-22,US0079031078,AMD.US,91.21
2021-07-23,US0079031078,AMD.US,92.15
2021-07-26,US0079031078,AMD.US,91.82
2021-07-27,US0079031078,AMD.US,91.03
2021-07-28,US0079031078,AMD.US,97.93
2021-07-29,US0079031078,AMD.US,102.95
2021-07-30,US0079031078,AMD.US,106.19
2021-08-02,US0079031078,AMD.US,108.63
2021-08-03,US0079031078,AMD.US,112.56
2021-08-04,US0079031078,AMD.US,118.77
2021-08-05,US0079031078,AMD.US,112.35
2021-08-06,US0079031078,AMD.US,110.11
2021-08-09,US0079031078,AMD.US,107.58
2021-08-10,US0079031078,AMD.US,106.48
2021-08-11,US0079031078,AMD.US,107.68
2021-08-12,US0079031078,AMD.US,106.5
2021-08-13,US0079031078,AMD.US,110.55
2021-08-16,US0079031078,AMD.US,107.48
2021-08-17,US0079031078,AMD.US,107.56
2021-08-18,US0079031078,AMD.US,103.44
2021-08-19,US0079031078,AMD.US,103.7
2021-08-20,US0079031078,AMD.US,104.65
2021-08-23,US0079031078,AMD.US,108.77
2021-08-24,US0079031078,AMD.US,107.65
2021-08-25,US0079031078,AMD.US,108.3
2021-08-26,US0079031078,AMD.US,107.27
2021-08-27,US0079031078,AMD.US,111.4
2021-08-30,US0079031078,AMD.US,111.32
2021-08-31,US0079031078,AMD.US,110.72
2021-09-01,US0079031078,AMD.US,109.99
2021-09-02,US0079031078,AMD.US,109.2
2021-09-03,US0079031078,AMD.US,109.92
2021-09-07,US0079031078,AMD.US,109.15
2021-09-08,US0079031078,AMD.US,106.17
2021-09-09,US0079031078,AMD.US,106.15
2021-09-10,US0079031078,AMD.US,105.2
2021-09-13,US0079031078,AMD.US,104.8
2021-09-14,US0079031078,AMD.US,105.73
2021-09-15,US0079031078,AMD.US,105.6
2021-09-16,US0079031078,AMD.US,106.22
2021-09-17,US0079031078,AMD.US,103.88
2021-09-20,US0079031078,AMD.US,101.55
2021-09-21,US0079031078,AMD.US,102.82
2021-09-22,US0079031078,AMD.US,104.38
2021-09-23,US0079031078,AMD.US,106.15
2021-09-24,US0079031078,AMD.US,105.8
2021-09-27,US0079031078,AMD.US,108.16
2021-09-28,US0079031078,AMD.US,101.52
2021-09-29,US0079031078,AMD.US,100.35
2021-09-30,US0079031078,AMD.US,102.9
2021-10-01,US0079031078,AMD.US,102.45
2021-10-04,US0079031078,AMD.US,100.34
2021-10-05,US0079031078,AMD.US,101.81
2021-10-06,US0079031078,AMD.US,103.64
2021-10-07,US0079031078,AMD.US,106.45
2021-10-08,US0079031078,AMD.US,105.06
2021-10-11,US0079031078,AMD.US,104.68
2021-10-12,US0079031078,AMD.US,105.04
2021-10-13,US0079031078,AMD.US,109.16
2021-10-14,US0079031078,AMD.US,111.99
2021-10-15,US0079031078,AMD.US,112.12
2021-10-18,US0079031078,AMD.US,116.43
2021-10-19,US0079031078,AMD.US,116.33
2021-10-20,US0079031078,AMD.US,116.39
2021-10-21,US0079031078,AMD.US,119.33
2021-10-22,US0079031078,AMD.US,119.82
2021-10-25,US0079031078,AMD.US,122.36
2021-10-26,US0079031078,AMD.US,122.93
2021-10-27,US0079031078,AMD.US,122.28
2021-10-28,US0079031078,AMD.US,121.16
2021-10-29,US0079031078,AMD.US,120.23
2021-11-01,US0079031078,AMD.US,125.23
2021-11-02,US0079031078,AMD.US,127.63
2021-11-03,US0079031078,AMD.US,130.53
2021-11-04,US0079031078,AMD.US,137.5
2021-11-05,US0079031078,AMD.US,136.34
2021-11-08,US0079031078,AMD.US,150.16
2021-11-09,US0079031078,AMD.US,148.92
2021-11-10,US0079031078,AMD.US,139.87
2021-11-11,US0079031078,AMD.US,146.01
2021-11-12,US0079031078,AMD.US,147.89
2021-11-15,US0079031078,AMD.US,146.49
2021-11-16,US0079031078,AMD.US,152.45
2021-11-17,US0079031078,AMD.US,151.34
2021-11-18,US0079031078,AMD.US,155.02
2021-11-19,US0079031078,AMD.US,155.41
2021-11-22,US0079031078,AMD.US,152.52
2021-11-23,US0079031078,AMD.US,149.92
2021-11-24,US0079031078,AMD.US,157.8
2021-11-26,US0079031078,AMD.US,154.81
2021-11-29,US0079031078,AMD.US,161.91
2021-11-30,US0079031078,AMD.US,158.37
2021-12-01,US0079031078,AMD.US,149.11
2021-12-02,US0079031078,AMD.US,150.68
2021-12-03,US0079031078,AMD.US,144.01
2021-12-06,US0079031078,AMD.US,139.06
2021-12-07,US0079031078,AMD.US,144.85
2021-12-08,US0079031078,AMD.US,145.24
2021-12-09,US0079031078,AMD.US,138.1
2021-12-10,US0079031078,AMD.US,138.55
2021-12-13,US0079031078,AMD.US,133.8
2021-12-14,US0079031078,AMD.US,135.6
2021-12-15,US0079031078,AMD.US,146.5
2021-12-16,US0079031078,AMD.US,138.64
2021-12-17,US0079031078,AMD.US,137.75
2021-12-20,US0079031078,AMD.US,135.8
2021-12-21,US0079031078,AMD.US,144.25
2021-12-22,US0079031078,AMD.US,143.88
2021-12-23,US0079031078,AMD.US,146.14
2021-12-27,US0079031078,AMD.US,154.36
2021-12-28,US0079031078,AMD.US,153.15
2021-12-29,US0079031078,AMD.US,148.26
2021-12-30,US0079031078,AMD.US,145.15
2021-12-31,US0079031078,AMD.US,143.9
2022-01-03,US0079031078,AMD.US,150.24
2022-01-04,US0079031078,AMD.US,144.42
2022-01-05,US0079031078,AMD.US,136.15
2022-01-06,US0079031078,AMD.US,136.23
2022-01-07,US0079031078,AMD.US,132.0
2022-01-10,US0079031078,AMD.US,132.0
2022-01-11,US0079031078,AMD.US,137.31
2022-01-12,US0079031078,AMD.US,137.47
2022-01-13,US0079031078,AMD.US,132.74
2022-01-14,US0079031078,AMD.US,136.88
2022-01-18,US0079031078,AMD.US,131.93
2022-01-19,US0079031078,AMD.US,128.27
2022-01-20,US0079031078,AMD.US,121.89
2022-01-21,US0079031078,AMD.US,118.81
2022-01-24,US0079031078,AMD.US,116.53
2022-01-25,US0079031078,AMD.US,111.13
2022-01-26,US0079031078,AMD.US,110.71
2022-01-27,US0079031078,AMD.US,102.6
2022-01-28,US0079031078,AMD.US,105.24
2022-01-31,US0079031078,AMD.US,114.25
2022-02-01,US0079031078,AMD.US,116.78
2022-02-02,US0079031078,AMD.US,122.76
2022-02-03,US0079031078,AMD.US,120.08
2022-02-04,US0079031078,AMD.US,123.6
2022-02-07,US0079031078,AMD.US,123.67
2022-02-08,US0079031078,AMD.US,128.23
2022-02-09,US0079031078,AMD.US,132.85
2022-02-10,US0079031078,AMD.US,125.77
2022-02-11,US0079031078,AMD.US,113.18
2022-02-14,US0079031078,AMD.US,114.27
2022-02-15,US0079031078,AMD.US,121.47
2022-02-16,US0079031078,AMD.US,117.69
2022-02-17,US0079031078,AMD.US,112.37
2022-02-18,US0079031078,AMD.US,113.83
2022-02-22,US0079031078,AMD.US,115.65
2022-02-23,US0079031078,AMD.US,109.76
2022-02-24,US0079031078,AMD.US,116.61
2022-02-25,US0079031078,AMD.US,121.06
2022-02-28,US0079031078,AMD.US,123.34
2022-03-01,US0079031078,AMD.US,113.83
2022-03-02,US0079031078,AMD.US,118.28
2022-03-03,US0079031078,AMD.US,111.98
2022-03-04,US0079031078,AMD.US,108.41
2022-03-07,US0079031078,AMD.US,102.95
2022-03-08,US0079031078,AMD.US,105.53
2022-03-09,US0079031078,AMD.US,111.05
2022-03-10,US0079031078,AMD.US,106.46
2022-03-11,US0079031078,AMD.US,104.29
2022-03-14,US0079031078,AMD.US,102.25
2022-03-15,US0079031078,AMD.US,109.33
2022-03-16,US0079031078,AMD.US,115.37
2022-03-17,US0079031078,AMD.US,111.69
2022-03-18,US0079031078,AMD.US,113.46
2022-03-21,US0079031078,AMD.US,115.92
2022-03-22,US0079031078,AMD.US,114.78
2022-03-23,US0079031078,AMD.US,113.92
2022-03-24,US0079031078,AMD.US,120.53
2022-03-25,US0079031078,AMD.US,119.67
2022-03-28,US0079031078,AMD.US,120.24
2022-03-29,US0079031078,AMD.US,123.23
2022-03-30,US0079031078,AMD.US,119.22
2022-03-31,US0079031078,AMD.US,109.34
2022-04-01,US0079031078,AMD.US,108.19
2022-04-04,US0079031078,AMD.US,110.53
2022-04-05,US0079031078,AMD.US,106.82
2022-04-06,US0079031078,AMD.US,103.67
2022-04-07,US0079031078,AMD.US,103.72
2022-04-08,US0079031078,AMD.US,101.0
2022-04-11,US0079031078,AMD.US,97.37
2022-04-12,US0079031078,AMD.US,95.1
2022-04-13,US0079031078,AMD.US,97.74
2022-04-14,US0079031078,AMD.US,93.06
2022-04-18,US0079031078,AMD.US,93.89
2022-04-19,US0079031078,AMD.US,96.93
2022-04-20,US0079031078,AMD.US,94.02
2022-04-21,US0079031078,AMD.US,89.85
2022-04-22,US0079031078,AMD.US,88.14
2022-04-25,US0079031078,AMD.US,90.69
2022-04-26,US0079031078,AMD.US,85.16
2022-04-27,US0079031078,AMD.US,84.91
2022-04-28,US0079031078,AMD.US,89.64
2022-04-29,US0079031078,AMD.US,85.52
2022-05-02,US0079031078,AMD.US,89.84
2022-05-03,US0079031078,AMD.US,91.13
2022-05-04,US0079031078,AMD.US,99.42
2022-05-05,US0079031078,AMD.US,93.87
2022-05-06,US0079031078,AMD.US,95.34
2022-05-09,US0079031078,AMD.US,86.36
2022-05-10,US0079031078,AMD.US,88.73
2022-05-11,US0079031078,AMD.US,87.92
2022-05-12,US0079031078,AMD.US,87.06
2022-05-13,US0079031078,AMD.US,95.12
2022-05-16,US0079031078,AMD.US,94.24
2022-05-17,US0079031078,AMD.US,102.47
2022-05-18,US0079031078,AMD.US,96.28
2022-05-19,US0079031078,AMD.US,96.67
2022-05-20,US0079031078,AMD.US,93.5
2022-05-23,US0079031078,AMD.US,95.07
2022-05-24,US0079031078,AMD.US,91.16
2022-05-25,US0079031078,AMD.US,92.65
2022-05-26,US0079031078,AMD.US,98.75
2022-05-27,US0079031078,AMD.US,102.26
2022-05-31,US0079031078,AMD.US,101.86
2022-06-01,US0079031078,AMD.US,101.22
2022-06-02,US0079031078,AMD.US,108.59
2022-06-03,US0079031078,AMD.US,106.3
2022-06-06,US0079031078,AMD.US,105.65
2022-06-07,US0079031078,AMD.US,105.28
2022-06-08,US0079031078,AMD.US,101.9
2022-06-09,US0079031078,AMD.US,98.8
2022-06-10,US0079031078,AMD.US,94.82
2022-06-13,US0079031078,AMD.US,86.99
2022-06-14,US0079031078,AMD.US,86.99
2022-06-15,US0079031078,AMD.US,89.3
2022-06-16,US0079031078,AMD.US,82.05
2022-06-17,US0079031078,AMD.US,81.57
2022-06-21,US0079031078,AMD.US,83.79
2022-06-22,US0079031078,AMD.US,83.75
2022-06-23,US0079031078,AMD.US,82.43
2022-06-24,US0079031078,AMD.US,87.08
2022-06-27,US0079031078,AMD.US,86.16
2022-06-28,US0079031078,AMD.US,80.78
2022-06-29,US0079031078,AMD.US,77.99
2022-06-30,US0079031078,AMD.US,76.47
2022-07-01,US0079031078,AMD.US,73.67
2022-07-05,US0079031078,AMD.US,75.2
2022-07-06,US0079031078,AMD.US,75.35
2022-07-07,US0079031078,AMD.US,79.3
2022-07-08,US0079031078,AMD.US,79.35
2022-07-11,US0079031078,AMD.US,76.95
2022-07-12,US0079031078,AMD.US,76.36
2022-07-13,US0079031078,AMD.US,77.52
2022-07-14,US0079031078,AMD.US,78.6
2022-07-15,US0079031078,AMD.US,81.11
2022-07-18,US0079031078,AMD.US,81.43
2022-07-19,US0079031078,AMD.US,85.88
2022-07-20,US0079031078,AMD.US,89.43
2022-07-21,US0079031078,AMD.US,91.09
2022-07-22,US0079031078,AMD.US,88.1
2022-07-25,US0079031078,AMD.US,87.54
2022-07-26,US0079031078,AMD.US,85.25
2022-07-27,US0079031078,AMD.US,89.82
2022-07-28,US0079031078,AMD.US,91.67
2022-07-29,US0079031078,AMD.US,94.47
2022-08-01,US0079031078,AMD.US,96.78
2022-08-02,US0079031078,AMD.US,99.29
2022-08-03,US0079031078,AMD.US,98.09
2022-08-04,US0079031078,AMD.US,103.91
2022-08-05,US0079031078,AMD.US,102.31
2022-08-08,US0079031078,AMD.US,100.07
2022-08-09,US0079031078,AMD.US,95.54
2022-08-10,US0079031078,AMD.US,99.05
2022-08-11,US0079031078,AMD.US,98.12
2022-08-12,US0079031078,AMD.US,100.83
2022-08-15,US0079031078,AMD.US,101.01
2022-08-16,US0079031078,AMD.US,100.2
2022-08-17,US0079031078,AMD.US,98.27
2022-08-18,US0079031078,AMD.US,100.44
2022-08-19,US0079031078,AMD.US,95.95
2022-08-22,US0079031078,AMD.US,92.84
2022-08-23,US0079031078,AMD.US,92.49
2022-08-24,US0079031078,AMD.US,92.73
2022-08-25,US0079031078,AMD.US,97.18
2022-08-26,US0079031078,AMD.US,91.18
2022-08-29,US0079031078,AMD.US,88.49
2022-08-30,US0079031078,AMD.US,86.94
2022-08-31,US0079031078,AMD.US,84.87
2022-09-01,US0079031078,AMD.US,82.33
2022-09-02,US0079031078,AMD.US,80.24
2022-09-06,US0079031078,AMD.US,78.72
2022-09-07,US0079031078,AMD.US,79.61
2022-09-08,US0079031078,AMD.US,82.78
2022-09-09,US0079031078,AMD.US,85.45
2022-09-12,US0079031078,AMD.US,84.64
2022-09-13,US0079031078,AMD.US,77.03
2022-09-14,US0079031078,AMD.US,77.45
2022-09-15,US0079031078,AMD.US,76.66
2022-09-16,US0079031078,AMD.US,76.51
2022-09-19,US0079031078,AMD.US,76.77
2022-09-20,US0079031078,AMD.US,75.25
2022-09-21,US0079031078,AMD.US,74.48
2022-09-22,US0079031078,AMD.US,69.5
2022-09-23,US0079031078,AMD.US,67.96
2022-09-26,US0079031078,AMD.US,66.3
2022-09-27,US0079031078,AMD.US,67.17
2022-09-28,US0079031078,AMD.US,68.36
2022-09-29,US0079031078,AMD.US,64.14
2022-09-30,US0079031078,AMD.US,63.36
2022-10-03,US0079031078,AMD.US,66.11
2022-10-04,US0079031078,AMD.US,67.9
2022-10-05,US0079031078,AMD.US,67.94
2022-10-06,US0079031078,AMD.US,67.85
2022-10-07,US0079031078,AMD.US,58.44
2022-10-10,US0079031078,AMD.US,57.81
2022-10-11,US0079031078,AMD.US,57.63
2022-10-12,US0079031078,AMD.US,57.85
2022-10-13,US0079031078,AMD.US,58.94
2022-10-14,US0079031078,AMD.US,55.94
2022-10-17,US0079031078,AMD.US,57.96
2022-10-18,US0079031078,AMD.US,57.92
2022-10-19,US0079031078,AMD.US,57.23
2022-10-20,US0079031078,AMD.US,57.77
2022-10-21,US0079031078,AMD.US,58.82
2022-10-24,US0079031078,AMD.US,58.7
2022-10-25,US0079031078,AMD.US,61.47
2022-10-26,US0079031078,AMD.US,59.73
2022-10-27,US0079031078,AMD.US,58.6
2022-10-28,US0079031078,AMD.US,62.01
2022-10-31,US0079031078,AMD.US,60.06
2022-11-01,US0079031078,AMD.US,59.66
2022-11-02,US0079031078,AMD.US,58.63
2022-11-03,US0079031078,AMD.US,60.11
2022-11-04,US0079031078,AMD.US,62.19
2022-11-07,US0079031078,AMD.US,63.08
2022-11-08,US0079031078,AMD.US,63.85
2022-11-09,US0079031078,AMD.US,59.92
2022-11-10,US0079031078,AMD.US,68.47
2022-11-11,US0079031078,AMD.US,72.37
2022-11-14,US0079031078,AMD.US,73.53
2022-11-15,US0079031078,AMD.US,76.37
2022-11-16,US0079031078,AMD.US,72.7
2022-11-17,US0079031078,AMD.US,73.9
2022-11-18,US0079031078,AMD.US,73.57
2022-11-21,US0079031078,AMD.US,72.46
2022-11-22,US0079031078,AMD.US,75.25
2022-11-23,US0079031078,AMD.US,76.4
2022-11-25,US0079031078,AMD.US,75.14
2022-11-28,US0079031078,AMD.US,73.19
2022-11-29,US0079031078,AMD.US,73.39
2022-11-30,US0079031078,AMD.US,77.63
2022-12-01,US0079031078,AMD.US,77.48
2022-12-02,US0079031078,AMD.US,74.98
2022-12-05,US0079031078,AMD.US,73.62
2022-12-06,US0079031078,AMD.US,70.27
2022-12-07,US0079031078,AMD.US,70.14
2022-12-08,US0079031078,AMD.US,70.47
2022-12-09,US0079031078,AMD.US,68.59
2022-12-12,US0079031078,AMD.US,70.67
2022-12-13,US0079031078,AMD.US,71.65
2022-12-14,US0079031078,AMD.US,68.93
2022-12-15,US0079031078,AMD.US,66.53
2022-12-16,US0079031078,AMD.US,65.41
2022-12-19,US0079031078,AMD.US,64.59
2022-12-20,US0079031078,AMD.US,65.05
2022-12-21,US0079031078,AMD.US,67.68
2022-12-22,US0079031078,AMD.US,63.86
2022-12-23,US0079031078,AMD.US,64.52
2022-12-27,US0079031078,AMD.US,63.27
2022-12-28,US0079031078,AMD.US,62.57
2022-12-29,US0079031078,AMD.US,64.82
2022-12-30,US0079031078,AMD.US,64.77
2023-01-03,US0079031078,AMD.US,64.02
2023-01-04,US0079031078,AMD.US,64.66
2023-01-05,US0079031078,AMD.US,62.33
2023-01-06,US0079031078,AMD.US,63.96
2023-01-09,US0079031078,AMD.US,67.24
2023-01-10,US0079031078,AMD.US,68.05
2023-01-11,US0079031078,AMD.US,69.06
2023-01-12,US0079031078,AMD.US,70.8
2023-01-13,US0079031078,AMD.US,71.0
2023-01-17,US0079031078,AMD.US,71.59
2023-01-18,US0079031078,AMD.US,70.53
2023-01-19,US0079031078,AMD.US,67.71
2023-01-20,US0079031078,AMD.US,70.07
2023-01-23,US0079031078,AMD.US,76.53
2023-01-24,US0079031078,AMD.US,74.7
2023-01-25,US0079031078,AMD.US,74.91
2023-01-26,US0079031078,AMD.US,75.16
2023-01-27,US0079031078,AMD.US,75.4
2023-01-30,US0079031078,AMD.US,72.45
2023-01-31,US0079031078,AMD.US,75.15
2023-02-01,US0079031078,AMD.US,84.64
2023-02-02,US0079031078,AMD.US,88.31
2023-02-03,US0079031078,AMD.US,86.09
2023-02-06,US0079031078,AMD.US,83.68
2023-02-07,US0079031078,AMD.US,85.91
2023-02-08,US0079031078,AMD.US,84.69
2023-02-09,US0079031078,AMD.US,83.21
2023-02-10,US0079031078,AMD.US,81.48
2023-02-13,US0079031078,AMD.US,83.13
2023-02-14,US0079031078,AMD.US,85.95
2023-02-15,US0079031078,AMD.US,85.18
2023-02-16,US0079031078,AMD.US,80.08
2023-02-17,US0079031078,AMD.US,78.5
2023-02-21,US0079031078,AMD.US,76.77
2023-02-22,US0079031078,AMD.US,76.61
2023-02-23,US0079031078,AMD.US,79.75
2023-02-24,US0079031078,AMD.US,78.09
2023-02-27,US0079031078,AMD.US,78.77
2023-02-28,US0079031078,AMD.US,78.58
2023-03-01,US0079031078,AMD.US,78.29
2023-03-02,US0079031078,AMD.US,80.44
2023-03-03,US0079031078,AMD.US,81.52
2023-03-06,US0079031078,AMD.US,81.16
2023-03-07,US0079031078,AMD.US,82.11
2023-03-08,US0079031078,AMD.US,85.37
2023-03-09,US0079031078,AMD.US,84.03
2023-03-10,US0079031078,AMD.US,82.67
2023-03-13,US0079031078,AMD.US,82.01
2023-03-14,US0079031078,AMD.US,87.45
2023-03-15,US0079031078,AMD.US,89.68
2023-03-16,US0079031078,AMD.US,96.6
2023-03-17,US0079031078,AMD.US,97.84
2023-03-20,US0079031078,AMD.US,96.81
2023-03-21,US0079031078,AMD.US,95.93
2023-03-22,US0079031078,AMD.US,97.58
2023-03-23,US0079031078,AMD.US,100.28
2023-03-24,US0079031078,AMD.US,97.95
2023-03-27,US0079031078,AMD.US,96.61
2023-03-28,US0079031078,AMD.US,94.56
2023-03-29,US0079031078,AMD.US,96.09
2023-03-30,US0079031078,AMD.US,97.88
2023-03-31,US0079031078,AMD.US,98.01
2023-04-03,US0079031078,AMD.US,96.56
2023-04-04,US0079031078,AMD.US,95.87
2023-04-05,US0079031078,AMD.US,92.56
2023-04-06,US0079031078,AMD.US,92.47
2023-04-10,US0079031078,AMD.US,95.48
2023-04-11,US0079031078,AMD.US,94.03
2023-04-12,US0079031078,AMD.US,92.33
2023-04-13,US0079031078,AMD.US,92.09
2023-04-14,US0079031078,AMD.US,91.75
2023-04-17,US0079031078,AMD.US,89.87
2023-04-18,US0079031078,AMD.US,89.78
2023-04-19,US0079031078,AMD.US,89.94
2023-04-20,US0079031078,AMD.US,90.11
2023-04-21,US0079031078,AMD.US,88.43
2023-04-24,US0079031078,AMD.US,87.57
2023-04-25,US0079031078,AMD.US,83.8
2023-04-26,US0079031078,AMD.US,85.94
2023-04-27,US0079031078,AMD.US,87.44
2023-04-28,US0079031078,AMD.US,89.37
2023-05-01,US0079031078,AMD.US,89.69
2023-05-02,US0079031078,AMD.US,89.91
2023-05-03,US0079031078,AMD.US,81.62
2023-05-04,US0079031078,AMD.US,86.61
2023-05-05,US0079031078,AMD.US,89.84
2023-05-08,US0079031078,AMD.US,95.04
2023-05-09,US0079031078,AMD.US,95.06
2023-05-10,US0079031078,AMD.US,97.02
2023-05-11,US0079031078,AMD.US,97.1
2023-05-12,US0079031078,AMD.US,95.26
2023-05-15,US0079031078,AMD.US,97.4
2023-05-16,US0079031078,AMD.US,101.48
2023-05-17,US0079031078,AMD.US,103.75
2023-05-18,US0079031078,AMD.US,107.93
2023-05-19,US0079031078,AMD.US,105.82
2023-05-22,US0079031078,AMD.US,108.0
2023-05-23,US0079031078,AMD.US,108.12
2023-05-24,US0079031078,AMD.US,108.27
2023-05-25,US0079031078,AMD.US,120.35
2023-05-26,US0079031078,AMD.US,127.03
2023-05-30,US0079031078,AMD.US,125.27
2023-05-31,US0079031078,AMD.US,118.21
2023-06-01,US0079031078,AMD.US,119.47
2023-06-02,US0079031078,AMD.US,117.86
2023-06-05,US0079031078,AMD.US,117.93
2023-06-06,US0079031078,AMD.US,124.23
2023-06-07,US0079031078,AMD.US,117.83
2023-06-08,US0079031078,AMD.US,121.05
2023-06-09,US0079031078,AMD.US,124.92
2023-06-12,US0079031078,AMD.US,129.19
2023-06-13,US0079031078,AMD.US,124.53
2023-06-14,US0079031078,AMD.US,127.33
2023-06-15,US0079031078,AMD.US,124.24
2023-06-16,US0079031078,AMD.US,120.08
2023-06-20,US0079031078,AMD.US,118.93
2023-06-21,US0079031078,AMD.US,112.11
2023-06-22,US0079031078,AMD.US,110.7
2023-06-23,US0079031078,AMD.US,110.01
2023-06-26,US0079031078,AMD.US,107.51
2023-06-27,US0079031078,AMD.US,110.39
2023-06-28,US0079031078,AMD.US,110.17
2023-06-29,US0079031078,AMD.US,111.24
2023-06-30,US0079031078,AMD.US,113.91
2023-07-03,US0079031078,AMD.US,115.82
2023-07-05,US0079031078,AMD.US,113.95
2023-07-06,US0079031078,AMD.US,113.48
2023-07-07,US0079031078,AMD.US,113.17
2023-07-10,US0079031078,AMD.US,113.58
2023-07-11,US0079031078,AMD.US,111.32
2023-07-12,US0079031078,AMD.US,114.58
2023-07-13,US0079031078,AMD.US,115.92
2023-07-14,US0079031078,AMD.US,115.94
2023-07-17,US0079031078,AMD.US,118.32
2023-07-18,US0079031078,AMD.US,117.93
2023-07-19,US0079031078,AMD.US,116.43
2023-07-20,US0079031078,AMD.US,110.25
2023-07-21,US0079031078,AMD.US,110.95
2023-07-24,US0079031078,AMD.US,110.61
2023-07-25,US0079031078,AMD.US,113.0
2023-07-26,US0079031078,AMD.US,110.09
2023-07-27,US0079031078,AMD.US,111.1
2023-07-28,US0079031078,AMD.US,112.96
2023-07-31,US0079031078,AMD.US,114.4
2023-08-01,US0079031078,AMD.US,117.6
2023-08-02,US0079031078,AMD.US,109.35
2023-08-03,US0079031078,AMD.US,113.15
2023-08-04,US0079031078,AMD.US,115.82
2023-08-07,US0079031078,AMD.US,116.81
2023-08-08,US0079031078,AMD.US,113.23
2023-08-09,US0079031078,AMD.US,110.47
2023-08-10,US0079031078,AMD.US,110.23
2023-08-11,US0079031078,AMD.US,107.57
2023-08-14,US0079031078,AMD.US,111.98
2023-08-15,US0079031078,AMD.US,111.35
2023-08-16,US0079031078,AMD.US,107.19
2023-08-17,US0079031078,AMD.US,104.44
2023-08-18,US0079031078,AMD.US,105.45
2023-08-21,US0079031078,AMD.US,108.22
2023-08-22,US0079031078,AMD.US,105.66
2023-08-23,US0079031078,AMD.US,109.43
2023-08-24,US0079031078,AMD.US,101.8
2023-08-25,US0079031078,AMD.US,102.25
2023-08-28,US0079031078,AMD.US,102.61
2023-08-29,US0079031078,AMD.US,105.92
2023-08-30,US0079031078,AMD.US,106.59
2023-08-31,US0079031078,AMD.US,105.72
2023-09-01,US0079031078,AMD.US,109.45
2023-09-05,US0079031078,AMD.US,110.78
2023-09-06,US0079031078,AMD.US,109.28
2023-09-07,US0079031078,AMD.US,106.59
2023-09-08,US0079031078,AMD.US,106.09
2023-09-11,US0079031078,AMD.US,105.32
2023-09-12,US0079031078,AMD.US,105.31
2023-09-13,US0079031078,AMD.US,107.71
2023-09-14,US0079031078,AMD.US,106.63
2023-09-15,US0079031078,AMD.US,101.49
2023-09-18,US0079031078,AMD.US,102.37
2023-09-19,US0079031078,AMD.US,101.61
2023-09-20,US0079031078,AMD.US,100.34
2023-09-21,US0079031078,AMD.US,96.11
2023-09-22,US0079031078,AMD.US,96.2
2023-09-25,US0079031078,AMD.US,97.38
2023-09-26,US0079031078,AMD.US,95.96
2023-09-27,US0079031078,AMD.US,98.07
2023-09-28,US0079031078,AMD.US,102.76
2023-09-29,US0079031078,AMD.US,102.82
2023-10-02,US0079031078,AMD.US,103.27
2023-10-03,US0079031078,AMD.US,100.08
2023-10-04,US0079031078,AMD.US,104.07
2023-10-05,US0079031078,AMD.US,102.91
2023-10-06,US0079031078,AMD.US,107.24
2023-10-09,US0079031078,AMD.US,106.97
2023-10-10,US0079031078,AMD.US,109.01
2023-10-11,US0079031078,AMD.US,108.31
2023-10-12,US0079031078,AMD.US,108.79
2023-10-13,US0079031078,AMD.US,105.09
2023-10-16,US0079031078,AMD.US,106.46
2023-10-17,US0079031078,AMD.US,105.14
2023-10-18,US0079031078,AMD.US,102.17
2023-10-19,US0079031078,AMD.US,102.4
2023-10-20,US0079031078,AMD.US,101.81
2023-10-23,US0079031078,AMD.US,100.01
2023-10-24,US0079031078,AMD.US,101.67
2023-10-25,US0079031078,AMD.US,96.06
2023-10-26,US0079031078,AMD.US,93.67
2023-10-27,US0079031078,AMD.US,96.43
2023-10-30,US0079031078,AMD.US,96.18
2023-10-31,US0079031078,AMD.US,98.5
2023-11-01,US0079031078,AMD.US,108.04
2023-11-02,US0079031078,AMD.US,107.83
2023-11-03,US0079031078,AMD.US,112.25
2023-11-06,US0079031078,AMD.US,111.75
2023-11-07,US0079031078,AMD.US,113.45
2023-11-08,US0079031078,AMD.US,113.59
2023-11-09,US0079031078,AMD.US,113.49
2023-11-10,US0079031078,AMD.US,118.59
2023-11-13,US0079031078,AMD.US,116.79
2023-11-14,US0079031078,AMD.US,119.88
2023-11-15,US0079031078,AMD.US,118.0
2023-11-16,US0079031078,AMD.US,119.83
2023-11-17,US0079031078,AMD.US,120.62
2023-11-20,US0079031078,AMD.US,121.53
2023-11-21,US0079031078,AMD.US,119.16
2023-11-22,US0079031078,AMD.US,122.51
2023-11-24,US0079031078,AMD.US,122.31
2023-11-27,US0079031078,AMD.US,122.65
2023-11-28,US0079031078,AMD.US,122.01
2023-11-29,US0079031078,AMD.US,123.85
2023-11-30,US0079031078,AMD.US,121.16
2023-12-01,US0079031078,AMD.US,121.39
2023-12-04,US0079031078,AMD.US,118.57
2023-12-05,US0079031078,AMD.US,118.38
2023-12-06,US0079031078,AMD.US,116.82
2023-12-07,US0079031078,AMD.US,128.37
2023-12-08,US0079031078,AMD.US,128.92
2023-12-11,US0079031078,AMD.US,134.41
2023-12-12,US0079031078,AMD.US,137.61
2023-12-13,US0079031078,AMD.US,138.19
2023-12-14,US0079031078,AMD.US,138.0
2023-12-15,US0079031078,AMD.US,139.15
2023-12-18,US0079031078,AMD.US,138.9
2023-12-19,US0079031078,AMD.US,140.15
2023-12-20,US0079031078,AMD.US,135.47
2023-12-21,US0079031078,AMD.US,139.91
2023-12-22,US0079031078,AMD.US,139.6
2023-12-26,US0079031078,AMD.US,143.41
2023-12-27,US0079031078,AMD.US,146.07
2023-12-28,US0079031078,AMD.US,148.76
2023-12-29,US0079031078,AMD.US,147.41
2024-01-02,US0079031078,AMD.US,138.58
2024-01-03,US0079031078,AMD.US,135.32
2024-01-04,US0079031078,AMD.US,136.01
2024-01-05,US0079031078,AMD.US,138.58
2024-01-08,US0079031078,AMD.US,146.18
2024-01-09,US0079031078,AMD.US,149.26
2024-01-10,US0079031078,AMD.US,148.54
2024-01-11,US0079031078,AMD.US,148.02
2024-01-12,US0079031078,AMD.US,146.56
2024-01-16,US0079031078,AMD.US,158.74
2024-01-17,US0079031078,AMD.US,160.17
2024-01-18,US0079031078,AMD.US,162.67
2024-01-19,US0079031078,AMD.US,174.23
2024-01-22,US0079031078,AMD.US,168.18
2024-01-23,US0079031078,AMD.US,168.42
2024-01-24,US0079031078,AMD.US,178.29
2024-01-25,US0079031078,AMD.US,180.33
2024-01-26,US0079031078,AMD.US,177.25
2024-01-29,US0079031078,AMD.US,177.83
2024-01-30,US0079031078,AMD.US,172.06
2024-01-31,US0079031078,AMD.US,167.69
2024-02-01,US0079031078,AMD.US,170.48
2024-02-02,US0079031078,AMD.US,177.66
2024-02-05,US0079031078,AMD.US,174.23
2024-02-06,US0079031078,AMD.US,167.88
2024-02-07,US0079031078,AMD.US,170.94
2024-02-08,US0079031078,AMD.US,169.35
2024-02-09,US0079031078,AMD.US,172.48
2024-02-12,US0079031078,AMD.US,171.91
2024-02-13,US0079031078,AMD.US,171.54
2024-02-14,US0079031078,AMD.US,178.7
2024-02-15,US0079031078,AMD.US,176.76
2024-02-16,US0079031078,AMD.US,173.87
2024-02-20,US0079031078,AMD.US,165.69
2024-02-21,US0079031078,AMD.US,164.29
2024-02-22,US0079031078,AMD.US,181.86
2024-02-23,US0079031078,AMD.US,176.52
2024-02-26,US0079031078,AMD.US,176.01
2024-02-27,US0079031078,AMD.US,178.0
2024-02-28,US0079031078,AMD.US,176.54
2024-02-29,US0079031078,AMD.US,192.53
2024-03-01,US0079031078,AMD.US,202.64
2024-03-04,US0079031078,AMD.US,205.36
2024-03-05,US0079031078,AMD.US,205.13
2024-03-06,US0079031078,AMD.US,210.63
2024-03-07,US0079031078,AMD.US,211.38
2024-03-08,US0079031078,AMD.US,207.39
2024-03-11,US0079031078,AMD.US,198.39
2024-03-12,US0079031078,AMD.US,202.76
2024-03-13,US0079031078,AMD.US,194.79
2024-03-14,US0079031078,AMD.US,187.06
2024-03-15,US0079031078,AMD.US,191.06
2024-03-18,US0079031078,AMD.US,190.65
2024-03-19,US0079031078,AMD.US,181.42
2024-03-20,US0079031078,AMD.US,179.73
2024-03-21,US0079031078,AMD.US,178.68
2024-03-22,US0079031078,AMD.US,179.65
2024-03-25,US0079031078,AMD.US,178.63
2024-03-26,US0079031078,AMD.US,177.87
2024-03-27,US0079031078,AMD.US,179.59
2024-03-28,US0079031078,AMD.US,180.49
2024-04-01,US0079031078,AMD.US,183.34
2024-04-02,US0079031078,AMD.US,178.7
2024-04-03,US0079031078,AMD.US,180.77
2024-04-04,US0079031078,AMD.US,165.83
2024-04-05,US0079031078,AMD.US,170.42
2024-04-08,US0079031078,AMD.US,169.9
2024-04-09,US0079031078,AMD.US,170.78
2024-04-10,US0079031078,AMD.US,167.14
2024-04-11,US0079031078,AMD.US,170.5
2024-04-12,US0079031078,AMD.US,163.28
2024-04-15,US0079031078,AMD.US,160.32
2024-04-16,US0079031078,AMD.US,163.46
2024-04-17,US0079031078,AMD.US,154.02
2024-04-18,US0079031078,AMD.US,155.08
2024-04-19,US0079031078,AMD.US,146.64
2024-04-22,US0079031078,AMD.US,148.64
2024-04-23,US0079031078,AMD.US,152.27
2024-04-24,US0079031078,AMD.US,151.74
2024-04-25,US0079031078,AMD.US,153.76
2024-04-26,US0079031078,AMD.US,157.4
2024-04-29,US0079031078,AMD.US,160.2
2024-04-30,US0079031078,AMD.US,158.38
2024-05-01,US0079031078,AMD.US,144.27
2024-05-02,US0079031078,AMD.US,146.16
2024-05-03,US0079031078,AMD.US,150.6
2024-05-06,US0079031078,AMD.US,155.78
2024-05-07,US0079031078,AMD.US,154.43
2024-05-08,US0079031078,AMD.US,153.62
2024-05-09,US0079031078,AMD.US,152.39
2024-05-10,US0079031078,AMD.US,151.92
2024-05-13,US0079031078,AMD.US,150.56
2024-05-14,US0079031078,AMD.US,153.16
2024-05-15,US0079031078,AMD.US,159.67
2024-05-16,US0079031078,AMD.US,162.62
2024-05-17,US0079031078,AMD.US,164.47
2024-05-20,US0079031078,AMD.US,166.33
2024-05-21,US0079031078,AMD.US,164.66
2024-05-22,US0079031078,AMD.US,165.52
2024-05-23,US0079031078,AMD.US,160.43
2024-05-24,US0079031078,AMD.US,166.36
2024-05-28,US0079031078,AMD.US,171.61
2024-05-29,US0079031078,AMD.US,165.14
2024-05-30,US0079031078,AMD.US,166.75
2024-05-31,US0079031078,AMD.US,166.9
2024-06-03,US0079031078,AMD.US,163.55
2024-06-04,US0079031078,AMD.US,159.99
2024-06-05,US0079031078,AMD.US,166.17
2024-06-06,US0079031078,AMD.US,166.78
2024-06-07,US0079031078,AMD.US,167.87
2024-06-10,US0079031078,AMD.US,160.34
2024-06-11,US0079031078,AMD.US,158.96
2024-06-12,US0079031078,AMD.US,160.24
2024-06-13,US0079031078,AMD.US,159.9
2024-06-14,US0079031078,AMD.US,159.63
2024-06-17,US0079031078,AMD.US,158.4
2024-06-18,US0079031078,AMD.US,154.63
2024-06-20,US0079031078,AMD.US,161.78
2024-06-21,US0079031078,AMD.US,161.23
2024-06-24,US0079031078,AMD.US,160.25
2024-06-25,US0079031078,AMD.US,160.25
2024-06-26,US0079031078,AMD.US,157.54
2024-06-27,US0079031078,AMD.US,159.47
2024-06-28,US0079031078,AMD.US,162.21
2024-07-01,US0079031078,AMD.US,157.69
2024-07-02,US0079031078,AMD.US,164.31
2024-07-03,US0079031078,AMD.US,163.9
2024-07-05,US0079031078,AMD.US,171.9
2024-07-08,US0079031078,AMD.US,178.69
2024-07-09,US0079031078,AMD.US,177.1
2024-07-10,US0079031078,AMD.US,183.96
2024-07-11,US0079031078,AMD.US,181.94
2024-07-12,US0079031078,AMD.US,181.61
2024-07-15,US0079031078,AMD.US,179.83
2024-07-16,US0079031078,AMD.US,177.55
2024-07-17,US0079031078,AMD.US,159.43
2024-07-18,US0079031078,AMD.US,155.77
2024-07-19,US0079031078,AMD.US,151.58
2024-07-22,US0079031078,AMD.US,155.87
2024-07-23,US0079031078,AMD.US,154.0
2024-07-24,US0079031078,AMD.US,144.63
2024-07-25,US0079031078,AMD.US,138.32
2024-07-26,US0079031078,AMD.US,139.99
2024-07-29,US0079031078,AMD.US,139.75
2024-07-30,US0079031078,AMD.US,138.44
2024-07-31,US0079031078,AMD.US,144.48
2024-08-01,US0079031078,AMD.US,132.54
2024-08-02,US0079031078,AMD.US,132.5
2024-08-05,US0079031078,AMD.US,134.82
2024-08-06,US0079031078,AMD.US,130.18
2024-08-07,US0079031078,AMD.US,128.67
2024-08-08,US0079031078,AMD.US,136.32
2024-08-09,US0079031078,AMD.US,134.27
2024-08-12,US0079031078,AMD.US,136.77
2024-08-13,US0079031078,AMD.US,141.13
2024-08-14,US0079031078,AMD.US,140.75
2024-08-15,US0079031078,AMD.US,147.36
2024-08-16,US0079031078,AMD.US,148.56
2024-08-19,US0079031078,AMD.US,155.28
2024-08-20,US0079031078,AMD.US,156.4
2024-08-21,US0079031078,AMD.US,157.81
2024-08-22,US0079031078,AMD.US,151.7
2024-08-23,US0079031078,AMD.US,154.98
2024-08-26,US0079031078,AMD.US,149.99
2024-08-27,US0079031078,AMD.US,150.5
2024-08-28,US0079031078,AMD.US,146.36
2024-08-29,US0079031078,AMD.US,145.49
2024-08-30,US0079031078,AMD.US,148.56
2024-09-03,US0079031078,AMD.US,136.94
2024-09-04,US0079031078,AMD.US,140.87
2024-09-05,US0079031078,AMD.US,139.44
2024-09-06,US0079031078,AMD.US,134.35
2024-09-09,US0079031078,AMD.US,138.15
2024-09-10,US0079031078,AMD.US,142.84
2024-09-11,US0079031078,AMD.US,149.86
2024-09-12,US0079031078,AMD.US,150.77
2024-09-13,US0079031078,AMD.US,152.31
2024-09-16,US0079031078,AMD.US,152.08
2024-09-17,US0079031078,AMD.US,150.82
2024-09-18,US0079031078,AMD.US,148.29
2024-09-19,US0079031078,AMD.US,156.74
2024-09-20,US0079031078,AMD.US,155.95
2024-09-23,US0079031078,AMD.US,156.75
2024-09-24,US0079031078,AMD.US,158.32
2024-09-25,US0079031078,AMD.US,162.02
2024-09-26,US0079031078,AMD.US,167.49
2024-09-27,US0079031078,AMD.US,164.35
2024-09-30,US0079031078,AMD.US,164.08
2024-10-01,US0079031078,AMD.US,159.75
2024-10-02,US0079031078,AMD.US,159.78
2024-10-03,US0079031078,AMD.US,162.85
2024-10-04,US0079031078,AMD.US,170.9
2024-10-07,US0079031078,AMD.US,170.97
2024-10-08,US0079031078,AMD.US,172.8
2024-10-09,US0079031078,AMD.US,171.02
2024-10-10,US0079031078,AMD.US,164.18
2024-10-11,US0079031078,AMD.US,167.89
2024-10-14,US0079031078,AMD.US,165.27
2024-10-15,US0079031078,AMD.US,156.64
2024-10-16,US0079031078,AMD.US,156.13
2024-10-17,US0079031078,AMD.US,156.25
2024-10-18,US0079031078,AMD.US,155.97
2024-10-21,US0079031078,AMD.US,157.9
2024-10-22,US0079031078,AMD.US,154.09
2024-10-23,US0079031078,AMD.US,152.91
2024-10-24,US0079031078,AMD.US,153.44
2024-10-25,US0079031078,AMD.US,156.23
2024-10-28,US0079031078,AMD.US,159.92
2024-10-29,US0079031078,AMD.US,166.25
2024-10-30,US0079031078,AMD.US,148.6
2024-10-31,US0079031078,AMD.US,144.07
2024-11-01,US0079031078,AMD.US,141.86
2024-11-04,US0079031078,AMD.US,140.71
2024-11-05,US0079031078,AMD.US,141.66
2024-11-06,US0079031078,AMD.US,145.1
2024-11-07,US0079031078,AMD.US,149.82
2024-11-08,US0079031078,AMD.US,147.95
2024-11-11,US0079031078,AMD.US,147.35
2024-11-12,US0079031078,AMD.US,143.63
2024-11-13,US0079031078,AMD.US,139.3
2024-11-14,US0079031078,AMD.US,138.84
2024-11-15,US0079031078,AMD.US,134.9
2024-11-18,US0079031078,AMD.US,138.93
2024-11-19,US0079031078,AMD.US,139.39
2024-11-20,US0079031078,AMD.US,137.6
2024-11-21,US0079031078,AMD.US,137.49
2024-11-22,US0079031078,AMD.US,138.35
2024-11-25,US0079031078,AMD.US,141.13
2024-11-26,US0079031078,AMD.US,137.72
2024-11-27,US0079031078,AMD.US,136.24
2024-11-29,US0079031078,AMD.US,137.18
2024-12-02,US0079031078,AMD.US,142.06
2024-12-03,US0079031078,AMD.US,141.98
2024-12-04,US0079031078,AMD.US,143.99
2024-12-05,US0079031078,AMD.US,141.36
2024-12-06,US0079031078,AMD.US,138.59
2024-12-09,US0079031078,AMD.US,130.87
2024-12-10,US0079031078,AMD.US,127.74
2024-12-11,US0079031078,AMD.US,130.15
2024-12-12,US0079031078,AMD.US,130.6
2024-12-13,US0079031078,AMD.US,126.91
2024-12-16,US0079031078,AMD.US,126.69
2024-12-17,US0079031078,AMD.US,125.02
2024-12-18,US0079031078,AMD.US,121.41
2024-12-19,US0079031078,AMD.US,118.88
2024-12-20,US0079031078,AMD.US,119.21
2024-12-23,US0079031078,AMD.US,124.6
2024-12-24,US0079031078,AMD.US,126.29
2024-12-26,US0079031078,AMD.US,125.06
2024-12-27,US0079031078,AMD.US,125.19
2024-12-30,US0079031078,AMD.US,122.44
2024-12-31,US0079031078,AMD.US,120.79
2025-01-02,US0079031078,AMD.US,120.63
2025-01-03,US0079031078,AMD.US,125.37
2025-01-06,US0079031078,AMD.US,129.55
2025-01-07,US0079031078,AMD.US,127.33
2025-01-08,US0079031078,AMD.US,121.84
2025-01-10,US0079031078,AMD.US,116.04
2025-01-13,US0079031078,AMD.US,117.32
2025-01-14,US0079031078,AMD.US,116.09
2025-01-15,US0079031078,AMD.US,119.96
2025-01-16,US0079031078,AMD.US,118.44
2025-01-17,US0079031078,AMD.US,121.46
2025-01-21,US0079031078,AMD.US,122.28
2025-01-22,US0079031078,AMD.US,123.75
2025-01-23,US0079031078,AMD.US,123.04
2025-01-24,US0079031078,AMD.US,122.84
2025-01-27,US0079031078,AMD.US,115.01
2025-01-28,US0079031078,AMD.US,114.17
2025-01-29,US0079031078,AMD.US,117.35
2025-01-30,US0079031078,AMD.US,118.86
2025-01-31,US0079031078,AMD.US,115.95
2025-02-03,US0079031078,AMD.US,114.27
2025-02-04,US0079031078,AMD.US,119.5
2025-02-05,US0079031078,AMD.US,112.01
2025-02-06,US0079031078,AMD.US,110.16
2025-02-07,US0079031078,AMD.US,107.56
2025-02-10,US0079031078,AMD.US,110.48
2025-02-11,US0079031078,AMD.US,111.1
2025-02-12,US0079031078,AMD.US,111.72
2025-02-13,US0079031078,AMD.US,111.81
2025-02-14,US0079031078,AMD.US,113.1
2025-02-18,US0079031078,AMD.US,114.28
2025-02-19,US0079031078,AMD.US,114.69
2025-02-20,US0079031078,AMD.US,114.17
2025-02-21,US0079031078,AMD.US,110.84
2025-02-24,US0079031078,AMD.US,108.11
2025-02-25,US0079031078,AMD.US,103.96
2025-02-26,US0079031078,AMD.US,104.74
2025-02-27,US0079031078,AMD.US,99.51
2025-02-28,US0079031078,AMD.US,99.86
2025-03-03,US0079031078,AMD.US,98.23
2025-03-04,US0079031078,AMD.US,100.75
2025-03-05,US0079031078,AMD.US,101.67
2025-03-06,US0079031078,AMD.US,98.85
2025-03-07,US0079031078,AMD.US,100.31
2025-03-10,US0079031078,AMD.US,96.63
2025-03-11,US0079031078,AMD.US,96.76
2025-03-12,US0079031078,AMD.US,100.79
2025-03-13,US0079031078,AMD.US,98.11
2025-03-14,US0079031078,AMD.US,100.97
2025-03-17,US0079031078,AMD.US,104.59
2025-03-18,US0079031078,AMD.US,103.51
2025-03-19,US0079031078,AMD.US,106.23
2025-03-20,US0079031078,AMD.US,107.14
2025-03-21,US0079031078,AMD.US,106.44
2025-03-24,US0079031078,AMD.US,113.85
2025-03-25,US0079031078,AMD.US,114.81
2025-03-26,US0079031078,AMD.US,110.19
2025-03-27,US0079031078,AMD.US,106.65
2025-03-28,US0079031078,AMD.US,103.22
2025-03-31,US0079031078,AMD.US,102.74
2025-04-01,US0079031078,AMD.US,102.78
2025-04-02,US0079031078,AMD.US,102.96
2025-04-03,US0079031078,AMD.US,93.8
2025-04-04,US0079031078,AMD.US,85.76
2025-04-07,US0079031078,AMD.US,83.64
2025-04-08,US0079031078,AMD.US,78.21
2025-04-09,US0079031078,AMD.US,96.84
2025-04-10,US0079031078,AMD.US,88.7
2025-04-11,US0079031078,AMD.US,93.4
2025-04-14,US0079031078,AMD.US,94.5
2025-04-15,US0079031078,AMD.US,95.29
2025-04-16,US0079031078,AMD.US,88.29
2025-04-17,US0079031078,AMD.US,87.5
2025-04-21,US0079031078,AMD.US,85.56
2025-04-22,US0079031078,AMD.US,86.26
2025-04-23,US0079031078,AMD.US,90.39
2025-04-24,US0079031078,AMD.US,94.47
2025-04-25,US0079031078,AMD.US,96.65
2025-04-28,US0079031078,AMD.US,96.39
2025-04-29,US0079031078,AMD.US,96.06
2025-04-30,US0079031078,AMD.US,97.35
2025-05-01,US0079031078,AMD.US,96.65
2025-05-02,US0079031078,AMD.US,98.8
2025-05-05,US0079031078,AMD.US,100.59
2025-05-06,US0079031078,AMD.US,98.62
2025-05-07,US0079031078,AMD.US,100.36
2025-05-08,US0079031078,AMD.US,101.7
2025-05-09,US0079031078,AMD.US,102.84
2025-05-12,US0079031078,AMD.US,108.12
2025-05-13,US0079031078,AMD.US,112.46
2025-05-14,US0079031078,AMD.US,117.72
2025-05-15,US0079031078,AMD.US,114.99
2025-05-16,US0079031078,AMD.US,117.17
2025-05-19,US0079031078,AMD.US,114.74
2025-05-20,US0079031078,AMD.US,113.51
2025-05-21,US0079031078,AMD.US,112.06
2025-05-22,US0079031078,AMD.US,110.71
2025-05-23,US0079031078,AMD.US,110.31
2025-05-27,US0079031078,AMD.US,114.56
2025-05-28,US0079031078,AMD.US,112.86
2025-05-29,US0079031078,AMD.US,113.03
2025-05-30,US0079031078,AMD.US,110.73
2025-06-02,US0079031078,AMD.US,114.63
2025-06-03,US0079031078,AMD.US,117.31
2025-06-04,US0079031078,AMD.US,118.58
2025-06-05,US0079031078,AMD.US,115.69
2025-06-06,US0079031078,AMD.US,116.19
2025-06-09,US0079031078,AMD.US,121.73
2025-06-10,US0079031078,AMD.US,123.24
2025-06-11,US0079031078,AMD.US,121.14
2025-06-12,US0079031078,AMD.US,118.5
2025-06-13,US0079031078,AMD.US,116.16
2025-06-16,US0079031078,AMD.US,126.39
2025-06-17,US0079031078,AMD.US,127.1
2025-06-18,US0079031078,AMD.US,126.79
2025-06-20,US0079031078,AMD.US,128.24
2025-06-23,US0079031078,AMD.US,129.58
2025-06-24,US0079031078,AMD.US,138.43
2025-06-25,US0079031078,AMD.US,143.4
2025-06-26,US0079031078,AMD.US,143.68
2025-06-27,US0079031078,AMD.US,143.81
2025-06-30,US0079031078,AMD.US,141.9
2025-07-01,US0079031078,AMD.US,136.11
2025-07-02,US0079031078,AMD.US,138.52
2025-07-03,US0079031078,AMD.US,137.91
2025-07-07,US0079031078,AMD.US,134.8
2025-07-08,US0079031078,AMD.US,137.82
2025-07-09,US0079031078,AMD.US,138.41
2025-07-10,US0079031078,AMD.US,144.16
2025-07-11,US0079031078,AMD.US,146.42
2025-07-14,US0079031078,AMD.US,146.24
2025-07-15,US0079031078,AMD.US,155.61
2025-07-16,US0079031078,AMD.US,160.08
2025-07-17,US0079031078,AMD.US,160.41
2025-07-18,US0079031078,AMD.US,156.99
2025-07-21,US0079031078,AMD.US,157.0
2025-07-22,US0079031078,AMD.US,154.72
2025-07-23,US0079031078,AMD.US,158.65
2025-07-24,US0079031078,AMD.US,162.12
2025-07-25,US0079031078,AMD.US,166.47
2025-07-28,US0079031078,AMD.US,173.66
2025-07-29,US0079031078,AMD.US,177.44
2025-07-30,US0079031078,AMD.US,179.51
2025-07-31,US0079031078,AMD.US,176.31
2025-08-01,US0079031078,AMD.US,171.7
2025-08-04,US0079031078,AMD.US,176.78
2025-08-05,US0079031078,AMD.US,174.31
2025-08-06,US0079031078,AMD.US,163.12
2025-08-07,US0079031078,AMD.US,172.4
2025-08-08,US0079031078,AMD.US,172.76
2025-08-11,US0079031078,AMD.US,172.28
2025-08-12,US0079031078,AMD.US,174.95
2025-08-13,US0079031078,AMD.US,184.42
2025-08-14,US0079031078,AMD.US,180.95
2025-08-15,US0079031078,AMD.US,177.51
2025-08-18,US0079031078,AMD.US,176.14
2025-08-19,US0079031078,AMD.US,166.55
2025-08-20,US0079031078,AMD.US,165.2
2025-08-21,US0079031078,AMD.US,163.71
2025-08-22,US0079031078,AMD.US,167.76
2025-08-25,US0079031078,AMD.US,163.36
2025-08-26,US0079031078,AMD.US,166.62
2025-08-27,US0079031078,AMD.US,167.13
2025-08-28,US0079031078,AMD.US,168.58
2025-08-29,US0079031078,AMD.US,162.63
2025-09-02,US0079031078,AMD.US,162.32
2025-09-03,US0079031078,AMD.US,162.13
2025-09-04,US0079031078,AMD.US,161.79
2025-09-05,US0079031078,AMD.US,151.14
2025-09-08,US0079031078,AMD.US,151.41
2025-09-09,US0079031078,AMD.US,155.82
2025-09-10,US0079031078,AMD.US,159.54
2025-09-11,US0079031078,AMD.US,155.67
2025-09-12,US0079031078,AMD.US,158.57
2025-09-15,US0079031078,AMD.US,161.16
2025-09-16,US0079031078,AMD.US,160.46
2025-09-17,US0079031078,AMD.US,159.16
2025-09-18,US0079031078,AMD.US,157.92
2025-09-19,US0079031078,AMD.US,157.39
2025-09-22,US0079031078,AMD.US,159.79
2025-09-23,US0079031078,AMD.US,160.9
2025-09-24,US0079031078,AMD.US,160.88
2025-09-25,US0079031078,AMD.US,161.27
2025-09-26,US0079031078,AMD.US,159.46
2025-09-29,US0079031078,AMD.US,161.36
2025-09-30,US0079031078,AMD.US,161.79
2025-10-01,US0079031078,AMD.US,164.01
2025-10-02,US0079031078,AMD.US,169.73
2025-10-03,US0079031078,AMD.US,164.67
2025-10-06,US0079031078,AMD.US,203.71
2025-10-07,US0079031078,AMD.US,211.51
2025-10-08,US0079031078,AMD.US,235.56
2025-10-09,US0079031078,AMD.US,232.89
2025-10-10,US0079031078,AMD.US,214.9
2025-10-13,US0079031078,AMD.US,216.42
2025-10-14,US0079031078,AMD.US,218.09
2025-10-15,US0079031078,AMD.US,238.6
2025-10-16,US0079031078,AMD.US,234.56
2025-10-17,US0079031078,AMD.US,233.08
2025-10-20,US0079031078,AMD.US,240.56
2025-10-21,US0079031078,AMD.US,238.03
2025-10-22,US0079031078,AMD.US,230.23
2025-10-23,US0079031078,AMD.US,234.99
2025-10-24,US0079031078,AMD.US,252.92
2025-10-27,US0079031078,AMD.US,259.67
2025-10-28,US0079031078,AMD.US,258.01
2025-10-29,US0079031078,AMD.US,264.33
2025-10-30,US0079031078,AMD.US,254.84
2025-10-31,US0079031078,AMD.US,256.12
2025-11-03,US0079031078,AMD.US,259.65
2025-11-04,US0079031078,AMD.US,250.05
2025-11-05,US0079031078,AMD.US,256.33
2025-11-06,US0079031078,AMD.US,237.7
2025-11-07,US0079031078,AMD.US,233.54
2025-11-10,US0079031078,AMD.US,243.98
2025-11-11,US0079031078,AMD.US,237.52
2025-11-12,US0079031078,AMD.US,258.89
2025-11-13,US0079031078,AMD.US,247.96
2025-11-14,US0079031078,AMD.US,246.81
2025-11-17,US0079031078,AMD.US,240.52
2025-11-18,US0079031078,AMD.US,230.29
2025-11-19,US0079031078,AMD.US,223.55
2025-11-20,US0079031078,AMD.US,206.02
2025-11-21,US0079031078,AMD.US,203.78
2025-11-24,US0079031078,AMD.US,215.05
2025-11-25,US0079031078,AMD.US,206.13
2025-11-26,US0079031078,AMD.US,214.24
2025-11-28,US0079031078,AMD.US,217.53
2025-12-01,US0079031078,AMD.US,219.76
2025-12-02,US0079031078,AMD.US,215.24
2025-12-03,US0079031078,AMD.US,217.6
2025-12-04,US0079031078,AMD.US,215.98
2025-12-05,US0079031078,AMD.US,217.97
2025-12-08,US0079031078,AMD.US,221.11
2025-12-09,US0079031078,AMD.US,221.62
2025-12-10,US0079031078,AMD.US,221.42
2025-12-11,US0079031078,AMD.US,221.43
2025-12-12,US0079031078,AMD.US,210.78
2025-12-15,US0079031078,AMD.US,207.58
2025-12-16,US0079031078,AMD.US,209.17
2025-12-17,US0079031078,AMD.US,198.11
2025-12-18,US0079031078,AMD.US,201.06
2025-12-19,US0079031078,AMD.US,213.43
2025-12-22,US0079031078,AMD.US,214.95
2025-12-23,US0079031078,AMD.US,214.9
2025-12-24,US0079031078,AMD.US,215.04
2025-12-26,US0079031078,AMD.US,214.99
2025-12-29,US0079031078,AMD.US,215.61
2025-12-30,US0079031078,AMD.US,215.34
2025-12-31,US0079031078,AMD.US,214.16
2026-01-02,US0079031078,AMD.US,223.47
2026-01-05,US0079031078,AMD.US,221.08
2026-01-06,US0079031078,AMD.US,214.35
2026-01-07,US0079031078,AMD.US,210.02
2026-01-08,US0079031078,AMD.US,204.68
2026-01-09,US0079031078,AMD.US,203.17
2026-01-12,US0079031078,AMD.US,207.69
2026-01-13,US0079031078,AMD.US,220.97
2026-01-14,US0079031078,AMD.US,223.6
2026-01-15,US0079031078,AMD.US,227.92
2026-01-16,US0079031078,AMD.US,231.83
2026-01-20,US0079031078,AMD.US,231.92
2026-01-21,US0079031078,AMD.US,249.8
2026-01-22,US0079031078,AMD.US,253.73
2026-01-23,US0079031078,AMD.US,259.68
2026-01-26,US0079031078,AMD.US,251.31
2026-01-27,US0079031078,AMD.US,252.03
2026-01-28,US0079031078,AMD.US,252.74
2026-01-29,US0079031078,AMD.US,252.18
2026-01-30,US0079031078,AMD.US,236.73
2026-02-02,US0079031078,AMD.US,246.27
2026-02-03,US0079031078,AMD.US,242.11
2026-02-04,US0079031078,AMD.US,200.19
2026-02-05,US0079031078,AMD.US,192.5
2026-02-06,US0079031078,AMD.US,208.44
2026-02-09,US0079031078,AMD.US,216.0
2026-02-10,US0079031078,AMD.US,213.57
2026-02-11,US0079031078,AMD.US,213.58
2026-02-12,US0079031078,AMD.US,205.94
2026-02-13,US0079031078,AMD.US,207.32
2026-02-17,US0079031078,AMD.US,203.08
2026-02-18,US0079031078,AMD.US,200.12
2026-02-19,US0079031078,AMD.US,203.37
2026-02-20,US0079031078,AMD.US,200.15
2026-02-23,US0079031078,AMD.US,196.6
2026-02-24,US0079031078,AMD.US,213.84
2026-02-25,US0079031078,AMD.US,210.86
2026-02-26,US0079031078,AMD.US,203.68
2026-02-27,US0079031078,AMD.US,200.21
2026-03-02,US0079031078,AMD.US,198.62
2026-03-03,US0079031078,AMD.US,190.95
2026-03-04,US0079031078,AMD.US,202.07
2026-03-05,US0079031078,AMD.US,199.45
2026-03-06,US0079031078,AMD.US,192.43
2026-03-09,US0079031078,AMD.US,202.68
2026-03-10,US0079031078,AMD.US,203.23
2026-03-11,US0079031078,AMD.US,204.83
2026-03-12,US0079031078,AMD.US,197.74
2026-03-13,US0079031078,AMD.US,193.39
2026-03-16,US0079031078,AMD.US,196.58
2026-03-17,US0079031078,AMD.US,196.31
2026-03-18,US0079031078,AMD.US,199.46
2026-03-19,US0079031078,AMD.US,205.27
2026-03-20,US0079031078,AMD.US,201.33
2026-03-23,US0079031078,AMD.US,202.68
2026-03-24,US0079031078,AMD.US,205.37
2026-03-25,US0079031078,AMD.US,220.27
2026-03-26,US0079031078,AMD.US,203.77
2026-03-27,US0079031078,AMD.US,201.99
2026-03-30,US0079031078,AMD.US,196.04
2026-03-31,US0079031078,AMD.US,203.43
2026-04-01,US0079031078,AMD.US,210.21
2026-04-02,US0079031078,AMD.US,217.5
2026-04-06,US0079031078,AMD.US,220.18
2026-04-07,US0079031078,AMD.US,221.53
2026-04-08,US0079031078,AMD.US,231.82
2026-04-09,US0079031078,AMD.US,236.64
2026-04-10,US0079031078,AMD.US,245.04
2026-04-13,US0079031078,AMD.US,246.83
2026-04-14,US0079031078,AMD.US,255.07
2026-04-15,US0079031078,AMD.US,258.12
2026-04-16,US0079031078,AMD.US,278.26
2026-04-17,US0079031078,AMD.US,278.39
2026-04-20,US0079031078,AMD.US,274.95
2026-04-21,US0079031078,AMD.US,284.49
2026-04-22,US0079031078,AMD.US,303.46
2026-04-23,US0079031078,AMD.US,305.33
2026-04-24,US0079031078,AMD.US,347.81
2020-12-10,US0090661010,ABNB.US,144.71
2020-12-11,US0090661010,ABNB.US,139.25
2020-12-14,US0090661010,ABNB.US,130.0
2020-12-15,US0090661010,ABNB.US,124.8
2020-12-16,US0090661010,ABNB.US,137.99
2020-12-17,US0090661010,ABNB.US,147.05
2020-12-18,US0090661010,ABNB.US,157.3
2020-12-21,US0090661010,ABNB.US,163.02
2020-12-22,US0090661010,ABNB.US,163.19
2020-12-23,US0090661010,ABNB.US,158.01
2020-12-24,US0090661010,ABNB.US,154.84
2020-12-28,US0090661010,ABNB.US,149.0
2020-12-29,US0090661010,ABNB.US,150.0
2020-12-30,US0090661010,ABNB.US,148.43
2020-12-31,US0090661010,ABNB.US,146.8
2021-01-04,US0090661010,ABNB.US,139.15
2021-01-05,US0090661010,ABNB.US,148.3
2021-01-06,US0090661010,ABNB.US,142.77
2021-01-07,US0090661010,ABNB.US,151.27
2021-01-08,US0090661010,ABNB.US,149.77
2021-01-11,US0090661010,ABNB.US,148.13
2021-01-12,US0090661010,ABNB.US,160.8
2021-01-13,US0090661010,ABNB.US,169.99
2021-01-14,US0090661010,ABNB.US,180.5
2021-01-15,US0090661010,ABNB.US,169.27
2021-01-19,US0090661010,ABNB.US,173.69
2021-01-20,US0090661010,ABNB.US,161.83
2021-01-21,US0090661010,ABNB.US,180.4
2021-01-22,US0090661010,ABNB.US,181.87
2021-01-25,US0090661010,ABNB.US,177.53
2021-01-26,US0090661010,ABNB.US,192.74
2021-01-27,US0090661010,ABNB.US,201.25
2021-01-28,US0090661010,ABNB.US,187.37
2021-01-29,US0090661010,ABNB.US,183.63
2021-02-01,US0090661010,ABNB.US,180.44
2021-02-02,US0090661010,ABNB.US,179.17
2021-02-03,US0090661010,ABNB.US,185.72
2021-02-04,US0090661010,ABNB.US,195.8
2021-02-05,US0090661010,ABNB.US,195.31
2021-02-08,US0090661010,ABNB.US,200.43
2021-02-09,US0090661010,ABNB.US,199.88
2021-02-10,US0090661010,ABNB.US,211.66
2021-02-11,US0090661010,ABNB.US,216.84
2021-02-12,US0090661010,ABNB.US,212.68
2021-02-16,US0090661010,ABNB.US,209.86
2021-02-17,US0090661010,ABNB.US,201.96
2021-02-18,US0090661010,ABNB.US,198.04
2021-02-19,US0090661010,ABNB.US,201.07
2021-02-22,US0090661010,ABNB.US,195.34
2021-02-23,US0090661010,ABNB.US,187.59
2021-02-24,US0090661010,ABNB.US,200.2
2021-02-25,US0090661010,ABNB.US,182.06
2021-02-26,US0090661010,ABNB.US,206.35
2021-03-01,US0090661010,ABNB.US,196.42
2021-03-02,US0090661010,ABNB.US,189.9
2021-03-03,US0090661010,ABNB.US,180.4
2021-03-04,US0090661010,ABNB.US,180.23
2021-03-05,US0090661010,ABNB.US,179.81
2021-03-08,US0090661010,ABNB.US,180.81
2021-03-09,US0090661010,ABNB.US,183.11
2021-03-10,US0090661010,ABNB.US,183.79
2021-03-11,US0090661010,ABNB.US,197.87
2021-03-12,US0090661010,ABNB.US,206.74
2021-03-15,US0090661010,ABNB.US,209.99
2021-03-16,US0090661010,ABNB.US,200.01
2021-03-17,US0090661010,ABNB.US,201.36
2021-03-18,US0090661010,ABNB.US,191.45
2021-03-19,US0090661010,ABNB.US,194.39
2021-03-22,US0090661010,ABNB.US,195.0
2021-03-23,US0090661010,ABNB.US,187.14
2021-03-24,US0090661010,ABNB.US,178.85
2021-03-25,US0090661010,ABNB.US,176.16
2021-03-26,US0090661010,ABNB.US,174.4
2021-03-29,US0090661010,ABNB.US,182.5
2021-03-30,US0090661010,ABNB.US,183.1
2021-03-31,US0090661010,ABNB.US,187.94
2021-04-01,US0090661010,ABNB.US,188.24
2021-04-05,US0090661010,ABNB.US,186.69
2021-04-06,US0090661010,ABNB.US,190.03
2021-04-07,US0090661010,ABNB.US,179.94
2021-04-08,US0090661010,ABNB.US,180.18
2021-04-09,US0090661010,ABNB.US,179.5
2021-04-12,US0090661010,ABNB.US,176.49
2021-04-13,US0090661010,ABNB.US,177.95
2021-04-14,US0090661010,ABNB.US,176.43
2021-04-15,US0090661010,ABNB.US,175.35
2021-04-16,US0090661010,ABNB.US,178.69
2021-04-19,US0090661010,ABNB.US,174.58
2021-04-20,US0090661010,ABNB.US,169.57
2021-04-21,US0090661010,ABNB.US,167.07
2021-04-22,US0090661010,ABNB.US,170.71
2021-04-23,US0090661010,ABNB.US,174.25
2021-04-26,US0090661010,ABNB.US,174.88
2021-04-27,US0090661010,ABNB.US,177.94
2021-04-28,US0090661010,ABNB.US,180.0
2021-04-29,US0090661010,ABNB.US,177.68
2021-04-30,US0090661010,ABNB.US,172.71
2021-05-03,US0090661010,ABNB.US,168.11
2021-05-04,US0090661010,ABNB.US,168.9
2021-05-05,US0090661010,ABNB.US,162.33
2021-05-06,US0090661010,ABNB.US,153.64
2021-05-07,US0090661010,ABNB.US,151.21
2021-05-10,US0090661010,ABNB.US,146.73
2021-05-11,US0090661010,ABNB.US,142.73
2021-05-12,US0090661010,ABNB.US,140.25
2021-05-13,US0090661010,ABNB.US,135.75
2021-05-14,US0090661010,ABNB.US,141.2
2021-05-17,US0090661010,ABNB.US,132.5
2021-05-18,US0090661010,ABNB.US,135.02
2021-05-19,US0090661010,ABNB.US,138.19
2021-05-20,US0090661010,ABNB.US,136.2
2021-05-21,US0090661010,ABNB.US,134.71
2021-05-24,US0090661010,ABNB.US,135.91
2021-05-25,US0090661010,ABNB.US,133.99
2021-05-26,US0090661010,ABNB.US,134.75
2021-05-27,US0090661010,ABNB.US,143.17
2021-05-28,US0090661010,ABNB.US,140.4
2021-06-01,US0090661010,ABNB.US,144.31
2021-06-02,US0090661010,ABNB.US,151.0
2021-06-03,US0090661010,ABNB.US,144.19
2021-06-04,US0090661010,ABNB.US,150.73
2021-06-07,US0090661010,ABNB.US,148.97
2021-06-08,US0090661010,ABNB.US,147.01
2021-06-09,US0090661010,ABNB.US,144.85
2021-06-10,US0090661010,ABNB.US,146.12
2021-06-11,US0090661010,ABNB.US,148.44
2021-06-14,US0090661010,ABNB.US,149.21
2021-06-15,US0090661010,ABNB.US,151.78
2021-06-16,US0090661010,ABNB.US,149.15
2021-06-17,US0090661010,ABNB.US,150.7
2021-06-18,US0090661010,ABNB.US,152.52
2021-06-21,US0090661010,ABNB.US,149.7
2021-06-22,US0090661010,ABNB.US,149.68
2021-06-23,US0090661010,ABNB.US,151.58
2021-06-24,US0090661010,ABNB.US,150.73
2021-06-25,US0090661010,ABNB.US,149.67
2021-06-28,US0090661010,ABNB.US,149.94
2021-06-29,US0090661010,ABNB.US,146.08
2021-06-30,US0090661010,ABNB.US,153.14
2021-07-01,US0090661010,ABNB.US,153.08
2021-07-02,US0090661010,ABNB.US,150.23
2021-07-06,US0090661010,ABNB.US,148.37
2021-07-07,US0090661010,ABNB.US,143.72
2021-07-08,US0090661010,ABNB.US,142.53
2021-07-09,US0090661010,ABNB.US,149.64
2021-07-12,US0090661010,ABNB.US,146.69
2021-07-13,US0090661010,ABNB.US,143.41
2021-07-14,US0090661010,ABNB.US,139.09
2021-07-15,US0090661010,ABNB.US,137.5
2021-07-16,US0090661010,ABNB.US,134.31
2021-07-19,US0090661010,ABNB.US,131.88
2021-07-20,US0090661010,ABNB.US,136.09
2021-07-21,US0090661010,ABNB.US,139.25
2021-07-22,US0090661010,ABNB.US,139.47
2021-07-23,US0090661010,ABNB.US,138.73
2021-07-26,US0090661010,ABNB.US,142.0
2021-07-27,US0090661010,ABNB.US,141.58
2021-07-28,US0090661010,ABNB.US,143.3
2021-07-29,US0090661010,ABNB.US,143.47
2021-07-30,US0090661010,ABNB.US,144.01
2021-08-02,US0090661010,ABNB.US,145.49
2021-08-03,US0090661010,ABNB.US,145.65
2021-08-04,US0090661010,ABNB.US,147.4
2021-08-05,US0090661010,ABNB.US,150.32
2021-08-06,US0090661010,ABNB.US,149.99
2021-08-09,US0090661010,ABNB.US,149.44
2021-08-10,US0090661010,ABNB.US,147.95
2021-08-11,US0090661010,ABNB.US,148.16
2021-08-12,US0090661010,ABNB.US,151.15
2021-08-13,US0090661010,ABNB.US,152.76
2021-08-16,US0090661010,ABNB.US,148.57
2021-08-17,US0090661010,ABNB.US,143.9
2021-08-18,US0090661010,ABNB.US,146.74
2021-08-19,US0090661010,ABNB.US,142.65
2021-08-20,US0090661010,ABNB.US,143.7
2021-08-23,US0090661010,ABNB.US,146.79
2021-08-24,US0090661010,ABNB.US,161.42
2021-08-25,US0090661010,ABNB.US,160.35
2021-08-26,US0090661010,ABNB.US,152.73
2021-08-27,US0090661010,ABNB.US,154.18
2021-08-30,US0090661010,ABNB.US,156.02
2021-08-31,US0090661010,ABNB.US,154.99
2021-09-01,US0090661010,ABNB.US,156.59
2021-09-02,US0090661010,ABNB.US,157.2
2021-09-03,US0090661010,ABNB.US,158.0
2021-09-07,US0090661010,ABNB.US,165.0
2021-09-08,US0090661010,ABNB.US,163.93
2021-09-09,US0090661010,ABNB.US,166.0
2021-09-10,US0090661010,ABNB.US,165.2
2021-09-13,US0090661010,ABNB.US,160.32
2021-09-14,US0090661010,ABNB.US,163.3
2021-09-15,US0090661010,ABNB.US,166.37
2021-09-16,US0090661010,ABNB.US,168.15
2021-09-17,US0090661010,ABNB.US,166.59
2021-09-20,US0090661010,ABNB.US,161.64
2021-09-21,US0090661010,ABNB.US,169.29
2021-09-22,US0090661010,ABNB.US,169.96
2021-09-23,US0090661010,ABNB.US,175.13
2021-09-24,US0090661010,ABNB.US,175.88
2021-09-27,US0090661010,ABNB.US,174.26
2021-09-28,US0090661010,ABNB.US,168.58
2021-09-29,US0090661010,ABNB.US,168.07
2021-09-30,US0090661010,ABNB.US,167.75
2021-10-01,US0090661010,ABNB.US,173.01
2021-10-04,US0090661010,ABNB.US,164.5
2021-10-05,US0090661010,ABNB.US,164.74
2021-10-06,US0090661010,ABNB.US,167.25
2021-10-07,US0090661010,ABNB.US,169.6
2021-10-08,US0090661010,ABNB.US,169.97
2021-10-11,US0090661010,ABNB.US,166.67
2021-10-12,US0090661010,ABNB.US,172.75
2021-10-13,US0090661010,ABNB.US,173.58
2021-10-14,US0090661010,ABNB.US,170.5
2021-10-15,US0090661010,ABNB.US,169.18
2021-10-18,US0090661010,ABNB.US,172.32
2021-10-19,US0090661010,ABNB.US,170.74
2021-10-20,US0090661010,ABNB.US,169.76
2021-10-21,US0090661010,ABNB.US,170.5
2021-10-22,US0090661010,ABNB.US,166.64
2021-10-25,US0090661010,ABNB.US,169.24
2021-10-26,US0090661010,ABNB.US,171.14
2021-10-27,US0090661010,ABNB.US,169.1
2021-10-28,US0090661010,ABNB.US,171.7
2021-10-29,US0090661010,ABNB.US,170.66
2021-11-01,US0090661010,ABNB.US,174.6
2021-11-02,US0090661010,ABNB.US,172.87
2021-11-03,US0090661010,ABNB.US,172.87
2021-11-04,US0090661010,ABNB.US,178.45
2021-11-05,US0090661010,ABNB.US,201.62
2021-11-08,US0090661010,ABNB.US,200.32
2021-11-09,US0090661010,ABNB.US,194.68
2021-11-10,US0090661010,ABNB.US,192.22
2021-11-11,US0090661010,ABNB.US,191.61
2021-11-12,US0090661010,ABNB.US,206.54
2021-11-15,US0090661010,ABNB.US,207.21
2021-11-16,US0090661010,ABNB.US,207.04
2021-11-17,US0090661010,ABNB.US,199.11
2021-11-18,US0090661010,ABNB.US,204.33
2021-11-19,US0090661010,ABNB.US,196.42
2021-11-22,US0090661010,ABNB.US,181.73
2021-11-23,US0090661010,ABNB.US,178.27
2021-11-24,US0090661010,ABNB.US,179.89
2021-11-26,US0090661010,ABNB.US,173.86
2021-11-29,US0090661010,ABNB.US,180.08
2021-11-30,US0090661010,ABNB.US,172.54
2021-12-01,US0090661010,ABNB.US,163.08
2021-12-02,US0090661010,ABNB.US,169.6
2021-12-03,US0090661010,ABNB.US,166.75
2021-12-06,US0090661010,ABNB.US,180.85
2021-12-07,US0090661010,ABNB.US,183.14
2021-12-08,US0090661010,ABNB.US,186.49
2021-12-09,US0090661010,ABNB.US,181.46
2021-12-10,US0090661010,ABNB.US,180.42
2021-12-13,US0090661010,ABNB.US,171.04
2021-12-14,US0090661010,ABNB.US,167.96
2021-12-15,US0090661010,ABNB.US,168.14
2021-12-16,US0090661010,ABNB.US,156.38
2021-12-17,US0090661010,ABNB.US,157.91
2021-12-20,US0090661010,ABNB.US,157.23
2021-12-21,US0090661010,ABNB.US,165.66
2021-12-22,US0090661010,ABNB.US,169.29
2021-12-23,US0090661010,ABNB.US,171.31
2021-12-27,US0090661010,ABNB.US,171.68
2021-12-28,US0090661010,ABNB.US,169.71
2021-12-29,US0090661010,ABNB.US,167.44
2021-12-30,US0090661010,ABNB.US,168.78
2021-12-31,US0090661010,ABNB.US,166.49
2022-01-03,US0090661010,ABNB.US,172.68
2022-01-04,US0090661010,ABNB.US,170.8
2022-01-05,US0090661010,ABNB.US,162.25
2022-01-06,US0090661010,ABNB.US,159.75
2022-01-07,US0090661010,ABNB.US,166.05
2022-01-10,US0090661010,ABNB.US,160.71
2022-01-11,US0090661010,ABNB.US,168.61
2022-01-12,US0090661010,ABNB.US,169.54
2022-01-13,US0090661010,ABNB.US,166.0
2022-01-14,US0090661010,ABNB.US,163.99
2022-01-18,US0090661010,ABNB.US,154.69
2022-01-19,US0090661010,ABNB.US,154.58
2022-01-20,US0090661010,ABNB.US,158.0
2022-01-21,US0090661010,ABNB.US,156.73
2022-01-24,US0090661010,ABNB.US,147.9
2022-01-25,US0090661010,ABNB.US,144.56
2022-01-26,US0090661010,ABNB.US,142.14
2022-01-27,US0090661010,ABNB.US,138.41
2022-01-28,US0090661010,ABNB.US,142.77
2022-01-31,US0090661010,ABNB.US,153.97
2022-02-01,US0090661010,ABNB.US,156.94
2022-02-02,US0090661010,ABNB.US,151.76
2022-02-03,US0090661010,ABNB.US,149.57
2022-02-04,US0090661010,ABNB.US,155.56
2022-02-07,US0090661010,ABNB.US,157.91
2022-02-08,US0090661010,ABNB.US,162.26
2022-02-09,US0090661010,ABNB.US,169.53
2022-02-10,US0090661010,ABNB.US,171.95
2022-02-11,US0090661010,ABNB.US,166.53
2022-02-14,US0090661010,ABNB.US,169.66
2022-02-15,US0090661010,ABNB.US,180.07
2022-02-16,US0090661010,ABNB.US,186.64
2022-02-17,US0090661010,ABNB.US,183.6
2022-02-18,US0090661010,ABNB.US,174.9
2022-02-22,US0090661010,ABNB.US,165.24
2022-02-23,US0090661010,ABNB.US,150.04
2022-02-24,US0090661010,ABNB.US,158.26
2022-02-25,US0090661010,ABNB.US,155.09
2022-02-28,US0090661010,ABNB.US,151.49
2022-03-01,US0090661010,ABNB.US,151.01
2022-03-02,US0090661010,ABNB.US,157.53
2022-03-03,US0090661010,ABNB.US,151.69
2022-03-04,US0090661010,ABNB.US,142.7
2022-03-07,US0090661010,ABNB.US,131.59
2022-03-08,US0090661010,ABNB.US,142.13
2022-03-09,US0090661010,ABNB.US,148.31
2022-03-10,US0090661010,ABNB.US,151.8
2022-03-11,US0090661010,ABNB.US,145.14
2022-03-14,US0090661010,ABNB.US,138.5
2022-03-15,US0090661010,ABNB.US,143.95
2022-03-16,US0090661010,ABNB.US,155.75
2022-03-17,US0090661010,ABNB.US,157.55
2022-03-18,US0090661010,ABNB.US,167.0
2022-03-21,US0090661010,ABNB.US,161.8
2022-03-22,US0090661010,ABNB.US,166.44
2022-03-23,US0090661010,ABNB.US,164.16
2022-03-24,US0090661010,ABNB.US,170.83
2022-03-25,US0090661010,ABNB.US,167.22
2022-03-28,US0090661010,ABNB.US,167.65
2022-03-29,US0090661010,ABNB.US,175.52
2022-03-30,US0090661010,ABNB.US,173.63
2022-03-31,US0090661010,ABNB.US,171.76
2022-04-01,US0090661010,ABNB.US,173.07
2022-04-04,US0090661010,ABNB.US,177.02
2022-04-05,US0090661010,ABNB.US,171.21
2022-04-06,US0090661010,ABNB.US,164.66
2022-04-07,US0090661010,ABNB.US,165.91
2022-04-08,US0090661010,ABNB.US,162.56
2022-04-11,US0090661010,ABNB.US,160.25
2022-04-12,US0090661010,ABNB.US,160.11
2022-04-13,US0090661010,ABNB.US,171.85
2022-04-14,US0090661010,ABNB.US,170.7
2022-04-18,US0090661010,ABNB.US,165.74
2022-04-19,US0090661010,ABNB.US,170.12
2022-04-20,US0090661010,ABNB.US,164.55
2022-04-21,US0090661010,ABNB.US,157.91
2022-04-22,US0090661010,ABNB.US,156.09
2022-04-25,US0090661010,ABNB.US,158.39
2022-04-26,US0090661010,ABNB.US,153.04
2022-04-27,US0090661010,ABNB.US,152.23
2022-04-28,US0090661010,ABNB.US,159.74
2022-04-29,US0090661010,ABNB.US,153.21
2022-05-02,US0090661010,ABNB.US,152.78
2022-05-03,US0090661010,ABNB.US,145.0
2022-05-04,US0090661010,ABNB.US,156.18
2022-05-05,US0090661010,ABNB.US,143.09
2022-05-06,US0090661010,ABNB.US,135.84
2022-05-09,US0090661010,ABNB.US,119.37
2022-05-10,US0090661010,ABNB.US,116.13
2022-05-11,US0090661010,ABNB.US,116.15
2022-05-12,US0090661010,ABNB.US,115.94
2022-05-13,US0090661010,ABNB.US,121.45
2022-05-16,US0090661010,ABNB.US,114.44
2022-05-17,US0090661010,ABNB.US,117.5
2022-05-18,US0090661010,ABNB.US,108.03
2022-05-19,US0090661010,ABNB.US,114.17
2022-05-20,US0090661010,ABNB.US,112.55
2022-05-23,US0090661010,ABNB.US,113.28
2022-05-24,US0090661010,ABNB.US,106.24
2022-05-25,US0090661010,ABNB.US,110.4
2022-05-26,US0090661010,ABNB.US,114.3
2022-05-27,US0090661010,ABNB.US,120.5
2022-05-31,US0090661010,ABNB.US,120.87
2022-06-01,US0090661010,ABNB.US,116.72
2022-06-02,US0090661010,ABNB.US,121.26
2022-06-03,US0090661010,ABNB.US,119.83
2022-06-06,US0090661010,ABNB.US,122.02
2022-06-07,US0090661010,ABNB.US,122.9
2022-06-08,US0090661010,ABNB.US,123.77
2022-06-09,US0090661010,ABNB.US,115.72
2022-06-10,US0090661010,ABNB.US,108.91
2022-06-13,US0090661010,ABNB.US,98.93
2022-06-14,US0090661010,ABNB.US,98.87
2022-06-15,US0090661010,ABNB.US,101.47
2022-06-16,US0090661010,ABNB.US,93.26
2022-06-17,US0090661010,ABNB.US,99.49
2022-06-21,US0090661010,ABNB.US,102.27
2022-06-22,US0090661010,ABNB.US,99.53
2022-06-23,US0090661010,ABNB.US,95.72
2022-06-24,US0090661010,ABNB.US,103.51
2022-06-27,US0090661010,ABNB.US,101.5
2022-06-28,US0090661010,ABNB.US,97.53
2022-06-29,US0090661010,ABNB.US,93.93
2022-06-30,US0090661010,ABNB.US,89.08
2022-07-01,US0090661010,ABNB.US,91.41
2022-07-05,US0090661010,ABNB.US,95.94
2022-07-06,US0090661010,ABNB.US,92.88
2022-07-07,US0090661010,ABNB.US,97.5
2022-07-08,US0090661010,ABNB.US,97.35
2022-07-11,US0090661010,ABNB.US,95.1
2022-07-12,US0090661010,ABNB.US,96.55
2022-07-13,US0090661010,ABNB.US,95.64
2022-07-14,US0090661010,ABNB.US,91.05
2022-07-15,US0090661010,ABNB.US,94.66
2022-07-18,US0090661010,ABNB.US,97.67
2022-07-19,US0090661010,ABNB.US,102.2
2022-07-20,US0090661010,ABNB.US,107.73
2022-07-21,US0090661010,ABNB.US,108.14
2022-07-22,US0090661010,ABNB.US,103.97
2022-07-25,US0090661010,ABNB.US,104.95
2022-07-26,US0090661010,ABNB.US,101.91
2022-07-27,US0090661010,ABNB.US,107.36
2022-07-28,US0090661010,ABNB.US,108.84
2022-07-29,US0090661010,ABNB.US,110.98
2022-08-01,US0090661010,ABNB.US,111.2
2022-08-02,US0090661010,ABNB.US,116.34
2022-08-03,US0090661010,ABNB.US,115.02
2022-08-04,US0090661010,ABNB.US,119.22
2022-08-05,US0090661010,ABNB.US,117.11
2022-08-08,US0090661010,ABNB.US,115.82
2022-08-09,US0090661010,ABNB.US,114.44
2022-08-10,US0090661010,ABNB.US,118.73
2022-08-11,US0090661010,ABNB.US,121.5
2022-08-12,US0090661010,ABNB.US,124.51
2022-08-15,US0090661010,ABNB.US,126.04
2022-08-16,US0090661010,ABNB.US,124.18
2022-08-17,US0090661010,ABNB.US,121.87
2022-08-18,US0090661010,ABNB.US,121.27
2022-08-19,US0090661010,ABNB.US,114.76
2022-08-22,US0090661010,ABNB.US,111.39
2022-08-23,US0090661010,ABNB.US,111.6
2022-08-24,US0090661010,ABNB.US,114.51
2022-08-25,US0090661010,ABNB.US,117.03
2022-08-26,US0090661010,ABNB.US,112.82
2022-08-29,US0090661010,ABNB.US,113.54
2022-08-30,US0090661010,ABNB.US,112.56
2022-08-31,US0090661010,ABNB.US,113.12
2022-09-01,US0090661010,ABNB.US,113.4
2022-09-02,US0090661010,ABNB.US,113.64
2022-09-06,US0090661010,ABNB.US,113.7
2022-09-07,US0090661010,ABNB.US,116.07
2022-09-08,US0090661010,ABNB.US,118.58
2022-09-09,US0090661010,ABNB.US,123.48
2022-09-12,US0090661010,ABNB.US,124.79
2022-09-13,US0090661010,ABNB.US,121.54
2022-09-14,US0090661010,ABNB.US,126.8
2022-09-15,US0090661010,ABNB.US,125.04
2022-09-16,US0090661010,ABNB.US,118.75
2022-09-19,US0090661010,ABNB.US,118.78
2022-09-20,US0090661010,ABNB.US,116.71
2022-09-21,US0090661010,ABNB.US,114.01
2022-09-22,US0090661010,ABNB.US,103.72
2022-09-23,US0090661010,ABNB.US,101.75
2022-09-26,US0090661010,ABNB.US,103.23
2022-09-27,US0090661010,ABNB.US,106.37
2022-09-28,US0090661010,ABNB.US,110.69
2022-09-29,US0090661010,ABNB.US,106.66
2022-09-30,US0090661010,ABNB.US,105.04
2022-10-03,US0090661010,ABNB.US,105.0
2022-10-04,US0090661010,ABNB.US,110.81
2022-10-05,US0090661010,ABNB.US,111.76
2022-10-06,US0090661010,ABNB.US,111.58
2022-10-07,US0090661010,ABNB.US,108.54
2022-10-10,US0090661010,ABNB.US,110.99
2022-10-11,US0090661010,ABNB.US,106.82
2022-10-12,US0090661010,ABNB.US,112.35
2022-10-13,US0090661010,ABNB.US,112.65
2022-10-14,US0090661010,ABNB.US,109.16
2022-10-17,US0090661010,ABNB.US,116.5
2022-10-18,US0090661010,ABNB.US,117.94
2022-10-19,US0090661010,ABNB.US,116.87
2022-10-20,US0090661010,ABNB.US,117.0
2022-10-21,US0090661010,ABNB.US,119.95
2022-10-24,US0090661010,ABNB.US,116.39
2022-10-25,US0090661010,ABNB.US,118.45
2022-10-26,US0090661010,ABNB.US,115.31
2022-10-27,US0090661010,ABNB.US,112.06
2022-10-28,US0090661010,ABNB.US,115.21
2022-10-31,US0090661010,ABNB.US,106.91
2022-11-01,US0090661010,ABNB.US,109.05
2022-11-02,US0090661010,ABNB.US,94.41
2022-11-03,US0090661010,ABNB.US,92.02
2022-11-04,US0090661010,ABNB.US,96.09
2022-11-07,US0090661010,ABNB.US,95.46
2022-11-08,US0090661010,ABNB.US,98.9
2022-11-09,US0090661010,ABNB.US,95.79
2022-11-10,US0090661010,ABNB.US,102.4
2022-11-11,US0090661010,ABNB.US,109.57
2022-11-14,US0090661010,ABNB.US,105.16
2022-11-15,US0090661010,ABNB.US,107.01
2022-11-16,US0090661010,ABNB.US,104.43
2022-11-17,US0090661010,ABNB.US,99.3
2022-11-18,US0090661010,ABNB.US,97.77
2022-11-21,US0090661010,ABNB.US,95.71
2022-11-22,US0090661010,ABNB.US,95.28
2022-11-23,US0090661010,ABNB.US,96.63
2022-11-25,US0090661010,ABNB.US,97.67
2022-11-28,US0090661010,ABNB.US,95.3
2022-11-29,US0090661010,ABNB.US,95.38
2022-11-30,US0090661010,ABNB.US,102.14
2022-12-01,US0090661010,ABNB.US,101.27
2022-12-02,US0090661010,ABNB.US,101.0
2022-12-05,US0090661010,ABNB.US,98.51
2022-12-06,US0090661010,ABNB.US,93.12
2022-12-07,US0090661010,ABNB.US,91.5
2022-12-08,US0090661010,ABNB.US,94.83
2022-12-09,US0090661010,ABNB.US,94.7
2022-12-12,US0090661010,ABNB.US,95.58
2022-12-13,US0090661010,ABNB.US,93.34
2022-12-14,US0090661010,ABNB.US,93.93
2022-12-15,US0090661010,ABNB.US,90.61
2022-12-16,US0090661010,ABNB.US,89.57
2022-12-19,US0090661010,ABNB.US,85.93
2022-12-20,US0090661010,ABNB.US,87.62
2022-12-21,US0090661010,ABNB.US,87.07
2022-12-22,US0090661010,ABNB.US,84.87
2022-12-23,US0090661010,ABNB.US,85.25
2022-12-27,US0090661010,ABNB.US,83.49
2022-12-28,US0090661010,ABNB.US,82.49
2022-12-29,US0090661010,ABNB.US,85.23
2022-12-30,US0090661010,ABNB.US,85.5
2023-01-03,US0090661010,ABNB.US,84.9
2023-01-04,US0090661010,ABNB.US,88.72
2023-01-05,US0090661010,ABNB.US,87.71
2023-01-06,US0090661010,ABNB.US,88.52
2023-01-09,US0090661010,ABNB.US,89.24
2023-01-10,US0090661010,ABNB.US,88.54
2023-01-11,US0090661010,ABNB.US,94.44
2023-01-12,US0090661010,ABNB.US,98.49
2023-01-13,US0090661010,ABNB.US,100.37
2023-01-17,US0090661010,ABNB.US,101.27
2023-01-18,US0090661010,ABNB.US,101.11
2023-01-19,US0090661010,ABNB.US,99.1
2023-01-20,US0090661010,ABNB.US,101.28
2023-01-23,US0090661010,ABNB.US,105.22
2023-01-24,US0090661010,ABNB.US,104.13
2023-01-25,US0090661010,ABNB.US,104.44
2023-01-26,US0090661010,ABNB.US,109.42
2023-01-27,US0090661010,ABNB.US,115.94
2023-01-30,US0090661010,ABNB.US,109.48
2023-01-31,US0090661010,ABNB.US,111.11
2023-02-01,US0090661010,ABNB.US,113.99
2023-02-02,US0090661010,ABNB.US,118.52
2023-02-03,US0090661010,ABNB.US,118.7
2023-02-06,US0090661010,ABNB.US,118.35
2023-02-07,US0090661010,ABNB.US,119.69
2023-02-08,US0090661010,ABNB.US,116.36
2023-02-09,US0090661010,ABNB.US,114.94
2023-02-10,US0090661010,ABNB.US,108.87
2023-02-13,US0090661010,ABNB.US,116.42
2023-02-14,US0090661010,ABNB.US,120.87
2023-02-15,US0090661010,ABNB.US,137.01
2023-02-16,US0090661010,ABNB.US,139.42
2023-02-17,US0090661010,ABNB.US,131.6
2023-02-21,US0090661010,ABNB.US,128.78
2023-02-22,US0090661010,ABNB.US,127.21
2023-02-23,US0090661010,ABNB.US,125.52
2023-02-24,US0090661010,ABNB.US,122.78
2023-02-27,US0090661010,ABNB.US,123.53
2023-02-28,US0090661010,ABNB.US,123.28
2023-03-01,US0090661010,ABNB.US,120.83
2023-03-02,US0090661010,ABNB.US,122.38
2023-03-03,US0090661010,ABNB.US,125.73
2023-03-06,US0090661010,ABNB.US,126.33
2023-03-07,US0090661010,ABNB.US,126.94
2023-03-08,US0090661010,ABNB.US,125.0
2023-03-09,US0090661010,ABNB.US,119.84
2023-03-10,US0090661010,ABNB.US,118.3
2023-03-13,US0090661010,ABNB.US,115.96
2023-03-14,US0090661010,ABNB.US,116.36
2023-03-15,US0090661010,ABNB.US,113.58
2023-03-16,US0090661010,ABNB.US,119.99
2023-03-17,US0090661010,ABNB.US,118.15
2023-03-20,US0090661010,ABNB.US,118.4
2023-03-21,US0090661010,ABNB.US,123.69
2023-03-22,US0090661010,ABNB.US,121.17
2023-03-23,US0090661010,ABNB.US,120.3
2023-03-24,US0090661010,ABNB.US,116.92
2023-03-27,US0090661010,ABNB.US,117.91
2023-03-28,US0090661010,ABNB.US,116.61
2023-03-29,US0090661010,ABNB.US,118.8
2023-03-30,US0090661010,ABNB.US,122.28
2023-03-31,US0090661010,ABNB.US,124.4
2023-04-03,US0090661010,ABNB.US,121.46
2023-04-04,US0090661010,ABNB.US,118.46
2023-04-05,US0090661010,ABNB.US,115.34
2023-04-06,US0090661010,ABNB.US,109.69
2023-04-10,US0090661010,ABNB.US,112.6
2023-04-11,US0090661010,ABNB.US,114.25
2023-04-12,US0090661010,ABNB.US,112.42
2023-04-13,US0090661010,ABNB.US,113.95
2023-04-14,US0090661010,ABNB.US,114.65
2023-04-17,US0090661010,ABNB.US,116.17
2023-04-18,US0090661010,ABNB.US,119.19
2023-04-19,US0090661010,ABNB.US,120.1
2023-04-20,US0090661010,ABNB.US,118.4
2023-04-21,US0090661010,ABNB.US,115.5
2023-04-24,US0090661010,ABNB.US,116.12
2023-04-25,US0090661010,ABNB.US,112.505
2023-04-26,US0090661010,ABNB.US,113.68
2023-04-27,US0090661010,ABNB.US,115.25
2023-04-28,US0090661010,ABNB.US,119.67
2023-05-01,US0090661010,ABNB.US,121.42
2023-05-02,US0090661010,ABNB.US,120.58
2023-05-03,US0090661010,ABNB.US,118.86
2023-05-04,US0090661010,ABNB.US,117.63
2023-05-05,US0090661010,ABNB.US,119.9
2023-05-08,US0090661010,ABNB.US,125.65
2023-05-09,US0090661010,ABNB.US,127.07
2023-05-10,US0090661010,ABNB.US,113.19
2023-05-11,US0090661010,ABNB.US,111.2
2023-05-12,US0090661010,ABNB.US,105.275
2023-05-15,US0090661010,ABNB.US,105.78
2023-05-16,US0090661010,ABNB.US,105.41
2023-05-17,US0090661010,ABNB.US,108.33
2023-05-18,US0090661010,ABNB.US,111.87
2023-05-19,US0090661010,ABNB.US,107.38
2023-05-22,US0090661010,ABNB.US,109.93
2023-05-23,US0090661010,ABNB.US,106.25
2023-05-24,US0090661010,ABNB.US,105.71
2023-05-25,US0090661010,ABNB.US,104.42
2023-05-26,US0090661010,ABNB.US,106.81
2023-05-30,US0090661010,ABNB.US,107.19
2023-05-31,US0090661010,ABNB.US,109.77
2023-06-01,US0090661010,ABNB.US,112.16
2023-06-02,US0090661010,ABNB.US,118.06
2023-06-05,US0090661010,ABNB.US,115.69
2023-06-06,US0090661010,ABNB.US,117.3
2023-06-07,US0090661010,ABNB.US,116.55
2023-06-08,US0090661010,ABNB.US,115.5
2023-06-09,US0090661010,ABNB.US,117.86
2023-06-12,US0090661010,ABNB.US,124.59
2023-06-13,US0090661010,ABNB.US,124.9
2023-06-14,US0090661010,ABNB.US,125.14
2023-06-15,US0090661010,ABNB.US,127.85
2023-06-16,US0090661010,ABNB.US,128.68
2023-06-20,US0090661010,ABNB.US,126.45
2023-06-21,US0090661010,ABNB.US,127.46
2023-06-22,US0090661010,ABNB.US,127.96
2023-06-23,US0090661010,ABNB.US,124.73
2023-06-26,US0090661010,ABNB.US,123.13
2023-06-27,US0090661010,ABNB.US,127.89
2023-06-28,US0090661010,ABNB.US,127.63
2023-06-29,US0090661010,ABNB.US,125.1
2023-06-30,US0090661010,ABNB.US,128.16
2023-07-03,US0090661010,ABNB.US,132.35
2023-07-05,US0090661010,ABNB.US,131.69
2023-07-06,US0090661010,ABNB.US,128.16
2023-07-07,US0090661010,ABNB.US,130.32
2023-07-10,US0090661010,ABNB.US,131.71
2023-07-11,US0090661010,ABNB.US,137.54
2023-07-12,US0090661010,ABNB.US,137.02
2023-07-13,US0090661010,ABNB.US,140.09
2023-07-14,US0090661010,ABNB.US,143.34
2023-07-17,US0090661010,ABNB.US,145.36
2023-07-18,US0090661010,ABNB.US,146.53
2023-07-19,US0090661010,ABNB.US,145.535
2023-07-20,US0090661010,ABNB.US,145.28
2023-07-21,US0090661010,ABNB.US,148.77
2023-07-24,US0090661010,ABNB.US,147.62
2023-07-25,US0090661010,ABNB.US,148.65
2023-07-26,US0090661010,ABNB.US,150.17
2023-07-27,US0090661010,ABNB.US,148.5
2023-07-28,US0090661010,ABNB.US,153.33
2023-07-31,US0090661010,ABNB.US,152.19
2023-08-01,US0090661010,ABNB.US,148.91
2023-08-02,US0090661010,ABNB.US,144.56
2023-08-03,US0090661010,ABNB.US,140.88
2023-08-04,US0090661010,ABNB.US,140.17
2023-08-07,US0090661010,ABNB.US,143.2
2023-08-08,US0090661010,ABNB.US,139.55
2023-08-09,US0090661010,ABNB.US,137.87
2023-08-10,US0090661010,ABNB.US,135.97
2023-08-11,US0090661010,ABNB.US,133.68
2023-08-14,US0090661010,ABNB.US,133.24
2023-08-15,US0090661010,ABNB.US,129.85
2023-08-16,US0090661010,ABNB.US,128.83
2023-08-17,US0090661010,ABNB.US,127.99
2023-08-18,US0090661010,ABNB.US,125.06
2023-08-21,US0090661010,ABNB.US,124.0
2023-08-22,US0090661010,ABNB.US,127.08
2023-08-23,US0090661010,ABNB.US,128.13
2023-08-24,US0090661010,ABNB.US,124.72
2023-08-25,US0090661010,ABNB.US,125.79
2023-08-28,US0090661010,ABNB.US,126.155
2023-08-29,US0090661010,ABNB.US,132.25
2023-08-30,US0090661010,ABNB.US,130.61
2023-08-31,US0090661010,ABNB.US,131.55
2023-09-01,US0090661010,ABNB.US,132.69
2023-09-05,US0090661010,ABNB.US,142.29
2023-09-06,US0090661010,ABNB.US,141.77
2023-09-07,US0090661010,ABNB.US,143.27
2023-09-08,US0090661010,ABNB.US,145.82
2023-09-11,US0090661010,ABNB.US,147.33
2023-09-12,US0090661010,ABNB.US,147.5
2023-09-13,US0090661010,ABNB.US,144.715
2023-09-14,US0090661010,ABNB.US,144.12
2023-09-15,US0090661010,ABNB.US,142.75
2023-09-18,US0090661010,ABNB.US,142.55
2023-09-19,US0090661010,ABNB.US,141.85
2023-09-20,US0090661010,ABNB.US,138.01
2023-09-21,US0090661010,ABNB.US,132.75
2023-09-22,US0090661010,ABNB.US,132.2
2023-09-25,US0090661010,ABNB.US,134.14
2023-09-26,US0090661010,ABNB.US,132.28
2023-09-27,US0090661010,ABNB.US,134.03
2023-09-28,US0090661010,ABNB.US,136.47
2023-09-29,US0090661010,ABNB.US,137.21
2023-10-02,US0090661010,ABNB.US,136.56
2023-10-03,US0090661010,ABNB.US,127.73
2023-10-04,US0090661010,ABNB.US,127.41
2023-10-05,US0090661010,ABNB.US,124.99
2023-10-06,US0090661010,ABNB.US,126.36
2023-10-09,US0090661010,ABNB.US,127.77
2023-10-10,US0090661010,ABNB.US,131.59
2023-10-11,US0090661010,ABNB.US,130.0
2023-10-12,US0090661010,ABNB.US,125.97
2023-10-13,US0090661010,ABNB.US,124.08
2023-10-16,US0090661010,ABNB.US,125.19
2023-10-17,US0090661010,ABNB.US,125.71
2023-10-18,US0090661010,ABNB.US,122.17
2023-10-19,US0090661010,ABNB.US,119.97
2023-10-20,US0090661010,ABNB.US,116.49
2023-10-23,US0090661010,ABNB.US,120.39
2023-10-24,US0090661010,ABNB.US,122.01
2023-10-25,US0090661010,ABNB.US,118.5
2023-10-26,US0090661010,ABNB.US,115.47
2023-10-27,US0090661010,ABNB.US,114.09
2023-10-30,US0090661010,ABNB.US,116.95
2023-10-31,US0090661010,ABNB.US,118.29
2023-11-01,US0090661010,ABNB.US,119.47
2023-11-02,US0090661010,ABNB.US,115.5
2023-11-03,US0090661010,ABNB.US,122.64
2023-11-06,US0090661010,ABNB.US,118.17
2023-11-07,US0090661010,ABNB.US,121.08
2023-11-08,US0090661010,ABNB.US,117.66
2023-11-09,US0090661010,ABNB.US,115.52
2023-11-10,US0090661010,ABNB.US,118.15
2023-11-13,US0090661010,ABNB.US,119.15
2023-11-14,US0090661010,ABNB.US,126.68
2023-11-15,US0090661010,ABNB.US,128.35
2023-11-16,US0090661010,ABNB.US,126.28
2023-11-17,US0090661010,ABNB.US,127.15
2023-11-20,US0090661010,ABNB.US,129.7
2023-11-21,US0090661010,ABNB.US,126.82
2023-11-22,US0090661010,ABNB.US,129.04
2023-11-24,US0090661010,ABNB.US,128.37
2023-11-27,US0090661010,ABNB.US,129.0
2023-11-28,US0090661010,ABNB.US,127.56
2023-11-29,US0090661010,ABNB.US,126.48
2023-11-30,US0090661010,ABNB.US,126.34
2023-12-01,US0090661010,ABNB.US,135.02
2023-12-04,US0090661010,ABNB.US,133.7
2023-12-05,US0090661010,ABNB.US,133.71
2023-12-06,US0090661010,ABNB.US,135.31
2023-12-07,US0090661010,ABNB.US,139.84
2023-12-08,US0090661010,ABNB.US,140.68
2023-12-11,US0090661010,ABNB.US,142.91
2023-12-12,US0090661010,ABNB.US,140.55
2023-12-13,US0090661010,ABNB.US,144.51
2023-12-14,US0090661010,ABNB.US,147.26
2023-12-15,US0090661010,ABNB.US,146.6
2023-12-18,US0090661010,ABNB.US,147.5
2023-12-19,US0090661010,ABNB.US,146.91
2023-12-20,US0090661010,ABNB.US,141.07
2023-12-21,US0090661010,ABNB.US,142.09
2023-12-22,US0090661010,ABNB.US,140.8
2023-12-26,US0090661010,ABNB.US,138.72
2023-12-27,US0090661010,ABNB.US,136.55
2023-12-28,US0090661010,ABNB.US,137.0
2023-12-29,US0090661010,ABNB.US,136.14
2024-01-02,US0090661010,ABNB.US,134.48
2024-01-03,US0090661010,ABNB.US,133.42
2024-01-04,US0090661010,ABNB.US,133.72
2024-01-05,US0090661010,ABNB.US,135.98
2024-01-08,US0090661010,ABNB.US,140.08
2024-01-09,US0090661010,ABNB.US,139.53
2024-01-10,US0090661010,ABNB.US,139.76
2024-01-11,US0090661010,ABNB.US,139.45
2024-01-12,US0090661010,ABNB.US,137.14
2024-01-16,US0090661010,ABNB.US,135.02
2024-01-17,US0090661010,ABNB.US,134.98
2024-01-18,US0090661010,ABNB.US,137.04
2024-01-19,US0090661010,ABNB.US,139.93
2024-01-22,US0090661010,ABNB.US,142.01
2024-01-23,US0090661010,ABNB.US,142.3
2024-01-24,US0090661010,ABNB.US,141.19
2024-01-25,US0090661010,ABNB.US,142.11
2024-01-26,US0090661010,ABNB.US,149.62
2024-01-29,US0090661010,ABNB.US,152.7
2024-01-30,US0090661010,ABNB.US,149.44
2024-01-31,US0090661010,ABNB.US,144.14
2024-02-01,US0090661010,ABNB.US,146.49
2024-02-02,US0090661010,ABNB.US,146.55
2024-02-05,US0090661010,ABNB.US,144.78
2024-02-06,US0090661010,ABNB.US,144.53
2024-02-07,US0090661010,ABNB.US,147.55
2024-02-08,US0090661010,ABNB.US,150.54
2024-02-09,US0090661010,ABNB.US,147.595
2024-02-12,US0090661010,ABNB.US,153.8
2024-02-13,US0090661010,ABNB.US,150.82
2024-02-14,US0090661010,ABNB.US,148.2
2024-02-15,US0090661010,ABNB.US,157.69
2024-02-16,US0090661010,ABNB.US,152.51
2024-02-20,US0090661010,ABNB.US,148.15
2024-02-21,US0090661010,ABNB.US,149.24
2024-02-22,US0090661010,ABNB.US,155.26
2024-02-23,US0090661010,ABNB.US,152.66
2024-02-26,US0090661010,ABNB.US,149.27
2024-02-27,US0090661010,ABNB.US,152.06
2024-02-28,US0090661010,ABNB.US,153.43
2024-02-29,US0090661010,ABNB.US,157.47
2024-03-01,US0090661010,ABNB.US,159.72
2024-03-04,US0090661010,ABNB.US,158.09
2024-03-05,US0090661010,ABNB.US,159.33
2024-03-06,US0090661010,ABNB.US,163.87
2024-03-07,US0090661010,ABNB.US,163.54
2024-03-08,US0090661010,ABNB.US,164.91
2024-03-11,US0090661010,ABNB.US,162.99
2024-03-12,US0090661010,ABNB.US,166.67
2024-03-13,US0090661010,ABNB.US,164.76
2024-03-14,US0090661010,ABNB.US,166.44
2024-03-15,US0090661010,ABNB.US,160.64
2024-03-18,US0090661010,ABNB.US,161.86
2024-03-19,US0090661010,ABNB.US,161.79
2024-03-20,US0090661010,ABNB.US,164.71
2024-03-21,US0090661010,ABNB.US,168.18
2024-03-22,US0090661010,ABNB.US,167.86
2024-03-25,US0090661010,ABNB.US,167.99
2024-03-26,US0090661010,ABNB.US,167.39
2024-03-27,US0090661010,ABNB.US,166.41
2024-03-28,US0090661010,ABNB.US,164.96
2024-04-01,US0090661010,ABNB.US,163.37
2024-04-02,US0090661010,ABNB.US,160.11
2024-04-03,US0090661010,ABNB.US,159.34
2024-04-04,US0090661010,ABNB.US,158.84
2024-04-05,US0090661010,ABNB.US,161.77
2024-04-08,US0090661010,ABNB.US,160.27
2024-04-09,US0090661010,ABNB.US,162.66
2024-04-10,US0090661010,ABNB.US,160.28
2024-04-11,US0090661010,ABNB.US,165.42
2024-04-12,US0090661010,ABNB.US,159.37
2024-04-15,US0090661010,ABNB.US,155.6
2024-04-16,US0090661010,ABNB.US,156.66
2024-04-17,US0090661010,ABNB.US,158.37
2024-04-18,US0090661010,ABNB.US,160.1
2024-04-19,US0090661010,ABNB.US,155.01
2024-04-22,US0090661010,ABNB.US,156.61
2024-04-23,US0090661010,ABNB.US,160.95
2024-04-24,US0090661010,ABNB.US,162.84
2024-04-25,US0090661010,ABNB.US,163.01
2024-04-26,US0090661010,ABNB.US,164.23
2024-04-29,US0090661010,ABNB.US,162.25
2024-04-30,US0090661010,ABNB.US,158.57
2024-05-01,US0090661010,ABNB.US,156.16
2024-05-02,US0090661010,ABNB.US,158.33
2024-05-03,US0090661010,ABNB.US,159.71
2024-05-06,US0090661010,ABNB.US,162.0
2024-05-07,US0090661010,ABNB.US,159.81
2024-05-08,US0090661010,ABNB.US,157.9
2024-05-09,US0090661010,ABNB.US,147.05
2024-05-10,US0090661010,ABNB.US,146.32
2024-05-13,US0090661010,ABNB.US,149.13
2024-05-14,US0090661010,ABNB.US,146.7
2024-05-15,US0090661010,ABNB.US,145.8
2024-05-16,US0090661010,ABNB.US,147.19
2024-05-17,US0090661010,ABNB.US,145.66
2024-05-20,US0090661010,ABNB.US,146.37
2024-05-21,US0090661010,ABNB.US,144.1
2024-05-22,US0090661010,ABNB.US,142.71
2024-05-23,US0090661010,ABNB.US,141.04
2024-05-24,US0090661010,ABNB.US,144.47
2024-05-28,US0090661010,ABNB.US,147.01
2024-05-29,US0090661010,ABNB.US,146.61
2024-05-30,US0090661010,ABNB.US,145.52
2024-05-31,US0090661010,ABNB.US,144.93
2024-06-03,US0090661010,ABNB.US,146.25
2024-06-04,US0090661010,ABNB.US,147.08
2024-06-05,US0090661010,ABNB.US,145.78
2024-06-06,US0090661010,ABNB.US,147.0
2024-06-07,US0090661010,ABNB.US,146.66
2024-06-10,US0090661010,ABNB.US,148.07
2024-06-11,US0090661010,ABNB.US,147.75
2024-06-12,US0090661010,ABNB.US,149.32
2024-06-13,US0090661010,ABNB.US,146.1
2024-06-14,US0090661010,ABNB.US,145.97
2024-06-17,US0090661010,ABNB.US,149.5
2024-06-18,US0090661010,ABNB.US,147.29
2024-06-20,US0090661010,ABNB.US,147.88
2024-06-21,US0090661010,ABNB.US,149.57
2024-06-24,US0090661010,ABNB.US,148.39
2024-06-25,US0090661010,ABNB.US,150.91
2024-06-26,US0090661010,ABNB.US,150.0
2024-06-27,US0090661010,ABNB.US,151.61
2024-06-28,US0090661010,ABNB.US,151.63
2024-07-01,US0090661010,ABNB.US,151.63
2024-07-02,US0090661010,ABNB.US,154.34
2024-07-03,US0090661010,ABNB.US,152.73
2024-07-05,US0090661010,ABNB.US,152.5
2024-07-08,US0090661010,ABNB.US,151.96
2024-07-09,US0090661010,ABNB.US,152.45
2024-07-10,US0090661010,ABNB.US,151.84
2024-07-11,US0090661010,ABNB.US,146.0
2024-07-12,US0090661010,ABNB.US,146.78
2024-07-15,US0090661010,ABNB.US,147.22
2024-07-16,US0090661010,ABNB.US,151.26
2024-07-17,US0090661010,ABNB.US,148.0
2024-07-18,US0090661010,ABNB.US,146.88
2024-07-19,US0090661010,ABNB.US,147.99
2024-07-22,US0090661010,ABNB.US,150.18
2024-07-23,US0090661010,ABNB.US,148.75
2024-07-24,US0090661010,ABNB.US,144.23
2024-07-25,US0090661010,ABNB.US,140.03
2024-07-26,US0090661010,ABNB.US,140.1
2024-07-29,US0090661010,ABNB.US,140.29
2024-07-30,US0090661010,ABNB.US,138.99
2024-07-31,US0090661010,ABNB.US,139.56
2024-08-01,US0090661010,ABNB.US,135.09
2024-08-02,US0090661010,ABNB.US,128.23
2024-08-05,US0090661010,ABNB.US,125.31
2024-08-06,US0090661010,ABNB.US,130.47
2024-08-07,US0090661010,ABNB.US,113.01
2024-08-08,US0090661010,ABNB.US,114.64
2024-08-09,US0090661010,ABNB.US,115.08
2024-08-12,US0090661010,ABNB.US,113.62
2024-08-13,US0090661010,ABNB.US,116.9
2024-08-14,US0090661010,ABNB.US,116.24
2024-08-15,US0090661010,ABNB.US,118.88
2024-08-16,US0090661010,ABNB.US,116.31
2024-08-19,US0090661010,ABNB.US,119.14
2024-08-20,US0090661010,ABNB.US,117.38
2024-08-21,US0090661010,ABNB.US,117.68
2024-08-22,US0090661010,ABNB.US,115.45
2024-08-23,US0090661010,ABNB.US,116.85
2024-08-26,US0090661010,ABNB.US,115.71
2024-08-27,US0090661010,ABNB.US,116.74
2024-08-28,US0090661010,ABNB.US,117.53
2024-08-29,US0090661010,ABNB.US,116.6
2024-08-30,US0090661010,ABNB.US,117.31
2024-09-03,US0090661010,ABNB.US,114.98
2024-09-04,US0090661010,ABNB.US,115.21
2024-09-05,US0090661010,ABNB.US,116.16
2024-09-06,US0090661010,ABNB.US,114.28
2024-09-09,US0090661010,ABNB.US,116.36
2024-09-10,US0090661010,ABNB.US,115.12
2024-09-11,US0090661010,ABNB.US,115.96
2024-09-12,US0090661010,ABNB.US,117.36
2024-09-13,US0090661010,ABNB.US,117.75
2024-09-16,US0090661010,ABNB.US,117.55
2024-09-17,US0090661010,ABNB.US,122.12
2024-09-18,US0090661010,ABNB.US,122.42
2024-09-19,US0090661010,ABNB.US,128.75
2024-09-20,US0090661010,ABNB.US,131.18
2024-09-23,US0090661010,ABNB.US,129.03
2024-09-24,US0090661010,ABNB.US,131.48
2024-09-25,US0090661010,ABNB.US,130.71
2024-09-26,US0090661010,ABNB.US,129.25
2024-09-27,US0090661010,ABNB.US,128.25
2024-09-30,US0090661010,ABNB.US,126.81
2024-10-01,US0090661010,ABNB.US,125.47
2024-10-02,US0090661010,ABNB.US,126.18
2024-10-03,US0090661010,ABNB.US,125.29
2024-10-04,US0090661010,ABNB.US,129.85
2024-10-07,US0090661010,ABNB.US,130.23
2024-10-08,US0090661010,ABNB.US,132.5
2024-10-09,US0090661010,ABNB.US,135.49
2024-10-10,US0090661010,ABNB.US,132.81
2024-10-11,US0090661010,ABNB.US,134.4
2024-10-14,US0090661010,ABNB.US,134.79
2024-10-15,US0090661010,ABNB.US,133.27
2024-10-16,US0090661010,ABNB.US,135.15
2024-10-17,US0090661010,ABNB.US,136.02
2024-10-18,US0090661010,ABNB.US,136.45
2024-10-21,US0090661010,ABNB.US,137.19
2024-10-22,US0090661010,ABNB.US,135.59
2024-10-23,US0090661010,ABNB.US,131.92
2024-10-24,US0090661010,ABNB.US,132.75
2024-10-25,US0090661010,ABNB.US,134.58
2024-10-28,US0090661010,ABNB.US,135.78
2024-10-29,US0090661010,ABNB.US,137.78
2024-10-30,US0090661010,ABNB.US,136.5
2024-10-31,US0090661010,ABNB.US,134.79
2024-11-01,US0090661010,ABNB.US,136.46
2024-11-04,US0090661010,ABNB.US,136.87
2024-11-05,US0090661010,ABNB.US,137.82
2024-11-06,US0090661010,ABNB.US,140.91
2024-11-07,US0090661010,ABNB.US,147.37
2024-11-08,US0090661010,ABNB.US,134.61
2024-11-11,US0090661010,ABNB.US,137.4
2024-11-12,US0090661010,ABNB.US,133.2
2024-11-13,US0090661010,ABNB.US,132.76
2024-11-14,US0090661010,ABNB.US,134.56
2024-11-15,US0090661010,ABNB.US,132.5
2024-11-18,US0090661010,ABNB.US,132.19
2024-11-19,US0090661010,ABNB.US,131.44
2024-11-20,US0090661010,ABNB.US,135.25
2024-11-21,US0090661010,ABNB.US,133.26
2024-11-22,US0090661010,ABNB.US,137.34
2024-11-25,US0090661010,ABNB.US,140.93
2024-11-26,US0090661010,ABNB.US,139.67
2024-11-27,US0090661010,ABNB.US,138.28
2024-11-29,US0090661010,ABNB.US,136.11
2024-12-02,US0090661010,ABNB.US,137.49
2024-12-03,US0090661010,ABNB.US,137.46
2024-12-04,US0090661010,ABNB.US,139.07
2024-12-05,US0090661010,ABNB.US,136.32
2024-12-06,US0090661010,ABNB.US,136.92
2024-12-09,US0090661010,ABNB.US,137.27
2024-12-10,US0090661010,ABNB.US,138.3
2024-12-11,US0090661010,ABNB.US,138.84
2024-12-12,US0090661010,ABNB.US,137.47
2024-12-13,US0090661010,ABNB.US,130.95
2024-12-16,US0090661010,ABNB.US,132.2
2024-12-17,US0090661010,ABNB.US,132.24
2024-12-18,US0090661010,ABNB.US,127.54
2024-12-19,US0090661010,ABNB.US,129.35
2024-12-20,US0090661010,ABNB.US,134.21
2024-12-23,US0090661010,ABNB.US,134.52
2024-12-24,US0090661010,ABNB.US,134.99
2024-12-26,US0090661010,ABNB.US,135.32
2024-12-27,US0090661010,ABNB.US,133.385
2024-12-30,US0090661010,ABNB.US,131.81
2024-12-31,US0090661010,ABNB.US,131.41
2025-01-02,US0090661010,ABNB.US,131.48
2025-01-03,US0090661010,ABNB.US,135.71
2025-01-06,US0090661010,ABNB.US,135.2
2025-01-07,US0090661010,ABNB.US,131.29
2025-01-08,US0090661010,ABNB.US,130.8
2025-01-10,US0090661010,ABNB.US,129.63
2025-01-13,US0090661010,ABNB.US,128.85
2025-01-14,US0090661010,ABNB.US,127.6
2025-01-15,US0090661010,ABNB.US,132.52
2025-01-16,US0090661010,ABNB.US,132.16
2025-01-17,US0090661010,ABNB.US,135.12
2025-01-21,US0090661010,ABNB.US,133.07
2025-01-22,US0090661010,ABNB.US,132.5
2025-01-23,US0090661010,ABNB.US,133.24
2025-01-24,US0090661010,ABNB.US,127.09
2025-01-27,US0090661010,ABNB.US,128.96
2025-01-28,US0090661010,ABNB.US,131.05
2025-01-29,US0090661010,ABNB.US,132.58
2025-01-30,US0090661010,ABNB.US,131.79
2025-01-31,US0090661010,ABNB.US,131.17
2025-02-03,US0090661010,ABNB.US,129.78
2025-02-04,US0090661010,ABNB.US,130.74
2025-02-05,US0090661010,ABNB.US,129.6
2025-02-06,US0090661010,ABNB.US,132.57
2025-02-07,US0090661010,ABNB.US,134.98
2025-02-10,US0090661010,ABNB.US,135.24
2025-02-11,US0090661010,ABNB.US,134.52
2025-02-12,US0090661010,ABNB.US,140.52
2025-02-13,US0090661010,ABNB.US,141.04
2025-02-14,US0090661010,ABNB.US,161.42
2025-02-18,US0090661010,ABNB.US,160.6
2025-02-19,US0090661010,ABNB.US,157.98
2025-02-20,US0090661010,ABNB.US,155.31
2025-02-21,US0090661010,ABNB.US,146.07
2025-02-24,US0090661010,ABNB.US,144.82
2025-02-25,US0090661010,ABNB.US,141.55
2025-02-26,US0090661010,ABNB.US,144.03
2025-02-27,US0090661010,ABNB.US,139.45
2025-02-28,US0090661010,ABNB.US,138.87
2025-03-03,US0090661010,ABNB.US,140.98
2025-03-04,US0090661010,ABNB.US,141.42
2025-03-05,US0090661010,ABNB.US,142.58
2025-03-06,US0090661010,ABNB.US,134.77
2025-03-07,US0090661010,ABNB.US,134.39
2025-03-10,US0090661010,ABNB.US,132.15
2025-03-11,US0090661010,ABNB.US,125.44
2025-03-12,US0090661010,ABNB.US,126.55
2025-03-13,US0090661010,ABNB.US,119.38
2025-03-14,US0090661010,ABNB.US,122.86
2025-03-17,US0090661010,ABNB.US,126.94
2025-03-18,US0090661010,ABNB.US,124.56
2025-03-19,US0090661010,ABNB.US,126.0
2025-03-20,US0090661010,ABNB.US,126.15
2025-03-21,US0090661010,ABNB.US,128.8
2025-03-24,US0090661010,ABNB.US,129.82
2025-03-25,US0090661010,ABNB.US,129.88
2025-03-26,US0090661010,ABNB.US,128.64
2025-03-27,US0090661010,ABNB.US,125.65
2025-03-28,US0090661010,ABNB.US,120.69
2025-03-31,US0090661010,ABNB.US,119.46
2025-04-01,US0090661010,ABNB.US,121.18
2025-04-02,US0090661010,ABNB.US,122.8
2025-04-03,US0090661010,ABNB.US,113.97
2025-04-04,US0090661010,ABNB.US,106.66
2025-04-07,US0090661010,ABNB.US,106.3
2025-04-08,US0090661010,ABNB.US,105.69
2025-04-09,US0090661010,ABNB.US,121.32
2025-04-10,US0090661010,ABNB.US,113.91
2025-04-11,US0090661010,ABNB.US,114.54
2025-04-14,US0090661010,ABNB.US,113.22
2025-04-15,US0090661010,ABNB.US,114.64
2025-04-16,US0090661010,ABNB.US,112.64
2025-04-17,US0090661010,ABNB.US,112.7
2025-04-21,US0090661010,ABNB.US,111.61
2025-04-22,US0090661010,ABNB.US,114.91
2025-04-23,US0090661010,ABNB.US,118.28
2025-04-24,US0090661010,ABNB.US,121.71
2025-04-25,US0090661010,ABNB.US,122.51
2025-04-28,US0090661010,ABNB.US,123.3
2025-04-29,US0090661010,ABNB.US,125.49
2025-04-30,US0090661010,ABNB.US,121.92
2025-05-01,US0090661010,ABNB.US,124.01
2025-05-02,US0090661010,ABNB.US,125.26
2025-05-05,US0090661010,ABNB.US,124.89
2025-05-06,US0090661010,ABNB.US,121.67
2025-05-07,US0090661010,ABNB.US,123.12
2025-05-08,US0090661010,ABNB.US,126.39
2025-05-09,US0090661010,ABNB.US,127.04
2025-05-12,US0090661010,ABNB.US,134.21
2025-05-13,US0090661010,ABNB.US,138.05
2025-05-14,US0090661010,ABNB.US,137.45
2025-05-15,US0090661010,ABNB.US,136.79
2025-05-16,US0090661010,ABNB.US,138.0
2025-05-19,US0090661010,ABNB.US,136.6
2025-05-20,US0090661010,ABNB.US,132.13
2025-05-21,US0090661010,ABNB.US,127.52
2025-05-22,US0090661010,ABNB.US,127.65
2025-05-23,US0090661010,ABNB.US,126.72
2025-05-27,US0090661010,ABNB.US,129.4
2025-05-28,US0090661010,ABNB.US,128.67
2025-05-29,US0090661010,ABNB.US,128.36
2025-05-30,US0090661010,ABNB.US,129.0
2025-06-02,US0090661010,ABNB.US,129.62
2025-06-03,US0090661010,ABNB.US,132.9
2025-06-04,US0090661010,ABNB.US,133.51
2025-06-05,US0090661010,ABNB.US,137.29
2025-06-06,US0090661010,ABNB.US,140.64
2025-06-09,US0090661010,ABNB.US,139.01
2025-06-10,US0090661010,ABNB.US,138.56
2025-06-11,US0090661010,ABNB.US,138.06
2025-06-12,US0090661010,ABNB.US,138.81
2025-06-13,US0090661010,ABNB.US,135.54
2025-06-16,US0090661010,ABNB.US,137.21
2025-06-17,US0090661010,ABNB.US,133.37
2025-06-18,US0090661010,ABNB.US,132.17
2025-06-20,US0090661010,ABNB.US,131.73
2025-06-23,US0090661010,ABNB.US,130.53
2025-06-24,US0090661010,ABNB.US,132.15
2025-06-25,US0090661010,ABNB.US,129.67
2025-06-26,US0090661010,ABNB.US,133.72
2025-06-27,US0090661010,ABNB.US,134.52
2025-06-30,US0090661010,ABNB.US,132.34
2025-07-01,US0090661010,ABNB.US,135.41
2025-07-02,US0090661010,ABNB.US,135.39
2025-07-03,US0090661010,ABNB.US,136.49
2025-07-07,US0090661010,ABNB.US,137.0
2025-07-08,US0090661010,ABNB.US,136.99
2025-07-09,US0090661010,ABNB.US,136.85
2025-07-10,US0090661010,ABNB.US,137.0
2025-07-11,US0090661010,ABNB.US,135.35
2025-07-14,US0090661010,ABNB.US,138.57
2025-07-15,US0090661010,ABNB.US,136.54
2025-07-16,US0090661010,ABNB.US,136.71
2025-07-17,US0090661010,ABNB.US,139.3
2025-07-18,US0090661010,ABNB.US,139.34
2025-07-21,US0090661010,ABNB.US,138.07
2025-07-22,US0090661010,ABNB.US,139.43
2025-07-23,US0090661010,ABNB.US,139.83
2025-07-24,US0090661010,ABNB.US,141.62
2025-07-25,US0090661010,ABNB.US,141.31
2025-07-28,US0090661010,ABNB.US,142.16
2025-07-29,US0090661010,ABNB.US,136.84
2025-07-30,US0090661010,ABNB.US,134.75
2025-07-31,US0090661010,ABNB.US,132.41
2025-08-01,US0090661010,ABNB.US,128.02
2025-08-04,US0090661010,ABNB.US,130.96
2025-08-05,US0090661010,ABNB.US,129.96
2025-08-06,US0090661010,ABNB.US,130.5
2025-08-07,US0090661010,ABNB.US,120.03
2025-08-08,US0090661010,ABNB.US,121.02
2025-08-11,US0090661010,ABNB.US,118.3
2025-08-12,US0090661010,ABNB.US,121.61
2025-08-13,US0090661010,ABNB.US,124.55
2025-08-14,US0090661010,ABNB.US,124.64
2025-08-15,US0090661010,ABNB.US,125.1
2025-08-18,US0090661010,ABNB.US,125.49
2025-08-19,US0090661010,ABNB.US,126.0
2025-08-20,US0090661010,ABNB.US,124.96
2025-08-21,US0090661010,ABNB.US,126.43
2025-08-22,US0090661010,ABNB.US,129.92
2025-08-25,US0090661010,ABNB.US,128.15
2025-08-26,US0090661010,ABNB.US,126.89
2025-08-27,US0090661010,ABNB.US,129.85
2025-08-28,US0090661010,ABNB.US,130.46
2025-08-29,US0090661010,ABNB.US,130.53
2025-09-02,US0090661010,ABNB.US,127.59
2025-09-03,US0090661010,ABNB.US,124.9
2025-09-04,US0090661010,ABNB.US,125.37
2025-09-05,US0090661010,ABNB.US,123.81
2025-09-08,US0090661010,ABNB.US,124.62
2025-09-09,US0090661010,ABNB.US,123.81
2025-09-10,US0090661010,ABNB.US,123.41
2025-09-11,US0090661010,ABNB.US,123.05
2025-09-12,US0090661010,ABNB.US,122.55
2025-09-15,US0090661010,ABNB.US,120.37
2025-09-16,US0090661010,ABNB.US,121.66
2025-09-17,US0090661010,ABNB.US,123.2
2025-09-18,US0090661010,ABNB.US,125.47
2025-09-19,US0090661010,ABNB.US,127.04
2025-09-22,US0090661010,ABNB.US,125.44
2025-09-23,US0090661010,ABNB.US,123.5
2025-09-24,US0090661010,ABNB.US,123.08
2025-09-25,US0090661010,ABNB.US,121.75
2025-09-26,US0090661010,ABNB.US,123.7
2025-09-29,US0090661010,ABNB.US,122.92
2025-09-30,US0090661010,ABNB.US,121.42
2025-10-01,US0090661010,ABNB.US,122.32
2025-10-02,US0090661010,ABNB.US,121.49
2025-10-03,US0090661010,ABNB.US,120.22
2025-10-06,US0090661010,ABNB.US,120.35
2025-10-07,US0090661010,ABNB.US,119.85
2025-10-08,US0090661010,ABNB.US,119.99
2025-10-09,US0090661010,ABNB.US,120.15
2025-10-10,US0090661010,ABNB.US,118.19
2025-10-13,US0090661010,ABNB.US,118.86
2025-10-14,US0090661010,ABNB.US,122.89
2025-10-15,US0090661010,ABNB.US,124.26
2025-10-16,US0090661010,ABNB.US,122.89
2025-10-17,US0090661010,ABNB.US,125.91
2025-10-20,US0090661010,ABNB.US,127.21
2025-10-21,US0090661010,ABNB.US,128.56
2025-10-22,US0090661010,ABNB.US,127.5
2025-10-23,US0090661010,ABNB.US,127.35
2025-10-24,US0090661010,ABNB.US,127.99
2025-10-27,US0090661010,ABNB.US,129.07
2025-10-28,US0090661010,ABNB.US,128.01
2025-10-29,US0090661010,ABNB.US,126.48
2025-10-30,US0090661010,ABNB.US,126.34
2025-10-31,US0090661010,ABNB.US,126.54
2025-11-03,US0090661010,ABNB.US,126.8
2025-11-04,US0090661010,ABNB.US,122.35
2025-11-05,US0090661010,ABNB.US,122.5
2025-11-06,US0090661010,ABNB.US,120.53
2025-11-07,US0090661010,ABNB.US,120.88
2025-11-10,US0090661010,ABNB.US,120.2
2025-11-11,US0090661010,ABNB.US,122.53
2025-11-12,US0090661010,ABNB.US,121.69
2025-11-13,US0090661010,ABNB.US,121.19
2025-11-14,US0090661010,ABNB.US,122.02
2025-11-17,US0090661010,ABNB.US,117.6
2025-11-18,US0090661010,ABNB.US,115.42
2025-11-19,US0090661010,ABNB.US,114.44
2025-11-20,US0090661010,ABNB.US,111.54
2025-11-21,US0090661010,ABNB.US,114.26
2025-11-24,US0090661010,ABNB.US,114.41
2025-11-25,US0090661010,ABNB.US,118.56
2025-11-26,US0090661010,ABNB.US,116.74
2025-11-28,US0090661010,ABNB.US,116.99
2025-12-01,US0090661010,ABNB.US,118.8
2025-12-02,US0090661010,ABNB.US,118.5
2025-12-03,US0090661010,ABNB.US,120.13
2025-12-04,US0090661010,ABNB.US,120.82
2025-12-05,US0090661010,ABNB.US,124.32
2025-12-08,US0090661010,ABNB.US,122.01
2025-12-09,US0090661010,ABNB.US,125.39
2025-12-10,US0090661010,ABNB.US,127.57
2025-12-11,US0090661010,ABNB.US,128.0
2025-12-12,US0090661010,ABNB.US,128.39
2025-12-15,US0090661010,ABNB.US,131.81
2025-12-16,US0090661010,ABNB.US,132.01
2025-12-17,US0090661010,ABNB.US,133.78
2025-12-18,US0090661010,ABNB.US,133.99
2025-12-19,US0090661010,ABNB.US,135.28
2025-12-22,US0090661010,ABNB.US,136.95
2025-12-23,US0090661010,ABNB.US,136.49
2025-12-24,US0090661010,ABNB.US,136.78
2025-12-26,US0090661010,ABNB.US,136.82
2025-12-29,US0090661010,ABNB.US,136.62
2025-12-30,US0090661010,ABNB.US,136.91
2025-12-31,US0090661010,ABNB.US,135.72
2026-01-02,US0090661010,ABNB.US,133.01
2026-01-05,US0090661010,ABNB.US,135.87
2026-01-06,US0090661010,ABNB.US,138.02
2026-01-07,US0090661010,ABNB.US,137.04
2026-01-08,US0090661010,ABNB.US,138.66
2026-01-09,US0090661010,ABNB.US,139.27
2026-01-12,US0090661010,ABNB.US,138.51
2026-01-13,US0090661010,ABNB.US,140.07
2026-01-14,US0090661010,ABNB.US,132.79
2026-01-15,US0090661010,ABNB.US,132.6
2026-01-16,US0090661010,ABNB.US,130.66
2026-01-20,US0090661010,ABNB.US,130.73
2026-01-21,US0090661010,ABNB.US,133.59
2026-01-22,US0090661010,ABNB.US,133.8
2026-01-23,US0090661010,ABNB.US,132.15
2026-01-26,US0090661010,ABNB.US,133.39
2026-01-27,US0090661010,ABNB.US,132.22
2026-01-28,US0090661010,ABNB.US,131.55
2026-01-29,US0090661010,ABNB.US,131.77
2026-01-30,US0090661010,ABNB.US,129.37
2026-02-02,US0090661010,ABNB.US,131.31
2026-02-03,US0090661010,ABNB.US,122.075
2026-02-04,US0090661010,ABNB.US,124.61
2026-02-05,US0090661010,ABNB.US,121.27
2026-02-06,US0090661010,ABNB.US,122.18
2026-02-09,US0090661010,ABNB.US,121.31
2026-02-10,US0090661010,ABNB.US,120.32
2026-02-11,US0090661010,ABNB.US,119.55
2026-02-12,US0090661010,ABNB.US,115.96
2026-02-13,US0090661010,ABNB.US,121.35
2026-02-17,US0090661010,ABNB.US,124.23
2026-02-18,US0090661010,ABNB.US,124.27
2026-02-19,US0090661010,ABNB.US,125.81
2026-02-20,US0090661010,ABNB.US,127.89
2026-02-23,US0090661010,ABNB.US,122.96
2026-02-24,US0090661010,ABNB.US,125.66
2026-02-25,US0090661010,ABNB.US,132.02
2026-02-26,US0090661010,ABNB.US,136.97
2026-02-27,US0090661010,ABNB.US,135.11
2026-03-02,US0090661010,ABNB.US,133.26
2026-03-03,US0090661010,ABNB.US,133.04
2026-03-04,US0090661010,ABNB.US,135.54
2026-03-05,US0090661010,ABNB.US,135.85
2026-03-06,US0090661010,ABNB.US,133.23
2026-03-09,US0090661010,ABNB.US,134.03
2026-03-10,US0090661010,ABNB.US,132.44
2026-03-11,US0090661010,ABNB.US,133.39
2026-03-12,US0090661010,ABNB.US,127.7
2026-03-13,US0090661010,ABNB.US,126.3
2026-03-16,US0090661010,ABNB.US,128.32
2026-03-17,US0090661010,ABNB.US,131.95
2026-03-18,US0090661010,ABNB.US,131.13
2026-03-19,US0090661010,ABNB.US,130.79
2026-03-20,US0090661010,ABNB.US,128.52
2026-03-23,US0090661010,ABNB.US,132.59
2026-03-24,US0090661010,ABNB.US,130.0
2026-03-25,US0090661010,ABNB.US,131.81
2026-03-26,US0090661010,ABNB.US,131.06
2026-03-27,US0090661010,ABNB.US,122.87
2026-03-30,US0090661010,ABNB.US,123.1
2026-03-31,US0090661010,ABNB.US,126.28
2026-04-01,US0090661010,ABNB.US,125.19
2026-04-02,US0090661010,ABNB.US,124.95
2026-04-06,US0090661010,ABNB.US,126.81
2026-04-07,US0090661010,ABNB.US,124.97
2026-04-08,US0090661010,ABNB.US,131.4
2026-04-09,US0090661010,ABNB.US,129.16
2026-04-10,US0090661010,ABNB.US,128.96
2026-04-13,US0090661010,ABNB.US,130.32
2026-04-14,US0090661010,ABNB.US,133.85
2026-04-15,US0090661010,ABNB.US,137.51
2026-04-16,US0090661010,ABNB.US,137.81
2026-04-17,US0090661010,ABNB.US,141.55
2026-04-20,US0090661010,ABNB.US,143.59
2026-04-21,US0090661010,ABNB.US,142.65
2026-04-22,US0090661010,ABNB.US,144.18
2026-04-23,US0090661010,ABNB.US,141.87
2026-04-24,US0090661010,ABNB.US,142.82
2020-04-27,US0231351067,AMZN.US,118.8
2020-04-28,US0231351067,AMZN.US,115.704
2020-04-29,US0231351067,AMZN.US,118.6355
2020-04-30,US0231351067,AMZN.US,123.7
2020-05-01,US0231351067,AMZN.US,114.302
2020-05-04,US0231351067,AMZN.US,115.7995
2020-05-05,US0231351067,AMZN.US,115.89
2020-05-06,US0231351067,AMZN.US,117.563
2020-05-07,US0231351067,AMZN.US,118.3805
2020-05-08,US0231351067,AMZN.US,118.9805
2020-05-11,US0231351067,AMZN.US,120.45
2020-05-12,US0231351067,AMZN.US,117.8475
2020-05-13,US0231351067,AMZN.US,118.396
2020-05-14,US0231351067,AMZN.US,119.4425
2020-05-15,US0231351067,AMZN.US,120.489
2020-05-18,US0231351067,AMZN.US,121.313
2020-05-19,US0231351067,AMZN.US,122.4665
2020-05-20,US0231351067,AMZN.US,124.897
2020-05-21,US0231351067,AMZN.US,122.337
2020-05-22,US0231351067,AMZN.US,121.844
2020-05-26,US0231351067,AMZN.US,121.093
2020-05-27,US0231351067,AMZN.US,120.5195
2020-05-28,US0231351067,AMZN.US,120.055
2020-05-29,US0231351067,AMZN.US,122.1185
2020-06-01,US0231351067,AMZN.US,123.552
2020-06-02,US0231351067,AMZN.US,123.6205
2020-06-03,US0231351067,AMZN.US,123.92
2020-06-04,US0231351067,AMZN.US,123.03
2020-06-05,US0231351067,AMZN.US,124.15
2020-06-08,US0231351067,AMZN.US,126.203
2020-06-09,US0231351067,AMZN.US,130.043
2020-06-10,US0231351067,AMZN.US,132.3725
2020-06-11,US0231351067,AMZN.US,127.898
2020-06-12,US0231351067,AMZN.US,127.251
2020-06-15,US0231351067,AMZN.US,128.634
2020-06-16,US0231351067,AMZN.US,130.7635
2020-06-17,US0231351067,AMZN.US,132.049
2020-06-18,US0231351067,AMZN.US,132.699
2020-06-19,US0231351067,AMZN.US,133.7505
2020-06-22,US0231351067,AMZN.US,135.6911
2020-06-23,US0231351067,AMZN.US,138.2205
2020-06-24,US0231351067,AMZN.US,136.72
2020-06-25,US0231351067,AMZN.US,137.729
2020-06-26,US0231351067,AMZN.US,134.6435
2020-06-29,US0231351067,AMZN.US,134.019
2020-06-30,US0231351067,AMZN.US,137.9411
2020-07-01,US0231351067,AMZN.US,143.935
2020-07-02,US0231351067,AMZN.US,144.515
2020-07-06,US0231351067,AMZN.US,152.852
2020-07-07,US0231351067,AMZN.US,150.006
2020-07-08,US0231351067,AMZN.US,154.0556
2020-07-09,US0231351067,AMZN.US,159.1315
2020-07-10,US0231351067,AMZN.US,160.0
2020-07-13,US0231351067,AMZN.US,155.2
2020-07-14,US0231351067,AMZN.US,154.2
2020-07-15,US0231351067,AMZN.US,150.4435
2020-07-16,US0231351067,AMZN.US,149.995
2020-07-17,US0231351067,AMZN.US,148.0985
2020-07-20,US0231351067,AMZN.US,159.8421
2020-07-21,US0231351067,AMZN.US,156.9145
2020-07-22,US0231351067,AMZN.US,154.9955
2020-07-23,US0231351067,AMZN.US,149.3275
2020-07-24,US0231351067,AMZN.US,150.4455
2020-07-27,US0231351067,AMZN.US,152.7605
2020-07-28,US0231351067,AMZN.US,150.0165
2020-07-29,US0231351067,AMZN.US,151.6765
2020-07-30,US0231351067,AMZN.US,152.594
2020-07-31,US0231351067,AMZN.US,158.234
2020-08-03,US0231351067,AMZN.US,155.5945
2020-08-04,US0231351067,AMZN.US,156.9415
2020-08-05,US0231351067,AMZN.US,160.2515
2020-08-06,US0231351067,AMZN.US,161.25
2020-08-07,US0231351067,AMZN.US,158.373
2020-08-10,US0231351067,AMZN.US,157.408
2020-08-11,US0231351067,AMZN.US,154.0335
2020-08-12,US0231351067,AMZN.US,158.112
2020-08-13,US0231351067,AMZN.US,158.051
2020-08-14,US0231351067,AMZN.US,157.401
2020-08-17,US0231351067,AMZN.US,159.1205
2020-08-18,US0231351067,AMZN.US,165.6245
2020-08-19,US0231351067,AMZN.US,163.024
2020-08-20,US0231351067,AMZN.US,164.8685
2020-08-21,US0231351067,AMZN.US,164.236
2020-08-24,US0231351067,AMZN.US,165.373
2020-08-25,US0231351067,AMZN.US,167.3245
2020-08-26,US0231351067,AMZN.US,172.0925
2020-08-27,US0231351067,AMZN.US,170.0
2020-08-28,US0231351067,AMZN.US,170.09
2020-08-31,US0231351067,AMZN.US,172.548
2020-09-01,US0231351067,AMZN.US,174.956
2020-09-02,US0231351067,AMZN.US,176.5725
2020-09-03,US0231351067,AMZN.US,168.4
2020-09-04,US0231351067,AMZN.US,164.731
2020-09-08,US0231351067,AMZN.US,157.492
2020-09-09,US0231351067,AMZN.US,163.4306
2020-09-10,US0231351067,AMZN.US,158.7555
2020-09-11,US0231351067,AMZN.US,155.811
2020-09-14,US0231351067,AMZN.US,155.1485
2020-09-15,US0231351067,AMZN.US,157.8065
2020-09-16,US0231351067,AMZN.US,153.905
2020-09-17,US0231351067,AMZN.US,150.4365
2020-09-18,US0231351067,AMZN.US,147.7455
2020-09-21,US0231351067,AMZN.US,148.0235
2020-09-22,US0231351067,AMZN.US,156.4495
2020-09-23,US0231351067,AMZN.US,149.9931
2020-09-24,US0231351067,AMZN.US,150.9895
2020-09-25,US0231351067,AMZN.US,154.7565
2020-09-28,US0231351067,AMZN.US,158.7025
2020-09-29,US0231351067,AMZN.US,157.244
2020-09-30,US0231351067,AMZN.US,157.4365
2020-10-01,US0231351067,AMZN.US,161.063
2020-10-02,US0231351067,AMZN.US,156.25
2020-10-05,US0231351067,AMZN.US,159.96
2020-10-06,US0231351067,AMZN.US,154.998
2020-10-07,US0231351067,AMZN.US,159.7845
2020-10-08,US0231351067,AMZN.US,159.5275
2020-10-09,US0231351067,AMZN.US,164.3325
2020-10-12,US0231351067,AMZN.US,172.1465
2020-10-13,US0231351067,AMZN.US,172.1815
2020-10-14,US0231351067,AMZN.US,168.1855
2020-10-15,US0231351067,AMZN.US,166.9325
2020-10-16,US0231351067,AMZN.US,163.6355
2020-10-19,US0231351067,AMZN.US,160.3605
2020-10-20,US0231351067,AMZN.US,160.8505
2020-10-21,US0231351067,AMZN.US,159.247
2020-10-22,US0231351067,AMZN.US,158.82
2020-10-23,US0231351067,AMZN.US,160.22
2020-10-26,US0231351067,AMZN.US,160.352
2020-10-27,US0231351067,AMZN.US,164.3165
2020-10-28,US0231351067,AMZN.US,158.1391
2020-10-29,US0231351067,AMZN.US,160.5505
2020-10-30,US0231351067,AMZN.US,151.8075
2020-11-02,US0231351067,AMZN.US,150.224
2020-11-03,US0231351067,AMZN.US,152.4205
2020-11-04,US0231351067,AMZN.US,162.058
2020-11-05,US0231351067,AMZN.US,166.1
2020-11-06,US0231351067,AMZN.US,165.5685
2020-11-09,US0231351067,AMZN.US,157.187
2020-11-10,US0231351067,AMZN.US,151.751
2020-11-11,US0231351067,AMZN.US,156.8695
2020-11-12,US0231351067,AMZN.US,155.5141
2020-11-13,US0231351067,AMZN.US,156.4405
2020-11-16,US0231351067,AMZN.US,156.553
2020-11-17,US0231351067,AMZN.US,156.783
2020-11-18,US0231351067,AMZN.US,155.273
2020-11-19,US0231351067,AMZN.US,155.851
2020-11-20,US0231351067,AMZN.US,154.97
2020-11-23,US0231351067,AMZN.US,154.9195
2020-11-24,US0231351067,AMZN.US,155.903
2020-11-25,US0231351067,AMZN.US,159.2536
2020-11-27,US0231351067,AMZN.US,159.767
2020-11-30,US0231351067,AMZN.US,158.402
2020-12-01,US0231351067,AMZN.US,161.004
2020-12-02,US0231351067,AMZN.US,160.1765
2020-12-03,US0231351067,AMZN.US,159.3365
2020-12-04,US0231351067,AMZN.US,158.129
2020-12-07,US0231351067,AMZN.US,157.9
2020-12-08,US0231351067,AMZN.US,158.8645
2020-12-09,US0231351067,AMZN.US,155.21
2020-12-10,US0231351067,AMZN.US,155.0745
2020-12-11,US0231351067,AMZN.US,155.821
2020-12-14,US0231351067,AMZN.US,157.8485
2020-12-15,US0231351067,AMZN.US,158.256
2020-12-16,US0231351067,AMZN.US,162.048
2020-12-17,US0231351067,AMZN.US,161.804
2020-12-18,US0231351067,AMZN.US,160.0825
2020-12-21,US0231351067,AMZN.US,160.309
2020-12-22,US0231351067,AMZN.US,160.326
2020-12-23,US0231351067,AMZN.US,159.2635
2020-12-24,US0231351067,AMZN.US,158.6345
2020-12-28,US0231351067,AMZN.US,164.198
2020-12-29,US0231351067,AMZN.US,166.1
2020-12-30,US0231351067,AMZN.US,164.2925
2020-12-31,US0231351067,AMZN.US,162.8465
2021-01-04,US0231351067,AMZN.US,159.3315
2021-01-05,US0231351067,AMZN.US,160.9255
2021-01-06,US0231351067,AMZN.US,156.919
2021-01-07,US0231351067,AMZN.US,158.108
2021-01-08,US0231351067,AMZN.US,159.135
2021-01-11,US0231351067,AMZN.US,155.7105
2021-01-12,US0231351067,AMZN.US,156.0415
2021-01-13,US0231351067,AMZN.US,158.2945
2021-01-14,US0231351067,AMZN.US,156.3735
2021-01-15,US0231351067,AMZN.US,155.2125
2021-01-19,US0231351067,AMZN.US,156.038
2021-01-20,US0231351067,AMZN.US,163.169
2021-01-21,US0231351067,AMZN.US,165.3495
2021-01-22,US0231351067,AMZN.US,164.6115
2021-01-25,US0231351067,AMZN.US,164.7
2021-01-26,US0231351067,AMZN.US,166.3065
2021-01-27,US0231351067,AMZN.US,161.629
2021-01-28,US0231351067,AMZN.US,161.881
2021-01-29,US0231351067,AMZN.US,160.31
2021-02-01,US0231351067,AMZN.US,167.144
2021-02-02,US0231351067,AMZN.US,169.0
2021-02-03,US0231351067,AMZN.US,165.6265
2021-02-04,US0231351067,AMZN.US,166.55
2021-02-05,US0231351067,AMZN.US,167.6075
2021-02-08,US0231351067,AMZN.US,166.147
2021-02-09,US0231351067,AMZN.US,165.25
2021-02-10,US0231351067,AMZN.US,164.329
2021-02-11,US0231351067,AMZN.US,163.1065
2021-02-12,US0231351067,AMZN.US,163.8855
2021-02-16,US0231351067,AMZN.US,163.4475
2021-02-17,US0231351067,AMZN.US,165.432
2021-02-18,US0231351067,AMZN.US,166.4115
2021-02-19,US0231351067,AMZN.US,162.495
2021-02-22,US0231351067,AMZN.US,159.037
2021-02-23,US0231351067,AMZN.US,159.725
2021-02-24,US0231351067,AMZN.US,157.9765
2021-02-25,US0231351067,AMZN.US,152.858
2021-02-26,US0231351067,AMZN.US,154.6465
2021-03-01,US0231351067,AMZN.US,157.307
2021-03-02,US0231351067,AMZN.US,154.7265
2021-03-03,US0231351067,AMZN.US,150.25
2021-03-04,US0231351067,AMZN.US,148.8786
2021-03-05,US0231351067,AMZN.US,150.023
2021-03-08,US0231351067,AMZN.US,147.5975
2021-03-09,US0231351067,AMZN.US,153.1425
2021-03-10,US0231351067,AMZN.US,152.882
2021-03-11,US0231351067,AMZN.US,155.6795
2021-03-12,US0231351067,AMZN.US,154.4745
2021-03-15,US0231351067,AMZN.US,154.084
2021-03-16,US0231351067,AMZN.US,154.593
2021-03-17,US0231351067,AMZN.US,156.7865
2021-03-18,US0231351067,AMZN.US,151.3995
2021-03-19,US0231351067,AMZN.US,153.748
2021-03-22,US0231351067,AMZN.US,155.5435
2021-03-23,US0231351067,AMZN.US,156.875
2021-03-24,US0231351067,AMZN.US,154.3535
2021-03-25,US0231351067,AMZN.US,152.313
2021-03-26,US0231351067,AMZN.US,152.6015
2021-03-29,US0231351067,AMZN.US,153.7865
2021-03-30,US0231351067,AMZN.US,152.7645
2021-03-31,US0231351067,AMZN.US,154.704
2021-04-01,US0231351067,AMZN.US,158.05
2021-04-05,US0231351067,AMZN.US,161.3365
2021-04-06,US0231351067,AMZN.US,161.1911
2021-04-07,US0231351067,AMZN.US,163.9695
2021-04-08,US0231351067,AMZN.US,164.965
2021-04-09,US0231351067,AMZN.US,168.61
2021-04-12,US0231351067,AMZN.US,168.9695
2021-04-13,US0231351067,AMZN.US,170.0
2021-04-14,US0231351067,AMZN.US,166.65
2021-04-15,US0231351067,AMZN.US,168.9545
2021-04-16,US0231351067,AMZN.US,169.972
2021-04-19,US0231351067,AMZN.US,168.6005
2021-04-20,US0231351067,AMZN.US,166.7345
2021-04-21,US0231351067,AMZN.US,168.101
2021-04-22,US0231351067,AMZN.US,165.452
2021-04-23,US0231351067,AMZN.US,167.044
2021-04-26,US0231351067,AMZN.US,170.45
2021-04-27,US0231351067,AMZN.US,170.8715
2021-04-28,US0231351067,AMZN.US,172.925
2021-04-29,US0231351067,AMZN.US,173.5655
2021-04-30,US0231351067,AMZN.US,173.371
2021-05-03,US0231351067,AMZN.US,169.3245
2021-05-04,US0231351067,AMZN.US,165.5935
2021-05-05,US0231351067,AMZN.US,163.527
2021-05-06,US0231351067,AMZN.US,165.3185
2021-05-07,US0231351067,AMZN.US,164.5805
2021-05-10,US0231351067,AMZN.US,159.5245
2021-05-11,US0231351067,AMZN.US,161.1955
2021-05-12,US0231351067,AMZN.US,157.597
2021-05-13,US0231351067,AMZN.US,158.0735
2021-05-14,US0231351067,AMZN.US,161.145
2021-05-17,US0231351067,AMZN.US,163.5195
2021-05-18,US0231351067,AMZN.US,161.614
2021-05-19,US0231351067,AMZN.US,161.59
2021-05-20,US0231351067,AMZN.US,162.384
2021-05-21,US0231351067,AMZN.US,160.154
2021-05-24,US0231351067,AMZN.US,162.2495
2021-05-25,US0231351067,AMZN.US,162.9525
2021-05-26,US0231351067,AMZN.US,163.258
2021-05-27,US0231351067,AMZN.US,161.5055
2021-05-28,US0231351067,AMZN.US,161.1535
2021-06-01,US0231351067,AMZN.US,160.9325
2021-06-02,US0231351067,AMZN.US,161.6995
2021-06-03,US0231351067,AMZN.US,159.3505
2021-06-04,US0231351067,AMZN.US,160.311
2021-06-07,US0231351067,AMZN.US,159.9005
2021-06-08,US0231351067,AMZN.US,163.2055
2021-06-09,US0231351067,AMZN.US,164.0575
2021-06-10,US0231351067,AMZN.US,167.4825
2021-06-11,US0231351067,AMZN.US,167.3415
2021-06-14,US0231351067,AMZN.US,169.1935
2021-06-15,US0231351067,AMZN.US,169.1565
2021-06-16,US0231351067,AMZN.US,170.7625
2021-06-17,US0231351067,AMZN.US,174.462
2021-06-18,US0231351067,AMZN.US,174.345
2021-06-21,US0231351067,AMZN.US,172.698
2021-06-22,US0231351067,AMZN.US,175.272
2021-06-23,US0231351067,AMZN.US,175.1911
2021-06-24,US0231351067,AMZN.US,172.454
2021-06-25,US0231351067,AMZN.US,170.073
2021-06-28,US0231351067,AMZN.US,172.1945
2021-06-29,US0231351067,AMZN.US,172.407
2021-06-30,US0231351067,AMZN.US,172.008
2021-07-01,US0231351067,AMZN.US,171.6485
2021-07-02,US0231351067,AMZN.US,175.549
2021-07-06,US0231351067,AMZN.US,183.787
2021-07-07,US0231351067,AMZN.US,184.829
2021-07-08,US0231351067,AMZN.US,186.5705
2021-07-09,US0231351067,AMZN.US,185.9671
2021-07-12,US0231351067,AMZN.US,185.9275
2021-07-13,US0231351067,AMZN.US,183.8681
2021-07-14,US0231351067,AMZN.US,184.084
2021-07-15,US0231351067,AMZN.US,181.56
2021-07-16,US0231351067,AMZN.US,178.6815
2021-07-19,US0231351067,AMZN.US,177.4795
2021-07-20,US0231351067,AMZN.US,178.6595
2021-07-21,US0231351067,AMZN.US,179.26
2021-07-22,US0231351067,AMZN.US,181.9015
2021-07-23,US0231351067,AMZN.US,182.832
2021-07-26,US0231351067,AMZN.US,184.991
2021-07-27,US0231351067,AMZN.US,181.3195
2021-07-28,US0231351067,AMZN.US,181.516
2021-07-29,US0231351067,AMZN.US,179.996
2021-07-30,US0231351067,AMZN.US,166.3795
2021-08-02,US0231351067,AMZN.US,166.574
2021-08-03,US0231351067,AMZN.US,168.312
2021-08-04,US0231351067,AMZN.US,167.736
2021-08-05,US0231351067,AMZN.US,168.7995
2021-08-06,US0231351067,AMZN.US,167.247
2021-08-09,US0231351067,AMZN.US,167.0935
2021-08-10,US0231351067,AMZN.US,166.034
2021-08-11,US0231351067,AMZN.US,164.6055
2021-08-12,US0231351067,AMZN.US,165.175
2021-08-13,US0231351067,AMZN.US,164.6985
2021-08-16,US0231351067,AMZN.US,164.9495
2021-08-17,US0231351067,AMZN.US,162.098
2021-08-18,US0231351067,AMZN.US,160.061
2021-08-19,US0231351067,AMZN.US,159.3875
2021-08-20,US0231351067,AMZN.US,159.9975
2021-08-23,US0231351067,AMZN.US,163.2935
2021-08-24,US0231351067,AMZN.US,165.289
2021-08-25,US0231351067,AMZN.US,164.959
2021-08-26,US0231351067,AMZN.US,165.8
2021-08-27,US0231351067,AMZN.US,167.4815
2021-08-30,US0231351067,AMZN.US,171.0785
2021-08-31,US0231351067,AMZN.US,173.5395
2021-09-01,US0231351067,AMZN.US,173.95
2021-09-02,US0231351067,AMZN.US,173.156
2021-09-03,US0231351067,AMZN.US,173.9025
2021-09-07,US0231351067,AMZN.US,175.4645
2021-09-08,US0231351067,AMZN.US,176.275
2021-09-09,US0231351067,AMZN.US,174.208
2021-09-10,US0231351067,AMZN.US,173.4575
2021-09-13,US0231351067,AMZN.US,172.8585
2021-09-14,US0231351067,AMZN.US,172.5
2021-09-15,US0231351067,AMZN.US,173.7895
2021-09-16,US0231351067,AMZN.US,174.412
2021-09-17,US0231351067,AMZN.US,173.126
2021-09-20,US0231351067,AMZN.US,167.7865
2021-09-21,US0231351067,AMZN.US,167.1815
2021-09-22,US0231351067,AMZN.US,169.0025
2021-09-23,US0231351067,AMZN.US,170.8
2021-09-24,US0231351067,AMZN.US,171.276
2021-09-27,US0231351067,AMZN.US,170.2901
2021-09-28,US0231351067,AMZN.US,165.798
2021-09-29,US0231351067,AMZN.US,165.056
2021-09-30,US0231351067,AMZN.US,164.252
2021-10-01,US0231351067,AMZN.US,164.163
2021-10-04,US0231351067,AMZN.US,159.489
2021-10-05,US0231351067,AMZN.US,161.05
2021-10-06,US0231351067,AMZN.US,163.1005
2021-10-07,US0231351067,AMZN.US,165.1215
2021-10-08,US0231351067,AMZN.US,164.431
2021-10-11,US0231351067,AMZN.US,162.315
2021-10-12,US0231351067,AMZN.US,162.3665
2021-10-13,US0231351067,AMZN.US,164.214
2021-10-14,US0231351067,AMZN.US,164.9931
2021-10-15,US0231351067,AMZN.US,170.451
2021-10-18,US0231351067,AMZN.US,172.337
2021-10-19,US0231351067,AMZN.US,172.2075
2021-10-20,US0231351067,AMZN.US,170.753
2021-10-21,US0231351067,AMZN.US,171.7505
2021-10-22,US0231351067,AMZN.US,166.7775
2021-10-25,US0231351067,AMZN.US,166.0185
2021-10-26,US0231351067,AMZN.US,168.8035
2021-10-27,US0231351067,AMZN.US,169.6245
2021-10-28,US0231351067,AMZN.US,172.3285
2021-10-29,US0231351067,AMZN.US,168.6215
2021-11-01,US0231351067,AMZN.US,165.9055
2021-11-02,US0231351067,AMZN.US,165.6375
2021-11-03,US0231351067,AMZN.US,169.2
2021-11-04,US0231351067,AMZN.US,173.85
2021-11-05,US0231351067,AMZN.US,175.9495
2021-11-08,US0231351067,AMZN.US,174.449
2021-11-09,US0231351067,AMZN.US,178.8115
2021-11-10,US0231351067,AMZN.US,174.1026
2021-11-11,US0231351067,AMZN.US,173.625
2021-11-12,US0231351067,AMZN.US,176.2575
2021-11-15,US0231351067,AMZN.US,177.284
2021-11-16,US0231351067,AMZN.US,177.035
2021-11-17,US0231351067,AMZN.US,177.45
2021-11-18,US0231351067,AMZN.US,184.803
2021-11-19,US0231351067,AMZN.US,183.8285
2021-11-22,US0231351067,AMZN.US,178.6286
2021-11-23,US0231351067,AMZN.US,179.002
2021-11-24,US0231351067,AMZN.US,179.0205
2021-11-26,US0231351067,AMZN.US,175.228
2021-11-29,US0231351067,AMZN.US,178.0785
2021-11-30,US0231351067,AMZN.US,175.3535
2021-12-01,US0231351067,AMZN.US,172.186
2021-12-02,US0231351067,AMZN.US,171.8681
2021-12-03,US0231351067,AMZN.US,169.4895
2021-12-06,US0231351067,AMZN.US,171.3685
2021-12-07,US0231351067,AMZN.US,176.1645
2021-12-08,US0231351067,AMZN.US,176.158
2021-12-09,US0231351067,AMZN.US,174.171
2021-12-10,US0231351067,AMZN.US,172.212
2021-12-13,US0231351067,AMZN.US,169.5675
2021-12-14,US0231351067,AMZN.US,169.0915
2021-12-15,US0231351067,AMZN.US,173.315
2021-12-16,US0231351067,AMZN.US,168.871
2021-12-17,US0231351067,AMZN.US,170.0175
2021-12-20,US0231351067,AMZN.US,167.079
2021-12-21,US0231351067,AMZN.US,170.417
2021-12-22,US0231351067,AMZN.US,171.037
2021-12-23,US0231351067,AMZN.US,171.0685
2021-12-27,US0231351067,AMZN.US,169.6695
2021-12-28,US0231351067,AMZN.US,170.661
2021-12-29,US0231351067,AMZN.US,169.201
2021-12-30,US0231351067,AMZN.US,168.6445
2021-12-31,US0231351067,AMZN.US,166.7171
2022-01-03,US0231351067,AMZN.US,170.4046
2022-01-04,US0231351067,AMZN.US,167.522
2022-01-05,US0231351067,AMZN.US,164.357
2022-01-06,US0231351067,AMZN.US,163.254
2022-01-07,US0231351067,AMZN.US,162.554
2022-01-10,US0231351067,AMZN.US,161.486
2022-01-11,US0231351067,AMZN.US,165.362
2022-01-12,US0231351067,AMZN.US,165.207
2022-01-13,US0231351067,AMZN.US,161.214
2022-01-14,US0231351067,AMZN.US,162.138
2022-01-18,US0231351067,AMZN.US,158.9175
2022-01-19,US0231351067,AMZN.US,156.299
2022-01-20,US0231351067,AMZN.US,151.6675
2022-01-21,US0231351067,AMZN.US,142.643
2022-01-24,US0231351067,AMZN.US,144.544
2022-01-25,US0231351067,AMZN.US,139.986
2022-01-26,US0231351067,AMZN.US,138.8725
2022-01-27,US0231351067,AMZN.US,139.6375
2022-01-28,US0231351067,AMZN.US,143.978
2022-01-31,US0231351067,AMZN.US,149.5735
2022-02-01,US0231351067,AMZN.US,151.1935
2022-02-02,US0231351067,AMZN.US,150.6125
2022-02-03,US0231351067,AMZN.US,138.8455
2022-02-04,US0231351067,AMZN.US,157.6395
2022-02-07,US0231351067,AMZN.US,157.9355
2022-02-08,US0231351067,AMZN.US,161.4135
2022-02-09,US0231351067,AMZN.US,161.1895
2022-02-10,US0231351067,AMZN.US,159.0036
2022-02-11,US0231351067,AMZN.US,153.2935
2022-02-14,US0231351067,AMZN.US,155.167
2022-02-15,US0231351067,AMZN.US,156.5105
2022-02-16,US0231351067,AMZN.US,158.1005
2022-02-17,US0231351067,AMZN.US,154.6525
2022-02-18,US0231351067,AMZN.US,152.6015
2022-02-22,US0231351067,AMZN.US,150.1975
2022-02-23,US0231351067,AMZN.US,144.827
2022-02-24,US0231351067,AMZN.US,151.358
2022-02-25,US0231351067,AMZN.US,153.7885
2022-02-28,US0231351067,AMZN.US,153.563
2022-03-01,US0231351067,AMZN.US,151.142
2022-03-02,US0231351067,AMZN.US,152.0525
2022-03-03,US0231351067,AMZN.US,147.8985
2022-03-04,US0231351067,AMZN.US,145.641
2022-03-07,US0231351067,AMZN.US,137.453
2022-03-08,US0231351067,AMZN.US,136.0145
2022-03-09,US0231351067,AMZN.US,139.279
2022-03-10,US0231351067,AMZN.US,146.8175
2022-03-11,US0231351067,AMZN.US,145.5245
2022-03-14,US0231351067,AMZN.US,141.853
2022-03-15,US0231351067,AMZN.US,147.3665
2022-03-16,US0231351067,AMZN.US,153.104
2022-03-17,US0231351067,AMZN.US,157.239
2022-03-18,US0231351067,AMZN.US,161.2505
2022-03-21,US0231351067,AMZN.US,161.4915
2022-03-22,US0231351067,AMZN.US,164.8891
2022-03-23,US0231351067,AMZN.US,163.408
2022-03-24,US0231351067,AMZN.US,163.6495
2022-03-25,US0231351067,AMZN.US,164.7735
2022-03-28,US0231351067,AMZN.US,168.9905
2022-03-29,US0231351067,AMZN.US,169.315
2022-03-30,US0231351067,AMZN.US,166.301
2022-03-31,US0231351067,AMZN.US,162.9975
2022-04-01,US0231351067,AMZN.US,163.56
2022-04-04,US0231351067,AMZN.US,168.3465
2022-04-05,US0231351067,AMZN.US,164.055
2022-04-06,US0231351067,AMZN.US,158.756
2022-04-07,US0231351067,AMZN.US,157.7845
2022-04-08,US0231351067,AMZN.US,154.4605
2022-04-11,US0231351067,AMZN.US,151.122
2022-04-12,US0231351067,AMZN.US,150.7875
2022-04-13,US0231351067,AMZN.US,155.541
2022-04-14,US0231351067,AMZN.US,151.7065
2022-04-18,US0231351067,AMZN.US,152.785
2022-04-19,US0231351067,AMZN.US,158.1155
2022-04-20,US0231351067,AMZN.US,153.998
2022-04-21,US0231351067,AMZN.US,148.296
2022-04-22,US0231351067,AMZN.US,144.35
2022-04-25,US0231351067,AMZN.US,146.074
2022-04-26,US0231351067,AMZN.US,139.391
2022-04-27,US0231351067,AMZN.US,138.167
2022-04-28,US0231351067,AMZN.US,144.5965
2022-04-29,US0231351067,AMZN.US,124.2815
2022-05-02,US0231351067,AMZN.US,124.5
2022-05-03,US0231351067,AMZN.US,124.2535
2022-05-04,US0231351067,AMZN.US,125.9285
2022-05-05,US0231351067,AMZN.US,116.407
2022-05-06,US0231351067,AMZN.US,114.7725
2022-05-09,US0231351067,AMZN.US,108.789
2022-05-10,US0231351067,AMZN.US,108.859
2022-05-11,US0231351067,AMZN.US,105.372
2022-05-12,US0231351067,AMZN.US,106.9305
2022-05-13,US0231351067,AMZN.US,113.055
2022-05-16,US0231351067,AMZN.US,110.8105
2022-05-17,US0231351067,AMZN.US,115.3685
2022-05-18,US0231351067,AMZN.US,107.1125
2022-05-19,US0231351067,AMZN.US,107.319
2022-05-20,US0231351067,AMZN.US,107.591
2022-05-23,US0231351067,AMZN.US,107.557
2022-05-24,US0231351067,AMZN.US,104.1
2022-05-25,US0231351067,AMZN.US,106.775
2022-05-26,US0231351067,AMZN.US,111.0775
2022-05-27,US0231351067,AMZN.US,115.1465
2022-05-31,US0231351067,AMZN.US,120.2095
2022-06-01,US0231351067,AMZN.US,121.684
2022-06-02,US0231351067,AMZN.US,125.511
2022-06-03,US0231351067,AMZN.US,122.35
2022-06-06,US0231351067,AMZN.US,124.79
2022-06-07,US0231351067,AMZN.US,123.0
2022-06-08,US0231351067,AMZN.US,121.18
2022-06-09,US0231351067,AMZN.US,116.15
2022-06-10,US0231351067,AMZN.US,109.65
2022-06-13,US0231351067,AMZN.US,103.67
2022-06-14,US0231351067,AMZN.US,102.31
2022-06-15,US0231351067,AMZN.US,107.67
2022-06-16,US0231351067,AMZN.US,103.66
2022-06-17,US0231351067,AMZN.US,106.22
2022-06-21,US0231351067,AMZN.US,108.68
2022-06-22,US0231351067,AMZN.US,108.95
2022-06-23,US0231351067,AMZN.US,112.44
2022-06-24,US0231351067,AMZN.US,116.46
2022-06-27,US0231351067,AMZN.US,113.22
2022-06-28,US0231351067,AMZN.US,107.4
2022-06-29,US0231351067,AMZN.US,108.92
2022-06-30,US0231351067,AMZN.US,106.21
2022-07-01,US0231351067,AMZN.US,109.56
2022-07-05,US0231351067,AMZN.US,113.5
2022-07-06,US0231351067,AMZN.US,114.33
2022-07-07,US0231351067,AMZN.US,116.33
2022-07-08,US0231351067,AMZN.US,115.54
2022-07-11,US0231351067,AMZN.US,111.75
2022-07-12,US0231351067,AMZN.US,109.22
2022-07-13,US0231351067,AMZN.US,110.4
2022-07-14,US0231351067,AMZN.US,110.63
2022-07-15,US0231351067,AMZN.US,113.55
2022-07-18,US0231351067,AMZN.US,113.76
2022-07-19,US0231351067,AMZN.US,118.21
2022-07-20,US0231351067,AMZN.US,122.77
2022-07-21,US0231351067,AMZN.US,124.63
2022-07-22,US0231351067,AMZN.US,122.42
2022-07-25,US0231351067,AMZN.US,121.14
2022-07-26,US0231351067,AMZN.US,114.81
2022-07-27,US0231351067,AMZN.US,120.97
2022-07-28,US0231351067,AMZN.US,122.28
2022-07-29,US0231351067,AMZN.US,134.95
2022-08-01,US0231351067,AMZN.US,135.39
2022-08-02,US0231351067,AMZN.US,134.16
2022-08-03,US0231351067,AMZN.US,139.52
2022-08-04,US0231351067,AMZN.US,142.57
2022-08-05,US0231351067,AMZN.US,140.8
2022-08-08,US0231351067,AMZN.US,139.41
2022-08-09,US0231351067,AMZN.US,137.83
2022-08-10,US0231351067,AMZN.US,142.69
2022-08-11,US0231351067,AMZN.US,140.64
2022-08-12,US0231351067,AMZN.US,143.55
2022-08-15,US0231351067,AMZN.US,143.18
2022-08-16,US0231351067,AMZN.US,144.78
2022-08-17,US0231351067,AMZN.US,142.1
2022-08-18,US0231351067,AMZN.US,142.3
2022-08-19,US0231351067,AMZN.US,138.23
2022-08-22,US0231351067,AMZN.US,133.22
2022-08-23,US0231351067,AMZN.US,133.62
2022-08-24,US0231351067,AMZN.US,133.8
2022-08-25,US0231351067,AMZN.US,137.28
2022-08-26,US0231351067,AMZN.US,130.75
2022-08-29,US0231351067,AMZN.US,129.79
2022-08-30,US0231351067,AMZN.US,128.73
2022-08-31,US0231351067,AMZN.US,126.77
2022-09-01,US0231351067,AMZN.US,127.82
2022-09-02,US0231351067,AMZN.US,127.51
2022-09-06,US0231351067,AMZN.US,126.11
2022-09-07,US0231351067,AMZN.US,129.48
2022-09-08,US0231351067,AMZN.US,129.82
2022-09-09,US0231351067,AMZN.US,133.27
2022-09-12,US0231351067,AMZN.US,136.45
2022-09-13,US0231351067,AMZN.US,126.82
2022-09-14,US0231351067,AMZN.US,128.55
2022-09-15,US0231351067,AMZN.US,126.28
2022-09-16,US0231351067,AMZN.US,123.53
2022-09-19,US0231351067,AMZN.US,124.66
2022-09-20,US0231351067,AMZN.US,122.19
2022-09-21,US0231351067,AMZN.US,118.54
2022-09-22,US0231351067,AMZN.US,117.31
2022-09-23,US0231351067,AMZN.US,113.78
2022-09-26,US0231351067,AMZN.US,115.15
2022-09-27,US0231351067,AMZN.US,114.41
2022-09-28,US0231351067,AMZN.US,118.01
2022-09-29,US0231351067,AMZN.US,114.8
2022-09-30,US0231351067,AMZN.US,113.0
2022-10-03,US0231351067,AMZN.US,115.88
2022-10-04,US0231351067,AMZN.US,121.09
2022-10-05,US0231351067,AMZN.US,120.95
2022-10-06,US0231351067,AMZN.US,120.3
2022-10-07,US0231351067,AMZN.US,114.56
2022-10-10,US0231351067,AMZN.US,113.67
2022-10-11,US0231351067,AMZN.US,112.21
2022-10-12,US0231351067,AMZN.US,112.9
2022-10-13,US0231351067,AMZN.US,112.53
2022-10-14,US0231351067,AMZN.US,106.9
2022-10-17,US0231351067,AMZN.US,113.79
2022-10-18,US0231351067,AMZN.US,116.36
2022-10-19,US0231351067,AMZN.US,115.07
2022-10-20,US0231351067,AMZN.US,115.25
2022-10-21,US0231351067,AMZN.US,119.32
2022-10-24,US0231351067,AMZN.US,119.82
2022-10-25,US0231351067,AMZN.US,120.6
2022-10-26,US0231351067,AMZN.US,115.66
2022-10-27,US0231351067,AMZN.US,110.96
2022-10-28,US0231351067,AMZN.US,103.41
2022-10-31,US0231351067,AMZN.US,102.44
2022-11-01,US0231351067,AMZN.US,96.79
2022-11-02,US0231351067,AMZN.US,92.12
2022-11-03,US0231351067,AMZN.US,89.3
2022-11-04,US0231351067,AMZN.US,90.98
2022-11-07,US0231351067,AMZN.US,90.53
2022-11-08,US0231351067,AMZN.US,89.98
2022-11-09,US0231351067,AMZN.US,86.14
2022-11-10,US0231351067,AMZN.US,96.63
2022-11-11,US0231351067,AMZN.US,100.79
2022-11-14,US0231351067,AMZN.US,98.49
2022-11-15,US0231351067,AMZN.US,98.94
2022-11-16,US0231351067,AMZN.US,97.12
2022-11-17,US0231351067,AMZN.US,94.85
2022-11-18,US0231351067,AMZN.US,94.14
2022-11-21,US0231351067,AMZN.US,92.46
2022-11-22,US0231351067,AMZN.US,93.2
2022-11-23,US0231351067,AMZN.US,94.13
2022-11-25,US0231351067,AMZN.US,93.41
2022-11-28,US0231351067,AMZN.US,93.95
2022-11-29,US0231351067,AMZN.US,92.42
2022-11-30,US0231351067,AMZN.US,96.54
2022-12-01,US0231351067,AMZN.US,95.5
2022-12-02,US0231351067,AMZN.US,94.13
2022-12-05,US0231351067,AMZN.US,91.01
2022-12-06,US0231351067,AMZN.US,88.25
2022-12-07,US0231351067,AMZN.US,88.46
2022-12-08,US0231351067,AMZN.US,90.35
2022-12-09,US0231351067,AMZN.US,89.09
2022-12-12,US0231351067,AMZN.US,90.55
2022-12-13,US0231351067,AMZN.US,92.49
2022-12-14,US0231351067,AMZN.US,91.58
2022-12-15,US0231351067,AMZN.US,88.45
2022-12-16,US0231351067,AMZN.US,87.86
2022-12-19,US0231351067,AMZN.US,84.92
2022-12-20,US0231351067,AMZN.US,85.19
2022-12-21,US0231351067,AMZN.US,86.77
2022-12-22,US0231351067,AMZN.US,83.79
2022-12-23,US0231351067,AMZN.US,85.25
2022-12-27,US0231351067,AMZN.US,83.04
2022-12-28,US0231351067,AMZN.US,81.82
2022-12-29,US0231351067,AMZN.US,84.18
2022-12-30,US0231351067,AMZN.US,84.0
2023-01-03,US0231351067,AMZN.US,85.82
2023-01-04,US0231351067,AMZN.US,85.14
2023-01-05,US0231351067,AMZN.US,83.12
2023-01-06,US0231351067,AMZN.US,86.08
2023-01-09,US0231351067,AMZN.US,87.36
2023-01-10,US0231351067,AMZN.US,89.87
2023-01-11,US0231351067,AMZN.US,95.09
2023-01-12,US0231351067,AMZN.US,95.27
2023-01-13,US0231351067,AMZN.US,98.12
2023-01-17,US0231351067,AMZN.US,96.05
2023-01-18,US0231351067,AMZN.US,95.46
2023-01-19,US0231351067,AMZN.US,93.68
2023-01-20,US0231351067,AMZN.US,97.25
2023-01-23,US0231351067,AMZN.US,97.52
2023-01-24,US0231351067,AMZN.US,96.32
2023-01-25,US0231351067,AMZN.US,97.18
2023-01-26,US0231351067,AMZN.US,99.22
2023-01-27,US0231351067,AMZN.US,102.24
2023-01-30,US0231351067,AMZN.US,100.55
2023-01-31,US0231351067,AMZN.US,103.13
2023-02-01,US0231351067,AMZN.US,105.15
2023-02-02,US0231351067,AMZN.US,112.91
2023-02-03,US0231351067,AMZN.US,103.39
2023-02-06,US0231351067,AMZN.US,102.18
2023-02-07,US0231351067,AMZN.US,102.11
2023-02-08,US0231351067,AMZN.US,100.05
2023-02-09,US0231351067,AMZN.US,98.24
2023-02-10,US0231351067,AMZN.US,97.61
2023-02-13,US0231351067,AMZN.US,99.54
2023-02-14,US0231351067,AMZN.US,99.7
2023-02-15,US0231351067,AMZN.US,101.16
2023-02-16,US0231351067,AMZN.US,98.15
2023-02-17,US0231351067,AMZN.US,97.2
2023-02-21,US0231351067,AMZN.US,94.58
2023-02-22,US0231351067,AMZN.US,95.79
2023-02-23,US0231351067,AMZN.US,95.82
2023-02-24,US0231351067,AMZN.US,93.5
2023-02-27,US0231351067,AMZN.US,93.76
2023-02-28,US0231351067,AMZN.US,94.23
2023-03-01,US0231351067,AMZN.US,92.17
2023-03-02,US0231351067,AMZN.US,92.13
2023-03-03,US0231351067,AMZN.US,94.9
2023-03-06,US0231351067,AMZN.US,93.75
2023-03-07,US0231351067,AMZN.US,93.55
2023-03-08,US0231351067,AMZN.US,93.92
2023-03-09,US0231351067,AMZN.US,92.25
2023-03-10,US0231351067,AMZN.US,90.73
2023-03-13,US0231351067,AMZN.US,92.43
2023-03-14,US0231351067,AMZN.US,94.88
2023-03-15,US0231351067,AMZN.US,96.2
2023-03-16,US0231351067,AMZN.US,100.04
2023-03-17,US0231351067,AMZN.US,98.95
2023-03-20,US0231351067,AMZN.US,97.71
2023-03-21,US0231351067,AMZN.US,100.61
2023-03-22,US0231351067,AMZN.US,98.7
2023-03-23,US0231351067,AMZN.US,98.71
2023-03-24,US0231351067,AMZN.US,98.13
2023-03-27,US0231351067,AMZN.US,98.04
2023-03-28,US0231351067,AMZN.US,97.24
2023-03-29,US0231351067,AMZN.US,100.25
2023-03-30,US0231351067,AMZN.US,102.0
2023-03-31,US0231351067,AMZN.US,103.29
2023-04-03,US0231351067,AMZN.US,102.41
2023-04-04,US0231351067,AMZN.US,103.95
2023-04-05,US0231351067,AMZN.US,101.1
2023-04-06,US0231351067,AMZN.US,102.06
2023-04-10,US0231351067,AMZN.US,102.17
2023-04-11,US0231351067,AMZN.US,99.92
2023-04-12,US0231351067,AMZN.US,97.83
2023-04-13,US0231351067,AMZN.US,102.4
2023-04-14,US0231351067,AMZN.US,102.51
2023-04-17,US0231351067,AMZN.US,102.74
2023-04-18,US0231351067,AMZN.US,102.3
2023-04-19,US0231351067,AMZN.US,104.3
2023-04-20,US0231351067,AMZN.US,103.81
2023-04-21,US0231351067,AMZN.US,106.96
2023-04-24,US0231351067,AMZN.US,106.21
2023-04-25,US0231351067,AMZN.US,102.57
2023-04-26,US0231351067,AMZN.US,104.98
2023-04-27,US0231351067,AMZN.US,109.82
2023-04-28,US0231351067,AMZN.US,105.45
2023-05-01,US0231351067,AMZN.US,102.05
2023-05-02,US0231351067,AMZN.US,103.63
2023-05-03,US0231351067,AMZN.US,103.65
2023-05-04,US0231351067,AMZN.US,104.0
2023-05-05,US0231351067,AMZN.US,105.655
2023-05-08,US0231351067,AMZN.US,105.83
2023-05-09,US0231351067,AMZN.US,106.62
2023-05-10,US0231351067,AMZN.US,110.19
2023-05-11,US0231351067,AMZN.US,112.18
2023-05-12,US0231351067,AMZN.US,110.26
2023-05-15,US0231351067,AMZN.US,111.2
2023-05-16,US0231351067,AMZN.US,113.4
2023-05-17,US0231351067,AMZN.US,115.5
2023-05-18,US0231351067,AMZN.US,118.15
2023-05-19,US0231351067,AMZN.US,116.25
2023-05-22,US0231351067,AMZN.US,115.01
2023-05-23,US0231351067,AMZN.US,114.99
2023-05-24,US0231351067,AMZN.US,116.75
2023-05-25,US0231351067,AMZN.US,115.0
2023-05-26,US0231351067,AMZN.US,120.11
2023-05-30,US0231351067,AMZN.US,121.66
2023-05-31,US0231351067,AMZN.US,120.58
2023-06-01,US0231351067,AMZN.US,122.77
2023-06-02,US0231351067,AMZN.US,124.25
2023-06-05,US0231351067,AMZN.US,125.3
2023-06-06,US0231351067,AMZN.US,126.61
2023-06-07,US0231351067,AMZN.US,121.23
2023-06-08,US0231351067,AMZN.US,124.25
2023-06-09,US0231351067,AMZN.US,123.43
2023-06-12,US0231351067,AMZN.US,126.57
2023-06-13,US0231351067,AMZN.US,126.66
2023-06-14,US0231351067,AMZN.US,126.42
2023-06-15,US0231351067,AMZN.US,127.11
2023-06-16,US0231351067,AMZN.US,125.49
2023-06-20,US0231351067,AMZN.US,125.78
2023-06-21,US0231351067,AMZN.US,124.83
2023-06-22,US0231351067,AMZN.US,130.15
2023-06-23,US0231351067,AMZN.US,129.33
2023-06-26,US0231351067,AMZN.US,127.33
2023-06-27,US0231351067,AMZN.US,129.18
2023-06-28,US0231351067,AMZN.US,129.04
2023-06-29,US0231351067,AMZN.US,127.9
2023-06-30,US0231351067,AMZN.US,130.36
2023-07-03,US0231351067,AMZN.US,130.22
2023-07-05,US0231351067,AMZN.US,130.38
2023-07-06,US0231351067,AMZN.US,128.36
2023-07-07,US0231351067,AMZN.US,129.78
2023-07-10,US0231351067,AMZN.US,127.13
2023-07-11,US0231351067,AMZN.US,128.78
2023-07-12,US0231351067,AMZN.US,130.8
2023-07-13,US0231351067,AMZN.US,134.3
2023-07-14,US0231351067,AMZN.US,134.68
2023-07-17,US0231351067,AMZN.US,133.56
2023-07-18,US0231351067,AMZN.US,132.83
2023-07-19,US0231351067,AMZN.US,135.36
2023-07-20,US0231351067,AMZN.US,129.96
2023-07-21,US0231351067,AMZN.US,130.0
2023-07-24,US0231351067,AMZN.US,128.8
2023-07-25,US0231351067,AMZN.US,129.13
2023-07-26,US0231351067,AMZN.US,128.15
2023-07-27,US0231351067,AMZN.US,128.25
2023-07-28,US0231351067,AMZN.US,132.21
2023-07-31,US0231351067,AMZN.US,133.68
2023-08-01,US0231351067,AMZN.US,131.69
2023-08-02,US0231351067,AMZN.US,128.21
2023-08-03,US0231351067,AMZN.US,128.91
2023-08-04,US0231351067,AMZN.US,139.57
2023-08-07,US0231351067,AMZN.US,142.22
2023-08-08,US0231351067,AMZN.US,139.94
2023-08-09,US0231351067,AMZN.US,137.85
2023-08-10,US0231351067,AMZN.US,138.56
2023-08-11,US0231351067,AMZN.US,138.41
2023-08-14,US0231351067,AMZN.US,140.57
2023-08-15,US0231351067,AMZN.US,137.67
2023-08-16,US0231351067,AMZN.US,135.07
2023-08-17,US0231351067,AMZN.US,133.98
2023-08-18,US0231351067,AMZN.US,133.22
2023-08-21,US0231351067,AMZN.US,134.68
2023-08-22,US0231351067,AMZN.US,134.25
2023-08-23,US0231351067,AMZN.US,135.52
2023-08-24,US0231351067,AMZN.US,131.84
2023-08-25,US0231351067,AMZN.US,133.26
2023-08-28,US0231351067,AMZN.US,133.14
2023-08-29,US0231351067,AMZN.US,134.91
2023-08-30,US0231351067,AMZN.US,135.07
2023-08-31,US0231351067,AMZN.US,138.01
2023-09-01,US0231351067,AMZN.US,138.12
2023-09-05,US0231351067,AMZN.US,137.27
2023-09-06,US0231351067,AMZN.US,135.36
2023-09-07,US0231351067,AMZN.US,137.85
2023-09-08,US0231351067,AMZN.US,138.23
2023-09-11,US0231351067,AMZN.US,143.1
2023-09-12,US0231351067,AMZN.US,141.23
2023-09-13,US0231351067,AMZN.US,144.85
2023-09-14,US0231351067,AMZN.US,144.72
2023-09-15,US0231351067,AMZN.US,140.39
2023-09-18,US0231351067,AMZN.US,139.98
2023-09-19,US0231351067,AMZN.US,137.63
2023-09-20,US0231351067,AMZN.US,135.29
2023-09-21,US0231351067,AMZN.US,129.33
2023-09-22,US0231351067,AMZN.US,129.12
2023-09-25,US0231351067,AMZN.US,131.27
2023-09-26,US0231351067,AMZN.US,125.98
2023-09-27,US0231351067,AMZN.US,125.98
2023-09-28,US0231351067,AMZN.US,125.98
2023-09-29,US0231351067,AMZN.US,127.12
2023-10-02,US0231351067,AMZN.US,129.46
2023-10-03,US0231351067,AMZN.US,124.72
2023-10-04,US0231351067,AMZN.US,127.0
2023-10-05,US0231351067,AMZN.US,125.96
2023-10-06,US0231351067,AMZN.US,127.96
2023-10-09,US0231351067,AMZN.US,128.26
2023-10-10,US0231351067,AMZN.US,129.48
2023-10-11,US0231351067,AMZN.US,131.83
2023-10-12,US0231351067,AMZN.US,132.33
2023-10-13,US0231351067,AMZN.US,129.79
2023-10-16,US0231351067,AMZN.US,132.55
2023-10-17,US0231351067,AMZN.US,131.47
2023-10-18,US0231351067,AMZN.US,128.13
2023-10-19,US0231351067,AMZN.US,128.4
2023-10-20,US0231351067,AMZN.US,125.17
2023-10-23,US0231351067,AMZN.US,126.56
2023-10-24,US0231351067,AMZN.US,128.56
2023-10-25,US0231351067,AMZN.US,121.39
2023-10-26,US0231351067,AMZN.US,119.57
2023-10-27,US0231351067,AMZN.US,127.74
2023-10-30,US0231351067,AMZN.US,132.71
2023-10-31,US0231351067,AMZN.US,133.09
2023-11-01,US0231351067,AMZN.US,137.0
2023-11-02,US0231351067,AMZN.US,138.07
2023-11-03,US0231351067,AMZN.US,138.6
2023-11-06,US0231351067,AMZN.US,139.74
2023-11-07,US0231351067,AMZN.US,142.71
2023-11-08,US0231351067,AMZN.US,142.08
2023-11-09,US0231351067,AMZN.US,140.6
2023-11-10,US0231351067,AMZN.US,143.56
2023-11-13,US0231351067,AMZN.US,142.59
2023-11-14,US0231351067,AMZN.US,145.8
2023-11-15,US0231351067,AMZN.US,143.2
2023-11-16,US0231351067,AMZN.US,142.83
2023-11-17,US0231351067,AMZN.US,145.18
2023-11-20,US0231351067,AMZN.US,146.13
2023-11-21,US0231351067,AMZN.US,143.9
2023-11-22,US0231351067,AMZN.US,146.71
2023-11-24,US0231351067,AMZN.US,146.74
2023-11-27,US0231351067,AMZN.US,147.73
2023-11-28,US0231351067,AMZN.US,147.03
2023-11-29,US0231351067,AMZN.US,146.32
2023-11-30,US0231351067,AMZN.US,146.09
2023-12-01,US0231351067,AMZN.US,147.03
2023-12-04,US0231351067,AMZN.US,144.84
2023-12-05,US0231351067,AMZN.US,146.88
2023-12-06,US0231351067,AMZN.US,144.52
2023-12-07,US0231351067,AMZN.US,146.88
2023-12-08,US0231351067,AMZN.US,147.42
2023-12-11,US0231351067,AMZN.US,145.89
2023-12-12,US0231351067,AMZN.US,147.48
2023-12-13,US0231351067,AMZN.US,148.84
2023-12-14,US0231351067,AMZN.US,147.42
2023-12-15,US0231351067,AMZN.US,149.97
2023-12-18,US0231351067,AMZN.US,154.07
2023-12-19,US0231351067,AMZN.US,153.79
2023-12-20,US0231351067,AMZN.US,152.12
2023-12-21,US0231351067,AMZN.US,153.84
2023-12-22,US0231351067,AMZN.US,153.42
2023-12-26,US0231351067,AMZN.US,153.41
2023-12-27,US0231351067,AMZN.US,153.34
2023-12-28,US0231351067,AMZN.US,153.38
2023-12-29,US0231351067,AMZN.US,151.94
2024-01-02,US0231351067,AMZN.US,149.93
2024-01-03,US0231351067,AMZN.US,148.47
2024-01-04,US0231351067,AMZN.US,144.57
2024-01-05,US0231351067,AMZN.US,145.24
2024-01-08,US0231351067,AMZN.US,149.1
2024-01-09,US0231351067,AMZN.US,151.37
2024-01-10,US0231351067,AMZN.US,153.73
2024-01-11,US0231351067,AMZN.US,155.18
2024-01-12,US0231351067,AMZN.US,154.62
2024-01-16,US0231351067,AMZN.US,153.16
2024-01-17,US0231351067,AMZN.US,151.71
2024-01-18,US0231351067,AMZN.US,153.5
2024-01-19,US0231351067,AMZN.US,155.34
2024-01-22,US0231351067,AMZN.US,154.78
2024-01-23,US0231351067,AMZN.US,156.02
2024-01-24,US0231351067,AMZN.US,156.87
2024-01-25,US0231351067,AMZN.US,157.75
2024-01-26,US0231351067,AMZN.US,159.12
2024-01-29,US0231351067,AMZN.US,161.26
2024-01-30,US0231351067,AMZN.US,159.0
2024-01-31,US0231351067,AMZN.US,155.2
2024-02-01,US0231351067,AMZN.US,159.28
2024-02-02,US0231351067,AMZN.US,171.81
2024-02-05,US0231351067,AMZN.US,170.31
2024-02-06,US0231351067,AMZN.US,169.15
2024-02-07,US0231351067,AMZN.US,170.53
2024-02-08,US0231351067,AMZN.US,169.84
2024-02-09,US0231351067,AMZN.US,174.45
2024-02-12,US0231351067,AMZN.US,172.34
2024-02-13,US0231351067,AMZN.US,168.64
2024-02-14,US0231351067,AMZN.US,170.98
2024-02-15,US0231351067,AMZN.US,169.8
2024-02-16,US0231351067,AMZN.US,169.51
2024-02-20,US0231351067,AMZN.US,167.08
2024-02-21,US0231351067,AMZN.US,168.59
2024-02-22,US0231351067,AMZN.US,174.58
2024-02-23,US0231351067,AMZN.US,174.99
2024-02-26,US0231351067,AMZN.US,174.73
2024-02-27,US0231351067,AMZN.US,173.54
2024-02-28,US0231351067,AMZN.US,173.16
2024-02-29,US0231351067,AMZN.US,176.76
2024-03-01,US0231351067,AMZN.US,178.22
2024-03-04,US0231351067,AMZN.US,177.58
2024-03-05,US0231351067,AMZN.US,174.12
2024-03-06,US0231351067,AMZN.US,173.51
2024-03-07,US0231351067,AMZN.US,176.82
2024-03-08,US0231351067,AMZN.US,175.35
2024-03-11,US0231351067,AMZN.US,171.96
2024-03-12,US0231351067,AMZN.US,175.39
2024-03-13,US0231351067,AMZN.US,176.555
2024-03-14,US0231351067,AMZN.US,178.75
2024-03-15,US0231351067,AMZN.US,174.42
2024-03-18,US0231351067,AMZN.US,174.48
2024-03-19,US0231351067,AMZN.US,175.9
2024-03-20,US0231351067,AMZN.US,178.15
2024-03-21,US0231351067,AMZN.US,178.15
2024-03-22,US0231351067,AMZN.US,178.87
2024-03-25,US0231351067,AMZN.US,179.71
2024-03-26,US0231351067,AMZN.US,178.3
2024-03-27,US0231351067,AMZN.US,179.83
2024-03-28,US0231351067,AMZN.US,180.38
2024-04-01,US0231351067,AMZN.US,180.97
2024-04-02,US0231351067,AMZN.US,180.69
2024-04-03,US0231351067,AMZN.US,182.41
2024-04-04,US0231351067,AMZN.US,180.0
2024-04-05,US0231351067,AMZN.US,185.07
2024-04-08,US0231351067,AMZN.US,185.19
2024-04-09,US0231351067,AMZN.US,185.67
2024-04-10,US0231351067,AMZN.US,185.95
2024-04-11,US0231351067,AMZN.US,189.05
2024-04-12,US0231351067,AMZN.US,186.13
2024-04-15,US0231351067,AMZN.US,183.62
2024-04-16,US0231351067,AMZN.US,183.32
2024-04-17,US0231351067,AMZN.US,181.28
2024-04-18,US0231351067,AMZN.US,179.22
2024-04-19,US0231351067,AMZN.US,174.63
2024-04-22,US0231351067,AMZN.US,177.23
2024-04-23,US0231351067,AMZN.US,179.54
2024-04-24,US0231351067,AMZN.US,176.59
2024-04-25,US0231351067,AMZN.US,173.67
2024-04-26,US0231351067,AMZN.US,179.62
2024-04-29,US0231351067,AMZN.US,180.96
2024-04-30,US0231351067,AMZN.US,175.0
2024-05-01,US0231351067,AMZN.US,179.0
2024-05-02,US0231351067,AMZN.US,184.72
2024-05-03,US0231351067,AMZN.US,186.21
2024-05-06,US0231351067,AMZN.US,188.7
2024-05-07,US0231351067,AMZN.US,188.76
2024-05-08,US0231351067,AMZN.US,188.0
2024-05-09,US0231351067,AMZN.US,189.5
2024-05-10,US0231351067,AMZN.US,187.48
2024-05-13,US0231351067,AMZN.US,186.57
2024-05-14,US0231351067,AMZN.US,187.07
2024-05-15,US0231351067,AMZN.US,185.99
2024-05-16,US0231351067,AMZN.US,183.63
2024-05-17,US0231351067,AMZN.US,184.7
2024-05-20,US0231351067,AMZN.US,183.54
2024-05-21,US0231351067,AMZN.US,183.15
2024-05-22,US0231351067,AMZN.US,183.13
2024-05-23,US0231351067,AMZN.US,181.05
2024-05-24,US0231351067,AMZN.US,180.75
2024-05-28,US0231351067,AMZN.US,182.15
2024-05-29,US0231351067,AMZN.US,182.02
2024-05-30,US0231351067,AMZN.US,179.32
2024-05-31,US0231351067,AMZN.US,176.44
2024-06-03,US0231351067,AMZN.US,178.34
2024-06-04,US0231351067,AMZN.US,179.34
2024-06-05,US0231351067,AMZN.US,181.28
2024-06-06,US0231351067,AMZN.US,185.0
2024-06-07,US0231351067,AMZN.US,184.3
2024-06-10,US0231351067,AMZN.US,187.06
2024-06-11,US0231351067,AMZN.US,187.23
2024-06-12,US0231351067,AMZN.US,186.89
2024-06-13,US0231351067,AMZN.US,183.83
2024-06-14,US0231351067,AMZN.US,183.66
2024-06-17,US0231351067,AMZN.US,184.06
2024-06-18,US0231351067,AMZN.US,182.81
2024-06-20,US0231351067,AMZN.US,186.1
2024-06-21,US0231351067,AMZN.US,189.08
2024-06-24,US0231351067,AMZN.US,185.57
2024-06-25,US0231351067,AMZN.US,186.34
2024-06-26,US0231351067,AMZN.US,193.61
2024-06-27,US0231351067,AMZN.US,197.85
2024-06-28,US0231351067,AMZN.US,193.25
2024-07-01,US0231351067,AMZN.US,197.2
2024-07-02,US0231351067,AMZN.US,200.0
2024-07-03,US0231351067,AMZN.US,197.59
2024-07-05,US0231351067,AMZN.US,200.0
2024-07-08,US0231351067,AMZN.US,199.29
2024-07-09,US0231351067,AMZN.US,199.34
2024-07-10,US0231351067,AMZN.US,199.79
2024-07-11,US0231351067,AMZN.US,195.05
2024-07-12,US0231351067,AMZN.US,194.49
2024-07-15,US0231351067,AMZN.US,192.72
2024-07-16,US0231351067,AMZN.US,193.02
2024-07-17,US0231351067,AMZN.US,187.93
2024-07-18,US0231351067,AMZN.US,183.75
2024-07-19,US0231351067,AMZN.US,183.13
2024-07-22,US0231351067,AMZN.US,182.55
2024-07-23,US0231351067,AMZN.US,186.41
2024-07-24,US0231351067,AMZN.US,180.83
2024-07-25,US0231351067,AMZN.US,179.85
2024-07-26,US0231351067,AMZN.US,182.5
2024-07-29,US0231351067,AMZN.US,183.2
2024-07-30,US0231351067,AMZN.US,181.71
2024-07-31,US0231351067,AMZN.US,186.98
2024-08-01,US0231351067,AMZN.US,184.07
2024-08-02,US0231351067,AMZN.US,167.9
2024-08-05,US0231351067,AMZN.US,161.02
2024-08-06,US0231351067,AMZN.US,161.93
2024-08-07,US0231351067,AMZN.US,162.77
2024-08-08,US0231351067,AMZN.US,165.8
2024-08-09,US0231351067,AMZN.US,166.94
2024-08-12,US0231351067,AMZN.US,166.8
2024-08-13,US0231351067,AMZN.US,170.23
2024-08-14,US0231351067,AMZN.US,170.1
2024-08-15,US0231351067,AMZN.US,177.59
2024-08-16,US0231351067,AMZN.US,177.06
2024-08-19,US0231351067,AMZN.US,178.22
2024-08-20,US0231351067,AMZN.US,178.88
2024-08-21,US0231351067,AMZN.US,180.11
2024-08-22,US0231351067,AMZN.US,176.13
2024-08-23,US0231351067,AMZN.US,177.04
2024-08-26,US0231351067,AMZN.US,175.5
2024-08-27,US0231351067,AMZN.US,173.12
2024-08-28,US0231351067,AMZN.US,170.8
2024-08-29,US0231351067,AMZN.US,172.12
2024-08-30,US0231351067,AMZN.US,178.5
2024-09-03,US0231351067,AMZN.US,176.25
2024-09-04,US0231351067,AMZN.US,173.33
2024-09-05,US0231351067,AMZN.US,177.89
2024-09-06,US0231351067,AMZN.US,171.39
2024-09-09,US0231351067,AMZN.US,175.4
2024-09-10,US0231351067,AMZN.US,179.55
2024-09-11,US0231351067,AMZN.US,184.52
2024-09-12,US0231351067,AMZN.US,187.0
2024-09-13,US0231351067,AMZN.US,186.49
2024-09-16,US0231351067,AMZN.US,184.89
2024-09-17,US0231351067,AMZN.US,186.88
2024-09-18,US0231351067,AMZN.US,186.43
2024-09-19,US0231351067,AMZN.US,189.87
2024-09-20,US0231351067,AMZN.US,191.6
2024-09-23,US0231351067,AMZN.US,193.88
2024-09-24,US0231351067,AMZN.US,193.96
2024-09-25,US0231351067,AMZN.US,192.53
2024-09-26,US0231351067,AMZN.US,191.16
2024-09-27,US0231351067,AMZN.US,187.97
2024-09-30,US0231351067,AMZN.US,186.33
2024-10-01,US0231351067,AMZN.US,185.13
2024-10-02,US0231351067,AMZN.US,184.76
2024-10-03,US0231351067,AMZN.US,181.96
2024-10-04,US0231351067,AMZN.US,186.51
2024-10-07,US0231351067,AMZN.US,180.8
2024-10-08,US0231351067,AMZN.US,182.72
2024-10-09,US0231351067,AMZN.US,185.17
2024-10-10,US0231351067,AMZN.US,186.65
2024-10-11,US0231351067,AMZN.US,188.82
2024-10-14,US0231351067,AMZN.US,187.54
2024-10-15,US0231351067,AMZN.US,187.69
2024-10-16,US0231351067,AMZN.US,186.89
2024-10-17,US0231351067,AMZN.US,187.53
2024-10-18,US0231351067,AMZN.US,188.99
2024-10-21,US0231351067,AMZN.US,189.07
2024-10-22,US0231351067,AMZN.US,189.7
2024-10-23,US0231351067,AMZN.US,184.71
2024-10-24,US0231351067,AMZN.US,186.38
2024-10-25,US0231351067,AMZN.US,187.83
2024-10-28,US0231351067,AMZN.US,188.39
2024-10-29,US0231351067,AMZN.US,190.83
2024-10-30,US0231351067,AMZN.US,192.73
2024-10-31,US0231351067,AMZN.US,186.4
2024-11-01,US0231351067,AMZN.US,197.93
2024-11-04,US0231351067,AMZN.US,195.78
2024-11-05,US0231351067,AMZN.US,199.5
2024-11-06,US0231351067,AMZN.US,207.09
2024-11-07,US0231351067,AMZN.US,210.05
2024-11-08,US0231351067,AMZN.US,208.18
2024-11-11,US0231351067,AMZN.US,206.84
2024-11-12,US0231351067,AMZN.US,208.91
2024-11-13,US0231351067,AMZN.US,214.1
2024-11-14,US0231351067,AMZN.US,211.48
2024-11-15,US0231351067,AMZN.US,202.61
2024-11-18,US0231351067,AMZN.US,201.7
2024-11-19,US0231351067,AMZN.US,204.61
2024-11-20,US0231351067,AMZN.US,202.88
2024-11-21,US0231351067,AMZN.US,198.38
2024-11-22,US0231351067,AMZN.US,197.12
2024-11-25,US0231351067,AMZN.US,201.45
2024-11-26,US0231351067,AMZN.US,207.86
2024-11-27,US0231351067,AMZN.US,205.74
2024-11-29,US0231351067,AMZN.US,207.89
2024-12-02,US0231351067,AMZN.US,210.71
2024-12-03,US0231351067,AMZN.US,213.44
2024-12-04,US0231351067,AMZN.US,218.16
2024-12-05,US0231351067,AMZN.US,220.55
2024-12-06,US0231351067,AMZN.US,227.03
2024-12-09,US0231351067,AMZN.US,226.09
2024-12-10,US0231351067,AMZN.US,225.04
2024-12-11,US0231351067,AMZN.US,230.26
2024-12-12,US0231351067,AMZN.US,228.97
2024-12-13,US0231351067,AMZN.US,227.46
2024-12-16,US0231351067,AMZN.US,232.93
2024-12-17,US0231351067,AMZN.US,231.15
2024-12-18,US0231351067,AMZN.US,220.52
2024-12-19,US0231351067,AMZN.US,223.29
2024-12-20,US0231351067,AMZN.US,224.92
2024-12-23,US0231351067,AMZN.US,225.06
2024-12-24,US0231351067,AMZN.US,229.05
2024-12-26,US0231351067,AMZN.US,227.05
2024-12-27,US0231351067,AMZN.US,223.75
2024-12-30,US0231351067,AMZN.US,221.3
2024-12-31,US0231351067,AMZN.US,219.39
2025-01-02,US0231351067,AMZN.US,220.22
2025-01-03,US0231351067,AMZN.US,224.19
2025-01-06,US0231351067,AMZN.US,227.61
2025-01-07,US0231351067,AMZN.US,222.11
2025-01-08,US0231351067,AMZN.US,222.13
2025-01-10,US0231351067,AMZN.US,218.94
2025-01-13,US0231351067,AMZN.US,218.46
2025-01-14,US0231351067,AMZN.US,217.76
2025-01-15,US0231351067,AMZN.US,223.35
2025-01-16,US0231351067,AMZN.US,220.66
2025-01-17,US0231351067,AMZN.US,225.94
2025-01-21,US0231351067,AMZN.US,230.71
2025-01-22,US0231351067,AMZN.US,235.01
2025-01-23,US0231351067,AMZN.US,235.42
2025-01-24,US0231351067,AMZN.US,234.85
2025-01-27,US0231351067,AMZN.US,235.42
2025-01-28,US0231351067,AMZN.US,238.15
2025-01-29,US0231351067,AMZN.US,237.07
2025-01-30,US0231351067,AMZN.US,234.64
2025-01-31,US0231351067,AMZN.US,237.68
2025-02-03,US0231351067,AMZN.US,237.42
2025-02-04,US0231351067,AMZN.US,242.06
2025-02-05,US0231351067,AMZN.US,236.17
2025-02-06,US0231351067,AMZN.US,238.83
2025-02-07,US0231351067,AMZN.US,229.15
2025-02-10,US0231351067,AMZN.US,233.14
2025-02-11,US0231351067,AMZN.US,232.76
2025-02-12,US0231351067,AMZN.US,228.93
2025-02-13,US0231351067,AMZN.US,230.37
2025-02-14,US0231351067,AMZN.US,228.68
2025-02-18,US0231351067,AMZN.US,226.65
2025-02-19,US0231351067,AMZN.US,226.63
2025-02-20,US0231351067,AMZN.US,222.88
2025-02-21,US0231351067,AMZN.US,216.58
2025-02-24,US0231351067,AMZN.US,212.71
2025-02-25,US0231351067,AMZN.US,212.8
2025-02-26,US0231351067,AMZN.US,214.35
2025-02-27,US0231351067,AMZN.US,208.74
2025-02-28,US0231351067,AMZN.US,212.28
2025-03-03,US0231351067,AMZN.US,205.02
2025-03-04,US0231351067,AMZN.US,203.8
2025-03-05,US0231351067,AMZN.US,208.36
2025-03-06,US0231351067,AMZN.US,200.7
2025-03-07,US0231351067,AMZN.US,199.25
2025-03-10,US0231351067,AMZN.US,194.54
2025-03-11,US0231351067,AMZN.US,196.59
2025-03-12,US0231351067,AMZN.US,198.89
2025-03-13,US0231351067,AMZN.US,193.89
2025-03-14,US0231351067,AMZN.US,197.95
2025-03-17,US0231351067,AMZN.US,195.74
2025-03-18,US0231351067,AMZN.US,192.82
2025-03-19,US0231351067,AMZN.US,195.54
2025-03-20,US0231351067,AMZN.US,194.95
2025-03-21,US0231351067,AMZN.US,196.21
2025-03-24,US0231351067,AMZN.US,203.26
2025-03-25,US0231351067,AMZN.US,205.71
2025-03-26,US0231351067,AMZN.US,201.13
2025-03-27,US0231351067,AMZN.US,201.36
2025-03-28,US0231351067,AMZN.US,192.72
2025-03-31,US0231351067,AMZN.US,190.26
2025-04-01,US0231351067,AMZN.US,192.17
2025-04-02,US0231351067,AMZN.US,196.01
2025-04-03,US0231351067,AMZN.US,178.41
2025-04-04,US0231351067,AMZN.US,171.0
2025-04-07,US0231351067,AMZN.US,175.26
2025-04-08,US0231351067,AMZN.US,170.66
2025-04-09,US0231351067,AMZN.US,191.1
2025-04-10,US0231351067,AMZN.US,181.22
2025-04-11,US0231351067,AMZN.US,184.87
2025-04-14,US0231351067,AMZN.US,182.12
2025-04-15,US0231351067,AMZN.US,179.59
2025-04-16,US0231351067,AMZN.US,174.33
2025-04-17,US0231351067,AMZN.US,172.61
2025-04-21,US0231351067,AMZN.US,167.32
2025-04-22,US0231351067,AMZN.US,173.18
2025-04-23,US0231351067,AMZN.US,180.6
2025-04-24,US0231351067,AMZN.US,186.54
2025-04-25,US0231351067,AMZN.US,188.99
2025-04-28,US0231351067,AMZN.US,187.7
2025-04-29,US0231351067,AMZN.US,187.39
2025-04-30,US0231351067,AMZN.US,184.42
2025-05-01,US0231351067,AMZN.US,190.2
2025-05-02,US0231351067,AMZN.US,189.98
2025-05-05,US0231351067,AMZN.US,186.35
2025-05-06,US0231351067,AMZN.US,185.01
2025-05-07,US0231351067,AMZN.US,188.71
2025-05-08,US0231351067,AMZN.US,192.08
2025-05-09,US0231351067,AMZN.US,193.06
2025-05-12,US0231351067,AMZN.US,208.64
2025-05-13,US0231351067,AMZN.US,211.37
2025-05-14,US0231351067,AMZN.US,210.25
2025-05-15,US0231351067,AMZN.US,205.17
2025-05-16,US0231351067,AMZN.US,205.59
2025-05-19,US0231351067,AMZN.US,206.16
2025-05-20,US0231351067,AMZN.US,204.07
2025-05-21,US0231351067,AMZN.US,201.12
2025-05-22,US0231351067,AMZN.US,203.1
2025-05-23,US0231351067,AMZN.US,200.99
2025-05-27,US0231351067,AMZN.US,206.02
2025-05-28,US0231351067,AMZN.US,204.72
2025-05-29,US0231351067,AMZN.US,205.7
2025-05-30,US0231351067,AMZN.US,205.01
2025-06-02,US0231351067,AMZN.US,206.65
2025-06-03,US0231351067,AMZN.US,205.71
2025-06-04,US0231351067,AMZN.US,207.23
2025-06-05,US0231351067,AMZN.US,207.91
2025-06-06,US0231351067,AMZN.US,213.57
2025-06-09,US0231351067,AMZN.US,216.98
2025-06-10,US0231351067,AMZN.US,217.61
2025-06-11,US0231351067,AMZN.US,213.2
2025-06-12,US0231351067,AMZN.US,213.24
2025-06-13,US0231351067,AMZN.US,212.1
2025-06-16,US0231351067,AMZN.US,216.1
2025-06-17,US0231351067,AMZN.US,214.82
2025-06-18,US0231351067,AMZN.US,212.52
2025-06-20,US0231351067,AMZN.US,209.69
2025-06-23,US0231351067,AMZN.US,208.47
2025-06-24,US0231351067,AMZN.US,212.77
2025-06-25,US0231351067,AMZN.US,211.99
2025-06-26,US0231351067,AMZN.US,217.12
2025-06-27,US0231351067,AMZN.US,223.3
2025-06-30,US0231351067,AMZN.US,219.39
2025-07-01,US0231351067,AMZN.US,220.46
2025-07-02,US0231351067,AMZN.US,219.92
2025-07-03,US0231351067,AMZN.US,223.41
2025-07-07,US0231351067,AMZN.US,223.47
2025-07-08,US0231351067,AMZN.US,219.36
2025-07-09,US0231351067,AMZN.US,222.54
2025-07-10,US0231351067,AMZN.US,222.26
2025-07-11,US0231351067,AMZN.US,225.02
2025-07-14,US0231351067,AMZN.US,225.69
2025-07-15,US0231351067,AMZN.US,226.35
2025-07-16,US0231351067,AMZN.US,223.19
2025-07-17,US0231351067,AMZN.US,223.88
2025-07-18,US0231351067,AMZN.US,226.13
2025-07-21,US0231351067,AMZN.US,229.3
2025-07-22,US0231351067,AMZN.US,227.47
2025-07-23,US0231351067,AMZN.US,228.29
2025-07-24,US0231351067,AMZN.US,232.23
2025-07-25,US0231351067,AMZN.US,231.44
2025-07-28,US0231351067,AMZN.US,232.79
2025-07-29,US0231351067,AMZN.US,231.01
2025-07-30,US0231351067,AMZN.US,230.19
2025-07-31,US0231351067,AMZN.US,234.11
2025-08-01,US0231351067,AMZN.US,214.75
2025-08-04,US0231351067,AMZN.US,211.65
2025-08-05,US0231351067,AMZN.US,213.75
2025-08-06,US0231351067,AMZN.US,222.31
2025-08-07,US0231351067,AMZN.US,223.13
2025-08-08,US0231351067,AMZN.US,222.69
2025-08-11,US0231351067,AMZN.US,221.3
2025-08-12,US0231351067,AMZN.US,221.47
2025-08-13,US0231351067,AMZN.US,224.56
2025-08-14,US0231351067,AMZN.US,230.98
2025-08-15,US0231351067,AMZN.US,231.03
2025-08-18,US0231351067,AMZN.US,231.49
2025-08-19,US0231351067,AMZN.US,228.01
2025-08-20,US0231351067,AMZN.US,223.81
2025-08-21,US0231351067,AMZN.US,221.95
2025-08-22,US0231351067,AMZN.US,228.84
2025-08-25,US0231351067,AMZN.US,227.94
2025-08-26,US0231351067,AMZN.US,228.71
2025-08-27,US0231351067,AMZN.US,229.12
2025-08-28,US0231351067,AMZN.US,231.6
2025-08-29,US0231351067,AMZN.US,229.0
2025-09-02,US0231351067,AMZN.US,225.34
2025-09-03,US0231351067,AMZN.US,225.99
2025-09-04,US0231351067,AMZN.US,235.68
2025-09-05,US0231351067,AMZN.US,232.33
2025-09-08,US0231351067,AMZN.US,235.84
2025-09-09,US0231351067,AMZN.US,238.24
2025-09-10,US0231351067,AMZN.US,230.33
2025-09-11,US0231351067,AMZN.US,229.95
2025-09-12,US0231351067,AMZN.US,228.15
2025-09-15,US0231351067,AMZN.US,231.43
2025-09-16,US0231351067,AMZN.US,234.05
2025-09-17,US0231351067,AMZN.US,231.62
2025-09-18,US0231351067,AMZN.US,231.23
2025-09-19,US0231351067,AMZN.US,231.48
2025-09-22,US0231351067,AMZN.US,227.63
2025-09-23,US0231351067,AMZN.US,220.71
2025-09-24,US0231351067,AMZN.US,220.21
2025-09-25,US0231351067,AMZN.US,218.15
2025-09-26,US0231351067,AMZN.US,219.78
2025-09-29,US0231351067,AMZN.US,222.17
2025-09-30,US0231351067,AMZN.US,219.57
2025-10-01,US0231351067,AMZN.US,220.63
2025-10-02,US0231351067,AMZN.US,222.41
2025-10-03,US0231351067,AMZN.US,219.51
2025-10-06,US0231351067,AMZN.US,220.9
2025-10-07,US0231351067,AMZN.US,221.78
2025-10-08,US0231351067,AMZN.US,225.22
2025-10-09,US0231351067,AMZN.US,227.74
2025-10-10,US0231351067,AMZN.US,216.37
2025-10-13,US0231351067,AMZN.US,220.07
2025-10-14,US0231351067,AMZN.US,216.39
2025-10-15,US0231351067,AMZN.US,215.57
2025-10-16,US0231351067,AMZN.US,214.47
2025-10-17,US0231351067,AMZN.US,213.04
2025-10-20,US0231351067,AMZN.US,216.48
2025-10-21,US0231351067,AMZN.US,222.03
2025-10-22,US0231351067,AMZN.US,217.95
2025-10-23,US0231351067,AMZN.US,221.09
2025-10-24,US0231351067,AMZN.US,224.21
2025-10-27,US0231351067,AMZN.US,226.97
2025-10-28,US0231351067,AMZN.US,229.25
2025-10-29,US0231351067,AMZN.US,230.3
2025-10-30,US0231351067,AMZN.US,222.86
2025-10-31,US0231351067,AMZN.US,244.22
2025-11-03,US0231351067,AMZN.US,254.0
2025-11-04,US0231351067,AMZN.US,249.32
2025-11-05,US0231351067,AMZN.US,250.2
2025-11-06,US0231351067,AMZN.US,243.04
2025-11-07,US0231351067,AMZN.US,244.41
2025-11-10,US0231351067,AMZN.US,248.4
2025-11-11,US0231351067,AMZN.US,249.1
2025-11-12,US0231351067,AMZN.US,244.2
2025-11-13,US0231351067,AMZN.US,237.58
2025-11-14,US0231351067,AMZN.US,234.69
2025-11-17,US0231351067,AMZN.US,232.87
2025-11-18,US0231351067,AMZN.US,222.55
2025-11-19,US0231351067,AMZN.US,222.69
2025-11-20,US0231351067,AMZN.US,217.14
2025-11-21,US0231351067,AMZN.US,220.69
2025-11-24,US0231351067,AMZN.US,226.28
2025-11-25,US0231351067,AMZN.US,229.67
2025-11-26,US0231351067,AMZN.US,229.16
2025-11-28,US0231351067,AMZN.US,233.22
2025-12-01,US0231351067,AMZN.US,233.88
2025-12-02,US0231351067,AMZN.US,234.42
2025-12-03,US0231351067,AMZN.US,232.38
2025-12-04,US0231351067,AMZN.US,229.11
2025-12-05,US0231351067,AMZN.US,229.53
2025-12-08,US0231351067,AMZN.US,226.89
2025-12-09,US0231351067,AMZN.US,227.92
2025-12-10,US0231351067,AMZN.US,231.78
2025-12-11,US0231351067,AMZN.US,230.28
2025-12-12,US0231351067,AMZN.US,226.19
2025-12-15,US0231351067,AMZN.US,222.54
2025-12-16,US0231351067,AMZN.US,222.56
2025-12-17,US0231351067,AMZN.US,221.27
2025-12-18,US0231351067,AMZN.US,226.76
2025-12-19,US0231351067,AMZN.US,227.35
2025-12-22,US0231351067,AMZN.US,228.43
2025-12-23,US0231351067,AMZN.US,232.14
2025-12-24,US0231351067,AMZN.US,232.38
2025-12-26,US0231351067,AMZN.US,232.52
2025-12-29,US0231351067,AMZN.US,232.07
2025-12-30,US0231351067,AMZN.US,232.53
2025-12-31,US0231351067,AMZN.US,230.82
2026-01-02,US0231351067,AMZN.US,226.5
2026-01-05,US0231351067,AMZN.US,233.06
2026-01-06,US0231351067,AMZN.US,240.93
2026-01-07,US0231351067,AMZN.US,241.56
2026-01-08,US0231351067,AMZN.US,246.29
2026-01-09,US0231351067,AMZN.US,247.38
2026-01-12,US0231351067,AMZN.US,246.47
2026-01-13,US0231351067,AMZN.US,242.6
2026-01-14,US0231351067,AMZN.US,236.65
2026-01-15,US0231351067,AMZN.US,238.18
2026-01-16,US0231351067,AMZN.US,239.12
2026-01-20,US0231351067,AMZN.US,231.0
2026-01-21,US0231351067,AMZN.US,231.31
2026-01-22,US0231351067,AMZN.US,234.34
2026-01-23,US0231351067,AMZN.US,239.16
2026-01-26,US0231351067,AMZN.US,238.42
2026-01-27,US0231351067,AMZN.US,244.68
2026-01-28,US0231351067,AMZN.US,243.01
2026-01-29,US0231351067,AMZN.US,241.73
2026-01-30,US0231351067,AMZN.US,239.3
2026-02-02,US0231351067,AMZN.US,242.96
2026-02-03,US0231351067,AMZN.US,238.62
2026-02-04,US0231351067,AMZN.US,232.99
2026-02-05,US0231351067,AMZN.US,222.69
2026-02-06,US0231351067,AMZN.US,210.32
2026-02-09,US0231351067,AMZN.US,208.72
2026-02-10,US0231351067,AMZN.US,206.96
2026-02-11,US0231351067,AMZN.US,204.08
2026-02-12,US0231351067,AMZN.US,199.6
2026-02-13,US0231351067,AMZN.US,198.79
2026-02-17,US0231351067,AMZN.US,201.15
2026-02-18,US0231351067,AMZN.US,204.79
2026-02-19,US0231351067,AMZN.US,204.86
2026-02-20,US0231351067,AMZN.US,210.11
2026-02-23,US0231351067,AMZN.US,205.27
2026-02-24,US0231351067,AMZN.US,208.56
2026-02-25,US0231351067,AMZN.US,210.64
2026-02-26,US0231351067,AMZN.US,207.92
2026-02-27,US0231351067,AMZN.US,210.0
2026-03-02,US0231351067,AMZN.US,208.39
2026-03-03,US0231351067,AMZN.US,208.73
2026-03-04,US0231351067,AMZN.US,216.82
2026-03-05,US0231351067,AMZN.US,218.94
2026-03-06,US0231351067,AMZN.US,213.21
2026-03-09,US0231351067,AMZN.US,213.49
2026-03-10,US0231351067,AMZN.US,214.33
2026-03-11,US0231351067,AMZN.US,212.65
2026-03-12,US0231351067,AMZN.US,209.53
2026-03-13,US0231351067,AMZN.US,207.67
2026-03-16,US0231351067,AMZN.US,211.74
2026-03-17,US0231351067,AMZN.US,215.2
2026-03-18,US0231351067,AMZN.US,209.87
2026-03-19,US0231351067,AMZN.US,208.76
2026-03-20,US0231351067,AMZN.US,205.37
2026-03-23,US0231351067,AMZN.US,210.14
2026-03-24,US0231351067,AMZN.US,207.24
2026-03-25,US0231351067,AMZN.US,211.71
2026-03-26,US0231351067,AMZN.US,207.54
2026-03-27,US0231351067,AMZN.US,199.34
2026-03-30,US0231351067,AMZN.US,200.95
2026-03-31,US0231351067,AMZN.US,208.27
2026-04-01,US0231351067,AMZN.US,210.57
2026-04-02,US0231351067,AMZN.US,209.77
2026-04-06,US0231351067,AMZN.US,212.79
2026-04-07,US0231351067,AMZN.US,213.77
2026-04-08,US0231351067,AMZN.US,221.25
2026-04-09,US0231351067,AMZN.US,233.65
2026-04-10,US0231351067,AMZN.US,238.38
2026-04-13,US0231351067,AMZN.US,239.89
2026-04-14,US0231351067,AMZN.US,249.02
2026-04-15,US0231351067,AMZN.US,248.5
2026-04-16,US0231351067,AMZN.US,249.7
2026-04-17,US0231351067,AMZN.US,250.56
2026-04-20,US0231351067,AMZN.US,248.28
2026-04-21,US0231351067,AMZN.US,249.91
2026-04-22,US0231351067,AMZN.US,255.36
2026-04-23,US0231351067,AMZN.US,255.08
2026-04-24,US0231351067,AMZN.US,263.99
2020-04-27,US0378331005,AAPL.US,68.4212
2020-04-28,US0378331005,AAPL.US,67.3121
2020-04-29,US0378331005,AAPL.US,69.523
2020-04-30,US0378331005,AAPL.US,70.9897
2020-05-01,US0378331005,AAPL.US,69.8468
2020-05-04,US0378331005,AAPL.US,70.8351
2020-05-05,US0378331005,AAPL.US,71.8982
2020-05-06,US0378331005,AAPL.US,72.64
2020-05-07,US0378331005,AAPL.US,73.3915
2020-05-08,US0378331005,AAPL.US,75.1383
2020-05-11,US0378331005,AAPL.US,76.3206
2020-05-12,US0378331005,AAPL.US,75.4484
2020-05-13,US0378331005,AAPL.US,74.5374
2020-05-14,US0378331005,AAPL.US,74.9954
2020-05-15,US0378331005,AAPL.US,74.552
2020-05-18,US0378331005,AAPL.US,76.3085
2020-05-19,US0378331005,AAPL.US,75.8676
2020-05-20,US0378331005,AAPL.US,77.343
2020-05-21,US0378331005,AAPL.US,76.7664
2020-05-22,US0378331005,AAPL.US,77.2607
2020-05-26,US0378331005,AAPL.US,76.7373
2020-05-27,US0378331005,AAPL.US,77.0717
2020-05-28,US0378331005,AAPL.US,77.1056
2020-05-29,US0378331005,AAPL.US,77.0305
2020-06-01,US0378331005,AAPL.US,77.9778
2020-06-02,US0378331005,AAPL.US,78.3388
2020-06-03,US0378331005,AAPL.US,78.7701
2020-06-04,US0378331005,AAPL.US,78.0917
2020-06-05,US0378331005,AAPL.US,80.3158
2020-06-08,US0378331005,AAPL.US,80.7907
2020-06-09,US0378331005,AAPL.US,83.3419
2020-06-10,US0378331005,AAPL.US,85.4861
2020-06-11,US0378331005,AAPL.US,81.3819
2020-06-12,US0378331005,AAPL.US,82.0845
2020-06-15,US0378331005,AAPL.US,83.0996
2020-06-16,US0378331005,AAPL.US,85.3019
2020-06-17,US0378331005,AAPL.US,85.1832
2020-06-18,US0378331005,AAPL.US,85.2171
2020-06-19,US0378331005,AAPL.US,84.7302
2020-06-22,US0378331005,AAPL.US,86.947
2020-06-23,US0378331005,AAPL.US,88.8029
2020-06-24,US0378331005,AAPL.US,87.2353
2020-06-25,US0378331005,AAPL.US,88.3934
2020-06-26,US0378331005,AAPL.US,85.6775
2020-06-29,US0378331005,AAPL.US,87.6521
2020-06-30,US0378331005,AAPL.US,88.3837
2020-07-01,US0378331005,AAPL.US,88.2166
2020-07-02,US0378331005,AAPL.US,88.2166
2020-07-06,US0378331005,AAPL.US,90.5764
2020-07-07,US0378331005,AAPL.US,90.2953
2020-07-08,US0378331005,AAPL.US,92.3983
2020-07-09,US0378331005,AAPL.US,92.7957
2020-07-10,US0378331005,AAPL.US,92.958
2020-07-13,US0378331005,AAPL.US,92.5292
2020-07-14,US0378331005,AAPL.US,94.0604
2020-07-15,US0378331005,AAPL.US,94.7073
2020-07-16,US0378331005,AAPL.US,93.5419
2020-07-17,US0378331005,AAPL.US,93.3529
2020-07-20,US0378331005,AAPL.US,95.3202
2020-07-21,US0378331005,AAPL.US,94.0046
2020-07-22,US0378331005,AAPL.US,94.2687
2020-07-23,US0378331005,AAPL.US,89.9779
2020-07-24,US0378331005,AAPL.US,89.755
2020-07-27,US0378331005,AAPL.US,91.8823
2020-07-28,US0378331005,AAPL.US,90.3729
2020-07-29,US0378331005,AAPL.US,92.1052
2020-07-30,US0378331005,AAPL.US,93.2197
2020-07-31,US0378331005,AAPL.US,102.9787
2020-08-03,US0378331005,AAPL.US,105.5735
2020-08-04,US0378331005,AAPL.US,106.2785
2020-08-05,US0378331005,AAPL.US,106.6638
2020-08-06,US0378331005,AAPL.US,110.3852
2020-08-07,US0378331005,AAPL.US,107.8755
2020-08-10,US0378331005,AAPL.US,109.4434
2020-08-11,US0378331005,AAPL.US,106.1886
2020-08-12,US0378331005,AAPL.US,109.7177
2020-08-13,US0378331005,AAPL.US,111.6595
2020-08-14,US0378331005,AAPL.US,111.5599
2020-08-17,US0378331005,AAPL.US,111.2687
2020-08-18,US0378331005,AAPL.US,112.1959
2020-08-19,US0378331005,AAPL.US,112.3366
2020-08-20,US0378331005,AAPL.US,114.8293
2020-08-21,US0378331005,AAPL.US,120.7468
2020-08-24,US0378331005,AAPL.US,122.1909
2020-08-25,US0378331005,AAPL.US,121.1885
2020-08-26,US0378331005,AAPL.US,122.8366
2020-08-27,US0378331005,AAPL.US,121.3681
2020-08-28,US0378331005,AAPL.US,121.1715
2020-08-31,US0378331005,AAPL.US,125.2807
2020-09-01,US0378331005,AAPL.US,130.271
2020-09-02,US0378331005,AAPL.US,127.572
2020-09-03,US0378331005,AAPL.US,117.3584
2020-09-04,US0378331005,AAPL.US,117.4361
2020-09-08,US0378331005,AAPL.US,109.5333
2020-09-09,US0378331005,AAPL.US,113.9022
2020-09-10,US0378331005,AAPL.US,110.1837
2020-09-11,US0378331005,AAPL.US,108.7371
2020-09-14,US0378331005,AAPL.US,111.9993
2020-09-15,US0378331005,AAPL.US,112.174
2020-09-16,US0378331005,AAPL.US,108.8634
2020-09-17,US0378331005,AAPL.US,107.1255
2020-09-18,US0378331005,AAPL.US,103.7275
2020-09-21,US0378331005,AAPL.US,106.8731
2020-09-22,US0378331005,AAPL.US,108.5527
2020-09-23,US0378331005,AAPL.US,103.9993
2020-09-24,US0378331005,AAPL.US,105.0673
2020-09-25,US0378331005,AAPL.US,109.009
2020-09-28,US0378331005,AAPL.US,111.6109
2020-09-29,US0378331005,AAPL.US,110.7663
2020-09-30,US0378331005,AAPL.US,112.4361
2020-10-01,US0378331005,AAPL.US,113.3876
2020-10-02,US0378331005,AAPL.US,109.7274
2020-10-05,US0378331005,AAPL.US,113.106
2020-10-06,US0378331005,AAPL.US,109.8633
2020-10-07,US0378331005,AAPL.US,111.7274
2020-10-08,US0378331005,AAPL.US,111.6206
2020-10-09,US0378331005,AAPL.US,113.5624
2020-10-12,US0378331005,AAPL.US,120.7759
2020-10-13,US0378331005,AAPL.US,117.572
2020-10-14,US0378331005,AAPL.US,117.6594
2020-10-15,US0378331005,AAPL.US,117.1934
2020-10-16,US0378331005,AAPL.US,115.5526
2020-10-19,US0378331005,AAPL.US,112.6012
2020-10-20,US0378331005,AAPL.US,114.0866
2020-10-21,US0378331005,AAPL.US,113.4653
2020-10-22,US0378331005,AAPL.US,112.3779
2020-10-23,US0378331005,AAPL.US,111.6886
2020-10-26,US0378331005,AAPL.US,111.6983
2020-10-27,US0378331005,AAPL.US,113.2031
2020-10-28,US0378331005,AAPL.US,107.9604
2020-10-29,US0378331005,AAPL.US,111.9604
2020-10-30,US0378331005,AAPL.US,105.6886
2020-11-02,US0378331005,AAPL.US,105.6012
2020-11-03,US0378331005,AAPL.US,107.2226
2020-11-04,US0378331005,AAPL.US,111.6012
2020-11-05,US0378331005,AAPL.US,115.5623
2020-11-06,US0378331005,AAPL.US,115.431
2020-11-09,US0378331005,AAPL.US,113.1261
2020-11-10,US0378331005,AAPL.US,112.7857
2020-11-11,US0378331005,AAPL.US,116.2091
2020-11-12,US0378331005,AAPL.US,115.9368
2020-11-13,US0378331005,AAPL.US,115.9854
2020-11-16,US0378331005,AAPL.US,116.9968
2020-11-17,US0378331005,AAPL.US,116.1118
2020-11-18,US0378331005,AAPL.US,114.7892
2020-11-19,US0378331005,AAPL.US,115.3824
2020-11-20,US0378331005,AAPL.US,114.1181
2020-11-23,US0378331005,AAPL.US,110.7239
2020-11-24,US0378331005,AAPL.US,112.0077
2020-11-25,US0378331005,AAPL.US,112.8441
2020-11-27,US0378331005,AAPL.US,113.3887
2020-11-30,US0378331005,AAPL.US,115.7812
2020-12-01,US0378331005,AAPL.US,119.3504
2020-12-02,US0378331005,AAPL.US,119.7005
2020-12-03,US0378331005,AAPL.US,119.5644
2020-12-04,US0378331005,AAPL.US,118.8933
2020-12-07,US0378331005,AAPL.US,120.3521
2020-12-08,US0378331005,AAPL.US,120.9648
2020-12-09,US0378331005,AAPL.US,118.4362
2020-12-10,US0378331005,AAPL.US,119.8561
2020-12-11,US0378331005,AAPL.US,119.0489
2020-12-14,US0378331005,AAPL.US,118.4362
2020-12-15,US0378331005,AAPL.US,124.3687
2020-12-16,US0378331005,AAPL.US,124.3006
2020-12-17,US0378331005,AAPL.US,125.1662
2020-12-18,US0378331005,AAPL.US,123.1822
2020-12-21,US0378331005,AAPL.US,124.7091
2020-12-22,US0378331005,AAPL.US,128.2589
2020-12-23,US0378331005,AAPL.US,127.3641
2020-12-24,US0378331005,AAPL.US,128.3464
2020-12-28,US0378331005,AAPL.US,132.9368
2020-12-29,US0378331005,AAPL.US,131.1668
2020-12-30,US0378331005,AAPL.US,130.0484
2020-12-31,US0378331005,AAPL.US,129.0466
2021-01-04,US0378331005,AAPL.US,125.8567
2021-01-05,US0378331005,AAPL.US,127.4128
2021-01-06,US0378331005,AAPL.US,123.1239
2021-01-07,US0378331005,AAPL.US,127.3252
2021-01-08,US0378331005,AAPL.US,128.4242
2021-01-11,US0378331005,AAPL.US,125.4385
2021-01-12,US0378331005,AAPL.US,125.2635
2021-01-13,US0378331005,AAPL.US,127.2961
2021-01-14,US0378331005,AAPL.US,125.3704
2021-01-15,US0378331005,AAPL.US,123.649
2021-01-19,US0378331005,AAPL.US,124.3201
2021-01-20,US0378331005,AAPL.US,128.4048
2021-01-21,US0378331005,AAPL.US,133.1119
2021-01-22,US0378331005,AAPL.US,135.2515
2021-01-25,US0378331005,AAPL.US,138.9957
2021-01-26,US0378331005,AAPL.US,139.2292
2021-01-27,US0378331005,AAPL.US,138.1594
2021-01-28,US0378331005,AAPL.US,133.3258
2021-01-29,US0378331005,AAPL.US,128.3367
2021-02-01,US0378331005,AAPL.US,130.4568
2021-02-02,US0378331005,AAPL.US,131.2835
2021-02-03,US0378331005,AAPL.US,130.2623
2021-02-04,US0378331005,AAPL.US,133.6176
2021-02-05,US0378331005,AAPL.US,133.2036
2021-02-08,US0378331005,AAPL.US,133.3497
2021-02-09,US0378331005,AAPL.US,132.4731
2021-02-10,US0378331005,AAPL.US,131.8693
2021-02-11,US0378331005,AAPL.US,131.616
2021-02-12,US0378331005,AAPL.US,131.8498
2021-02-16,US0378331005,AAPL.US,129.7265
2021-02-17,US0378331005,AAPL.US,127.4376
2021-02-18,US0378331005,AAPL.US,126.337
2021-02-19,US0378331005,AAPL.US,126.4928
2021-02-22,US0378331005,AAPL.US,122.7234
2021-02-23,US0378331005,AAPL.US,122.5871
2021-02-24,US0378331005,AAPL.US,122.0904
2021-02-25,US0378331005,AAPL.US,117.8437
2021-02-26,US0378331005,AAPL.US,118.1067
2021-03-01,US0378331005,AAPL.US,124.4669
2021-03-02,US0378331005,AAPL.US,121.8663
2021-03-03,US0378331005,AAPL.US,118.8859
2021-03-04,US0378331005,AAPL.US,117.0061
2021-03-05,US0378331005,AAPL.US,118.2625
2021-03-08,US0378331005,AAPL.US,113.3341
2021-03-09,US0378331005,AAPL.US,117.9411
2021-03-10,US0378331005,AAPL.US,116.86
2021-03-11,US0378331005,AAPL.US,118.7885
2021-03-12,US0378331005,AAPL.US,117.8827
2021-03-15,US0378331005,AAPL.US,120.7657
2021-03-16,US0378331005,AAPL.US,122.3046
2021-03-17,US0378331005,AAPL.US,121.5157
2021-03-18,US0378331005,AAPL.US,117.3957
2021-03-19,US0378331005,AAPL.US,116.8697
2021-03-22,US0378331005,AAPL.US,120.1813
2021-03-23,US0378331005,AAPL.US,119.3534
2021-03-24,US0378331005,AAPL.US,116.9671
2021-03-25,US0378331005,AAPL.US,117.4541
2021-03-26,US0378331005,AAPL.US,118.058
2021-03-29,US0378331005,AAPL.US,118.2333
2021-03-30,US0378331005,AAPL.US,116.7821
2021-03-31,US0378331005,AAPL.US,118.9736
2021-04-01,US0378331005,AAPL.US,119.8015
2021-04-05,US0378331005,AAPL.US,122.626
2021-04-06,US0378331005,AAPL.US,122.928
2021-04-07,US0378331005,AAPL.US,124.574
2021-04-08,US0378331005,AAPL.US,126.9701
2021-04-09,US0378331005,AAPL.US,129.5414
2021-04-12,US0378331005,AAPL.US,127.8272
2021-04-13,US0378331005,AAPL.US,130.9342
2021-04-14,US0378331005,AAPL.US,128.5966
2021-04-15,US0378331005,AAPL.US,131.0024
2021-04-16,US0378331005,AAPL.US,130.6713
2021-04-19,US0378331005,AAPL.US,131.3336
2021-04-20,US0378331005,AAPL.US,129.6486
2021-04-21,US0378331005,AAPL.US,130.0284
2021-04-22,US0378331005,AAPL.US,128.509
2021-04-23,US0378331005,AAPL.US,130.8271
2021-04-26,US0378331005,AAPL.US,131.2167
2021-04-27,US0378331005,AAPL.US,130.8953
2021-04-28,US0378331005,AAPL.US,130.1063
2021-04-29,US0378331005,AAPL.US,130.0089
2021-04-30,US0378331005,AAPL.US,128.0415
2021-05-03,US0378331005,AAPL.US,129.0934
2021-05-04,US0378331005,AAPL.US,124.5253
2021-05-05,US0378331005,AAPL.US,124.7688
2021-05-06,US0378331005,AAPL.US,126.3662
2021-05-07,US0378331005,AAPL.US,127.0394
2021-05-10,US0378331005,AAPL.US,123.7612
2021-05-11,US0378331005,AAPL.US,122.8441
2021-05-12,US0378331005,AAPL.US,119.7806
2021-05-13,US0378331005,AAPL.US,121.927
2021-05-14,US0378331005,AAPL.US,124.3466
2021-05-17,US0378331005,AAPL.US,123.1953
2021-05-18,US0378331005,AAPL.US,121.8099
2021-05-19,US0378331005,AAPL.US,121.6538
2021-05-20,US0378331005,AAPL.US,124.21
2021-05-21,US0378331005,AAPL.US,122.3758
2021-05-24,US0378331005,AAPL.US,124.0051
2021-05-25,US0378331005,AAPL.US,123.81
2021-05-26,US0378331005,AAPL.US,123.7612
2021-05-27,US0378331005,AAPL.US,122.2294
2021-05-28,US0378331005,AAPL.US,121.5757
2021-06-01,US0378331005,AAPL.US,121.2538
2021-06-02,US0378331005,AAPL.US,122.0148
2021-06-03,US0378331005,AAPL.US,120.5318
2021-06-04,US0378331005,AAPL.US,122.8246
2021-06-07,US0378331005,AAPL.US,122.8343
2021-06-08,US0378331005,AAPL.US,123.6539
2021-06-09,US0378331005,AAPL.US,124.0344
2021-06-10,US0378331005,AAPL.US,123.0392
2021-06-11,US0378331005,AAPL.US,124.249
2021-06-14,US0378331005,AAPL.US,127.3028
2021-06-15,US0378331005,AAPL.US,126.4833
2021-06-16,US0378331005,AAPL.US,126.9809
2021-06-17,US0378331005,AAPL.US,128.5809
2021-06-18,US0378331005,AAPL.US,127.2833
2021-06-21,US0378331005,AAPL.US,129.0785
2021-06-22,US0378331005,AAPL.US,130.7176
2021-06-23,US0378331005,AAPL.US,130.4444
2021-06-24,US0378331005,AAPL.US,130.1615
2021-06-25,US0378331005,AAPL.US,129.8688
2021-06-28,US0378331005,AAPL.US,131.4981
2021-06-29,US0378331005,AAPL.US,133.0104
2021-06-30,US0378331005,AAPL.US,133.625
2021-07-01,US0378331005,AAPL.US,133.9275
2021-07-02,US0378331005,AAPL.US,136.552
2021-07-06,US0378331005,AAPL.US,138.5618
2021-07-07,US0378331005,AAPL.US,141.0497
2021-07-08,US0378331005,AAPL.US,139.7521
2021-07-09,US0378331005,AAPL.US,141.5766
2021-07-12,US0378331005,AAPL.US,140.9814
2021-07-13,US0378331005,AAPL.US,142.0937
2021-07-14,US0378331005,AAPL.US,145.5182
2021-07-15,US0378331005,AAPL.US,144.8645
2021-07-16,US0378331005,AAPL.US,142.8254
2021-07-19,US0378331005,AAPL.US,138.9813
2021-07-20,US0378331005,AAPL.US,142.5913
2021-07-21,US0378331005,AAPL.US,141.8595
2021-07-22,US0378331005,AAPL.US,143.2254
2021-07-23,US0378331005,AAPL.US,144.9426
2021-07-26,US0378331005,AAPL.US,145.3621
2021-07-27,US0378331005,AAPL.US,143.1962
2021-07-28,US0378331005,AAPL.US,141.4497
2021-07-29,US0378331005,AAPL.US,142.0937
2021-07-30,US0378331005,AAPL.US,142.3083
2021-08-02,US0378331005,AAPL.US,141.9766
2021-08-03,US0378331005,AAPL.US,143.7718
2021-08-04,US0378331005,AAPL.US,143.3718
2021-08-05,US0378331005,AAPL.US,143.4791
2021-08-06,US0378331005,AAPL.US,142.7951
2021-08-09,US0378331005,AAPL.US,142.7463
2021-08-10,US0378331005,AAPL.US,142.2675
2021-08-11,US0378331005,AAPL.US,142.5215
2021-08-12,US0378331005,AAPL.US,145.4822
2021-08-13,US0378331005,AAPL.US,145.6874
2021-08-16,US0378331005,AAPL.US,147.6611
2021-08-17,US0378331005,AAPL.US,146.7524
2021-08-18,US0378331005,AAPL.US,143.0101
2021-08-19,US0378331005,AAPL.US,143.3423
2021-08-20,US0378331005,AAPL.US,144.7982
2021-08-23,US0378331005,AAPL.US,146.2834
2021-08-24,US0378331005,AAPL.US,146.1955
2021-08-25,US0378331005,AAPL.US,144.9643
2021-08-26,US0378331005,AAPL.US,144.1631
2021-08-27,US0378331005,AAPL.US,145.1988
2021-08-30,US0378331005,AAPL.US,149.6154
2021-08-31,US0378331005,AAPL.US,148.3549
2021-09-01,US0378331005,AAPL.US,149.0193
2021-09-02,US0378331005,AAPL.US,150.1332
2021-09-03,US0378331005,AAPL.US,150.7683
2021-09-07,US0378331005,AAPL.US,153.1036
2021-09-08,US0378331005,AAPL.US,151.5598
2021-09-09,US0378331005,AAPL.US,150.5436
2021-09-10,US0378331005,AAPL.US,145.5603
2021-09-13,US0378331005,AAPL.US,146.1271
2021-09-14,US0378331005,AAPL.US,144.7298
2021-09-15,US0378331005,AAPL.US,145.619
2021-09-16,US0378331005,AAPL.US,145.3845
2021-09-17,US0378331005,AAPL.US,142.7169
2021-09-20,US0378331005,AAPL.US,139.6684
2021-09-21,US0378331005,AAPL.US,140.1471
2021-09-22,US0378331005,AAPL.US,142.5118
2021-09-23,US0378331005,AAPL.US,143.4693
2021-09-24,US0378331005,AAPL.US,143.5573
2021-09-27,US0378331005,AAPL.US,142.0427
2021-09-28,US0378331005,AAPL.US,138.6619
2021-09-29,US0378331005,AAPL.US,139.5609
2021-09-30,US0378331005,AAPL.US,138.2613
2021-10-01,US0378331005,AAPL.US,139.385
2021-10-04,US0378331005,AAPL.US,135.9553
2021-10-05,US0378331005,AAPL.US,137.8802
2021-10-06,US0378331005,AAPL.US,138.7499
2021-10-07,US0378331005,AAPL.US,140.0103
2021-10-08,US0378331005,AAPL.US,139.6293
2021-10-11,US0378331005,AAPL.US,139.5413
2021-10-12,US0378331005,AAPL.US,138.2711
2021-10-13,US0378331005,AAPL.US,137.6848
2021-10-14,US0378331005,AAPL.US,140.4696
2021-10-15,US0378331005,AAPL.US,141.5249
2021-10-18,US0378331005,AAPL.US,143.1957
2021-10-19,US0378331005,AAPL.US,145.3551
2021-10-20,US0378331005,AAPL.US,145.8437
2021-10-21,US0378331005,AAPL.US,146.0587
2021-10-22,US0378331005,AAPL.US,145.2867
2021-10-25,US0378331005,AAPL.US,145.2379
2021-10-26,US0378331005,AAPL.US,145.9023
2021-10-27,US0378331005,AAPL.US,145.4431
2021-10-28,US0378331005,AAPL.US,149.0779
2021-10-29,US0378331005,AAPL.US,146.3713
2021-11-01,US0378331005,AAPL.US,145.5506
2021-11-02,US0378331005,AAPL.US,146.5863
2021-11-03,US0378331005,AAPL.US,148.0227
2021-11-04,US0378331005,AAPL.US,147.5048
2021-11-05,US0378331005,AAPL.US,148.0332
2021-11-08,US0378331005,AAPL.US,147.2112
2021-11-09,US0378331005,AAPL.US,147.5733
2021-11-10,US0378331005,AAPL.US,144.7453
2021-11-11,US0378331005,AAPL.US,144.6964
2021-11-12,US0378331005,AAPL.US,146.7709
2021-11-15,US0378331005,AAPL.US,146.7807
2021-11-16,US0378331005,AAPL.US,147.7592
2021-11-17,US0378331005,AAPL.US,150.1958
2021-11-18,US0378331005,AAPL.US,154.4818
2021-11-19,US0378331005,AAPL.US,157.1042
2021-11-22,US0378331005,AAPL.US,157.5642
2021-11-23,US0378331005,AAPL.US,157.9458
2021-11-24,US0378331005,AAPL.US,158.4644
2021-11-26,US0378331005,AAPL.US,153.4445
2021-11-29,US0378331005,AAPL.US,156.8009
2021-11-30,US0378331005,AAPL.US,161.7523
2021-12-01,US0378331005,AAPL.US,161.2337
2021-12-02,US0378331005,AAPL.US,160.2454
2021-12-03,US0378331005,AAPL.US,158.3666
2021-12-06,US0378331005,AAPL.US,161.7719
2021-12-07,US0378331005,AAPL.US,167.5061
2021-12-08,US0378331005,AAPL.US,171.3224
2021-12-09,US0378331005,AAPL.US,170.8136
2021-12-10,US0378331005,AAPL.US,175.5986
2021-12-13,US0378331005,AAPL.US,171.9682
2021-12-14,US0378331005,AAPL.US,170.5885
2021-12-15,US0378331005,AAPL.US,175.4518
2021-12-16,US0378331005,AAPL.US,168.5629
2021-12-17,US0378331005,AAPL.US,167.467
2021-12-20,US0378331005,AAPL.US,166.1068
2021-12-21,US0378331005,AAPL.US,169.2773
2021-12-22,US0378331005,AAPL.US,171.8704
2021-12-23,US0378331005,AAPL.US,172.4966
2021-12-27,US0378331005,AAPL.US,176.4597
2021-12-28,US0378331005,AAPL.US,175.442
2021-12-29,US0378331005,AAPL.US,175.5301
2021-12-30,US0378331005,AAPL.US,174.3754
2021-12-31,US0378331005,AAPL.US,173.759
2022-01-03,US0378331005,AAPL.US,178.1037
2022-01-04,US0378331005,AAPL.US,175.8432
2022-01-05,US0378331005,AAPL.US,171.1658
2022-01-06,US0378331005,AAPL.US,168.3085
2022-01-07,US0378331005,AAPL.US,168.4749
2022-01-10,US0378331005,AAPL.US,168.4944
2022-01-11,US0378331005,AAPL.US,171.3224
2022-01-12,US0378331005,AAPL.US,171.7627
2022-01-13,US0378331005,AAPL.US,168.4944
2022-01-14,US0378331005,AAPL.US,169.3555
2022-01-18,US0378331005,AAPL.US,166.1557
2022-01-19,US0378331005,AAPL.US,162.6623
2022-01-20,US0378331005,AAPL.US,160.9793
2022-01-21,US0378331005,AAPL.US,158.9243
2022-01-24,US0378331005,AAPL.US,158.1513
2022-01-25,US0378331005,AAPL.US,156.3508
2022-01-26,US0378331005,AAPL.US,156.2627
2022-01-27,US0378331005,AAPL.US,155.8028
2022-01-28,US0378331005,AAPL.US,166.6743
2022-01-31,US0378331005,AAPL.US,171.0288
2022-02-01,US0378331005,AAPL.US,170.8625
2022-02-02,US0378331005,AAPL.US,172.0661
2022-02-03,US0378331005,AAPL.US,169.1892
2022-02-04,US0378331005,AAPL.US,168.9051
2022-02-07,US0378331005,AAPL.US,168.1898
2022-02-08,US0378331005,AAPL.US,171.2957
2022-02-09,US0378331005,AAPL.US,172.7164
2022-02-10,US0378331005,AAPL.US,168.6405
2022-02-11,US0378331005,AAPL.US,165.2309
2022-02-14,US0378331005,AAPL.US,165.466
2022-02-15,US0378331005,AAPL.US,169.297
2022-02-16,US0378331005,AAPL.US,169.0618
2022-02-17,US0378331005,AAPL.US,165.466
2022-02-18,US0378331005,AAPL.US,163.918
2022-02-22,US0378331005,AAPL.US,160.9982
2022-02-23,US0378331005,AAPL.US,156.8341
2022-02-24,US0378331005,AAPL.US,159.4501
2022-02-25,US0378331005,AAPL.US,161.5175
2022-02-28,US0378331005,AAPL.US,161.782
2022-03-01,US0378331005,AAPL.US,159.9008
2022-03-02,US0378331005,AAPL.US,163.1929
2022-03-03,US0378331005,AAPL.US,162.8696
2022-03-04,US0378331005,AAPL.US,159.8714
2022-03-07,US0378331005,AAPL.US,156.0797
2022-03-08,US0378331005,AAPL.US,154.2573
2022-03-09,US0378331005,AAPL.US,159.6559
2022-03-10,US0378331005,AAPL.US,155.3154
2022-03-11,US0378331005,AAPL.US,151.6021
2022-03-14,US0378331005,AAPL.US,147.5751
2022-03-15,US0378331005,AAPL.US,151.9548
2022-03-16,US0378331005,AAPL.US,156.3638
2022-03-17,US0378331005,AAPL.US,157.373
2022-03-18,US0378331005,AAPL.US,160.6651
2022-03-21,US0378331005,AAPL.US,162.0368
2022-03-22,US0378331005,AAPL.US,165.4072
2022-03-23,US0378331005,AAPL.US,166.7691
2022-03-24,US0378331005,AAPL.US,170.5511
2022-03-25,US0378331005,AAPL.US,171.188
2022-03-28,US0378331005,AAPL.US,172.0502
2022-03-29,US0378331005,AAPL.US,175.3422
2022-03-30,US0378331005,AAPL.US,174.1763
2022-03-31,US0378331005,AAPL.US,171.0802
2022-04-01,US0378331005,AAPL.US,170.7862
2022-04-04,US0378331005,AAPL.US,174.8328
2022-04-05,US0378331005,AAPL.US,171.5211
2022-04-06,US0378331005,AAPL.US,168.3564
2022-04-07,US0378331005,AAPL.US,168.6601
2022-04-08,US0378331005,AAPL.US,166.6515
2022-04-11,US0378331005,AAPL.US,162.3993
2022-04-12,US0378331005,AAPL.US,164.2707
2022-04-13,US0378331005,AAPL.US,166.9553
2022-04-14,US0378331005,AAPL.US,161.9486
2022-04-18,US0378331005,AAPL.US,161.733
2022-04-19,US0378331005,AAPL.US,164.0159
2022-04-20,US0378331005,AAPL.US,163.8494
2022-04-21,US0378331005,AAPL.US,163.0557
2022-04-22,US0378331005,AAPL.US,158.5193
2022-04-25,US0378331005,AAPL.US,159.5873
2022-04-26,US0378331005,AAPL.US,153.6302
2022-04-27,US0378331005,AAPL.US,153.4049
2022-04-28,US0378331005,AAPL.US,160.3319
2022-04-29,US0378331005,AAPL.US,154.463
2022-05-02,US0378331005,AAPL.US,154.7668
2022-05-03,US0378331005,AAPL.US,156.256
2022-05-04,US0378331005,AAPL.US,162.6638
2022-05-05,US0378331005,AAPL.US,153.6008
2022-05-06,US0378331005,AAPL.US,154.3269
2022-05-09,US0378331005,AAPL.US,149.2049
2022-05-10,US0378331005,AAPL.US,151.6089
2022-05-11,US0378331005,AAPL.US,143.7493
2022-05-12,US0378331005,AAPL.US,139.8833
2022-05-13,US0378331005,AAPL.US,144.3479
2022-05-16,US0378331005,AAPL.US,142.8074
2022-05-17,US0378331005,AAPL.US,146.4379
2022-05-18,US0378331005,AAPL.US,138.176
2022-05-19,US0378331005,AAPL.US,134.7711
2022-05-20,US0378331005,AAPL.US,135.0066
2022-05-23,US0378331005,AAPL.US,140.423
2022-05-24,US0378331005,AAPL.US,137.7246
2022-05-25,US0378331005,AAPL.US,137.8816
2022-05-26,US0378331005,AAPL.US,141.0804
2022-05-27,US0378331005,AAPL.US,146.8304
2022-05-31,US0378331005,AAPL.US,146.0454
2022-06-01,US0378331005,AAPL.US,145.9178
2022-06-02,US0378331005,AAPL.US,148.3709
2022-06-03,US0378331005,AAPL.US,142.6504
2022-06-06,US0378331005,AAPL.US,143.3961
2022-06-07,US0378331005,AAPL.US,145.9178
2022-06-08,US0378331005,AAPL.US,145.1819
2022-06-09,US0378331005,AAPL.US,139.9618
2022-06-10,US0378331005,AAPL.US,134.5553
2022-06-13,US0378331005,AAPL.US,129.4038
2022-06-14,US0378331005,AAPL.US,130.2673
2022-06-15,US0378331005,AAPL.US,132.8872
2022-06-16,US0378331005,AAPL.US,127.618
2022-06-17,US0378331005,AAPL.US,129.0898
2022-06-21,US0378331005,AAPL.US,133.3189
2022-06-22,US0378331005,AAPL.US,132.8087
2022-06-23,US0378331005,AAPL.US,135.6739
2022-06-24,US0378331005,AAPL.US,139.0002
2022-06-27,US0378331005,AAPL.US,139.0002
2022-06-28,US0378331005,AAPL.US,134.8594
2022-06-29,US0378331005,AAPL.US,136.6158
2022-06-30,US0378331005,AAPL.US,134.153
2022-07-01,US0378331005,AAPL.US,136.3215
2022-07-05,US0378331005,AAPL.US,138.9021
2022-07-06,US0378331005,AAPL.US,140.2365
2022-07-07,US0378331005,AAPL.US,143.6021
2022-07-08,US0378331005,AAPL.US,144.2792
2022-07-11,US0378331005,AAPL.US,142.1499
2022-07-12,US0378331005,AAPL.US,143.1213
2022-07-13,US0378331005,AAPL.US,142.7583
2022-07-14,US0378331005,AAPL.US,145.6823
2022-07-15,US0378331005,AAPL.US,147.3504
2022-07-18,US0378331005,AAPL.US,144.3086
2022-07-19,US0378331005,AAPL.US,148.1648
2022-07-20,US0378331005,AAPL.US,150.1665
2022-07-21,US0378331005,AAPL.US,152.4332
2022-07-22,US0378331005,AAPL.US,151.1968
2022-07-25,US0378331005,AAPL.US,150.0782
2022-07-26,US0378331005,AAPL.US,148.7536
2022-07-27,US0378331005,AAPL.US,153.8461
2022-07-28,US0378331005,AAPL.US,154.3956
2022-07-29,US0378331005,AAPL.US,159.4587
2022-08-01,US0378331005,AAPL.US,158.4775
2022-08-02,US0378331005,AAPL.US,157.0057
2022-08-03,US0378331005,AAPL.US,163.0108
2022-08-04,US0378331005,AAPL.US,162.6968
2022-08-05,US0378331005,AAPL.US,162.4708
2022-08-08,US0378331005,AAPL.US,161.9991
2022-08-09,US0378331005,AAPL.US,162.0483
2022-08-10,US0378331005,AAPL.US,166.293
2022-08-11,US0378331005,AAPL.US,165.5561
2022-08-12,US0378331005,AAPL.US,169.1032
2022-08-15,US0378331005,AAPL.US,170.1743
2022-08-16,US0378331005,AAPL.US,170.017
2022-08-17,US0378331005,AAPL.US,171.5106
2022-08-18,US0378331005,AAPL.US,171.1175
2022-08-19,US0378331005,AAPL.US,168.5333
2022-08-22,US0378331005,AAPL.US,164.6521
2022-08-23,US0378331005,AAPL.US,164.318
2022-08-24,US0378331005,AAPL.US,164.6128
2022-08-25,US0378331005,AAPL.US,167.0693
2022-08-26,US0378331005,AAPL.US,160.7709
2022-08-29,US0378331005,AAPL.US,158.5699
2022-08-30,US0378331005,AAPL.US,156.1429
2022-08-31,US0378331005,AAPL.US,154.4823
2022-09-01,US0378331005,AAPL.US,155.2095
2022-09-02,US0378331005,AAPL.US,153.0969
2022-09-06,US0378331005,AAPL.US,151.8392
2022-09-07,US0378331005,AAPL.US,153.2443
2022-09-08,US0378331005,AAPL.US,151.7704
2022-09-09,US0378331005,AAPL.US,154.6297
2022-09-12,US0378331005,AAPL.US,160.5842
2022-09-13,US0378331005,AAPL.US,151.1612
2022-09-14,US0378331005,AAPL.US,152.6056
2022-09-15,US0378331005,AAPL.US,149.7168
2022-09-16,US0378331005,AAPL.US,148.0759
2022-09-19,US0378331005,AAPL.US,151.7901
2022-09-20,US0378331005,AAPL.US,154.1679
2022-09-21,US0378331005,AAPL.US,151.0433
2022-09-22,US0378331005,AAPL.US,150.0803
2022-09-23,US0378331005,AAPL.US,147.8106
2022-09-26,US0378331005,AAPL.US,148.1447
2022-09-27,US0378331005,AAPL.US,149.1174
2022-09-28,US0378331005,AAPL.US,147.2308
2022-09-29,US0378331005,AAPL.US,139.999
2022-09-30,US0378331005,AAPL.US,135.7935
2022-10-03,US0378331005,AAPL.US,139.9695
2022-10-04,US0378331005,AAPL.US,143.556
2022-10-05,US0378331005,AAPL.US,143.8507
2022-10-06,US0378331005,AAPL.US,142.8976
2022-10-07,US0378331005,AAPL.US,137.6506
2022-10-10,US0378331005,AAPL.US,137.9749
2022-10-11,US0378331005,AAPL.US,136.56
2022-10-12,US0378331005,AAPL.US,135.9311
2022-10-13,US0378331005,AAPL.US,140.5001
2022-10-14,US0378331005,AAPL.US,135.9704
2022-10-17,US0378331005,AAPL.US,139.9302
2022-10-18,US0378331005,AAPL.US,141.2469
2022-10-19,US0378331005,AAPL.US,141.355
2022-10-20,US0378331005,AAPL.US,140.8932
2022-10-21,US0378331005,AAPL.US,144.7056
2022-10-24,US0378331005,AAPL.US,146.8476
2022-10-25,US0378331005,AAPL.US,149.6873
2022-10-26,US0378331005,AAPL.US,146.7494
2022-10-27,US0378331005,AAPL.US,142.2786
2022-10-28,US0378331005,AAPL.US,153.0281
2022-10-31,US0378331005,AAPL.US,150.6699
2022-11-01,US0378331005,AAPL.US,148.0267
2022-11-02,US0378331005,AAPL.US,142.5046
2022-11-03,US0378331005,AAPL.US,136.4617
2022-11-04,US0378331005,AAPL.US,136.196
2022-11-07,US0378331005,AAPL.US,136.7274
2022-11-08,US0378331005,AAPL.US,137.2983
2022-11-09,US0378331005,AAPL.US,132.7414
2022-11-10,US0378331005,AAPL.US,144.552
2022-11-11,US0378331005,AAPL.US,147.3373
2022-11-14,US0378331005,AAPL.US,145.9397
2022-11-15,US0378331005,AAPL.US,147.6719
2022-11-16,US0378331005,AAPL.US,146.4417
2022-11-17,US0378331005,AAPL.US,148.3412
2022-11-18,US0378331005,AAPL.US,148.9022
2022-11-21,US0378331005,AAPL.US,145.674
2022-11-22,US0378331005,AAPL.US,147.8097
2022-11-23,US0378331005,AAPL.US,148.6857
2022-11-25,US0378331005,AAPL.US,145.7724
2022-11-28,US0378331005,AAPL.US,141.9438
2022-11-29,US0378331005,AAPL.US,138.9419
2022-11-30,US0378331005,AAPL.US,145.6936
2022-12-01,US0378331005,AAPL.US,145.9692
2022-12-02,US0378331005,AAPL.US,145.4771
2022-12-05,US0378331005,AAPL.US,144.3157
2022-12-06,US0378331005,AAPL.US,140.6545
2022-12-07,US0378331005,AAPL.US,138.7155
2022-12-08,US0378331005,AAPL.US,140.3986
2022-12-09,US0378331005,AAPL.US,139.9163
2022-12-12,US0378331005,AAPL.US,142.2095
2022-12-13,US0378331005,AAPL.US,143.1741
2022-12-14,US0378331005,AAPL.US,140.9497
2022-12-15,US0378331005,AAPL.US,134.3456
2022-12-16,US0378331005,AAPL.US,132.387
2022-12-19,US0378331005,AAPL.US,130.2808
2022-12-20,US0378331005,AAPL.US,130.2119
2022-12-21,US0378331005,AAPL.US,133.3122
2022-12-22,US0378331005,AAPL.US,130.143
2022-12-23,US0378331005,AAPL.US,129.7789
2022-12-27,US0378331005,AAPL.US,127.9777
2022-12-28,US0378331005,AAPL.US,124.0507
2022-12-29,US0378331005,AAPL.US,127.5644
2022-12-30,US0378331005,AAPL.US,127.8793
2023-01-03,US0378331005,AAPL.US,123.096
2023-01-04,US0378331005,AAPL.US,124.3657
2023-01-05,US0378331005,AAPL.US,123.0468
2023-01-06,US0378331005,AAPL.US,127.5742
2023-01-09,US0378331005,AAPL.US,128.0958
2023-01-10,US0378331005,AAPL.US,128.6667
2023-01-11,US0378331005,AAPL.US,131.3831
2023-01-12,US0378331005,AAPL.US,131.3044
2023-01-13,US0378331005,AAPL.US,132.6331
2023-01-17,US0378331005,AAPL.US,133.7945
2023-01-18,US0378331005,AAPL.US,133.076
2023-01-19,US0378331005,AAPL.US,133.135
2023-01-20,US0378331005,AAPL.US,135.694
2023-01-23,US0378331005,AAPL.US,138.8829
2023-01-24,US0378331005,AAPL.US,140.2805
2023-01-25,US0378331005,AAPL.US,139.621
2023-01-26,US0378331005,AAPL.US,141.6879
2023-01-27,US0378331005,AAPL.US,143.6268
2023-01-30,US0378331005,AAPL.US,140.743
2023-01-31,US0378331005,AAPL.US,142.0127
2023-02-01,US0378331005,AAPL.US,143.1347
2023-02-02,US0378331005,AAPL.US,148.4396
2023-02-03,US0378331005,AAPL.US,152.0615
2023-02-06,US0378331005,AAPL.US,149.3353
2023-02-07,US0378331005,AAPL.US,152.2092
2023-02-08,US0378331005,AAPL.US,149.5223
2023-02-09,US0378331005,AAPL.US,148.4888
2023-02-10,US0378331005,AAPL.US,148.8535
2023-02-13,US0378331005,AAPL.US,151.653
2023-02-14,US0378331005,AAPL.US,151.0123
2023-02-15,US0378331005,AAPL.US,153.1119
2023-02-16,US0378331005,AAPL.US,151.515
2023-02-17,US0378331005,AAPL.US,150.3715
2023-02-21,US0378331005,AAPL.US,146.3597
2023-02-22,US0378331005,AAPL.US,146.7835
2023-02-23,US0378331005,AAPL.US,147.2665
2023-02-24,US0378331005,AAPL.US,144.6149
2023-02-27,US0378331005,AAPL.US,145.8077
2023-02-28,US0378331005,AAPL.US,145.3049
2023-03-01,US0378331005,AAPL.US,143.2349
2023-03-02,US0378331005,AAPL.US,143.8264
2023-03-03,US0378331005,AAPL.US,148.8733
2023-03-06,US0378331005,AAPL.US,151.6333
2023-03-07,US0378331005,AAPL.US,149.4351
2023-03-08,US0378331005,AAPL.US,150.687
2023-03-09,US0378331005,AAPL.US,148.4395
2023-03-10,US0378331005,AAPL.US,146.3794
2023-03-13,US0378331005,AAPL.US,148.3213
2023-03-14,US0378331005,AAPL.US,150.411
2023-03-15,US0378331005,AAPL.US,150.8053
2023-03-16,US0378331005,AAPL.US,153.6244
2023-03-17,US0378331005,AAPL.US,152.7866
2023-03-20,US0378331005,AAPL.US,155.1523
2023-03-21,US0378331005,AAPL.US,157.0054
2023-03-22,US0378331005,AAPL.US,155.5761
2023-03-23,US0378331005,AAPL.US,156.6604
2023-03-24,US0378331005,AAPL.US,157.9616
2023-03-27,US0378331005,AAPL.US,156.0197
2023-03-28,US0378331005,AAPL.US,155.3987
2023-03-29,US0378331005,AAPL.US,158.4742
2023-03-30,US0378331005,AAPL.US,160.0415
2023-03-31,US0378331005,AAPL.US,162.5452
2023-04-03,US0378331005,AAPL.US,163.7971
2023-04-04,US0378331005,AAPL.US,163.2648
2023-04-05,US0378331005,AAPL.US,161.4215
2023-04-06,US0378331005,AAPL.US,162.3086
2023-04-10,US0378331005,AAPL.US,159.7162
2023-04-11,US0378331005,AAPL.US,158.5037
2023-04-12,US0378331005,AAPL.US,157.8137
2023-04-13,US0378331005,AAPL.US,163.1958
2023-04-14,US0378331005,AAPL.US,162.8508
2023-04-17,US0378331005,AAPL.US,162.8705
2023-04-18,US0378331005,AAPL.US,164.0928
2023-04-19,US0378331005,AAPL.US,165.2362
2023-04-20,US0378331005,AAPL.US,164.2702
2023-04-21,US0378331005,AAPL.US,162.6635
2023-04-24,US0378331005,AAPL.US,162.969
2023-04-25,US0378331005,AAPL.US,161.4313
2023-04-26,US0378331005,AAPL.US,161.4215
2023-04-27,US0378331005,AAPL.US,166.0051
2023-04-28,US0378331005,AAPL.US,167.2569
2023-05-01,US0378331005,AAPL.US,167.1682
2023-05-02,US0378331005,AAPL.US,166.1332
2023-05-03,US0378331005,AAPL.US,165.0588
2023-05-04,US0378331005,AAPL.US,163.4225
2023-05-05,US0378331005,AAPL.US,171.0914
2023-05-08,US0378331005,AAPL.US,171.0224
2023-05-09,US0378331005,AAPL.US,169.3171
2023-05-10,US0378331005,AAPL.US,171.0815
2023-05-11,US0378331005,AAPL.US,171.2688
2023-05-12,US0378331005,AAPL.US,170.3409
2023-05-15,US0378331005,AAPL.US,169.8474
2023-05-16,US0378331005,AAPL.US,169.8474
2023-05-17,US0378331005,AAPL.US,170.4594
2023-05-18,US0378331005,AAPL.US,172.7889
2023-05-19,US0378331005,AAPL.US,172.8975
2023-05-22,US0378331005,AAPL.US,171.9499
2023-05-23,US0378331005,AAPL.US,169.344
2023-05-24,US0378331005,AAPL.US,169.6204
2023-05-25,US0378331005,AAPL.US,170.7555
2023-05-26,US0378331005,AAPL.US,173.164
2023-05-30,US0378331005,AAPL.US,175.0099
2023-05-31,US0378331005,AAPL.US,174.9605
2023-06-01,US0378331005,AAPL.US,177.7638
2023-06-02,US0378331005,AAPL.US,178.6127
2023-06-05,US0378331005,AAPL.US,177.2604
2023-06-06,US0378331005,AAPL.US,176.8952
2023-06-07,US0378331005,AAPL.US,175.5231
2023-06-08,US0378331005,AAPL.US,178.2376
2023-06-09,US0378331005,AAPL.US,178.6226
2023-06-12,US0378331005,AAPL.US,181.416
2023-06-13,US0378331005,AAPL.US,180.9422
2023-06-14,US0378331005,AAPL.US,181.574
2023-06-15,US0378331005,AAPL.US,183.6073
2023-06-16,US0378331005,AAPL.US,182.5314
2023-06-20,US0378331005,AAPL.US,182.6203
2023-06-21,US0378331005,AAPL.US,181.5838
2023-06-22,US0378331005,AAPL.US,184.5846
2023-06-23,US0378331005,AAPL.US,184.2687
2023-06-26,US0378331005,AAPL.US,182.8769
2023-06-27,US0378331005,AAPL.US,185.6309
2023-06-28,US0378331005,AAPL.US,186.8055
2023-06-29,US0378331005,AAPL.US,187.1411
2023-06-30,US0378331005,AAPL.US,191.4645
2023-07-03,US0378331005,AAPL.US,189.974
2023-07-05,US0378331005,AAPL.US,188.8586
2023-07-06,US0378331005,AAPL.US,189.3324
2023-07-07,US0378331005,AAPL.US,188.217
2023-07-10,US0378331005,AAPL.US,186.1738
2023-07-11,US0378331005,AAPL.US,185.6506
2023-07-12,US0378331005,AAPL.US,187.3188
2023-07-13,US0378331005,AAPL.US,188.0788
2023-07-14,US0378331005,AAPL.US,188.2269
2023-07-17,US0378331005,AAPL.US,191.4843
2023-07-18,US0378331005,AAPL.US,191.2276
2023-07-19,US0378331005,AAPL.US,192.5799
2023-07-20,US0378331005,AAPL.US,190.6354
2023-07-21,US0378331005,AAPL.US,189.4608
2023-07-24,US0378331005,AAPL.US,190.2603
2023-07-25,US0378331005,AAPL.US,191.1191
2023-07-26,US0378331005,AAPL.US,191.9877
2023-07-27,US0378331005,AAPL.US,190.7242
2023-07-28,US0378331005,AAPL.US,193.3005
2023-07-31,US0378331005,AAPL.US,193.9125
2023-08-01,US0378331005,AAPL.US,193.0833
2023-08-02,US0378331005,AAPL.US,190.0925
2023-08-03,US0378331005,AAPL.US,188.7007
2023-08-04,US0378331005,AAPL.US,179.6393
2023-08-07,US0378331005,AAPL.US,176.5398
2023-08-08,US0378331005,AAPL.US,177.4776
2023-08-09,US0378331005,AAPL.US,175.8884
2023-08-10,US0378331005,AAPL.US,175.6712
2023-08-11,US0378331005,AAPL.US,175.7305
2023-08-14,US0378331005,AAPL.US,177.3812
2023-08-15,US0378331005,AAPL.US,175.3944
2023-08-16,US0378331005,AAPL.US,174.5246
2023-08-17,US0378331005,AAPL.US,171.9844
2023-08-18,US0378331005,AAPL.US,172.4687
2023-08-21,US0378331005,AAPL.US,173.8031
2023-08-22,US0378331005,AAPL.US,175.177
2023-08-23,US0378331005,AAPL.US,179.0219
2023-08-24,US0378331005,AAPL.US,174.3368
2023-08-25,US0378331005,AAPL.US,176.541
2023-08-28,US0378331005,AAPL.US,178.1027
2023-08-29,US0378331005,AAPL.US,181.9872
2023-08-30,US0378331005,AAPL.US,185.4763
2023-08-31,US0378331005,AAPL.US,185.6937
2023-09-01,US0378331005,AAPL.US,187.2653
2023-09-05,US0378331005,AAPL.US,187.5025
2023-09-06,US0378331005,AAPL.US,180.7912
2023-09-07,US0378331005,AAPL.US,175.5032
2023-09-08,US0378331005,AAPL.US,176.116
2023-09-11,US0378331005,AAPL.US,177.2823
2023-09-12,US0378331005,AAPL.US,174.2578
2023-09-13,US0378331005,AAPL.US,172.192
2023-09-14,US0378331005,AAPL.US,173.7043
2023-09-15,US0378331005,AAPL.US,172.9827
2023-09-18,US0378331005,AAPL.US,175.9084
2023-09-19,US0378331005,AAPL.US,176.9957
2023-09-20,US0378331005,AAPL.US,173.4571
2023-09-21,US0378331005,AAPL.US,171.9152
2023-09-22,US0378331005,AAPL.US,172.7653
2023-09-25,US0378331005,AAPL.US,174.0403
2023-09-26,US0378331005,AAPL.US,169.968
2023-09-27,US0378331005,AAPL.US,168.4558
2023-09-28,US0378331005,AAPL.US,168.7127
2023-09-29,US0378331005,AAPL.US,169.2267
2023-10-02,US0378331005,AAPL.US,171.7373
2023-10-03,US0378331005,AAPL.US,170.4029
2023-10-04,US0378331005,AAPL.US,171.6483
2023-10-05,US0378331005,AAPL.US,172.8839
2023-10-06,US0378331005,AAPL.US,175.434
2023-10-09,US0378331005,AAPL.US,176.9166
2023-10-10,US0378331005,AAPL.US,176.3236
2023-10-11,US0378331005,AAPL.US,177.7172
2023-10-12,US0378331005,AAPL.US,178.6167
2023-10-13,US0378331005,AAPL.US,176.7782
2023-10-16,US0378331005,AAPL.US,176.6497
2023-10-17,US0378331005,AAPL.US,175.0979
2023-10-18,US0378331005,AAPL.US,173.8031
2023-10-19,US0378331005,AAPL.US,173.4275
2023-10-20,US0378331005,AAPL.US,170.8774
2023-10-23,US0378331005,AAPL.US,170.996
2023-10-24,US0378331005,AAPL.US,171.4309
2023-10-25,US0378331005,AAPL.US,169.118
2023-10-26,US0378331005,AAPL.US,164.9568
2023-10-27,US0378331005,AAPL.US,166.2714
2023-10-30,US0378331005,AAPL.US,168.3174
2023-10-31,US0378331005,AAPL.US,168.7918
2023-11-01,US0378331005,AAPL.US,171.9548
2023-11-02,US0378331005,AAPL.US,175.5131
2023-11-03,US0378331005,AAPL.US,174.6037
2023-11-06,US0378331005,AAPL.US,177.1538
2023-11-07,US0378331005,AAPL.US,179.7138
2023-11-08,US0378331005,AAPL.US,180.7714
2023-11-09,US0378331005,AAPL.US,180.297
2023-11-10,US0378331005,AAPL.US,184.4835
2023-11-13,US0378331005,AAPL.US,182.8999
2023-11-14,US0378331005,AAPL.US,185.5128
2023-11-15,US0378331005,AAPL.US,186.0769
2023-11-16,US0378331005,AAPL.US,187.7595
2023-11-17,US0378331005,AAPL.US,187.7397
2023-11-20,US0378331005,AAPL.US,189.4816
2023-11-21,US0378331005,AAPL.US,188.6799
2023-11-22,US0378331005,AAPL.US,189.343
2023-11-24,US0378331005,AAPL.US,188.0168
2023-11-27,US0378331005,AAPL.US,187.8386
2023-11-28,US0378331005,AAPL.US,188.4424
2023-11-29,US0378331005,AAPL.US,187.423
2023-11-30,US0378331005,AAPL.US,187.997
2023-12-01,US0378331005,AAPL.US,189.2737
2023-12-04,US0378331005,AAPL.US,187.4823
2023-12-05,US0378331005,AAPL.US,191.4313
2023-12-06,US0378331005,AAPL.US,190.3426
2023-12-07,US0378331005,AAPL.US,192.2726
2023-12-08,US0378331005,AAPL.US,193.6978
2023-12-11,US0378331005,AAPL.US,191.1938
2023-12-12,US0378331005,AAPL.US,192.7081
2023-12-13,US0378331005,AAPL.US,195.9246
2023-12-14,US0378331005,AAPL.US,196.0731
2023-12-15,US0378331005,AAPL.US,195.5386
2023-12-18,US0378331005,AAPL.US,193.8759
2023-12-19,US0378331005,AAPL.US,194.9151
2023-12-20,US0378331005,AAPL.US,192.8268
2023-12-21,US0378331005,AAPL.US,192.6784
2023-12-22,US0378331005,AAPL.US,191.6095
2023-12-26,US0378331005,AAPL.US,191.0651
2023-12-27,US0378331005,AAPL.US,191.1641
2023-12-28,US0378331005,AAPL.US,191.5897
2023-12-29,US0378331005,AAPL.US,190.5505
2024-01-02,US0378331005,AAPL.US,183.7313
2024-01-03,US0378331005,AAPL.US,182.3556
2024-01-04,US0378331005,AAPL.US,180.0397
2024-01-05,US0378331005,AAPL.US,179.3172
2024-01-08,US0378331005,AAPL.US,183.6521
2024-01-09,US0378331005,AAPL.US,183.2365
2024-01-10,US0378331005,AAPL.US,184.2757
2024-01-11,US0378331005,AAPL.US,183.6818
2024-01-12,US0378331005,AAPL.US,184.0084
2024-01-16,US0378331005,AAPL.US,181.742
2024-01-17,US0378331005,AAPL.US,180.8017
2024-01-18,US0378331005,AAPL.US,186.6906
2024-01-19,US0378331005,AAPL.US,189.5904
2024-01-22,US0378331005,AAPL.US,191.8965
2024-01-23,US0378331005,AAPL.US,193.1732
2024-01-24,US0378331005,AAPL.US,192.5002
2024-01-25,US0378331005,AAPL.US,192.1736
2024-01-26,US0378331005,AAPL.US,190.4416
2024-01-29,US0378331005,AAPL.US,189.7587
2024-01-30,US0378331005,AAPL.US,186.1066
2024-01-31,US0378331005,AAPL.US,182.5041
2024-02-01,US0378331005,AAPL.US,184.9388
2024-02-02,US0378331005,AAPL.US,183.9392
2024-02-05,US0378331005,AAPL.US,185.7503
2024-02-06,US0378331005,AAPL.US,187.3537
2024-02-07,US0378331005,AAPL.US,187.4625
2024-02-08,US0378331005,AAPL.US,186.3838
2024-02-09,US0378331005,AAPL.US,187.1468
2024-02-12,US0378331005,AAPL.US,185.4621
2024-02-13,US0378331005,AAPL.US,183.3712
2024-02-14,US0378331005,AAPL.US,182.4892
2024-02-15,US0378331005,AAPL.US,182.2018
2024-02-16,US0378331005,AAPL.US,180.6658
2024-02-20,US0378331005,AAPL.US,179.9226
2024-02-21,US0378331005,AAPL.US,180.6757
2024-02-22,US0378331005,AAPL.US,182.7072
2024-02-23,US0378331005,AAPL.US,180.8739
2024-02-26,US0378331005,AAPL.US,179.5262
2024-02-27,US0378331005,AAPL.US,180.9829
2024-02-28,US0378331005,AAPL.US,179.7838
2024-02-29,US0378331005,AAPL.US,179.1199
2024-03-01,US0378331005,AAPL.US,178.0397
2024-03-04,US0378331005,AAPL.US,173.5208
2024-03-05,US0378331005,AAPL.US,168.5857
2024-03-06,US0378331005,AAPL.US,167.5947
2024-03-07,US0378331005,AAPL.US,167.4758
2024-03-08,US0378331005,AAPL.US,169.1902
2024-03-11,US0378331005,AAPL.US,171.192
2024-03-12,US0378331005,AAPL.US,171.6677
2024-03-13,US0378331005,AAPL.US,169.5866
2024-03-14,US0378331005,AAPL.US,171.4398
2024-03-15,US0378331005,AAPL.US,171.0632
2024-03-18,US0378331005,AAPL.US,172.1533
2024-03-19,US0378331005,AAPL.US,174.492
2024-03-20,US0378331005,AAPL.US,177.0586
2024-03-21,US0378331005,AAPL.US,169.8245
2024-03-22,US0378331005,AAPL.US,170.7263
2024-03-25,US0378331005,AAPL.US,169.3091
2024-03-26,US0378331005,AAPL.US,168.1794
2024-03-27,US0378331005,AAPL.US,171.747
2024-03-28,US0378331005,AAPL.US,169.9335
2024-04-01,US0378331005,AAPL.US,168.4965
2024-04-02,US0378331005,AAPL.US,167.3173
2024-04-03,US0378331005,AAPL.US,168.12
2024-04-04,US0378331005,AAPL.US,167.2975
2024-04-05,US0378331005,AAPL.US,168.0506
2024-04-08,US0378331005,AAPL.US,166.9308
2024-04-09,US0378331005,AAPL.US,168.1398
2024-04-10,US0378331005,AAPL.US,166.2668
2024-04-11,US0378331005,AAPL.US,173.4614
2024-04-12,US0378331005,AAPL.US,174.9577
2024-04-15,US0378331005,AAPL.US,171.1326
2024-04-16,US0378331005,AAPL.US,167.8524
2024-04-17,US0378331005,AAPL.US,166.4849
2024-04-18,US0378331005,AAPL.US,165.5335
2024-04-19,US0378331005,AAPL.US,163.5119
2024-04-22,US0378331005,AAPL.US,164.3443
2024-04-23,US0378331005,AAPL.US,165.3948
2024-04-24,US0378331005,AAPL.US,167.4957
2024-04-25,US0378331005,AAPL.US,168.3578
2024-04-26,US0378331005,AAPL.US,167.7731
2024-04-29,US0378331005,AAPL.US,171.9352
2024-04-30,US0378331005,AAPL.US,168.7938
2024-05-01,US0378331005,AAPL.US,167.7731
2024-05-02,US0378331005,AAPL.US,171.4695
2024-05-03,US0378331005,AAPL.US,181.7261
2024-05-06,US0378331005,AAPL.US,180.0712
2024-05-07,US0378331005,AAPL.US,180.755
2024-05-08,US0378331005,AAPL.US,181.0919
2024-05-09,US0378331005,AAPL.US,182.9054
2024-05-10,US0378331005,AAPL.US,181.6452
2024-05-13,US0378331005,AAPL.US,184.8504
2024-05-14,US0378331005,AAPL.US,185.9915
2024-05-15,US0378331005,AAPL.US,188.264
2024-05-16,US0378331005,AAPL.US,188.383
2024-05-17,US0378331005,AAPL.US,188.4128
2024-05-20,US0378331005,AAPL.US,189.5738
2024-05-21,US0378331005,AAPL.US,190.8738
2024-05-22,US0378331005,AAPL.US,189.4349
2024-05-23,US0378331005,AAPL.US,185.4458
2024-05-24,US0378331005,AAPL.US,188.522
2024-05-28,US0378331005,AAPL.US,188.5319
2024-05-29,US0378331005,AAPL.US,188.8296
2024-05-30,US0378331005,AAPL.US,189.8219
2024-05-31,US0378331005,AAPL.US,190.7746
2024-06-03,US0378331005,AAPL.US,192.5409
2024-06-04,US0378331005,AAPL.US,192.8584
2024-06-05,US0378331005,AAPL.US,194.3668
2024-06-06,US0378331005,AAPL.US,192.9874
2024-06-07,US0378331005,AAPL.US,195.3789
2024-06-10,US0378331005,AAPL.US,191.6379
2024-06-11,US0378331005,AAPL.US,205.5602
2024-06-12,US0378331005,AAPL.US,211.4348
2024-06-13,US0378331005,AAPL.US,212.5958
2024-06-14,US0378331005,AAPL.US,210.8592
2024-06-17,US0378331005,AAPL.US,215.0071
2024-06-18,US0378331005,AAPL.US,212.6454
2024-06-20,US0378331005,AAPL.US,208.0708
2024-06-21,US0378331005,AAPL.US,205.8976
2024-06-24,US0378331005,AAPL.US,206.5426
2024-06-25,US0378331005,AAPL.US,207.4655
2024-06-26,US0378331005,AAPL.US,211.6134
2024-06-27,US0378331005,AAPL.US,212.4569
2024-06-28,US0378331005,AAPL.US,209.0036
2024-07-01,US0378331005,AAPL.US,215.0865
2024-07-02,US0378331005,AAPL.US,218.5795
2024-07-03,US0378331005,AAPL.US,219.8497
2024-07-05,US0378331005,AAPL.US,224.6029
2024-07-08,US0378331005,AAPL.US,226.0716
2024-07-09,US0378331005,AAPL.US,226.925
2024-07-10,US0378331005,AAPL.US,231.192
2024-07-11,US0378331005,AAPL.US,225.8235
2024-07-12,US0378331005,AAPL.US,228.7707
2024-07-15,US0378331005,AAPL.US,232.6011
2024-07-16,US0378331005,AAPL.US,233.0178
2024-07-17,US0378331005,AAPL.US,227.1234
2024-07-18,US0378331005,AAPL.US,222.4595
2024-07-19,US0378331005,AAPL.US,222.5885
2024-07-22,US0378331005,AAPL.US,222.2412
2024-07-23,US0378331005,AAPL.US,223.2831
2024-07-24,US0378331005,AAPL.US,216.8628
2024-07-25,US0378331005,AAPL.US,215.8208
2024-07-26,US0378331005,AAPL.US,216.2872
2024-07-29,US0378331005,AAPL.US,216.5651
2024-07-30,US0378331005,AAPL.US,217.1208
2024-07-31,US0378331005,AAPL.US,220.3756
2024-08-01,US0378331005,AAPL.US,216.6842
2024-08-02,US0378331005,AAPL.US,218.1727
2024-08-05,US0378331005,AAPL.US,207.6639
2024-08-06,US0378331005,AAPL.US,205.6396
2024-08-07,US0378331005,AAPL.US,208.2097
2024-08-08,US0378331005,AAPL.US,211.6729
2024-08-09,US0378331005,AAPL.US,214.5804
2024-08-12,US0378331005,AAPL.US,216.1104
2024-08-13,US0378331005,AAPL.US,219.826
2024-08-14,US0378331005,AAPL.US,220.273
2024-08-15,US0378331005,AAPL.US,223.2535
2024-08-16,US0378331005,AAPL.US,224.5748
2024-08-19,US0378331005,AAPL.US,224.4158
2024-08-20,US0378331005,AAPL.US,225.0318
2024-08-21,US0378331005,AAPL.US,224.9225
2024-08-22,US0378331005,AAPL.US,223.0647
2024-08-23,US0378331005,AAPL.US,225.3596
2024-08-26,US0378331005,AAPL.US,225.6974
2024-08-27,US0378331005,AAPL.US,226.5419
2024-08-28,US0378331005,AAPL.US,225.0119
2024-08-29,US0378331005,AAPL.US,228.2904
2024-08-30,US0378331005,AAPL.US,227.5055
2024-09-03,US0378331005,AAPL.US,221.3162
2024-09-04,US0378331005,AAPL.US,219.4087
2024-09-05,US0378331005,AAPL.US,220.9287
2024-09-06,US0378331005,AAPL.US,219.3789
2024-09-09,US0378331005,AAPL.US,219.4683
2024-09-10,US0378331005,AAPL.US,218.6735
2024-09-11,US0378331005,AAPL.US,221.2069
2024-09-12,US0378331005,AAPL.US,221.3162
2024-09-13,US0378331005,AAPL.US,221.048
2024-09-16,US0378331005,AAPL.US,214.9083
2024-09-17,US0378331005,AAPL.US,215.3752
2024-09-18,US0378331005,AAPL.US,219.2498
2024-09-19,US0378331005,AAPL.US,227.3764
2024-09-20,US0378331005,AAPL.US,226.7108
2024-09-23,US0378331005,AAPL.US,224.992
2024-09-24,US0378331005,AAPL.US,225.8862
2024-09-25,US0378331005,AAPL.US,224.8927
2024-09-26,US0378331005,AAPL.US,226.0352
2024-09-27,US0378331005,AAPL.US,226.3034
2024-09-30,US0378331005,AAPL.US,231.4794
2024-10-01,US0378331005,AAPL.US,224.7337
2024-10-02,US0378331005,AAPL.US,225.3
2024-10-03,US0378331005,AAPL.US,224.1973
2024-10-04,US0378331005,AAPL.US,225.3199
2024-10-07,US0378331005,AAPL.US,220.2432
2024-10-08,US0378331005,AAPL.US,224.2966
2024-10-09,US0378331005,AAPL.US,228.042
2024-10-10,US0378331005,AAPL.US,227.5453
2024-10-11,US0378331005,AAPL.US,226.065
2024-10-14,US0378331005,AAPL.US,229.7905
2024-10-15,US0378331005,AAPL.US,232.3239
2024-10-16,US0378331005,AAPL.US,230.2674
2024-10-17,US0378331005,AAPL.US,230.635
2024-10-18,US0378331005,AAPL.US,233.4664
2024-10-21,US0378331005,AAPL.US,234.9367
2024-10-22,US0378331005,AAPL.US,234.3208
2024-10-23,US0378331005,AAPL.US,229.254
2024-10-24,US0378331005,AAPL.US,229.0653
2024-10-25,US0378331005,AAPL.US,229.8998
2024-10-28,US0378331005,AAPL.US,231.8768
2024-10-29,US0378331005,AAPL.US,232.1451
2024-10-30,US0378331005,AAPL.US,228.5984
2024-10-31,US0378331005,AAPL.US,224.4357
2024-11-01,US0378331005,AAPL.US,221.4553
2024-11-04,US0378331005,AAPL.US,220.5611
2024-11-05,US0378331005,AAPL.US,221.9918
2024-11-06,US0378331005,AAPL.US,221.2665
2024-11-07,US0378331005,AAPL.US,225.9955
2024-11-08,US0378331005,AAPL.US,225.7269
2024-11-11,US0378331005,AAPL.US,223.0118
2024-11-12,US0378331005,AAPL.US,223.0118
2024-11-13,US0378331005,AAPL.US,223.8969
2024-11-14,US0378331005,AAPL.US,226.9801
2024-11-15,US0378331005,AAPL.US,223.7776
2024-11-18,US0378331005,AAPL.US,226.7812
2024-11-19,US0378331005,AAPL.US,227.0397
2024-11-20,US0378331005,AAPL.US,227.7558
2024-11-21,US0378331005,AAPL.US,227.2784
2024-11-22,US0378331005,AAPL.US,228.6211
2024-11-25,US0378331005,AAPL.US,231.6048
2024-11-26,US0378331005,AAPL.US,233.7829
2024-11-27,US0378331005,AAPL.US,233.6536
2024-11-29,US0378331005,AAPL.US,236.0406
2024-12-02,US0378331005,AAPL.US,238.2883
2024-12-03,US0378331005,AAPL.US,241.3317
2024-12-04,US0378331005,AAPL.US,241.6897
2024-12-05,US0378331005,AAPL.US,241.7196
2024-12-06,US0378331005,AAPL.US,241.5206
2024-12-09,US0378331005,AAPL.US,245.4094
2024-12-10,US0378331005,AAPL.US,246.4239
2024-12-11,US0378331005,AAPL.US,245.1508
2024-12-12,US0378331005,AAPL.US,246.6128
2024-12-13,US0378331005,AAPL.US,246.7819
2024-12-16,US0378331005,AAPL.US,249.6761
2024-12-17,US0378331005,AAPL.US,252.1028
2024-12-18,US0378331005,AAPL.US,246.7023
2024-12-19,US0378331005,AAPL.US,248.4329
2024-12-20,US0378331005,AAPL.US,253.1073
2024-12-23,US0378331005,AAPL.US,253.8831
2024-12-24,US0378331005,AAPL.US,256.7972
2024-12-26,US0378331005,AAPL.US,257.6127
2024-12-27,US0378331005,AAPL.US,254.2014
2024-12-30,US0378331005,AAPL.US,250.8298
2024-12-31,US0378331005,AAPL.US,249.0595
2025-01-02,US0378331005,AAPL.US,242.5252
2025-01-03,US0378331005,AAPL.US,242.0378
2025-01-06,US0378331005,AAPL.US,243.6689
2025-01-07,US0378331005,AAPL.US,240.8941
2025-01-08,US0378331005,AAPL.US,241.3814
2025-01-10,US0378331005,AAPL.US,235.5632
2025-01-13,US0378331005,AAPL.US,233.1265
2025-01-14,US0378331005,AAPL.US,232.0126
2025-01-15,US0378331005,AAPL.US,236.5776
2025-01-16,US0378331005,AAPL.US,227.0199
2025-01-17,US0378331005,AAPL.US,228.7305
2025-01-21,US0378331005,AAPL.US,221.4304
2025-01-22,US0378331005,AAPL.US,222.6139
2025-01-23,US0378331005,AAPL.US,222.4448
2025-01-24,US0378331005,AAPL.US,221.5696
2025-01-27,US0378331005,AAPL.US,228.6112
2025-01-28,US0378331005,AAPL.US,236.9655
2025-01-29,US0378331005,AAPL.US,238.0595
2025-01-30,US0378331005,AAPL.US,236.2992
2025-01-31,US0378331005,AAPL.US,234.7178
2025-02-03,US0378331005,AAPL.US,226.7712
2025-02-04,US0378331005,AAPL.US,231.5352
2025-02-05,US0378331005,AAPL.US,231.207
2025-02-06,US0378331005,AAPL.US,231.9529
2025-02-07,US0378331005,AAPL.US,226.3933
2025-02-10,US0378331005,AAPL.US,226.6621
2025-02-11,US0378331005,AAPL.US,231.6105
2025-02-12,US0378331005,AAPL.US,235.8421
2025-02-13,US0378331005,AAPL.US,240.4819
2025-02-14,US0378331005,AAPL.US,243.5386
2025-02-18,US0378331005,AAPL.US,243.4091
2025-02-19,US0378331005,AAPL.US,243.8074
2025-02-20,US0378331005,AAPL.US,244.7632
2025-02-21,US0378331005,AAPL.US,244.4844
2025-02-24,US0378331005,AAPL.US,246.0277
2025-02-25,US0378331005,AAPL.US,245.968
2025-02-26,US0378331005,AAPL.US,239.317
2025-02-27,US0378331005,AAPL.US,236.2702
2025-02-28,US0378331005,AAPL.US,240.7905
2025-03-03,US0378331005,AAPL.US,236.9971
2025-03-04,US0378331005,AAPL.US,234.9062
2025-03-05,US0378331005,AAPL.US,234.717
2025-03-06,US0378331005,AAPL.US,234.3088
2025-03-07,US0378331005,AAPL.US,238.0325
2025-03-10,US0378331005,AAPL.US,226.4928
2025-03-11,US0378331005,AAPL.US,219.8817
2025-03-12,US0378331005,AAPL.US,216.0384
2025-03-13,US0378331005,AAPL.US,208.7701
2025-03-14,US0378331005,AAPL.US,212.5636
2025-03-17,US0378331005,AAPL.US,213.0713
2025-03-18,US0378331005,AAPL.US,211.767
2025-03-19,US0378331005,AAPL.US,214.306
2025-03-20,US0378331005,AAPL.US,213.1709
2025-03-21,US0378331005,AAPL.US,217.3228
2025-03-24,US0378331005,AAPL.US,219.7721
2025-03-25,US0378331005,AAPL.US,222.779
2025-03-26,US0378331005,AAPL.US,220.5687
2025-03-27,US0378331005,AAPL.US,222.8786
2025-03-28,US0378331005,AAPL.US,216.9544
2025-03-31,US0378331005,AAPL.US,221.1661
2025-04-01,US0378331005,AAPL.US,222.2215
2025-04-02,US0378331005,AAPL.US,222.9184
2025-04-03,US0378331005,AAPL.US,202.3083
2025-04-04,US0378331005,AAPL.US,187.5625
2025-04-07,US0378331005,AAPL.US,180.6725
2025-04-08,US0378331005,AAPL.US,171.6718
2025-04-09,US0378331005,AAPL.US,197.9871
2025-04-10,US0378331005,AAPL.US,189.5937
2025-04-11,US0378331005,AAPL.US,197.2901
2025-04-14,US0378331005,AAPL.US,201.6412
2025-04-15,US0378331005,AAPL.US,201.2628
2025-04-16,US0378331005,AAPL.US,193.427
2025-04-17,US0378331005,AAPL.US,196.1252
2025-04-21,US0378331005,AAPL.US,192.3218
2025-04-22,US0378331005,AAPL.US,198.8732
2025-04-23,US0378331005,AAPL.US,203.7121
2025-04-24,US0378331005,AAPL.US,207.4658
2025-04-25,US0378331005,AAPL.US,208.3718
2025-04-28,US0378331005,AAPL.US,209.2281
2025-04-29,US0378331005,AAPL.US,210.2934
2025-04-30,US0378331005,AAPL.US,211.5779
2025-05-01,US0378331005,AAPL.US,212.3943
2025-05-02,US0378331005,AAPL.US,204.4589
2025-05-05,US0378331005,AAPL.US,198.0269
2025-05-06,US0378331005,AAPL.US,197.6486
2025-05-07,US0378331005,AAPL.US,195.3984
2025-05-08,US0378331005,AAPL.US,196.633
2025-05-09,US0378331005,AAPL.US,197.6685
2025-05-12,US0378331005,AAPL.US,210.1505
2025-05-13,US0378331005,AAPL.US,212.284
2025-05-14,US0378331005,AAPL.US,211.6858
2025-05-15,US0378331005,AAPL.US,210.8085
2025-05-16,US0378331005,AAPL.US,210.6191
2025-05-19,US0378331005,AAPL.US,208.1466
2025-05-20,US0378331005,AAPL.US,206.2324
2025-05-21,US0378331005,AAPL.US,201.4769
2025-05-22,US0378331005,AAPL.US,200.7491
2025-05-23,US0378331005,AAPL.US,194.6776
2025-05-27,US0378331005,AAPL.US,199.6026
2025-05-28,US0378331005,AAPL.US,199.812
2025-05-29,US0378331005,AAPL.US,199.3434
2025-05-30,US0378331005,AAPL.US,200.2406
2025-06-02,US0378331005,AAPL.US,201.0881
2025-06-03,US0378331005,AAPL.US,202.6533
2025-06-04,US0378331005,AAPL.US,202.2047
2025-06-05,US0378331005,AAPL.US,200.0213
2025-06-06,US0378331005,AAPL.US,203.3013
2025-06-09,US0378331005,AAPL.US,200.8388
2025-06-10,US0378331005,AAPL.US,202.0551
2025-06-11,US0378331005,AAPL.US,198.1769
2025-06-12,US0378331005,AAPL.US,198.5957
2025-06-13,US0378331005,AAPL.US,195.854
2025-06-16,US0378331005,AAPL.US,197.818
2025-06-17,US0378331005,AAPL.US,195.0465
2025-06-18,US0378331005,AAPL.US,195.9836
2025-06-20,US0378331005,AAPL.US,200.3902
2025-06-23,US0378331005,AAPL.US,200.8887
2025-06-24,US0378331005,AAPL.US,199.6923
2025-06-25,US0378331005,AAPL.US,200.9485
2025-06-26,US0378331005,AAPL.US,200.3902
2025-06-27,US0378331005,AAPL.US,200.4699
2025-06-30,US0378331005,AAPL.US,204.5475
2025-07-01,US0378331005,AAPL.US,207.1895
2025-07-02,US0378331005,AAPL.US,211.7955
2025-07-03,US0378331005,AAPL.US,212.9021
2025-07-07,US0378331005,AAPL.US,209.313
2025-07-08,US0378331005,AAPL.US,209.3729
2025-07-09,US0378331005,AAPL.US,210.4994
2025-07-10,US0378331005,AAPL.US,211.7656
2025-07-11,US0378331005,AAPL.US,210.5194
2025-07-14,US0378331005,AAPL.US,207.9871
2025-07-15,US0378331005,AAPL.US,208.4756
2025-07-16,US0378331005,AAPL.US,209.5224
2025-07-17,US0378331005,AAPL.US,209.3828
2025-07-18,US0378331005,AAPL.US,210.5393
2025-07-21,US0378331005,AAPL.US,211.8354
2025-07-22,US0378331005,AAPL.US,213.7495
2025-07-23,US0378331005,AAPL.US,213.5003
2025-07-24,US0378331005,AAPL.US,213.1115
2025-07-25,US0378331005,AAPL.US,213.2311
2025-07-28,US0378331005,AAPL.US,213.4006
2025-07-29,US0378331005,AAPL.US,210.629
2025-07-30,US0378331005,AAPL.US,208.4158
2025-07-31,US0378331005,AAPL.US,206.9403
2025-08-01,US0378331005,AAPL.US,201.766
2025-08-04,US0378331005,AAPL.US,202.7331
2025-08-05,US0378331005,AAPL.US,202.3044
2025-08-06,US0378331005,AAPL.US,212.603
2025-08-07,US0378331005,AAPL.US,219.3625
2025-08-08,US0378331005,AAPL.US,228.6542
2025-08-11,US0378331005,AAPL.US,226.7478
2025-08-12,US0378331005,AAPL.US,229.2131
2025-08-13,US0378331005,AAPL.US,232.8861
2025-08-14,US0378331005,AAPL.US,232.3372
2025-08-15,US0378331005,AAPL.US,231.1494
2025-08-18,US0378331005,AAPL.US,230.4508
2025-08-19,US0378331005,AAPL.US,230.1214
2025-08-20,US0378331005,AAPL.US,225.58
2025-08-21,US0378331005,AAPL.US,224.4722
2025-08-22,US0378331005,AAPL.US,227.3267
2025-08-25,US0378331005,AAPL.US,226.7279
2025-08-26,US0378331005,AAPL.US,228.8738
2025-08-27,US0378331005,AAPL.US,230.0515
2025-08-28,US0378331005,AAPL.US,232.1176
2025-08-29,US0378331005,AAPL.US,231.6984
2025-09-02,US0378331005,AAPL.US,229.283
2025-09-03,US0378331005,AAPL.US,238.0163
2025-09-04,US0378331005,AAPL.US,239.3238
2025-09-05,US0378331005,AAPL.US,239.234
2025-09-08,US0378331005,AAPL.US,237.4275
2025-09-09,US0378331005,AAPL.US,233.9042
2025-09-10,US0378331005,AAPL.US,226.3586
2025-09-11,US0378331005,AAPL.US,229.5924
2025-09-12,US0378331005,AAPL.US,233.6247
2025-09-15,US0378331005,AAPL.US,236.2497
2025-09-16,US0378331005,AAPL.US,237.6969
2025-09-17,US0378331005,AAPL.US,238.5353
2025-09-18,US0378331005,AAPL.US,237.4275
2025-09-19,US0378331005,AAPL.US,245.033
2025-09-22,US0378331005,AAPL.US,255.5928
2025-09-23,US0378331005,AAPL.US,253.946
2025-09-24,US0378331005,AAPL.US,251.83
2025-09-25,US0378331005,AAPL.US,256.3813
2025-09-26,US0378331005,AAPL.US,254.974
2025-09-29,US0378331005,AAPL.US,253.946
2025-09-30,US0378331005,AAPL.US,254.1456
2025-10-01,US0378331005,AAPL.US,254.964
2025-10-02,US0378331005,AAPL.US,256.6408
2025-10-03,US0378331005,AAPL.US,257.5291
2025-10-06,US0378331005,AAPL.US,256.2017
2025-10-07,US0378331005,AAPL.US,255.9921
2025-10-08,US0378331005,AAPL.US,257.5691
2025-10-09,US0378331005,AAPL.US,253.5567
2025-10-10,US0378331005,AAPL.US,244.8034
2025-10-13,US0378331005,AAPL.US,247.1889
2025-10-14,US0378331005,AAPL.US,247.2986
2025-10-15,US0378331005,AAPL.US,248.8657
2025-10-16,US0378331005,AAPL.US,246.9793
2025-10-17,US0378331005,AAPL.US,251.81
2025-10-20,US0378331005,AAPL.US,261.7411
2025-10-21,US0378331005,AAPL.US,262.2701
2025-10-22,US0378331005,AAPL.US,257.9583
2025-10-23,US0378331005,AAPL.US,259.0862
2025-10-24,US0378331005,AAPL.US,262.32
2025-10-27,US0378331005,AAPL.US,268.2986
2025-10-28,US0378331005,AAPL.US,268.4883
2025-10-29,US0378331005,AAPL.US,269.1869
2025-10-30,US0378331005,AAPL.US,270.8837
2025-10-31,US0378331005,AAPL.US,269.8556
2025-11-03,US0378331005,AAPL.US,268.5382
2025-11-04,US0378331005,AAPL.US,269.5263
2025-11-05,US0378331005,AAPL.US,269.6261
2025-11-06,US0378331005,AAPL.US,269.2568
2025-11-07,US0378331005,AAPL.US,267.9593
2025-11-10,US0378331005,AAPL.US,269.1781
2025-11-11,US0378331005,AAPL.US,274.9927
2025-11-12,US0378331005,AAPL.US,273.2143
2025-11-13,US0378331005,AAPL.US,272.6948
2025-11-14,US0378331005,AAPL.US,272.1553
2025-11-17,US0378331005,AAPL.US,267.21
2025-11-18,US0378331005,AAPL.US,267.19
2025-11-19,US0378331005,AAPL.US,268.3089
2025-11-20,US0378331005,AAPL.US,266.0011
2025-11-21,US0378331005,AAPL.US,271.2362
2025-11-24,US0378331005,AAPL.US,275.6621
2025-11-25,US0378331005,AAPL.US,276.7111
2025-11-26,US0378331005,AAPL.US,277.2905
2025-11-28,US0378331005,AAPL.US,278.5893
2025-12-01,US0378331005,AAPL.US,282.8353
2025-12-02,US0378331005,AAPL.US,285.9225
2025-12-03,US0378331005,AAPL.US,283.8844
2025-12-04,US0378331005,AAPL.US,280.4376
2025-12-05,US0378331005,AAPL.US,278.5194
2025-12-08,US0378331005,AAPL.US,277.6302
2025-12-09,US0378331005,AAPL.US,276.9209
2025-12-10,US0378331005,AAPL.US,278.5194
2025-12-11,US0378331005,AAPL.US,277.7701
2025-12-12,US0378331005,AAPL.US,278.0199
2025-12-15,US0378331005,AAPL.US,273.8537
2025-12-16,US0378331005,AAPL.US,274.3533
2025-12-17,US0378331005,AAPL.US,271.5859
2025-12-18,US0378331005,AAPL.US,271.9355
2025-12-19,US0378331005,AAPL.US,273.4142
2025-12-22,US0378331005,AAPL.US,270.7167
2025-12-23,US0378331005,AAPL.US,272.1054
2025-12-24,US0378331005,AAPL.US,273.554
2025-12-26,US0378331005,AAPL.US,273.1444
2025-12-29,US0378331005,AAPL.US,273.5041
2025-12-30,US0378331005,AAPL.US,272.8247
2025-12-31,US0378331005,AAPL.US,271.6059
2026-01-02,US0378331005,AAPL.US,270.7566
2026-01-05,US0378331005,AAPL.US,267.0102
2026-01-06,US0378331005,AAPL.US,262.1147
2026-01-07,US0378331005,AAPL.US,260.0866
2026-01-08,US0378331005,AAPL.US,258.7978
2026-01-09,US0378331005,AAPL.US,259.1275
2026-01-12,US0378331005,AAPL.US,260.0067
2026-01-13,US0378331005,AAPL.US,260.806
2026-01-14,US0378331005,AAPL.US,259.717
2026-01-15,US0378331005,AAPL.US,257.9686
2026-01-16,US0378331005,AAPL.US,255.2911
2026-01-20,US0378331005,AAPL.US,246.4694
2026-01-21,US0378331005,AAPL.US,247.4185
2026-01-22,US0378331005,AAPL.US,248.1178
2026-01-23,US0378331005,AAPL.US,247.8081
2026-01-26,US0378331005,AAPL.US,255.1712
2026-01-27,US0378331005,AAPL.US,258.0286
2026-01-28,US0378331005,AAPL.US,256.2003
2026-01-29,US0378331005,AAPL.US,258.0385
2026-01-30,US0378331005,AAPL.US,259.2374
2026-02-02,US0378331005,AAPL.US,269.7576
2026-02-03,US0378331005,AAPL.US,269.2281
2026-02-04,US0378331005,AAPL.US,276.2315
2026-02-05,US0378331005,AAPL.US,275.6521
2026-02-06,US0378331005,AAPL.US,277.86
2026-02-09,US0378331005,AAPL.US,274.62
2026-02-10,US0378331005,AAPL.US,273.68
2026-02-11,US0378331005,AAPL.US,275.5
2026-02-12,US0378331005,AAPL.US,261.73
2026-02-13,US0378331005,AAPL.US,255.78
2026-02-17,US0378331005,AAPL.US,263.88
2026-02-18,US0378331005,AAPL.US,264.35
2026-02-19,US0378331005,AAPL.US,260.58
2026-02-20,US0378331005,AAPL.US,264.58
2026-02-23,US0378331005,AAPL.US,266.18
2026-02-24,US0378331005,AAPL.US,272.14
2026-02-25,US0378331005,AAPL.US,274.23
2026-02-26,US0378331005,AAPL.US,272.95
2026-02-27,US0378331005,AAPL.US,264.18
2026-03-02,US0378331005,AAPL.US,264.72
2026-03-03,US0378331005,AAPL.US,263.75
2026-03-04,US0378331005,AAPL.US,262.52
2026-03-05,US0378331005,AAPL.US,260.29
2026-03-06,US0378331005,AAPL.US,257.46
2026-03-09,US0378331005,AAPL.US,259.88
2026-03-10,US0378331005,AAPL.US,260.83
2026-03-11,US0378331005,AAPL.US,260.81
2026-03-12,US0378331005,AAPL.US,255.76
2026-03-13,US0378331005,AAPL.US,250.12
2026-03-16,US0378331005,AAPL.US,252.82
2026-03-17,US0378331005,AAPL.US,254.23
2026-03-18,US0378331005,AAPL.US,249.94
2026-03-19,US0378331005,AAPL.US,248.96
2026-03-20,US0378331005,AAPL.US,247.99
2026-03-23,US0378331005,AAPL.US,251.49
2026-03-24,US0378331005,AAPL.US,251.64
2026-03-25,US0378331005,AAPL.US,252.62
2026-03-26,US0378331005,AAPL.US,252.89
2026-03-27,US0378331005,AAPL.US,248.8
2026-03-30,US0378331005,AAPL.US,246.63
2026-03-31,US0378331005,AAPL.US,253.79
2026-04-01,US0378331005,AAPL.US,255.63
2026-04-02,US0378331005,AAPL.US,255.92
2026-04-06,US0378331005,AAPL.US,258.86
2026-04-07,US0378331005,AAPL.US,253.5
2026-04-08,US0378331005,AAPL.US,258.9
2026-04-09,US0378331005,AAPL.US,260.49
2026-04-10,US0378331005,AAPL.US,260.48
2026-04-13,US0378331005,AAPL.US,259.2
2026-04-14,US0378331005,AAPL.US,258.83
2026-04-15,US0378331005,AAPL.US,266.43
2026-04-16,US0378331005,AAPL.US,263.4
2026-04-17,US0378331005,AAPL.US,270.23
2026-04-20,US0378331005,AAPL.US,273.05
2026-04-21,US0378331005,AAPL.US,266.17
2026-04-22,US0378331005,AAPL.US,273.17
2026-04-23,US0378331005,AAPL.US,273.43
2026-04-24,US0378331005,AAPL.US,271.06
2020-04-27,US11135F1012,AVGO.US,23.4401
2020-04-28,US11135F1012,AVGO.US,23.1153
2020-04-29,US11135F1012,AVGO.US,24.1011
2020-04-30,US11135F1012,AVGO.US,23.7169
2020-05-01,US11135F1012,AVGO.US,22.6761
2020-05-04,US11135F1012,AVGO.US,22.8996
2020-05-05,US11135F1012,AVGO.US,23.1275
2020-05-06,US11135F1012,AVGO.US,23.0673
2020-05-07,US11135F1012,AVGO.US,23.379
2020-05-08,US11135F1012,AVGO.US,24.0147
2020-05-11,US11135F1012,AVGO.US,24.047
2020-05-12,US11135F1012,AVGO.US,23.4401
2020-05-13,US11135F1012,AVGO.US,22.9774
2020-05-14,US11135F1012,AVGO.US,23.2786
2020-05-15,US11135F1012,AVGO.US,22.7381
2020-05-18,US11135F1012,AVGO.US,23.8837
2020-05-19,US11135F1012,AVGO.US,23.7457
2020-05-20,US11135F1012,AVGO.US,24.3334
2020-05-21,US11135F1012,AVGO.US,23.9946
2020-05-22,US11135F1012,AVGO.US,24.1561
2020-05-26,US11135F1012,AVGO.US,24.625
2020-05-27,US11135F1012,AVGO.US,25.1114
2020-05-28,US11135F1012,AVGO.US,24.7228
2020-05-29,US11135F1012,AVGO.US,25.4327
2020-06-01,US11135F1012,AVGO.US,25.3209
2020-06-02,US11135F1012,AVGO.US,26.0256
2020-06-03,US11135F1012,AVGO.US,27.0271
2020-06-04,US11135F1012,AVGO.US,26.9712
2020-06-05,US11135F1012,AVGO.US,27.6863
2020-06-08,US11135F1012,AVGO.US,27.7248
2020-06-09,US11135F1012,AVGO.US,27.5327
2020-06-10,US11135F1012,AVGO.US,27.5082
2020-06-11,US11135F1012,AVGO.US,25.6492
2020-06-12,US11135F1012,AVGO.US,26.2168
2020-06-15,US11135F1012,AVGO.US,26.5521
2020-06-16,US11135F1012,AVGO.US,27.131
2020-06-17,US11135F1012,AVGO.US,27.3685
2020-06-18,US11135F1012,AVGO.US,27.8287
2020-06-19,US11135F1012,AVGO.US,26.7092
2020-06-22,US11135F1012,AVGO.US,27.6593
2020-06-23,US11135F1012,AVGO.US,27.4617
2020-06-24,US11135F1012,AVGO.US,27.0797
2020-06-25,US11135F1012,AVGO.US,27.2456
2020-06-26,US11135F1012,AVGO.US,27.1185
2020-06-29,US11135F1012,AVGO.US,27.3276
2020-06-30,US11135F1012,AVGO.US,27.8419
2020-07-01,US11135F1012,AVGO.US,27.5878
2020-07-02,US11135F1012,AVGO.US,27.8295
2020-07-06,US11135F1012,AVGO.US,28.1224
2020-07-07,US11135F1012,AVGO.US,27.6222
2020-07-08,US11135F1012,AVGO.US,28.1912
2020-07-09,US11135F1012,AVGO.US,28.3615
2020-07-10,US11135F1012,AVGO.US,28.1798
2020-07-13,US11135F1012,AVGO.US,27.4626
2020-07-14,US11135F1012,AVGO.US,27.7951
2020-07-15,US11135F1012,AVGO.US,27.6805
2020-07-16,US11135F1012,AVGO.US,27.4652
2020-07-17,US11135F1012,AVGO.US,27.5861
2020-07-20,US11135F1012,AVGO.US,27.976
2020-07-21,US11135F1012,AVGO.US,27.7299
2020-07-22,US11135F1012,AVGO.US,27.6822
2020-07-23,US11135F1012,AVGO.US,27.3179
2020-07-24,US11135F1012,AVGO.US,26.9756
2020-07-27,US11135F1012,AVGO.US,27.5834
2020-07-28,US11135F1012,AVGO.US,27.1132
2020-07-29,US11135F1012,AVGO.US,27.2456
2020-07-30,US11135F1012,AVGO.US,27.5323
2020-07-31,US11135F1012,AVGO.US,27.9425
2020-08-03,US11135F1012,AVGO.US,28.3377
2020-08-04,US11135F1012,AVGO.US,28.9693
2020-08-05,US11135F1012,AVGO.US,29.0707
2020-08-06,US11135F1012,AVGO.US,29.0372
2020-08-07,US11135F1012,AVGO.US,28.7523
2020-08-10,US11135F1012,AVGO.US,28.8784
2020-08-11,US11135F1012,AVGO.US,28.5847
2020-08-12,US11135F1012,AVGO.US,29.4324
2020-08-13,US11135F1012,AVGO.US,29.0602
2020-08-14,US11135F1012,AVGO.US,28.919
2020-08-17,US11135F1012,AVGO.US,29.1396
2020-08-18,US11135F1012,AVGO.US,28.9914
2020-08-19,US11135F1012,AVGO.US,29.0416
2020-08-20,US11135F1012,AVGO.US,29.0081
2020-08-21,US11135F1012,AVGO.US,29.1131
2020-08-24,US11135F1012,AVGO.US,29.4642
2020-08-25,US11135F1012,AVGO.US,29.653
2020-08-26,US11135F1012,AVGO.US,29.9644
2020-08-27,US11135F1012,AVGO.US,29.9176
2020-08-28,US11135F1012,AVGO.US,30.4187
2020-08-31,US11135F1012,AVGO.US,30.6242
2020-09-01,US11135F1012,AVGO.US,31.7172
2020-09-02,US11135F1012,AVGO.US,33.0819
2020-09-03,US11135F1012,AVGO.US,31.06
2020-09-04,US11135F1012,AVGO.US,32.018
2020-09-08,US11135F1012,AVGO.US,30.9233
2020-09-09,US11135F1012,AVGO.US,31.7605
2020-09-10,US11135F1012,AVGO.US,31.5002
2020-09-11,US11135F1012,AVGO.US,31.7313
2020-09-14,US11135F1012,AVGO.US,31.9519
2020-09-15,US11135F1012,AVGO.US,32.3674
2020-09-16,US11135F1012,AVGO.US,32.3789
2020-09-17,US11135F1012,AVGO.US,32.28
2020-09-18,US11135F1012,AVGO.US,31.734
2020-09-21,US11135F1012,AVGO.US,31.3165
2020-09-22,US11135F1012,AVGO.US,32.1889
2020-09-23,US11135F1012,AVGO.US,31.2987
2020-09-24,US11135F1012,AVGO.US,31.3815
2020-09-25,US11135F1012,AVGO.US,31.7625
2020-09-28,US11135F1012,AVGO.US,32.6972
2020-09-29,US11135F1012,AVGO.US,32.4266
2020-09-30,US11135F1012,AVGO.US,32.4319
2020-10-01,US11135F1012,AVGO.US,32.8129
2020-10-02,US11135F1012,AVGO.US,31.7651
2020-10-05,US11135F1012,AVGO.US,32.5904
2020-10-06,US11135F1012,AVGO.US,32.4016
2020-10-07,US11135F1012,AVGO.US,32.6473
2020-10-08,US11135F1012,AVGO.US,33.234
2020-10-09,US11135F1012,AVGO.US,33.534
2020-10-12,US11135F1012,AVGO.US,34.0441
2020-10-13,US11135F1012,AVGO.US,33.9604
2020-10-14,US11135F1012,AVGO.US,33.8545
2020-10-15,US11135F1012,AVGO.US,33.8215
2020-10-16,US11135F1012,AVGO.US,33.7076
2020-10-19,US11135F1012,AVGO.US,33.4512
2020-10-20,US11135F1012,AVGO.US,33.5598
2020-10-21,US11135F1012,AVGO.US,33.12
2020-10-22,US11135F1012,AVGO.US,33.2375
2020-10-23,US11135F1012,AVGO.US,33.1797
2020-10-26,US11135F1012,AVGO.US,32.318
2020-10-27,US11135F1012,AVGO.US,32.0117
2020-10-28,US11135F1012,AVGO.US,30.9088
2020-10-29,US11135F1012,AVGO.US,31.6031
2020-10-30,US11135F1012,AVGO.US,31.1242
2020-11-02,US11135F1012,AVGO.US,31.2684
2020-11-03,US11135F1012,AVGO.US,31.4919
2020-11-04,US11135F1012,AVGO.US,32.4595
2020-11-05,US11135F1012,AVGO.US,33.9052
2020-11-06,US11135F1012,AVGO.US,33.8829
2020-11-09,US11135F1012,AVGO.US,33.4307
2020-11-10,US11135F1012,AVGO.US,32.326
2020-11-11,US11135F1012,AVGO.US,33.4645
2020-11-12,US11135F1012,AVGO.US,32.9554
2020-11-13,US11135F1012,AVGO.US,33.2491
2020-11-16,US11135F1012,AVGO.US,33.8999
2020-11-17,US11135F1012,AVGO.US,33.8812
2020-11-18,US11135F1012,AVGO.US,33.8829
2020-11-19,US11135F1012,AVGO.US,34.2132
2020-11-20,US11135F1012,AVGO.US,34.1242
2020-11-23,US11135F1012,AVGO.US,34.4509
2020-11-24,US11135F1012,AVGO.US,34.9165
2020-11-25,US11135F1012,AVGO.US,34.7918
2020-11-27,US11135F1012,AVGO.US,35.1586
2020-11-30,US11135F1012,AVGO.US,35.7488
2020-12-01,US11135F1012,AVGO.US,36.015
2020-12-02,US11135F1012,AVGO.US,35.9402
2020-12-03,US11135F1012,AVGO.US,35.5904
2020-12-04,US11135F1012,AVGO.US,36.6479
2020-12-07,US11135F1012,AVGO.US,37.4678
2020-12-08,US11135F1012,AVGO.US,37.6921
2020-12-09,US11135F1012,AVGO.US,37.0521
2020-12-10,US11135F1012,AVGO.US,36.5019
2020-12-11,US11135F1012,AVGO.US,36.1263
2020-12-14,US11135F1012,AVGO.US,36.6586
2020-12-15,US11135F1012,AVGO.US,37.2159
2020-12-16,US11135F1012,AVGO.US,37.8248
2020-12-17,US11135F1012,AVGO.US,37.9316
2020-12-18,US11135F1012,AVGO.US,39.0143
2020-12-21,US11135F1012,AVGO.US,38.5044
2020-12-22,US11135F1012,AVGO.US,38.8832
2020-12-23,US11135F1012,AVGO.US,38.1973
2020-12-24,US11135F1012,AVGO.US,38.736
2020-12-28,US11135F1012,AVGO.US,38.7737
2020-12-29,US11135F1012,AVGO.US,38.5187
2020-12-30,US11135F1012,AVGO.US,39.0386
2020-12-31,US11135F1012,AVGO.US,39.3097
2021-01-04,US11135F1012,AVGO.US,38.1758
2021-01-05,US11135F1012,AVGO.US,38.4344
2021-01-06,US11135F1012,AVGO.US,38.1973
2021-01-07,US11135F1012,AVGO.US,39.8071
2021-01-08,US11135F1012,AVGO.US,40.0091
2021-01-11,US11135F1012,AVGO.US,40.0198
2021-01-12,US11135F1012,AVGO.US,40.3457
2021-01-13,US11135F1012,AVGO.US,40.5091
2021-01-14,US11135F1012,AVGO.US,40.5864
2021-01-15,US11135F1012,AVGO.US,40.0279
2021-01-19,US11135F1012,AVGO.US,41.2328
2021-01-20,US11135F1012,AVGO.US,41.4671
2021-01-21,US11135F1012,AVGO.US,41.9106
2021-01-22,US11135F1012,AVGO.US,41.749
2021-01-25,US11135F1012,AVGO.US,41.7283
2021-01-26,US11135F1012,AVGO.US,41.6457
2021-01-27,US11135F1012,AVGO.US,39.9247
2021-01-28,US11135F1012,AVGO.US,40.5567
2021-01-29,US11135F1012,AVGO.US,40.4454
2021-02-01,US11135F1012,AVGO.US,41.9034
2021-02-02,US11135F1012,AVGO.US,42.8138
2021-02-03,US11135F1012,AVGO.US,41.7643
2021-02-04,US11135F1012,AVGO.US,42.2526
2021-02-05,US11135F1012,AVGO.US,41.8379
2021-02-08,US11135F1012,AVGO.US,42.4385
2021-02-09,US11135F1012,AVGO.US,42.6118
2021-02-10,US11135F1012,AVGO.US,42.2006
2021-02-11,US11135F1012,AVGO.US,42.9493
2021-02-12,US11135F1012,AVGO.US,43.6613
2021-02-16,US11135F1012,AVGO.US,43.9136
2021-02-17,US11135F1012,AVGO.US,43.3165
2021-02-18,US11135F1012,AVGO.US,43.3866
2021-02-19,US11135F1012,AVGO.US,43.9881
2021-02-22,US11135F1012,AVGO.US,42.7671
2021-02-23,US11135F1012,AVGO.US,42.3667
2021-02-24,US11135F1012,AVGO.US,43.1729
2021-02-25,US11135F1012,AVGO.US,41.0433
2021-02-26,US11135F1012,AVGO.US,42.1844
2021-03-01,US11135F1012,AVGO.US,43.954
2021-03-02,US11135F1012,AVGO.US,43.1397
2021-03-03,US11135F1012,AVGO.US,41.573
2021-03-04,US11135F1012,AVGO.US,39.825
2021-03-05,US11135F1012,AVGO.US,40.4131
2021-03-08,US11135F1012,AVGO.US,37.8194
2021-03-09,US11135F1012,AVGO.US,39.8259
2021-03-10,US11135F1012,AVGO.US,39.2864
2021-03-11,US11135F1012,AVGO.US,40.7318
2021-03-12,US11135F1012,AVGO.US,40.5056
2021-03-15,US11135F1012,AVGO.US,42.2652
2021-03-16,US11135F1012,AVGO.US,42.9305
2021-03-17,US11135F1012,AVGO.US,43.4162
2021-03-18,US11135F1012,AVGO.US,41.6709
2021-03-19,US11135F1012,AVGO.US,42.9295
2021-03-22,US11135F1012,AVGO.US,43.0037
2021-03-23,US11135F1012,AVGO.US,41.9885
2021-03-24,US11135F1012,AVGO.US,41.3741
2021-03-25,US11135F1012,AVGO.US,41.7749
2021-03-26,US11135F1012,AVGO.US,43.6153
2021-03-29,US11135F1012,AVGO.US,42.763
2021-03-30,US11135F1012,AVGO.US,41.2737
2021-03-31,US11135F1012,AVGO.US,41.9523
2021-04-01,US11135F1012,AVGO.US,43.0643
2021-04-05,US11135F1012,AVGO.US,44.198
2021-04-06,US11135F1012,AVGO.US,43.7809
2021-04-07,US11135F1012,AVGO.US,43.6533
2021-04-08,US11135F1012,AVGO.US,43.9266
2021-04-09,US11135F1012,AVGO.US,43.8913
2021-04-12,US11135F1012,AVGO.US,43.7628
2021-04-13,US11135F1012,AVGO.US,43.8795
2021-04-14,US11135F1012,AVGO.US,43.1864
2021-04-15,US11135F1012,AVGO.US,43.4307
2021-04-16,US11135F1012,AVGO.US,43.3212
2021-04-19,US11135F1012,AVGO.US,41.8021
2021-04-20,US11135F1012,AVGO.US,41.3732
2021-04-21,US11135F1012,AVGO.US,41.6021
2021-04-22,US11135F1012,AVGO.US,41.1787
2021-04-23,US11135F1012,AVGO.US,42.1758
2021-04-26,US11135F1012,AVGO.US,42.6933
2021-04-27,US11135F1012,AVGO.US,42.1957
2021-04-28,US11135F1012,AVGO.US,41.5487
2021-04-29,US11135F1012,AVGO.US,42.1902
2021-04-30,US11135F1012,AVGO.US,41.2773
2021-05-03,US11135F1012,AVGO.US,40.729
2021-05-04,US11135F1012,AVGO.US,40.2223
2021-05-05,US11135F1012,AVGO.US,40.158
2021-05-06,US11135F1012,AVGO.US,40.5878
2021-05-07,US11135F1012,AVGO.US,40.9498
2021-05-10,US11135F1012,AVGO.US,39.4586
2021-05-11,US11135F1012,AVGO.US,39.8178
2021-05-12,US11135F1012,AVGO.US,38.2172
2021-05-13,US11135F1012,AVGO.US,38.961
2021-05-14,US11135F1012,AVGO.US,39.9581
2021-05-17,US11135F1012,AVGO.US,39.8061
2021-05-18,US11135F1012,AVGO.US,39.2451
2021-05-19,US11135F1012,AVGO.US,39.9671
2021-05-20,US11135F1012,AVGO.US,41.1687
2021-05-21,US11135F1012,AVGO.US,40.8285
2021-05-24,US11135F1012,AVGO.US,41.5478
2021-05-25,US11135F1012,AVGO.US,41.5795
2021-05-26,US11135F1012,AVGO.US,41.6655
2021-05-27,US11135F1012,AVGO.US,42.316
2021-05-28,US11135F1012,AVGO.US,42.7367
2021-06-01,US11135F1012,AVGO.US,42.373
2021-06-02,US11135F1012,AVGO.US,42.8634
2021-06-03,US11135F1012,AVGO.US,42.0554
2021-06-04,US11135F1012,AVGO.US,42.9783
2021-06-07,US11135F1012,AVGO.US,41.9631
2021-06-08,US11135F1012,AVGO.US,41.9405
2021-06-09,US11135F1012,AVGO.US,41.9767
2021-06-10,US11135F1012,AVGO.US,42.4056
2021-06-11,US11135F1012,AVGO.US,42.5893
2021-06-14,US11135F1012,AVGO.US,43.0534
2021-06-15,US11135F1012,AVGO.US,42.5929
2021-06-16,US11135F1012,AVGO.US,42.1414
2021-06-17,US11135F1012,AVGO.US,42.6318
2021-06-18,US11135F1012,AVGO.US,41.9378
2021-06-21,US11135F1012,AVGO.US,42.3673
2021-06-22,US11135F1012,AVGO.US,42.3527
2021-06-23,US11135F1012,AVGO.US,42.5542
2021-06-24,US11135F1012,AVGO.US,42.8643
2021-06-25,US11135F1012,AVGO.US,42.1475
2021-06-28,US11135F1012,AVGO.US,43.1141
2021-06-29,US11135F1012,AVGO.US,43.5108
2021-06-30,US11135F1012,AVGO.US,43.4825
2021-07-01,US11135F1012,AVGO.US,42.826
2021-07-02,US11135F1012,AVGO.US,42.6919
2021-07-06,US11135F1012,AVGO.US,43.1579
2021-07-07,US11135F1012,AVGO.US,42.8169
2021-07-08,US11135F1012,AVGO.US,42.9044
2021-07-09,US11135F1012,AVGO.US,43.7871
2021-07-12,US11135F1012,AVGO.US,44.295
2021-07-13,US11135F1012,AVGO.US,44.1364
2021-07-14,US11135F1012,AVGO.US,43.9157
2021-07-15,US11135F1012,AVGO.US,43.5281
2021-07-16,US11135F1012,AVGO.US,42.6828
2021-07-19,US11135F1012,AVGO.US,42.464
2021-07-20,US11135F1012,AVGO.US,42.7302
2021-07-21,US11135F1012,AVGO.US,43.6813
2021-07-22,US11135F1012,AVGO.US,43.436
2021-07-23,US11135F1012,AVGO.US,44.0579
2021-07-26,US11135F1012,AVGO.US,43.975
2021-07-27,US11135F1012,AVGO.US,43.3476
2021-07-28,US11135F1012,AVGO.US,43.5564
2021-07-29,US11135F1012,AVGO.US,44.1455
2021-07-30,US11135F1012,AVGO.US,44.2631
2021-08-02,US11135F1012,AVGO.US,44.1975
2021-08-03,US11135F1012,AVGO.US,44.3899
2021-08-04,US11135F1012,AVGO.US,44.482
2021-08-05,US11135F1012,AVGO.US,44.4701
2021-08-06,US11135F1012,AVGO.US,44.2659
2021-08-09,US11135F1012,AVGO.US,44.1975
2021-08-10,US11135F1012,AVGO.US,43.9768
2021-08-11,US11135F1012,AVGO.US,44.0944
2021-08-12,US11135F1012,AVGO.US,44.1592
2021-08-13,US11135F1012,AVGO.US,44.3324
2021-08-16,US11135F1012,AVGO.US,44.513
2021-08-17,US11135F1012,AVGO.US,43.6512
2021-08-18,US11135F1012,AVGO.US,42.7649
2021-08-19,US11135F1012,AVGO.US,43.1807
2021-08-20,US11135F1012,AVGO.US,43.3303
2021-08-23,US11135F1012,AVGO.US,43.9941
2021-08-24,US11135F1012,AVGO.US,43.9011
2021-08-25,US11135F1012,AVGO.US,44.0817
2021-08-26,US11135F1012,AVGO.US,44.2941
2021-08-27,US11135F1012,AVGO.US,45.2243
2021-08-30,US11135F1012,AVGO.US,45.4933
2021-08-31,US11135F1012,AVGO.US,45.3401
2021-09-01,US11135F1012,AVGO.US,44.9707
2021-09-02,US11135F1012,AVGO.US,44.8558
2021-09-03,US11135F1012,AVGO.US,45.3829
2021-09-07,US11135F1012,AVGO.US,45.2835
2021-09-08,US11135F1012,AVGO.US,45.082
2021-09-09,US11135F1012,AVGO.US,45.0008
2021-09-10,US11135F1012,AVGO.US,45.4258
2021-09-13,US11135F1012,AVGO.US,45.4996
2021-09-14,US11135F1012,AVGO.US,45.765
2021-09-15,US11135F1012,AVGO.US,46.4827
2021-09-16,US11135F1012,AVGO.US,46.2647
2021-09-17,US11135F1012,AVGO.US,46.1416
2021-09-20,US11135F1012,AVGO.US,45.1221
2021-09-21,US11135F1012,AVGO.US,45.101
2021-09-22,US11135F1012,AVGO.US,45.9828
2021-09-23,US11135F1012,AVGO.US,46.3236
2021-09-24,US11135F1012,AVGO.US,46.3806
2021-09-27,US11135F1012,AVGO.US,46.3741
2021-09-28,US11135F1012,AVGO.US,45.1037
2021-09-29,US11135F1012,AVGO.US,44.9623
2021-09-30,US11135F1012,AVGO.US,44.5443
2021-10-01,US11135F1012,AVGO.US,44.7666
2021-10-04,US11135F1012,AVGO.US,43.7195
2021-10-05,US11135F1012,AVGO.US,44.5893
2021-10-06,US11135F1012,AVGO.US,44.898
2021-10-07,US11135F1012,AVGO.US,45.3701
2021-10-08,US11135F1012,AVGO.US,45.2718
2021-10-11,US11135F1012,AVGO.US,45.225
2021-10-12,US11135F1012,AVGO.US,44.5765
2021-10-13,US11135F1012,AVGO.US,44.5517
2021-10-14,US11135F1012,AVGO.US,45.7082
2021-10-15,US11135F1012,AVGO.US,46.2272
2021-10-18,US11135F1012,AVGO.US,46.2373
2021-10-19,US11135F1012,AVGO.US,46.883
2021-10-20,US11135F1012,AVGO.US,46.7912
2021-10-21,US11135F1012,AVGO.US,47.2284
2021-10-22,US11135F1012,AVGO.US,47.3441
2021-10-25,US11135F1012,AVGO.US,47.9559
2021-10-26,US11135F1012,AVGO.US,49.0398
2021-10-27,US11135F1012,AVGO.US,48.0514
2021-10-28,US11135F1012,AVGO.US,48.6448
2021-10-29,US11135F1012,AVGO.US,48.8377
2021-11-01,US11135F1012,AVGO.US,48.5052
2021-11-02,US11135F1012,AVGO.US,49.3338
2021-11-03,US11135F1012,AVGO.US,49.8206
2021-11-04,US11135F1012,AVGO.US,50.3947
2021-11-05,US11135F1012,AVGO.US,51.3409
2021-11-08,US11135F1012,AVGO.US,51.3436
2021-11-09,US11135F1012,AVGO.US,51.238
2021-11-10,US11135F1012,AVGO.US,50.4085
2021-11-11,US11135F1012,AVGO.US,51.0175
2021-11-12,US11135F1012,AVGO.US,51.7358
2021-11-15,US11135F1012,AVGO.US,51.9701
2021-11-16,US11135F1012,AVGO.US,52.2456
2021-11-17,US11135F1012,AVGO.US,52.3256
2021-11-18,US11135F1012,AVGO.US,52.8005
2021-11-19,US11135F1012,AVGO.US,52.2411
2021-11-22,US11135F1012,AVGO.US,50.8228
2021-11-23,US11135F1012,AVGO.US,50.9918
2021-11-24,US11135F1012,AVGO.US,51.3234
2021-11-26,US11135F1012,AVGO.US,50.2083
2021-11-29,US11135F1012,AVGO.US,51.8387
2021-11-30,US11135F1012,AVGO.US,50.8595
2021-12-01,US11135F1012,AVGO.US,50.9587
2021-12-02,US11135F1012,AVGO.US,50.7465
2021-12-03,US11135F1012,AVGO.US,51.2674
2021-12-06,US11135F1012,AVGO.US,51.8975
2021-12-07,US11135F1012,AVGO.US,54.2325
2021-12-08,US11135F1012,AVGO.US,54.0635
2021-12-09,US11135F1012,AVGO.US,53.5914
2021-12-10,US11135F1012,AVGO.US,58.0244
2021-12-13,US11135F1012,AVGO.US,57.104
2021-12-14,US11135F1012,AVGO.US,56.4839
2021-12-15,US11135F1012,AVGO.US,58.7758
2021-12-16,US11135F1012,AVGO.US,57.014
2021-12-17,US11135F1012,AVGO.US,58.3257
2021-12-20,US11135F1012,AVGO.US,59.2507
2021-12-21,US11135F1012,AVGO.US,59.7416
2021-12-22,US11135F1012,AVGO.US,60.5699
2021-12-23,US11135F1012,AVGO.US,61.4573
2021-12-27,US11135F1012,AVGO.US,62.3337
2021-12-28,US11135F1012,AVGO.US,61.8456
2021-12-29,US11135F1012,AVGO.US,62.1793
2021-12-30,US11135F1012,AVGO.US,61.4832
2021-12-31,US11135F1012,AVGO.US,61.5137
2022-01-03,US11135F1012,AVGO.US,61.3205
2022-01-04,US11135F1012,AVGO.US,62.0231
2022-01-05,US11135F1012,AVGO.US,59.442
2022-01-06,US11135F1012,AVGO.US,58.8901
2022-01-07,US11135F1012,AVGO.US,57.2372
2022-01-10,US11135F1012,AVGO.US,57.423
2022-01-11,US11135F1012,AVGO.US,57.5053
2022-01-12,US11135F1012,AVGO.US,57.5007
2022-01-13,US11135F1012,AVGO.US,55.2071
2022-01-14,US11135F1012,AVGO.US,55.1313
2022-01-18,US11135F1012,AVGO.US,53.4137
2022-01-19,US11135F1012,AVGO.US,52.1361
2022-01-20,US11135F1012,AVGO.US,50.6339
2022-01-21,US11135F1012,AVGO.US,49.2944
2022-01-24,US11135F1012,AVGO.US,50.0663
2022-01-25,US11135F1012,AVGO.US,49.3785
2022-01-26,US11135F1012,AVGO.US,51.5029
2022-01-27,US11135F1012,AVGO.US,50.1338
2022-01-28,US11135F1012,AVGO.US,51.7784
2022-01-31,US11135F1012,AVGO.US,54.1616
2022-02-01,US11135F1012,AVGO.US,54.7939
2022-02-02,US11135F1012,AVGO.US,55.784
2022-02-03,US11135F1012,AVGO.US,53.6966
2022-02-04,US11135F1012,AVGO.US,54.5573
2022-02-07,US11135F1012,AVGO.US,54.3234
2022-02-08,US11135F1012,AVGO.US,55.4873
2022-02-09,US11135F1012,AVGO.US,56.5152
2022-02-10,US11135F1012,AVGO.US,54.6682
2022-02-11,US11135F1012,AVGO.US,53.0097
2022-02-14,US11135F1012,AVGO.US,53.4867
2022-02-15,US11135F1012,AVGO.US,55.723
2022-02-16,US11135F1012,AVGO.US,55.209
2022-02-17,US11135F1012,AVGO.US,53.5256
2022-02-18,US11135F1012,AVGO.US,53.6171
2022-02-22,US11135F1012,AVGO.US,53.3832
2022-02-23,US11135F1012,AVGO.US,52.2489
2022-02-24,US11135F1012,AVGO.US,53.618
2022-02-25,US11135F1012,AVGO.US,54.3585
2022-02-28,US11135F1012,AVGO.US,54.3058
2022-03-01,US11135F1012,AVGO.US,52.7047
2022-03-02,US11135F1012,AVGO.US,54.1523
2022-03-03,US11135F1012,AVGO.US,53.4886
2022-03-04,US11135F1012,AVGO.US,55.0962
2022-03-07,US11135F1012,AVGO.US,52.7583
2022-03-08,US11135F1012,AVGO.US,53.2436
2022-03-09,US11135F1012,AVGO.US,55.1914
2022-03-10,US11135F1012,AVGO.US,54.3326
2022-03-11,US11135F1012,AVGO.US,53.4193
2022-03-14,US11135F1012,AVGO.US,52.4902
2022-03-15,US11135F1012,AVGO.US,54.7976
2022-03-16,US11135F1012,AVGO.US,56.1251
2022-03-17,US11135F1012,AVGO.US,55.7137
2022-03-18,US11135F1012,AVGO.US,56.4293
2022-03-21,US11135F1012,AVGO.US,55.9621
2022-03-22,US11135F1012,AVGO.US,56.8974
2022-03-23,US11135F1012,AVGO.US,55.7843
2022-03-24,US11135F1012,AVGO.US,58.3018
2022-03-25,US11135F1012,AVGO.US,58.5289
2022-03-28,US11135F1012,AVGO.US,58.9021
2022-03-29,US11135F1012,AVGO.US,59.7016
2022-03-30,US11135F1012,AVGO.US,58.7355
2022-03-31,US11135F1012,AVGO.US,58.6043
2022-04-01,US11135F1012,AVGO.US,58.353
2022-04-04,US11135F1012,AVGO.US,59.0855
2022-04-05,US11135F1012,AVGO.US,57.1561
2022-04-06,US11135F1012,AVGO.US,56.0281
2022-04-07,US11135F1012,AVGO.US,56.1259
2022-04-08,US11135F1012,AVGO.US,54.6321
2022-04-11,US11135F1012,AVGO.US,54.0374
2022-04-12,US11135F1012,AVGO.US,54.4525
2022-04-13,US11135F1012,AVGO.US,55.1477
2022-04-14,US11135F1012,AVGO.US,53.4082
2022-04-18,US11135F1012,AVGO.US,54.5855
2022-04-19,US11135F1012,AVGO.US,55.6205
2022-04-20,US11135F1012,AVGO.US,55.6298
2022-04-21,US11135F1012,AVGO.US,55.1654
2022-04-22,US11135F1012,AVGO.US,54.6274
2022-04-25,US11135F1012,AVGO.US,54.714
2022-04-26,US11135F1012,AVGO.US,52.1257
2022-04-27,US11135F1012,AVGO.US,52.0764
2022-04-28,US11135F1012,AVGO.US,53.8819
2022-04-29,US11135F1012,AVGO.US,51.5971
2022-05-02,US11135F1012,AVGO.US,53.6409
2022-05-03,US11135F1012,AVGO.US,54.0895
2022-05-04,US11135F1012,AVGO.US,56.1826
2022-05-05,US11135F1012,AVGO.US,53.9797
2022-05-06,US11135F1012,AVGO.US,53.9899
2022-05-09,US11135F1012,AVGO.US,52.391
2022-05-10,US11135F1012,AVGO.US,54.11
2022-05-11,US11135F1012,AVGO.US,52.7809
2022-05-12,US11135F1012,AVGO.US,53.196
2022-05-13,US11135F1012,AVGO.US,54.7475
2022-05-16,US11135F1012,AVGO.US,54.2291
2022-05-17,US11135F1012,AVGO.US,56.6005
2022-05-18,US11135F1012,AVGO.US,53.1029
2022-05-19,US11135F1012,AVGO.US,50.8358
2022-05-20,US11135F1012,AVGO.US,50.5547
2022-05-23,US11135F1012,AVGO.US,48.9883
2022-05-24,US11135F1012,AVGO.US,48.7873
2022-05-25,US11135F1012,AVGO.US,49.4788
2022-05-26,US11135F1012,AVGO.US,51.2499
2022-05-27,US11135F1012,AVGO.US,54.2859
2022-05-31,US11135F1012,AVGO.US,53.9927
2022-06-01,US11135F1012,AVGO.US,53.3868
2022-06-02,US11135F1012,AVGO.US,53.6772
2022-06-03,US11135F1012,AVGO.US,52.4282
2022-06-06,US11135F1012,AVGO.US,52.2337
2022-06-07,US11135F1012,AVGO.US,53.3282
2022-06-08,US11135F1012,AVGO.US,52.618
2022-06-09,US11135F1012,AVGO.US,51.7674
2022-06-10,US11135F1012,AVGO.US,50.376
2022-06-13,US11135F1012,AVGO.US,48.1749
2022-06-14,US11135F1012,AVGO.US,48.4122
2022-06-15,US11135F1012,AVGO.US,49.0209
2022-06-16,US11135F1012,AVGO.US,46.2725
2022-06-17,US11135F1012,AVGO.US,46.4094
2022-06-21,US11135F1012,AVGO.US,47.2706
2022-06-22,US11135F1012,AVGO.US,46.5509
2022-06-23,US11135F1012,AVGO.US,46.5959
2022-06-24,US11135F1012,AVGO.US,47.7698
2022-06-27,US11135F1012,AVGO.US,47.4526
2022-06-28,US11135F1012,AVGO.US,46.7714
2022-06-29,US11135F1012,AVGO.US,46.017
2022-06-30,US11135F1012,AVGO.US,45.5853
2022-07-01,US11135F1012,AVGO.US,44.8375
2022-07-05,US11135F1012,AVGO.US,44.693
2022-07-06,US11135F1012,AVGO.US,45.2851
2022-07-07,US11135F1012,AVGO.US,46.7798
2022-07-08,US11135F1012,AVGO.US,46.7939
2022-07-11,US11135F1012,AVGO.US,45.3085
2022-07-12,US11135F1012,AVGO.US,45.1687
2022-07-13,US11135F1012,AVGO.US,45.2025
2022-07-14,US11135F1012,AVGO.US,45.4755
2022-07-15,US11135F1012,AVGO.US,46.397
2022-07-18,US11135F1012,AVGO.US,46.078
2022-07-19,US11135F1012,AVGO.US,47.7613
2022-07-20,US11135F1012,AVGO.US,48.0213
2022-07-21,US11135F1012,AVGO.US,48.5758
2022-07-22,US11135F1012,AVGO.US,48.0916
2022-07-25,US11135F1012,AVGO.US,48.147
2022-07-26,US11135F1012,AVGO.US,47.9574
2022-07-27,US11135F1012,AVGO.US,49.5245
2022-07-28,US11135F1012,AVGO.US,50.0706
2022-07-29,US11135F1012,AVGO.US,50.2461
2022-08-01,US11135F1012,AVGO.US,50.3296
2022-08-02,US11135F1012,AVGO.US,49.8454
2022-08-03,US11135F1012,AVGO.US,51.3026
2022-08-04,US11135F1012,AVGO.US,51.8713
2022-08-05,US11135F1012,AVGO.US,51.7436
2022-08-08,US11135F1012,AVGO.US,51.1891
2022-08-09,US11135F1012,AVGO.US,49.9946
2022-08-10,US11135F1012,AVGO.US,51.647
2022-08-11,US11135F1012,AVGO.US,51.1797
2022-08-12,US11135F1012,AVGO.US,52.3808
2022-08-15,US11135F1012,AVGO.US,52.4493
2022-08-16,US11135F1012,AVGO.US,51.7633
2022-08-17,US11135F1012,AVGO.US,50.5379
2022-08-18,US11135F1012,AVGO.US,52.4014
2022-08-19,US11135F1012,AVGO.US,51.4612
2022-08-22,US11135F1012,AVGO.US,49.6146
2022-08-23,US11135F1012,AVGO.US,49.7112
2022-08-24,US11135F1012,AVGO.US,49.8107
2022-08-25,US11135F1012,AVGO.US,51.6207
2022-08-26,US11135F1012,AVGO.US,48.8742
2022-08-29,US11135F1012,AVGO.US,48.2474
2022-08-30,US11135F1012,AVGO.US,47.5164
2022-08-31,US11135F1012,AVGO.US,46.8333
2022-09-01,US11135F1012,AVGO.US,46.1671
2022-09-02,US11135F1012,AVGO.US,46.9375
2022-09-06,US11135F1012,AVGO.US,46.7479
2022-09-07,US11135F1012,AVGO.US,47.3982
2022-09-08,US11135F1012,AVGO.US,48.0363
2022-09-09,US11135F1012,AVGO.US,49.0187
2022-09-12,US11135F1012,AVGO.US,49.6436
2022-09-13,US11135F1012,AVGO.US,47.2593
2022-09-14,US11135F1012,AVGO.US,47.9255
2022-09-15,US11135F1012,AVGO.US,46.93
2022-09-16,US11135F1012,AVGO.US,47.1514
2022-09-19,US11135F1012,AVGO.US,47.0895
2022-09-20,US11135F1012,AVGO.US,46.2656
2022-09-21,US11135F1012,AVGO.US,45.6203
2022-09-22,US11135F1012,AVGO.US,45.1917
2022-09-23,US11135F1012,AVGO.US,44.3467
2022-09-26,US11135F1012,AVGO.US,43.7393
2022-09-27,US11135F1012,AVGO.US,43.9749
2022-09-28,US11135F1012,AVGO.US,44.0894
2022-09-29,US11135F1012,AVGO.US,42.5915
2022-09-30,US11135F1012,AVGO.US,42.0124
2022-10-03,US11135F1012,AVGO.US,43.2207
2022-10-04,US11135F1012,AVGO.US,45.4046
2022-10-05,US11135F1012,AVGO.US,45.872
2022-10-06,US11135F1012,AVGO.US,45.3705
2022-10-07,US11135F1012,AVGO.US,43.5708
2022-10-10,US11135F1012,AVGO.US,41.4154
2022-10-11,US11135F1012,AVGO.US,40.7587
2022-10-12,US11135F1012,AVGO.US,40.7407
2022-10-13,US11135F1012,AVGO.US,41.4409
2022-10-14,US11135F1012,AVGO.US,40.4124
2022-10-17,US11135F1012,AVGO.US,41.1949
2022-10-18,US11135F1012,AVGO.US,41.1438
2022-10-19,US11135F1012,AVGO.US,41.1883
2022-10-20,US11135F1012,AVGO.US,40.7152
2022-10-21,US11135F1012,AVGO.US,42.5537
2022-10-24,US11135F1012,AVGO.US,43.1961
2022-10-25,US11135F1012,AVGO.US,43.532
2022-10-26,US11135F1012,AVGO.US,43.6371
2022-10-27,US11135F1012,AVGO.US,43.0902
2022-10-28,US11135F1012,AVGO.US,44.746
2022-10-31,US11135F1012,AVGO.US,44.483
2022-11-01,US11135F1012,AVGO.US,44.2729
2022-11-02,US11135F1012,AVGO.US,43.1498
2022-11-03,US11135F1012,AVGO.US,42.0228
2022-11-04,US11135F1012,AVGO.US,44.0269
2022-11-07,US11135F1012,AVGO.US,44.9655
2022-11-08,US11135F1012,AVGO.US,45.6175
2022-11-09,US11135F1012,AVGO.US,44.4215
2022-11-10,US11135F1012,AVGO.US,47.9319
2022-11-11,US11135F1012,AVGO.US,49.0219
2022-11-14,US11135F1012,AVGO.US,48.5611
2022-11-15,US11135F1012,AVGO.US,49.6209
2022-11-16,US11135F1012,AVGO.US,48.4201
2022-11-17,US11135F1012,AVGO.US,48.4561
2022-11-18,US11135F1012,AVGO.US,48.7447
2022-11-21,US11135F1012,AVGO.US,48.9604
2022-11-22,US11135F1012,AVGO.US,50.1536
2022-11-23,US11135F1012,AVGO.US,50.4933
2022-11-25,US11135F1012,AVGO.US,50.1403
2022-11-28,US11135F1012,AVGO.US,49.4118
2022-11-29,US11135F1012,AVGO.US,49.3342
2022-11-30,US11135F1012,AVGO.US,52.1387
2022-12-01,US11135F1012,AVGO.US,52.1122
2022-12-02,US11135F1012,AVGO.US,51.1708
2022-12-05,US11135F1012,AVGO.US,50.2094
2022-12-06,US11135F1012,AVGO.US,49.7533
2022-12-07,US11135F1012,AVGO.US,49.0607
2022-12-08,US11135F1012,AVGO.US,50.251
2022-12-09,US11135F1012,AVGO.US,51.5417
2022-12-12,US11135F1012,AVGO.US,52.6686
2022-12-13,US11135F1012,AVGO.US,54.0321
2022-12-14,US11135F1012,AVGO.US,54.3538
2022-12-15,US11135F1012,AVGO.US,52.7982
2022-12-16,US11135F1012,AVGO.US,52.6005
2022-12-19,US11135F1012,AVGO.US,52.4402
2022-12-20,US11135F1012,AVGO.US,51.9049
2022-12-21,US11135F1012,AVGO.US,53.5469
2022-12-22,US11135F1012,AVGO.US,52.7703
2022-12-23,US11135F1012,AVGO.US,52.7073
2022-12-27,US11135F1012,AVGO.US,52.8132
2022-12-28,US11135F1012,AVGO.US,51.9879
2022-12-29,US11135F1012,AVGO.US,53.2206
2022-12-30,US11135F1012,AVGO.US,53.3466
2023-01-03,US11135F1012,AVGO.US,52.8075
2023-01-04,US11135F1012,AVGO.US,53.4525
2023-01-05,US11135F1012,AVGO.US,52.9544
2023-01-06,US11135F1012,AVGO.US,56.1421
2023-01-09,US11135F1012,AVGO.US,55.0411
2023-01-10,US11135F1012,AVGO.US,54.8541
2023-01-11,US11135F1012,AVGO.US,55.1603
2023-01-12,US11135F1012,AVGO.US,55.5229
2023-01-13,US11135F1012,AVGO.US,55.2424
2023-01-17,US11135F1012,AVGO.US,55.2653
2023-01-18,US11135F1012,AVGO.US,54.793
2023-01-19,US11135F1012,AVGO.US,53.7368
2023-01-20,US11135F1012,AVGO.US,54.4581
2023-01-23,US11135F1012,AVGO.US,55.4933
2023-01-24,US11135F1012,AVGO.US,55.8177
2023-01-25,US11135F1012,AVGO.US,55.8797
2023-01-26,US11135F1012,AVGO.US,57.1105
2023-01-27,US11135F1012,AVGO.US,56.3863
2023-01-30,US11135F1012,AVGO.US,55.4761
2023-01-31,US11135F1012,AVGO.US,55.8158
2023-02-01,US11135F1012,AVGO.US,57.5084
2023-02-02,US11135F1012,AVGO.US,57.7965
2023-02-03,US11135F1012,AVGO.US,57.0189
2023-02-06,US11135F1012,AVGO.US,57.37
2023-02-07,US11135F1012,AVGO.US,58.6247
2023-02-08,US11135F1012,AVGO.US,57.4091
2023-02-09,US11135F1012,AVGO.US,57.1897
2023-02-10,US11135F1012,AVGO.US,56.602
2023-02-13,US11135F1012,AVGO.US,57.3528
2023-02-14,US11135F1012,AVGO.US,57.4664
2023-02-15,US11135F1012,AVGO.US,57.9797
2023-02-16,US11135F1012,AVGO.US,57.2975
2023-02-17,US11135F1012,AVGO.US,56.8252
2023-02-21,US11135F1012,AVGO.US,55.4847
2023-02-22,US11135F1012,AVGO.US,54.9724
2023-02-23,US11135F1012,AVGO.US,55.7003
2023-02-24,US11135F1012,AVGO.US,55.1231
2023-02-27,US11135F1012,AVGO.US,55.8578
2023-02-28,US11135F1012,AVGO.US,56.7012
2023-03-01,US11135F1012,AVGO.US,56.6325
2023-03-02,US11135F1012,AVGO.US,57.1172
2023-03-03,US11135F1012,AVGO.US,60.3716
2023-03-06,US11135F1012,AVGO.US,60.3869
2023-03-07,US11135F1012,AVGO.US,59.6455
2023-03-08,US11135F1012,AVGO.US,60.3239
2023-03-09,US11135F1012,AVGO.US,59.3946
2023-03-10,US11135F1012,AVGO.US,58.6609
2023-03-13,US11135F1012,AVGO.US,58.8174
2023-03-14,US11135F1012,AVGO.US,60.343
2023-03-15,US11135F1012,AVGO.US,59.7305
2023-03-16,US11135F1012,AVGO.US,60.7284
2023-03-17,US11135F1012,AVGO.US,60.2008
2023-03-20,US11135F1012,AVGO.US,61.4163
2023-03-21,US11135F1012,AVGO.US,61.1896
2023-03-22,US11135F1012,AVGO.US,60.6293
2023-03-23,US11135F1012,AVGO.US,61.4279
2023-03-24,US11135F1012,AVGO.US,61.1338
2023-03-27,US11135F1012,AVGO.US,60.2372
2023-03-28,US11135F1012,AVGO.US,60.0316
2023-03-29,US11135F1012,AVGO.US,60.1085
2023-03-30,US11135F1012,AVGO.US,60.9013
2023-03-31,US11135F1012,AVGO.US,61.6499
2023-04-03,US11135F1012,AVGO.US,61.7392
2023-04-04,US11135F1012,AVGO.US,60.9647
2023-04-05,US11135F1012,AVGO.US,60.4458
2023-04-06,US11135F1012,AVGO.US,59.8336
2023-04-10,US11135F1012,AVGO.US,60.2901
2023-04-11,US11135F1012,AVGO.US,59.7308
2023-04-12,US11135F1012,AVGO.US,59.2628
2023-04-13,US11135F1012,AVGO.US,59.9874
2023-04-14,US11135F1012,AVGO.US,59.5357
2023-04-17,US11135F1012,AVGO.US,60.2872
2023-04-18,US11135F1012,AVGO.US,60.7639
2023-04-19,US11135F1012,AVGO.US,60.9733
2023-04-20,US11135F1012,AVGO.US,60.8311
2023-04-21,US11135F1012,AVGO.US,60.8196
2023-04-24,US11135F1012,AVGO.US,60.9772
2023-04-25,US11135F1012,AVGO.US,59.7741
2023-04-26,US11135F1012,AVGO.US,59.2138
2023-04-27,US11135F1012,AVGO.US,59.4271
2023-04-28,US11135F1012,AVGO.US,60.2046
2023-05-01,US11135F1012,AVGO.US,61.3049
2023-05-02,US11135F1012,AVGO.US,58.8438
2023-05-03,US11135F1012,AVGO.US,58.9265
2023-05-04,US11135F1012,AVGO.US,58.6344
2023-05-05,US11135F1012,AVGO.US,60.5524
2023-05-08,US11135F1012,AVGO.US,60.4506
2023-05-09,US11135F1012,AVGO.US,59.4368
2023-05-10,US11135F1012,AVGO.US,60.1825
2023-05-11,US11135F1012,AVGO.US,60.317
2023-05-12,US11135F1012,AVGO.US,60.6514
2023-05-15,US11135F1012,AVGO.US,61.4827
2023-05-16,US11135F1012,AVGO.US,61.6403
2023-05-17,US11135F1012,AVGO.US,63.1807
2023-05-18,US11135F1012,AVGO.US,65.1439
2023-05-19,US11135F1012,AVGO.US,65.562
2023-05-22,US11135F1012,AVGO.US,65.1891
2023-05-23,US11135F1012,AVGO.US,65.9704
2023-05-24,US11135F1012,AVGO.US,65.3006
2023-05-25,US11135F1012,AVGO.US,70.0353
2023-05-26,US11135F1012,AVGO.US,78.1007
2023-05-30,US11135F1012,AVGO.US,77.1983
2023-05-31,US11135F1012,AVGO.US,77.6423
2023-06-01,US11135F1012,AVGO.US,75.9116
2023-06-02,US11135F1012,AVGO.US,78.0305
2023-06-05,US11135F1012,AVGO.US,77.0984
2023-06-06,US11135F1012,AVGO.US,75.9164
2023-06-07,US11135F1012,AVGO.US,76.1691
2023-06-08,US11135F1012,AVGO.US,77.281
2023-06-09,US11135F1012,AVGO.US,77.3213
2023-06-12,US11135F1012,AVGO.US,82.1973
2023-06-13,US11135F1012,AVGO.US,81.7898
2023-06-14,US11135F1012,AVGO.US,85.159
2023-06-15,US11135F1012,AVGO.US,84.8947
2023-06-16,US11135F1012,AVGO.US,83.4225
2023-06-20,US11135F1012,AVGO.US,83.4148
2023-06-21,US11135F1012,AVGO.US,81.8913
2023-06-22,US11135F1012,AVGO.US,81.386
2023-06-23,US11135F1012,AVGO.US,79.4268
2023-06-26,US11135F1012,AVGO.US,79.3766
2023-06-27,US11135F1012,AVGO.US,81.9628
2023-06-28,US11135F1012,AVGO.US,81.9183
2023-06-29,US11135F1012,AVGO.US,83.3317
2023-06-30,US11135F1012,AVGO.US,83.8012
2023-07-03,US11135F1012,AVGO.US,84.6717
2023-07-05,US11135F1012,AVGO.US,83.2631
2023-07-06,US11135F1012,AVGO.US,81.9241
2023-07-07,US11135F1012,AVGO.US,81.8034
2023-07-10,US11135F1012,AVGO.US,84.7963
2023-07-11,US11135F1012,AVGO.US,85.2137
2023-07-12,US11135F1012,AVGO.US,85.9769
2023-07-13,US11135F1012,AVGO.US,86.0165
2023-07-14,US11135F1012,AVGO.US,85.8445
2023-07-17,US11135F1012,AVGO.US,87.9477
2023-07-18,US11135F1012,AVGO.US,87.2791
2023-07-19,US11135F1012,AVGO.US,87.0801
2023-07-20,US11135F1012,AVGO.US,85.8213
2023-07-21,US11135F1012,AVGO.US,86.6338
2023-07-24,US11135F1012,AVGO.US,87.1014
2023-07-25,US11135F1012,AVGO.US,88.6858
2023-07-26,US11135F1012,AVGO.US,86.2802
2023-07-27,US11135F1012,AVGO.US,86.3227
2023-07-28,US11135F1012,AVGO.US,86.9275
2023-07-31,US11135F1012,AVGO.US,86.8174
2023-08-01,US11135F1012,AVGO.US,88.88
2023-08-02,US11135F1012,AVGO.US,86.2039
2023-08-03,US11135F1012,AVGO.US,85.4967
2023-08-04,US11135F1012,AVGO.US,85.175
2023-08-07,US11135F1012,AVGO.US,86.6638
2023-08-08,US11135F1012,AVGO.US,85.3209
2023-08-09,US11135F1012,AVGO.US,82.1879
2023-08-10,US11135F1012,AVGO.US,81.4314
2023-08-11,US11135F1012,AVGO.US,80.162
2023-08-14,US11135F1012,AVGO.US,82.5134
2023-08-15,US11135F1012,AVGO.US,81.3947
2023-08-16,US11135F1012,AVGO.US,80.474
2023-08-17,US11135F1012,AVGO.US,79.905
2023-08-18,US11135F1012,AVGO.US,79.7833
2023-08-21,US11135F1012,AVGO.US,83.58
2023-08-22,US11135F1012,AVGO.US,82.6767
2023-08-23,US11135F1012,AVGO.US,84.6852
2023-08-24,US11135F1012,AVGO.US,82.5482
2023-08-25,US11135F1012,AVGO.US,82.2932
2023-08-28,US11135F1012,AVGO.US,83.1878
2023-08-29,US11135F1012,AVGO.US,85.9749
2023-08-30,US11135F1012,AVGO.US,86.202
2023-08-31,US11135F1012,AVGO.US,89.1592
2023-09-01,US11135F1012,AVGO.US,84.293
2023-09-05,US11135F1012,AVGO.US,84.2592
2023-09-06,US11135F1012,AVGO.US,84.2688
2023-09-07,US11135F1012,AVGO.US,82.7965
2023-09-08,US11135F1012,AVGO.US,82.8467
2023-09-11,US11135F1012,AVGO.US,83.0004
2023-09-12,US11135F1012,AVGO.US,81.5879
2023-09-13,US11135F1012,AVGO.US,82.4004
2023-09-14,US11135F1012,AVGO.US,84.208
2023-09-15,US11135F1012,AVGO.US,82.2797
2023-09-18,US11135F1012,AVGO.US,82.1173
2023-09-19,US11135F1012,AVGO.US,82.0401
2023-09-20,US11135F1012,AVGO.US,80.6773
2023-09-21,US11135F1012,AVGO.US,78.5199
2023-09-22,US11135F1012,AVGO.US,80.5325
2023-09-25,US11135F1012,AVGO.US,80.9997
2023-09-26,US11135F1012,AVGO.US,79.2805
2023-09-27,US11135F1012,AVGO.US,79.3407
2023-09-28,US11135F1012,AVGO.US,80.8162
2023-09-29,US11135F1012,AVGO.US,80.6782
2023-10-02,US11135F1012,AVGO.US,81.1027
2023-10-03,US11135F1012,AVGO.US,79.1484
2023-10-04,US11135F1012,AVGO.US,80.0206
2023-10-05,US11135F1012,AVGO.US,80.0255
2023-10-06,US11135F1012,AVGO.US,82.1042
2023-10-09,US11135F1012,AVGO.US,83.1357
2023-10-10,US11135F1012,AVGO.US,83.3815
2023-10-11,US11135F1012,AVGO.US,84.9502
2023-10-12,US11135F1012,AVGO.US,87.9653
2023-10-13,US11135F1012,AVGO.US,85.7875
2023-10-16,US11135F1012,AVGO.US,87.671
2023-10-17,US11135F1012,AVGO.US,85.906
2023-10-18,US11135F1012,AVGO.US,86.1615
2023-10-19,US11135F1012,AVGO.US,84.2965
2023-10-20,US11135F1012,AVGO.US,82.9172
2023-10-23,US11135F1012,AVGO.US,83.7516
2023-10-24,US11135F1012,AVGO.US,85.5865
2023-10-25,US11135F1012,AVGO.US,82.5286
2023-10-26,US11135F1012,AVGO.US,80.3062
2023-10-27,US11135F1012,AVGO.US,81.4339
2023-10-30,US11135F1012,AVGO.US,81.7147
2023-10-31,US11135F1012,AVGO.US,81.7263
2023-11-01,US11135F1012,AVGO.US,82.8502
2023-11-02,US11135F1012,AVGO.US,84.6336
2023-11-03,US11135F1012,AVGO.US,85.739
2023-11-06,US11135F1012,AVGO.US,85.5593
2023-11-07,US11135F1012,AVGO.US,87.2096
2023-11-08,US11135F1012,AVGO.US,88.5024
2023-11-09,US11135F1012,AVGO.US,88.5267
2023-11-10,US11135F1012,AVGO.US,93.0085
2023-11-13,US11135F1012,AVGO.US,91.9799
2023-11-14,US11135F1012,AVGO.US,94.5083
2023-11-15,US11135F1012,AVGO.US,94.7453
2023-11-16,US11135F1012,AVGO.US,93.2057
2023-11-17,US11135F1012,AVGO.US,94.9716
2023-11-20,US11135F1012,AVGO.US,96.7181
2023-11-21,US11135F1012,AVGO.US,95.3087
2023-11-22,US11135F1012,AVGO.US,94.415
2023-11-24,US11135F1012,AVGO.US,95.0824
2023-11-27,US11135F1012,AVGO.US,92.3014
2023-11-28,US11135F1012,AVGO.US,91.9235
2023-11-29,US11135F1012,AVGO.US,91.3873
2023-11-30,US11135F1012,AVGO.US,89.9206
2023-12-01,US11135F1012,AVGO.US,90.3354
2023-12-04,US11135F1012,AVGO.US,89.7497
2023-12-05,US11135F1012,AVGO.US,88.6957
2023-12-06,US11135F1012,AVGO.US,87.7749
2023-12-07,US11135F1012,AVGO.US,89.5836
2023-12-08,US11135F1012,AVGO.US,91.7244
2023-12-11,US11135F1012,AVGO.US,99.975
2023-12-12,US11135F1012,AVGO.US,104.1557
2023-12-13,US11135F1012,AVGO.US,105.8468
2023-12-14,US11135F1012,AVGO.US,107.4787
2023-12-15,US11135F1012,AVGO.US,109.7371
2023-12-18,US11135F1012,AVGO.US,111.4136
2023-12-19,US11135F1012,AVGO.US,111.2019
2023-12-20,US11135F1012,AVGO.US,108.3525
2023-12-21,US11135F1012,AVGO.US,110.0026
2023-12-22,US11135F1012,AVGO.US,109.4844
2023-12-26,US11135F1012,AVGO.US,110.4515
2023-12-27,US11135F1012,AVGO.US,109.8933
2023-12-28,US11135F1012,AVGO.US,109.5264
2023-12-29,US11135F1012,AVGO.US,108.9253
2024-01-02,US11135F1012,AVGO.US,105.913
2024-01-03,US11135F1012,AVGO.US,103.2978
2024-01-04,US11135F1012,AVGO.US,102.3639
2024-01-05,US11135F1012,AVGO.US,102.3903
2024-01-08,US11135F1012,AVGO.US,104.8854
2024-01-09,US11135F1012,AVGO.US,105.631
2024-01-10,US11135F1012,AVGO.US,105.4436
2024-01-11,US11135F1012,AVGO.US,107.3377
2024-01-12,US11135F1012,AVGO.US,108.089
2024-01-16,US11135F1012,AVGO.US,108.7994
2024-01-17,US11135F1012,AVGO.US,107.6977
2024-01-18,US11135F1012,AVGO.US,111.6244
2024-01-19,US11135F1012,AVGO.US,118.1907
2024-01-22,US11135F1012,AVGO.US,119.0982
2024-01-23,US11135F1012,AVGO.US,119.6651
2024-01-24,US11135F1012,AVGO.US,122.3545
2024-01-25,US11135F1012,AVGO.US,120.0252
2024-01-26,US11135F1012,AVGO.US,117.5739
2024-01-29,US11135F1012,AVGO.US,118.8318
2024-01-30,US11135F1012,AVGO.US,117.894
2024-01-31,US11135F1012,AVGO.US,115.1461
2024-02-01,US11135F1012,AVGO.US,117.0987
2024-02-02,US11135F1012,AVGO.US,119.4729
2024-02-05,US11135F1012,AVGO.US,121.3035
2024-02-06,US11135F1012,AVGO.US,119.308
2024-02-07,US11135F1012,AVGO.US,122.6657
2024-02-08,US11135F1012,AVGO.US,124.3929
2024-02-09,US11135F1012,AVGO.US,125.2399
2024-02-12,US11135F1012,AVGO.US,123.4405
2024-02-13,US11135F1012,AVGO.US,122.1378
2024-02-14,US11135F1012,AVGO.US,123.1693
2024-02-15,US11135F1012,AVGO.US,123.4474
2024-02-16,US11135F1012,AVGO.US,121.5358
2024-02-20,US11135F1012,AVGO.US,119.6885
2024-02-21,US11135F1012,AVGO.US,119.7764
2024-02-22,US11135F1012,AVGO.US,127.334
2024-02-23,US11135F1012,AVGO.US,126.5017
2024-02-26,US11135F1012,AVGO.US,127.7468
2024-02-27,US11135F1012,AVGO.US,126.488
2024-02-28,US11135F1012,AVGO.US,125.8235
2024-02-29,US11135F1012,AVGO.US,126.9037
2024-03-01,US11135F1012,AVGO.US,136.533
2024-03-04,US11135F1012,AVGO.US,136.8346
2024-03-05,US11135F1012,AVGO.US,131.0275
2024-03-06,US11135F1012,AVGO.US,131.735
2024-03-07,US11135F1012,AVGO.US,137.2981
2024-03-08,US11135F1012,AVGO.US,127.7068
2024-03-11,US11135F1012,AVGO.US,126.1845
2024-03-12,US11135F1012,AVGO.US,126.0635
2024-03-13,US11135F1012,AVGO.US,122.7448
2024-03-14,US11135F1012,AVGO.US,123.1741
2024-03-15,US11135F1012,AVGO.US,120.5619
2024-03-18,US11135F1012,AVGO.US,120.7317
2024-03-19,US11135F1012,AVGO.US,120.8068
2024-03-20,US11135F1012,AVGO.US,125.0442
2024-03-21,US11135F1012,AVGO.US,132.1
2024-03-22,US11135F1012,AVGO.US,132.636
2024-03-25,US11135F1012,AVGO.US,132.4508
2024-03-26,US11135F1012,AVGO.US,130.4821
2024-03-27,US11135F1012,AVGO.US,129.2316
2024-03-28,US11135F1012,AVGO.US,129.8862
2024-04-01,US11135F1012,AVGO.US,132.3215
2024-04-02,US11135F1012,AVGO.US,131.1945
2024-04-03,US11135F1012,AVGO.US,133.5905
2024-04-04,US11135F1012,AVGO.US,129.1111
2024-04-05,US11135F1012,AVGO.US,131.2602
2024-04-08,US11135F1012,AVGO.US,130.9338
2024-04-09,US11135F1012,AVGO.US,130.7359
2024-04-10,US11135F1012,AVGO.US,129.5883
2024-04-11,US11135F1012,AVGO.US,135.477
2024-04-12,US11135F1012,AVGO.US,131.7149
2024-04-15,US11135F1012,AVGO.US,128.4437
2024-04-16,US11135F1012,AVGO.US,130.2439
2024-04-17,US11135F1012,AVGO.US,125.6939
2024-04-18,US11135F1012,AVGO.US,123.3773
2024-04-19,US11135F1012,AVGO.US,118.058
2024-04-22,US11135F1012,AVGO.US,119.9934
2024-04-23,US11135F1012,AVGO.US,122.4169
2024-04-24,US11135F1012,AVGO.US,123.1646
2024-04-25,US11135F1012,AVGO.US,126.8493
2024-04-26,US11135F1012,AVGO.US,131.7149
2024-04-29,US11135F1012,AVGO.US,131.1808
2024-04-30,US11135F1012,AVGO.US,127.4226
2024-05-01,US11135F1012,AVGO.US,121.7966
2024-05-02,US11135F1012,AVGO.US,121.3762
2024-05-03,US11135F1012,AVGO.US,125.251
2024-05-06,US11135F1012,AVGO.US,128.4065
2024-05-07,US11135F1012,AVGO.US,127.7009
2024-05-08,US11135F1012,AVGO.US,129.8823
2024-05-09,US11135F1012,AVGO.US,127.9518
2024-05-10,US11135F1012,AVGO.US,130.6104
2024-05-13,US11135F1012,AVGO.US,131.072
2024-05-14,US11135F1012,AVGO.US,135.2388
2024-05-15,US11135F1012,AVGO.US,140.7404
2024-05-16,US11135F1012,AVGO.US,138.3845
2024-05-17,US11135F1012,AVGO.US,136.7343
2024-05-20,US11135F1012,AVGO.US,138.5707
2024-05-21,US11135F1012,AVGO.US,137.1174
2024-05-22,US11135F1012,AVGO.US,136.4354
2024-05-23,US11135F1012,AVGO.US,136.5383
2024-05-24,US11135F1012,AVGO.US,137.9641
2024-05-28,US11135F1012,AVGO.US,138.4159
2024-05-29,US11135F1012,AVGO.US,136.2815
2024-05-30,US11135F1012,AVGO.US,133.6758
2024-05-31,US11135F1012,AVGO.US,130.194
2024-06-03,US11135F1012,AVGO.US,129.5423
2024-06-04,US11135F1012,AVGO.US,130.4164
2024-06-05,US11135F1012,AVGO.US,138.4786
2024-06-06,US11135F1012,AVGO.US,137.3203
2024-06-07,US11135F1012,AVGO.US,137.8465
2024-06-10,US11135F1012,AVGO.US,141.1618
2024-06-11,US11135F1012,AVGO.US,143.1766
2024-06-12,US11135F1012,AVGO.US,146.5555
2024-06-13,US11135F1012,AVGO.US,164.536
2024-06-14,US11135F1012,AVGO.US,170.0288
2024-06-17,US11135F1012,AVGO.US,179.2238
2024-06-18,US11135F1012,AVGO.US,176.6416
2024-06-20,US11135F1012,AVGO.US,169.9817
2024-06-21,US11135F1012,AVGO.US,162.5408
2024-06-24,US11135F1012,AVGO.US,156.5273
2024-06-25,US11135F1012,AVGO.US,155.4046
2024-06-26,US11135F1012,AVGO.US,156.5067
2024-06-27,US11135F1012,AVGO.US,155.9817
2024-06-28,US11135F1012,AVGO.US,157.8368
2024-07-01,US11135F1012,AVGO.US,161.3041
2024-07-02,US11135F1012,AVGO.US,162.9439
2024-07-03,US11135F1012,AVGO.US,169.9965
2024-07-05,US11135F1012,AVGO.US,167.4493
2024-07-08,US11135F1012,AVGO.US,171.6324
2024-07-09,US11135F1012,AVGO.US,170.3986
2024-07-10,US11135F1012,AVGO.US,171.5173
2024-07-11,US11135F1012,AVGO.US,167.7089
2024-07-12,US11135F1012,AVGO.US,167.1898
2024-07-15,US11135F1012,AVGO.US,168.5199
2024-07-16,US11135F1012,AVGO.US,166.5144
2024-07-17,US11135F1012,AVGO.US,153.3411
2024-07-18,US11135F1012,AVGO.US,157.8043
2024-07-19,US11135F1012,AVGO.US,154.688
2024-07-22,US11135F1012,AVGO.US,158.3352
2024-07-23,US11135F1012,AVGO.US,160.9993
2024-07-24,US11135F1012,AVGO.US,148.7796
2024-07-25,US11135F1012,AVGO.US,146.7348
2024-07-26,US11135F1012,AVGO.US,149.0647
2024-07-29,US11135F1012,AVGO.US,147.6786
2024-07-30,US11135F1012,AVGO.US,141.0919
2024-07-31,US11135F1012,AVGO.US,157.9616
2024-08-01,US11135F1012,AVGO.US,144.5327
2024-08-02,US11135F1012,AVGO.US,141.3869
2024-08-05,US11135F1012,AVGO.US,139.6763
2024-08-06,US11135F1012,AVGO.US,141.4852
2024-08-07,US11135F1012,AVGO.US,133.9646
2024-08-08,US11135F1012,AVGO.US,143.2744
2024-08-09,US11135F1012,AVGO.US,145.7517
2024-08-12,US11135F1012,AVGO.US,146.1056
2024-08-13,US11135F1012,AVGO.US,153.5181
2024-08-14,US11135F1012,AVGO.US,155.0222
2024-08-15,US11135F1012,AVGO.US,163.3194
2024-08-16,US11135F1012,AVGO.US,162.9164
2024-08-19,US11135F1012,AVGO.US,164.8727
2024-08-20,US11135F1012,AVGO.US,163.1425
2024-08-21,US11135F1012,AVGO.US,162.9753
2024-08-22,US11135F1012,AVGO.US,159.5935
2024-08-23,US11135F1012,AVGO.US,163.5455
2024-08-26,US11135F1012,AVGO.US,156.9196
2024-08-27,US11135F1012,AVGO.US,158.6596
2024-08-28,US11135F1012,AVGO.US,155.5039
2024-08-29,US11135F1012,AVGO.US,154.2751
2024-08-30,US11135F1012,AVGO.US,160.0654
2024-09-03,US11135F1012,AVGO.US,150.2051
2024-09-04,US11135F1012,AVGO.US,151.5126
2024-09-05,US11135F1012,AVGO.US,150.2346
2024-09-06,US11135F1012,AVGO.US,134.6822
2024-09-09,US11135F1012,AVGO.US,138.4376
2024-09-10,US11135F1012,AVGO.US,145.7026
2024-09-11,US11135F1012,AVGO.US,155.5924
2024-09-12,US11135F1012,AVGO.US,161.776
2024-09-13,US11135F1012,AVGO.US,164.853
2024-09-16,US11135F1012,AVGO.US,161.2451
2024-09-17,US11135F1012,AVGO.US,159.7213
2024-09-18,US11135F1012,AVGO.US,158.9349
2024-09-19,US11135F1012,AVGO.US,165.1289
2024-09-20,US11135F1012,AVGO.US,168.7586
2024-09-23,US11135F1012,AVGO.US,170.5734
2024-09-24,US11135F1012,AVGO.US,172.4474
2024-09-25,US11135F1012,AVGO.US,173.1181
2024-09-26,US11135F1012,AVGO.US,175.6529
2024-09-27,US11135F1012,AVGO.US,170.3268
2024-09-30,US11135F1012,AVGO.US,170.1394
2024-10-01,US11135F1012,AVGO.US,165.1782
2024-10-02,US11135F1012,AVGO.US,168.3246
2024-10-03,US11135F1012,AVGO.US,169.5378
2024-10-04,US11135F1012,AVGO.US,174.2228
2024-10-07,US11135F1012,AVGO.US,172.6841
2024-10-08,US11135F1012,AVGO.US,178.2568
2024-10-09,US11135F1012,AVGO.US,183.4054
2024-10-10,US11135F1012,AVGO.US,183.1489
2024-10-11,US11135F1012,AVGO.US,178.9965
2024-10-14,US11135F1012,AVGO.US,179.8152
2024-10-15,US11135F1012,AVGO.US,173.5718
2024-10-16,US11135F1012,AVGO.US,174.4003
2024-10-17,US11135F1012,AVGO.US,179.0458
2024-10-18,US11135F1012,AVGO.US,177.4283
2024-10-21,US11135F1012,AVGO.US,177.5269
2024-10-22,US11135F1012,AVGO.US,176.9253
2024-10-23,US11135F1012,AVGO.US,171.1356
2024-10-24,US11135F1012,AVGO.US,169.0051
2024-10-25,US11135F1012,AVGO.US,170.6326
2024-10-28,US11135F1012,AVGO.US,169.666
2024-10-29,US11135F1012,AVGO.US,176.7872
2024-10-30,US11135F1012,AVGO.US,174.2228
2024-10-31,US11135F1012,AVGO.US,167.4468
2024-11-01,US11135F1012,AVGO.US,166.6084
2024-11-04,US11135F1012,AVGO.US,166.2435
2024-11-05,US11135F1012,AVGO.US,171.5203
2024-11-06,US11135F1012,AVGO.US,177.0929
2024-11-07,US11135F1012,AVGO.US,181.2946
2024-11-08,US11135F1012,AVGO.US,181.127
2024-11-11,US11135F1012,AVGO.US,176.4617
2024-11-12,US11135F1012,AVGO.US,173.8085
2024-11-13,US11135F1012,AVGO.US,171.2046
2024-11-14,US11135F1012,AVGO.US,168.0484
2024-11-15,US11135F1012,AVGO.US,162.5842
2024-11-18,US11135F1012,AVGO.US,163.4029
2024-11-19,US11135F1012,AVGO.US,163.0873
2024-11-20,US11135F1012,AVGO.US,161.016
2024-11-21,US11135F1012,AVGO.US,161.6966
2024-11-22,US11135F1012,AVGO.US,161.9826
2024-11-25,US11135F1012,AVGO.US,162.5645
2024-11-26,US11135F1012,AVGO.US,162.4856
2024-11-27,US11135F1012,AVGO.US,157.485
2024-11-29,US11135F1012,AVGO.US,159.862
2024-12-02,US11135F1012,AVGO.US,164.2314
2024-12-03,US11135F1012,AVGO.US,165.8489
2024-12-04,US11135F1012,AVGO.US,168.226
2024-12-05,US11135F1012,AVGO.US,168.1372
2024-12-06,US11135F1012,AVGO.US,177.0732
2024-12-09,US11135F1012,AVGO.US,176.4913
2024-12-10,US11135F1012,AVGO.US,169.4589
2024-12-11,US11135F1012,AVGO.US,180.693
2024-12-12,US11135F1012,AVGO.US,178.1877
2024-12-13,US11135F1012,AVGO.US,221.7237
2024-12-16,US11135F1012,AVGO.US,246.5789
2024-12-17,US11135F1012,AVGO.US,236.9426
2024-12-18,US11135F1012,AVGO.US,220.5599
2024-12-19,US11135F1012,AVGO.US,215.3324
2024-12-20,US11135F1012,AVGO.US,217.7686
2024-12-23,US11135F1012,AVGO.US,229.7844
2024-12-24,US11135F1012,AVGO.US,237.0335
2024-12-26,US11135F1012,AVGO.US,242.6508
2024-12-27,US11135F1012,AVGO.US,239.0806
2024-12-30,US11135F1012,AVGO.US,232.9788
2024-12-31,US11135F1012,AVGO.US,229.2801
2025-01-02,US11135F1012,AVGO.US,229.4185
2025-01-03,US11135F1012,AVGO.US,229.9822
2025-01-06,US11135F1012,AVGO.US,233.7996
2025-01-07,US11135F1012,AVGO.US,226.1154
2025-01-08,US11135F1012,AVGO.US,226.778
2025-01-10,US11135F1012,AVGO.US,221.8332
2025-01-13,US11135F1012,AVGO.US,222.8024
2025-01-14,US11135F1012,AVGO.US,222.2189
2025-01-15,US11135F1012,AVGO.US,225.4825
2025-01-16,US11135F1012,AVGO.US,226.8769
2025-01-17,US11135F1012,AVGO.US,234.8182
2025-01-21,US11135F1012,AVGO.US,237.6565
2025-01-22,US11135F1012,AVGO.US,238.2499
2025-01-23,US11135F1012,AVGO.US,237.6269
2025-01-24,US11135F1012,AVGO.US,241.9981
2025-01-27,US11135F1012,AVGO.US,199.8981
2025-01-28,US11135F1012,AVGO.US,205.0704
2025-01-29,US11135F1012,AVGO.US,204.0715
2025-01-30,US11135F1012,AVGO.US,213.2787
2025-01-31,US11135F1012,AVGO.US,218.8268
2025-02-03,US11135F1012,AVGO.US,215.3259
2025-02-04,US11135F1012,AVGO.US,219.974
2025-02-05,US11135F1012,AVGO.US,229.4383
2025-02-06,US11135F1012,AVGO.US,228.8054
2025-02-07,US11135F1012,AVGO.US,222.387
2025-02-10,US11135F1012,AVGO.US,232.4447
2025-02-11,US11135F1012,AVGO.US,232.4447
2025-02-12,US11135F1012,AVGO.US,233.7403
2025-02-13,US11135F1012,AVGO.US,233.1963
2025-02-14,US11135F1012,AVGO.US,230.4668
2025-02-18,US11135F1012,AVGO.US,226.0066
2025-02-19,US11135F1012,AVGO.US,226.2044
2025-02-20,US11135F1012,AVGO.US,224.2364
2025-02-21,US11135F1012,AVGO.US,216.2456
2025-02-24,US11135F1012,AVGO.US,205.6341
2025-02-25,US11135F1012,AVGO.US,200.3036
2025-02-26,US11135F1012,AVGO.US,210.5887
2025-02-27,US11135F1012,AVGO.US,195.6159
2025-02-28,US11135F1012,AVGO.US,197.2279
2025-03-03,US11135F1012,AVGO.US,185.3011
2025-03-04,US11135F1012,AVGO.US,185.4099
2025-03-05,US11135F1012,AVGO.US,189.4646
2025-03-06,US11135F1012,AVGO.US,177.4685
2025-03-07,US11135F1012,AVGO.US,192.8073
2025-03-10,US11135F1012,AVGO.US,182.4133
2025-03-11,US11135F1012,AVGO.US,187.9911
2025-03-12,US11135F1012,AVGO.US,192.0853
2025-03-13,US11135F1012,AVGO.US,189.247
2025-03-14,US11135F1012,AVGO.US,193.3809
2025-03-17,US11135F1012,AVGO.US,192.3524
2025-03-18,US11135F1012,AVGO.US,186.5867
2025-03-19,US11135F1012,AVGO.US,193.4105
2025-03-20,US11135F1012,AVGO.US,189.0063
2025-03-21,US11135F1012,AVGO.US,190.1173
2025-03-24,US11135F1012,AVGO.US,189.7106
2025-03-25,US11135F1012,AVGO.US,186.7446
2025-03-26,US11135F1012,AVGO.US,177.827
2025-03-27,US11135F1012,AVGO.US,170.6056
2025-03-28,US11135F1012,AVGO.US,167.7587
2025-03-31,US11135F1012,AVGO.US,166.0823
2025-04-01,US11135F1012,AVGO.US,167.1635
2025-04-02,US11135F1012,AVGO.US,170.7048
2025-04-03,US11135F1012,AVGO.US,152.7703
2025-04-04,US11135F1012,AVGO.US,145.1125
2025-04-07,US11135F1012,AVGO.US,152.8993
2025-04-08,US11135F1012,AVGO.US,154.7741
2025-04-09,US11135F1012,AVGO.US,183.6597
2025-04-10,US11135F1012,AVGO.US,170.9131
2025-04-11,US11135F1012,AVGO.US,180.4755
2025-04-14,US11135F1012,AVGO.US,176.9243
2025-04-15,US11135F1012,AVGO.US,177.5096
2025-04-16,US11135F1012,AVGO.US,173.2045
2025-04-17,US11135F1012,AVGO.US,169.6136
2025-04-21,US11135F1012,AVGO.US,164.8721
2025-04-22,US11135F1012,AVGO.US,168.215
2025-04-23,US11135F1012,AVGO.US,175.486
2025-04-24,US11135F1012,AVGO.US,186.6355
2025-04-25,US11135F1012,AVGO.US,190.762
2025-04-28,US11135F1012,AVGO.US,190.9207
2025-04-29,US11135F1012,AVGO.US,189.6312
2025-04-30,US11135F1012,AVGO.US,190.9207
2025-05-01,US11135F1012,AVGO.US,195.7416
2025-05-02,US11135F1012,AVGO.US,202.0008
2025-05-05,US11135F1012,AVGO.US,199.1043
2025-05-06,US11135F1012,AVGO.US,198.4794
2025-05-07,US11135F1012,AVGO.US,203.1614
2025-05-08,US11135F1012,AVGO.US,206.0976
2025-05-09,US11135F1012,AVGO.US,206.5241
2025-05-12,US11135F1012,AVGO.US,219.7964
2025-05-13,US11135F1012,AVGO.US,230.5492
2025-05-14,US11135F1012,AVGO.US,230.2516
2025-05-15,US11135F1012,AVGO.US,230.7674
2025-05-16,US11135F1012,AVGO.US,226.7698
2025-05-19,US11135F1012,AVGO.US,228.7736
2025-05-20,US11135F1012,AVGO.US,229.8151
2025-05-21,US11135F1012,AVGO.US,227.8808
2025-05-22,US11135F1012,AVGO.US,228.6744
2025-05-23,US11135F1012,AVGO.US,226.879
2025-05-27,US11135F1012,AVGO.US,233.7532
2025-05-28,US11135F1012,AVGO.US,237.5028
2025-05-29,US11135F1012,AVGO.US,240.0223
2025-05-30,US11135F1012,AVGO.US,240.1215
2025-06-02,US11135F1012,AVGO.US,246.7081
2025-06-03,US11135F1012,AVGO.US,254.7825
2025-06-04,US11135F1012,AVGO.US,258.9785
2025-06-05,US11135F1012,AVGO.US,257.8377
2025-06-06,US11135F1012,AVGO.US,244.9424
2025-06-09,US11135F1012,AVGO.US,242.3137
2025-06-10,US11135F1012,AVGO.US,242.6609
2025-06-11,US11135F1012,AVGO.US,250.8742
2025-06-12,US11135F1012,AVGO.US,254.0088
2025-06-13,US11135F1012,AVGO.US,246.6981
2025-06-16,US11135F1012,AVGO.US,250.0708
2025-06-17,US11135F1012,AVGO.US,247.3627
2025-06-18,US11135F1012,AVGO.US,249.2375
2025-06-20,US11135F1012,AVGO.US,248.5644
2025-06-23,US11135F1012,AVGO.US,252.3228
2025-06-24,US11135F1012,AVGO.US,262.2658
2025-06-25,US11135F1012,AVGO.US,263.1408
2025-06-26,US11135F1012,AVGO.US,268.6293
2025-06-27,US11135F1012,AVGO.US,267.814
2025-06-30,US11135F1012,AVGO.US,274.0781
2025-07-01,US11135F1012,AVGO.US,263.2303
2025-07-02,US11135F1012,AVGO.US,268.3608
2025-07-03,US11135F1012,AVGO.US,273.6107
2025-07-07,US11135F1012,AVGO.US,272.6164
2025-07-08,US11135F1012,AVGO.US,270.25
2025-07-09,US11135F1012,AVGO.US,276.3152
2025-07-10,US11135F1012,AVGO.US,273.8295
2025-07-11,US11135F1012,AVGO.US,272.8153
2025-07-14,US11135F1012,AVGO.US,274.0283
2025-07-15,US11135F1012,AVGO.US,279.3379
2025-07-16,US11135F1012,AVGO.US,279.2086
2025-07-17,US11135F1012,AVGO.US,284.8165
2025-07-18,US11135F1012,AVGO.US,281.7242
2025-07-21,US11135F1012,AVGO.US,286.5664
2025-07-22,US11135F1012,AVGO.US,277.0013
2025-07-23,US11135F1012,AVGO.US,282.0722
2025-07-24,US11135F1012,AVGO.US,287.0636
2025-07-25,US11135F1012,AVGO.US,288.5252
2025-07-28,US11135F1012,AVGO.US,292.6217
2025-07-29,US11135F1012,AVGO.US,295.7239
2025-07-30,US11135F1012,AVGO.US,300.8943
2025-07-31,US11135F1012,AVGO.US,292.0251
2025-08-01,US11135F1012,AVGO.US,286.994
2025-08-04,US11135F1012,AVGO.US,296.0222
2025-08-05,US11135F1012,AVGO.US,291.2595
2025-08-06,US11135F1012,AVGO.US,299.9497
2025-08-07,US11135F1012,AVGO.US,302.0278
2025-08-08,US11135F1012,AVGO.US,303.2309
2025-08-11,US11135F1012,AVGO.US,302.167
2025-08-12,US11135F1012,AVGO.US,311.046
2025-08-13,US11135F1012,AVGO.US,307.3274
2025-08-14,US11135F1012,AVGO.US,309.4552
2025-08-15,US11135F1012,AVGO.US,304.593
2025-08-18,US11135F1012,AVGO.US,304.0163
2025-08-19,US11135F1012,AVGO.US,293.2282
2025-08-20,US11135F1012,AVGO.US,289.5096
2025-08-21,US11135F1012,AVGO.US,287.9485
2025-08-22,US11135F1012,AVGO.US,292.3234
2025-08-25,US11135F1012,AVGO.US,292.5521
2025-08-26,US11135F1012,AVGO.US,296.3105
2025-08-27,US11135F1012,AVGO.US,298.5378
2025-08-28,US11135F1012,AVGO.US,306.8899
2025-08-29,US11135F1012,AVGO.US,295.6941
2025-09-02,US11135F1012,AVGO.US,296.5392
2025-09-03,US11135F1012,AVGO.US,300.6656
2025-09-04,US11135F1012,AVGO.US,304.3544
2025-09-05,US11135F1012,AVGO.US,332.9802
2025-09-08,US11135F1012,AVGO.US,343.6789
2025-09-09,US11135F1012,AVGO.US,334.7501
2025-09-10,US11135F1012,AVGO.US,367.4625
2025-09-11,US11135F1012,AVGO.US,357.5791
2025-09-12,US11135F1012,AVGO.US,357.8178
2025-09-15,US11135F1012,AVGO.US,362.0137
2025-09-16,US11135F1012,AVGO.US,357.947
2025-09-17,US11135F1012,AVGO.US,344.1959
2025-09-18,US11135F1012,AVGO.US,343.3806
2025-09-19,US11135F1012,AVGO.US,342.9729
2025-09-22,US11135F1012,AVGO.US,337.4352
2025-09-23,US11135F1012,AVGO.US,337.5846
2025-09-24,US11135F1012,AVGO.US,337.9531
2025-09-25,US11135F1012,AVGO.US,334.7559
2025-09-26,US11135F1012,AVGO.US,333.1922
2025-09-29,US11135F1012,AVGO.US,326.5887
2025-09-30,US11135F1012,AVGO.US,328.5907
2025-10-01,US11135F1012,AVGO.US,332.0567
2025-10-02,US11135F1012,AVGO.US,336.8276
2025-10-03,US11135F1012,AVGO.US,337.0168
2025-10-06,US11135F1012,AVGO.US,334.1484
2025-10-07,US11135F1012,AVGO.US,335.0647
2025-10-08,US11135F1012,AVGO.US,344.1183
2025-10-09,US11135F1012,AVGO.US,343.6402
2025-10-10,US11135F1012,AVGO.US,323.3318
2025-10-13,US11135F1012,AVGO.US,355.2735
2025-10-14,US11135F1012,AVGO.US,342.7538
2025-10-15,US11135F1012,AVGO.US,349.925
2025-10-16,US11135F1012,AVGO.US,352.7337
2025-10-17,US11135F1012,AVGO.US,347.933
2025-10-20,US11135F1012,AVGO.US,347.8434
2025-10-21,US11135F1012,AVGO.US,341.2897
2025-10-22,US11135F1012,AVGO.US,338.9391
2025-10-23,US11135F1012,AVGO.US,342.9132
2025-10-24,US11135F1012,AVGO.US,352.7138
2025-10-27,US11135F1012,AVGO.US,360.6021
2025-10-28,US11135F1012,AVGO.US,371.4785
2025-10-29,US11135F1012,AVGO.US,384.4364
2025-10-30,US11135F1012,AVGO.US,374.9645
2025-10-31,US11135F1012,AVGO.US,368.1518
2025-11-03,US11135F1012,AVGO.US,361.1001
2025-11-04,US11135F1012,AVGO.US,350.5326
2025-11-05,US11135F1012,AVGO.US,357.5444
2025-11-06,US11135F1012,AVGO.US,354.168
2025-11-07,US11135F1012,AVGO.US,348.0326
2025-11-10,US11135F1012,AVGO.US,356.9568
2025-11-11,US11135F1012,AVGO.US,350.5525
2025-11-12,US11135F1012,AVGO.US,353.7994
2025-11-13,US11135F1012,AVGO.US,338.6204
2025-11-14,US11135F1012,AVGO.US,341.0905
2025-11-17,US11135F1012,AVGO.US,341.2797
2025-11-18,US11135F1012,AVGO.US,339.1383
2025-11-19,US11135F1012,AVGO.US,353.0026
2025-11-20,US11135F1012,AVGO.US,345.433
2025-11-21,US11135F1012,AVGO.US,338.8395
2025-11-24,US11135F1012,AVGO.US,376.4485
2025-11-25,US11135F1012,AVGO.US,383.4902
2025-11-26,US11135F1012,AVGO.US,395.9801
2025-11-28,US11135F1012,AVGO.US,401.3485
2025-12-01,US11135F1012,AVGO.US,384.536
2025-12-02,US11135F1012,AVGO.US,380.0441
2025-12-03,US11135F1012,AVGO.US,379.0879
2025-12-04,US11135F1012,AVGO.US,379.5062
2025-12-05,US11135F1012,AVGO.US,388.6794
2025-12-08,US11135F1012,AVGO.US,399.496
2025-12-09,US11135F1012,AVGO.US,404.6652
2025-12-10,US11135F1012,AVGO.US,411.3185
2025-12-11,US11135F1012,AVGO.US,404.7449
2025-12-12,US11135F1012,AVGO.US,358.4906
2025-12-15,US11135F1012,AVGO.US,338.4511
2025-12-16,US11135F1012,AVGO.US,339.9351
2025-12-17,US11135F1012,AVGO.US,324.7162
2025-12-18,US11135F1012,AVGO.US,328.5608
2025-12-19,US11135F1012,AVGO.US,338.9989
2025-12-22,US11135F1012,AVGO.US,340.7352
2025-12-23,US11135F1012,AVGO.US,348.5888
2025-12-24,US11135F1012,AVGO.US,349.4869
2025-12-26,US11135F1012,AVGO.US,351.3929
2025-12-29,US11135F1012,AVGO.US,348.6586
2025-12-30,US11135F1012,AVGO.US,349.1176
2025-12-31,US11135F1012,AVGO.US,345.3755
2026-01-02,US11135F1012,AVGO.US,346.8923
2026-01-05,US11135F1012,AVGO.US,342.7011
2026-01-06,US11135F1012,AVGO.US,343.0504
2026-01-07,US11135F1012,AVGO.US,342.7809
2026-01-08,US11135F1012,AVGO.US,331.784
2026-01-09,US11135F1012,AVGO.US,344.2479
2026-01-12,US11135F1012,AVGO.US,351.4727
2026-01-13,US11135F1012,AVGO.US,353.8677
2026-01-14,US11135F1012,AVGO.US,339.1785
2026-01-15,US11135F1012,AVGO.US,342.3019
2026-01-16,US11135F1012,AVGO.US,350.9738
2026-01-20,US11135F1012,AVGO.US,331.9038
2026-01-21,US11135F1012,AVGO.US,328.1117
2026-01-22,US11135F1012,AVGO.US,324.8086
2026-01-23,US11135F1012,AVGO.US,319.38
2026-01-26,US11135F1012,AVGO.US,324.17
2026-01-27,US11135F1012,AVGO.US,332.0934
2026-01-28,US11135F1012,AVGO.US,332.5424
2026-01-29,US11135F1012,AVGO.US,330.0377
2026-01-30,US11135F1012,AVGO.US,330.6065
2026-02-02,US11135F1012,AVGO.US,330.4169
2026-02-03,US11135F1012,AVGO.US,319.6594
2026-02-04,US11135F1012,AVGO.US,307.4051
2026-02-05,US11135F1012,AVGO.US,309.86
2026-02-06,US11135F1012,AVGO.US,332.2231
2026-02-09,US11135F1012,AVGO.US,343.22
2026-02-10,US11135F1012,AVGO.US,339.7273
2026-02-11,US11135F1012,AVGO.US,342.0425
2026-02-12,US11135F1012,AVGO.US,330.4768
2026-02-13,US11135F1012,AVGO.US,324.4893
2026-02-17,US11135F1012,AVGO.US,331.8439
2026-02-18,US11135F1012,AVGO.US,332.8119
2026-02-19,US11135F1012,AVGO.US,333.2908
2026-02-20,US11135F1012,AVGO.US,331.9537
2026-02-23,US11135F1012,AVGO.US,329.6485
2026-02-24,US11135F1012,AVGO.US,324.8086
2026-02-25,US11135F1012,AVGO.US,331.6144
2026-02-26,US11135F1012,AVGO.US,321.0266
2026-02-27,US11135F1012,AVGO.US,318.8811
2026-03-02,US11135F1012,AVGO.US,318.1526
2026-03-03,US11135F1012,AVGO.US,313.183
2026-03-04,US11135F1012,AVGO.US,316.8653
2026-03-05,US11135F1012,AVGO.US,332.0734
2026-03-06,US11135F1012,AVGO.US,329.7882
2026-03-09,US11135F1012,AVGO.US,345.0262
2026-03-10,US11135F1012,AVGO.US,341.8629
2026-03-11,US11135F1012,AVGO.US,340.855
2026-03-12,US11135F1012,AVGO.US,335.2667
2026-03-13,US11135F1012,AVGO.US,321.4856
2026-03-16,US11135F1012,AVGO.US,324.2398
2026-03-17,US11135F1012,AVGO.US,320.6374
2026-03-18,US11135F1012,AVGO.US,315.2687
2026-03-19,US11135F1012,AVGO.US,319.1705
2026-03-20,US11135F1012,AVGO.US,309.86
2026-03-23,US11135F1012,AVGO.US,322.51
2026-03-24,US11135F1012,AVGO.US,318.29
2026-03-25,US11135F1012,AVGO.US,318.81
2026-03-26,US11135F1012,AVGO.US,309.42
2026-03-27,US11135F1012,AVGO.US,300.68
2026-03-30,US11135F1012,AVGO.US,293.41
2026-03-31,US11135F1012,AVGO.US,309.51
2026-04-01,US11135F1012,AVGO.US,313.49
2026-04-02,US11135F1012,AVGO.US,314.55
2026-04-06,US11135F1012,AVGO.US,314.43
2026-04-07,US11135F1012,AVGO.US,333.97
2026-04-08,US11135F1012,AVGO.US,350.63
2026-04-09,US11135F1012,AVGO.US,354.91
2026-04-10,US11135F1012,AVGO.US,371.55
2026-04-13,US11135F1012,AVGO.US,379.75
2026-04-14,US11135F1012,AVGO.US,380.78
2026-04-15,US11135F1012,AVGO.US,396.72
2026-04-16,US11135F1012,AVGO.US,398.47
2026-04-17,US11135F1012,AVGO.US,406.54
2026-04-20,US11135F1012,AVGO.US,399.63
2026-04-21,US11135F1012,AVGO.US,402.17
2026-04-22,US11135F1012,AVGO.US,422.65
2026-04-23,US11135F1012,AVGO.US,419.94
2026-04-24,US11135F1012,AVGO.US,422.76
2023-04-27,US4642863926,URTH.US,113.5369
2023-04-28,US4642863926,URTH.US,114.1181
2023-05-01,US4642863926,URTH.US,114.0037
2023-05-02,US4642863926,URTH.US,112.7653
2023-05-03,US4642863926,URTH.US,112.2794
2023-05-04,US4642863926,URTH.US,111.7364
2023-05-05,US4642863926,URTH.US,113.6989
2023-05-08,US4642863926,URTH.US,113.7465
2023-05-09,US4642863926,URTH.US,113.2797
2023-05-10,US4642863926,URTH.US,113.556
2023-05-11,US4642863926,URTH.US,113.2893
2023-05-12,US4642863926,URTH.US,113.1273
2023-05-15,US4642863926,URTH.US,113.8037
2023-05-16,US4642863926,URTH.US,112.8225
2023-05-17,US4642863926,URTH.US,113.899
2023-05-18,US4642863926,URTH.US,114.6325
2023-05-19,US4642863926,URTH.US,114.6897
2023-05-22,US4642863926,URTH.US,114.7659
2023-05-23,US4642863926,URTH.US,113.394
2023-05-24,US4642863926,URTH.US,112.3271
2023-05-25,US4642863926,URTH.US,112.8034
2023-05-26,US4642863926,URTH.US,114.2324
2023-05-30,US4642863926,URTH.US,113.8608
2023-05-31,US4642863926,URTH.US,112.9844
2023-06-01,US4642863926,URTH.US,114.3467
2023-06-02,US4642863926,URTH.US,116.0615
2023-06-05,US4642863926,URTH.US,115.709
2023-06-06,US4642863926,URTH.US,116.2044
2023-06-07,US4642863926,URTH.US,115.5791
2023-06-08,US4642863926,URTH.US,116.339
2023-06-09,US4642863926,URTH.US,116.4737
2023-06-12,US4642863926,URTH.US,117.3779
2023-06-13,US4642863926,URTH.US,118.2628
2023-06-14,US4642863926,URTH.US,118.484
2023-06-15,US4642863926,URTH.US,119.9461
2023-06-16,US4642863926,URTH.US,119.5517
2023-06-20,US4642863926,URTH.US,118.5417
2023-06-21,US4642863926,URTH.US,118.2243
2023-06-22,US4642863926,URTH.US,118.2051
2023-06-23,US4642863926,URTH.US,117.147
2023-06-26,US4642863926,URTH.US,116.9065
2023-06-27,US4642863926,URTH.US,118.1185
2023-06-28,US4642863926,URTH.US,118.1377
2023-06-29,US4642863926,URTH.US,118.484
2023-06-30,US4642863926,URTH.US,119.7729
2023-07-03,US4642863926,URTH.US,120.0423
2023-07-05,US4642863926,URTH.US,119.4267
2023-07-06,US4642863926,URTH.US,118.0896
2023-07-07,US4642863926,URTH.US,118.1858
2023-07-10,US4642863926,URTH.US,118.5513
2023-07-11,US4642863926,URTH.US,119.4459
2023-07-12,US4642863926,URTH.US,120.7444
2023-07-13,US4642863926,URTH.US,122.1392
2023-07-14,US4642863926,URTH.US,121.8121
2023-07-17,US4642863926,URTH.US,122.0814
2023-07-18,US4642863926,URTH.US,123.0529
2023-07-19,US4642863926,URTH.US,123.2165
2023-07-20,US4642863926,URTH.US,122.4758
2023-07-21,US4642863926,URTH.US,122.5431
2023-07-24,US4642863926,URTH.US,122.7259
2023-07-25,US4642863926,URTH.US,123.0433
2023-07-26,US4642863926,URTH.US,123.1299
2023-07-27,US4642863926,URTH.US,122.37
2023-07-28,US4642863926,URTH.US,123.5435
2023-07-31,US4642863926,URTH.US,123.6397
2023-08-01,US4642863926,URTH.US,123.0337
2023-08-02,US4642863926,URTH.US,121.1003
2023-08-03,US4642863926,URTH.US,120.7348
2023-08-04,US4642863926,URTH.US,120.4462
2023-08-07,US4642863926,URTH.US,121.4755
2023-08-08,US4642863926,URTH.US,120.8599
2023-08-09,US4642863926,URTH.US,120.2443
2023-08-10,US4642863926,URTH.US,120.3982
2023-08-11,US4642863926,URTH.US,120.1096
2023-08-14,US4642863926,URTH.US,120.3982
2023-08-15,US4642863926,URTH.US,118.965
2023-08-16,US4642863926,URTH.US,118.0223
2023-08-17,US4642863926,URTH.US,117.2047
2023-08-18,US4642863926,URTH.US,117.1759
2023-08-21,US4642863926,URTH.US,117.8973
2023-08-22,US4642863926,URTH.US,117.551
2023-08-23,US4642863926,URTH.US,118.8014
2023-08-24,US4642863926,URTH.US,117.224
2023-08-25,US4642863926,URTH.US,118.0223
2023-08-28,US4642863926,URTH.US,118.9265
2023-08-29,US4642863926,URTH.US,120.6194
2023-08-30,US4642863926,URTH.US,121.0907
2023-08-31,US4642863926,URTH.US,120.9079
2023-09-01,US4642863926,URTH.US,121.1099
2023-09-05,US4642863926,URTH.US,120.4366
2023-09-06,US4642863926,URTH.US,119.7056
2023-09-07,US4642863926,URTH.US,119.3593
2023-09-08,US4642863926,URTH.US,119.3882
2023-09-11,US4642863926,URTH.US,120.3212
2023-09-12,US4642863926,URTH.US,119.7345
2023-09-13,US4642863926,URTH.US,119.7729
2023-09-14,US4642863926,URTH.US,120.9272
2023-09-15,US4642863926,URTH.US,119.8691
2023-09-18,US4642863926,URTH.US,119.7729
2023-09-19,US4642863926,URTH.US,119.5998
2023-09-20,US4642863926,URTH.US,118.7245
2023-09-21,US4642863926,URTH.US,116.7334
2023-09-22,US4642863926,URTH.US,116.5506
2023-09-25,US4642863926,URTH.US,116.7623
2023-09-26,US4642863926,URTH.US,115.1078
2023-09-27,US4642863926,URTH.US,115.0213
2023-09-28,US4642863926,URTH.US,115.9254
2023-09-29,US4642863926,URTH.US,115.5888
2023-10-02,US4642863926,URTH.US,114.9539
2023-10-03,US4642863926,URTH.US,113.4438
2023-10-04,US4642863926,URTH.US,114.1075
2023-10-05,US4642863926,URTH.US,114.3479
2023-10-06,US4642863926,URTH.US,115.6657
2023-10-09,US4642863926,URTH.US,116.1851
2023-10-10,US4642863926,URTH.US,117.1374
2023-10-11,US4642863926,URTH.US,117.6568
2023-10-12,US4642863926,URTH.US,116.7526
2023-10-13,US4642863926,URTH.US,116.0793
2023-10-16,US4642863926,URTH.US,117.2047
2023-10-17,US4642863926,URTH.US,117.1951
2023-10-18,US4642863926,URTH.US,115.483
2023-10-19,US4642863926,URTH.US,114.4441
2023-10-20,US4642863926,URTH.US,113.1648
2023-10-23,US4642863926,URTH.US,113.0206
2023-10-24,US4642863926,URTH.US,113.7901
2023-10-25,US4642863926,URTH.US,112.3184
2023-10-26,US4642863926,URTH.US,111.1738
2023-10-27,US4642863926,URTH.US,110.6255
2023-10-30,US4642863926,URTH.US,111.9913
2023-10-31,US4642863926,URTH.US,112.6454
2023-11-01,US4642863926,URTH.US,113.8093
2023-11-02,US4642863926,URTH.US,116.1178
2023-11-03,US4642863926,URTH.US,117.2817
2023-11-06,US4642863926,URTH.US,117.2432
2023-11-07,US4642863926,URTH.US,117.3394
2023-11-08,US4642863926,URTH.US,117.3682
2023-11-09,US4642863926,URTH.US,116.6853
2023-11-10,US4642863926,URTH.US,118.157
2023-11-13,US4642863926,URTH.US,118.1955
2023-11-14,US4642863926,URTH.US,120.6771
2023-11-15,US4642863926,URTH.US,120.8695
2023-11-16,US4642863926,URTH.US,120.8695
2023-11-17,US4642863926,URTH.US,121.4851
2023-11-20,US4642863926,URTH.US,122.2257
2023-11-21,US4642863926,URTH.US,121.966
2023-11-22,US4642863926,URTH.US,122.3796
2023-11-24,US4642863926,URTH.US,122.6586
2023-11-27,US4642863926,URTH.US,122.4566
2023-11-28,US4642863926,URTH.US,122.5528
2023-11-29,US4642863926,URTH.US,122.572
2023-11-30,US4642863926,URTH.US,122.9087
2023-12-01,US4642863926,URTH.US,123.8513
2023-12-04,US4642863926,URTH.US,123.1587
2023-12-05,US4642863926,URTH.US,122.9664
2023-12-06,US4642863926,URTH.US,122.6778
2023-12-07,US4642863926,URTH.US,123.5627
2023-12-08,US4642863926,URTH.US,124.0052
2023-12-11,US4642863926,URTH.US,124.4765
2023-12-12,US4642863926,URTH.US,124.8036
2023-12-13,US4642863926,URTH.US,126.6504
2023-12-14,US4642863926,URTH.US,127.3141
2023-12-15,US4642863926,URTH.US,126.9197
2023-12-18,US4642863926,URTH.US,127.5064
2023-12-19,US4642863926,URTH.US,128.3914
2023-12-20,US4642863926,URTH.US,126.6836
2023-12-21,US4642863926,URTH.US,128.1673
2023-12-22,US4642863926,URTH.US,128.4292
2023-12-26,US4642863926,URTH.US,128.9626
2023-12-27,US4642863926,URTH.US,129.3311
2023-12-28,US4642863926,URTH.US,129.2535
2023-12-29,US4642863926,URTH.US,129.0013
2024-01-02,US4642863926,URTH.US,127.9249
2024-01-03,US4642863926,URTH.US,126.8969
2024-01-04,US4642863926,URTH.US,126.7514
2024-01-05,US4642863926,URTH.US,126.9066
2024-01-08,US4642863926,URTH.US,128.5843
2024-01-09,US4642863926,URTH.US,128.0704
2024-01-10,US4642863926,URTH.US,128.8171
2024-01-11,US4642863926,URTH.US,128.8074
2024-01-12,US4642863926,URTH.US,128.9141
2024-01-16,US4642863926,URTH.US,128.0219
2024-01-17,US4642863926,URTH.US,127.1878
2024-01-18,US4642863926,URTH.US,128.2546
2024-01-19,US4642863926,URTH.US,129.5929
2024-01-22,US4642863926,URTH.US,129.8936
2024-01-23,US4642863926,URTH.US,130.0584
2024-01-24,US4642863926,URTH.US,130.3591
2024-01-25,US4642863926,URTH.US,130.873
2024-01-26,US4642863926,URTH.US,130.9894
2024-01-29,US4642863926,URTH.US,131.998
2024-01-30,US4642863926,URTH.US,131.8816
2024-01-31,US4642863926,URTH.US,130.1457
2024-02-01,US4642863926,URTH.US,131.6489
2024-02-02,US4642863926,URTH.US,132.3277
2024-02-05,US4642863926,URTH.US,131.7362
2024-02-06,US4642863926,URTH.US,132.2501
2024-02-07,US4642863926,URTH.US,133.0066
2024-02-08,US4642863926,URTH.US,133.0842
2024-02-09,US4642863926,URTH.US,133.7339
2024-02-12,US4642863926,URTH.US,133.8309
2024-02-13,US4642863926,URTH.US,131.8234
2024-02-14,US4642863926,URTH.US,133.2296
2024-02-15,US4642863926,URTH.US,134.3643
2024-02-16,US4642863926,URTH.US,133.8697
2024-02-20,US4642863926,URTH.US,133.4527
2024-02-21,US4642863926,URTH.US,133.54
2024-02-22,US4642863926,URTH.US,135.945
2024-02-23,US4642863926,URTH.US,136.0905
2024-02-26,US4642863926,URTH.US,135.5668
2024-02-27,US4642863926,URTH.US,135.9159
2024-02-28,US4642863926,URTH.US,135.4892
2024-02-29,US4642863926,URTH.US,136.042
2024-03-01,US4642863926,URTH.US,137.264
2024-03-04,US4642863926,URTH.US,137.0991
2024-03-05,US4642863926,URTH.US,136.0323
2024-03-06,US4642863926,URTH.US,137.0506
2024-03-07,US4642863926,URTH.US,138.5247
2024-03-08,US4642863926,URTH.US,137.7876
2024-03-11,US4642863926,URTH.US,137.39
2024-03-12,US4642863926,URTH.US,138.835
2024-03-13,US4642863926,URTH.US,138.7089
2024-03-14,US4642863926,URTH.US,138.098
2024-03-15,US4642863926,URTH.US,137.4579
2024-03-18,US4642863926,URTH.US,137.8749
2024-03-19,US4642863926,URTH.US,138.5538
2024-03-20,US4642863926,URTH.US,139.8533
2024-03-21,US4642863926,URTH.US,140.2994
2024-03-22,US4642863926,URTH.US,140.0376
2024-03-25,US4642863926,URTH.US,139.6496
2024-03-26,US4642863926,URTH.US,139.4654
2024-03-27,US4642863926,URTH.US,140.5321
2024-03-28,US4642863926,URTH.US,140.5321
2024-04-01,US4642863926,URTH.US,140.1345
2024-04-02,US4642863926,URTH.US,139.1647
2024-04-03,US4642863926,URTH.US,139.5817
2024-04-04,US4642863926,URTH.US,138.001
2024-04-05,US4642863926,URTH.US,139.2229
2024-04-08,US4642863926,URTH.US,139.3781
2024-04-09,US4642863926,URTH.US,139.4848
2024-04-10,US4642863926,URTH.US,137.9428
2024-04-11,US4642863926,URTH.US,138.8932
2024-04-12,US4642863926,URTH.US,136.7306
2024-04-15,US4642863926,URTH.US,135.3341
2024-04-16,US4642863926,URTH.US,134.7813
2024-04-17,US4642863926,URTH.US,134.3352
2024-04-18,US4642863926,URTH.US,133.9376
2024-04-19,US4642863926,URTH.US,133.1617
2024-04-22,US4642863926,URTH.US,134.3255
2024-04-23,US4642863926,URTH.US,135.8287
2024-04-24,US4642863926,URTH.US,135.722
2024-04-25,US4642863926,URTH.US,135.2371
2024-04-26,US4642863926,URTH.US,136.5463
2024-04-29,US4642863926,URTH.US,136.9633
2024-04-30,US4642863926,URTH.US,134.9656
2024-05-01,US4642863926,URTH.US,134.4128
2024-05-02,US4642863926,URTH.US,135.8481
2024-05-03,US4642863926,URTH.US,137.4967
2024-05-06,US4642863926,URTH.US,138.8447
2024-05-07,US4642863926,URTH.US,138.9902
2024-05-08,US4642863926,URTH.US,138.9805
2024-05-09,US4642863926,URTH.US,139.7854
2024-05-10,US4642863926,URTH.US,140.0182
2024-05-13,US4642863926,URTH.US,139.9309
2024-05-14,US4642863926,URTH.US,140.7552
2024-05-15,US4642863926,URTH.US,142.365
2024-05-16,US4642863926,URTH.US,142.0159
2024-05-17,US4642863926,URTH.US,142.2972
2024-05-20,US4642863926,URTH.US,142.3456
2024-05-21,US4642863926,URTH.US,142.5784
2024-05-22,US4642863926,URTH.US,141.8898
2024-05-23,US4642863926,URTH.US,140.9104
2024-05-24,US4642863926,URTH.US,141.8898
2024-05-28,US4642863926,URTH.US,141.9189
2024-05-29,US4642863926,URTH.US,140.4449
2024-05-30,US4642863926,URTH.US,140.2606
2024-05-31,US4642863926,URTH.US,141.308
2024-06-03,US4642863926,URTH.US,141.6474
2024-06-04,US4642863926,URTH.US,141.6183
2024-06-05,US4642863926,URTH.US,143.1021
2024-06-06,US4642863926,URTH.US,143.1894
2024-06-07,US4642863926,URTH.US,142.5881
2024-06-10,US4642863926,URTH.US,142.9081
2024-06-11,US4642863926,URTH.US,142.7116
2024-06-12,US4642863926,URTH.US,144.0413
2024-06-13,US4642863926,URTH.US,143.7284
2024-06-14,US4642863926,URTH.US,143.308
2024-06-17,US4642863926,URTH.US,144.1781
2024-06-18,US4642863926,URTH.US,144.6572
2024-06-20,US4642863926,URTH.US,144.4225
2024-06-21,US4642863926,URTH.US,143.9435
2024-06-24,US4642863926,URTH.US,143.9826
2024-06-25,US4642863926,URTH.US,144.4812
2024-06-26,US4642863926,URTH.US,144.403
2024-06-27,US4642863926,URTH.US,144.4421
2024-06-28,US4642863926,URTH.US,144.1977
2024-07-01,US4642863926,URTH.US,144.5105
2024-07-02,US4642863926,URTH.US,145.2634
2024-07-03,US4642863926,URTH.US,146.2508
2024-07-05,US4642863926,URTH.US,147.1405
2024-07-08,US4642863926,URTH.US,146.9841
2024-07-09,US4642863926,URTH.US,147.0721
2024-07-10,US4642863926,URTH.US,148.6266
2024-07-11,US4642863926,URTH.US,147.8933
2024-07-12,US4642863926,URTH.US,148.9981
2024-07-15,US4642863926,URTH.US,149.0079
2024-07-16,US4642863926,URTH.US,149.878
2024-07-17,US4642863926,URTH.US,148.2159
2024-07-18,US4642863926,URTH.US,146.8863
2024-07-19,US4642863926,URTH.US,145.85
2024-07-22,US4642863926,URTH.US,147.4045
2024-07-23,US4642863926,URTH.US,146.9352
2024-07-24,US4642863926,URTH.US,143.9435
2024-07-25,US4642863926,URTH.US,143.2298
2024-07-26,US4642863926,URTH.US,144.8234
2024-07-29,US4642863926,URTH.US,144.7745
2024-07-30,US4642863926,URTH.US,144.3639
2024-07-31,US4642863926,URTH.US,146.6223
2024-08-01,US4642863926,URTH.US,144.0217
2024-08-02,US4642863926,URTH.US,141.3917
2024-08-05,US4642863926,URTH.US,137.5397
2024-08-06,US4642863926,URTH.US,138.5956
2024-08-07,US4642863926,URTH.US,138.0285
2024-08-08,US4642863926,URTH.US,140.9616
2024-08-09,US4642863926,URTH.US,141.7926
2024-08-12,US4642863926,URTH.US,141.6655
2024-08-13,US4642863926,URTH.US,144.1292
2024-08-14,US4642863926,URTH.US,144.5692
2024-08-15,US4642863926,URTH.US,146.7396
2024-08-16,US4642863926,URTH.US,147.3458
2024-08-19,US4642863926,URTH.US,148.8221
2024-08-20,US4642863926,URTH.US,148.607
2024-08-21,US4642863926,URTH.US,149.4576
2024-08-22,US4642863926,URTH.US,148.1084
2024-08-23,US4642863926,URTH.US,150.3668
2024-08-26,US4642863926,URTH.US,149.9367
2024-08-27,US4642863926,URTH.US,150.1615
2024-08-28,US4642863926,URTH.US,149.4478
2024-08-29,US4642863926,URTH.US,149.5456
2024-08-30,US4642863926,URTH.US,150.7383
2024-09-03,US4642863926,URTH.US,147.6391
2024-09-04,US4642863926,URTH.US,147.3556
2024-09-05,US4642863926,URTH.US,146.8374
2024-09-06,US4642863926,URTH.US,144.4519
2024-09-09,US4642863926,URTH.US,145.9966
2024-09-10,US4642863926,URTH.US,146.3975
2024-09-11,US4642863926,URTH.US,147.8346
2024-09-12,US4642863926,URTH.US,148.959
2024-09-13,US4642863926,URTH.US,149.7216
2024-09-16,US4642863926,URTH.US,150.2397
2024-09-17,US4642863926,URTH.US,149.9953
2024-09-18,US4642863926,URTH.US,149.5945
2024-09-19,US4642863926,URTH.US,152.1853
2024-09-20,US4642863926,URTH.US,151.6476
2024-09-23,US4642863926,URTH.US,152.1071
2024-09-24,US4642863926,URTH.US,152.5862
2024-09-25,US4642863926,URTH.US,152.2049
2024-09-26,US4642863926,URTH.US,153.5932
2024-09-27,US4642863926,URTH.US,153.1239
2024-09-30,US4642863926,URTH.US,153.4074
2024-10-01,US4642863926,URTH.US,152.1364
2024-10-02,US4642863926,URTH.US,152.156
2024-10-03,US4642863926,URTH.US,151.5791
2024-10-04,US4642863926,URTH.US,152.8501
2024-10-07,US4642863926,URTH.US,151.54
2024-10-08,US4642863926,URTH.US,152.5862
2024-10-09,US4642863926,URTH.US,153.3976
2024-10-10,US4642863926,URTH.US,153.1434
2024-10-11,US4642863926,URTH.US,154.0233
2024-10-14,US4642863926,URTH.US,155.001
2024-10-15,US4642863926,URTH.US,153.4661
2024-10-16,US4642863926,URTH.US,154.0918
2024-10-17,US4642863926,URTH.US,154.1798
2024-10-18,US4642863926,URTH.US,154.8641
2024-10-21,US4642863926,URTH.US,154.1895
2024-10-22,US4642863926,URTH.US,153.9451
2024-10-23,US4642863926,URTH.US,152.4102
2024-10-24,US4642863926,URTH.US,152.9088
2024-10-25,US4642863926,URTH.US,152.6644
2024-10-28,US4642863926,URTH.US,153.339
2024-10-29,US4642863926,URTH.US,153.339
2024-10-30,US4642863926,URTH.US,152.7817
2024-10-31,US4642863926,URTH.US,150.2984
2024-11-01,US4642863926,URTH.US,150.9046
2024-11-04,US4642863926,URTH.US,150.6992
2024-11-05,US4642863926,URTH.US,152.4786
2024-11-06,US4642863926,URTH.US,154.825
2024-11-07,US4642863926,URTH.US,156.3404
2024-11-08,US4642863926,URTH.US,156.3111
2024-11-11,US4642863926,URTH.US,156.6729
2024-11-12,US4642863926,URTH.US,155.6267
2024-11-13,US4642863926,URTH.US,155.4214
2024-11-14,US4642863926,URTH.US,154.7762
2024-11-15,US4642863926,URTH.US,153.163
2024-11-18,US4642863926,URTH.US,153.8767
2024-11-19,US4642863926,URTH.US,154.3264
2024-11-20,US4642863926,URTH.US,154.2384
2024-11-21,US4642863926,URTH.US,155.0304
2024-11-22,US4642863926,URTH.US,155.7049
2024-11-25,US4642863926,URTH.US,156.1938
2024-11-26,US4642863926,URTH.US,156.4773
2024-11-27,US4642863926,URTH.US,156.2818
2024-11-29,US4642863926,URTH.US,157.543
2024-12-02,US4642863926,URTH.US,157.9438
2024-12-03,US4642863926,URTH.US,158.11
2024-12-04,US4642863926,URTH.US,159.0291
2024-12-05,US4642863926,URTH.US,159.0388
2024-12-06,US4642863926,URTH.US,159.3126
2024-12-09,US4642863926,URTH.US,158.4033
2024-12-10,US4642863926,URTH.US,157.7287
2024-12-11,US4642863926,URTH.US,158.9606
2024-12-12,US4642863926,URTH.US,157.9341
2024-12-13,US4642863926,URTH.US,157.7483
2024-12-16,US4642863926,URTH.US,158.0905
2024-12-17,US4642863926,URTH.US,157.5028
2024-12-18,US4642863926,URTH.US,152.9549
2024-12-19,US4642863926,URTH.US,152.7383
2024-12-20,US4642863926,URTH.US,153.9196
2024-12-23,US4642863926,URTH.US,154.9434
2024-12-24,US4642863926,URTH.US,156.292
2024-12-26,US4642863926,URTH.US,156.5775
2024-12-27,US4642863926,URTH.US,155.1403
2024-12-30,US4642863926,URTH.US,153.6834
2024-12-31,US4642863926,URTH.US,153.073
2025-01-02,US4642863926,URTH.US,152.7777
2025-01-03,US4642863926,URTH.US,154.5299
2025-01-06,US4642863926,URTH.US,155.2978
2025-01-07,US4642863926,URTH.US,153.9688
2025-01-08,US4642863926,URTH.US,153.9885
2025-01-10,US4642863926,URTH.US,151.8425
2025-01-13,US4642863926,URTH.US,151.8229
2025-01-14,US4642863926,URTH.US,152.0197
2025-01-15,US4642863926,URTH.US,154.6579
2025-01-16,US4642863926,URTH.US,154.6874
2025-01-17,US4642863926,URTH.US,155.9278
2025-01-21,US4642863926,URTH.US,157.7686
2025-01-22,US4642863926,URTH.US,158.3789
2025-01-23,US4642863926,URTH.US,159.3436
2025-01-24,US4642863926,URTH.US,159.2156
2025-01-27,US4642863926,URTH.US,157.4831
2025-01-28,US4642863926,URTH.US,158.4183
2025-01-29,US4642863926,URTH.US,157.9064
2025-01-30,US4642863926,URTH.US,159.0286
2025-01-31,US4642863926,URTH.US,158.1525
2025-02-03,US4642863926,URTH.US,156.8826
2025-02-04,US4642863926,URTH.US,158.1328
2025-02-05,US4642863926,URTH.US,159.0286
2025-02-06,US4642863926,URTH.US,159.5306
2025-02-07,US4642863926,URTH.US,158.0934
2025-02-10,US4642863926,URTH.US,159.1566
2025-02-11,US4642863926,URTH.US,159.4421
2025-02-12,US4642863926,URTH.US,159.3042
2025-02-13,US4642863926,URTH.US,160.9974
2025-02-14,US4642863926,URTH.US,161.0072
2025-02-18,US4642863926,URTH.US,161.529
2025-02-19,US4642863926,URTH.US,161.4699
2025-02-20,US4642863926,URTH.US,161.1549
2025-02-21,US4642863926,URTH.US,158.7628
2025-02-24,US4642863926,URTH.US,158.123
2025-02-25,US4642863926,URTH.US,157.9064
2025-02-26,US4642863926,URTH.US,158.0048
2025-02-27,US4642863926,URTH.US,155.5931
2025-02-28,US4642863926,URTH.US,157.5028
2025-03-03,US4642863926,URTH.US,155.8195
2025-03-04,US4642863926,URTH.US,154.5102
2025-03-05,US4642863926,URTH.US,156.7547
2025-03-06,US4642863926,URTH.US,154.0476
2025-03-07,US4642863926,URTH.US,155.1796
2025-03-10,US4642863926,URTH.US,150.9467
2025-03-11,US4642863926,URTH.US,150.0509
2025-03-12,US4642863926,URTH.US,150.8089
2025-03-13,US4642863926,URTH.US,148.8795
2025-03-14,US4642863926,URTH.US,152.0493
2025-03-17,US4642863926,URTH.US,153.4373
2025-03-18,US4642863926,URTH.US,152.1182
2025-03-19,US4642863926,URTH.US,153.4963
2025-03-20,US4642863926,URTH.US,152.9057
2025-03-21,US4642863926,URTH.US,152.8072
2025-03-24,US4642863926,URTH.US,154.9631
2025-03-25,US4642863926,URTH.US,155.3174
2025-03-26,US4642863926,URTH.US,153.5455
2025-03-27,US4642863926,URTH.US,153.1518
2025-03-28,US4642863926,URTH.US,150.4939
2025-03-31,US4642863926,URTH.US,150.7892
2025-04-01,US4642863926,URTH.US,151.2027
2025-04-02,US4642863926,URTH.US,152.2166
2025-04-03,US4642863926,URTH.US,145.9657
2025-04-04,US4642863926,URTH.US,137.0767
2025-04-07,US4642863926,URTH.US,135.856
2025-04-08,US4642863926,URTH.US,134.1727
2025-04-09,US4642863926,URTH.US,146.1626
2025-04-10,US4642863926,URTH.US,141.851
2025-04-11,US4642863926,URTH.US,144.6269
2025-04-14,US4642863926,URTH.US,145.9559
2025-04-15,US4642863926,URTH.US,146.1331
2025-04-16,US4642863926,URTH.US,143.7607
2025-04-17,US4642863926,URTH.US,144.3808
2025-04-21,US4642863926,URTH.US,141.7328
2025-04-22,US4642863926,URTH.US,145.0798
2025-04-23,US4642863926,URTH.US,146.891
2025-04-24,US4642863926,URTH.US,149.7261
2025-04-25,US4642863926,URTH.US,150.6613
2025-04-28,US4642863926,URTH.US,151.055
2025-04-29,US4642863926,URTH.US,151.7736
2025-04-30,US4642863926,URTH.US,151.8721
2025-05-01,US4642863926,URTH.US,152.3643
2025-05-02,US4642863926,URTH.US,154.7563
2025-05-05,US4642863926,URTH.US,154.1854
2025-05-06,US4642863926,URTH.US,153.2798
2025-05-07,US4642863926,URTH.US,153.5948
2025-05-08,US4642863926,URTH.US,154.1756
2025-05-09,US4642863926,URTH.US,154.3331
2025-05-12,US4642863926,URTH.US,158.123
2025-05-13,US4642863926,URTH.US,159.0975
2025-05-14,US4642863926,URTH.US,159.0975
2025-05-15,US4642863926,URTH.US,159.9736
2025-05-16,US4642863926,URTH.US,160.958
2025-05-19,US4642863926,URTH.US,161.3715
2025-05-20,US4642863926,URTH.US,161.2041
2025-05-21,US4642863926,URTH.US,159.0877
2025-05-22,US4642863926,URTH.US,158.9695
2025-05-23,US4642863926,URTH.US,158.4478
2025-05-27,US4642863926,URTH.US,161.273
2025-05-28,US4642863926,URTH.US,160.2296
2025-05-29,US4642863926,URTH.US,160.8005
2025-05-30,US4642863926,URTH.US,160.7611
2025-06-02,US4642863926,URTH.US,161.8833
2025-06-03,US4642863926,URTH.US,162.346
2025-06-04,US4642863926,URTH.US,162.5429
2025-06-05,US4642863926,URTH.US,161.8735
2025-06-06,US4642863926,URTH.US,163.2615
2025-06-09,US4642863926,URTH.US,163.3402
2025-06-10,US4642863926,URTH.US,163.9506
2025-06-11,US4642863926,URTH.US,163.5765
2025-06-12,US4642863926,URTH.US,164.364
2025-06-13,US4642863926,URTH.US,162.4248
2025-06-16,US4642863926,URTH.US,163.8344
2025-06-17,US4642863926,URTH.US,162.3266
2025-06-18,US4642863926,URTH.US,162.3662
2025-06-20,US4642863926,URTH.US,161.7115
2025-06-23,US4642863926,URTH.US,163.1697
2025-06-24,US4642863926,URTH.US,165.0743
2025-06-25,US4642863926,URTH.US,164.7867
2025-06-26,US4642863926,URTH.US,166.354
2025-06-27,US4642863926,URTH.US,167.2368
2025-06-30,US4642863926,URTH.US,168.0205
2025-07-01,US4642863926,URTH.US,167.7923
2025-07-02,US4642863926,URTH.US,168.5066
2025-07-03,US4642863926,URTH.US,169.4985
2025-07-07,US4642863926,URTH.US,168.1098
2025-07-08,US4642863926,URTH.US,168.199
2025-07-09,US4642863926,URTH.US,169.3299
2025-07-10,US4642863926,URTH.US,169.6572
2025-07-11,US4642863926,URTH.US,168.7446
2025-07-14,US4642863926,URTH.US,169.0918
2025-07-15,US4642863926,URTH.US,168.1098
2025-07-16,US4642863926,URTH.US,168.6355
2025-07-17,US4642863926,URTH.US,169.5779
2025-07-18,US4642863926,URTH.US,169.439
2025-07-21,US4642863926,URTH.US,169.8457
2025-07-22,US4642863926,URTH.US,170.1433
2025-07-23,US4642863926,URTH.US,172.0975
2025-07-24,US4642863926,URTH.US,171.9586
2025-07-25,US4642863926,URTH.US,172.3554
2025-07-28,US4642863926,URTH.US,171.6114
2025-07-29,US4642863926,URTH.US,171.2444
2025-07-30,US4642863926,URTH.US,170.7583
2025-07-31,US4642863926,URTH.US,169.7267
2025-08-01,US4642863926,URTH.US,167.6039
2025-08-04,US4642863926,URTH.US,170.0441
2025-08-05,US4642863926,URTH.US,169.4688
2025-08-06,US4642863926,URTH.US,170.8079
2025-08-07,US4642863926,URTH.US,170.9666
2025-08-08,US4642863926,URTH.US,172.2364
2025-08-11,US4642863926,URTH.US,171.7106
2025-08-12,US4642863926,URTH.US,173.7144
2025-08-13,US4642863926,URTH.US,174.3592
2025-08-14,US4642863926,URTH.US,174.1906
2025-08-15,US4642863926,URTH.US,174.3096
2025-08-18,US4642863926,URTH.US,174.1112
2025-08-19,US4642863926,URTH.US,173.3871
2025-08-20,US4642863926,URTH.US,173.268
2025-08-21,US4642863926,URTH.US,172.5637
2025-08-22,US4642863926,URTH.US,175.1429
2025-08-25,US4642863926,URTH.US,174.0814
2025-08-26,US4642863926,URTH.US,174.5278
2025-08-27,US4642863926,URTH.US,174.7957
2025-08-28,US4642863926,URTH.US,175.5
2025-08-29,US4642863926,URTH.US,174.4683
2025-09-02,US4642863926,URTH.US,173.149
2025-09-03,US4642863926,URTH.US,173.7938
2025-09-04,US4642863926,URTH.US,175.2421
2025-09-05,US4642863926,URTH.US,175.0139
2025-09-08,US4642863926,URTH.US,175.8372
2025-09-09,US4642863926,URTH.US,176.1348
2025-09-10,US4642863926,URTH.US,176.4324
2025-09-11,US4642863926,URTH.US,178.0295
2025-09-12,US4642863926,URTH.US,177.8113
2025-09-15,US4642863926,URTH.US,178.7338
2025-09-16,US4642863926,URTH.US,178.5652
2025-09-17,US4642863926,URTH.US,178.1188
2025-09-18,US4642863926,URTH.US,179.0512
2025-09-19,US4642863926,URTH.US,179.5869
2025-09-22,US4642863926,URTH.US,180.2515
2025-09-23,US4642863926,URTH.US,179.5175
2025-09-24,US4642863926,URTH.US,178.714
2025-09-25,US4642863926,URTH.US,177.9005
2025-09-26,US4642863926,URTH.US,178.8528
2025-09-29,US4642863926,URTH.US,179.4778
2025-09-30,US4642863926,URTH.US,180.1027
2025-10-01,US4642863926,URTH.US,180.8963
2025-10-02,US4642863926,URTH.US,181.1741
2025-10-03,US4642863926,URTH.US,181.5411
2025-10-06,US4642863926,URTH.US,182.1363
2025-10-07,US4642863926,URTH.US,181.1542
2025-10-08,US4642863926,URTH.US,182.047
2025-10-09,US4642863926,URTH.US,181.2038
2025-10-10,US4642863926,URTH.US,176.7697
2025-10-13,US4642863926,URTH.US,179.2
2025-10-14,US4642863926,URTH.US,179.3191
2025-10-15,US4642863926,URTH.US,180.0531
2025-10-16,US4642863926,URTH.US,179.4282
2025-10-17,US4642863926,URTH.US,180.1821
2025-10-20,US4642863926,URTH.US,181.7692
2025-10-21,US4642863926,URTH.US,181.3923
2025-10-22,US4642863926,URTH.US,180.5293
2025-10-23,US4642863926,URTH.US,181.6899
2025-10-24,US4642863926,URTH.US,182.8108
2025-10-27,US4642863926,URTH.US,184.765
2025-10-28,US4642863926,URTH.US,185.1419
2025-10-29,US4642863926,URTH.US,184.7154
2025-10-30,US4642863926,URTH.US,183.1679
2025-10-31,US4642863926,URTH.US,183.5449
2025-11-03,US4642863926,URTH.US,183.8722
2025-11-04,US4642863926,URTH.US,181.6105
2025-11-05,US4642863926,URTH.US,182.4339
2025-11-06,US4642863926,URTH.US,180.7078
2025-11-07,US4642863926,URTH.US,181.0947
2025-11-10,US4642863926,URTH.US,183.6837
2025-11-11,US4642863926,URTH.US,184.269
2025-11-12,US4642863926,URTH.US,184.7452
2025-11-13,US4642863926,URTH.US,181.7593
2025-11-14,US4642863926,URTH.US,181.7196
2025-11-17,US4642863926,URTH.US,179.825
2025-11-18,US4642863926,URTH.US,178.3271
2025-11-19,US4642863926,URTH.US,178.6148
2025-11-20,US4642863926,URTH.US,175.8769
2025-11-21,US4642863926,URTH.US,177.7418
2025-11-24,US4642863926,URTH.US,179.7059
2025-11-25,US4642863926,URTH.US,181.7494
2025-11-26,US4642863926,URTH.US,183.2473
2025-11-28,US4642863926,URTH.US,184.1698
2025-12-01,US4642863926,URTH.US,183.3465
2025-12-02,US4642863926,URTH.US,183.7929
2025-12-03,US4642863926,URTH.US,184.5666
2025-12-04,US4642863926,URTH.US,184.7551
2025-12-05,US4642863926,URTH.US,185.0824
2025-12-08,US4642863926,URTH.US,184.4178
2025-12-09,US4642863926,URTH.US,184.3881
2025-12-10,US4642863926,URTH.US,185.628
2025-12-11,US4642863926,URTH.US,186.3422
2025-12-12,US4642863926,URTH.US,184.5964
2025-12-15,US4642863926,URTH.US,184.765
2025-12-16,US4642863926,URTH.US,184.19
2025-12-17,US4642863926,URTH.US,182.29
2025-12-18,US4642863926,URTH.US,183.67
2025-12-19,US4642863926,URTH.US,185.18
2025-12-22,US4642863926,URTH.US,186.29
2025-12-23,US4642863926,URTH.US,187.21
2025-12-24,US4642863926,URTH.US,187.72
2025-12-26,US4642863926,URTH.US,187.81
2025-12-29,US4642863926,URTH.US,187.1
2025-12-30,US4642863926,URTH.US,187.01
2025-12-31,US4642863926,URTH.US,185.77
2026-01-02,US4642863926,URTH.US,186.51
2026-01-05,US4642863926,URTH.US,188.01
2026-01-06,US4642863926,URTH.US,188.98
2026-01-07,US4642863926,URTH.US,188.22
2026-01-08,US4642863926,URTH.US,188.24
2026-01-09,US4642863926,URTH.US,189.53
2026-01-12,US4642863926,URTH.US,190.05
2026-01-13,US4642863926,URTH.US,189.53
2026-01-14,US4642863926,URTH.US,188.93
2026-01-15,US4642863926,URTH.US,189.25
2026-01-16,US4642863926,URTH.US,189.21
2026-01-20,US4642863926,URTH.US,185.64
2026-01-21,US4642863926,URTH.US,187.66
2026-01-22,US4642863926,URTH.US,188.56
2026-01-23,US4642863926,URTH.US,188.86
2026-01-26,US4642863926,URTH.US,189.91
2026-01-27,US4642863926,URTH.US,191.29
2026-01-28,US4642863926,URTH.US,190.79
2026-01-29,US4642863926,URTH.US,190.8
2026-01-30,US4642863926,URTH.US,189.63
2026-02-02,US4642863926,URTH.US,190.66
2026-02-03,US4642863926,URTH.US,189.44
2026-02-04,US4642863926,URTH.US,188.98
2026-02-05,US4642863926,URTH.US,186.46
2026-02-06,US4642863926,URTH.US,190.24
2026-02-09,US4642863926,URTH.US,191.84
2026-02-10,US4642863926,URTH.US,191.6
2026-02-11,US4642863926,URTH.US,191.83
2026-02-12,US4642863926,URTH.US,189.02
2026-02-13,US4642863926,URTH.US,189.4
2026-02-17,US4642863926,URTH.US,189.46
2026-02-18,US4642863926,URTH.US,190.41
2026-02-19,US4642863926,URTH.US,189.89
2026-02-20,US4642863926,URTH.US,191.19
2026-02-23,US4642863926,URTH.US,189.5
2026-02-24,US4642863926,URTH.US,190.77
2026-02-25,US4642863926,URTH.US,192.37
2026-02-26,US4642863926,URTH.US,191.68
2026-02-27,US4642863926,URTH.US,190.84
2026-03-02,US4642863926,URTH.US,190.18
2026-03-03,US4642863926,URTH.US,187.21
2026-03-04,US4642863926,URTH.US,188.82
2026-03-05,US4642863926,URTH.US,187.09
2026-03-06,US4642863926,URTH.US,184.98
2026-03-09,US4642863926,URTH.US,186.45
2026-03-10,US4642863926,URTH.US,186.36
2026-03-11,US4642863926,URTH.US,186.02
2026-03-12,US4642863926,URTH.US,183.15
2026-03-13,US4642863926,URTH.US,181.75
2026-03-16,US4642863926,URTH.US,184.04
2026-03-17,US4642863926,URTH.US,184.49
2026-03-18,US4642863926,URTH.US,181.77
2026-03-19,US4642863926,URTH.US,181.36
2026-03-20,US4642863926,URTH.US,178.0
2026-03-23,US4642863926,URTH.US,180.54
2026-03-24,US4642863926,URTH.US,179.85
2026-03-25,US4642863926,URTH.US,181.19
2026-03-26,US4642863926,URTH.US,178.04
2026-03-27,US4642863926,URTH.US,175.42
2026-03-30,US4642863926,URTH.US,174.94
2026-03-31,US4642863926,URTH.US,180.02
2026-04-01,US4642863926,URTH.US,181.81
2026-04-02,US4642863926,URTH.US,181.72
2026-04-06,US4642863926,URTH.US,182.52
2026-04-07,US4642863926,URTH.US,182.47
2026-04-08,US4642863926,URTH.US,187.66
2026-04-09,US4642863926,URTH.US,188.36
2026-04-10,US4642863926,URTH.US,188.38
2026-04-13,US4642863926,URTH.US,189.99
2026-04-14,US4642863926,URTH.US,192.0
2026-04-15,US4642863926,URTH.US,193.33
2026-04-16,US4642863926,URTH.US,193.38
2026-04-17,US4642863926,URTH.US,195.79
2026-04-20,US4642863926,URTH.US,195.51
2026-04-21,US4642863926,URTH.US,193.28
2026-04-22,US4642863926,URTH.US,194.92
2026-04-23,US4642863926,URTH.US,193.82
2026-04-24,US4642863926,URTH.US,195.27
2020-04-27,US67066G1040,NVDA.US,7.398
2020-04-28,US67066G1040,NVDA.US,7.2556
2020-04-29,US67066G1040,NVDA.US,7.4324
2020-04-30,US67066G1040,NVDA.US,7.2785
2020-05-01,US67066G1040,NVDA.US,7.0419
2020-05-04,US67066G1040,NVDA.US,7.2537
2020-05-05,US67066G1040,NVDA.US,7.3148
2020-05-06,US67066G1040,NVDA.US,7.4157
2020-05-07,US67066G1040,NVDA.US,7.592
2020-05-08,US67066G1040,NVDA.US,7.782
2020-05-11,US67066G1040,NVDA.US,8.034
2020-05-12,US67066G1040,NVDA.US,7.772
2020-05-13,US67066G1040,NVDA.US,7.7496
2020-05-14,US67066G1040,NVDA.US,7.9991
2020-05-15,US67066G1040,NVDA.US,8.4576
2020-05-18,US67066G1040,NVDA.US,8.7161
2020-05-19,US67066G1040,NVDA.US,8.7711
2020-05-20,US67066G1040,NVDA.US,8.935
2020-05-21,US67066G1040,NVDA.US,8.741
2020-05-22,US67066G1040,NVDA.US,8.991
2020-05-26,US67066G1040,NVDA.US,8.6837
2020-05-27,US67066G1040,NVDA.US,8.492
2020-05-28,US67066G1040,NVDA.US,8.4539
2020-05-29,US67066G1040,NVDA.US,8.8408
2020-06-01,US67066G1040,NVDA.US,8.7719
2020-06-02,US67066G1040,NVDA.US,8.7908
2020-06-03,US67066G1040,NVDA.US,8.7353
2020-06-04,US67066G1040,NVDA.US,8.7363
2020-06-05,US67066G1040,NVDA.US,8.8892
2020-06-08,US67066G1040,NVDA.US,8.7746
2020-06-09,US67066G1040,NVDA.US,9.0148
2020-06-10,US67066G1040,NVDA.US,9.3344
2020-06-11,US67066G1040,NVDA.US,8.7659
2020-06-12,US67066G1040,NVDA.US,8.9017
2020-06-15,US67066G1040,NVDA.US,9.1421
2020-06-16,US67066G1040,NVDA.US,9.0372
2020-06-17,US67066G1040,NVDA.US,9.2041
2020-06-18,US67066G1040,NVDA.US,9.1862
2020-06-19,US67066G1040,NVDA.US,9.2293
2020-06-22,US67066G1040,NVDA.US,9.4939
2020-06-23,US67066G1040,NVDA.US,9.4174
2020-06-24,US67066G1040,NVDA.US,9.2036
2020-06-25,US67066G1040,NVDA.US,9.4573
2020-06-26,US67066G1040,NVDA.US,9.1234
2020-06-29,US67066G1040,NVDA.US,9.1683
2020-06-30,US67066G1040,NVDA.US,9.465
2020-07-01,US67066G1040,NVDA.US,9.4971
2020-07-02,US67066G1040,NVDA.US,9.5791
2020-07-06,US67066G1040,NVDA.US,9.8053
2020-07-07,US67066G1040,NVDA.US,9.8377
2020-07-08,US67066G1040,NVDA.US,10.1807
2020-07-09,US67066G1040,NVDA.US,10.4727
2020-07-10,US67066G1040,NVDA.US,10.4431
2020-07-13,US67066G1040,NVDA.US,10.0176
2020-07-14,US67066G1040,NVDA.US,10.3412
2020-07-15,US67066G1040,NVDA.US,10.192
2020-07-16,US67066G1040,NVDA.US,10.0998
2020-07-17,US67066G1040,NVDA.US,10.1663
2020-07-20,US67066G1040,NVDA.US,10.4745
2020-07-21,US67066G1040,NVDA.US,10.2929
2020-07-22,US67066G1040,NVDA.US,10.4027
2020-07-23,US67066G1040,NVDA.US,10.0948
2020-07-24,US67066G1040,NVDA.US,10.1593
2020-07-27,US67066G1040,NVDA.US,10.3855
2020-07-28,US67066G1040,NVDA.US,10.1802
2020-07-29,US67066G1040,NVDA.US,10.4294
2020-07-30,US67066G1040,NVDA.US,10.5774
2020-07-31,US67066G1040,NVDA.US,10.5781
2020-08-03,US67066G1040,NVDA.US,10.9723
2020-08-04,US67066G1040,NVDA.US,11.189
2020-08-05,US67066G1040,NVDA.US,11.2478
2020-08-06,US67066G1040,NVDA.US,11.2964
2020-08-07,US67066G1040,NVDA.US,11.1609
2020-08-10,US67066G1040,NVDA.US,11.1265
2020-08-11,US67066G1040,NVDA.US,10.8126
2020-08-12,US67066G1040,NVDA.US,11.4008
2020-08-13,US67066G1040,NVDA.US,11.4035
2020-08-14,US67066G1040,NVDA.US,11.5241
2020-08-17,US67066G1040,NVDA.US,12.2944
2020-08-18,US67066G1040,NVDA.US,12.2184
2020-08-19,US67066G1040,NVDA.US,12.0966
2020-08-20,US67066G1040,NVDA.US,12.0991
2020-08-21,US67066G1040,NVDA.US,12.6397
2020-08-24,US67066G1040,NVDA.US,12.6764
2020-08-25,US67066G1040,NVDA.US,12.706
2020-08-26,US67066G1040,NVDA.US,12.7289
2020-08-27,US67066G1040,NVDA.US,12.5847
2020-08-28,US67066G1040,NVDA.US,13.1024
2020-08-31,US67066G1040,NVDA.US,13.3283
2020-09-01,US67066G1040,NVDA.US,13.7774
2020-09-02,US67066G1040,NVDA.US,14.3013
2020-09-03,US67066G1040,NVDA.US,12.9745
2020-09-04,US67066G1040,NVDA.US,12.5827
2020-09-08,US67066G1040,NVDA.US,11.8754
2020-09-09,US67066G1040,NVDA.US,12.6749
2020-09-10,US67066G1040,NVDA.US,12.2729
2020-09-11,US67066G1040,NVDA.US,12.1261
2020-09-14,US67066G1040,NVDA.US,12.8317
2020-09-15,US67066G1040,NVDA.US,12.95
2020-09-16,US67066G1040,NVDA.US,12.475
2020-09-17,US67066G1040,NVDA.US,12.4242
2020-09-18,US67066G1040,NVDA.US,12.1508
2020-09-21,US67066G1040,NVDA.US,12.4778
2020-09-22,US67066G1040,NVDA.US,12.5979
2020-09-23,US67066G1040,NVDA.US,12.0855
2020-09-24,US67066G1040,NVDA.US,12.3091
2020-09-25,US67066G1040,NVDA.US,12.8332
2020-09-28,US67066G1040,NVDA.US,12.9939
2020-09-29,US67066G1040,NVDA.US,13.1841
2020-09-30,US67066G1040,NVDA.US,13.4878
2020-10-01,US67066G1040,NVDA.US,13.5716
2020-10-02,US67066G1040,NVDA.US,13.0211
2020-10-05,US67066G1040,NVDA.US,13.5995
2020-10-06,US67066G1040,NVDA.US,13.6932
2020-10-07,US67066G1040,NVDA.US,13.92
2020-10-08,US67066G1040,NVDA.US,13.7951
2020-10-09,US67066G1040,NVDA.US,13.7194
2020-10-12,US67066G1040,NVDA.US,14.1811
2020-10-13,US67066G1040,NVDA.US,14.2033
2020-10-14,US67066G1040,NVDA.US,14.0508
2020-10-15,US67066G1040,NVDA.US,13.926
2020-10-16,US67066G1040,NVDA.US,13.768
2020-10-19,US67066G1040,NVDA.US,13.4552
2020-10-20,US67066G1040,NVDA.US,13.6025
2020-10-21,US67066G1040,NVDA.US,13.4821
2020-10-22,US67066G1040,NVDA.US,13.3189
2020-10-23,US67066G1040,NVDA.US,13.5474
2020-10-26,US67066G1040,NVDA.US,13.0998
2020-10-27,US67066G1040,NVDA.US,13.3545
2020-10-28,US67066G1040,NVDA.US,12.5872
2020-10-29,US67066G1040,NVDA.US,12.9829
2020-10-30,US67066G1040,NVDA.US,12.4945
2020-11-02,US67066G1040,NVDA.US,12.5411
2020-11-03,US67066G1040,NVDA.US,12.9785
2020-11-04,US67066G1040,NVDA.US,13.7508
2020-11-05,US67066G1040,NVDA.US,14.1154
2020-11-06,US67066G1040,NVDA.US,14.5161
2020-11-09,US67066G1040,NVDA.US,13.5878
2020-11-10,US67066G1040,NVDA.US,12.7297
2020-11-11,US67066G1040,NVDA.US,13.3757
2020-11-12,US67066G1040,NVDA.US,13.4143
2020-11-13,US67066G1040,NVDA.US,13.2551
2020-11-16,US67066G1040,NVDA.US,13.4726
2020-11-17,US67066G1040,NVDA.US,13.3799
2020-11-18,US67066G1040,NVDA.US,13.3864
2020-11-19,US67066G1040,NVDA.US,13.3979
2020-11-20,US67066G1040,NVDA.US,13.0465
2020-11-23,US67066G1040,NVDA.US,13.0986
2020-11-24,US67066G1040,NVDA.US,12.9169
2020-11-25,US67066G1040,NVDA.US,13.193
2020-11-27,US67066G1040,NVDA.US,13.2194
2020-11-30,US67066G1040,NVDA.US,13.3592
2020-12-01,US67066G1040,NVDA.US,13.3478
2020-12-02,US67066G1040,NVDA.US,13.5018
2020-12-03,US67066G1040,NVDA.US,13.3577
2020-12-04,US67066G1040,NVDA.US,13.5195
2020-12-07,US67066G1040,NVDA.US,13.5679
2020-12-08,US67066G1040,NVDA.US,13.3118
2020-12-09,US67066G1040,NVDA.US,12.8938
2020-12-10,US67066G1040,NVDA.US,12.9352
2020-12-11,US67066G1040,NVDA.US,12.9761
2020-12-14,US67066G1040,NVDA.US,13.2707
2020-12-15,US67066G1040,NVDA.US,13.3223
2020-12-16,US67066G1040,NVDA.US,13.2046
2020-12-17,US67066G1040,NVDA.US,13.3031
2020-12-18,US67066G1040,NVDA.US,13.2341
2020-12-21,US67066G1040,NVDA.US,13.2941
2020-12-22,US67066G1040,NVDA.US,13.2403
2020-12-23,US67066G1040,NVDA.US,12.9721
2020-12-24,US67066G1040,NVDA.US,12.9566
2020-12-28,US67066G1040,NVDA.US,12.8631
2020-12-29,US67066G1040,NVDA.US,12.9063
2020-12-30,US67066G1040,NVDA.US,13.1082
2020-12-31,US67066G1040,NVDA.US,13.0177
2021-01-04,US67066G1040,NVDA.US,13.076
2021-01-05,US67066G1040,NVDA.US,13.3664
2021-01-06,US67066G1040,NVDA.US,12.5784
2021-01-07,US67066G1040,NVDA.US,13.3059
2021-01-08,US67066G1040,NVDA.US,13.2388
2021-01-11,US67066G1040,NVDA.US,13.5826
2021-01-12,US67066G1040,NVDA.US,13.4462
2021-01-13,US67066G1040,NVDA.US,13.4931
2021-01-14,US67066G1040,NVDA.US,13.1625
2021-01-15,US67066G1040,NVDA.US,12.8227
2021-01-19,US67066G1040,NVDA.US,12.988
2021-01-20,US67066G1040,NVDA.US,13.3275
2021-01-21,US67066G1040,NVDA.US,13.8279
2021-01-22,US67066G1040,NVDA.US,13.6733
2021-01-25,US67066G1040,NVDA.US,13.6142
2021-01-26,US67066G1040,NVDA.US,13.3968
2021-01-27,US67066G1040,NVDA.US,12.8808
2021-01-28,US67066G1040,NVDA.US,13.0137
2021-01-29,US67066G1040,NVDA.US,12.9526
2021-02-01,US67066G1040,NVDA.US,13.1992
2021-02-02,US67066G1040,NVDA.US,13.518
2021-02-03,US67066G1040,NVDA.US,13.4918
2021-02-04,US67066G1040,NVDA.US,13.6252
2021-02-05,US67066G1040,NVDA.US,13.5522
2021-02-08,US67066G1040,NVDA.US,14.3975
2021-02-09,US67066G1040,NVDA.US,14.2225
2021-02-10,US67066G1040,NVDA.US,14.722
2021-02-11,US67066G1040,NVDA.US,15.2072
2021-02-12,US67066G1040,NVDA.US,14.9185
2021-02-16,US67066G1040,NVDA.US,15.2864
2021-02-17,US67066G1040,NVDA.US,14.8634
2021-02-18,US67066G1040,NVDA.US,14.7866
2021-02-19,US67066G1040,NVDA.US,14.8838
2021-02-22,US67066G1040,NVDA.US,14.3147
2021-02-23,US67066G1040,NVDA.US,14.1016
2021-02-24,US67066G1040,NVDA.US,14.4576
2021-02-25,US67066G1040,NVDA.US,13.2695
2021-02-26,US67066G1040,NVDA.US,13.6753
2021-03-01,US67066G1040,NVDA.US,13.8022
2021-03-02,US67066G1040,NVDA.US,13.3679
2021-03-03,US67066G1040,NVDA.US,12.7682
2021-03-04,US67066G1040,NVDA.US,12.3349
2021-03-05,US67066G1040,NVDA.US,12.4259
2021-03-08,US67066G1040,NVDA.US,11.5601
2021-03-09,US67066G1040,NVDA.US,12.4888
2021-03-10,US67066G1040,NVDA.US,12.4369
2021-03-11,US67066G1040,NVDA.US,12.9608
2021-03-12,US67066G1040,NVDA.US,12.8237
2021-03-15,US67066G1040,NVDA.US,13.1581
2021-03-16,US67066G1040,NVDA.US,13.2578
2021-03-17,US67066G1040,NVDA.US,13.3077
2021-03-18,US67066G1040,NVDA.US,12.6905
2021-03-19,US67066G1040,NVDA.US,12.8135
2021-03-22,US67066G1040,NVDA.US,13.1531
2021-03-23,US67066G1040,NVDA.US,13.0379
2021-03-24,US67066G1040,NVDA.US,12.6112
2021-03-25,US67066G1040,NVDA.US,12.5037
2021-03-26,US67066G1040,NVDA.US,12.807
2021-03-29,US67066G1040,NVDA.US,12.9157
2021-03-30,US67066G1040,NVDA.US,12.8394
2021-03-31,US67066G1040,NVDA.US,13.3147
2021-04-01,US67066G1040,NVDA.US,13.777
2021-04-05,US67066G1040,NVDA.US,13.9523
2021-04-06,US67066G1040,NVDA.US,13.8267
2021-04-07,US67066G1040,NVDA.US,14.1079
2021-04-08,US67066G1040,NVDA.US,14.281
2021-04-09,US67066G1040,NVDA.US,14.3638
2021-04-12,US67066G1040,NVDA.US,15.1708
2021-04-13,US67066G1040,NVDA.US,15.6401
2021-04-14,US67066G1040,NVDA.US,15.2386
2021-04-15,US67066G1040,NVDA.US,16.0967
2021-04-16,US67066G1040,NVDA.US,15.8725
2021-04-19,US67066G1040,NVDA.US,15.3231
2021-04-20,US67066G1040,NVDA.US,15.1331
2021-04-21,US67066G1040,NVDA.US,15.3219
2021-04-22,US67066G1040,NVDA.US,14.8129
2021-04-23,US67066G1040,NVDA.US,15.2269
2021-04-26,US67066G1040,NVDA.US,15.4391
2021-04-27,US67066G1040,NVDA.US,15.3431
2021-04-28,US67066G1040,NVDA.US,15.2383
2021-04-29,US67066G1040,NVDA.US,15.2862
2021-04-30,US67066G1040,NVDA.US,14.9718
2021-05-03,US67066G1040,NVDA.US,14.7994
2021-05-04,US67066G1040,NVDA.US,14.3152
2021-05-05,US67066G1040,NVDA.US,14.4221
2021-05-06,US67066G1040,NVDA.US,14.4865
2021-05-07,US67066G1040,NVDA.US,14.775
2021-05-10,US67066G1040,NVDA.US,14.2299
2021-05-11,US67066G1040,NVDA.US,14.2703
2021-05-12,US67066G1040,NVDA.US,13.7239
2021-05-13,US67066G1040,NVDA.US,13.6309
2021-05-14,US67066G1040,NVDA.US,14.2072
2021-05-17,US67066G1040,NVDA.US,14.1299
2021-05-18,US67066G1040,NVDA.US,13.9805
2021-05-19,US67066G1040,NVDA.US,14.0304
2021-05-20,US67066G1040,NVDA.US,14.5758
2021-05-21,US67066G1040,NVDA.US,14.9541
2021-05-24,US67066G1040,NVDA.US,15.5727
2021-05-25,US67066G1040,NVDA.US,15.6084
2021-05-26,US67066G1040,NVDA.US,15.6605
2021-05-27,US67066G1040,NVDA.US,15.4491
2021-05-28,US67066G1040,NVDA.US,16.2037
2021-06-01,US67066G1040,NVDA.US,16.2236
2021-06-02,US67066G1040,NVDA.US,16.7361
2021-06-03,US67066G1040,NVDA.US,16.9271
2021-06-04,US67066G1040,NVDA.US,17.5341
2021-06-07,US67066G1040,NVDA.US,17.5747
2021-06-08,US67066G1040,NVDA.US,17.4131
2021-06-09,US67066G1040,NVDA.US,17.3186
2021-06-10,US67066G1040,NVDA.US,17.3852
2021-06-11,US67066G1040,NVDA.US,17.7845
2021-06-14,US67066G1040,NVDA.US,17.9776
2021-06-15,US67066G1040,NVDA.US,17.7478
2021-06-16,US67066G1040,NVDA.US,17.7695
2021-06-17,US67066G1040,NVDA.US,18.6146
2021-06-18,US67066G1040,NVDA.US,18.5962
2021-06-21,US67066G1040,NVDA.US,18.3851
2021-06-22,US67066G1040,NVDA.US,18.8436
2021-06-23,US67066G1040,NVDA.US,19.0137
2021-06-24,US67066G1040,NVDA.US,19.1616
2021-06-25,US67066G1040,NVDA.US,18.9875
2021-06-28,US67066G1040,NVDA.US,19.9393
2021-06-29,US67066G1040,NVDA.US,19.981
2021-06-30,US67066G1040,NVDA.US,19.9568
2021-07-01,US67066G1040,NVDA.US,20.1658
2021-07-02,US67066G1040,NVDA.US,20.4402
2021-07-06,US67066G1040,NVDA.US,20.6512
2021-07-07,US67066G1040,NVDA.US,20.3252
2021-07-08,US67066G1040,NVDA.US,19.8573
2021-07-09,US67066G1040,NVDA.US,20.0044
2021-07-12,US67066G1040,NVDA.US,20.4656
2021-07-13,US67066G1040,NVDA.US,20.2037
2021-07-14,US67066G1040,NVDA.US,19.7962
2021-07-15,US67066G1040,NVDA.US,18.9229
2021-07-16,US67066G1040,NVDA.US,18.1195
2021-07-19,US67066G1040,NVDA.US,18.7368
2021-07-20,US67066G1040,NVDA.US,18.5695
2021-07-21,US67066G1040,NVDA.US,19.3656
2021-07-22,US67066G1040,NVDA.US,19.5492
2021-07-23,US67066G1040,NVDA.US,19.5133
2021-07-26,US67066G1040,NVDA.US,19.2499
2021-07-27,US67066G1040,NVDA.US,19.1641
2021-07-28,US67066G1040,NVDA.US,19.4584
2021-07-29,US67066G1040,NVDA.US,19.6171
2021-07-30,US67066G1040,NVDA.US,19.4544
2021-08-02,US67066G1040,NVDA.US,19.7049
2021-08-03,US67066G1040,NVDA.US,19.7697
2021-08-04,US67066G1040,NVDA.US,20.2277
2021-08-05,US67066G1040,NVDA.US,20.5898
2021-08-06,US67066G1040,NVDA.US,20.3195
2021-08-09,US67066G1040,NVDA.US,20.2486
2021-08-10,US67066G1040,NVDA.US,19.8904
2021-08-11,US67066G1040,NVDA.US,19.654
2021-08-12,US67066G1040,NVDA.US,19.8595
2021-08-13,US67066G1040,NVDA.US,20.1419
2021-08-16,US67066G1040,NVDA.US,19.9044
2021-08-17,US67066G1040,NVDA.US,19.4135
2021-08-18,US67066G1040,NVDA.US,18.9965
2021-08-19,US67066G1040,NVDA.US,19.7528
2021-08-20,US67066G1040,NVDA.US,20.7684
2021-08-23,US67066G1040,NVDA.US,21.9078
2021-08-24,US67066G1040,NVDA.US,21.7432
2021-08-25,US67066G1040,NVDA.US,22.1622
2021-08-26,US67066G1040,NVDA.US,22.0176
2021-08-27,US67066G1040,NVDA.US,22.5843
2021-08-30,US67066G1040,NVDA.US,22.6361
2021-08-31,US67066G1040,NVDA.US,22.3378
2021-09-01,US67066G1040,NVDA.US,22.3937
2021-09-02,US67066G1040,NVDA.US,22.3488
2021-09-03,US67066G1040,NVDA.US,22.7948
2021-09-07,US67066G1040,NVDA.US,22.6142
2021-09-08,US67066G1040,NVDA.US,22.2919
2021-09-09,US67066G1040,NVDA.US,22.1302
2021-09-10,US67066G1040,NVDA.US,22.4306
2021-09-13,US67066G1040,NVDA.US,22.1053
2021-09-14,US67066G1040,NVDA.US,22.1951
2021-09-15,US67066G1040,NVDA.US,22.2939
2021-09-16,US67066G1040,NVDA.US,22.1951
2021-09-17,US67066G1040,NVDA.US,21.8538
2021-09-20,US67066G1040,NVDA.US,21.0685
2021-09-21,US67066G1040,NVDA.US,21.2012
2021-09-22,US67066G1040,NVDA.US,21.8947
2021-09-23,US67066G1040,NVDA.US,22.4346
2021-09-24,US67066G1040,NVDA.US,22.0344
2021-09-27,US67066G1040,NVDA.US,21.6143
2021-09-28,US67066G1040,NVDA.US,20.6553
2021-09-29,US67066G1040,NVDA.US,20.4737
2021-09-30,US67066G1040,NVDA.US,20.6723
2021-10-01,US67066G1040,NVDA.US,20.6982
2021-10-04,US67066G1040,NVDA.US,19.6904
2021-10-05,US67066G1040,NVDA.US,20.4079
2021-10-06,US67066G1040,NVDA.US,20.6563
2021-10-07,US67066G1040,NVDA.US,21.0305
2021-10-08,US67066G1040,NVDA.US,20.7871
2021-10-11,US67066G1040,NVDA.US,20.6513
2021-10-12,US67066G1040,NVDA.US,20.6274
2021-10-13,US67066G1040,NVDA.US,20.8948
2021-10-14,US67066G1040,NVDA.US,21.7001
2021-10-15,US67066G1040,NVDA.US,21.8159
2021-10-18,US67066G1040,NVDA.US,22.1751
2021-10-19,US67066G1040,NVDA.US,22.243
2021-10-20,US67066G1040,NVDA.US,22.0564
2021-10-21,US67066G1040,NVDA.US,22.6441
2021-10-22,US67066G1040,NVDA.US,22.6781
2021-10-25,US67066G1040,NVDA.US,23.1171
2021-10-26,US67066G1040,NVDA.US,24.6649
2021-10-27,US67066G1040,NVDA.US,24.3994
2021-10-28,US67066G1040,NVDA.US,24.8884
2021-10-29,US67066G1040,NVDA.US,25.5131
2021-11-01,US67066G1040,NVDA.US,25.7725
2021-11-02,US67066G1040,NVDA.US,26.3453
2021-11-03,US67066G1040,NVDA.US,26.5419
2021-11-04,US67066G1040,NVDA.US,29.7381
2021-11-05,US67066G1040,NVDA.US,29.6892
2021-11-08,US67066G1040,NVDA.US,30.739
2021-11-09,US67066G1040,NVDA.US,30.5923
2021-11-10,US67066G1040,NVDA.US,29.3969
2021-11-11,US67066G1040,NVDA.US,30.3259
2021-11-12,US67066G1040,NVDA.US,30.3259
2021-11-15,US67066G1040,NVDA.US,29.9617
2021-11-16,US67066G1040,NVDA.US,30.1393
2021-11-17,US67066G1040,NVDA.US,29.1993
2021-11-18,US67066G1040,NVDA.US,31.6082
2021-11-19,US67066G1040,NVDA.US,32.9154
2021-11-22,US67066G1040,NVDA.US,31.8886
2021-11-23,US67066G1040,NVDA.US,31.679
2021-11-24,US67066G1040,NVDA.US,32.6051
2021-11-26,US67066G1040,NVDA.US,31.4365
2021-11-29,US67066G1040,NVDA.US,33.3056
2021-11-30,US67066G1040,NVDA.US,32.6071
2021-12-01,US67066G1040,NVDA.US,31.3725
2021-12-02,US67066G1040,NVDA.US,32.0622
2021-12-03,US67066G1040,NVDA.US,30.632
2021-12-06,US67066G1040,NVDA.US,29.9773
2021-12-07,US67066G1040,NVDA.US,32.3626
2021-12-08,US67066G1040,NVDA.US,31.7627
2021-12-09,US67066G1040,NVDA.US,30.4294
2021-12-10,US67066G1040,NVDA.US,30.138
2021-12-13,US67066G1040,NVDA.US,28.105
2021-12-14,US67066G1040,NVDA.US,28.2807
2021-12-15,US67066G1040,NVDA.US,30.3985
2021-12-16,US67066G1040,NVDA.US,28.3306
2021-12-17,US67066G1040,NVDA.US,27.7457
2021-12-20,US67066G1040,NVDA.US,27.6639
2021-12-21,US67066G1040,NVDA.US,29.0172
2021-12-22,US67066G1040,NVDA.US,29.3416
2021-12-23,US67066G1040,NVDA.US,29.5811
2021-12-27,US67066G1040,NVDA.US,30.8835
2021-12-28,US67066G1040,NVDA.US,30.2617
2021-12-29,US67066G1040,NVDA.US,29.9414
2021-12-30,US67066G1040,NVDA.US,29.5272
2021-12-31,US67066G1040,NVDA.US,29.3525
2022-01-03,US67066G1040,NVDA.US,30.0611
2022-01-04,US67066G1040,NVDA.US,29.2318
2022-01-05,US67066G1040,NVDA.US,27.5491
2022-01-06,US67066G1040,NVDA.US,28.122
2022-01-07,US67066G1040,NVDA.US,27.1928
2022-01-10,US67066G1040,NVDA.US,27.3455
2022-01-11,US67066G1040,NVDA.US,27.7617
2022-01-12,US67066G1040,NVDA.US,27.9434
2022-01-13,US67066G1040,NVDA.US,26.5222
2022-01-14,US67066G1040,NVDA.US,26.8885
2022-01-18,US67066G1040,NVDA.US,25.8515
2022-01-19,US67066G1040,NVDA.US,25.0172
2022-01-20,US67066G1040,NVDA.US,24.102
2022-01-21,US67066G1040,NVDA.US,23.3275
2022-01-24,US67066G1040,NVDA.US,23.3256
2022-01-25,US67066G1040,NVDA.US,22.2796
2022-01-26,US67066G1040,NVDA.US,22.7267
2022-01-27,US67066G1040,NVDA.US,21.9004
2022-01-28,US67066G1040,NVDA.US,22.7946
2022-01-31,US67066G1040,NVDA.US,24.4373
2022-02-01,US67066G1040,NVDA.US,24.589
2022-02-02,US67066G1040,NVDA.US,25.1918
2022-02-03,US67066G1040,NVDA.US,23.9004
2022-02-04,US67066G1040,NVDA.US,24.2707
2022-02-07,US67066G1040,NVDA.US,24.6789
2022-02-08,US67066G1040,NVDA.US,25.0581
2022-02-09,US67066G1040,NVDA.US,26.6519
2022-02-10,US67066G1040,NVDA.US,25.7727
2022-02-11,US67066G1040,NVDA.US,23.9014
2022-02-14,US67066G1040,NVDA.US,24.2188
2022-02-15,US67066G1040,NVDA.US,26.4423
2022-02-16,US67066G1040,NVDA.US,26.4583
2022-02-17,US67066G1040,NVDA.US,24.4583
2022-02-18,US67066G1040,NVDA.US,23.595
2022-02-22,US67066G1040,NVDA.US,23.3435
2022-02-23,US67066G1040,NVDA.US,22.3425
2022-02-24,US67066G1040,NVDA.US,23.7008
2022-02-25,US67066G1040,NVDA.US,24.109
2022-02-28,US67066G1040,NVDA.US,24.3365
2022-03-01,US67066G1040,NVDA.US,23.4303
2022-03-02,US67066G1040,NVDA.US,24.176
2022-03-03,US67066G1040,NVDA.US,23.6709
2022-03-04,US67066G1040,NVDA.US,22.8943
2022-03-07,US67066G1040,NVDA.US,21.3132
2022-03-08,US67066G1040,NVDA.US,21.4749
2022-03-09,US67066G1040,NVDA.US,22.9722
2022-03-10,US67066G1040,NVDA.US,22.6168
2022-03-11,US67066G1040,NVDA.US,22.0598
2022-03-14,US67066G1040,NVDA.US,21.2912
2022-03-15,US67066G1040,NVDA.US,22.9313
2022-03-16,US67066G1040,NVDA.US,24.4515
2022-03-17,US67066G1040,NVDA.US,24.721
2022-03-18,US67066G1040,NVDA.US,26.4049
2022-03-21,US67066G1040,NVDA.US,26.6854
2022-03-22,US67066G1040,NVDA.US,26.4758
2022-03-23,US67066G1040,NVDA.US,25.5874
2022-03-24,US67066G1040,NVDA.US,28.0988
2022-03-25,US67066G1040,NVDA.US,27.6417
2022-03-28,US67066G1040,NVDA.US,28.1677
2022-03-29,US67066G1040,NVDA.US,28.6039
2022-03-30,US67066G1040,NVDA.US,27.6397
2022-03-31,US67066G1040,NVDA.US,27.2364
2022-04-01,US67066G1040,NVDA.US,26.6635
2022-04-04,US67066G1040,NVDA.US,27.3103
2022-04-05,US67066G1040,NVDA.US,25.8839
2022-04-06,US67066G1040,NVDA.US,24.3626
2022-04-07,US67066G1040,NVDA.US,24.164
2022-04-08,US67066G1040,NVDA.US,23.077
2022-04-11,US67066G1040,NVDA.US,21.8772
2022-04-12,US67066G1040,NVDA.US,21.4649
2022-04-13,US67066G1040,NVDA.US,22.1626
2022-04-14,US67066G1040,NVDA.US,21.2194
2022-04-18,US67066G1040,NVDA.US,21.7434
2022-04-19,US67066G1040,NVDA.US,22.1577
2022-04-20,US67066G1040,NVDA.US,21.443
2022-04-21,US67066G1040,NVDA.US,20.1463
2022-04-22,US67066G1040,NVDA.US,19.4795
2022-04-25,US67066G1040,NVDA.US,19.8658
2022-04-26,US67066G1040,NVDA.US,18.7539
2022-04-27,US67066G1040,NVDA.US,18.3815
2022-04-28,US67066G1040,NVDA.US,19.746
2022-04-29,US67066G1040,NVDA.US,18.5133
2022-05-02,US67066G1040,NVDA.US,19.4975
2022-05-03,US67066G1040,NVDA.US,19.5664
2022-05-04,US67066G1040,NVDA.US,20.297
2022-05-05,US67066G1040,NVDA.US,18.8098
2022-05-06,US67066G1040,NVDA.US,18.6411
2022-05-09,US67066G1040,NVDA.US,16.9192
2022-05-10,US67066G1040,NVDA.US,17.563
2022-05-11,US67066G1040,NVDA.US,16.5998
2022-05-12,US67066G1040,NVDA.US,16.1456
2022-05-13,US67066G1040,NVDA.US,17.6738
2022-05-16,US67066G1040,NVDA.US,17.2326
2022-05-17,US67066G1040,NVDA.US,18.144
2022-05-18,US67066G1040,NVDA.US,16.9072
2022-05-19,US67066G1040,NVDA.US,17.0929
2022-05-20,US67066G1040,NVDA.US,16.6637
2022-05-23,US67066G1040,NVDA.US,16.8673
2022-05-24,US67066G1040,NVDA.US,16.1246
2022-05-25,US67066G1040,NVDA.US,16.9442
2022-05-26,US67066G1040,NVDA.US,17.8186
2022-05-27,US67066G1040,NVDA.US,18.7768
2022-05-31,US67066G1040,NVDA.US,18.6381
2022-06-01,US67066G1040,NVDA.US,18.2867
2022-06-02,US67066G1040,NVDA.US,19.5564
2022-06-03,US67066G1040,NVDA.US,18.686
2022-06-06,US67066G1040,NVDA.US,18.7519
2022-06-07,US67066G1040,NVDA.US,18.8916
2022-06-08,US67066G1040,NVDA.US,18.618
2022-06-09,US67066G1040,NVDA.US,18.019
2022-06-10,US67066G1040,NVDA.US,16.9467
2022-06-13,US67066G1040,NVDA.US,15.6219
2022-06-14,US67066G1040,NVDA.US,15.8106
2022-06-15,US67066G1040,NVDA.US,16.5005
2022-06-16,US67066G1040,NVDA.US,15.5759
2022-06-17,US67066G1040,NVDA.US,15.8545
2022-06-21,US67066G1040,NVDA.US,16.5394
2022-06-22,US67066G1040,NVDA.US,16.3337
2022-06-23,US67066G1040,NVDA.US,16.1989
2022-06-24,US67066G1040,NVDA.US,17.0985
2022-06-27,US67066G1040,NVDA.US,16.8419
2022-06-28,US67066G1040,NVDA.US,15.9563
2022-06-29,US67066G1040,NVDA.US,15.517
2022-06-30,US67066G1040,NVDA.US,15.1346
2022-07-01,US67066G1040,NVDA.US,14.4997
2022-07-05,US67066G1040,NVDA.US,14.94
2022-07-06,US67066G1040,NVDA.US,15.1057
2022-07-07,US67066G1040,NVDA.US,15.8325
2022-07-08,US67066G1040,NVDA.US,15.8126
2022-07-11,US67066G1040,NVDA.US,15.1277
2022-07-12,US67066G1040,NVDA.US,15.0578
2022-07-13,US67066G1040,NVDA.US,15.1396
2022-07-14,US67066G1040,NVDA.US,15.3473
2022-07-15,US67066G1040,NVDA.US,15.7367
2022-07-18,US67066G1040,NVDA.US,16.0751
2022-07-19,US67066G1040,NVDA.US,16.9647
2022-07-20,US67066G1040,NVDA.US,17.7784
2022-07-21,US67066G1040,NVDA.US,18.021
2022-07-22,US67066G1040,NVDA.US,17.2912
2022-07-25,US67066G1040,NVDA.US,16.9967
2022-07-26,US67066G1040,NVDA.US,16.5064
2022-07-27,US67066G1040,NVDA.US,17.7614
2022-07-28,US67066G1040,NVDA.US,17.9551
2022-07-29,US67066G1040,NVDA.US,18.1338
2022-08-01,US67066G1040,NVDA.US,18.4114
2022-08-02,US67066G1040,NVDA.US,18.4962
2022-08-03,US67066G1040,NVDA.US,18.8627
2022-08-04,US67066G1040,NVDA.US,19.1841
2022-08-05,US67066G1040,NVDA.US,18.9585
2022-08-08,US67066G1040,NVDA.US,17.7644
2022-08-09,US67066G1040,NVDA.US,17.0586
2022-08-10,US67066G1040,NVDA.US,18.0679
2022-08-11,US67066G1040,NVDA.US,17.9132
2022-08-12,US67066G1040,NVDA.US,18.6789
2022-08-15,US67066G1040,NVDA.US,19.0014
2022-08-16,US67066G1040,NVDA.US,18.8487
2022-08-17,US67066G1040,NVDA.US,18.3055
2022-08-18,US67066G1040,NVDA.US,18.7428
2022-08-19,US67066G1040,NVDA.US,17.8203
2022-08-22,US67066G1040,NVDA.US,17.0066
2022-08-23,US67066G1040,NVDA.US,17.1534
2022-08-24,US67066G1040,NVDA.US,17.1943
2022-08-25,US67066G1040,NVDA.US,17.8842
2022-08-26,US67066G1040,NVDA.US,16.2339
2022-08-29,US67066G1040,NVDA.US,15.7756
2022-08-30,US67066G1040,NVDA.US,15.4432
2022-08-31,US67066G1040,NVDA.US,15.0698
2022-09-01,US67066G1040,NVDA.US,13.9146
2022-09-02,US67066G1040,NVDA.US,13.6251
2022-09-06,US67066G1040,NVDA.US,13.4434
2022-09-07,US67066G1040,NVDA.US,13.696
2022-09-08,US67066G1040,NVDA.US,13.9717
2022-09-09,US67066G1040,NVDA.US,14.3682
2022-09-12,US67066G1040,NVDA.US,14.486
2022-09-13,US67066G1040,NVDA.US,13.1138
2022-09-14,US67066G1040,NVDA.US,13.1108
2022-09-15,US67066G1040,NVDA.US,12.9121
2022-09-16,US67066G1040,NVDA.US,13.1807
2022-09-19,US67066G1040,NVDA.US,13.3645
2022-09-20,US67066G1040,NVDA.US,13.1587
2022-09-21,US67066G1040,NVDA.US,13.2436
2022-09-22,US67066G1040,NVDA.US,12.5445
2022-09-23,US67066G1040,NVDA.US,12.4996
2022-09-26,US67066G1040,NVDA.US,12.212
2022-09-27,US67066G1040,NVDA.US,12.3967
2022-09-28,US67066G1040,NVDA.US,12.7193
2022-09-29,US67066G1040,NVDA.US,12.204
2022-09-30,US67066G1040,NVDA.US,12.1231
2022-10-03,US67066G1040,NVDA.US,12.4956
2022-10-04,US67066G1040,NVDA.US,13.1498
2022-10-05,US67066G1040,NVDA.US,13.1917
2022-10-06,US67066G1040,NVDA.US,13.1128
2022-10-07,US67066G1040,NVDA.US,12.0602
2022-10-10,US67066G1040,NVDA.US,11.6547
2022-10-11,US67066G1040,NVDA.US,11.5708
2022-10-12,US67066G1040,NVDA.US,11.4849
2022-10-13,US67066G1040,NVDA.US,11.9443
2022-10-14,US67066G1040,NVDA.US,11.2123
2022-10-17,US67066G1040,NVDA.US,11.8724
2022-10-18,US67066G1040,NVDA.US,11.9513
2022-10-19,US67066G1040,NVDA.US,12.0352
2022-10-20,US67066G1040,NVDA.US,12.178
2022-10-21,US67066G1040,NVDA.US,12.4497
2022-10-24,US67066G1040,NVDA.US,12.5825
2022-10-25,US67066G1040,NVDA.US,13.2436
2022-10-26,US67066G1040,NVDA.US,12.8791
2022-10-27,US67066G1040,NVDA.US,13.1587
2022-10-28,US67066G1040,NVDA.US,13.8159
2022-10-31,US67066G1040,NVDA.US,13.4793
2022-11-01,US67066G1040,NVDA.US,13.5253
2022-11-02,US67066G1040,NVDA.US,13.2017
2022-11-03,US67066G1040,NVDA.US,13.4034
2022-11-04,US67066G1040,NVDA.US,14.1375
2022-11-07,US67066G1040,NVDA.US,14.2823
2022-11-08,US67066G1040,NVDA.US,14.5829
2022-11-09,US67066G1040,NVDA.US,13.758
2022-11-10,US67066G1040,NVDA.US,15.7294
2022-11-11,US67066G1040,NVDA.US,16.3056
2022-11-14,US67066G1040,NVDA.US,16.2737
2022-11-15,US67066G1040,NVDA.US,16.6442
2022-11-16,US67066G1040,NVDA.US,15.8892
2022-11-17,US67066G1040,NVDA.US,15.6565
2022-11-18,US67066G1040,NVDA.US,15.3888
2022-11-21,US67066G1040,NVDA.US,15.2969
2022-11-22,US67066G1040,NVDA.US,16.017
2022-11-23,US67066G1040,NVDA.US,16.4974
2022-11-25,US67066G1040,NVDA.US,16.2487
2022-11-28,US67066G1040,NVDA.US,15.8063
2022-11-29,US67066G1040,NVDA.US,15.6185
2022-11-30,US67066G1040,NVDA.US,16.9052
2022-12-01,US67066G1040,NVDA.US,17.1169
2022-12-02,US67066G1040,NVDA.US,16.8582
2022-12-05,US67066G1040,NVDA.US,16.5925
2022-12-06,US67066G1040,NVDA.US,15.9701
2022-12-07,US67066G1040,NVDA.US,16.103
2022-12-08,US67066G1040,NVDA.US,17.1509
2022-12-09,US67066G1040,NVDA.US,16.9831
2022-12-12,US67066G1040,NVDA.US,17.5165
2022-12-13,US67066G1040,NVDA.US,18.0529
2022-12-14,US67066G1040,NVDA.US,17.6554
2022-12-15,US67066G1040,NVDA.US,16.9341
2022-12-16,US67066G1040,NVDA.US,16.5535
2022-12-19,US67066G1040,NVDA.US,16.2369
2022-12-20,US67066G1040,NVDA.US,16.068
2022-12-21,US67066G1040,NVDA.US,16.4836
2022-12-22,US67066G1040,NVDA.US,15.3228
2022-12-23,US67066G1040,NVDA.US,15.19
2022-12-27,US67066G1040,NVDA.US,14.1061
2022-12-28,US67066G1040,NVDA.US,14.0212
2022-12-29,US67066G1040,NVDA.US,14.5876
2022-12-30,US67066G1040,NVDA.US,14.5986
2023-01-03,US67066G1040,NVDA.US,14.2999
2023-01-04,US67066G1040,NVDA.US,14.7335
2023-01-05,US67066G1040,NVDA.US,14.25
2023-01-06,US67066G1040,NVDA.US,14.8433
2023-01-09,US67066G1040,NVDA.US,15.6115
2023-01-10,US67066G1040,NVDA.US,15.8922
2023-01-11,US67066G1040,NVDA.US,15.9841
2023-01-12,US67066G1040,NVDA.US,16.4936
2023-01-13,US67066G1040,NVDA.US,16.8812
2023-01-17,US67066G1040,NVDA.US,17.6833
2023-01-18,US67066G1040,NVDA.US,17.3587
2023-01-19,US67066G1040,NVDA.US,16.7473
2023-01-20,US67066G1040,NVDA.US,17.8202
2023-01-23,US67066G1040,NVDA.US,19.1728
2023-01-24,US67066G1040,NVDA.US,19.2447
2023-01-25,US67066G1040,NVDA.US,19.3026
2023-01-26,US67066G1040,NVDA.US,19.7811
2023-01-27,US67066G1040,NVDA.US,20.3435
2023-01-30,US67066G1040,NVDA.US,19.1418
2023-01-31,US67066G1040,NVDA.US,19.5164
2023-02-01,US67066G1040,NVDA.US,20.9209
2023-02-02,US67066G1040,NVDA.US,21.6861
2023-02-03,US67066G1040,NVDA.US,21.0778
2023-02-06,US67066G1040,NVDA.US,21.0668
2023-02-07,US67066G1040,NVDA.US,22.1496
2023-02-08,US67066G1040,NVDA.US,22.1816
2023-02-09,US67066G1040,NVDA.US,22.3135
2023-02-10,US67066G1040,NVDA.US,21.2426
2023-02-13,US67066G1040,NVDA.US,21.765
2023-02-14,US67066G1040,NVDA.US,22.9468
2023-02-15,US67066G1040,NVDA.US,22.74
2023-02-16,US67066G1040,NVDA.US,21.9788
2023-02-17,US67066G1040,NVDA.US,21.3655
2023-02-21,US67066G1040,NVDA.US,20.6332
2023-02-22,US67066G1040,NVDA.US,20.7321
2023-02-23,US67066G1040,NVDA.US,23.6391
2023-02-24,US67066G1040,NVDA.US,23.2615
2023-02-27,US67066G1040,NVDA.US,23.4762
2023-02-28,US67066G1040,NVDA.US,23.1915
2023-03-01,US67066G1040,NVDA.US,22.6741
2023-03-02,US67066G1040,NVDA.US,23.2894
2023-03-03,US67066G1040,NVDA.US,23.8648
2023-03-06,US67066G1040,NVDA.US,23.5292
2023-03-07,US67066G1040,NVDA.US,23.2674
2023-03-08,US67066G1040,NVDA.US,24.1596
2023-03-09,US67066G1040,NVDA.US,23.4153
2023-03-10,US67066G1040,NVDA.US,22.9447
2023-03-13,US67066G1040,NVDA.US,22.9457
2023-03-14,US67066G1040,NVDA.US,24.0417
2023-03-15,US67066G1040,NVDA.US,24.2066
2023-03-16,US67066G1040,NVDA.US,25.5184
2023-03-17,US67066G1040,NVDA.US,25.7022
2023-03-20,US67066G1040,NVDA.US,25.8771
2023-03-21,US67066G1040,NVDA.US,26.1758
2023-03-22,US67066G1040,NVDA.US,26.4446
2023-03-23,US67066G1040,NVDA.US,27.167
2023-03-24,US67066G1040,NVDA.US,26.7553
2023-03-27,US67066G1040,NVDA.US,26.5075
2023-03-28,US67066G1040,NVDA.US,26.3866
2023-03-29,US67066G1040,NVDA.US,26.9601
2023-03-30,US67066G1040,NVDA.US,27.3588
2023-03-31,US67066G1040,NVDA.US,27.7524
2023-04-03,US67066G1040,NVDA.US,27.9403
2023-04-04,US67066G1040,NVDA.US,27.4287
2023-04-05,US67066G1040,NVDA.US,26.8572
2023-04-06,US67066G1040,NVDA.US,27.0131
2023-04-10,US67066G1040,NVDA.US,27.5546
2023-04-11,US67066G1040,NVDA.US,27.145
2023-04-12,US67066G1040,NVDA.US,26.4716
2023-04-13,US67066G1040,NVDA.US,26.4396
2023-04-14,US67066G1040,NVDA.US,26.7343
2023-04-17,US67066G1040,NVDA.US,26.9781
2023-04-18,US67066G1040,NVDA.US,27.6425
2023-04-19,US67066G1040,NVDA.US,27.9063
2023-04-20,US67066G1040,NVDA.US,27.08
2023-04-21,US67066G1040,NVDA.US,27.095
2023-04-24,US67066G1040,NVDA.US,27.0181
2023-04-25,US67066G1040,NVDA.US,26.2178
2023-04-26,US67066G1040,NVDA.US,26.9322
2023-04-27,US67066G1040,NVDA.US,27.2019
2023-04-28,US67066G1040,NVDA.US,27.7245
2023-05-01,US67066G1040,NVDA.US,28.8844
2023-05-02,US67066G1040,NVDA.US,28.185
2023-05-03,US67066G1040,NVDA.US,27.7774
2023-05-04,US67066G1040,NVDA.US,27.5376
2023-05-05,US67066G1040,NVDA.US,28.6546
2023-05-08,US67066G1040,NVDA.US,29.1252
2023-05-09,US67066G1040,NVDA.US,28.5457
2023-05-10,US67066G1040,NVDA.US,28.8595
2023-05-11,US67066G1040,NVDA.US,28.5527
2023-05-12,US67066G1040,NVDA.US,28.3149
2023-05-15,US67066G1040,NVDA.US,28.9274
2023-05-16,US67066G1040,NVDA.US,29.1872
2023-05-17,US67066G1040,NVDA.US,30.1513
2023-05-18,US67066G1040,NVDA.US,31.65
2023-05-19,US67066G1040,NVDA.US,31.2363
2023-05-22,US67066G1040,NVDA.US,31.1484
2023-05-23,US67066G1040,NVDA.US,30.6609
2023-05-24,US67066G1040,NVDA.US,30.511
2023-05-25,US67066G1040,NVDA.US,37.9464
2023-05-26,US67066G1040,NVDA.US,38.9116
2023-05-30,US67066G1040,NVDA.US,40.0755
2023-05-31,US67066G1040,NVDA.US,37.8005
2023-06-01,US67066G1040,NVDA.US,39.7348
2023-06-02,US67066G1040,NVDA.US,39.2922
2023-06-05,US67066G1040,NVDA.US,39.1364
2023-06-06,US67066G1040,NVDA.US,38.6198
2023-06-07,US67066G1040,NVDA.US,37.4457
2023-06-08,US67066G1040,NVDA.US,38.4799
2023-06-09,US67066G1040,NVDA.US,38.7397
2023-06-12,US67066G1040,NVDA.US,39.4512
2023-06-13,US67066G1040,NVDA.US,40.99
2023-06-14,US67066G1040,NVDA.US,42.9634
2023-06-15,US67066G1040,NVDA.US,42.6197
2023-06-16,US67066G1040,NVDA.US,42.6587
2023-06-20,US67066G1040,NVDA.US,43.7738
2023-06-21,US67066G1040,NVDA.US,43.0114
2023-06-22,US67066G1040,NVDA.US,42.9914
2023-06-23,US67066G1040,NVDA.US,42.176
2023-06-26,US67066G1040,NVDA.US,40.6003
2023-06-27,US67066G1040,NVDA.US,41.8433
2023-06-28,US67066G1040,NVDA.US,41.0849
2023-06-29,US67066G1040,NVDA.US,40.7901
2023-06-30,US67066G1040,NVDA.US,42.269
2023-07-03,US67066G1040,NVDA.US,42.3799
2023-07-05,US67066G1040,NVDA.US,42.2839
2023-07-06,US67066G1040,NVDA.US,42.0701
2023-07-07,US67066G1040,NVDA.US,42.4698
2023-07-10,US67066G1040,NVDA.US,42.1471
2023-07-11,US67066G1040,NVDA.US,42.3719
2023-07-12,US67066G1040,NVDA.US,43.8677
2023-07-13,US67066G1040,NVDA.US,45.9411
2023-07-14,US67066G1040,NVDA.US,45.4335
2023-07-17,US67066G1040,NVDA.US,46.4247
2023-07-18,US67066G1040,NVDA.US,47.4569
2023-07-19,US67066G1040,NVDA.US,47.0402
2023-07-20,US67066G1040,NVDA.US,45.4844
2023-07-21,US67066G1040,NVDA.US,44.2744
2023-07-24,US67066G1040,NVDA.US,44.5772
2023-07-25,US67066G1040,NVDA.US,45.6433
2023-07-26,US67066G1040,NVDA.US,45.4165
2023-07-27,US67066G1040,NVDA.US,45.8641
2023-07-28,US67066G1040,NVDA.US,46.7135
2023-07-31,US67066G1040,NVDA.US,46.6925
2023-08-01,US67066G1040,NVDA.US,46.4707
2023-08-02,US67066G1040,NVDA.US,44.2344
2023-08-03,US67066G1040,NVDA.US,44.4802
2023-08-04,US67066G1040,NVDA.US,44.6451
2023-08-07,US67066G1040,NVDA.US,45.381
2023-08-08,US67066G1040,NVDA.US,44.6291
2023-08-09,US67066G1040,NVDA.US,42.5208
2023-08-10,US67066G1040,NVDA.US,42.3549
2023-08-11,US67066G1040,NVDA.US,40.8231
2023-08-14,US67066G1040,NVDA.US,43.7188
2023-08-15,US67066G1040,NVDA.US,43.9057
2023-08-16,US67066G1040,NVDA.US,43.452
2023-08-17,US67066G1040,NVDA.US,43.3096
2023-08-18,US67066G1040,NVDA.US,43.2652
2023-08-21,US67066G1040,NVDA.US,46.9303
2023-08-22,US67066G1040,NVDA.US,45.6323
2023-08-23,US67066G1040,NVDA.US,47.0792
2023-08-24,US67066G1040,NVDA.US,47.1262
2023-08-25,US67066G1040,NVDA.US,45.9821
2023-08-28,US67066G1040,NVDA.US,46.7984
2023-08-29,US67066G1040,NVDA.US,48.7459
2023-08-30,US67066G1040,NVDA.US,49.2255
2023-08-31,US67066G1040,NVDA.US,49.3165
2023-09-01,US67066G1040,NVDA.US,48.4711
2023-09-05,US67066G1040,NVDA.US,48.5101
2023-09-06,US67066G1040,NVDA.US,47.0281
2023-09-07,US67066G1040,NVDA.US,46.2087
2023-09-08,US67066G1040,NVDA.US,45.5402
2023-09-11,US67066G1040,NVDA.US,45.1464
2023-09-12,US67066G1040,NVDA.US,44.8386
2023-09-13,US67066G1040,NVDA.US,45.4532
2023-09-14,US67066G1040,NVDA.US,45.5492
2023-09-15,US67066G1040,NVDA.US,43.8693
2023-09-18,US67066G1040,NVDA.US,43.9353
2023-09-19,US67066G1040,NVDA.US,43.4896
2023-09-20,US67066G1040,NVDA.US,42.2095
2023-09-21,US67066G1040,NVDA.US,40.9883
2023-09-22,US67066G1040,NVDA.US,41.5809
2023-09-25,US67066G1040,NVDA.US,42.1925
2023-09-26,US67066G1040,NVDA.US,41.8817
2023-09-27,US67066G1040,NVDA.US,42.4383
2023-09-28,US67066G1040,NVDA.US,43.0589
2023-09-29,US67066G1040,NVDA.US,43.4686
2023-10-02,US67066G1040,NVDA.US,44.7507
2023-10-03,US67066G1040,NVDA.US,43.4866
2023-10-04,US67066G1040,NVDA.US,44.0102
2023-10-05,US67066G1040,NVDA.US,44.6568
2023-10-06,US67066G1040,NVDA.US,45.73
2023-10-09,US67066G1040,NVDA.US,45.2414
2023-10-10,US67066G1040,NVDA.US,45.766
2023-10-11,US67066G1040,NVDA.US,46.7733
2023-10-12,US67066G1040,NVDA.US,46.9122
2023-10-13,US67066G1040,NVDA.US,45.4292
2023-10-16,US67066G1040,NVDA.US,46.0628
2023-10-17,US67066G1040,NVDA.US,43.9073
2023-10-18,US67066G1040,NVDA.US,42.1665
2023-10-19,US67066G1040,NVDA.US,42.0716
2023-10-20,US67066G1040,NVDA.US,41.3581
2023-10-23,US67066G1040,NVDA.US,42.945
2023-10-24,US67066G1040,NVDA.US,43.6325
2023-10-25,US67066G1040,NVDA.US,41.7498
2023-10-26,US67066G1040,NVDA.US,40.2978
2023-10-27,US67066G1040,NVDA.US,40.4717
2023-10-30,US67066G1040,NVDA.US,41.1322
2023-10-31,US67066G1040,NVDA.US,40.7515
2023-11-01,US67066G1040,NVDA.US,42.2954
2023-11-02,US67066G1040,NVDA.US,43.4756
2023-11-03,US67066G1040,NVDA.US,44.9736
2023-11-06,US67066G1040,NVDA.US,45.719
2023-11-07,US67066G1040,NVDA.US,45.9229
2023-11-08,US67066G1040,NVDA.US,46.5415
2023-11-09,US67066G1040,NVDA.US,46.9172
2023-11-10,US67066G1040,NVDA.US,48.3012
2023-11-13,US67066G1040,NVDA.US,48.586
2023-11-14,US67066G1040,NVDA.US,49.6213
2023-11-15,US67066G1040,NVDA.US,48.8538
2023-11-16,US67066G1040,NVDA.US,49.4454
2023-11-17,US67066G1040,NVDA.US,49.2636
2023-11-20,US67066G1040,NVDA.US,50.3738
2023-11-21,US67066G1040,NVDA.US,49.9091
2023-11-22,US67066G1040,NVDA.US,48.682
2023-11-24,US67066G1040,NVDA.US,47.7426
2023-11-27,US67066G1040,NVDA.US,48.2083
2023-11-28,US67066G1040,NVDA.US,47.7876
2023-11-29,US67066G1040,NVDA.US,48.1064
2023-11-30,US67066G1040,NVDA.US,46.7373
2023-12-01,US67066G1040,NVDA.US,46.7323
2023-12-04,US67066G1040,NVDA.US,45.4782
2023-12-05,US67066G1040,NVDA.US,46.5376
2023-12-06,US67066G1040,NVDA.US,45.4752
2023-12-07,US67066G1040,NVDA.US,46.5675
2023-12-08,US67066G1040,NVDA.US,47.477
2023-12-11,US67066G1040,NVDA.US,46.5985
2023-12-12,US67066G1040,NVDA.US,47.6279
2023-12-13,US67066G1040,NVDA.US,48.0586
2023-12-14,US67066G1040,NVDA.US,48.3205
2023-12-15,US67066G1040,NVDA.US,48.8601
2023-12-18,US67066G1040,NVDA.US,50.0464
2023-12-19,US67066G1040,NVDA.US,49.5737
2023-12-20,US67066G1040,NVDA.US,48.0816
2023-12-21,US67066G1040,NVDA.US,48.9601
2023-12-22,US67066G1040,NVDA.US,48.8002
2023-12-26,US67066G1040,NVDA.US,49.2489
2023-12-27,US67066G1040,NVDA.US,49.3868
2023-12-28,US67066G1040,NVDA.US,49.4917
2023-12-29,US67066G1040,NVDA.US,49.4917
2024-01-02,US67066G1040,NVDA.US,48.1386
2024-01-03,US67066G1040,NVDA.US,47.5399
2024-01-04,US67066G1040,NVDA.US,47.9687
2024-01-05,US67066G1040,NVDA.US,49.067
2024-01-08,US67066G1040,NVDA.US,52.2211
2024-01-09,US67066G1040,NVDA.US,53.1075
2024-01-10,US67066G1040,NVDA.US,54.3168
2024-01-11,US67066G1040,NVDA.US,54.7885
2024-01-12,US67066G1040,NVDA.US,54.6766
2024-01-16,US67066G1040,NVDA.US,56.3476
2024-01-17,US67066G1040,NVDA.US,56.0188
2024-01-18,US67066G1040,NVDA.US,57.0721
2024-01-19,US67066G1040,NVDA.US,59.4547
2024-01-22,US67066G1040,NVDA.US,59.6176
2024-01-23,US67066G1040,NVDA.US,59.8364
2024-01-24,US67066G1040,NVDA.US,61.3245
2024-01-25,US67066G1040,NVDA.US,61.5794
2024-01-26,US67066G1040,NVDA.US,60.9937
2024-01-29,US67066G1040,NVDA.US,62.4268
2024-01-30,US67066G1040,NVDA.US,62.7357
2024-01-31,US67066G1040,NVDA.US,61.4894
2024-02-01,US67066G1040,NVDA.US,62.9885
2024-02-02,US67066G1040,NVDA.US,66.1196
2024-02-05,US67066G1040,NVDA.US,69.2896
2024-02-06,US67066G1040,NVDA.US,68.1813
2024-02-07,US67066G1040,NVDA.US,70.0562
2024-02-08,US67066G1040,NVDA.US,69.5985
2024-02-09,US67066G1040,NVDA.US,72.0889
2024-02-12,US67066G1040,NVDA.US,72.2039
2024-02-13,US67066G1040,NVDA.US,72.0839
2024-02-14,US67066G1040,NVDA.US,73.8549
2024-02-15,US67066G1040,NVDA.US,72.6136
2024-02-16,US67066G1040,NVDA.US,72.5686
2024-02-20,US67066G1040,NVDA.US,69.4096
2024-02-21,US67066G1040,NVDA.US,67.4308
2024-02-22,US67066G1040,NVDA.US,78.49
2024-02-23,US67066G1040,NVDA.US,78.7689
2024-02-26,US67066G1040,NVDA.US,79.0437
2024-02-27,US67066G1040,NVDA.US,78.6529
2024-02-28,US67066G1040,NVDA.US,77.6156
2024-02-29,US67066G1040,NVDA.US,79.0637
2024-03-01,US67066G1040,NVDA.US,82.2287
2024-03-04,US67066G1040,NVDA.US,85.1849
2024-03-05,US67066G1040,NVDA.US,85.9155
2024-03-06,US67066G1040,NVDA.US,88.65
2024-03-07,US67066G1040,NVDA.US,92.6167
2024-03-08,US67066G1040,NVDA.US,87.4786
2024-03-11,US67066G1040,NVDA.US,85.7256
2024-03-12,US67066G1040,NVDA.US,91.8612
2024-03-13,US67066G1040,NVDA.US,90.8367
2024-03-14,US67066G1040,NVDA.US,87.8944
2024-03-15,US67066G1040,NVDA.US,87.787
2024-03-18,US67066G1040,NVDA.US,88.4051
2024-03-19,US67066G1040,NVDA.US,89.3476
2024-03-20,US67066G1040,NVDA.US,90.321
2024-03-21,US67066G1040,NVDA.US,91.3834
2024-03-22,US67066G1040,NVDA.US,94.2358
2024-03-25,US67066G1040,NVDA.US,94.9484
2024-03-26,US67066G1040,NVDA.US,92.5088
2024-03-27,US67066G1040,NVDA.US,90.1991
2024-03-28,US67066G1040,NVDA.US,90.305
2024-04-01,US67066G1040,NVDA.US,90.312
2024-04-02,US67066G1040,NVDA.US,89.4015
2024-04-03,US67066G1040,NVDA.US,88.9138
2024-04-04,US67066G1040,NVDA.US,85.8565
2024-04-05,US67066G1040,NVDA.US,87.9584
2024-04-08,US67066G1040,NVDA.US,87.0839
2024-04-09,US67066G1040,NVDA.US,85.3059
2024-04-10,US67066G1040,NVDA.US,86.9899
2024-04-11,US67066G1040,NVDA.US,90.5649
2024-04-12,US67066G1040,NVDA.US,88.1363
2024-04-15,US67066G1040,NVDA.US,85.9525
2024-04-16,US67066G1040,NVDA.US,87.3657
2024-04-17,US67066G1040,NVDA.US,83.9876
2024-04-18,US67066G1040,NVDA.US,84.6233
2024-04-19,US67066G1040,NVDA.US,76.157
2024-04-22,US67066G1040,NVDA.US,79.4732
2024-04-23,US67066G1040,NVDA.US,82.3765
2024-04-24,US67066G1040,NVDA.US,79.6321
2024-04-25,US67066G1040,NVDA.US,82.5854
2024-04-26,US67066G1040,NVDA.US,87.6855
2024-04-29,US67066G1040,NVDA.US,87.7075
2024-04-30,US67066G1040,NVDA.US,86.3533
2024-05-01,US67066G1040,NVDA.US,82.9942
2024-05-02,US67066G1040,NVDA.US,85.7686
2024-05-03,US67066G1040,NVDA.US,88.7389
2024-05-06,US67066G1040,NVDA.US,92.088
2024-05-07,US67066G1040,NVDA.US,90.5029
2024-05-08,US67066G1040,NVDA.US,90.361
2024-05-09,US67066G1040,NVDA.US,88.6969
2024-05-10,US67066G1040,NVDA.US,89.8273
2024-05-13,US67066G1040,NVDA.US,90.348
2024-05-14,US67066G1040,NVDA.US,91.3045
2024-05-15,US67066G1040,NVDA.US,94.5766
2024-05-16,US67066G1040,NVDA.US,94.3058
2024-05-17,US67066G1040,NVDA.US,92.4268
2024-05-20,US67066G1040,NVDA.US,94.7265
2024-05-21,US67066G1040,NVDA.US,95.3322
2024-05-22,US67066G1040,NVDA.US,94.8965
2024-05-23,US67066G1040,NVDA.US,103.7405
2024-05-24,US67066G1040,NVDA.US,106.409
2024-05-28,US67066G1040,NVDA.US,113.8368
2024-05-29,US67066G1040,NVDA.US,114.7602
2024-05-30,US67066G1040,NVDA.US,110.4377
2024-05-31,US67066G1040,NVDA.US,109.5712
2024-06-03,US67066G1040,NVDA.US,114.9351
2024-06-04,US67066G1040,NVDA.US,116.3713
2024-06-05,US67066G1040,NVDA.US,122.3709
2024-06-06,US67066G1040,NVDA.US,120.9298
2024-06-07,US67066G1040,NVDA.US,120.8198
2024-06-10,US67066G1040,NVDA.US,121.7213
2024-06-11,US67066G1040,NVDA.US,120.8517
2024-06-12,US67066G1040,NVDA.US,125.1397
2024-06-13,US67066G1040,NVDA.US,129.5475
2024-06-14,US67066G1040,NVDA.US,131.8164
2024-06-17,US67066G1040,NVDA.US,130.9169
2024-06-18,US67066G1040,NVDA.US,135.5147
2024-06-20,US67066G1040,NVDA.US,130.717
2024-06-21,US67066G1040,NVDA.US,126.509
2024-06-24,US67066G1040,NVDA.US,118.0531
2024-06-25,US67066G1040,NVDA.US,126.0292
2024-06-26,US67066G1040,NVDA.US,126.3391
2024-06-27,US67066G1040,NVDA.US,123.9302
2024-06-28,US67066G1040,NVDA.US,123.4805
2024-07-01,US67066G1040,NVDA.US,124.2401
2024-07-02,US67066G1040,NVDA.US,122.6109
2024-07-03,US67066G1040,NVDA.US,128.2182
2024-07-05,US67066G1040,NVDA.US,125.7694
2024-07-08,US67066G1040,NVDA.US,128.1382
2024-07-09,US67066G1040,NVDA.US,131.3167
2024-07-10,US67066G1040,NVDA.US,134.845
2024-07-11,US67066G1040,NVDA.US,127.3386
2024-07-12,US67066G1040,NVDA.US,129.1777
2024-07-15,US67066G1040,NVDA.US,128.3781
2024-07-16,US67066G1040,NVDA.US,126.2991
2024-07-17,US67066G1040,NVDA.US,117.9331
2024-07-18,US67066G1040,NVDA.US,121.0316
2024-07-19,US67066G1040,NVDA.US,117.8732
2024-07-22,US67066G1040,NVDA.US,123.4805
2024-07-23,US67066G1040,NVDA.US,122.5309
2024-07-24,US67066G1040,NVDA.US,114.1949
2024-07-25,US67066G1040,NVDA.US,112.2259
2024-07-26,US67066G1040,NVDA.US,113.0055
2024-07-29,US67066G1040,NVDA.US,111.5362
2024-07-30,US67066G1040,NVDA.US,103.68
2024-07-31,US67066G1040,NVDA.US,116.9636
2024-08-01,US67066G1040,NVDA.US,109.1574
2024-08-02,US67066G1040,NVDA.US,107.2183
2024-08-05,US67066G1040,NVDA.US,100.4016
2024-08-06,US67066G1040,NVDA.US,104.1998
2024-08-07,US67066G1040,NVDA.US,98.8623
2024-08-08,US67066G1040,NVDA.US,104.9194
2024-08-09,US67066G1040,NVDA.US,104.6995
2024-08-12,US67066G1040,NVDA.US,108.9675
2024-08-13,US67066G1040,NVDA.US,116.084
2024-08-14,US67066G1040,NVDA.US,118.0231
2024-08-15,US67066G1040,NVDA.US,122.8008
2024-08-16,US67066G1040,NVDA.US,124.52
2024-08-19,US67066G1040,NVDA.US,129.9373
2024-08-20,US67066G1040,NVDA.US,127.1887
2024-08-21,US67066G1040,NVDA.US,128.4381
2024-08-22,US67066G1040,NVDA.US,123.6804
2024-08-23,US67066G1040,NVDA.US,129.3077
2024-08-26,US67066G1040,NVDA.US,126.3991
2024-08-27,US67066G1040,NVDA.US,128.2382
2024-08-28,US67066G1040,NVDA.US,125.5495
2024-08-29,US67066G1040,NVDA.US,117.5333
2024-08-30,US67066G1040,NVDA.US,119.3125
2024-09-03,US67066G1040,NVDA.US,107.948
2024-09-04,US67066G1040,NVDA.US,106.1588
2024-09-05,US67066G1040,NVDA.US,107.1583
2024-09-06,US67066G1040,NVDA.US,102.7804
2024-09-09,US67066G1040,NVDA.US,106.4187
2024-09-10,US67066G1040,NVDA.US,108.0479
2024-09-11,US67066G1040,NVDA.US,116.8537
2024-09-12,US67066G1040,NVDA.US,119.0928
2024-09-13,US67066G1040,NVDA.US,119.0528
2024-09-16,US67066G1040,NVDA.US,116.7337
2024-09-17,US67066G1040,NVDA.US,115.5442
2024-09-18,US67066G1040,NVDA.US,113.3251
2024-09-19,US67066G1040,NVDA.US,117.8233
2024-09-20,US67066G1040,NVDA.US,115.954
2024-09-23,US67066G1040,NVDA.US,116.2139
2024-09-24,US67066G1040,NVDA.US,120.8221
2024-09-25,US67066G1040,NVDA.US,123.461
2024-09-26,US67066G1040,NVDA.US,123.9908
2024-09-27,US67066G1040,NVDA.US,121.3519
2024-09-30,US67066G1040,NVDA.US,121.3919
2024-10-01,US67066G1040,NVDA.US,116.9536
2024-10-02,US67066G1040,NVDA.US,118.8029
2024-10-03,US67066G1040,NVDA.US,122.8013
2024-10-04,US67066G1040,NVDA.US,124.8705
2024-10-07,US67066G1040,NVDA.US,127.6694
2024-10-08,US67066G1040,NVDA.US,132.8373
2024-10-09,US67066G1040,NVDA.US,132.5974
2024-10-10,US67066G1040,NVDA.US,134.7566
2024-10-11,US67066G1040,NVDA.US,134.7466
2024-10-14,US67066G1040,NVDA.US,138.0153
2024-10-15,US67066G1040,NVDA.US,131.5478
2024-10-16,US67066G1040,NVDA.US,135.6662
2024-10-17,US67066G1040,NVDA.US,136.8757
2024-10-18,US67066G1040,NVDA.US,137.9453
2024-10-21,US67066G1040,NVDA.US,143.653
2024-10-22,US67066G1040,NVDA.US,143.5331
2024-10-23,US67066G1040,NVDA.US,139.5047
2024-10-24,US67066G1040,NVDA.US,140.3543
2024-10-25,US67066G1040,NVDA.US,141.4839
2024-10-28,US67066G1040,NVDA.US,140.4643
2024-10-29,US67066G1040,NVDA.US,141.194
2024-10-30,US67066G1040,NVDA.US,139.2798
2024-10-31,US67066G1040,NVDA.US,132.7074
2024-11-01,US67066G1040,NVDA.US,135.3463
2024-11-04,US67066G1040,NVDA.US,135.9961
2024-11-05,US67066G1040,NVDA.US,139.8545
2024-11-06,US67066G1040,NVDA.US,145.5523
2024-11-07,US67066G1040,NVDA.US,148.821
2024-11-08,US67066G1040,NVDA.US,147.5715
2024-11-11,US67066G1040,NVDA.US,145.2024
2024-11-12,US67066G1040,NVDA.US,148.2312
2024-11-13,US67066G1040,NVDA.US,146.212
2024-11-14,US67066G1040,NVDA.US,146.7018
2024-11-15,US67066G1040,NVDA.US,141.9237
2024-11-18,US67066G1040,NVDA.US,140.0944
2024-11-19,US67066G1040,NVDA.US,146.9517
2024-11-20,US67066G1040,NVDA.US,145.8322
2024-11-21,US67066G1040,NVDA.US,146.6119
2024-11-22,US67066G1040,NVDA.US,141.8937
2024-11-25,US67066G1040,NVDA.US,135.9661
2024-11-26,US67066G1040,NVDA.US,136.8657
2024-11-27,US67066G1040,NVDA.US,135.2863
2024-11-29,US67066G1040,NVDA.US,138.1952
2024-12-02,US67066G1040,NVDA.US,138.575
2024-12-03,US67066G1040,NVDA.US,140.2044
2024-12-04,US67066G1040,NVDA.US,145.0825
2024-12-05,US67066G1040,NVDA.US,145.0125
2024-12-06,US67066G1040,NVDA.US,142.3933
2024-12-09,US67066G1040,NVDA.US,138.7645
2024-12-10,US67066G1040,NVDA.US,135.0258
2024-12-11,US67066G1040,NVDA.US,139.2644
2024-12-12,US67066G1040,NVDA.US,137.295
2024-12-13,US67066G1040,NVDA.US,134.206
2024-12-16,US67066G1040,NVDA.US,131.9568
2024-12-17,US67066G1040,NVDA.US,130.3473
2024-12-18,US67066G1040,NVDA.US,128.8678
2024-12-19,US67066G1040,NVDA.US,130.6372
2024-12-20,US67066G1040,NVDA.US,134.6559
2024-12-23,US67066G1040,NVDA.US,139.6242
2024-12-24,US67066G1040,NVDA.US,140.1741
2024-12-26,US67066G1040,NVDA.US,139.8842
2024-12-27,US67066G1040,NVDA.US,136.9651
2024-12-30,US67066G1040,NVDA.US,137.445
2024-12-31,US67066G1040,NVDA.US,134.246
2025-01-02,US67066G1040,NVDA.US,138.2647
2025-01-03,US67066G1040,NVDA.US,144.4227
2025-01-06,US67066G1040,NVDA.US,149.3811
2025-01-07,US67066G1040,NVDA.US,140.0941
2025-01-08,US67066G1040,NVDA.US,140.0641
2025-01-10,US67066G1040,NVDA.US,135.8655
2025-01-13,US67066G1040,NVDA.US,133.1864
2025-01-14,US67066G1040,NVDA.US,131.7168
2025-01-15,US67066G1040,NVDA.US,136.1954
2025-01-16,US67066G1040,NVDA.US,133.5262
2025-01-17,US67066G1040,NVDA.US,137.6649
2025-01-21,US67066G1040,NVDA.US,140.7839
2025-01-22,US67066G1040,NVDA.US,147.0218
2025-01-23,US67066G1040,NVDA.US,147.1718
2025-01-24,US67066G1040,NVDA.US,142.5733
2025-01-27,US67066G1040,NVDA.US,118.3812
2025-01-28,US67066G1040,NVDA.US,128.9477
2025-01-29,US67066G1040,NVDA.US,123.6595
2025-01-30,US67066G1040,NVDA.US,124.6092
2025-01-31,US67066G1040,NVDA.US,120.0307
2025-02-03,US67066G1040,NVDA.US,116.6218
2025-02-04,US67066G1040,NVDA.US,118.6111
2025-02-05,US67066G1040,NVDA.US,124.7891
2025-02-06,US67066G1040,NVDA.US,128.6378
2025-02-07,US67066G1040,NVDA.US,129.7975
2025-02-10,US67066G1040,NVDA.US,133.5262
2025-02-11,US67066G1040,NVDA.US,132.7565
2025-02-12,US67066G1040,NVDA.US,131.097
2025-02-13,US67066G1040,NVDA.US,135.2457
2025-02-14,US67066G1040,NVDA.US,138.8045
2025-02-18,US67066G1040,NVDA.US,139.3543
2025-02-19,US67066G1040,NVDA.US,139.1844
2025-02-20,US67066G1040,NVDA.US,140.0641
2025-02-21,US67066G1040,NVDA.US,134.386
2025-02-24,US67066G1040,NVDA.US,130.2373
2025-02-25,US67066G1040,NVDA.US,126.5885
2025-02-26,US67066G1040,NVDA.US,131.237
2025-02-27,US67066G1040,NVDA.US,120.1106
2025-02-28,US67066G1040,NVDA.US,124.8791
2025-03-03,US67066G1040,NVDA.US,114.0226
2025-03-04,US67066G1040,NVDA.US,115.952
2025-03-05,US67066G1040,NVDA.US,117.2616
2025-03-06,US67066G1040,NVDA.US,110.5338
2025-03-07,US67066G1040,NVDA.US,112.6531
2025-03-10,US67066G1040,NVDA.US,106.945
2025-03-11,US67066G1040,NVDA.US,108.7244
2025-03-12,US67066G1040,NVDA.US,115.7127
2025-03-13,US67066G1040,NVDA.US,115.5528
2025-03-14,US67066G1040,NVDA.US,121.6413
2025-03-17,US67066G1040,NVDA.US,119.5018
2025-03-18,US67066G1040,NVDA.US,115.4028
2025-03-19,US67066G1040,NVDA.US,117.4923
2025-03-20,US67066G1040,NVDA.US,118.5021
2025-03-21,US67066G1040,NVDA.US,117.6723
2025-03-24,US67066G1040,NVDA.US,121.3814
2025-03-25,US67066G1040,NVDA.US,120.6616
2025-03-26,US67066G1040,NVDA.US,113.7332
2025-03-27,US67066G1040,NVDA.US,111.4037
2025-03-28,US67066G1040,NVDA.US,109.6442
2025-03-31,US67066G1040,NVDA.US,108.3545
2025-04-01,US67066G1040,NVDA.US,110.124
2025-04-02,US67066G1040,NVDA.US,110.394
2025-04-03,US67066G1040,NVDA.US,101.776
2025-04-04,US67066G1040,NVDA.US,94.2878
2025-04-07,US67066G1040,NVDA.US,97.617
2025-04-08,US67066G1040,NVDA.US,96.2773
2025-04-09,US67066G1040,NVDA.US,114.3031
2025-04-10,US67066G1040,NVDA.US,107.5447
2025-04-11,US67066G1040,NVDA.US,110.9039
2025-04-14,US67066G1040,NVDA.US,110.6839
2025-04-15,US67066G1040,NVDA.US,112.1736
2025-04-16,US67066G1040,NVDA.US,104.4654
2025-04-17,US67066G1040,NVDA.US,101.4661
2025-04-21,US67066G1040,NVDA.US,96.8872
2025-04-22,US67066G1040,NVDA.US,98.8667
2025-04-23,US67066G1040,NVDA.US,102.6858
2025-04-24,US67066G1040,NVDA.US,106.4049
2025-04-25,US67066G1040,NVDA.US,110.9838
2025-04-28,US67066G1040,NVDA.US,108.7044
2025-04-29,US67066G1040,NVDA.US,108.9943
2025-04-30,US67066G1040,NVDA.US,108.8943
2025-05-01,US67066G1040,NVDA.US,111.5837
2025-05-02,US67066G1040,NVDA.US,114.473
2025-05-05,US67066G1040,NVDA.US,113.7932
2025-05-06,US67066G1040,NVDA.US,113.5132
2025-05-07,US67066G1040,NVDA.US,117.0324
2025-05-08,US67066G1040,NVDA.US,117.3423
2025-05-09,US67066G1040,NVDA.US,116.6225
2025-05-12,US67066G1040,NVDA.US,122.971
2025-05-13,US67066G1040,NVDA.US,129.8994
2025-05-14,US67066G1040,NVDA.US,135.3081
2025-05-15,US67066G1040,NVDA.US,134.7982
2025-05-16,US67066G1040,NVDA.US,135.3681
2025-05-19,US67066G1040,NVDA.US,135.5381
2025-05-20,US67066G1040,NVDA.US,134.3483
2025-05-21,US67066G1040,NVDA.US,131.7689
2025-05-22,US67066G1040,NVDA.US,132.7987
2025-05-23,US67066G1040,NVDA.US,131.2591
2025-05-27,US67066G1040,NVDA.US,135.4681
2025-05-28,US67066G1040,NVDA.US,134.7782
2025-05-29,US67066G1040,NVDA.US,139.1572
2025-05-30,US67066G1040,NVDA.US,135.0982
2025-06-02,US67066G1040,NVDA.US,137.3476
2025-06-03,US67066G1040,NVDA.US,141.1867
2025-06-04,US67066G1040,NVDA.US,141.8866
2025-06-05,US67066G1040,NVDA.US,139.957
2025-06-06,US67066G1040,NVDA.US,141.6866
2025-06-09,US67066G1040,NVDA.US,142.5964
2025-06-10,US67066G1040,NVDA.US,143.9261
2025-06-11,US67066G1040,NVDA.US,142.8063
2025-06-12,US67066G1040,NVDA.US,144.9759
2025-06-13,US67066G1040,NVDA.US,141.9464
2025-06-16,US67066G1040,NVDA.US,144.666
2025-06-17,US67066G1040,NVDA.US,144.096
2025-06-18,US67066G1040,NVDA.US,145.4558
2025-06-20,US67066G1040,NVDA.US,143.8261
2025-06-23,US67066G1040,NVDA.US,144.146
2025-06-24,US67066G1040,NVDA.US,147.8754
2025-06-25,US67066G1040,NVDA.US,154.2844
2025-06-26,US67066G1040,NVDA.US,154.9942
2025-06-27,US67066G1040,NVDA.US,157.7238
2025-06-30,US67066G1040,NVDA.US,157.9637
2025-07-01,US67066G1040,NVDA.US,153.2745
2025-07-02,US67066G1040,NVDA.US,157.2239
2025-07-03,US67066G1040,NVDA.US,159.3135
2025-07-07,US67066G1040,NVDA.US,158.2137
2025-07-08,US67066G1040,NVDA.US,159.9734
2025-07-09,US67066G1040,NVDA.US,162.8529
2025-07-10,US67066G1040,NVDA.US,164.0727
2025-07-11,US67066G1040,NVDA.US,164.8926
2025-07-14,US67066G1040,NVDA.US,164.0427
2025-07-15,US67066G1040,NVDA.US,170.6716
2025-07-16,US67066G1040,NVDA.US,171.3415
2025-07-17,US67066G1040,NVDA.US,172.9712
2025-07-18,US67066G1040,NVDA.US,172.3813
2025-07-21,US67066G1040,NVDA.US,171.3515
2025-07-22,US67066G1040,NVDA.US,167.0022
2025-07-23,US67066G1040,NVDA.US,170.7516
2025-07-24,US67066G1040,NVDA.US,173.7111
2025-07-25,US67066G1040,NVDA.US,173.4712
2025-07-28,US67066G1040,NVDA.US,176.7206
2025-07-29,US67066G1040,NVDA.US,175.4808
2025-07-30,US67066G1040,NVDA.US,179.2402
2025-07-31,US67066G1040,NVDA.US,177.8404
2025-08-01,US67066G1040,NVDA.US,173.6911
2025-08-04,US67066G1040,NVDA.US,179.9701
2025-08-05,US67066G1040,NVDA.US,178.2304
2025-08-06,US67066G1040,NVDA.US,179.3902
2025-08-07,US67066G1040,NVDA.US,180.74
2025-08-08,US67066G1040,NVDA.US,182.6696
2025-08-11,US67066G1040,NVDA.US,182.0297
2025-08-12,US67066G1040,NVDA.US,183.1296
2025-08-13,US67066G1040,NVDA.US,181.5598
2025-08-14,US67066G1040,NVDA.US,181.9898
2025-08-15,US67066G1040,NVDA.US,180.42
2025-08-18,US67066G1040,NVDA.US,181.9798
2025-08-19,US67066G1040,NVDA.US,175.6108
2025-08-20,US67066G1040,NVDA.US,175.3709
2025-08-21,US67066G1040,NVDA.US,174.9509
2025-08-22,US67066G1040,NVDA.US,177.9604
2025-08-25,US67066G1040,NVDA.US,179.7801
2025-08-26,US67066G1040,NVDA.US,181.7398
2025-08-27,US67066G1040,NVDA.US,181.5698
2025-08-28,US67066G1040,NVDA.US,180.1401
2025-08-29,US67066G1040,NVDA.US,174.1511
2025-09-02,US67066G1040,NVDA.US,170.7516
2025-09-03,US67066G1040,NVDA.US,170.5916
2025-09-04,US67066G1040,NVDA.US,171.6315
2025-09-05,US67066G1040,NVDA.US,166.9922
2025-09-08,US67066G1040,NVDA.US,168.282
2025-09-09,US67066G1040,NVDA.US,170.7316
2025-09-10,US67066G1040,NVDA.US,177.3005
2025-09-11,US67066G1040,NVDA.US,177.1505
2025-09-12,US67066G1040,NVDA.US,177.8005
2025-09-15,US67066G1040,NVDA.US,177.7305
2025-09-16,US67066G1040,NVDA.US,174.8608
2025-09-17,US67066G1040,NVDA.US,170.2713
2025-09-18,US67066G1040,NVDA.US,176.2206
2025-09-19,US67066G1040,NVDA.US,176.6506
2025-09-22,US67066G1040,NVDA.US,183.5898
2025-09-23,US67066G1040,NVDA.US,178.4104
2025-09-24,US67066G1040,NVDA.US,176.9506
2025-09-25,US67066G1040,NVDA.US,177.6705
2025-09-26,US67066G1040,NVDA.US,178.1704
2025-09-29,US67066G1040,NVDA.US,181.83
2025-09-30,US67066G1040,NVDA.US,186.5595
2025-10-01,US67066G1040,NVDA.US,187.2194
2025-10-02,US67066G1040,NVDA.US,188.8693
2025-10-03,US67066G1040,NVDA.US,187.5994
2025-10-06,US67066G1040,NVDA.US,185.5196
2025-10-07,US67066G1040,NVDA.US,185.0197
2025-10-08,US67066G1040,NVDA.US,189.0892
2025-10-09,US67066G1040,NVDA.US,192.5489
2025-10-10,US67066G1040,NVDA.US,183.1399
2025-10-13,US67066G1040,NVDA.US,188.2993
2025-10-14,US67066G1040,NVDA.US,180.0102
2025-10-15,US67066G1040,NVDA.US,179.8103
2025-10-16,US67066G1040,NVDA.US,181.79
2025-10-17,US67066G1040,NVDA.US,183.1999
2025-10-20,US67066G1040,NVDA.US,182.6199
2025-10-21,US67066G1040,NVDA.US,181.1401
2025-10-22,US67066G1040,NVDA.US,180.2602
2025-10-23,US67066G1040,NVDA.US,182.14
2025-10-24,US67066G1040,NVDA.US,186.2395
2025-10-27,US67066G1040,NVDA.US,191.469
2025-10-28,US67066G1040,NVDA.US,201.0079
2025-10-29,US67066G1040,NVDA.US,207.0173
2025-10-30,US67066G1040,NVDA.US,202.8677
2025-10-31,US67066G1040,NVDA.US,202.4678
2025-11-03,US67066G1040,NVDA.US,206.8573
2025-11-04,US67066G1040,NVDA.US,198.6682
2025-11-05,US67066G1040,NVDA.US,195.1886
2025-11-06,US67066G1040,NVDA.US,188.0593
2025-11-07,US67066G1040,NVDA.US,188.1293
2025-11-10,US67066G1040,NVDA.US,199.0281
2025-11-11,US67066G1040,NVDA.US,193.1388
2025-11-12,US67066G1040,NVDA.US,193.7787
2025-11-13,US67066G1040,NVDA.US,186.8395
2025-11-14,US67066G1040,NVDA.US,190.1491
2025-11-17,US67066G1040,NVDA.US,186.5795
2025-11-18,US67066G1040,NVDA.US,181.3401
2025-11-19,US67066G1040,NVDA.US,186.4995
2025-11-20,US67066G1040,NVDA.US,180.6202
2025-11-21,US67066G1040,NVDA.US,178.8604
2025-11-24,US67066G1040,NVDA.US,182.53
2025-11-25,US67066G1040,NVDA.US,177.8005
2025-11-26,US67066G1040,NVDA.US,180.2402
2025-11-28,US67066G1040,NVDA.US,176.9806
2025-12-01,US67066G1040,NVDA.US,179.9002
2025-12-02,US67066G1040,NVDA.US,181.4401
2025-12-03,US67066G1040,NVDA.US,179.5703
2025-12-04,US67066G1040,NVDA.US,183.3701
2025-12-05,US67066G1040,NVDA.US,182.4001
2025-12-08,US67066G1040,NVDA.US,185.54
2025-12-09,US67066G1040,NVDA.US,184.96
2025-12-10,US67066G1040,NVDA.US,183.7701
2025-12-11,US67066G1040,NVDA.US,180.9202
2025-12-12,US67066G1040,NVDA.US,175.0105
2025-12-15,US67066G1040,NVDA.US,176.2805
2025-12-16,US67066G1040,NVDA.US,177.7104
2025-12-17,US67066G1040,NVDA.US,170.9307
2025-12-18,US67066G1040,NVDA.US,174.1306
2025-12-19,US67066G1040,NVDA.US,180.9802
2025-12-22,US67066G1040,NVDA.US,183.6801
2025-12-23,US67066G1040,NVDA.US,189.1998
2025-12-24,US67066G1040,NVDA.US,188.5998
2025-12-26,US67066G1040,NVDA.US,190.5197
2025-12-29,US67066G1040,NVDA.US,188.2098
2025-12-30,US67066G1040,NVDA.US,187.5299
2025-12-31,US67066G1040,NVDA.US,186.4899
2026-01-02,US67066G1040,NVDA.US,188.8398
2026-01-05,US67066G1040,NVDA.US,188.1098
2026-01-06,US67066G1040,NVDA.US,187.2299
2026-01-07,US67066G1040,NVDA.US,189.0998
2026-01-08,US67066G1040,NVDA.US,185.03
2026-01-09,US67066G1040,NVDA.US,184.85
2026-01-12,US67066G1040,NVDA.US,184.93
2026-01-13,US67066G1040,NVDA.US,185.7999
2026-01-14,US67066G1040,NVDA.US,183.1301
2026-01-15,US67066G1040,NVDA.US,187.0399
2026-01-16,US67066G1040,NVDA.US,186.2199
2026-01-20,US67066G1040,NVDA.US,178.0604
2026-01-21,US67066G1040,NVDA.US,183.3101
2026-01-22,US67066G1040,NVDA.US,184.83
2026-01-23,US67066G1040,NVDA.US,187.6598
2026-01-26,US67066G1040,NVDA.US,186.4599
2026-01-27,US67066G1040,NVDA.US,188.5098
2026-01-28,US67066G1040,NVDA.US,191.5096
2026-01-29,US67066G1040,NVDA.US,192.4996
2026-01-30,US67066G1040,NVDA.US,191.1197
2026-02-02,US67066G1040,NVDA.US,185.6
2026-02-03,US67066G1040,NVDA.US,180.3302
2026-02-04,US67066G1040,NVDA.US,174.1806
2026-02-05,US67066G1040,NVDA.US,171.8707
2026-02-06,US67066G1040,NVDA.US,185.4
2026-02-09,US67066G1040,NVDA.US,190.0297
2026-02-10,US67066G1040,NVDA.US,188.5298
2026-02-11,US67066G1040,NVDA.US,190.0397
2026-02-12,US67066G1040,NVDA.US,186.9299
2026-02-13,US67066G1040,NVDA.US,182.8001
2026-02-17,US67066G1040,NVDA.US,184.96
2026-02-18,US67066G1040,NVDA.US,187.9698
2026-02-19,US67066G1040,NVDA.US,187.8898
2026-02-20,US67066G1040,NVDA.US,189.8097
2026-02-23,US67066G1040,NVDA.US,191.5396
2026-02-24,US67066G1040,NVDA.US,192.8396
2026-02-25,US67066G1040,NVDA.US,195.5494
2026-02-26,US67066G1040,NVDA.US,184.88
2026-02-27,US67066G1040,NVDA.US,177.1804
2026-03-02,US67066G1040,NVDA.US,182.4701
2026-03-03,US67066G1040,NVDA.US,180.0403
2026-03-04,US67066G1040,NVDA.US,183.0301
2026-03-05,US67066G1040,NVDA.US,183.3301
2026-03-06,US67066G1040,NVDA.US,177.8104
2026-03-09,US67066G1040,NVDA.US,182.6401
2026-03-10,US67066G1040,NVDA.US,184.76
2026-03-11,US67066G1040,NVDA.US,186.03
2026-03-12,US67066G1040,NVDA.US,183.14
2026-03-13,US67066G1040,NVDA.US,180.25
2026-03-16,US67066G1040,NVDA.US,183.22
2026-03-17,US67066G1040,NVDA.US,181.93
2026-03-18,US67066G1040,NVDA.US,180.4
2026-03-19,US67066G1040,NVDA.US,178.56
2026-03-20,US67066G1040,NVDA.US,172.7
2026-03-23,US67066G1040,NVDA.US,175.64
2026-03-24,US67066G1040,NVDA.US,175.2
2026-03-25,US67066G1040,NVDA.US,178.68
2026-03-26,US67066G1040,NVDA.US,171.24
2026-03-27,US67066G1040,NVDA.US,167.52
2026-03-30,US67066G1040,NVDA.US,165.17
2026-03-31,US67066G1040,NVDA.US,174.4
2026-04-01,US67066G1040,NVDA.US,175.75
2026-04-02,US67066G1040,NVDA.US,177.39
2026-04-06,US67066G1040,NVDA.US,177.64
2026-04-07,US67066G1040,NVDA.US,178.1
2026-04-08,US67066G1040,NVDA.US,182.08
2026-04-09,US67066G1040,NVDA.US,183.91
2026-04-10,US67066G1040,NVDA.US,188.63
2026-04-13,US67066G1040,NVDA.US,189.31
2026-04-14,US67066G1040,NVDA.US,196.51
2026-04-15,US67066G1040,NVDA.US,198.87
2026-04-16,US67066G1040,NVDA.US,198.35
2026-04-17,US67066G1040,NVDA.US,201.68
2026-04-20,US67066G1040,NVDA.US,202.06
2026-04-21,US67066G1040,NVDA.US,199.88
2026-04-22,US67066G1040,NVDA.US,202.5
2026-04-23,US67066G1040,NVDA.US,199.64
2026-04-24,US67066G1040,NVDA.US,208.27
