date,isin,ticker,price
2023-04-27,CH0038863350,NESN.SW,102.0749
2023-04-28,CH0038863350,NESN.SW,102.8111
2023-05-02,CH0038863350,NESN.SW,102.847
2023-05-03,CH0038863350,NESN.SW,104.2475
2023-05-04,CH0038863350,NESN.SW,103.7807
2023-05-05,CH0038863350,NESN.SW,104.5527
2023-05-08,CH0038863350,NESN.SW,104.4809
2023-05-09,CH0038863350,NESN.SW,104.5168
2023-05-10,CH0038863350,NESN.SW,102.865
2023-05-11,CH0038863350,NESN.SW,103.4036
2023-05-12,CH0038863350,NESN.SW,103.2241
2023-05-15,CH0038863350,NESN.SW,103.1163
2023-05-16,CH0038863350,NESN.SW,102.7572
2023-05-17,CH0038863350,NESN.SW,101.6979
2023-05-19,CH0038863350,NESN.SW,102.1827
2023-05-22,CH0038863350,NESN.SW,101.4106
2023-05-23,CH0038863350,NESN.SW,100.9258
2023-05-24,CH0038863350,NESN.SW,100.7462
2023-05-25,CH0038863350,NESN.SW,99.9203
2023-05-26,CH0038863350,NESN.SW,100.6026
2023-05-30,CH0038863350,NESN.SW,97.263
2023-05-31,CH0038863350,NESN.SW,96.8679
2023-06-01,CH0038863350,NESN.SW,97.658
2023-06-02,CH0038863350,NESN.SW,98.3941
2023-06-05,CH0038863350,NESN.SW,97.658
2023-06-06,CH0038863350,NESN.SW,97.9991
2023-06-07,CH0038863350,NESN.SW,96.7961
2023-06-08,CH0038863350,NESN.SW,96.06
2023-06-09,CH0038863350,NESN.SW,96.2036
2023-06-12,CH0038863350,NESN.SW,96.2036
2023-06-13,CH0038863350,NESN.SW,95.7368
2023-06-14,CH0038863350,NESN.SW,95.629
2023-06-15,CH0038863350,NESN.SW,96.8859
2023-06-16,CH0038863350,NESN.SW,97.0116
2023-06-19,CH0038863350,NESN.SW,96.9577
2023-06-20,CH0038863350,NESN.SW,96.3832
2023-06-21,CH0038863350,NESN.SW,97.0475
2023-06-22,CH0038863350,NESN.SW,97.1193
2023-06-23,CH0038863350,NESN.SW,97.658
2023-06-26,CH0038863350,NESN.SW,96.9577
2023-06-27,CH0038863350,NESN.SW,96.8679
2023-06-28,CH0038863350,NESN.SW,96.042
2023-06-29,CH0038863350,NESN.SW,95.9881
2023-06-30,CH0038863350,NESN.SW,96.5986
2023-07-03,CH0038863350,NESN.SW,96.8141
2023-07-04,CH0038863350,NESN.SW,96.024
2023-07-05,CH0038863350,NESN.SW,95.9702
2023-07-06,CH0038863350,NESN.SW,95.234
2023-07-07,CH0038863350,NESN.SW,93.9592
2023-07-10,CH0038863350,NESN.SW,94.7851
2023-07-11,CH0038863350,NESN.SW,94.3363
2023-07-12,CH0038863350,NESN.SW,93.9951
2023-07-13,CH0038863350,NESN.SW,94.3542
2023-07-14,CH0038863350,NESN.SW,94.444
2023-07-17,CH0038863350,NESN.SW,94.031
2023-07-18,CH0038863350,NESN.SW,93.7078
2023-07-19,CH0038863350,NESN.SW,94.049
2023-07-20,CH0038863350,NESN.SW,93.4206
2023-07-21,CH0038863350,NESN.SW,93.9592
2023-07-24,CH0038863350,NESN.SW,93.7258
2023-07-25,CH0038863350,NESN.SW,93.9053
2023-07-26,CH0038863350,NESN.SW,94.4799
2023-07-27,CH0038863350,NESN.SW,96.9577
2023-07-28,CH0038863350,NESN.SW,96.3832
2023-07-31,CH0038863350,NESN.SW,95.9522
2023-08-02,CH0038863350,NESN.SW,96.3293
2023-08-03,CH0038863350,NESN.SW,94.5876
2023-08-04,CH0038863350,NESN.SW,93.5103
2023-08-07,CH0038863350,NESN.SW,93.6899
2023-08-08,CH0038863350,NESN.SW,93.4026
2023-08-09,CH0038863350,NESN.SW,93.636
2023-08-10,CH0038863350,NESN.SW,94.3004
2023-08-11,CH0038863350,NESN.SW,93.4385
2023-08-14,CH0038863350,NESN.SW,93.8156
2023-08-15,CH0038863350,NESN.SW,92.4689
2023-08-16,CH0038863350,NESN.SW,93.5642
2023-08-17,CH0038863350,NESN.SW,92.7383
2023-08-18,CH0038863350,NESN.SW,93.241
2023-08-21,CH0038863350,NESN.SW,93.5103
2023-08-22,CH0038863350,NESN.SW,93.5103
2023-08-23,CH0038863350,NESN.SW,94.0131
2023-08-24,CH0038863350,NESN.SW,94.8929
2023-08-25,CH0038863350,NESN.SW,95.3777
2023-08-28,CH0038863350,NESN.SW,95.6649
2023-08-29,CH0038863350,NESN.SW,96.024
2023-08-30,CH0038863350,NESN.SW,95.4495
2023-08-31,CH0038863350,NESN.SW,95.5213
2023-09-01,CH0038863350,NESN.SW,94.6774
2023-09-04,CH0038863350,NESN.SW,94.3004
2023-09-05,CH0038863350,NESN.SW,93.1333
2023-09-06,CH0038863350,NESN.SW,93.5462
2023-09-07,CH0038863350,NESN.SW,94.444
2023-09-08,CH0038863350,NESN.SW,94.462
2023-09-11,CH0038863350,NESN.SW,95.252
2023-09-12,CH0038863350,NESN.SW,94.3901
2023-09-13,CH0038863350,NESN.SW,93.636
2023-09-14,CH0038863350,NESN.SW,94.2285
2023-09-15,CH0038863350,NESN.SW,94.6415
2023-09-18,CH0038863350,NESN.SW,94.9108
2023-09-19,CH0038863350,NESN.SW,94.8031
2023-09-20,CH0038863350,NESN.SW,95.8086
2023-09-21,CH0038863350,NESN.SW,96.8859
2023-09-22,CH0038863350,NESN.SW,95.9702
2023-09-25,CH0038863350,NESN.SW,96.1856
2023-09-26,CH0038863350,NESN.SW,94.8031
2023-09-27,CH0038863350,NESN.SW,93.0974
2023-09-28,CH0038863350,NESN.SW,92.3792
2023-09-29,CH0038863350,NESN.SW,93.1333
2023-10-02,CH0038863350,NESN.SW,92.2535
2023-10-03,CH0038863350,NESN.SW,92.1457
2023-10-04,CH0038863350,NESN.SW,92.3253
2023-10-05,CH0038863350,NESN.SW,92.3792
2023-10-06,CH0038863350,NESN.SW,90.045
2023-10-09,CH0038863350,NESN.SW,91.0325
2023-10-10,CH0038863350,NESN.SW,92.7383
2023-10-11,CH0038863350,NESN.SW,94.4081
2023-10-12,CH0038863350,NESN.SW,92.846
2023-10-13,CH0038863350,NESN.SW,92.5408
2023-10-16,CH0038863350,NESN.SW,92.3073
2023-10-17,CH0038863350,NESN.SW,92.2714
2023-10-18,CH0038863350,NESN.SW,91.8046
2023-10-19,CH0038863350,NESN.SW,88.6535
2023-10-20,CH0038863350,NESN.SW,88.4111
2023-10-23,CH0038863350,NESN.SW,87.7108
2023-10-24,CH0038863350,NESN.SW,88.0161
2023-10-25,CH0038863350,NESN.SW,88.4739
2023-10-26,CH0038863350,NESN.SW,88.7702
2023-10-27,CH0038863350,NESN.SW,87.4954
2023-10-30,CH0038863350,NESN.SW,87.7108
2023-10-31,CH0038863350,NESN.SW,88.034
2023-11-01,CH0038863350,NESN.SW,89.2191
2023-11-02,CH0038863350,NESN.SW,90.2425
2023-11-03,CH0038863350,NESN.SW,89.5512
2023-11-06,CH0038863350,NESN.SW,89.659
2023-11-07,CH0038863350,NESN.SW,89.4345
2023-11-08,CH0038863350,NESN.SW,88.9407
2023-11-09,CH0038863350,NESN.SW,89.6949
2023-11-10,CH0038863350,NESN.SW,89.2191
2023-11-13,CH0038863350,NESN.SW,88.7881
2023-11-14,CH0038863350,NESN.SW,89.237
2023-11-15,CH0038863350,NESN.SW,89.4166
2023-11-16,CH0038863350,NESN.SW,88.5457
2023-11-17,CH0038863350,NESN.SW,88.8689
2023-11-20,CH0038863350,NESN.SW,88.2405
2023-11-21,CH0038863350,NESN.SW,89.5512
2023-11-22,CH0038863350,NESN.SW,90.045
2023-11-23,CH0038863350,NESN.SW,90.0809
2023-11-24,CH0038863350,NESN.SW,90.2066
2023-11-27,CH0038863350,NESN.SW,89.9732
2023-11-28,CH0038863350,NESN.SW,89.237
2023-11-29,CH0038863350,NESN.SW,88.9946
2023-11-30,CH0038863350,NESN.SW,89.1921
2023-12-01,CH0038863350,NESN.SW,88.833
2023-12-04,CH0038863350,NESN.SW,89.7487
2023-12-05,CH0038863350,NESN.SW,89.4345
2023-12-06,CH0038863350,NESN.SW,89.237
2023-12-07,CH0038863350,NESN.SW,88.5816
2023-12-08,CH0038863350,NESN.SW,89.2191
2023-12-11,CH0038863350,NESN.SW,88.8959
2023-12-12,CH0038863350,NESN.SW,88.824
2023-12-13,CH0038863350,NESN.SW,88.3662
2023-12-14,CH0038863350,NESN.SW,87.7288
2023-12-15,CH0038863350,NESN.SW,88.0789
2023-12-18,CH0038863350,NESN.SW,88.052
2023-12-19,CH0038863350,NESN.SW,86.6964
2023-12-20,CH0038863350,NESN.SW,86.7053
2023-12-21,CH0038863350,NESN.SW,87.0734
2023-12-22,CH0038863350,NESN.SW,87.2619
2023-12-27,CH0038863350,NESN.SW,86.9388
2023-12-28,CH0038863350,NESN.SW,86.8939
2023-12-29,CH0038863350,NESN.SW,87.5402
2024-01-03,CH0038863350,NESN.SW,89.1472
2024-01-04,CH0038863350,NESN.SW,88.6714
2024-01-05,CH0038863350,NESN.SW,88.5457
2024-01-08,CH0038863350,NESN.SW,88.6894
2024-01-09,CH0038863350,NESN.SW,88.7163
2024-01-10,CH0038863350,NESN.SW,88.2225
2024-01-11,CH0038863350,NESN.SW,86.7951
2024-01-12,CH0038863350,NESN.SW,87.7467
2024-01-15,CH0038863350,NESN.SW,87.2799
2024-01-16,CH0038863350,NESN.SW,88.3303
2024-01-17,CH0038863350,NESN.SW,88.1417
2024-01-18,CH0038863350,NESN.SW,87.63
2024-01-19,CH0038863350,NESN.SW,87.4684
2024-01-22,CH0038863350,NESN.SW,87.5223
2024-01-23,CH0038863350,NESN.SW,86.0949
2024-01-24,CH0038863350,NESN.SW,85.5742
2024-01-25,CH0038863350,NESN.SW,86.3642
2024-01-26,CH0038863350,NESN.SW,88.4201
2024-01-29,CH0038863350,NESN.SW,89.228
2024-01-30,CH0038863350,NESN.SW,88.9048
2024-01-31,CH0038863350,NESN.SW,88.4829
2024-02-01,CH0038863350,NESN.SW,88.2944
2024-02-02,CH0038863350,NESN.SW,88.4919
2024-02-05,CH0038863350,NESN.SW,89.8295
2024-02-06,CH0038863350,NESN.SW,89.228
2024-02-07,CH0038863350,NESN.SW,88.5457
2024-02-08,CH0038863350,NESN.SW,88.2854
2024-02-09,CH0038863350,NESN.SW,85.655
2024-02-12,CH0038863350,NESN.SW,86.9028
2024-02-13,CH0038863350,NESN.SW,86.5437
2024-02-14,CH0038863350,NESN.SW,86.9298
2024-02-15,CH0038863350,NESN.SW,88.0789
2024-02-16,CH0038863350,NESN.SW,87.2171
2024-02-19,CH0038863350,NESN.SW,88.5278
2024-02-20,CH0038863350,NESN.SW,89.4166
2024-02-21,CH0038863350,NESN.SW,88.9856
2024-02-22,CH0038863350,NESN.SW,84.6046
2024-02-23,CH0038863350,NESN.SW,85.6011
2024-02-26,CH0038863350,NESN.SW,84.6495
2024-02-27,CH0038863350,NESN.SW,84.1018
2024-02-28,CH0038863350,NESN.SW,82.6385
2024-02-29,CH0038863350,NESN.SW,82.3781
2024-03-01,CH0038863350,NESN.SW,83.0784
2024-03-04,CH0038863350,NESN.SW,82.6116
2024-03-05,CH0038863350,NESN.SW,82.5308
2024-03-06,CH0038863350,NESN.SW,83.3387
2024-03-07,CH0038863350,NESN.SW,83.7697
2024-03-08,CH0038863350,NESN.SW,84.2185
2024-03-11,CH0038863350,NESN.SW,84.3801
2024-03-12,CH0038863350,NESN.SW,84.6315
2024-03-13,CH0038863350,NESN.SW,85.7178
2024-03-14,CH0038863350,NESN.SW,85.3587
2024-03-15,CH0038863350,NESN.SW,85.4934
2024-03-18,CH0038863350,NESN.SW,85.0086
2024-03-19,CH0038863350,NESN.SW,84.2185
2024-03-20,CH0038863350,NESN.SW,84.8829
2024-03-21,CH0038863350,NESN.SW,85.251
2024-03-22,CH0038863350,NESN.SW,84.7123
2024-03-25,CH0038863350,NESN.SW,85.0624
2024-03-26,CH0038863350,NESN.SW,85.7178
2024-03-27,CH0038863350,NESN.SW,86.1846
2024-03-28,CH0038863350,NESN.SW,85.9602
2024-04-02,CH0038863350,NESN.SW,85.1253
2024-04-03,CH0038863350,NESN.SW,84.6046
2024-04-04,CH0038863350,NESN.SW,85.0894
2024-04-05,CH0038863350,NESN.SW,83.4195
2024-04-08,CH0038863350,NESN.SW,83.7248
2024-04-09,CH0038863350,NESN.SW,83.9402
2024-04-10,CH0038863350,NESN.SW,83.9043
2024-04-11,CH0038863350,NESN.SW,84.2275
2024-04-12,CH0038863350,NESN.SW,83.5273
2024-04-15,CH0038863350,NESN.SW,83.0425
2024-04-16,CH0038863350,NESN.SW,82.5218
2024-04-17,CH0038863350,NESN.SW,83.8146
2024-04-18,CH0038863350,NESN.SW,83.7068
2024-04-19,CH0038863350,NESN.SW,85.5023
2024-04-22,CH0038863350,NESN.SW,86.9855
2024-04-23,CH0038863350,NESN.SW,87.3748
2024-04-24,CH0038863350,NESN.SW,87.1152
2024-04-25,CH0038863350,NESN.SW,85.354
2024-04-26,CH0038863350,NESN.SW,85.9287
2024-04-29,CH0038863350,NESN.SW,85.354
2024-04-30,CH0038863350,NESN.SW,85.4653
2024-05-02,CH0038863350,NESN.SW,85.113
2024-05-03,CH0038863350,NESN.SW,85.0203
2024-05-06,CH0038863350,NESN.SW,84.6866
2024-05-07,CH0038863350,NESN.SW,85.4282
2024-05-08,CH0038863350,NESN.SW,87.3192
2024-05-10,CH0038863350,NESN.SW,88.2276
2024-05-13,CH0038863350,NESN.SW,88.0607
2024-05-14,CH0038863350,NESN.SW,87.727
2024-05-15,CH0038863350,NESN.SW,88.5613
2024-05-16,CH0038863350,NESN.SW,88.4501
2024-05-17,CH0038863350,NESN.SW,89.5624
2024-05-21,CH0038863350,NESN.SW,88.3388
2024-05-22,CH0038863350,NESN.SW,88.1164
2024-05-23,CH0038863350,NESN.SW,86.4849
2024-05-24,CH0038863350,NESN.SW,85.6692
2024-05-27,CH0038863350,NESN.SW,85.6136
2024-05-28,CH0038863350,NESN.SW,84.9462
2024-05-29,CH0038863350,NESN.SW,84.5198
2024-05-30,CH0038863350,NESN.SW,87.2636
2024-05-31,CH0038863350,NESN.SW,88.5798
2024-06-03,CH0038863350,NESN.SW,89.4141
2024-06-04,CH0038863350,NESN.SW,90.4708
2024-06-05,CH0038863350,NESN.SW,90.5821
2024-06-06,CH0038863350,NESN.SW,91.1568
2024-06-07,CH0038863350,NESN.SW,90.8601
2024-06-10,CH0038863350,NESN.SW,88.6169
2024-06-11,CH0038863350,NESN.SW,87.69
2024-06-12,CH0038863350,NESN.SW,88.0051
2024-06-13,CH0038863350,NESN.SW,88.1534
2024-06-14,CH0038863350,NESN.SW,88.3203
2024-06-17,CH0038863350,NESN.SW,88.1534
2024-06-18,CH0038863350,NESN.SW,87.968
2024-06-19,CH0038863350,NESN.SW,87.6529
2024-06-20,CH0038863350,NESN.SW,87.968
2024-06-21,CH0038863350,NESN.SW,86.8557
2024-06-24,CH0038863350,NESN.SW,87.7641
2024-06-25,CH0038863350,NESN.SW,87.0411
2024-06-26,CH0038863350,NESN.SW,86.1141
2024-06-27,CH0038863350,NESN.SW,85.4096
2024-06-28,CH0038863350,NESN.SW,85.0203
2024-07-01,CH0038863350,NESN.SW,85.1686
2024-07-02,CH0038863350,NESN.SW,85.7619
2024-07-03,CH0038863350,NESN.SW,85.799
2024-07-04,CH0038863350,NESN.SW,86.1697
2024-07-05,CH0038863350,NESN.SW,85.799
2024-07-08,CH0038863350,NESN.SW,86.0585
2024-07-09,CH0038863350,NESN.SW,85.799
2024-07-10,CH0038863350,NESN.SW,86.4849
2024-07-11,CH0038863350,NESN.SW,86.8186
2024-07-12,CH0038863350,NESN.SW,87.7456
2024-07-15,CH0038863350,NESN.SW,86.3366
2024-07-16,CH0038863350,NESN.SW,85.8546
2024-07-17,CH0038863350,NESN.SW,86.7815
2024-07-18,CH0038863350,NESN.SW,87.3563
2024-07-19,CH0038863350,NESN.SW,86.9299
2024-07-22,CH0038863350,NESN.SW,87.5973
2024-07-23,CH0038863350,NESN.SW,87.3748
2024-07-24,CH0038863350,NESN.SW,86.7259
2024-07-25,CH0038863350,NESN.SW,82.3322
2024-07-26,CH0038863350,NESN.SW,81.4979
2024-07-29,CH0038863350,NESN.SW,81.5906
2024-07-30,CH0038863350,NESN.SW,82.2024
2024-07-31,CH0038863350,NESN.SW,82.6288
2024-08-02,CH0038863350,NESN.SW,82.8698
2024-08-05,CH0038863350,NESN.SW,80.9046
2024-08-06,CH0038863350,NESN.SW,81.1271
2024-08-07,CH0038863350,NESN.SW,82.7586
2024-08-08,CH0038863350,NESN.SW,82.6288
2024-08-09,CH0038863350,NESN.SW,82.499
2024-08-12,CH0038863350,NESN.SW,82.1653
2024-08-13,CH0038863350,NESN.SW,82.2024
2024-08-14,CH0038863350,NESN.SW,82.7771
2024-08-15,CH0038863350,NESN.SW,82.7586
2024-08-16,CH0038863350,NESN.SW,83.2591
2024-08-19,CH0038863350,NESN.SW,83.5928
2024-08-20,CH0038863350,NESN.SW,82.7586
2024-08-21,CH0038863350,NESN.SW,82.9069
2024-08-22,CH0038863350,NESN.SW,82.9069
2024-08-23,CH0038863350,NESN.SW,82.9996
2024-08-26,CH0038863350,NESN.SW,83.1664
2024-08-27,CH0038863350,NESN.SW,83.1293
2024-08-28,CH0038863350,NESN.SW,83.7226
2024-08-29,CH0038863350,NESN.SW,84.4456
2024-08-30,CH0038863350,NESN.SW,84.3715
2024-09-02,CH0038863350,NESN.SW,84.0192
2024-09-03,CH0038863350,NESN.SW,84.7979
2024-09-04,CH0038863350,NESN.SW,83.0923
2024-09-05,CH0038863350,NESN.SW,82.017
2024-09-06,CH0038863350,NESN.SW,81.1457
2024-09-09,CH0038863350,NESN.SW,81.6647
2024-09-10,CH0038863350,NESN.SW,81.8501
2024-09-11,CH0038863350,NESN.SW,81.3496
2024-09-12,CH0038863350,NESN.SW,81.4608
2024-09-13,CH0038863350,NESN.SW,81.2013
2024-09-16,CH0038863350,NESN.SW,80.4226
2024-09-17,CH0038863350,NESN.SW,80.1445
2024-09-18,CH0038863350,NESN.SW,79.4401
2024-09-19,CH0038863350,NESN.SW,79.162
2024-09-20,CH0038863350,NESN.SW,76.0474
2024-09-23,CH0038863350,NESN.SW,76.826
2024-09-24,CH0038863350,NESN.SW,77.8642
2024-09-25,CH0038863350,NESN.SW,78.1979
2024-09-26,CH0038863350,NESN.SW,78.6243
2024-09-27,CH0038863350,NESN.SW,78.9766
2024-09-30,CH0038863350,NESN.SW,78.7541
2024-10-01,CH0038863350,NESN.SW,78.717
2024-10-02,CH0038863350,NESN.SW,78.8468
2024-10-03,CH0038863350,NESN.SW,77.8457
2024-10-04,CH0038863350,NESN.SW,77.6047
2024-10-07,CH0038863350,NESN.SW,77.512
2024-10-08,CH0038863350,NESN.SW,77.2524
2024-10-09,CH0038863350,NESN.SW,77.8272
2024-10-10,CH0038863350,NESN.SW,77.6788
2024-10-11,CH0038863350,NESN.SW,77.8642
2024-10-14,CH0038863350,NESN.SW,78.1609
2024-10-15,CH0038863350,NESN.SW,77.753
2024-10-16,CH0038863350,NESN.SW,77.753
2024-10-17,CH0038863350,NESN.SW,79.7181
2024-10-18,CH0038863350,NESN.SW,79.6996
2024-10-21,CH0038863350,NESN.SW,80.0518
2024-10-22,CH0038863350,NESN.SW,79.2732
2024-10-23,CH0038863350,NESN.SW,79.1434
2024-10-24,CH0038863350,NESN.SW,78.6243
2024-10-25,CH0038863350,NESN.SW,78.3648
2024-10-28,CH0038863350,NESN.SW,78.235
2024-10-29,CH0038863350,NESN.SW,76.9929
2024-10-30,CH0038863350,NESN.SW,76.3996
2024-10-31,CH0038863350,NESN.SW,75.621
2024-11-01,CH0038863350,NESN.SW,76.6777
2024-11-04,CH0038863350,NESN.SW,75.8064
2024-11-05,CH0038863350,NESN.SW,74.9165
2024-11-06,CH0038863350,NESN.SW,73.5632
2024-11-07,CH0038863350,NESN.SW,73.6559
2024-11-08,CH0038863350,NESN.SW,73.2109
2024-11-11,CH0038863350,NESN.SW,73.248
2024-11-12,CH0038863350,NESN.SW,72.3025
2024-11-13,CH0038863350,NESN.SW,72.043
2024-11-14,CH0038863350,NESN.SW,72.9884
2024-11-15,CH0038863350,NESN.SW,71.8576
2024-11-18,CH0038863350,NESN.SW,72.4694
2024-11-19,CH0038863350,NESN.SW,71.0604
2024-11-20,CH0038863350,NESN.SW,70.9306
2024-11-21,CH0038863350,NESN.SW,70.4115
2024-11-22,CH0038863350,NESN.SW,70.4486
2024-11-25,CH0038863350,NESN.SW,70.4115
2024-11-26,CH0038863350,NESN.SW,70.3003
2024-11-27,CH0038863350,NESN.SW,70.7823
2024-11-28,CH0038863350,NESN.SW,71.0418
2024-11-29,CH0038863350,NESN.SW,70.8935
2024-12-02,CH0038863350,NESN.SW,71.0048
2024-12-03,CH0038863350,NESN.SW,71.0048
2024-12-04,CH0038863350,NESN.SW,70.7823
2024-12-05,CH0038863350,NESN.SW,70.4115
2024-12-06,CH0038863350,NESN.SW,70.2261
2024-12-09,CH0038863350,NESN.SW,70.0778
2024-12-10,CH0038863350,NESN.SW,69.0211
2024-12-11,CH0038863350,NESN.SW,69.3548
2024-12-12,CH0038863350,NESN.SW,69.4289
2024-12-13,CH0038863350,NESN.SW,69.6885
2024-12-16,CH0038863350,NESN.SW,69.0211
2024-12-17,CH0038863350,NESN.SW,69.7256
2024-12-18,CH0038863350,NESN.SW,68.6874
2024-12-19,CH0038863350,NESN.SW,68.7801
2024-12-20,CH0038863350,NESN.SW,68.5761
2024-12-23,CH0038863350,NESN.SW,68.6688
2024-12-27,CH0038863350,NESN.SW,68.984
2024-12-30,CH0038863350,NESN.SW,69.4104
2025-01-03,CH0038863350,NESN.SW,69.2435
2025-01-06,CH0038863350,NESN.SW,68.6132
2025-01-07,CH0038863350,NESN.SW,69.466
2025-01-08,CH0038863350,NESN.SW,69.8553
2025-01-09,CH0038863350,NESN.SW,69.6329
2025-01-10,CH0038863350,NESN.SW,68.6318
2025-01-13,CH0038863350,NESN.SW,68.8171
2025-01-14,CH0038863350,NESN.SW,68.743
2025-01-15,CH0038863350,NESN.SW,68.2795
2025-01-16,CH0038863350,NESN.SW,68.502
2025-01-17,CH0038863350,NESN.SW,68.7801
2025-01-20,CH0038863350,NESN.SW,69.0211
2025-01-21,CH0038863350,NESN.SW,69.2806
2025-01-22,CH0038863350,NESN.SW,68.7615
2025-01-23,CH0038863350,NESN.SW,69.2435
2025-01-24,CH0038863350,NESN.SW,69.225
2025-01-27,CH0038863350,NESN.SW,71.8946
2025-01-28,CH0038863350,NESN.SW,72.4694
2025-01-29,CH0038863350,NESN.SW,72.562
2025-01-30,CH0038863350,NESN.SW,72.9328
2025-01-31,CH0038863350,NESN.SW,71.8205
2025-02-03,CH0038863350,NESN.SW,72.1727
2025-02-04,CH0038863350,NESN.SW,71.8019
2025-02-05,CH0038863350,NESN.SW,71.6166
2025-02-06,CH0038863350,NESN.SW,71.839
2025-02-07,CH0038863350,NESN.SW,71.839
2025-02-10,CH0038863350,NESN.SW,71.7092
2025-02-11,CH0038863350,NESN.SW,72.4879
2025-02-12,CH0038863350,NESN.SW,73.0255
2025-02-13,CH0038863350,NESN.SW,77.5676
2025-02-14,CH0038863350,NESN.SW,76.4553
2025-02-17,CH0038863350,NESN.SW,76.3996
2025-02-18,CH0038863350,NESN.SW,76.3626
2025-02-19,CH0038863350,NESN.SW,76.4738
2025-02-20,CH0038863350,NESN.SW,76.3255
2025-02-21,CH0038863350,NESN.SW,78.8839
2025-02-24,CH0038863350,NESN.SW,81.3681
2025-02-25,CH0038863350,NESN.SW,82.5175
2025-02-26,CH0038863350,NESN.SW,81.2013
2025-02-27,CH0038863350,NESN.SW,80.6822
2025-02-28,CH0038863350,NESN.SW,80.7563
2025-03-03,CH0038863350,NESN.SW,82.1282
2025-03-04,CH0038863350,NESN.SW,83.2035
2025-03-05,CH0038863350,NESN.SW,81.6833
2025-03-06,CH0038863350,NESN.SW,81.4423
2025-03-07,CH0038863350,NESN.SW,83.1664
2025-03-10,CH0038863350,NESN.SW,83.8894
2025-03-11,CH0038863350,NESN.SW,82.1282
2025-03-12,CH0038863350,NESN.SW,82.5361
2025-03-13,CH0038863350,NESN.SW,82.7215
2025-03-14,CH0038863350,NESN.SW,82.6659
2025-03-17,CH0038863350,NESN.SW,83.6484
2025-03-18,CH0038863350,NESN.SW,83.8894
2025-03-19,CH0038863350,NESN.SW,83.2035
2025-03-20,CH0038863350,NESN.SW,84.5568
2025-03-21,CH0038863350,NESN.SW,84.9832
2025-03-24,CH0038863350,NESN.SW,83.0552
2025-03-25,CH0038863350,NESN.SW,82.3507
2025-03-26,CH0038863350,NESN.SW,82.4434
2025-03-27,CH0038863350,NESN.SW,82.9996
2025-03-28,CH0038863350,NESN.SW,83.6484
2025-03-31,CH0038863350,NESN.SW,82.8142
2025-04-01,CH0038863350,NESN.SW,83.5743
2025-04-02,CH0038863350,NESN.SW,83.2406
2025-04-03,CH0038863350,NESN.SW,84.0378
2025-04-04,CH0038863350,NESN.SW,80.9788
2025-04-07,CH0038863350,NESN.SW,77.512
2025-04-08,CH0038863350,NESN.SW,79.0415
2025-04-09,CH0038863350,NESN.SW,77.169
2025-04-10,CH0038863350,NESN.SW,78.1423
2025-04-11,CH0038863350,NESN.SW,78.7726
2025-04-14,CH0038863350,NESN.SW,79.7645
2025-04-15,CH0038863350,NESN.SW,80.0704
2025-04-16,CH0038863350,NESN.SW,80.4597
2025-04-17,CH0038863350,NESN.SW,81.5535
2025-04-22,CH0038863350,NESN.SW,83.2603
2025-04-23,CH0038863350,NESN.SW,83.9712
2025-04-24,CH0038863350,NESN.SW,84.0097
2025-04-25,CH0038863350,NESN.SW,82.3764
2025-04-28,CH0038863350,NESN.SW,83.3467
2025-04-29,CH0038863350,NESN.SW,83.3948
2025-04-30,CH0038863350,NESN.SW,84.2979
2025-05-02,CH0038863350,NESN.SW,84.1634
2025-05-05,CH0038863350,NESN.SW,83.9136
2025-05-06,CH0038863350,NESN.SW,84.7014
2025-05-07,CH0038863350,NESN.SW,84.6918
2025-05-08,CH0038863350,NESN.SW,83.6446
2025-05-09,CH0038863350,NESN.SW,84.2114
2025-05-12,CH0038863350,NESN.SW,82.8279
2025-05-13,CH0038863350,NESN.SW,81.7327
2025-05-14,CH0038863350,NESN.SW,81.8479
2025-05-15,CH0038863350,NESN.SW,83.193
2025-05-16,CH0038863350,NESN.SW,83.0873
2025-05-19,CH0038863350,NESN.SW,83.8271
2025-05-20,CH0038863350,NESN.SW,84.4997
2025-05-21,CH0038863350,NESN.SW,84.9897
2025-05-22,CH0038863350,NESN.SW,84.6918
2025-05-23,CH0038863350,NESN.SW,85.0473
2025-05-26,CH0038863350,NESN.SW,85.1626
2025-05-27,CH0038863350,NESN.SW,85.2299
2025-05-28,CH0038863350,NESN.SW,84.0769
2025-05-30,CH0038863350,NESN.SW,84.2595
2025-06-02,CH0038863350,NESN.SW,83.5965
2025-06-03,CH0038863350,NESN.SW,83.3756
2025-06-04,CH0038863350,NESN.SW,83.7118
2025-06-05,CH0038863350,NESN.SW,83.7118
2025-06-06,CH0038863350,NESN.SW,83.2987
2025-06-10,CH0038863350,NESN.SW,82.6934
2025-06-11,CH0038863350,NESN.SW,81.8191
2025-06-12,CH0038863350,NESN.SW,82.0881
2025-06-13,CH0038863350,NESN.SW,80.9448
2025-06-16,CH0038863350,NESN.SW,79.7919
2025-06-17,CH0038863350,NESN.SW,79.5325
2025-06-18,CH0038863350,NESN.SW,80.0033
2025-06-19,CH0038863350,NESN.SW,79.2635
2025-06-20,CH0038863350,NESN.SW,78.3411
2025-06-23,CH0038863350,NESN.SW,78.2451
2025-06-24,CH0038863350,NESN.SW,78.7639
2025-06-25,CH0038863350,NESN.SW,76.6021
2025-06-26,CH0038863350,NESN.SW,75.8912
2025-06-27,CH0038863350,NESN.SW,76.1794
2025-06-30,CH0038863350,NESN.SW,75.7375
2025-07-01,CH0038863350,NESN.SW,76.0449
2025-07-02,CH0038863350,NESN.SW,75.9776
2025-07-03,CH0038863350,NESN.SW,76.4676
2025-07-04,CH0038863350,NESN.SW,76.1602
2025-07-07,CH0038863350,NESN.SW,75.3435
2025-07-08,CH0038863350,NESN.SW,75.2859
2025-07-09,CH0038863350,NESN.SW,74.9977
2025-07-10,CH0038863350,NESN.SW,74.8247
2025-07-11,CH0038863350,NESN.SW,73.9696
2025-07-14,CH0038863350,NESN.SW,74.2675
2025-07-15,CH0038863350,NESN.SW,73.5853
2025-07-16,CH0038863350,NESN.SW,73.864
2025-07-17,CH0038863350,NESN.SW,73.7775
2025-07-18,CH0038863350,NESN.SW,74.671
2025-07-21,CH0038863350,NESN.SW,73.9889
2025-07-22,CH0038863350,NESN.SW,74.4692
2025-07-23,CH0038863350,NESN.SW,74.6998
2025-07-24,CH0038863350,NESN.SW,71.2314
2025-07-25,CH0038863350,NESN.SW,70.4436
2025-07-28,CH0038863350,NESN.SW,69.4732
2025-07-29,CH0038863350,NESN.SW,69.5789
2025-07-30,CH0038863350,NESN.SW,68.6374
2025-07-31,CH0038863350,NESN.SW,68.3107
2025-08-04,CH0038863350,NESN.SW,68.5029
2025-08-05,CH0038863350,NESN.SW,69.1562
2025-08-06,CH0038863350,NESN.SW,68.5605
2025-08-07,CH0038863350,NESN.SW,69.2427
2025-08-08,CH0038863350,NESN.SW,69.2715
2025-08-11,CH0038863350,NESN.SW,69.2907
2025-08-12,CH0038863350,NESN.SW,68.8776
2025-08-13,CH0038863350,NESN.SW,69.3579
2025-08-14,CH0038863350,NESN.SW,69.2427
2025-08-15,CH0038863350,NESN.SW,69.5021
2025-08-18,CH0038863350,NESN.SW,69.3772
2025-08-19,CH0038863350,NESN.SW,70.6358
2025-08-20,CH0038863350,NESN.SW,73.153
2025-08-21,CH0038863350,NESN.SW,72.8936
2025-08-22,CH0038863350,NESN.SW,72.4036
2025-08-25,CH0038863350,NESN.SW,71.9424
2025-08-26,CH0038863350,NESN.SW,71.5485
2025-08-27,CH0038863350,NESN.SW,71.2411
2025-08-28,CH0038863350,NESN.SW,71.9616
2025-08-29,CH0038863350,NESN.SW,72.4324
2025-09-01,CH0038863350,NESN.SW,72.5285
2025-09-02,CH0038863350,NESN.SW,71.9905
2025-09-03,CH0038863350,NESN.SW,71.7791
2025-09-04,CH0038863350,NESN.SW,72.9128
2025-09-05,CH0038863350,NESN.SW,72.4516
2025-09-08,CH0038863350,NESN.SW,71.7887
2025-09-09,CH0038863350,NESN.SW,70.655
2025-09-10,CH0038863350,NESN.SW,70.6742
2025-09-11,CH0038863350,NESN.SW,70.7607
2025-09-12,CH0038863350,NESN.SW,70.117
2025-09-15,CH0038863350,NESN.SW,69.137
2025-09-16,CH0038863350,NESN.SW,69.0697
2025-09-17,CH0038863350,NESN.SW,68.695
2025-09-18,CH0038863350,NESN.SW,69.0601
2025-09-19,CH0038863350,NESN.SW,69.5789
2025-09-22,CH0038863350,NESN.SW,68.8391
2025-09-23,CH0038863350,NESN.SW,68.8103
2025-09-24,CH0038863350,NESN.SW,68.4836
2025-09-25,CH0038863350,NESN.SW,68.2146
2025-09-26,CH0038863350,NESN.SW,68.3491
2025-09-29,CH0038863350,NESN.SW,69.2619
2025-09-30,CH0038863350,NESN.SW,70.2034
2025-10-01,CH0038863350,NESN.SW,70.9816
2025-10-02,CH0038863350,NESN.SW,71.7022
2025-10-03,CH0038863350,NESN.SW,71.2891
2025-10-06,CH0038863350,NESN.SW,71.4524
2025-10-07,CH0038863350,NESN.SW,71.5677
2025-10-08,CH0038863350,NESN.SW,72.0193
2025-10-09,CH0038863350,NESN.SW,72.0385
2025-10-10,CH0038863350,NESN.SW,72.6438
2025-10-13,CH0038863350,NESN.SW,72.3459
2025-10-14,CH0038863350,NESN.SW,72.0481
2025-10-15,CH0038863350,NESN.SW,73.1434
2025-10-16,CH0038863350,NESN.SW,79.9456
2025-10-17,CH0038863350,NESN.SW,81.5021
2025-10-20,CH0038863350,NESN.SW,80.6566
2025-10-21,CH0038863350,NESN.SW,79.3307
2025-10-22,CH0038863350,NESN.SW,78.6294
2025-10-23,CH0038863350,NESN.SW,77.4764
2025-10-24,CH0038863350,NESN.SW,76.9672
2025-10-27,CH0038863350,NESN.SW,76.7655
2025-10-28,CH0038863350,NESN.SW,76.2467
2025-10-29,CH0038863350,NESN.SW,75.3916
2025-10-30,CH0038863350,NESN.SW,74.4116
2025-10-31,CH0038863350,NESN.SW,73.864
2025-11-03,CH0038863350,NESN.SW,74.6518
2025-11-04,CH0038863350,NESN.SW,75.8047
2025-11-05,CH0038863350,NESN.SW,75.9392
2025-11-06,CH0038863350,NESN.SW,75.7951
2025-11-07,CH0038863350,NESN.SW,76.0161
2025-11-10,CH0038863350,NESN.SW,76.3043
2025-11-11,CH0038863350,NESN.SW,78.0721
2025-11-12,CH0038863350,NESN.SW,78.4468
2025-11-13,CH0038863350,NESN.SW,77.9088
2025-11-14,CH0038863350,NESN.SW,77.1594
2025-11-17,CH0038863350,NESN.SW,76.7367
2025-11-18,CH0038863350,NESN.SW,76.1506
2025-11-19,CH0038863350,NESN.SW,76.3043
2025-11-20,CH0038863350,NESN.SW,76.1218
2025-11-21,CH0038863350,NESN.SW,77.6013
2025-11-24,CH0038863350,NESN.SW,77.3804
2025-11-25,CH0038863350,NESN.SW,76.7943
2025-11-26,CH0038863350,NESN.SW,76.458
2025-11-27,CH0038863350,NESN.SW,76.7847
2025-11-28,CH0038863350,NESN.SW,76.6982
2025-12-01,CH0038863350,NESN.SW,76.9192
2025-12-02,CH0038863350,NESN.SW,75.9008
2025-12-03,CH0038863350,NESN.SW,75.4396
2025-12-04,CH0038863350,NESN.SW,76.1602
2025-12-05,CH0038863350,NESN.SW,75.7278
2025-12-08,CH0038863350,NESN.SW,75.2571
2025-12-09,CH0038863350,NESN.SW,74.892
2025-12-10,CH0038863350,NESN.SW,74.7575
2025-12-11,CH0038863350,NESN.SW,74.8632
2025-12-12,CH0038863350,NESN.SW,74.892
2025-12-15,CH0038863350,NESN.SW,75.8527
2025-12-16,CH0038863350,NESN.SW,75.3628
2025-12-17,CH0038863350,NESN.SW,76.2467
2025-12-18,CH0038863350,NESN.SW,76.7463
2025-12-19,CH0038863350,NESN.SW,75.699
2025-12-22,CH0038863350,NESN.SW,74.9688
2025-12-23,CH0038863350,NESN.SW,74.7767
2025-12-29,CH0038863350,NESN.SW,75.651
2025-12-30,CH0038863350,NESN.SW,75.651
2026-01-05,CH0038863350,NESN.SW,73.4412
2026-01-06,CH0038863350,NESN.SW,73.1722
2026-01-07,CH0038863350,NESN.SW,71.6061
2026-01-08,CH0038863350,NESN.SW,71.4428
2026-01-09,CH0038863350,NESN.SW,72.4516
2026-01-12,CH0038863350,NESN.SW,72.0481
2026-01-13,CH0038863350,NESN.SW,72.2499
2026-01-14,CH0038863350,NESN.SW,73.5469
2026-01-15,CH0038863350,NESN.SW,73.5181
2026-01-16,CH0038863350,NESN.SW,72.2883
2026-01-19,CH0038863350,NESN.SW,71.7599
2026-01-20,CH0038863350,NESN.SW,71.0393
2026-01-21,CH0038863350,NESN.SW,70.117
2026-01-22,CH0038863350,NESN.SW,70.3187
2026-01-23,CH0038863350,NESN.SW,69.627
2026-01-26,CH0038863350,NESN.SW,69.0313
2026-01-27,CH0038863350,NESN.SW,69.9921
2026-01-28,CH0038863350,NESN.SW,69.6942
2026-01-29,CH0038863350,NESN.SW,70.5973
2026-01-30,CH0038863350,NESN.SW,70.5493
2026-02-02,CH0038863350,NESN.SW,72.5477
2026-02-03,CH0038863350,NESN.SW,73.0953
2026-02-04,CH0038863350,NESN.SW,75.0265
2026-02-05,CH0038863350,NESN.SW,75.3531
2026-02-06,CH0038863350,NESN.SW,75.7951
2026-02-09,CH0038863350,NESN.SW,75.3147
2026-02-10,CH0038863350,NESN.SW,75.8239
2026-02-11,CH0038863350,NESN.SW,75.1802
2026-02-12,CH0038863350,NESN.SW,76.2274
2026-02-13,CH0038863350,NESN.SW,76.458
2026-02-16,CH0038863350,NESN.SW,77.0249
2026-02-17,CH0038863350,NESN.SW,75.92
2026-02-18,CH0038863350,NESN.SW,75.3243
2026-02-19,CH0038863350,NESN.SW,78.2355
2026-02-20,CH0038863350,NESN.SW,77.7359
2026-02-23,CH0038863350,NESN.SW,78.2066
2026-02-24,CH0038863350,NESN.SW,79.6862
2026-02-25,CH0038863350,NESN.SW,79.6478
2026-02-26,CH0038863350,NESN.SW,79.4748
2026-02-27,CH0038863350,NESN.SW,80.6854
2026-03-02,CH0038863350,NESN.SW,79.9456
2026-03-03,CH0038863350,NESN.SW,78.0625
2026-03-04,CH0038863350,NESN.SW,77.4188
2026-03-05,CH0038863350,NESN.SW,76.9961
2026-03-06,CH0038863350,NESN.SW,77.0921
2026-03-09,CH0038863350,NESN.SW,76.9096
2026-03-10,CH0038863350,NESN.SW,76.4676
2026-03-11,CH0038863350,NESN.SW,76.41
2026-03-12,CH0038863350,NESN.SW,76.8808
2026-03-13,CH0038863350,NESN.SW,77.6974
2026-03-16,CH0038863350,NESN.SW,77.4476
2026-03-17,CH0038863350,NESN.SW,77.6686
2026-03-18,CH0038863350,NESN.SW,74.9112
2026-03-19,CH0038863350,NESN.SW,73.6238
2026-03-20,CH0038863350,NESN.SW,72.884
2026-03-23,CH0038863350,NESN.SW,71.9136
2026-03-24,CH0038863350,NESN.SW,73.4796
2026-03-25,CH0038863350,NESN.SW,73.7679
2026-03-26,CH0038863350,NESN.SW,73.2106
2026-03-27,CH0038863350,NESN.SW,73.374
2026-03-30,CH0038863350,NESN.SW,75.0169
2026-03-31,CH0038863350,NESN.SW,75.3435
2026-04-01,CH0038863350,NESN.SW,75.3147
2026-04-02,CH0038863350,NESN.SW,75.2955
2026-04-07,CH0038863350,NESN.SW,75.1706
2026-04-08,CH0038863350,NESN.SW,75.6606
2026-04-09,CH0038863350,NESN.SW,75.8431
2026-04-10,CH0038863350,NESN.SW,75.9969
2026-04-13,CH0038863350,NESN.SW,75.0265
2026-04-14,CH0038863350,NESN.SW,76.3139
2026-04-15,CH0038863350,NESN.SW,75.3916
2026-04-16,CH0038863350,NESN.SW,75.651
2026-04-17,CH0038863350,NESN.SW,75.92
2026-04-20,CH0038863350,NESN.SW,76.8
2026-04-21,CH0038863350,NESN.SW,75.36
2026-04-22,CH0038863350,NESN.SW,75.54
2026-04-23,CH0038863350,NESN.SW,79.99
2026-04-24,CH0038863350,NESN.SW,81.17
2023-04-27,US0079031078,AMD.US,87.44
2023-04-28,US0079031078,AMD.US,89.37
2023-05-01,US0079031078,AMD.US,89.69
2023-05-02,US0079031078,AMD.US,89.91
2023-05-03,US0079031078,AMD.US,81.62
2023-05-04,US0079031078,AMD.US,86.61
2023-05-05,US0079031078,AMD.US,89.84
2023-05-08,US0079031078,AMD.US,95.04
2023-05-09,US0079031078,AMD.US,95.06
2023-05-10,US0079031078,AMD.US,97.02
2023-05-11,US0079031078,AMD.US,97.1
2023-05-12,US0079031078,AMD.US,95.26
2023-05-15,US0079031078,AMD.US,97.4
2023-05-16,US0079031078,AMD.US,101.48
2023-05-17,US0079031078,AMD.US,103.75
2023-05-18,US0079031078,AMD.US,107.93
2023-05-19,US0079031078,AMD.US,105.82
2023-05-22,US0079031078,AMD.US,108.0
2023-05-23,US0079031078,AMD.US,108.12
2023-05-24,US0079031078,AMD.US,108.27
2023-05-25,US0079031078,AMD.US,120.35
2023-05-26,US0079031078,AMD.US,127.03
2023-05-30,US0079031078,AMD.US,125.27
2023-05-31,US0079031078,AMD.US,118.21
2023-06-01,US0079031078,AMD.US,119.47
2023-06-02,US0079031078,AMD.US,117.86
2023-06-05,US0079031078,AMD.US,117.93
2023-06-06,US0079031078,AMD.US,124.23
2023-06-07,US0079031078,AMD.US,117.83
2023-06-08,US0079031078,AMD.US,121.05
2023-06-09,US0079031078,AMD.US,124.92
2023-06-12,US0079031078,AMD.US,129.19
2023-06-13,US0079031078,AMD.US,124.53
2023-06-14,US0079031078,AMD.US,127.33
2023-06-15,US0079031078,AMD.US,124.24
2023-06-16,US0079031078,AMD.US,120.08
2023-06-20,US0079031078,AMD.US,118.93
2023-06-21,US0079031078,AMD.US,112.11
2023-06-22,US0079031078,AMD.US,110.7
2023-06-23,US0079031078,AMD.US,110.01
2023-06-26,US0079031078,AMD.US,107.51
2023-06-27,US0079031078,AMD.US,110.39
2023-06-28,US0079031078,AMD.US,110.17
2023-06-29,US0079031078,AMD.US,111.24
2023-06-30,US0079031078,AMD.US,113.91
2023-07-03,US0079031078,AMD.US,115.82
2023-07-05,US0079031078,AMD.US,113.95
2023-07-06,US0079031078,AMD.US,113.48
2023-07-07,US0079031078,AMD.US,113.17
2023-07-10,US0079031078,AMD.US,113.58
2023-07-11,US0079031078,AMD.US,111.32
2023-07-12,US0079031078,AMD.US,114.58
2023-07-13,US0079031078,AMD.US,115.92
2023-07-14,US0079031078,AMD.US,115.94
2023-07-17,US0079031078,AMD.US,118.32
2023-07-18,US0079031078,AMD.US,117.93
2023-07-19,US0079031078,AMD.US,116.43
2023-07-20,US0079031078,AMD.US,110.25
2023-07-21,US0079031078,AMD.US,110.95
2023-07-24,US0079031078,AMD.US,110.61
2023-07-25,US0079031078,AMD.US,113.0
2023-07-26,US0079031078,AMD.US,110.09
2023-07-27,US0079031078,AMD.US,111.1
2023-07-28,US0079031078,AMD.US,112.96
2023-07-31,US0079031078,AMD.US,114.4
2023-08-01,US0079031078,AMD.US,117.6
2023-08-02,US0079031078,AMD.US,109.35
2023-08-03,US0079031078,AMD.US,113.15
2023-08-04,US0079031078,AMD.US,115.82
2023-08-07,US0079031078,AMD.US,116.81
2023-08-08,US0079031078,AMD.US,113.23
2023-08-09,US0079031078,AMD.US,110.47
2023-08-10,US0079031078,AMD.US,110.23
2023-08-11,US0079031078,AMD.US,107.57
2023-08-14,US0079031078,AMD.US,111.98
2023-08-15,US0079031078,AMD.US,111.35
2023-08-16,US0079031078,AMD.US,107.19
2023-08-17,US0079031078,AMD.US,104.44
2023-08-18,US0079031078,AMD.US,105.45
2023-08-21,US0079031078,AMD.US,108.22
2023-08-22,US0079031078,AMD.US,105.66
2023-08-23,US0079031078,AMD.US,109.43
2023-08-24,US0079031078,AMD.US,101.8
2023-08-25,US0079031078,AMD.US,102.25
2023-08-28,US0079031078,AMD.US,102.61
2023-08-29,US0079031078,AMD.US,105.92
2023-08-30,US0079031078,AMD.US,106.59
2023-08-31,US0079031078,AMD.US,105.72
2023-09-01,US0079031078,AMD.US,109.45
2023-09-05,US0079031078,AMD.US,110.78
2023-09-06,US0079031078,AMD.US,109.28
2023-09-07,US0079031078,AMD.US,106.59
2023-09-08,US0079031078,AMD.US,106.09
2023-09-11,US0079031078,AMD.US,105.32
2023-09-12,US0079031078,AMD.US,105.31
2023-09-13,US0079031078,AMD.US,107.71
2023-09-14,US0079031078,AMD.US,106.63
2023-09-15,US0079031078,AMD.US,101.49
2023-09-18,US0079031078,AMD.US,102.37
2023-09-19,US0079031078,AMD.US,101.61
2023-09-20,US0079031078,AMD.US,100.34
2023-09-21,US0079031078,AMD.US,96.11
2023-09-22,US0079031078,AMD.US,96.2
2023-09-25,US0079031078,AMD.US,97.38
2023-09-26,US0079031078,AMD.US,95.96
2023-09-27,US0079031078,AMD.US,98.07
2023-09-28,US0079031078,AMD.US,102.76
2023-09-29,US0079031078,AMD.US,102.82
2023-10-02,US0079031078,AMD.US,103.27
2023-10-03,US0079031078,AMD.US,100.08
2023-10-04,US0079031078,AMD.US,104.07
2023-10-05,US0079031078,AMD.US,102.91
2023-10-06,US0079031078,AMD.US,107.24
2023-10-09,US0079031078,AMD.US,106.97
2023-10-10,US0079031078,AMD.US,109.01
2023-10-11,US0079031078,AMD.US,108.31
2023-10-12,US0079031078,AMD.US,108.79
2023-10-13,US0079031078,AMD.US,105.09
2023-10-16,US0079031078,AMD.US,106.46
2023-10-17,US0079031078,AMD.US,105.14
2023-10-18,US0079031078,AMD.US,102.17
2023-10-19,US0079031078,AMD.US,102.4
2023-10-20,US0079031078,AMD.US,101.81
2023-10-23,US0079031078,AMD.US,100.01
2023-10-24,US0079031078,AMD.US,101.67
2023-10-25,US0079031078,AMD.US,96.06
2023-10-26,US0079031078,AMD.US,93.67
2023-10-27,US0079031078,AMD.US,96.43
2023-10-30,US0079031078,AMD.US,96.18
2023-10-31,US0079031078,AMD.US,98.5
2023-11-01,US0079031078,AMD.US,108.04
2023-11-02,US0079031078,AMD.US,107.83
2023-11-03,US0079031078,AMD.US,112.25
2023-11-06,US0079031078,AMD.US,111.75
2023-11-07,US0079031078,AMD.US,113.45
2023-11-08,US0079031078,AMD.US,113.59
2023-11-09,US0079031078,AMD.US,113.49
2023-11-10,US0079031078,AMD.US,118.59
2023-11-13,US0079031078,AMD.US,116.79
2023-11-14,US0079031078,AMD.US,119.88
2023-11-15,US0079031078,AMD.US,118.0
2023-11-16,US0079031078,AMD.US,119.83
2023-11-17,US0079031078,AMD.US,120.62
2023-11-20,US0079031078,AMD.US,121.53
2023-11-21,US0079031078,AMD.US,119.16
2023-11-22,US0079031078,AMD.US,122.51
2023-11-24,US0079031078,AMD.US,122.31
2023-11-27,US0079031078,AMD.US,122.65
2023-11-28,US0079031078,AMD.US,122.01
2023-11-29,US0079031078,AMD.US,123.85
2023-11-30,US0079031078,AMD.US,121.16
2023-12-01,US0079031078,AMD.US,121.39
2023-12-04,US0079031078,AMD.US,118.57
2023-12-05,US0079031078,AMD.US,118.38
2023-12-06,US0079031078,AMD.US,116.82
2023-12-07,US0079031078,AMD.US,128.37
2023-12-08,US0079031078,AMD.US,128.92
2023-12-11,US0079031078,AMD.US,134.41
2023-12-12,US0079031078,AMD.US,137.61
2023-12-13,US0079031078,AMD.US,138.19
2023-12-14,US0079031078,AMD.US,138.0
2023-12-15,US0079031078,AMD.US,139.15
2023-12-18,US0079031078,AMD.US,138.9
2023-12-19,US0079031078,AMD.US,140.15
2023-12-20,US0079031078,AMD.US,135.47
2023-12-21,US0079031078,AMD.US,139.91
2023-12-22,US0079031078,AMD.US,139.6
2023-12-26,US0079031078,AMD.US,143.41
2023-12-27,US0079031078,AMD.US,146.07
2023-12-28,US0079031078,AMD.US,148.76
2023-12-29,US0079031078,AMD.US,147.41
2024-01-02,US0079031078,AMD.US,138.58
2024-01-03,US0079031078,AMD.US,135.32
2024-01-04,US0079031078,AMD.US,136.01
2024-01-05,US0079031078,AMD.US,138.58
2024-01-08,US0079031078,AMD.US,146.18
2024-01-09,US0079031078,AMD.US,149.26
2024-01-10,US0079031078,AMD.US,148.54
2024-01-11,US0079031078,AMD.US,148.02
2024-01-12,US0079031078,AMD.US,146.56
2024-01-16,US0079031078,AMD.US,158.74
2024-01-17,US0079031078,AMD.US,160.17
2024-01-18,US0079031078,AMD.US,162.67
2024-01-19,US0079031078,AMD.US,174.23
2024-01-22,US0079031078,AMD.US,168.18
2024-01-23,US0079031078,AMD.US,168.42
2024-01-24,US0079031078,AMD.US,178.29
2024-01-25,US0079031078,AMD.US,180.33
2024-01-26,US0079031078,AMD.US,177.25
2024-01-29,US0079031078,AMD.US,177.83
2024-01-30,US0079031078,AMD.US,172.06
2024-01-31,US0079031078,AMD.US,167.69
2024-02-01,US0079031078,AMD.US,170.48
2024-02-02,US0079031078,AMD.US,177.66
2024-02-05,US0079031078,AMD.US,174.23
2024-02-06,US0079031078,AMD.US,167.88
2024-02-07,US0079031078,AMD.US,170.94
2024-02-08,US0079031078,AMD.US,169.35
2024-02-09,US0079031078,AMD.US,172.48
2024-02-12,US0079031078,AMD.US,171.91
2024-02-13,US0079031078,AMD.US,171.54
2024-02-14,US0079031078,AMD.US,178.7
2024-02-15,US0079031078,AMD.US,176.76
2024-02-16,US0079031078,AMD.US,173.87
2024-02-20,US0079031078,AMD.US,165.69
2024-02-21,US0079031078,AMD.US,164.29
2024-02-22,US0079031078,AMD.US,181.86
2024-02-23,US0079031078,AMD.US,176.52
2024-02-26,US0079031078,AMD.US,176.01
2024-02-27,US0079031078,AMD.US,178.0
2024-02-28,US0079031078,AMD.US,176.54
2024-02-29,US0079031078,AMD.US,192.53
2024-03-01,US0079031078,AMD.US,202.64
2024-03-04,US0079031078,AMD.US,205.36
2024-03-05,US0079031078,AMD.US,205.13
2024-03-06,US0079031078,AMD.US,210.63
2024-03-07,US0079031078,AMD.US,211.38
2024-03-08,US0079031078,AMD.US,207.39
2024-03-11,US0079031078,AMD.US,198.39
2024-03-12,US0079031078,AMD.US,202.76
2024-03-13,US0079031078,AMD.US,194.79
2024-03-14,US0079031078,AMD.US,187.06
2024-03-15,US0079031078,AMD.US,191.06
2024-03-18,US0079031078,AMD.US,190.65
2024-03-19,US0079031078,AMD.US,181.42
2024-03-20,US0079031078,AMD.US,179.73
2024-03-21,US0079031078,AMD.US,178.68
2024-03-22,US0079031078,AMD.US,179.65
2024-03-25,US0079031078,AMD.US,178.63
2024-03-26,US0079031078,AMD.US,177.87
2024-03-27,US0079031078,AMD.US,179.59
2024-03-28,US0079031078,AMD.US,180.49
2024-04-01,US0079031078,AMD.US,183.34
2024-04-02,US0079031078,AMD.US,178.7
2024-04-03,US0079031078,AMD.US,180.77
2024-04-04,US0079031078,AMD.US,165.83
2024-04-05,US0079031078,AMD.US,170.42
2024-04-08,US0079031078,AMD.US,169.9
2024-04-09,US0079031078,AMD.US,170.78
2024-04-10,US0079031078,AMD.US,167.14
2024-04-11,US0079031078,AMD.US,170.5
2024-04-12,US0079031078,AMD.US,163.28
2024-04-15,US0079031078,AMD.US,160.32
2024-04-16,US0079031078,AMD.US,163.46
2024-04-17,US0079031078,AMD.US,154.02
2024-04-18,US0079031078,AMD.US,155.08
2024-04-19,US0079031078,AMD.US,146.64
2024-04-22,US0079031078,AMD.US,148.64
2024-04-23,US0079031078,AMD.US,152.27
2024-04-24,US0079031078,AMD.US,151.74
2024-04-25,US0079031078,AMD.US,153.76
2024-04-26,US0079031078,AMD.US,157.4
2024-04-29,US0079031078,AMD.US,160.2
2024-04-30,US0079031078,AMD.US,158.38
2024-05-01,US0079031078,AMD.US,144.27
2024-05-02,US0079031078,AMD.US,146.16
2024-05-03,US0079031078,AMD.US,150.6
2024-05-06,US0079031078,AMD.US,155.78
2024-05-07,US0079031078,AMD.US,154.43
2024-05-08,US0079031078,AMD.US,153.62
2024-05-09,US0079031078,AMD.US,152.39
2024-05-10,US0079031078,AMD.US,151.92
2024-05-13,US0079031078,AMD.US,150.56
2024-05-14,US0079031078,AMD.US,153.16
2024-05-15,US0079031078,AMD.US,159.67
2024-05-16,US0079031078,AMD.US,162.62
2024-05-17,US0079031078,AMD.US,164.47
2024-05-20,US0079031078,AMD.US,166.33
2024-05-21,US0079031078,AMD.US,164.66
2024-05-22,US0079031078,AMD.US,165.52
2024-05-23,US0079031078,AMD.US,160.43
2024-05-24,US0079031078,AMD.US,166.36
2024-05-28,US0079031078,AMD.US,171.61
2024-05-29,US0079031078,AMD.US,165.14
2024-05-30,US0079031078,AMD.US,166.75
2024-05-31,US0079031078,AMD.US,166.9
2024-06-03,US0079031078,AMD.US,163.55
2024-06-04,US0079031078,AMD.US,159.99
2024-06-05,US0079031078,AMD.US,166.17
2024-06-06,US0079031078,AMD.US,166.78
2024-06-07,US0079031078,AMD.US,167.87
2024-06-10,US0079031078,AMD.US,160.34
2024-06-11,US0079031078,AMD.US,158.96
2024-06-12,US0079031078,AMD.US,160.24
2024-06-13,US0079031078,AMD.US,159.9
2024-06-14,US0079031078,AMD.US,159.63
2024-06-17,US0079031078,AMD.US,158.4
2024-06-18,US0079031078,AMD.US,154.63
2024-06-20,US0079031078,AMD.US,161.78
2024-06-21,US0079031078,AMD.US,161.23
2024-06-24,US0079031078,AMD.US,160.25
2024-06-25,US0079031078,AMD.US,160.25
2024-06-26,US0079031078,AMD.US,157.54
2024-06-27,US0079031078,AMD.US,159.47
2024-06-28,US0079031078,AMD.US,162.21
2024-07-01,US0079031078,AMD.US,157.69
2024-07-02,US0079031078,AMD.US,164.31
2024-07-03,US0079031078,AMD.US,163.9
2024-07-05,US0079031078,AMD.US,171.9
2024-07-08,US0079031078,AMD.US,178.69
2024-07-09,US0079031078,AMD.US,177.1
2024-07-10,US0079031078,AMD.US,183.96
2024-07-11,US0079031078,AMD.US,181.94
2024-07-12,US0079031078,AMD.US,181.61
2024-07-15,US0079031078,AMD.US,179.83
2024-07-16,US0079031078,AMD.US,177.55
2024-07-17,US0079031078,AMD.US,159.43
2024-07-18,US0079031078,AMD.US,155.77
2024-07-19,US0079031078,AMD.US,151.58
2024-07-22,US0079031078,AMD.US,155.87
2024-07-23,US0079031078,AMD.US,154.0
2024-07-24,US0079031078,AMD.US,144.63
2024-07-25,US0079031078,AMD.US,138.32
2024-07-26,US0079031078,AMD.US,139.99
2024-07-29,US0079031078,AMD.US,139.75
2024-07-30,US0079031078,AMD.US,138.44
2024-07-31,US0079031078,AMD.US,144.48
2024-08-01,US0079031078,AMD.US,132.54
2024-08-02,US0079031078,AMD.US,132.5
2024-08-05,US0079031078,AMD.US,134.82
2024-08-06,US0079031078,AMD.US,130.18
2024-08-07,US0079031078,AMD.US,128.67
2024-08-08,US0079031078,AMD.US,136.32
2024-08-09,US0079031078,AMD.US,134.27
2024-08-12,US0079031078,AMD.US,136.77
2024-08-13,US0079031078,AMD.US,141.13
2024-08-14,US0079031078,AMD.US,140.75
2024-08-15,US0079031078,AMD.US,147.36
2024-08-16,US0079031078,AMD.US,148.56
2024-08-19,US0079031078,AMD.US,155.28
2024-08-20,US0079031078,AMD.US,156.4
2024-08-21,US0079031078,AMD.US,157.81
2024-08-22,US0079031078,AMD.US,151.7
2024-08-23,US0079031078,AMD.US,154.98
2024-08-26,US0079031078,AMD.US,149.99
2024-08-27,US0079031078,AMD.US,150.5
2024-08-28,US0079031078,AMD.US,146.36
2024-08-29,US0079031078,AMD.US,145.49
2024-08-30,US0079031078,AMD.US,148.56
2024-09-03,US0079031078,AMD.US,136.94
2024-09-04,US0079031078,AMD.US,140.87
2024-09-05,US0079031078,AMD.US,139.44
2024-09-06,US0079031078,AMD.US,134.35
2024-09-09,US0079031078,AMD.US,138.15
2024-09-10,US0079031078,AMD.US,142.84
2024-09-11,US0079031078,AMD.US,149.86
2024-09-12,US0079031078,AMD.US,150.77
2024-09-13,US0079031078,AMD.US,152.31
2024-09-16,US0079031078,AMD.US,152.08
2024-09-17,US0079031078,AMD.US,150.82
2024-09-18,US0079031078,AMD.US,148.29
2024-09-19,US0079031078,AMD.US,156.74
2024-09-20,US0079031078,AMD.US,155.95
2024-09-23,US0079031078,AMD.US,156.75
2024-09-24,US0079031078,AMD.US,158.32
2024-09-25,US0079031078,AMD.US,162.02
2024-09-26,US0079031078,AMD.US,167.49
2024-09-27,US0079031078,AMD.US,164.35
2024-09-30,US0079031078,AMD.US,164.08
2024-10-01,US0079031078,AMD.US,159.75
2024-10-02,US0079031078,AMD.US,159.78
2024-10-03,US0079031078,AMD.US,162.85
2024-10-04,US0079031078,AMD.US,170.9
2024-10-07,US0079031078,AMD.US,170.97
2024-10-08,US0079031078,AMD.US,172.8
2024-10-09,US0079031078,AMD.US,171.02
2024-10-10,US0079031078,AMD.US,164.18
2024-10-11,US0079031078,AMD.US,167.89
2024-10-14,US0079031078,AMD.US,165.27
2024-10-15,US0079031078,AMD.US,156.64
2024-10-16,US0079031078,AMD.US,156.13
2024-10-17,US0079031078,AMD.US,156.25
2024-10-18,US0079031078,AMD.US,155.97
2024-10-21,US0079031078,AMD.US,157.9
2024-10-22,US0079031078,AMD.US,154.09
2024-10-23,US0079031078,AMD.US,152.91
2024-10-24,US0079031078,AMD.US,153.44
2024-10-25,US0079031078,AMD.US,156.23
2024-10-28,US0079031078,AMD.US,159.92
2024-10-29,US0079031078,AMD.US,166.25
2024-10-30,US0079031078,AMD.US,148.6
2024-10-31,US0079031078,AMD.US,144.07
2024-11-01,US0079031078,AMD.US,141.86
2024-11-04,US0079031078,AMD.US,140.71
2024-11-05,US0079031078,AMD.US,141.66
2024-11-06,US0079031078,AMD.US,145.1
2024-11-07,US0079031078,AMD.US,149.82
2024-11-08,US0079031078,AMD.US,147.95
2024-11-11,US0079031078,AMD.US,147.35
2024-11-12,US0079031078,AMD.US,143.63
2024-11-13,US0079031078,AMD.US,139.3
2024-11-14,US0079031078,AMD.US,138.84
2024-11-15,US0079031078,AMD.US,134.9
2024-11-18,US0079031078,AMD.US,138.93
2024-11-19,US0079031078,AMD.US,139.39
2024-11-20,US0079031078,AMD.US,137.6
2024-11-21,US0079031078,AMD.US,137.49
2024-11-22,US0079031078,AMD.US,138.35
2024-11-25,US0079031078,AMD.US,141.13
2024-11-26,US0079031078,AMD.US,137.72
2024-11-27,US0079031078,AMD.US,136.24
2024-11-29,US0079031078,AMD.US,137.18
2024-12-02,US0079031078,AMD.US,142.06
2024-12-03,US0079031078,AMD.US,141.98
2024-12-04,US0079031078,AMD.US,143.99
2024-12-05,US0079031078,AMD.US,141.36
2024-12-06,US0079031078,AMD.US,138.59
2024-12-09,US0079031078,AMD.US,130.87
2024-12-10,US0079031078,AMD.US,127.74
2024-12-11,US0079031078,AMD.US,130.15
2024-12-12,US0079031078,AMD.US,130.6
2024-12-13,US0079031078,AMD.US,126.91
2024-12-16,US0079031078,AMD.US,126.69
2024-12-17,US0079031078,AMD.US,125.02
2024-12-18,US0079031078,AMD.US,121.41
2024-12-19,US0079031078,AMD.US,118.88
2024-12-20,US0079031078,AMD.US,119.21
2024-12-23,US0079031078,AMD.US,124.6
2024-12-24,US0079031078,AMD.US,126.29
2024-12-26,US0079031078,AMD.US,125.06
2024-12-27,US0079031078,AMD.US,125.19
2024-12-30,US0079031078,AMD.US,122.44
2024-12-31,US0079031078,AMD.US,120.79
2025-01-02,US0079031078,AMD.US,120.63
2025-01-03,US0079031078,AMD.US,125.37
2025-01-06,US0079031078,AMD.US,129.55
2025-01-07,US0079031078,AMD.US,127.33
2025-01-08,US0079031078,AMD.US,121.84
2025-01-10,US0079031078,AMD.US,116.04
2025-01-13,US0079031078,AMD.US,117.32
2025-01-14,US0079031078,AMD.US,116.09
2025-01-15,US0079031078,AMD.US,119.96
2025-01-16,US0079031078,AMD.US,118.44
2025-01-17,US0079031078,AMD.US,121.46
2025-01-21,US0079031078,AMD.US,122.28
2025-01-22,US0079031078,AMD.US,123.75
2025-01-23,US0079031078,AMD.US,123.04
2025-01-24,US0079031078,AMD.US,122.84
2025-01-27,US0079031078,AMD.US,115.01
2025-01-28,US0079031078,AMD.US,114.17
2025-01-29,US0079031078,AMD.US,117.35
2025-01-30,US0079031078,AMD.US,118.86
2025-01-31,US0079031078,AMD.US,115.95
2025-02-03,US0079031078,AMD.US,114.27
2025-02-04,US0079031078,AMD.US,119.5
2025-02-05,US0079031078,AMD.US,112.01
2025-02-06,US0079031078,AMD.US,110.16
2025-02-07,US0079031078,AMD.US,107.56
2025-02-10,US0079031078,AMD.US,110.48
2025-02-11,US0079031078,AMD.US,111.1
2025-02-12,US0079031078,AMD.US,111.72
2025-02-13,US0079031078,AMD.US,111.81
2025-02-14,US0079031078,AMD.US,113.1
2025-02-18,US0079031078,AMD.US,114.28
2025-02-19,US0079031078,AMD.US,114.69
2025-02-20,US0079031078,AMD.US,114.17
2025-02-21,US0079031078,AMD.US,110.84
2025-02-24,US0079031078,AMD.US,108.11
2025-02-25,US0079031078,AMD.US,103.96
2025-02-26,US0079031078,AMD.US,104.74
2025-02-27,US0079031078,AMD.US,99.51
2025-02-28,US0079031078,AMD.US,99.86
2025-03-03,US0079031078,AMD.US,98.23
2025-03-04,US0079031078,AMD.US,100.75
2025-03-05,US0079031078,AMD.US,101.67
2025-03-06,US0079031078,AMD.US,98.85
2025-03-07,US0079031078,AMD.US,100.31
2025-03-10,US0079031078,AMD.US,96.63
2025-03-11,US0079031078,AMD.US,96.76
2025-03-12,US0079031078,AMD.US,100.79
2025-03-13,US0079031078,AMD.US,98.11
2025-03-14,US0079031078,AMD.US,100.97
2025-03-17,US0079031078,AMD.US,104.59
2025-03-18,US0079031078,AMD.US,103.51
2025-03-19,US0079031078,AMD.US,106.23
2025-03-20,US0079031078,AMD.US,107.14
2025-03-21,US0079031078,AMD.US,106.44
2025-03-24,US0079031078,AMD.US,113.85
2025-03-25,US0079031078,AMD.US,114.81
2025-03-26,US0079031078,AMD.US,110.19
2025-03-27,US0079031078,AMD.US,106.65
2025-03-28,US0079031078,AMD.US,103.22
2025-03-31,US0079031078,AMD.US,102.74
2025-04-01,US0079031078,AMD.US,102.78
2025-04-02,US0079031078,AMD.US,102.96
2025-04-03,US0079031078,AMD.US,93.8
2025-04-04,US0079031078,AMD.US,85.76
2025-04-07,US0079031078,AMD.US,83.64
2025-04-08,US0079031078,AMD.US,78.21
2025-04-09,US0079031078,AMD.US,96.84
2025-04-10,US0079031078,AMD.US,88.7
2025-04-11,US0079031078,AMD.US,93.4
2025-04-14,US0079031078,AMD.US,94.5
2025-04-15,US0079031078,AMD.US,95.29
2025-04-16,US0079031078,AMD.US,88.29
2025-04-17,US0079031078,AMD.US,87.5
2025-04-21,US0079031078,AMD.US,85.56
2025-04-22,US0079031078,AMD.US,86.26
2025-04-23,US0079031078,AMD.US,90.39
2025-04-24,US0079031078,AMD.US,94.47
2025-04-25,US0079031078,AMD.US,96.65
2025-04-28,US0079031078,AMD.US,96.39
2025-04-29,US0079031078,AMD.US,96.06
2025-04-30,US0079031078,AMD.US,97.35
2025-05-01,US0079031078,AMD.US,96.65
2025-05-02,US0079031078,AMD.US,98.8
2025-05-05,US0079031078,AMD.US,100.59
2025-05-06,US0079031078,AMD.US,98.62
2025-05-07,US0079031078,AMD.US,100.36
2025-05-08,US0079031078,AMD.US,101.7
2025-05-09,US0079031078,AMD.US,102.84
2025-05-12,US0079031078,AMD.US,108.12
2025-05-13,US0079031078,AMD.US,112.46
2025-05-14,US0079031078,AMD.US,117.72
2025-05-15,US0079031078,AMD.US,114.99
2025-05-16,US0079031078,AMD.US,117.17
2025-05-19,US0079031078,AMD.US,114.74
2025-05-20,US0079031078,AMD.US,113.51
2025-05-21,US0079031078,AMD.US,112.06
2025-05-22,US0079031078,AMD.US,110.71
2025-05-23,US0079031078,AMD.US,110.31
2025-05-27,US0079031078,AMD.US,114.56
2025-05-28,US0079031078,AMD.US,112.86
2025-05-29,US0079031078,AMD.US,113.03
2025-05-30,US0079031078,AMD.US,110.73
2025-06-02,US0079031078,AMD.US,114.63
2025-06-03,US0079031078,AMD.US,117.31
2025-06-04,US0079031078,AMD.US,118.58
2025-06-05,US0079031078,AMD.US,115.69
2025-06-06,US0079031078,AMD.US,116.19
2025-06-09,US0079031078,AMD.US,121.73
2025-06-10,US0079031078,AMD.US,123.24
2025-06-11,US0079031078,AMD.US,121.14
2025-06-12,US0079031078,AMD.US,118.5
2025-06-13,US0079031078,AMD.US,116.16
2025-06-16,US0079031078,AMD.US,126.39
2025-06-17,US0079031078,AMD.US,127.1
2025-06-18,US0079031078,AMD.US,126.79
2025-06-20,US0079031078,AMD.US,128.24
2025-06-23,US0079031078,AMD.US,129.58
2025-06-24,US0079031078,AMD.US,138.43
2025-06-25,US0079031078,AMD.US,143.4
2025-06-26,US0079031078,AMD.US,143.68
2025-06-27,US0079031078,AMD.US,143.81
2025-06-30,US0079031078,AMD.US,141.9
2025-07-01,US0079031078,AMD.US,136.11
2025-07-02,US0079031078,AMD.US,138.52
2025-07-03,US0079031078,AMD.US,137.91
2025-07-07,US0079031078,AMD.US,134.8
2025-07-08,US0079031078,AMD.US,137.82
2025-07-09,US0079031078,AMD.US,138.41
2025-07-10,US0079031078,AMD.US,144.16
2025-07-11,US0079031078,AMD.US,146.42
2025-07-14,US0079031078,AMD.US,146.24
2025-07-15,US0079031078,AMD.US,155.61
2025-07-16,US0079031078,AMD.US,160.08
2025-07-17,US0079031078,AMD.US,160.41
2025-07-18,US0079031078,AMD.US,156.99
2025-07-21,US0079031078,AMD.US,157.0
2025-07-22,US0079031078,AMD.US,154.72
2025-07-23,US0079031078,AMD.US,158.65
2025-07-24,US0079031078,AMD.US,162.12
2025-07-25,US0079031078,AMD.US,166.47
2025-07-28,US0079031078,AMD.US,173.66
2025-07-29,US0079031078,AMD.US,177.44
2025-07-30,US0079031078,AMD.US,179.51
2025-07-31,US0079031078,AMD.US,176.31
2025-08-01,US0079031078,AMD.US,171.7
2025-08-04,US0079031078,AMD.US,176.78
2025-08-05,US0079031078,AMD.US,174.31
2025-08-06,US0079031078,AMD.US,163.12
2025-08-07,US0079031078,AMD.US,172.4
2025-08-08,US0079031078,AMD.US,172.76
2025-08-11,US0079031078,AMD.US,172.28
2025-08-12,US0079031078,AMD.US,174.95
2025-08-13,US0079031078,AMD.US,184.42
2025-08-14,US0079031078,AMD.US,180.95
2025-08-15,US0079031078,AMD.US,177.51
2025-08-18,US0079031078,AMD.US,176.14
2025-08-19,US0079031078,AMD.US,166.55
2025-08-20,US0079031078,AMD.US,165.2
2025-08-21,US0079031078,AMD.US,163.71
2025-08-22,US0079031078,AMD.US,167.76
2025-08-25,US0079031078,AMD.US,163.36
2025-08-26,US0079031078,AMD.US,166.62
2025-08-27,US0079031078,AMD.US,167.13
2025-08-28,US0079031078,AMD.US,168.58
2025-08-29,US0079031078,AMD.US,162.63
2025-09-02,US0079031078,AMD.US,162.32
2025-09-03,US0079031078,AMD.US,162.13
2025-09-04,US0079031078,AMD.US,161.79
2025-09-05,US0079031078,AMD.US,151.14
2025-09-08,US0079031078,AMD.US,151.41
2025-09-09,US0079031078,AMD.US,155.82
2025-09-10,US0079031078,AMD.US,159.54
2025-09-11,US0079031078,AMD.US,155.67
2025-09-12,US0079031078,AMD.US,158.57
2025-09-15,US0079031078,AMD.US,161.16
2025-09-16,US0079031078,AMD.US,160.46
2025-09-17,US0079031078,AMD.US,159.16
2025-09-18,US0079031078,AMD.US,157.92
2025-09-19,US0079031078,AMD.US,157.39
2025-09-22,US0079031078,AMD.US,159.79
2025-09-23,US0079031078,AMD.US,160.9
2025-09-24,US0079031078,AMD.US,160.88
2025-09-25,US0079031078,AMD.US,161.27
2025-09-26,US0079031078,AMD.US,159.46
2025-09-29,US0079031078,AMD.US,161.36
2025-09-30,US0079031078,AMD.US,161.79
2025-10-01,US0079031078,AMD.US,164.01
2025-10-02,US0079031078,AMD.US,169.73
2025-10-03,US0079031078,AMD.US,164.67
2025-10-06,US0079031078,AMD.US,203.71
2025-10-07,US0079031078,AMD.US,211.51
2025-10-08,US0079031078,AMD.US,235.56
2025-10-09,US0079031078,AMD.US,232.89
2025-10-10,US0079031078,AMD.US,214.9
2025-10-13,US0079031078,AMD.US,216.42
2025-10-14,US0079031078,AMD.US,218.09
2025-10-15,US0079031078,AMD.US,238.6
2025-10-16,US0079031078,AMD.US,234.56
2025-10-17,US0079031078,AMD.US,233.08
2025-10-20,US0079031078,AMD.US,240.56
2025-10-21,US0079031078,AMD.US,238.03
2025-10-22,US0079031078,AMD.US,230.23
2025-10-23,US0079031078,AMD.US,234.99
2025-10-24,US0079031078,AMD.US,252.92
2025-10-27,US0079031078,AMD.US,259.67
2025-10-28,US0079031078,AMD.US,258.01
2025-10-29,US0079031078,AMD.US,264.33
2025-10-30,US0079031078,AMD.US,254.84
2025-10-31,US0079031078,AMD.US,256.12
2025-11-03,US0079031078,AMD.US,259.65
2025-11-04,US0079031078,AMD.US,250.05
2025-11-05,US0079031078,AMD.US,256.33
2025-11-06,US0079031078,AMD.US,237.7
2025-11-07,US0079031078,AMD.US,233.54
2025-11-10,US0079031078,AMD.US,243.98
2025-11-11,US0079031078,AMD.US,237.52
2025-11-12,US0079031078,AMD.US,258.89
2025-11-13,US0079031078,AMD.US,247.96
2025-11-14,US0079031078,AMD.US,246.81
2025-11-17,US0079031078,AMD.US,240.52
2025-11-18,US0079031078,AMD.US,230.29
2025-11-19,US0079031078,AMD.US,223.55
2025-11-20,US0079031078,AMD.US,206.02
2025-11-21,US0079031078,AMD.US,203.78
2025-11-24,US0079031078,AMD.US,215.05
2025-11-25,US0079031078,AMD.US,206.13
2025-11-26,US0079031078,AMD.US,214.24
2025-11-28,US0079031078,AMD.US,217.53
2025-12-01,US0079031078,AMD.US,219.76
2025-12-02,US0079031078,AMD.US,215.24
2025-12-03,US0079031078,AMD.US,217.6
2025-12-04,US0079031078,AMD.US,215.98
2025-12-05,US0079031078,AMD.US,217.97
2025-12-08,US0079031078,AMD.US,221.11
2025-12-09,US0079031078,AMD.US,221.62
2025-12-10,US0079031078,AMD.US,221.42
2025-12-11,US0079031078,AMD.US,221.43
2025-12-12,US0079031078,AMD.US,210.78
2025-12-15,US0079031078,AMD.US,207.58
2025-12-16,US0079031078,AMD.US,209.17
2025-12-17,US0079031078,AMD.US,198.11
2025-12-18,US0079031078,AMD.US,201.06
2025-12-19,US0079031078,AMD.US,213.43
2025-12-22,US0079031078,AMD.US,214.95
2025-12-23,US0079031078,AMD.US,214.9
2025-12-24,US0079031078,AMD.US,215.04
2025-12-26,US0079031078,AMD.US,214.99
2025-12-29,US0079031078,AMD.US,215.61
2025-12-30,US0079031078,AMD.US,215.34
2025-12-31,US0079031078,AMD.US,214.16
2026-01-02,US0079031078,AMD.US,223.47
2026-01-05,US0079031078,AMD.US,221.08
2026-01-06,US0079031078,AMD.US,214.35
2026-01-07,US0079031078,AMD.US,210.02
2026-01-08,US0079031078,AMD.US,204.68
2026-01-09,US0079031078,AMD.US,203.17
2026-01-12,US0079031078,AMD.US,207.69
2026-01-13,US0079031078,AMD.US,220.97
2026-01-14,US0079031078,AMD.US,223.6
2026-01-15,US0079031078,AMD.US,227.92
2026-01-16,US0079031078,AMD.US,231.83
2026-01-20,US0079031078,AMD.US,231.92
2026-01-21,US0079031078,AMD.US,249.8
2026-01-22,US0079031078,AMD.US,253.73
2026-01-23,US0079031078,AMD.US,259.68
2026-01-26,US0079031078,AMD.US,251.31
2026-01-27,US0079031078,AMD.US,252.03
2026-01-28,US0079031078,AMD.US,252.74
2026-01-29,US0079031078,AMD.US,252.18
2026-01-30,US0079031078,AMD.US,236.73
2026-02-02,US0079031078,AMD.US,246.27
2026-02-03,US0079031078,AMD.US,242.11
2026-02-04,US0079031078,AMD.US,200.19
2026-02-05,US0079031078,AMD.US,192.5
2026-02-06,US0079031078,AMD.US,208.44
2026-02-09,US0079031078,AMD.US,216.0
2026-02-10,US0079031078,AMD.US,213.57
2026-02-11,US0079031078,AMD.US,213.58
2026-02-12,US0079031078,AMD.US,205.94
2026-02-13,US0079031078,AMD.US,207.32
2026-02-17,US0079031078,AMD.US,203.08
2026-02-18,US0079031078,AMD.US,200.12
2026-02-19,US0079031078,AMD.US,203.37
2026-02-20,US0079031078,AMD.US,200.15
2026-02-23,US0079031078,AMD.US,196.6
2026-02-24,US0079031078,AMD.US,213.84
2026-02-25,US0079031078,AMD.US,210.86
2026-02-26,US0079031078,AMD.US,203.68
2026-02-27,US0079031078,AMD.US,200.21
2026-03-02,US0079031078,AMD.US,198.62
2026-03-03,US0079031078,AMD.US,190.95
2026-03-04,US0079031078,AMD.US,202.07
2026-03-05,US0079031078,AMD.US,199.45
2026-03-06,US0079031078,AMD.US,192.43
2026-03-09,US0079031078,AMD.US,202.68
2026-03-10,US0079031078,AMD.US,203.23
2026-03-11,US0079031078,AMD.US,204.83
2026-03-12,US0079031078,AMD.US,197.74
2026-03-13,US0079031078,AMD.US,193.39
2026-03-16,US0079031078,AMD.US,196.58
2026-03-17,US0079031078,AMD.US,196.31
2026-03-18,US0079031078,AMD.US,199.46
2026-03-19,US0079031078,AMD.US,205.27
2026-03-20,US0079031078,AMD.US,201.33
2026-03-23,US0079031078,AMD.US,202.68
2026-03-24,US0079031078,AMD.US,205.37
2026-03-25,US0079031078,AMD.US,220.27
2026-03-26,US0079031078,AMD.US,203.77
2026-03-27,US0079031078,AMD.US,201.99
2026-03-30,US0079031078,AMD.US,196.04
2026-03-31,US0079031078,AMD.US,203.43
2026-04-01,US0079031078,AMD.US,210.21
2026-04-02,US0079031078,AMD.US,217.5
2026-04-06,US0079031078,AMD.US,220.18
2026-04-07,US0079031078,AMD.US,221.53
2026-04-08,US0079031078,AMD.US,231.82
2026-04-09,US0079031078,AMD.US,236.64
2026-04-10,US0079031078,AMD.US,245.04
2026-04-13,US0079031078,AMD.US,246.83
2026-04-14,US0079031078,AMD.US,255.07
2026-04-15,US0079031078,AMD.US,258.12
2026-04-16,US0079031078,AMD.US,278.26
2026-04-17,US0079031078,AMD.US,278.39
2026-04-20,US0079031078,AMD.US,274.95
2026-04-21,US0079031078,AMD.US,284.49
2026-04-22,US0079031078,AMD.US,303.46
2026-04-23,US0079031078,AMD.US,305.33
2026-04-24,US0079031078,AMD.US,347.81
2023-04-27,US4642863926,URTH.US,113.5369
2023-04-28,US4642863926,URTH.US,114.1181
2023-05-01,US4642863926,URTH.US,114.0037
2023-05-02,US4642863926,URTH.US,112.7653
2023-05-03,US4642863926,URTH.US,112.2794
2023-05-04,US4642863926,URTH.US,111.7364
2023-05-05,US4642863926,URTH.US,113.6989
2023-05-08,US4642863926,URTH.US,113.7465
2023-05-09,US4642863926,URTH.US,113.2797
2023-05-10,US4642863926,URTH.US,113.556
2023-05-11,US4642863926,URTH.US,113.2893
2023-05-12,US4642863926,URTH.US,113.1273
2023-05-15,US4642863926,URTH.US,113.8037
2023-05-16,US4642863926,URTH.US,112.8225
2023-05-17,US4642863926,URTH.US,113.899
2023-05-18,US4642863926,URTH.US,114.6325
2023-05-19,US4642863926,URTH.US,114.6897
2023-05-22,US4642863926,URTH.US,114.7659
2023-05-23,US4642863926,URTH.US,113.394
2023-05-24,US4642863926,URTH.US,112.3271
2023-05-25,US4642863926,URTH.US,112.8034
2023-05-26,US4642863926,URTH.US,114.2324
2023-05-30,US4642863926,URTH.US,113.8608
2023-05-31,US4642863926,URTH.US,112.9844
2023-06-01,US4642863926,URTH.US,114.3467
2023-06-02,US4642863926,URTH.US,116.0615
2023-06-05,US4642863926,URTH.US,115.709
2023-06-06,US4642863926,URTH.US,116.2044
2023-06-07,US4642863926,URTH.US,115.5791
2023-06-08,US4642863926,URTH.US,116.339
2023-06-09,US4642863926,URTH.US,116.4737
2023-06-12,US4642863926,URTH.US,117.3779
2023-06-13,US4642863926,URTH.US,118.2628
2023-06-14,US4642863926,URTH.US,118.484
2023-06-15,US4642863926,URTH.US,119.9461
2023-06-16,US4642863926,URTH.US,119.5517
2023-06-20,US4642863926,URTH.US,118.5417
2023-06-21,US4642863926,URTH.US,118.2243
2023-06-22,US4642863926,URTH.US,118.2051
2023-06-23,US4642863926,URTH.US,117.147
2023-06-26,US4642863926,URTH.US,116.9065
2023-06-27,US4642863926,URTH.US,118.1185
2023-06-28,US4642863926,URTH.US,118.1377
2023-06-29,US4642863926,URTH.US,118.484
2023-06-30,US4642863926,URTH.US,119.7729
2023-07-03,US4642863926,URTH.US,120.0423
2023-07-05,US4642863926,URTH.US,119.4267
2023-07-06,US4642863926,URTH.US,118.0896
2023-07-07,US4642863926,URTH.US,118.1858
2023-07-10,US4642863926,URTH.US,118.5513
2023-07-11,US4642863926,URTH.US,119.4459
2023-07-12,US4642863926,URTH.US,120.7444
2023-07-13,US4642863926,URTH.US,122.1392
2023-07-14,US4642863926,URTH.US,121.8121
2023-07-17,US4642863926,URTH.US,122.0814
2023-07-18,US4642863926,URTH.US,123.0529
2023-07-19,US4642863926,URTH.US,123.2165
2023-07-20,US4642863926,URTH.US,122.4758
2023-07-21,US4642863926,URTH.US,122.5431
2023-07-24,US4642863926,URTH.US,122.7259
2023-07-25,US4642863926,URTH.US,123.0433
2023-07-26,US4642863926,URTH.US,123.1299
2023-07-27,US4642863926,URTH.US,122.37
2023-07-28,US4642863926,URTH.US,123.5435
2023-07-31,US4642863926,URTH.US,123.6397
2023-08-01,US4642863926,URTH.US,123.0337
2023-08-02,US4642863926,URTH.US,121.1003
2023-08-03,US4642863926,URTH.US,120.7348
2023-08-04,US4642863926,URTH.US,120.4462
2023-08-07,US4642863926,URTH.US,121.4755
2023-08-08,US4642863926,URTH.US,120.8599
2023-08-09,US4642863926,URTH.US,120.2443
2023-08-10,US4642863926,URTH.US,120.3982
2023-08-11,US4642863926,URTH.US,120.1096
2023-08-14,US4642863926,URTH.US,120.3982
2023-08-15,US4642863926,URTH.US,118.965
2023-08-16,US4642863926,URTH.US,118.0223
2023-08-17,US4642863926,URTH.US,117.2047
2023-08-18,US4642863926,URTH.US,117.1759
2023-08-21,US4642863926,URTH.US,117.8973
2023-08-22,US4642863926,URTH.US,117.551
2023-08-23,US4642863926,URTH.US,118.8014
2023-08-24,US4642863926,URTH.US,117.224
2023-08-25,US4642863926,URTH.US,118.0223
2023-08-28,US4642863926,URTH.US,118.9265
2023-08-29,US4642863926,URTH.US,120.6194
2023-08-30,US4642863926,URTH.US,121.0907
2023-08-31,US4642863926,URTH.US,120.9079
2023-09-01,US4642863926,URTH.US,121.1099
2023-09-05,US4642863926,URTH.US,120.4366
2023-09-06,US4642863926,URTH.US,119.7056
2023-09-07,US4642863926,URTH.US,119.3593
2023-09-08,US4642863926,URTH.US,119.3882
2023-09-11,US4642863926,URTH.US,120.3212
2023-09-12,US4642863926,URTH.US,119.7345
2023-09-13,US4642863926,URTH.US,119.7729
2023-09-14,US4642863926,URTH.US,120.9272
2023-09-15,US4642863926,URTH.US,119.8691
2023-09-18,US4642863926,URTH.US,119.7729
2023-09-19,US4642863926,URTH.US,119.5998
2023-09-20,US4642863926,URTH.US,118.7245
2023-09-21,US4642863926,URTH.US,116.7334
2023-09-22,US4642863926,URTH.US,116.5506
2023-09-25,US4642863926,URTH.US,116.7623
2023-09-26,US4642863926,URTH.US,115.1078
2023-09-27,US4642863926,URTH.US,115.0213
2023-09-28,US4642863926,URTH.US,115.9254
2023-09-29,US4642863926,URTH.US,115.5888
2023-10-02,US4642863926,URTH.US,114.9539
2023-10-03,US4642863926,URTH.US,113.4438
2023-10-04,US4642863926,URTH.US,114.1075
2023-10-05,US4642863926,URTH.US,114.3479
2023-10-06,US4642863926,URTH.US,115.6657
2023-10-09,US4642863926,URTH.US,116.1851
2023-10-10,US4642863926,URTH.US,117.1374
2023-10-11,US4642863926,URTH.US,117.6568
2023-10-12,US4642863926,URTH.US,116.7526
2023-10-13,US4642863926,URTH.US,116.0793
2023-10-16,US4642863926,URTH.US,117.2047
2023-10-17,US4642863926,URTH.US,117.1951
2023-10-18,US4642863926,URTH.US,115.483
2023-10-19,US4642863926,URTH.US,114.4441
2023-10-20,US4642863926,URTH.US,113.1648
2023-10-23,US4642863926,URTH.US,113.0206
2023-10-24,US4642863926,URTH.US,113.7901
2023-10-25,US4642863926,URTH.US,112.3184
2023-10-26,US4642863926,URTH.US,111.1738
2023-10-27,US4642863926,URTH.US,110.6255
2023-10-30,US4642863926,URTH.US,111.9913
2023-10-31,US4642863926,URTH.US,112.6454
2023-11-01,US4642863926,URTH.US,113.8093
2023-11-02,US4642863926,URTH.US,116.1178
2023-11-03,US4642863926,URTH.US,117.2817
2023-11-06,US4642863926,URTH.US,117.2432
2023-11-07,US4642863926,URTH.US,117.3394
2023-11-08,US4642863926,URTH.US,117.3682
2023-11-09,US4642863926,URTH.US,116.6853
2023-11-10,US4642863926,URTH.US,118.157
2023-11-13,US4642863926,URTH.US,118.1955
2023-11-14,US4642863926,URTH.US,120.6771
2023-11-15,US4642863926,URTH.US,120.8695
2023-11-16,US4642863926,URTH.US,120.8695
2023-11-17,US4642863926,URTH.US,121.4851
2023-11-20,US4642863926,URTH.US,122.2257
2023-11-21,US4642863926,URTH.US,121.966
2023-11-22,US4642863926,URTH.US,122.3796
2023-11-24,US4642863926,URTH.US,122.6586
2023-11-27,US4642863926,URTH.US,122.4566
2023-11-28,US4642863926,URTH.US,122.5528
2023-11-29,US4642863926,URTH.US,122.572
2023-11-30,US4642863926,URTH.US,122.9087
2023-12-01,US4642863926,URTH.US,123.8513
2023-12-04,US4642863926,URTH.US,123.1587
2023-12-05,US4642863926,URTH.US,122.9664
2023-12-06,US4642863926,URTH.US,122.6778
2023-12-07,US4642863926,URTH.US,123.5627
2023-12-08,US4642863926,URTH.US,124.0052
2023-12-11,US4642863926,URTH.US,124.4765
2023-12-12,US4642863926,URTH.US,124.8036
2023-12-13,US4642863926,URTH.US,126.6504
2023-12-14,US4642863926,URTH.US,127.3141
2023-12-15,US4642863926,URTH.US,126.9197
2023-12-18,US4642863926,URTH.US,127.5064
2023-12-19,US4642863926,URTH.US,128.3914
2023-12-20,US4642863926,URTH.US,126.6836
2023-12-21,US4642863926,URTH.US,128.1673
2023-12-22,US4642863926,URTH.US,128.4292
2023-12-26,US4642863926,URTH.US,128.9626
2023-12-27,US4642863926,URTH.US,129.3311
2023-12-28,US4642863926,URTH.US,129.2535
2023-12-29,US4642863926,URTH.US,129.0013
2024-01-02,US4642863926,URTH.US,127.9249
2024-01-03,US4642863926,URTH.US,126.8969
2024-01-04,US4642863926,URTH.US,126.7514
2024-01-05,US4642863926,URTH.US,126.9066
2024-01-08,US4642863926,URTH.US,128.5843
2024-01-09,US4642863926,URTH.US,128.0704
2024-01-10,US4642863926,URTH.US,128.8171
2024-01-11,US4642863926,URTH.US,128.8074
2024-01-12,US4642863926,URTH.US,128.9141
2024-01-16,US4642863926,URTH.US,128.0219
2024-01-17,US4642863926,URTH.US,127.1878
2024-01-18,US4642863926,URTH.US,128.2546
2024-01-19,US4642863926,URTH.US,129.5929
2024-01-22,US4642863926,URTH.US,129.8936
2024-01-23,US4642863926,URTH.US,130.0584
2024-01-24,US4642863926,URTH.US,130.3591
2024-01-25,US4642863926,URTH.US,130.873
2024-01-26,US4642863926,URTH.US,130.9894
2024-01-29,US4642863926,URTH.US,131.998
2024-01-30,US4642863926,URTH.US,131.8816
2024-01-31,US4642863926,URTH.US,130.1457
2024-02-01,US4642863926,URTH.US,131.6489
2024-02-02,US4642863926,URTH.US,132.3277
2024-02-05,US4642863926,URTH.US,131.7362
2024-02-06,US4642863926,URTH.US,132.2501
2024-02-07,US4642863926,URTH.US,133.0066
2024-02-08,US4642863926,URTH.US,133.0842
2024-02-09,US4642863926,URTH.US,133.7339
2024-02-12,US4642863926,URTH.US,133.8309
2024-02-13,US4642863926,URTH.US,131.8234
2024-02-14,US4642863926,URTH.US,133.2296
2024-02-15,US4642863926,URTH.US,134.3643
2024-02-16,US4642863926,URTH.US,133.8697
2024-02-20,US4642863926,URTH.US,133.4527
2024-02-21,US4642863926,URTH.US,133.54
2024-02-22,US4642863926,URTH.US,135.945
2024-02-23,US4642863926,URTH.US,136.0905
2024-02-26,US4642863926,URTH.US,135.5668
2024-02-27,US4642863926,URTH.US,135.9159
2024-02-28,US4642863926,URTH.US,135.4892
2024-02-29,US4642863926,URTH.US,136.042
2024-03-01,US4642863926,URTH.US,137.264
2024-03-04,US4642863926,URTH.US,137.0991
2024-03-05,US4642863926,URTH.US,136.0323
2024-03-06,US4642863926,URTH.US,137.0506
2024-03-07,US4642863926,URTH.US,138.5247
2024-03-08,US4642863926,URTH.US,137.7876
2024-03-11,US4642863926,URTH.US,137.39
2024-03-12,US4642863926,URTH.US,138.835
2024-03-13,US4642863926,URTH.US,138.7089
2024-03-14,US4642863926,URTH.US,138.098
2024-03-15,US4642863926,URTH.US,137.4579
2024-03-18,US4642863926,URTH.US,137.8749
2024-03-19,US4642863926,URTH.US,138.5538
2024-03-20,US4642863926,URTH.US,139.8533
2024-03-21,US4642863926,URTH.US,140.2994
2024-03-22,US4642863926,URTH.US,140.0376
2024-03-25,US4642863926,URTH.US,139.6496
2024-03-26,US4642863926,URTH.US,139.4654
2024-03-27,US4642863926,URTH.US,140.5321
2024-03-28,US4642863926,URTH.US,140.5321
2024-04-01,US4642863926,URTH.US,140.1345
2024-04-02,US4642863926,URTH.US,139.1647
2024-04-03,US4642863926,URTH.US,139.5817
2024-04-04,US4642863926,URTH.US,138.001
2024-04-05,US4642863926,URTH.US,139.2229
2024-04-08,US4642863926,URTH.US,139.3781
2024-04-09,US4642863926,URTH.US,139.4848
2024-04-10,US4642863926,URTH.US,137.9428
2024-04-11,US4642863926,URTH.US,138.8932
2024-04-12,US4642863926,URTH.US,136.7306
2024-04-15,US4642863926,URTH.US,135.3341
2024-04-16,US4642863926,URTH.US,134.7813
2024-04-17,US4642863926,URTH.US,134.3352
2024-04-18,US4642863926,URTH.US,133.9376
2024-04-19,US4642863926,URTH.US,133.1617
2024-04-22,US4642863926,URTH.US,134.3255
2024-04-23,US4642863926,URTH.US,135.8287
2024-04-24,US4642863926,URTH.US,135.722
2024-04-25,US4642863926,URTH.US,135.2371
2024-04-26,US4642863926,URTH.US,136.5463
2024-04-29,US4642863926,URTH.US,136.9633
2024-04-30,US4642863926,URTH.US,134.9656
2024-05-01,US4642863926,URTH.US,134.4128
2024-05-02,US4642863926,URTH.US,135.8481
2024-05-03,US4642863926,URTH.US,137.4967
2024-05-06,US4642863926,URTH.US,138.8447
2024-05-07,US4642863926,URTH.US,138.9902
2024-05-08,US4642863926,URTH.US,138.9805
2024-05-09,US4642863926,URTH.US,139.7854
2024-05-10,US4642863926,URTH.US,140.0182
2024-05-13,US4642863926,URTH.US,139.9309
2024-05-14,US4642863926,URTH.US,140.7552
2024-05-15,US4642863926,URTH.US,142.365
2024-05-16,US4642863926,URTH.US,142.0159
2024-05-17,US4642863926,URTH.US,142.2972
2024-05-20,US4642863926,URTH.US,142.3456
2024-05-21,US4642863926,URTH.US,142.5784
2024-05-22,US4642863926,URTH.US,141.8898
2024-05-23,US4642863926,URTH.US,140.9104
2024-05-24,US4642863926,URTH.US,141.8898
2024-05-28,US4642863926,URTH.US,141.9189
2024-05-29,US4642863926,URTH.US,140.4449
2024-05-30,US4642863926,URTH.US,140.2606
2024-05-31,US4642863926,URTH.US,141.308
2024-06-03,US4642863926,URTH.US,141.6474
2024-06-04,US4642863926,URTH.US,141.6183
2024-06-05,US4642863926,URTH.US,143.1021
2024-06-06,US4642863926,URTH.US,143.1894
2024-06-07,US4642863926,URTH.US,142.5881
2024-06-10,US4642863926,URTH.US,142.9081
2024-06-11,US4642863926,URTH.US,142.7116
2024-06-12,US4642863926,URTH.US,144.0413
2024-06-13,US4642863926,URTH.US,143.7284
2024-06-14,US4642863926,URTH.US,143.308
2024-06-17,US4642863926,URTH.US,144.1781
2024-06-18,US4642863926,URTH.US,144.6572
2024-06-20,US4642863926,URTH.US,144.4225
2024-06-21,US4642863926,URTH.US,143.9435
2024-06-24,US4642863926,URTH.US,143.9826
2024-06-25,US4642863926,URTH.US,144.4812
2024-06-26,US4642863926,URTH.US,144.403
2024-06-27,US4642863926,URTH.US,144.4421
2024-06-28,US4642863926,URTH.US,144.1977
2024-07-01,US4642863926,URTH.US,144.5105
2024-07-02,US4642863926,URTH.US,145.2634
2024-07-03,US4642863926,URTH.US,146.2508
2024-07-05,US4642863926,URTH.US,147.1405
2024-07-08,US4642863926,URTH.US,146.9841
2024-07-09,US4642863926,URTH.US,147.0721
2024-07-10,US4642863926,URTH.US,148.6266
2024-07-11,US4642863926,URTH.US,147.8933
2024-07-12,US4642863926,URTH.US,148.9981
2024-07-15,US4642863926,URTH.US,149.0079
2024-07-16,US4642863926,URTH.US,149.878
2024-07-17,US4642863926,URTH.US,148.2159
2024-07-18,US4642863926,URTH.US,146.8863
2024-07-19,US4642863926,URTH.US,145.85
2024-07-22,US4642863926,URTH.US,147.4045
2024-07-23,US4642863926,URTH.US,146.9352
2024-07-24,US4642863926,URTH.US,143.9435
2024-07-25,US4642863926,URTH.US,143.2298
2024-07-26,US4642863926,URTH.US,144.8234
2024-07-29,US4642863926,URTH.US,144.7745
2024-07-30,US4642863926,URTH.US,144.3639
2024-07-31,US4642863926,URTH.US,146.6223
2024-08-01,US4642863926,URTH.US,144.0217
2024-08-02,US4642863926,URTH.US,141.3917
2024-08-05,US4642863926,URTH.US,137.5397
2024-08-06,US4642863926,URTH.US,138.5956
2024-08-07,US4642863926,URTH.US,138.0285
2024-08-08,US4642863926,URTH.US,140.9616
2024-08-09,US4642863926,URTH.US,141.7926
2024-08-12,US4642863926,URTH.US,141.6655
2024-08-13,US4642863926,URTH.US,144.1292
2024-08-14,US4642863926,URTH.US,144.5692
2024-08-15,US4642863926,URTH.US,146.7396
2024-08-16,US4642863926,URTH.US,147.3458
2024-08-19,US4642863926,URTH.US,148.8221
2024-08-20,US4642863926,URTH.US,148.607
2024-08-21,US4642863926,URTH.US,149.4576
2024-08-22,US4642863926,URTH.US,148.1084
2024-08-23,US4642863926,URTH.US,150.3668
2024-08-26,US4642863926,URTH.US,149.9367
2024-08-27,US4642863926,URTH.US,150.1615
2024-08-28,US4642863926,URTH.US,149.4478
2024-08-29,US4642863926,URTH.US,149.5456
2024-08-30,US4642863926,URTH.US,150.7383
2024-09-03,US4642863926,URTH.US,147.6391
2024-09-04,US4642863926,URTH.US,147.3556
2024-09-05,US4642863926,URTH.US,146.8374
2024-09-06,US4642863926,URTH.US,144.4519
2024-09-09,US4642863926,URTH.US,145.9966
2024-09-10,US4642863926,URTH.US,146.3975
2024-09-11,US4642863926,URTH.US,147.8346
2024-09-12,US4642863926,URTH.US,148.959
2024-09-13,US4642863926,URTH.US,149.7216
2024-09-16,US4642863926,URTH.US,150.2397
2024-09-17,US4642863926,URTH.US,149.9953
2024-09-18,US4642863926,URTH.US,149.5945
2024-09-19,US4642863926,URTH.US,152.1853
2024-09-20,US4642863926,URTH.US,151.6476
2024-09-23,US4642863926,URTH.US,152.1071
2024-09-24,US4642863926,URTH.US,152.5862
2024-09-25,US4642863926,URTH.US,152.2049
2024-09-26,US4642863926,URTH.US,153.5932
2024-09-27,US4642863926,URTH.US,153.1239
2024-09-30,US4642863926,URTH.US,153.4074
2024-10-01,US4642863926,URTH.US,152.1364
2024-10-02,US4642863926,URTH.US,152.156
2024-10-03,US4642863926,URTH.US,151.5791
2024-10-04,US4642863926,URTH.US,152.8501
2024-10-07,US4642863926,URTH.US,151.54
2024-10-08,US4642863926,URTH.US,152.5862
2024-10-09,US4642863926,URTH.US,153.3976
2024-10-10,US4642863926,URTH.US,153.1434
2024-10-11,US4642863926,URTH.US,154.0233
2024-10-14,US4642863926,URTH.US,155.001
2024-10-15,US4642863926,URTH.US,153.4661
2024-10-16,US4642863926,URTH.US,154.0918
2024-10-17,US4642863926,URTH.US,154.1798
2024-10-18,US4642863926,URTH.US,154.8641
2024-10-21,US4642863926,URTH.US,154.1895
2024-10-22,US4642863926,URTH.US,153.9451
2024-10-23,US4642863926,URTH.US,152.4102
2024-10-24,US4642863926,URTH.US,152.9088
2024-10-25,US4642863926,URTH.US,152.6644
2024-10-28,US4642863926,URTH.US,153.339
2024-10-29,US4642863926,URTH.US,153.339
2024-10-30,US4642863926,URTH.US,152.7817
2024-10-31,US4642863926,URTH.US,150.2984
2024-11-01,US4642863926,URTH.US,150.9046
2024-11-04,US4642863926,URTH.US,150.6992
2024-11-05,US4642863926,URTH.US,152.4786
2024-11-06,US4642863926,URTH.US,154.825
2024-11-07,US4642863926,URTH.US,156.3404
2024-11-08,US4642863926,URTH.US,156.3111
2024-11-11,US4642863926,URTH.US,156.6729
2024-11-12,US4642863926,URTH.US,155.6267
2024-11-13,US4642863926,URTH.US,155.4214
2024-11-14,US4642863926,URTH.US,154.7762
2024-11-15,US4642863926,URTH.US,153.163
2024-11-18,US4642863926,URTH.US,153.8767
2024-11-19,US4642863926,URTH.US,154.3264
2024-11-20,US4642863926,URTH.US,154.2384
2024-11-21,US4642863926,URTH.US,155.0304
2024-11-22,US4642863926,URTH.US,155.7049
2024-11-25,US4642863926,URTH.US,156.1938
2024-11-26,US4642863926,URTH.US,156.4773
2024-11-27,US4642863926,URTH.US,156.2818
2024-11-29,US4642863926,URTH.US,157.543
2024-12-02,US4642863926,URTH.US,157.9438
2024-12-03,US4642863926,URTH.US,158.11
2024-12-04,US4642863926,URTH.US,159.0291
2024-12-05,US4642863926,URTH.US,159.0388
2024-12-06,US4642863926,URTH.US,159.3126
2024-12-09,US4642863926,URTH.US,158.4033
2024-12-10,US4642863926,URTH.US,157.7287
2024-12-11,US4642863926,URTH.US,158.9606
2024-12-12,US4642863926,URTH.US,157.9341
2024-12-13,US4642863926,URTH.US,157.7483
2024-12-16,US4642863926,URTH.US,158.0905
2024-12-17,US4642863926,URTH.US,157.5028
2024-12-18,US4642863926,URTH.US,152.9549
2024-12-19,US4642863926,URTH.US,152.7383
2024-12-20,US4642863926,URTH.US,153.9196
2024-12-23,US4642863926,URTH.US,154.9434
2024-12-24,US4642863926,URTH.US,156.292
2024-12-26,US4642863926,URTH.US,156.5775
2024-12-27,US4642863926,URTH.US,155.1403
2024-12-30,US4642863926,URTH.US,153.6834
2024-12-31,US4642863926,URTH.US,153.073
2025-01-02,US4642863926,URTH.US,152.7777
2025-01-03,US4642863926,URTH.US,154.5299
2025-01-06,US4642863926,URTH.US,155.2978
2025-01-07,US4642863926,URTH.US,153.9688
2025-01-08,US4642863926,URTH.US,153.9885
2025-01-10,US4642863926,URTH.US,151.8425
2025-01-13,US4642863926,URTH.US,151.8229
2025-01-14,US4642863926,URTH.US,152.0197
2025-01-15,US4642863926,URTH.US,154.6579
2025-01-16,US4642863926,URTH.US,154.6874
2025-01-17,US4642863926,URTH.US,155.9278
2025-01-21,US4642863926,URTH.US,157.7686
2025-01-22,US4642863926,URTH.US,158.3789
2025-01-23,US4642863926,URTH.US,159.3436
2025-01-24,US4642863926,URTH.US,159.2156
2025-01-27,US4642863926,URTH.US,157.4831
2025-01-28,US4642863926,URTH.US,158.4183
2025-01-29,US4642863926,URTH.US,157.9064
2025-01-30,US4642863926,URTH.US,159.0286
2025-01-31,US4642863926,URTH.US,158.1525
2025-02-03,US4642863926,URTH.US,156.8826
2025-02-04,US4642863926,URTH.US,158.1328
2025-02-05,US4642863926,URTH.US,159.0286
2025-02-06,US4642863926,URTH.US,159.5306
2025-02-07,US4642863926,URTH.US,158.0934
2025-02-10,US4642863926,URTH.US,159.1566
2025-02-11,US4642863926,URTH.US,159.4421
2025-02-12,US4642863926,URTH.US,159.3042
2025-02-13,US4642863926,URTH.US,160.9974
2025-02-14,US4642863926,URTH.US,161.0072
2025-02-18,US4642863926,URTH.US,161.529
2025-02-19,US4642863926,URTH.US,161.4699
2025-02-20,US4642863926,URTH.US,161.1549
2025-02-21,US4642863926,URTH.US,158.7628
2025-02-24,US4642863926,URTH.US,158.123
2025-02-25,US4642863926,URTH.US,157.9064
2025-02-26,US4642863926,URTH.US,158.0048
2025-02-27,US4642863926,URTH.US,155.5931
2025-02-28,US4642863926,URTH.US,157.5028
2025-03-03,US4642863926,URTH.US,155.8195
2025-03-04,US4642863926,URTH.US,154.5102
2025-03-05,US4642863926,URTH.US,156.7547
2025-03-06,US4642863926,URTH.US,154.0476
2025-03-07,US4642863926,URTH.US,155.1796
2025-03-10,US4642863926,URTH.US,150.9467
2025-03-11,US4642863926,URTH.US,150.0509
2025-03-12,US4642863926,URTH.US,150.8089
2025-03-13,US4642863926,URTH.US,148.8795
2025-03-14,US4642863926,URTH.US,152.0493
2025-03-17,US4642863926,URTH.US,153.4373
2025-03-18,US4642863926,URTH.US,152.1182
2025-03-19,US4642863926,URTH.US,153.4963
2025-03-20,US4642863926,URTH.US,152.9057
2025-03-21,US4642863926,URTH.US,152.8072
2025-03-24,US4642863926,URTH.US,154.9631
2025-03-25,US4642863926,URTH.US,155.3174
2025-03-26,US4642863926,URTH.US,153.5455
2025-03-27,US4642863926,URTH.US,153.1518
2025-03-28,US4642863926,URTH.US,150.4939
2025-03-31,US4642863926,URTH.US,150.7892
2025-04-01,US4642863926,URTH.US,151.2027
2025-04-02,US4642863926,URTH.US,152.2166
2025-04-03,US4642863926,URTH.US,145.9657
2025-04-04,US4642863926,URTH.US,137.0767
2025-04-07,US4642863926,URTH.US,135.856
2025-04-08,US4642863926,URTH.US,134.1727
2025-04-09,US4642863926,URTH.US,146.1626
2025-04-10,US4642863926,URTH.US,141.851
2025-04-11,US4642863926,URTH.US,144.6269
2025-04-14,US4642863926,URTH.US,145.9559
2025-04-15,US4642863926,URTH.US,146.1331
2025-04-16,US4642863926,URTH.US,143.7607
2025-04-17,US4642863926,URTH.US,144.3808
2025-04-21,US4642863926,URTH.US,141.7328
2025-04-22,US4642863926,URTH.US,145.0798
2025-04-23,US4642863926,URTH.US,146.891
2025-04-24,US4642863926,URTH.US,149.7261
2025-04-25,US4642863926,URTH.US,150.6613
2025-04-28,US4642863926,URTH.US,151.055
2025-04-29,US4642863926,URTH.US,151.7736
2025-04-30,US4642863926,URTH.US,151.8721
2025-05-01,US4642863926,URTH.US,152.3643
2025-05-02,US4642863926,URTH.US,154.7563
2025-05-05,US4642863926,URTH.US,154.1854
2025-05-06,US4642863926,URTH.US,153.2798
2025-05-07,US4642863926,URTH.US,153.5948
2025-05-08,US4642863926,URTH.US,154.1756
2025-05-09,US4642863926,URTH.US,154.3331
2025-05-12,US4642863926,URTH.US,158.123
2025-05-13,US4642863926,URTH.US,159.0975
2025-05-14,US4642863926,URTH.US,159.0975
2025-05-15,US4642863926,URTH.US,159.9736
2025-05-16,US4642863926,URTH.US,160.958
2025-05-19,US4642863926,URTH.US,161.3715
2025-05-20,US4642863926,URTH.US,161.2041
2025-05-21,US4642863926,URTH.US,159.0877
2025-05-22,US4642863926,URTH.US,158.9695
2025-05-23,US4642863926,URTH.US,158.4478
2025-05-27,US4642863926,URTH.US,161.273
2025-05-28,US4642863926,URTH.US,160.2296
2025-05-29,US4642863926,URTH.US,160.8005
2025-05-30,US4642863926,URTH.US,160.7611
2025-06-02,US4642863926,URTH.US,161.8833
2025-06-03,US4642863926,URTH.US,162.346
2025-06-04,US4642863926,URTH.US,162.5429
2025-06-05,US4642863926,URTH.US,161.8735
2025-06-06,US4642863926,URTH.US,163.2615
2025-06-09,US4642863926,URTH.US,163.3402
2025-06-10,US4642863926,URTH.US,163.9506
2025-06-11,US4642863926,URTH.US,163.5765
2025-06-12,US4642863926,URTH.US,164.364
2025-06-13,US4642863926,URTH.US,162.4248
2025-06-16,US4642863926,URTH.US,163.8344
2025-06-17,US4642863926,URTH.US,162.3266
2025-06-18,US4642863926,URTH.US,162.3662
2025-06-20,US4642863926,URTH.US,161.7115
2025-06-23,US4642863926,URTH.US,163.1697
2025-06-24,US4642863926,URTH.US,165.0743
2025-06-25,US4642863926,URTH.US,164.7867
2025-06-26,US4642863926,URTH.US,166.354
2025-06-27,US4642863926,URTH.US,167.2368
2025-06-30,US4642863926,URTH.US,168.0205
2025-07-01,US4642863926,URTH.US,167.7923
2025-07-02,US4642863926,URTH.US,168.5066
2025-07-03,US4642863926,URTH.US,169.4985
2025-07-07,US4642863926,URTH.US,168.1098
2025-07-08,US4642863926,URTH.US,168.199
2025-07-09,US4642863926,URTH.US,169.3299
2025-07-10,US4642863926,URTH.US,169.6572
2025-07-11,US4642863926,URTH.US,168.7446
2025-07-14,US4642863926,URTH.US,169.0918
2025-07-15,US4642863926,URTH.US,168.1098
2025-07-16,US4642863926,URTH.US,168.6355
2025-07-17,US4642863926,URTH.US,169.5779
2025-07-18,US4642863926,URTH.US,169.439
2025-07-21,US4642863926,URTH.US,169.8457
2025-07-22,US4642863926,URTH.US,170.1433
2025-07-23,US4642863926,URTH.US,172.0975
2025-07-24,US4642863926,URTH.US,171.9586
2025-07-25,US4642863926,URTH.US,172.3554
2025-07-28,US4642863926,URTH.US,171.6114
2025-07-29,US4642863926,URTH.US,171.2444
2025-07-30,US4642863926,URTH.US,170.7583
2025-07-31,US4642863926,URTH.US,169.7267
2025-08-01,US4642863926,URTH.US,167.6039
2025-08-04,US4642863926,URTH.US,170.0441
2025-08-05,US4642863926,URTH.US,169.4688
2025-08-06,US4642863926,URTH.US,170.8079
2025-08-07,US4642863926,URTH.US,170.9666
2025-08-08,US4642863926,URTH.US,172.2364
2025-08-11,US4642863926,URTH.US,171.7106
2025-08-12,US4642863926,URTH.US,173.7144
2025-08-13,US4642863926,URTH.US,174.3592
2025-08-14,US4642863926,URTH.US,174.1906
2025-08-15,US4642863926,URTH.US,174.3096
2025-08-18,US4642863926,URTH.US,174.1112
2025-08-19,US4642863926,URTH.US,173.3871
2025-08-20,US4642863926,URTH.US,173.268
2025-08-21,US4642863926,URTH.US,172.5637
2025-08-22,US4642863926,URTH.US,175.1429
2025-08-25,US4642863926,URTH.US,174.0814
2025-08-26,US4642863926,URTH.US,174.5278
2025-08-27,US4642863926,URTH.US,174.7957
2025-08-28,US4642863926,URTH.US,175.5
2025-08-29,US4642863926,URTH.US,174.4683
2025-09-02,US4642863926,URTH.US,173.149
2025-09-03,US4642863926,URTH.US,173.7938
2025-09-04,US4642863926,URTH.US,175.2421
2025-09-05,US4642863926,URTH.US,175.0139
2025-09-08,US4642863926,URTH.US,175.8372
2025-09-09,US4642863926,URTH.US,176.1348
2025-09-10,US4642863926,URTH.US,176.4324
2025-09-11,US4642863926,URTH.US,178.0295
2025-09-12,US4642863926,URTH.US,177.8113
2025-09-15,US4642863926,URTH.US,178.7338
2025-09-16,US4642863926,URTH.US,178.5652
2025-09-17,US4642863926,URTH.US,178.1188
2025-09-18,US4642863926,URTH.US,179.0512
2025-09-19,US4642863926,URTH.US,179.5869
2025-09-22,US4642863926,URTH.US,180.2515
2025-09-23,US4642863926,URTH.US,179.5175
2025-09-24,US4642863926,URTH.US,178.714
2025-09-25,US4642863926,URTH.US,177.9005
2025-09-26,US4642863926,URTH.US,178.8528
2025-09-29,US4642863926,URTH.US,179.4778
2025-09-30,US4642863926,URTH.US,180.1027
2025-10-01,US4642863926,URTH.US,180.8963
2025-10-02,US4642863926,URTH.US,181.1741
2025-10-03,US4642863926,URTH.US,181.5411
2025-10-06,US4642863926,URTH.US,182.1363
2025-10-07,US4642863926,URTH.US,181.1542
2025-10-08,US4642863926,URTH.US,182.047
2025-10-09,US4642863926,URTH.US,181.2038
2025-10-10,US4642863926,URTH.US,176.7697
2025-10-13,US4642863926,URTH.US,179.2
2025-10-14,US4642863926,URTH.US,179.3191
2025-10-15,US4642863926,URTH.US,180.0531
2025-10-16,US4642863926,URTH.US,179.4282
2025-10-17,US4642863926,URTH.US,180.1821
2025-10-20,US4642863926,URTH.US,181.7692
2025-10-21,US4642863926,URTH.US,181.3923
2025-10-22,US4642863926,URTH.US,180.5293
2025-10-23,US4642863926,URTH.US,181.6899
2025-10-24,US4642863926,URTH.US,182.8108
2025-10-27,US4642863926,URTH.US,184.765
2025-10-28,US4642863926,URTH.US,185.1419
2025-10-29,US4642863926,URTH.US,184.7154
2025-10-30,US4642863926,URTH.US,183.1679
2025-10-31,US4642863926,URTH.US,183.5449
2025-11-03,US4642863926,URTH.US,183.8722
2025-11-04,US4642863926,URTH.US,181.6105
2025-11-05,US4642863926,URTH.US,182.4339
2025-11-06,US4642863926,URTH.US,180.7078
2025-11-07,US4642863926,URTH.US,181.0947
2025-11-10,US4642863926,URTH.US,183.6837
2025-11-11,US4642863926,URTH.US,184.269
2025-11-12,US4642863926,URTH.US,184.7452
2025-11-13,US4642863926,URTH.US,181.7593
2025-11-14,US4642863926,URTH.US,181.7196
2025-11-17,US4642863926,URTH.US,179.825
2025-11-18,US4642863926,URTH.US,178.3271
2025-11-19,US4642863926,URTH.US,178.6148
2025-11-20,US4642863926,URTH.US,175.8769
2025-11-21,US4642863926,URTH.US,177.7418
2025-11-24,US4642863926,URTH.US,179.7059
2025-11-25,US4642863926,URTH.US,181.7494
2025-11-26,US4642863926,URTH.US,183.2473
2025-11-28,US4642863926,URTH.US,184.1698
2025-12-01,US4642863926,URTH.US,183.3465
2025-12-02,US4642863926,URTH.US,183.7929
2025-12-03,US4642863926,URTH.US,184.5666
2025-12-04,US4642863926,URTH.US,184.7551
2025-12-05,US4642863926,URTH.US,185.0824
2025-12-08,US4642863926,URTH.US,184.4178
2025-12-09,US4642863926,URTH.US,184.3881
2025-12-10,US4642863926,URTH.US,185.628
2025-12-11,US4642863926,URTH.US,186.3422
2025-12-12,US4642863926,URTH.US,184.5964
2025-12-15,US4642863926,URTH.US,184.765
2025-12-16,US4642863926,URTH.US,184.19
2025-12-17,US4642863926,URTH.US,182.29
2025-12-18,US4642863926,URTH.US,183.67
2025-12-19,US4642863926,URTH.US,185.18
2025-12-22,US4642863926,URTH.US,186.29
2025-12-23,US4642863926,URTH.US,187.21
2025-12-24,US4642863926,URTH.US,187.72
2025-12-26,US4642863926,URTH.US,187.81
2025-12-29,US4642863926,URTH.US,187.1
2025-12-30,US4642863926,URTH.US,187.01
2025-12-31,US4642863926,URTH.US,185.77
2026-01-02,US4642863926,URTH.US,186.51
2026-01-05,US4642863926,URTH.US,188.01
2026-01-06,US4642863926,URTH.US,188.98
2026-01-07,US4642863926,URTH.US,188.22
2026-01-08,US4642863926,URTH.US,188.24
2026-01-09,US4642863926,URTH.US,189.53
2026-01-12,US4642863926,URTH.US,190.05
2026-01-13,US4642863926,URTH.US,189.53
2026-01-14,US4642863926,URTH.US,188.93
2026-01-15,US4642863926,URTH.US,189.25
2026-01-16,US4642863926,URTH.US,189.21
2026-01-20,US4642863926,URTH.US,185.64
2026-01-21,US4642863926,URTH.US,187.66
2026-01-22,US4642863926,URTH.US,188.56
2026-01-23,US4642863926,URTH.US,188.86
2026-01-26,US4642863926,URTH.US,189.91
2026-01-27,US4642863926,URTH.US,191.29
2026-01-28,US4642863926,URTH.US,190.79
2026-01-29,US4642863926,URTH.US,190.8
2026-01-30,US4642863926,URTH.US,189.63
2026-02-02,US4642863926,URTH.US,190.66
2026-02-03,US4642863926,URTH.US,189.44
2026-02-04,US4642863926,URTH.US,188.98
2026-02-05,US4642863926,URTH.US,186.46
2026-02-06,US4642863926,URTH.US,190.24
2026-02-09,US4642863926,URTH.US,191.84
2026-02-10,US4642863926,URTH.US,191.6
2026-02-11,US4642863926,URTH.US,191.83
2026-02-12,US4642863926,URTH.US,189.02
2026-02-13,US4642863926,URTH.US,189.4
2026-02-17,US4642863926,URTH.US,189.46
2026-02-18,US4642863926,URTH.US,190.41
2026-02-19,US4642863926,URTH.US,189.89
2026-02-20,US4642863926,URTH.US,191.19
2026-02-23,US4642863926,URTH.US,189.5
2026-02-24,US4642863926,URTH.US,190.77
2026-02-25,US4642863926,URTH.US,192.37
2026-02-26,US4642863926,URTH.US,191.68
2026-02-27,US4642863926,URTH.US,190.84
2026-03-02,US4642863926,URTH.US,190.18
2026-03-03,US4642863926,URTH.US,187.21
2026-03-04,US4642863926,URTH.US,188.82
2026-03-05,US4642863926,URTH.US,187.09
2026-03-06,US4642863926,URTH.US,184.98
2026-03-09,US4642863926,URTH.US,186.45
2026-03-10,US4642863926,URTH.US,186.36
2026-03-11,US4642863926,URTH.US,186.02
2026-03-12,US4642863926,URTH.US,183.15
2026-03-13,US4642863926,URTH.US,181.75
2026-03-16,US4642863926,URTH.US,184.04
2026-03-17,US4642863926,URTH.US,184.49
2026-03-18,US4642863926,URTH.US,181.77
2026-03-19,US4642863926,URTH.US,181.36
2026-03-20,US4642863926,URTH.US,178.0
2026-03-23,US4642863926,URTH.US,180.54
2026-03-24,US4642863926,URTH.US,179.85
2026-03-25,US4642863926,URTH.US,181.19
2026-03-26,US4642863926,URTH.US,178.04
2026-03-27,US4642863926,URTH.US,175.42
2026-03-30,US4642863926,URTH.US,174.94
2026-03-31,US4642863926,URTH.US,180.02
2026-04-01,US4642863926,URTH.US,181.81
2026-04-02,US4642863926,URTH.US,181.72
2026-04-06,US4642863926,URTH.US,182.52
2026-04-07,US4642863926,URTH.US,182.47
2026-04-08,US4642863926,URTH.US,187.66
2026-04-09,US4642863926,URTH.US,188.36
2026-04-10,US4642863926,URTH.US,188.38
2026-04-13,US4642863926,URTH.US,189.99
2026-04-14,US4642863926,URTH.US,192.0
2026-04-15,US4642863926,URTH.US,193.33
2026-04-16,US4642863926,URTH.US,193.38
2026-04-17,US4642863926,URTH.US,195.79
2026-04-20,US4642863926,URTH.US,195.51
2026-04-21,US4642863926,URTH.US,193.28
2026-04-22,US4642863926,URTH.US,194.92
2026-04-23,US4642863926,URTH.US,193.82
2026-04-24,US4642863926,URTH.US,195.27
2023-04-27,US81369Y2090,XLV.US,125.9448
2023-04-28,US81369Y2090,XLV.US,127.0197
2023-05-01,US81369Y2090,XLV.US,127.676
2023-05-02,US81369Y2090,XLV.US,127.1243
2023-05-03,US81369Y2090,XLV.US,126.9531
2023-05-04,US81369Y2090,XLV.US,125.9448
2023-05-05,US81369Y2090,XLV.US,127.0767
2023-05-08,US81369Y2090,XLV.US,126.8009
2023-05-09,US81369Y2090,XLV.US,125.9543
2023-05-10,US81369Y2090,XLV.US,126.3062
2023-05-11,US81369Y2090,XLV.US,125.9162
2023-05-12,US81369Y2090,XLV.US,125.745
2023-05-15,US81369Y2090,XLV.US,125.5262
2023-05-16,US81369Y2090,XLV.US,124.4798
2023-05-17,US81369Y2090,XLV.US,124.632
2023-05-18,US81369Y2090,XLV.US,124.3276
2023-05-19,US81369Y2090,XLV.US,124.9079
2023-05-22,US81369Y2090,XLV.US,125.0316
2023-05-23,US81369Y2090,XLV.US,123.6618
2023-05-24,US81369Y2090,XLV.US,122.8152
2023-05-25,US81369Y2090,XLV.US,121.5595
2023-05-26,US81369Y2090,XLV.US,121.3122
2023-05-30,US81369Y2090,XLV.US,120.5607
2023-05-31,US81369Y2090,XLV.US,121.5976
2023-06-01,US81369Y2090,XLV.US,122.3966
2023-06-02,US81369Y2090,XLV.US,123.9662
2023-06-05,US81369Y2090,XLV.US,124.4133
2023-06-06,US81369Y2090,XLV.US,123.3764
2023-06-07,US81369Y2090,XLV.US,122.8913
2023-06-08,US81369Y2090,XLV.US,123.6808
2023-06-09,US81369Y2090,XLV.US,124.0613
2023-06-12,US81369Y2090,XLV.US,124.5084
2023-06-13,US81369Y2090,XLV.US,125.1362
2023-06-14,US81369Y2090,XLV.US,123.852
2023-06-15,US81369Y2090,XLV.US,125.7735
2023-06-16,US81369Y2090,XLV.US,125.764
2023-06-20,US81369Y2090,XLV.US,125.6254
2023-06-21,US81369Y2090,XLV.US,125.6445
2023-06-22,US81369Y2090,XLV.US,126.5041
2023-06-23,US81369Y2090,XLV.US,126.0839
2023-06-26,US81369Y2090,XLV.US,125.3675
2023-06-27,US81369Y2090,XLV.US,125.0809
2023-06-28,US81369Y2090,XLV.US,124.6797
2023-06-29,US81369Y2090,XLV.US,125.4916
2023-06-30,US81369Y2090,XLV.US,126.7811
2023-07-03,US81369Y2090,XLV.US,125.74
2023-07-05,US81369Y2090,XLV.US,125.6731
2023-07-06,US81369Y2090,XLV.US,124.6702
2023-07-07,US81369Y2090,XLV.US,123.2183
2023-07-10,US81369Y2090,XLV.US,124.1926
2023-07-11,US81369Y2090,XLV.US,124.2213
2023-07-12,US81369Y2090,XLV.US,123.8869
2023-07-13,US81369Y2090,XLV.US,123.9347
2023-07-14,US81369Y2090,XLV.US,125.7973
2023-07-17,US81369Y2090,XLV.US,125.2242
2023-07-18,US81369Y2090,XLV.US,126.1507
2023-07-19,US81369Y2090,XLV.US,126.7334
2023-07-20,US81369Y2090,XLV.US,128.8348
2023-07-21,US81369Y2090,XLV.US,130.1338
2023-07-24,US81369Y2090,XLV.US,129.8473
2023-07-25,US81369Y2090,XLV.US,129.79
2023-07-26,US81369Y2090,XLV.US,129.704
2023-07-27,US81369Y2090,XLV.US,128.7488
2023-07-28,US81369Y2090,XLV.US,129.1309
2023-07-31,US81369Y2090,XLV.US,128.1375
2023-08-01,US81369Y2090,XLV.US,127.4689
2023-08-02,US81369Y2090,XLV.US,127.5548
2023-08-03,US81369Y2090,XLV.US,126.9149
2023-08-04,US81369Y2090,XLV.US,126.4659
2023-08-07,US81369Y2090,XLV.US,127.9274
2023-08-08,US81369Y2090,XLV.US,128.9112
2023-08-09,US81369Y2090,XLV.US,128.873
2023-08-10,US81369Y2090,XLV.US,128.787
2023-08-11,US81369Y2090,XLV.US,129.5894
2023-08-14,US81369Y2090,XLV.US,129.981
2023-08-15,US81369Y2090,XLV.US,129.5034
2023-08-16,US81369Y2090,XLV.US,128.5196
2023-08-17,US81369Y2090,XLV.US,127.4975
2023-08-18,US81369Y2090,XLV.US,127.5453
2023-08-21,US81369Y2090,XLV.US,127.679
2023-08-22,US81369Y2090,XLV.US,127.2301
2023-08-23,US81369Y2090,XLV.US,127.6122
2023-08-24,US81369Y2090,XLV.US,126.5041
2023-08-25,US81369Y2090,XLV.US,127.4307
2023-08-28,US81369Y2090,XLV.US,127.7268
2023-08-29,US81369Y2090,XLV.US,128.873
2023-08-30,US81369Y2090,XLV.US,128.7775
2023-08-31,US81369Y2090,XLV.US,127.2396
2023-09-01,US81369Y2090,XLV.US,127.5835
2023-09-05,US81369Y2090,XLV.US,126.2653
2023-09-06,US81369Y2090,XLV.US,125.5776
2023-09-07,US81369Y2090,XLV.US,126.1412
2023-09-08,US81369Y2090,XLV.US,126.1412
2023-09-11,US81369Y2090,XLV.US,127.0104
2023-09-12,US81369Y2090,XLV.US,126.848
2023-09-13,US81369Y2090,XLV.US,126.8671
2023-09-14,US81369Y2090,XLV.US,127.2683
2023-09-15,US81369Y2090,XLV.US,126.2653
2023-09-18,US81369Y2090,XLV.US,126.0735
2023-09-19,US81369Y2090,XLV.US,126.179
2023-09-20,US81369Y2090,XLV.US,126.1886
2023-09-21,US81369Y2090,XLV.US,125.0857
2023-09-22,US81369Y2090,XLV.US,124.8267
2023-09-25,US81369Y2090,XLV.US,125.5077
2023-09-26,US81369Y2090,XLV.US,124.4431
2023-09-27,US81369Y2090,XLV.US,123.8196
2023-09-28,US81369Y2090,XLV.US,124.4143
2023-09-29,US81369Y2090,XLV.US,123.4744
2023-10-02,US81369Y2090,XLV.US,123.3017
2023-10-03,US81369Y2090,XLV.US,122.2084
2023-10-04,US81369Y2090,XLV.US,122.7263
2023-10-05,US81369Y2090,XLV.US,123.3976
2023-10-06,US81369Y2090,XLV.US,124.6924
2023-10-09,US81369Y2090,XLV.US,125.124
2023-10-10,US81369Y2090,XLV.US,125.7187
2023-10-11,US81369Y2090,XLV.US,125.1624
2023-10-12,US81369Y2090,XLV.US,124.0882
2023-10-13,US81369Y2090,XLV.US,124.8651
2023-10-16,US81369Y2090,XLV.US,125.805
2023-10-17,US81369Y2090,XLV.US,125.6323
2023-10-18,US81369Y2090,XLV.US,124.539
2023-10-19,US81369Y2090,XLV.US,123.3113
2023-10-20,US81369Y2090,XLV.US,122.8222
2023-10-23,US81369Y2090,XLV.US,122.0549
2023-10-24,US81369Y2090,XLV.US,122.429
2023-10-25,US81369Y2090,XLV.US,121.3356
2023-10-26,US81369Y2090,XLV.US,120.1367
2023-10-27,US81369Y2090,XLV.US,118.1034
2023-10-30,US81369Y2090,XLV.US,118.7652
2023-10-31,US81369Y2090,XLV.US,119.4462
2023-11-01,US81369Y2090,XLV.US,119.6955
2023-11-02,US81369Y2090,XLV.US,121.5945
2023-11-03,US81369Y2090,XLV.US,122.1988
2023-11-06,US81369Y2090,XLV.US,123.014
2023-11-07,US81369Y2090,XLV.US,123.1003
2023-11-08,US81369Y2090,XLV.US,122.9277
2023-11-09,US81369Y2090,XLV.US,120.3861
2023-11-10,US81369Y2090,XLV.US,121.1054
2023-11-13,US81369Y2090,XLV.US,121.8055
2023-11-14,US81369Y2090,XLV.US,122.6304
2023-11-15,US81369Y2090,XLV.US,122.7263
2023-11-16,US81369Y2090,XLV.US,123.2538
2023-11-17,US81369Y2090,XLV.US,123.0044
2023-11-20,US81369Y2090,XLV.US,123.7525
2023-11-21,US81369Y2090,XLV.US,124.5006
2023-11-22,US81369Y2090,XLV.US,125.0952
2023-11-24,US81369Y2090,XLV.US,125.7666
2023-11-27,US81369Y2090,XLV.US,124.9802
2023-11-28,US81369Y2090,XLV.US,124.3376
2023-11-29,US81369Y2090,XLV.US,124.3759
2023-11-30,US81369Y2090,XLV.US,125.9393
2023-12-01,US81369Y2090,XLV.US,126.438
2023-12-04,US81369Y2090,XLV.US,126.6778
2023-12-05,US81369Y2090,XLV.US,126.5147
2023-12-06,US81369Y2090,XLV.US,126.6106
2023-12-07,US81369Y2090,XLV.US,126.4572
2023-12-08,US81369Y2090,XLV.US,126.6682
2023-12-11,US81369Y2090,XLV.US,127.5026
2023-12-12,US81369Y2090,XLV.US,128.0493
2023-12-13,US81369Y2090,XLV.US,130.4087
2023-12-14,US81369Y2090,XLV.US,129.7756
2023-12-15,US81369Y2090,XLV.US,128.6727
2023-12-18,US81369Y2090,XLV.US,128.8827
2023-12-19,US81369Y2090,XLV.US,129.7498
2023-12-20,US81369Y2090,XLV.US,127.8711
2023-12-21,US81369Y2090,XLV.US,129.4318
2023-12-22,US81369Y2090,XLV.US,130.0773
2023-12-26,US81369Y2090,XLV.US,130.3663
2023-12-27,US81369Y2090,XLV.US,130.9155
2023-12-28,US81369Y2090,XLV.US,131.2527
2023-12-29,US81369Y2090,XLV.US,131.3875
2024-01-02,US81369Y2090,XLV.US,133.6997
2024-01-03,US81369Y2090,XLV.US,133.4781
2024-01-04,US81369Y2090,XLV.US,134.1428
2024-01-05,US81369Y2090,XLV.US,134.0272
2024-01-08,US81369Y2090,XLV.US,135.2122
2024-01-09,US81369Y2090,XLV.US,135.1929
2024-01-10,US81369Y2090,XLV.US,135.8095
2024-01-11,US81369Y2090,XLV.US,135.7132
2024-01-12,US81369Y2090,XLV.US,135.376
2024-01-16,US81369Y2090,XLV.US,134.5667
2024-01-17,US81369Y2090,XLV.US,134.297
2024-01-18,US81369Y2090,XLV.US,134.2777
2024-01-19,US81369Y2090,XLV.US,134.3548
2024-01-22,US81369Y2090,XLV.US,134.9424
2024-01-23,US81369Y2090,XLV.US,134.8461
2024-01-24,US81369Y2090,XLV.US,133.613
2024-01-25,US81369Y2090,XLV.US,133.4107
2024-01-26,US81369Y2090,XLV.US,134.1717
2024-01-29,US81369Y2090,XLV.US,135.1159
2024-01-30,US81369Y2090,XLV.US,135.4241
2024-01-31,US81369Y2090,XLV.US,135.2411
2024-02-01,US81369Y2090,XLV.US,136.9945
2024-02-02,US81369Y2090,XLV.US,136.7922
2024-02-05,US81369Y2090,XLV.US,137.2161
2024-02-06,US81369Y2090,XLV.US,138.7093
2024-02-07,US81369Y2090,XLV.US,139.085
2024-02-08,US81369Y2090,XLV.US,138.8442
2024-02-09,US81369Y2090,XLV.US,138.7382
2024-02-12,US81369Y2090,XLV.US,138.9213
2024-02-13,US81369Y2090,XLV.US,137.6303
2024-02-14,US81369Y2090,XLV.US,138.8249
2024-02-15,US81369Y2090,XLV.US,139.8365
2024-02-16,US81369Y2090,XLV.US,140.2893
2024-02-20,US81369Y2090,XLV.US,139.8172
2024-02-21,US81369Y2090,XLV.US,140.1255
2024-02-22,US81369Y2090,XLV.US,141.7729
2024-02-23,US81369Y2090,XLV.US,142.4473
2024-02-26,US81369Y2090,XLV.US,141.7151
2024-02-27,US81369Y2090,XLV.US,141.3683
2024-02-28,US81369Y2090,XLV.US,140.665
2024-02-29,US81369Y2090,XLV.US,139.5186
2024-03-01,US81369Y2090,XLV.US,140.9829
2024-03-04,US81369Y2090,XLV.US,140.771
2024-03-05,US81369Y2090,XLV.US,139.7209
2024-03-06,US81369Y2090,XLV.US,140.6746
2024-03-07,US81369Y2090,XLV.US,141.3297
2024-03-08,US81369Y2090,XLV.US,141.0696
2024-03-11,US81369Y2090,XLV.US,140.9926
2024-03-12,US81369Y2090,XLV.US,141.6477
2024-03-13,US81369Y2090,XLV.US,141.0985
2024-03-14,US81369Y2090,XLV.US,140.5976
2024-03-15,US81369Y2090,XLV.US,140.0388
2024-03-18,US81369Y2090,XLV.US,140.0224
2024-03-19,US81369Y2090,XLV.US,140.9506
2024-03-20,US81369Y2090,XLV.US,140.6315
2024-03-21,US81369Y2090,XLV.US,140.8152
2024-03-22,US81369Y2090,XLV.US,140.6218
2024-03-25,US81369Y2090,XLV.US,140.4284
2024-03-26,US81369Y2090,XLV.US,140.9409
2024-03-27,US81369Y2090,XLV.US,142.8166
2024-03-28,US81369Y2090,XLV.US,142.836
2024-04-01,US81369Y2090,XLV.US,141.6177
2024-04-02,US81369Y2090,XLV.US,139.4132
2024-04-03,US81369Y2090,XLV.US,139.2585
2024-04-04,US81369Y2090,XLV.US,137.2474
2024-04-05,US81369Y2090,XLV.US,138.4754
2024-04-08,US81369Y2090,XLV.US,138.0306
2024-04-09,US81369Y2090,XLV.US,138.5237
2024-04-10,US81369Y2090,XLV.US,136.8994
2024-04-11,US81369Y2090,XLV.US,136.3386
2024-04-12,US81369Y2090,XLV.US,134.3081
2024-04-15,US81369Y2090,XLV.US,134.0374
2024-04-16,US81369Y2090,XLV.US,134.0858
2024-04-17,US81369Y2090,XLV.US,133.8537
2024-04-18,US81369Y2090,XLV.US,133.844
2024-04-19,US81369Y2090,XLV.US,134.3468
2024-04-22,US81369Y2090,XLV.US,134.8593
2024-04-23,US81369Y2090,XLV.US,136.619
2024-04-24,US81369Y2090,XLV.US,136.1935
2024-04-25,US81369Y2090,XLV.US,135.2847
2024-04-26,US81369Y2090,XLV.US,135.3234
2024-04-29,US81369Y2090,XLV.US,135.7778
2024-04-30,US81369Y2090,XLV.US,135.6811
2024-05-01,US81369Y2090,XLV.US,135.9228
2024-05-02,US81369Y2090,XLV.US,135.8261
2024-05-03,US81369Y2090,XLV.US,136.1645
2024-05-06,US81369Y2090,XLV.US,136.7157
2024-05-07,US81369Y2090,XLV.US,137.8469
2024-05-08,US81369Y2090,XLV.US,137.3731
2024-05-09,US81369Y2090,XLV.US,138.5527
2024-05-10,US81369Y2090,XLV.US,138.8331
2024-05-13,US81369Y2090,XLV.US,138.6977
2024-05-14,US81369Y2090,XLV.US,139.2875
2024-05-15,US81369Y2090,XLV.US,141.3566
2024-05-16,US81369Y2090,XLV.US,141.1923
2024-05-17,US81369Y2090,XLV.US,141.463
2024-05-20,US81369Y2090,XLV.US,141.1633
2024-05-21,US81369Y2090,XLV.US,141.405
2024-05-22,US81369Y2090,XLV.US,141.6564
2024-05-23,US81369Y2090,XLV.US,140.1094
2024-05-24,US81369Y2090,XLV.US,139.6356
2024-05-28,US81369Y2090,XLV.US,137.9436
2024-05-29,US81369Y2090,XLV.US,136.8704
2024-05-30,US81369Y2090,XLV.US,136.938
2024-05-31,US81369Y2090,XLV.US,138.9395
2024-06-03,US81369Y2090,XLV.US,139.916
2024-06-04,US81369Y2090,XLV.US,140.3221
2024-06-05,US81369Y2090,XLV.US,140.9602
2024-06-06,US81369Y2090,XLV.US,141.4243
2024-06-07,US81369Y2090,XLV.US,141.579
2024-06-10,US81369Y2090,XLV.US,142.1011
2024-06-11,US81369Y2090,XLV.US,141.5113
2024-06-12,US81369Y2090,XLV.US,141.2116
2024-06-13,US81369Y2090,XLV.US,141.0956
2024-06-14,US81369Y2090,XLV.US,141.0472
2024-06-17,US81369Y2090,XLV.US,140.9022
2024-06-18,US81369Y2090,XLV.US,141.0859
2024-06-20,US81369Y2090,XLV.US,141.55
2024-06-21,US81369Y2090,XLV.US,141.9464
2024-06-24,US81369Y2090,XLV.US,142.7744
2024-06-25,US81369Y2090,XLV.US,142.3279
2024-06-26,US81369Y2090,XLV.US,141.8232
2024-06-27,US81369Y2090,XLV.US,141.5902
2024-06-28,US81369Y2090,XLV.US,141.4737
2024-07-01,US81369Y2090,XLV.US,140.6778
2024-07-02,US81369Y2090,XLV.US,140.1633
2024-07-03,US81369Y2090,XLV.US,139.0956
2024-07-05,US81369Y2090,XLV.US,140.173
2024-07-08,US81369Y2090,XLV.US,140.0177
2024-07-09,US81369Y2090,XLV.US,140.6972
2024-07-10,US81369Y2090,XLV.US,142.027
2024-07-11,US81369Y2090,XLV.US,143.0268
2024-07-12,US81369Y2090,XLV.US,143.9198
2024-07-15,US81369Y2090,XLV.US,143.415
2024-07-16,US81369Y2090,XLV.US,145.4631
2024-07-17,US81369Y2090,XLV.US,146.1232
2024-07-18,US81369Y2090,XLV.US,142.8035
2024-07-19,US81369Y2090,XLV.US,143.5315
2024-07-22,US81369Y2090,XLV.US,144.3566
2024-07-23,US81369Y2090,XLV.US,144.2692
2024-07-24,US81369Y2090,XLV.US,145.4728
2024-07-25,US81369Y2090,XLV.US,144.7448
2024-07-26,US81369Y2090,XLV.US,145.5602
2024-07-29,US81369Y2090,XLV.US,145.6476
2024-07-30,US81369Y2090,XLV.US,145.7737
2024-07-31,US81369Y2090,XLV.US,145.2399
2024-08-01,US81369Y2090,XLV.US,146.725
2024-08-02,US81369Y2090,XLV.US,146.4338
2024-08-05,US81369Y2090,XLV.US,142.522
2024-08-06,US81369Y2090,XLV.US,143.1821
2024-08-07,US81369Y2090,XLV.US,141.7261
2024-08-08,US81369Y2090,XLV.US,144.8613
2024-08-09,US81369Y2090,XLV.US,145.5796
2024-08-12,US81369Y2090,XLV.US,145.0263
2024-08-13,US81369Y2090,XLV.US,146.7832
2024-08-14,US81369Y2090,XLV.US,147.3074
2024-08-15,US81369Y2090,XLV.US,148.2295
2024-08-16,US81369Y2090,XLV.US,148.3848
2024-08-19,US81369Y2090,XLV.US,149.2875
2024-08-20,US81369Y2090,XLV.US,149.8893
2024-08-21,US81369Y2090,XLV.US,150.1417
2024-08-22,US81369Y2090,XLV.US,150.2388
2024-08-23,US81369Y2090,XLV.US,150.8891
2024-08-26,US81369Y2090,XLV.US,150.8115
2024-08-27,US81369Y2090,XLV.US,151.0444
2024-08-28,US81369Y2090,XLV.US,151.2191
2024-08-29,US81369Y2090,XLV.US,151.5395
2024-08-30,US81369Y2090,XLV.US,152.5878
2024-09-03,US81369Y2090,XLV.US,152.2966
2024-09-04,US81369Y2090,XLV.US,152.0345
2024-09-05,US81369Y2090,XLV.US,149.9476
2024-09-06,US81369Y2090,XLV.US,149.4331
2024-09-09,US81369Y2090,XLV.US,150.4814
2024-09-10,US81369Y2090,XLV.US,151.1706
2024-09-11,US81369Y2090,XLV.US,150.7241
2024-09-12,US81369Y2090,XLV.US,151.2677
2024-09-13,US81369Y2090,XLV.US,151.5783
2024-09-16,US81369Y2090,XLV.US,152.6266
2024-09-17,US81369Y2090,XLV.US,151.0541
2024-09-18,US81369Y2090,XLV.US,150.8018
2024-09-19,US81369Y2090,XLV.US,151.3453
2024-09-20,US81369Y2090,XLV.US,150.7241
2024-09-23,US81369Y2090,XLV.US,150.4289
2024-09-24,US81369Y2090,XLV.US,150.1269
2024-09-25,US81369Y2090,XLV.US,148.6655
2024-09-26,US81369Y2090,XLV.US,149.1623
2024-09-27,US81369Y2090,XLV.US,149.0844
2024-09-30,US81369Y2090,XLV.US,150.0587
2024-10-01,US81369Y2090,XLV.US,149.2695
2024-10-02,US81369Y2090,XLV.US,148.9675
2024-10-03,US81369Y2090,XLV.US,147.623
2024-10-04,US81369Y2090,XLV.US,147.7399
2024-10-07,US81369Y2090,XLV.US,147.0871
2024-10-08,US81369Y2090,XLV.US,147.886
2024-10-09,US81369Y2090,XLV.US,149.3962
2024-10-10,US81369Y2090,XLV.US,148.8408
2024-10-11,US81369Y2090,XLV.US,149.932
2024-10-14,US81369Y2090,XLV.US,150.7602
2024-10-15,US81369Y2090,XLV.US,148.9188
2024-10-16,US81369Y2090,XLV.US,149.3377
2024-10-17,US81369Y2090,XLV.US,148.4706
2024-10-18,US81369Y2090,XLV.US,149.1916
2024-10-21,US81369Y2090,XLV.US,147.4379
2024-10-22,US81369Y2090,XLV.US,147.2235
2024-10-23,US81369Y2090,XLV.US,146.5318
2024-10-24,US81369Y2090,XLV.US,145.5672
2024-10-25,US81369Y2090,XLV.US,144.7683
2024-10-28,US81369Y2090,XLV.US,144.9827
2024-10-29,US81369Y2090,XLV.US,144.5832
2024-10-30,US81369Y2090,XLV.US,144.3104
2024-10-31,US81369Y2090,XLV.US,143.0926
2024-11-01,US81369Y2090,XLV.US,143.9402
2024-11-04,US81369Y2090,XLV.US,142.9951
2024-11-05,US81369Y2090,XLV.US,144.0474
2024-11-06,US81369Y2090,XLV.US,144.2325
2024-11-07,US81369Y2090,XLV.US,145.275
2024-11-08,US81369Y2090,XLV.US,146.3174
2024-11-11,US81369Y2090,XLV.US,145.4601
2024-11-12,US81369Y2090,XLV.US,143.4336
2024-11-13,US81369Y2090,XLV.US,143.0536
2024-11-14,US81369Y2090,XLV.US,140.803
2024-11-15,US81369Y2090,XLV.US,138.1919
2024-11-18,US81369Y2090,XLV.US,138.2894
2024-11-19,US81369Y2090,XLV.US,137.5781
2024-11-20,US81369Y2090,XLV.US,139.2052
2024-11-21,US81369Y2090,XLV.US,140.3256
2024-11-22,US81369Y2090,XLV.US,140.4523
2024-11-25,US81369Y2090,XLV.US,141.6506
2024-11-26,US81369Y2090,XLV.US,142.4106
2024-11-27,US81369Y2090,XLV.US,143.1705
2024-11-29,US81369Y2090,XLV.US,143.6187
2024-12-02,US81369Y2090,XLV.US,143.3654
2024-12-03,US81369Y2090,XLV.US,143.0439
2024-12-04,US81369Y2090,XLV.US,142.9659
2024-12-05,US81369Y2090,XLV.US,141.3681
2024-12-06,US81369Y2090,XLV.US,140.5692
2024-12-09,US81369Y2090,XLV.US,140.9784
2024-12-10,US81369Y2090,XLV.US,140.3938
2024-12-11,US81369Y2090,XLV.US,138.4842
2024-12-12,US81369Y2090,XLV.US,137.3833
2024-12-13,US81369Y2090,XLV.US,137.3638
2024-12-16,US81369Y2090,XLV.US,135.727
2024-12-17,US81369Y2090,XLV.US,135.6296
2024-12-18,US81369Y2090,XLV.US,133.7882
2024-12-19,US81369Y2090,XLV.US,132.7749
2024-12-20,US81369Y2090,XLV.US,134.4507
2024-12-23,US81369Y2090,XLV.US,135.7935
2024-12-24,US81369Y2090,XLV.US,136.3513
2024-12-26,US81369Y2090,XLV.US,136.6254
2024-12-27,US81369Y2090,XLV.US,135.9892
2024-12-30,US81369Y2090,XLV.US,134.3156
2024-12-31,US81369Y2090,XLV.US,134.6386
2025-01-02,US81369Y2090,XLV.US,134.6778
2025-01-03,US81369Y2090,XLV.US,135.999
2025-01-06,US81369Y2090,XLV.US,136.0577
2025-01-07,US81369Y2090,XLV.US,136.733
2025-01-08,US81369Y2090,XLV.US,137.4377
2025-01-10,US81369Y2090,XLV.US,136.6645
2025-01-13,US81369Y2090,XLV.US,138.4457
2025-01-14,US81369Y2090,XLV.US,137.0168
2025-01-15,US81369Y2090,XLV.US,137.5747
2025-01-16,US81369Y2090,XLV.US,138.1228
2025-01-17,US81369Y2090,XLV.US,137.193
2025-01-21,US81369Y2090,XLV.US,139.4636
2025-01-22,US81369Y2090,XLV.US,139.1504
2025-01-23,US81369Y2090,XLV.US,141.0099
2025-01-24,US81369Y2090,XLV.US,141.235
2025-01-27,US81369Y2090,XLV.US,144.406
2025-01-28,US81369Y2090,XLV.US,143.3979
2025-01-29,US81369Y2090,XLV.US,142.5562
2025-01-30,US81369Y2090,XLV.US,144.2004
2025-01-31,US81369Y2090,XLV.US,143.7404
2025-02-03,US81369Y2090,XLV.US,144.2983
2025-02-04,US81369Y2090,XLV.US,143.9068
2025-02-05,US81369Y2090,XLV.US,145.2868
2025-02-06,US81369Y2090,XLV.US,143.9851
2025-02-07,US81369Y2090,XLV.US,143.3098
2025-02-10,US81369Y2090,XLV.US,143.1826
2025-02-11,US81369Y2090,XLV.US,142.9183
2025-02-12,US81369Y2090,XLV.US,142.7128
2025-02-13,US81369Y2090,XLV.US,143.2707
2025-02-14,US81369Y2090,XLV.US,141.7146
2025-02-18,US81369Y2090,XLV.US,141.4405
2025-02-19,US81369Y2090,XLV.US,143.2805
2025-02-20,US81369Y2090,XLV.US,144.083
2025-02-21,US81369Y2090,XLV.US,143.3098
2025-02-24,US81369Y2090,XLV.US,144.4745
2025-02-25,US81369Y2090,XLV.US,145.7174
2025-02-26,US81369Y2090,XLV.US,144.6702
2025-02-27,US81369Y2090,XLV.US,144.083
2025-02-28,US81369Y2090,XLV.US,145.7566
2025-03-03,US81369Y2090,XLV.US,146.3927
2025-03-04,US81369Y2090,XLV.US,145.0323
2025-03-05,US81369Y2090,XLV.US,146.4906
2025-03-06,US81369Y2090,XLV.US,146.0893
2025-03-07,US81369Y2090,XLV.US,146.0991
2025-03-10,US81369Y2090,XLV.US,144.5234
2025-03-11,US81369Y2090,XLV.US,142.9477
2025-03-12,US81369Y2090,XLV.US,141.5188
2025-03-13,US81369Y2090,XLV.US,140.7652
2025-03-14,US81369Y2090,XLV.US,141.8418
2025-03-17,US81369Y2090,XLV.US,143.6426
2025-03-18,US81369Y2090,XLV.US,143.7111
2025-03-19,US81369Y2090,XLV.US,143.7894
2025-03-20,US81369Y2090,XLV.US,143.8775
2025-03-21,US81369Y2090,XLV.US,143.4762
2025-03-24,US81369Y2090,XLV.US,144.5717
2025-03-25,US81369Y2090,XLV.US,142.7246
2025-03-26,US81369Y2090,XLV.US,142.2039
2025-03-27,US81369Y2090,XLV.US,142.4299
2025-03-28,US81369Y2090,XLV.US,141.9877
2025-03-31,US81369Y2090,XLV.US,143.4516
2025-04-01,US81369Y2090,XLV.US,140.8284
2025-04-02,US81369Y2090,XLV.US,141.7716
2025-04-03,US81369Y2090,XLV.US,140.6221
2025-04-04,US81369Y2090,XLV.US,132.9096
2025-04-07,US81369Y2090,XLV.US,132.1138
2025-04-08,US81369Y2090,XLV.US,130.6499
2025-04-09,US81369Y2090,XLV.US,136.3287
2025-04-10,US81369Y2090,XLV.US,132.5265
2025-04-11,US81369Y2090,XLV.US,134.4718
2025-04-14,US81369Y2090,XLV.US,136.1125
2025-04-15,US81369Y2090,XLV.US,135.2774
2025-04-16,US81369Y2090,XLV.US,133.9019
2025-04-17,US81369Y2090,XLV.US,133.116
2025-04-21,US81369Y2090,XLV.US,130.2471
2025-04-22,US81369Y2090,XLV.US,132.6935
2025-04-23,US81369Y2090,XLV.US,133.3518
2025-04-24,US81369Y2090,XLV.US,134.9827
2025-04-25,US81369Y2090,XLV.US,135.6311
2025-04-28,US81369Y2090,XLV.US,136.1715
2025-04-29,US81369Y2090,XLV.US,136.8396
2025-04-30,US81369Y2090,XLV.US,138.0087
2025-05-01,US81369Y2090,XLV.US,134.2458
2025-05-02,US81369Y2090,XLV.US,136.1027
2025-05-05,US81369Y2090,XLV.US,135.7195
2025-05-06,US81369Y2090,XLV.US,131.9763
2025-05-07,US81369Y2090,XLV.US,132.9882
2025-05-08,US81369Y2090,XLV.US,131.7896
2025-05-09,US81369Y2090,XLV.US,130.3552
2025-05-12,US81369Y2090,XLV.US,133.5777
2025-05-13,US81369Y2090,XLV.US,129.5594
2025-05-14,US81369Y2090,XLV.US,126.5137
2025-05-15,US81369Y2090,XLV.US,128.1741
2025-05-16,US81369Y2090,XLV.US,130.758
2025-05-19,US81369Y2090,XLV.US,132.0156
2025-05-20,US81369Y2090,XLV.US,132.3398
2025-05-21,US81369Y2090,XLV.US,129.2745
2025-05-22,US81369Y2090,XLV.US,128.2625
2025-05-23,US81369Y2090,XLV.US,128.0562
2025-05-27,US81369Y2090,XLV.US,129.8443
2025-05-28,US81369Y2090,XLV.US,129.1762
2025-05-29,US81369Y2090,XLV.US,130.0408
2025-05-30,US81369Y2090,XLV.US,130.3159
2025-06-02,US81369Y2090,XLV.US,130.3945
2025-06-03,US81369Y2090,XLV.US,130.6991
2025-06-04,US81369Y2090,XLV.US,130.9545
2025-06-05,US81369Y2090,XLV.US,130.7777
2025-06-06,US81369Y2090,XLV.US,132.0254
2025-06-09,US81369Y2090,XLV.US,131.7994
2025-06-10,US81369Y2090,XLV.US,133.3026
2025-06-11,US81369Y2090,XLV.US,133.3714
2025-06-12,US81369Y2090,XLV.US,134.4128
2025-06-13,US81369Y2090,XLV.US,133.7448
2025-06-16,US81369Y2090,XLV.US,133.3321
2025-06-17,US81369Y2090,XLV.US,131.1314
2025-06-18,US81369Y2090,XLV.US,130.9054
2025-06-20,US81369Y2090,XLV.US,130.2766
2025-06-23,US81369Y2090,XLV.US,130.4642
2025-06-24,US81369Y2090,XLV.US,132.0634
2025-06-25,US81369Y2090,XLV.US,132.1818
2025-06-26,US81369Y2090,XLV.US,132.4977
2025-06-27,US81369Y2090,XLV.US,132.2115
2025-06-30,US81369Y2090,XLV.US,133.0604
2025-07-01,US81369Y2090,XLV.US,134.9558
2025-07-02,US81369Y2090,XLV.US,133.6231
2025-07-03,US81369Y2090,XLV.US,133.7613
2025-07-07,US81369Y2090,XLV.US,132.6359
2025-07-08,US81369Y2090,XLV.US,133.2381
2025-07-09,US81369Y2090,XLV.US,133.7514
2025-07-10,US81369Y2090,XLV.US,134.5708
2025-07-11,US81369Y2090,XLV.US,133.4553
2025-07-14,US81369Y2090,XLV.US,133.2973
2025-07-15,US81369Y2090,XLV.US,130.8985
2025-07-16,US81369Y2090,XLV.US,132.5273
2025-07-17,US81369Y2090,XLV.US,131.017
2025-07-18,US81369Y2090,XLV.US,130.1483
2025-07-21,US81369Y2090,XLV.US,129.4079
2025-07-22,US81369Y2090,XLV.US,131.8166
2025-07-23,US81369Y2090,XLV.US,134.5214
2025-07-24,US81369Y2090,XLV.US,134.018
2025-07-25,US81369Y2090,XLV.US,134.7287
2025-07-28,US81369Y2090,XLV.US,133.554
2025-07-29,US81369Y2090,XLV.US,132.705
2025-07-30,US81369Y2090,XLV.US,132.4681
2025-07-31,US81369Y2090,XLV.US,128.7564
2025-08-01,US81369Y2090,XLV.US,129.4474
2025-08-04,US81369Y2090,XLV.US,131.3033
2025-08-05,US81369Y2090,XLV.US,130.7998
2025-08-06,US81369Y2090,XLV.US,128.8353
2025-08-07,US81369Y2090,XLV.US,127.3546
2025-08-08,US81369Y2090,XLV.US,128.4898
2025-08-11,US81369Y2090,XLV.US,128.6182
2025-08-12,US81369Y2090,XLV.US,129.5066
2025-08-13,US81369Y2090,XLV.US,131.5797
2025-08-14,US81369Y2090,XLV.US,132.2411
2025-08-15,US81369Y2090,XLV.US,134.4622
2025-08-18,US81369Y2090,XLV.US,134.1463
2025-08-19,US81369Y2090,XLV.US,135.0051
2025-08-20,US81369Y2090,XLV.US,135.7356
2025-08-21,US81369Y2090,XLV.US,135.2815
2025-08-22,US81369Y2090,XLV.US,136.397
2025-08-25,US81369Y2090,XLV.US,134.4523
2025-08-26,US81369Y2090,XLV.US,135.2914
2025-08-27,US81369Y2090,XLV.US,135.2124
2025-08-28,US81369Y2090,XLV.US,134.6794
2025-08-29,US81369Y2090,XLV.US,135.6665
2025-09-02,US81369Y2090,XLV.US,135.7949
2025-09-03,US81369Y2090,XLV.US,135.1532
2025-09-04,US81369Y2090,XLV.US,135.6665
2025-09-05,US81369Y2090,XLV.US,136.1305
2025-09-08,US81369Y2090,XLV.US,136.0812
2025-09-09,US81369Y2090,XLV.US,136.8117
2025-09-10,US81369Y2090,XLV.US,135.5678
2025-09-11,US81369Y2090,XLV.US,137.9272
2025-09-12,US81369Y2090,XLV.US,136.3378
2025-09-15,US81369Y2090,XLV.US,135.173
2025-09-16,US81369Y2090,XLV.US,135.173
2025-09-17,US81369Y2090,XLV.US,135.4395
2025-09-18,US81369Y2090,XLV.US,135.706
2025-09-19,US81369Y2090,XLV.US,135.5283
2025-09-22,US81369Y2090,XLV.US,135.4936
2025-09-23,US81369Y2090,XLV.US,135.8011
2025-09-24,US81369Y2090,XLV.US,135.2556
2025-09-25,US81369Y2090,XLV.US,133.0144
2025-09-26,US81369Y2090,XLV.US,134.373
2025-09-29,US81369Y2090,XLV.US,134.7697
2025-09-30,US81369Y2090,XLV.US,138.0125
2025-10-01,US81369Y2090,XLV.US,142.2767
2025-10-02,US81369Y2090,XLV.US,141.9991
2025-10-03,US81369Y2090,XLV.US,143.6155
2025-10-06,US81369Y2090,XLV.US,142.9213
2025-10-07,US81369Y2090,XLV.US,143.0304
2025-10-08,US81369Y2090,XLV.US,143.3081
2025-10-09,US81369Y2090,XLV.US,142.9908
2025-10-10,US81369Y2090,XLV.US,140.9281
2025-10-13,US81369Y2090,XLV.US,140.7694
2025-10-14,US81369Y2090,XLV.US,141.1561
2025-10-15,US81369Y2090,XLV.US,141.3743
2025-10-16,US81369Y2090,XLV.US,141.1363
2025-10-17,US81369Y2090,XLV.US,142.0784
2025-10-20,US81369Y2090,XLV.US,143.5858
2025-10-21,US81369Y2090,XLV.US,143.9229
2025-10-22,US81369Y2090,XLV.US,144.746
2025-10-23,US81369Y2090,XLV.US,144.8254
2025-10-24,US81369Y2090,XLV.US,144.8155
2025-10-27,US81369Y2090,XLV.US,145.1526
2025-10-28,US81369Y2090,XLV.US,144.2403
2025-10-29,US81369Y2090,XLV.US,142.7825
2025-10-30,US81369Y2090,XLV.US,143.0998
2025-10-31,US81369Y2090,XLV.US,143.0503
2025-11-03,US81369Y2090,XLV.US,143.2486
2025-11-04,US81369Y2090,XLV.US,143.8932
2025-11-05,US81369Y2090,XLV.US,144.4485
2025-11-06,US81369Y2090,XLV.US,144.7262
2025-11-07,US81369Y2090,XLV.US,144.9245
2025-11-10,US81369Y2090,XLV.US,146.0551
2025-11-11,US81369Y2090,XLV.US,149.4268
2025-11-12,US81369Y2090,XLV.US,151.549
2025-11-13,US81369Y2090,XLV.US,151.4696
2025-11-14,US81369Y2090,XLV.US,150.5672
2025-11-17,US81369Y2090,XLV.US,150.4383
2025-11-18,US81369Y2090,XLV.US,151.3209
2025-11-19,US81369Y2090,XLV.US,151.0631
2025-11-20,US81369Y2090,XLV.US,150.1606
2025-11-21,US81369Y2090,XLV.US,153.3241
2025-11-24,US81369Y2090,XLV.US,153.9687
2025-11-25,US81369Y2090,XLV.US,157.4495
2025-11-26,US81369Y2090,XLV.US,157.1024
2025-11-28,US81369Y2090,XLV.US,156.3388
2025-12-01,US81369Y2090,XLV.US,153.9984
2025-12-02,US81369Y2090,XLV.US,153.0762
2025-12-03,US81369Y2090,XLV.US,153.7902
2025-12-04,US81369Y2090,XLV.US,152.62
2025-12-05,US81369Y2090,XLV.US,151.9853
2025-12-08,US81369Y2090,XLV.US,150.1705
2025-12-09,US81369Y2090,XLV.US,148.7128
2025-12-10,US81369Y2090,XLV.US,150.8746
2025-12-11,US81369Y2090,XLV.US,152.3027
2025-12-12,US81369Y2090,XLV.US,152.7787
2025-12-15,US81369Y2090,XLV.US,154.8017
2025-12-16,US81369Y2090,XLV.US,152.7886
2025-12-17,US81369Y2090,XLV.US,152.5109
2025-12-18,US81369Y2090,XLV.US,152.6299
2025-12-19,US81369Y2090,XLV.US,153.6513
2025-12-22,US81369Y2090,XLV.US,154.6642
2025-12-23,US81369Y2090,XLV.US,154.3555
2025-12-24,US81369Y2090,XLV.US,155.1621
2025-12-26,US81369Y2090,XLV.US,155.4111
2025-12-29,US81369Y2090,XLV.US,155.1721
2025-12-30,US81369Y2090,XLV.US,155.0426
2025-12-31,US81369Y2090,XLV.US,154.1662
2026-01-02,US81369Y2090,XLV.US,154.8733
2026-01-05,US81369Y2090,XLV.US,154.4052
2026-01-06,US81369Y2090,XLV.US,157.4428
2026-01-07,US81369Y2090,XLV.US,159.0063
2026-01-08,US81369Y2090,XLV.US,157.4726
2026-01-09,US81369Y2090,XLV.US,156.666
2026-01-12,US81369Y2090,XLV.US,156.7357
2026-01-13,US81369Y2090,XLV.US,156.0983
2026-01-14,US81369Y2090,XLV.US,157.2137
2026-01-15,US81369Y2090,XLV.US,156.3174
2026-01-16,US81369Y2090,XLV.US,155.1024
2026-01-20,US81369Y2090,XLV.US,154.7638
2026-01-21,US81369Y2090,XLV.US,157.6121
2026-01-22,US81369Y2090,XLV.US,157.6419
2026-01-23,US81369Y2090,XLV.US,156.8353
2026-01-26,US81369Y2090,XLV.US,157.4527
2026-01-27,US81369Y2090,XLV.US,154.8136
2026-01-28,US81369Y2090,XLV.US,153.6782
2026-01-29,US81369Y2090,XLV.US,153.1902
2026-01-30,US81369Y2090,XLV.US,154.1065
2026-02-02,US81369Y2090,XLV.US,155.0526
2026-02-03,US81369Y2090,XLV.US,153.4691
2026-02-04,US81369Y2090,XLV.US,155.3912
2026-02-05,US81369Y2090,XLV.US,154.2061
2026-02-06,US81369Y2090,XLV.US,157.0643
2026-02-09,US81369Y2090,XLV.US,155.68
2026-02-10,US81369Y2090,XLV.US,154.6941
2026-02-11,US81369Y2090,XLV.US,155.6103
2026-02-12,US81369Y2090,XLV.US,155.3613
2026-02-13,US81369Y2090,XLV.US,157.0245
2026-02-17,US81369Y2090,XLV.US,156.7257
2026-02-18,US81369Y2090,XLV.US,157.0245
2026-02-19,US81369Y2090,XLV.US,156.6162
2026-02-20,US81369Y2090,XLV.US,156.178
2026-02-23,US81369Y2090,XLV.US,157.8909
2026-02-24,US81369Y2090,XLV.US,157.2237
2026-02-25,US81369Y2090,XLV.US,157.1838
2026-02-26,US81369Y2090,XLV.US,156.7755
2026-02-27,US81369Y2090,XLV.US,159.5441
2026-03-02,US81369Y2090,XLV.US,157.881
2026-03-03,US81369Y2090,XLV.US,156.0983
2026-03-04,US81369Y2090,XLV.US,156.407
2026-03-05,US81369Y2090,XLV.US,153.2799
2026-03-06,US81369Y2090,XLV.US,152.0748
2026-03-09,US81369Y2090,XLV.US,153.6284
2026-03-10,US81369Y2090,XLV.US,152.523
2026-03-11,US81369Y2090,XLV.US,152.2242
2026-03-12,US81369Y2090,XLV.US,149.5452
2026-03-13,US81369Y2090,XLV.US,149.1767
2026-03-16,US81369Y2090,XLV.US,150.3917
2026-03-17,US81369Y2090,XLV.US,149.0274
2026-03-18,US81369Y2090,XLV.US,146.5376
2026-03-19,US81369Y2090,XLV.US,146.0098
2026-03-20,US81369Y2090,XLV.US,144.735
2026-03-23,US81369Y2090,XLV.US,144.77
2026-03-24,US81369Y2090,XLV.US,144.79
2026-03-25,US81369Y2090,XLV.US,146.24
2026-03-26,US81369Y2090,XLV.US,145.74
2026-03-27,US81369Y2090,XLV.US,143.26
2026-03-30,US81369Y2090,XLV.US,143.82
2026-03-31,US81369Y2090,XLV.US,146.61
2026-04-01,US81369Y2090,XLV.US,147.73
2026-04-02,US81369Y2090,XLV.US,146.81
2026-04-06,US81369Y2090,XLV.US,146.28
2026-04-07,US81369Y2090,XLV.US,146.57
2026-04-08,US81369Y2090,XLV.US,149.67
2026-04-09,US81369Y2090,XLV.US,149.33
2026-04-10,US81369Y2090,XLV.US,147.31
2026-04-13,US81369Y2090,XLV.US,147.97
2026-04-14,US81369Y2090,XLV.US,148.83
2026-04-15,US81369Y2090,XLV.US,147.77
2026-04-16,US81369Y2090,XLV.US,146.61
2026-04-17,US81369Y2090,XLV.US,148.8
2026-04-20,US81369Y2090,XLV.US,147.42
2026-04-21,US81369Y2090,XLV.US,145.92
2026-04-22,US81369Y2090,XLV.US,146.38
2026-04-23,US81369Y2090,XLV.US,146.24
2026-04-24,US81369Y2090,XLV.US,144.18
2023-04-27,US81369Y5069,XLE.US,38.0036
2023-04-28,US81369Y5069,XLE.US,38.593
2023-05-01,US81369Y5069,XLE.US,38.1578
2023-05-02,US81369Y5069,XLE.US,36.4985
2023-05-03,US81369Y5069,XLE.US,35.8095
2023-05-04,US81369Y5069,XLE.US,35.4105
2023-05-05,US81369Y5069,XLE.US,36.3716
2023-05-08,US81369Y5069,XLE.US,36.3716
2023-05-09,US81369Y5069,XLE.US,36.3852
2023-05-10,US81369Y5069,XLE.US,35.9727
2023-05-11,US81369Y5069,XLE.US,35.542
2023-05-12,US81369Y5069,XLE.US,35.5964
2023-05-15,US81369Y5069,XLE.US,35.7777
2023-05-16,US81369Y5069,XLE.US,34.8982
2023-05-17,US81369Y5069,XLE.US,35.5692
2023-05-18,US81369Y5069,XLE.US,35.8276
2023-05-19,US81369Y5069,XLE.US,36.1041
2023-05-22,US81369Y5069,XLE.US,35.9545
2023-05-23,US81369Y5069,XLE.US,36.3399
2023-05-24,US81369Y5069,XLE.US,36.4985
2023-05-25,US81369Y5069,XLE.US,35.8503
2023-05-26,US81369Y5069,XLE.US,35.7097
2023-05-30,US81369Y5069,XLE.US,35.3425
2023-05-31,US81369Y5069,XLE.US,34.7214
2023-06-01,US81369Y5069,XLE.US,35.1521
2023-06-02,US81369Y5069,XLE.US,36.222
2023-06-05,US81369Y5069,XLE.US,35.9817
2023-06-06,US81369Y5069,XLE.US,36.2719
2023-06-07,US81369Y5069,XLE.US,37.233
2023-06-08,US81369Y5069,XLE.US,37.0743
2023-06-09,US81369Y5069,XLE.US,36.8703
2023-06-12,US81369Y5069,XLE.US,36.5167
2023-06-13,US81369Y5069,XLE.US,36.6889
2023-06-14,US81369Y5069,XLE.US,36.3127
2023-06-15,US81369Y5069,XLE.US,36.7116
2023-06-16,US81369Y5069,XLE.US,36.6572
2023-06-20,US81369Y5069,XLE.US,35.8468
2023-06-21,US81369Y5069,XLE.US,36.1304
2023-06-22,US81369Y5069,XLE.US,35.6455
2023-06-23,US81369Y5069,XLE.US,35.3893
2023-06-26,US81369Y5069,XLE.US,36.0252
2023-06-27,US81369Y5069,XLE.US,36.1075
2023-06-28,US81369Y5069,XLE.US,36.4735
2023-06-29,US81369Y5069,XLE.US,36.8943
2023-06-30,US81369Y5069,XLE.US,37.1322
2023-07-03,US81369Y5069,XLE.US,37.2191
2023-07-05,US81369Y5069,XLE.US,37.0133
2023-07-06,US81369Y5069,XLE.US,36.1807
2023-07-07,US81369Y5069,XLE.US,36.9584
2023-07-10,US81369Y5069,XLE.US,37.2466
2023-07-11,US81369Y5069,XLE.US,38.0654
2023-07-12,US81369Y5069,XLE.US,38.4177
2023-07-13,US81369Y5069,XLE.US,38.2713
2023-07-14,US81369Y5069,XLE.US,37.2603
2023-07-17,US81369Y5069,XLE.US,37.1871
2023-07-18,US81369Y5069,XLE.US,37.5622
2023-07-19,US81369Y5069,XLE.US,37.7818
2023-07-20,US81369Y5069,XLE.US,38.2256
2023-07-21,US81369Y5069,XLE.US,38.5641
2023-07-24,US81369Y5069,XLE.US,39.1862
2023-07-25,US81369Y5069,XLE.US,39.3921
2023-07-26,US81369Y5069,XLE.US,39.4058
2023-07-27,US81369Y5069,XLE.US,39.1542
2023-07-28,US81369Y5069,XLE.US,39.2731
2023-07-31,US81369Y5069,XLE.US,40.0188
2023-08-01,US81369Y5069,XLE.US,39.8312
2023-08-02,US81369Y5069,XLE.US,39.3097
2023-08-03,US81369Y5069,XLE.US,39.7077
2023-08-04,US81369Y5069,XLE.US,39.7626
2023-08-07,US81369Y5069,XLE.US,39.8084
2023-08-08,US81369Y5069,XLE.US,40.0051
2023-08-09,US81369Y5069,XLE.US,40.5083
2023-08-10,US81369Y5069,XLE.US,40.5037
2023-08-11,US81369Y5069,XLE.US,41.1259
2023-08-14,US81369Y5069,XLE.US,40.952
2023-08-15,US81369Y5069,XLE.US,40.1012
2023-08-16,US81369Y5069,XLE.US,39.7535
2023-08-17,US81369Y5069,XLE.US,40.2292
2023-08-18,US81369Y5069,XLE.US,40.6272
2023-08-21,US81369Y5069,XLE.US,40.3711
2023-08-22,US81369Y5069,XLE.US,40.06
2023-08-23,US81369Y5069,XLE.US,39.9593
2023-08-24,US81369Y5069,XLE.US,39.6849
2023-08-25,US81369Y5069,XLE.US,40.0691
2023-08-28,US81369Y5069,XLE.US,40.339
2023-08-29,US81369Y5069,XLE.US,40.4488
2023-08-30,US81369Y5069,XLE.US,40.6501
2023-08-31,US81369Y5069,XLE.US,40.6776
2023-09-01,US81369Y5069,XLE.US,41.5101
2023-09-05,US81369Y5069,XLE.US,41.7297
2023-09-06,US81369Y5069,XLE.US,41.748
2023-09-07,US81369Y5069,XLE.US,41.7068
2023-09-08,US81369Y5069,XLE.US,42.1094
2023-09-11,US81369Y5069,XLE.US,41.5559
2023-09-12,US81369Y5069,XLE.US,42.5349
2023-09-13,US81369Y5069,XLE.US,42.2146
2023-09-14,US81369Y5069,XLE.US,42.7087
2023-09-15,US81369Y5069,XLE.US,42.0911
2023-09-18,US81369Y5069,XLE.US,42.4476
2023-09-19,US81369Y5069,XLE.US,42.0513
2023-09-20,US81369Y5069,XLE.US,41.6596
2023-09-21,US81369Y5069,XLE.US,41.0881
2023-09-22,US81369Y5069,XLE.US,41.1573
2023-09-25,US81369Y5069,XLE.US,41.6734
2023-09-26,US81369Y5069,XLE.US,41.4338
2023-09-27,US81369Y5069,XLE.US,42.466
2023-09-28,US81369Y5069,XLE.US,42.5121
2023-09-29,US81369Y5069,XLE.US,41.655
2023-10-02,US81369Y5069,XLE.US,40.8255
2023-10-03,US81369Y5069,XLE.US,40.7978
2023-10-04,US81369Y5069,XLE.US,39.5167
2023-10-05,US81369Y5069,XLE.US,39.2725
2023-10-06,US81369Y5069,XLE.US,39.5075
2023-10-09,US81369Y5069,XLE.US,40.8255
2023-10-10,US81369Y5069,XLE.US,40.8762
2023-10-11,US81369Y5069,XLE.US,40.3508
2023-10-12,US81369Y5069,XLE.US,40.3969
2023-10-13,US81369Y5069,XLE.US,41.2863
2023-10-16,US81369Y5069,XLE.US,41.5628
2023-10-17,US81369Y5069,XLE.US,41.996
2023-10-18,US81369Y5069,XLE.US,42.3785
2023-10-19,US81369Y5069,XLE.US,42.3048
2023-10-20,US81369Y5069,XLE.US,41.5951
2023-10-23,US81369Y5069,XLE.US,40.9222
2023-10-24,US81369Y5069,XLE.US,40.3462
2023-10-25,US81369Y5069,XLE.US,40.2725
2023-10-26,US81369Y5069,XLE.US,39.9591
2023-10-27,US81369Y5069,XLE.US,39.0006
2023-10-30,US81369Y5069,XLE.US,39.1296
2023-10-31,US81369Y5069,XLE.US,39.2586
2023-11-01,US81369Y5069,XLE.US,39.1665
2023-11-02,US81369Y5069,XLE.US,40.3508
2023-11-03,US81369Y5069,XLE.US,39.9453
2023-11-06,US81369Y5069,XLE.US,39.4937
2023-11-07,US81369Y5069,XLE.US,38.6181
2023-11-08,US81369Y5069,XLE.US,38.1342
2023-11-09,US81369Y5069,XLE.US,38.019
2023-11-10,US81369Y5069,XLE.US,38.4383
2023-11-13,US81369Y5069,XLE.US,38.7148
2023-11-14,US81369Y5069,XLE.US,39.0605
2023-11-15,US81369Y5069,XLE.US,38.9867
2023-11-16,US81369Y5069,XLE.US,38.2264
2023-11-17,US81369Y5069,XLE.US,39.0282
2023-11-20,US81369Y5069,XLE.US,39.0835
2023-11-21,US81369Y5069,XLE.US,38.996
2023-11-22,US81369Y5069,XLE.US,38.9775
2023-11-24,US81369Y5069,XLE.US,39.1388
2023-11-27,US81369Y5069,XLE.US,39.0006
2023-11-28,US81369Y5069,XLE.US,39.0098
2023-11-29,US81369Y5069,XLE.US,38.7195
2023-11-30,US81369Y5069,XLE.US,38.9775
2023-12-01,US81369Y5069,XLE.US,39.1803
2023-12-04,US81369Y5069,XLE.US,39.0006
2023-12-05,US81369Y5069,XLE.US,38.3185
2023-12-06,US81369Y5069,XLE.US,37.7471
2023-12-07,US81369Y5069,XLE.US,37.489
2023-12-08,US81369Y5069,XLE.US,37.8946
2023-12-11,US81369Y5069,XLE.US,37.9406
2023-12-12,US81369Y5069,XLE.US,37.4199
2023-12-13,US81369Y5069,XLE.US,37.9406
2023-12-14,US81369Y5069,XLE.US,39.0559
2023-12-15,US81369Y5069,XLE.US,38.8485
2023-12-18,US81369Y5069,XLE.US,39.1659
2023-12-19,US81369Y5069,XLE.US,39.6358
2023-12-20,US81369Y5069,XLE.US,39.2682
2023-12-21,US81369Y5069,XLE.US,39.4218
2023-12-22,US81369Y5069,XLE.US,39.5381
2023-12-26,US81369Y5069,XLE.US,39.8777
2023-12-27,US81369Y5069,XLE.US,39.7009
2023-12-28,US81369Y5069,XLE.US,39.0961
2023-12-29,US81369Y5069,XLE.US,39.0077
2024-01-02,US81369Y5069,XLE.US,39.4264
2024-01-03,US81369Y5069,XLE.US,40.0685
2024-01-04,US81369Y5069,XLE.US,39.3659
2024-01-05,US81369Y5069,XLE.US,39.3985
2024-01-08,US81369Y5069,XLE.US,38.9425
2024-01-09,US81369Y5069,XLE.US,38.3191
2024-01-10,US81369Y5069,XLE.US,37.9422
2024-01-11,US81369Y5069,XLE.US,38.0399
2024-01-12,US81369Y5069,XLE.US,38.468
2024-01-16,US81369Y5069,XLE.US,37.5514
2024-01-17,US81369Y5069,XLE.US,37.2397
2024-01-18,US81369Y5069,XLE.US,37.1792
2024-01-19,US81369Y5069,XLE.US,37.3002
2024-01-22,US81369Y5069,XLE.US,37.4397
2024-01-23,US81369Y5069,XLE.US,37.5188
2024-01-24,US81369Y5069,XLE.US,38.0539
2024-01-25,US81369Y5069,XLE.US,38.91
2024-01-26,US81369Y5069,XLE.US,39.1984
2024-01-29,US81369Y5069,XLE.US,39.1426
2024-01-30,US81369Y5069,XLE.US,39.5474
2024-01-31,US81369Y5069,XLE.US,38.8076
2024-02-01,US81369Y5069,XLE.US,38.803
2024-02-02,US81369Y5069,XLE.US,38.8588
2024-02-05,US81369Y5069,XLE.US,38.7611
2024-02-06,US81369Y5069,XLE.US,38.8867
2024-02-07,US81369Y5069,XLE.US,38.9658
2024-02-08,US81369Y5069,XLE.US,39.3659
2024-02-09,US81369Y5069,XLE.US,38.7611
2024-02-12,US81369Y5069,XLE.US,39.1891
2024-02-13,US81369Y5069,XLE.US,38.7936
2024-02-14,US81369Y5069,XLE.US,38.7564
2024-02-15,US81369Y5069,XLE.US,39.8358
2024-02-16,US81369Y5069,XLE.US,39.8126
2024-02-20,US81369Y5069,XLE.US,39.4497
2024-02-21,US81369Y5069,XLE.US,40.1894
2024-02-22,US81369Y5069,XLE.US,40.2592
2024-02-23,US81369Y5069,XLE.US,39.994
2024-02-26,US81369Y5069,XLE.US,40.1336
2024-02-27,US81369Y5069,XLE.US,39.9615
2024-02-28,US81369Y5069,XLE.US,39.8824
2024-02-29,US81369Y5069,XLE.US,40.0778
2024-03-01,US81369Y5069,XLE.US,40.543
2024-03-04,US81369Y5069,XLE.US,40.1103
2024-03-05,US81369Y5069,XLE.US,40.4081
2024-03-06,US81369Y5069,XLE.US,40.5337
2024-03-07,US81369Y5069,XLE.US,40.878
2024-03-08,US81369Y5069,XLE.US,41.0223
2024-03-11,US81369Y5069,XLE.US,41.4456
2024-03-12,US81369Y5069,XLE.US,41.3805
2024-03-13,US81369Y5069,XLE.US,42.0412
2024-03-14,US81369Y5069,XLE.US,42.4739
2024-03-15,US81369Y5069,XLE.US,42.5995
2024-03-18,US81369Y5069,XLE.US,42.7467
2024-03-19,US81369Y5069,XLE.US,43.2345
2024-03-20,US81369Y5069,XLE.US,43.1736
2024-03-21,US81369Y5069,XLE.US,43.4315
2024-03-22,US81369Y5069,XLE.US,43.3377
2024-03-25,US81369Y5069,XLE.US,43.7411
2024-03-26,US81369Y5069,XLE.US,43.4034
2024-03-27,US81369Y5069,XLE.US,43.8067
2024-03-28,US81369Y5069,XLE.US,44.2805
2024-04-01,US81369Y5069,XLE.US,44.6088
2024-04-02,US81369Y5069,XLE.US,45.2326
2024-04-03,US81369Y5069,XLE.US,45.5421
2024-04-04,US81369Y5069,XLE.US,45.514
2024-04-05,US81369Y5069,XLE.US,46.0018
2024-04-08,US81369Y5069,XLE.US,45.711
2024-04-09,US81369Y5069,XLE.US,45.725
2024-04-10,US81369Y5069,XLE.US,45.8658
2024-04-11,US81369Y5069,XLE.US,45.8329
2024-04-12,US81369Y5069,XLE.US,45.0872
2024-04-15,US81369Y5069,XLE.US,44.6651
2024-04-16,US81369Y5069,XLE.US,44.2758
2024-04-17,US81369Y5069,XLE.US,44.1491
2024-04-18,US81369Y5069,XLE.US,44.0131
2024-04-19,US81369Y5069,XLE.US,44.5431
2024-04-22,US81369Y5069,XLE.US,44.8339
2024-04-23,US81369Y5069,XLE.US,45.0825
2024-04-24,US81369Y5069,XLE.US,45.1153
2024-04-25,US81369Y5069,XLE.US,45.3217
2024-04-26,US81369Y5069,XLE.US,44.9043
2024-04-29,US81369Y5069,XLE.US,45.2091
2024-04-30,US81369Y5069,XLE.US,43.863
2024-05-01,US81369Y5069,XLE.US,43.1642
2024-05-02,US81369Y5069,XLE.US,43.4128
2024-05-03,US81369Y5069,XLE.US,43.4175
2024-05-06,US81369Y5069,XLE.US,43.7598
2024-05-07,US81369Y5069,XLE.US,43.7176
2024-05-08,US81369Y5069,XLE.US,43.666
2024-05-09,US81369Y5069,XLE.US,44.2523
2024-05-10,US81369Y5069,XLE.US,44.0084
2024-05-13,US81369Y5069,XLE.US,43.8912
2024-05-14,US81369Y5069,XLE.US,43.9474
2024-05-15,US81369Y5069,XLE.US,44.0459
2024-05-16,US81369Y5069,XLE.US,43.924
2024-05-17,US81369Y5069,XLE.US,44.5384
2024-05-20,US81369Y5069,XLE.US,44.2476
2024-05-21,US81369Y5069,XLE.US,44.0319
2024-05-22,US81369Y5069,XLE.US,43.1876
2024-05-23,US81369Y5069,XLE.US,42.7937
2024-05-24,US81369Y5069,XLE.US,42.8546
2024-05-28,US81369Y5069,XLE.US,43.2955
2024-05-29,US81369Y5069,XLE.US,42.531
2024-05-30,US81369Y5069,XLE.US,42.6529
2024-05-31,US81369Y5069,XLE.US,43.7129
2024-06-03,US81369Y5069,XLE.US,42.5685
2024-06-04,US81369Y5069,XLE.US,42.1605
2024-06-05,US81369Y5069,XLE.US,42.1558
2024-06-06,US81369Y5069,XLE.US,42.3762
2024-06-07,US81369Y5069,XLE.US,42.2074
2024-06-10,US81369Y5069,XLE.US,42.5263
2024-06-11,US81369Y5069,XLE.US,42.4419
2024-06-12,US81369Y5069,XLE.US,41.9869
2024-06-13,US81369Y5069,XLE.US,41.6023
2024-06-14,US81369Y5069,XLE.US,41.2928
2024-06-17,US81369Y5069,XLE.US,41.4007
2024-06-18,US81369Y5069,XLE.US,41.5742
2024-06-20,US81369Y5069,XLE.US,42.3387
2024-06-21,US81369Y5069,XLE.US,42.0948
2024-06-24,US81369Y5069,XLE.US,43.1561
2024-06-25,US81369Y5069,XLE.US,43.2554
2024-06-26,US81369Y5069,XLE.US,42.8299
2024-06-27,US81369Y5069,XLE.US,42.9292
2024-06-28,US81369Y5069,XLE.US,43.0947
2024-07-01,US81369Y5069,XLE.US,43.1183
2024-07-02,US81369Y5069,XLE.US,43.0852
2024-07-03,US81369Y5069,XLE.US,43.2743
2024-07-05,US81369Y5069,XLE.US,42.5983
2024-07-08,US81369Y5069,XLE.US,42.3382
2024-07-09,US81369Y5069,XLE.US,41.9647
2024-07-10,US81369Y5069,XLE.US,42.2484
2024-07-11,US81369Y5069,XLE.US,42.6881
2024-07-12,US81369Y5069,XLE.US,42.7968
2024-07-15,US81369Y5069,XLE.US,43.4445
2024-07-16,US81369Y5069,XLE.US,43.6384
2024-07-17,US81369Y5069,XLE.US,44.0734
2024-07-18,US81369Y5069,XLE.US,44.1537
2024-07-19,US81369Y5069,XLE.US,43.6715
2024-07-22,US81369Y5069,XLE.US,43.3973
2024-07-23,US81369Y5069,XLE.US,42.707
2024-07-24,US81369Y5069,XLE.US,42.7117
2024-07-25,US81369Y5069,XLE.US,43.4493
2024-07-26,US81369Y5069,XLE.US,43.5864
2024-07-29,US81369Y5069,XLE.US,43.2129
2024-07-30,US81369Y5069,XLE.US,43.8842
2024-07-31,US81369Y5069,XLE.US,44.0686
2024-08-01,US81369Y5069,XLE.US,42.9008
2024-08-02,US81369Y5069,XLE.US,41.7945
2024-08-05,US81369Y5069,XLE.US,40.8726
2024-08-06,US81369Y5069,XLE.US,41.1231
2024-08-07,US81369Y5069,XLE.US,41.2886
2024-08-08,US81369Y5069,XLE.US,42.1775
2024-08-09,US81369Y5069,XLE.US,42.272
2024-08-12,US81369Y5069,XLE.US,42.4801
2024-08-13,US81369Y5069,XLE.US,42.0687
2024-08-14,US81369Y5069,XLE.US,42.3146
2024-08-15,US81369Y5069,XLE.US,42.8205
2024-08-16,US81369Y5069,XLE.US,42.7732
2024-08-19,US81369Y5069,XLE.US,43.0616
2024-08-20,US81369Y5069,XLE.US,41.9269
2024-08-21,US81369Y5069,XLE.US,41.9978
2024-08-22,US81369Y5069,XLE.US,42.1066
2024-08-23,US81369Y5069,XLE.US,42.7354
2024-08-26,US81369Y5069,XLE.US,43.1183
2024-08-27,US81369Y5069,XLE.US,42.7164
2024-08-28,US81369Y5069,XLE.US,42.4422
2024-08-29,US81369Y5069,XLE.US,42.9954
2024-08-30,US81369Y5069,XLE.US,43.1561
2024-09-03,US81369Y5069,XLE.US,42.0829
2024-09-04,US81369Y5069,XLE.US,41.5014
2024-09-05,US81369Y5069,XLE.US,41.1799
2024-09-06,US81369Y5069,XLE.US,40.6645
2024-09-09,US81369Y5069,XLE.US,40.9577
2024-09-10,US81369Y5069,XLE.US,40.2532
2024-09-11,US81369Y5069,XLE.US,39.8797
2024-09-12,US81369Y5069,XLE.US,40.239
2024-09-13,US81369Y5069,XLE.US,40.466
2024-09-16,US81369Y5069,XLE.US,40.9293
2024-09-17,US81369Y5069,XLE.US,41.4825
2024-09-18,US81369Y5069,XLE.US,41.5628
2024-09-19,US81369Y5069,XLE.US,42.0593
2024-09-20,US81369Y5069,XLE.US,41.9647
2024-09-23,US81369Y5069,XLE.US,42.4831
2024-09-24,US81369Y5069,XLE.US,42.3782
2024-09-25,US81369Y5069,XLE.US,41.5488
2024-09-26,US81369Y5069,XLE.US,40.7336
2024-09-27,US81369Y5069,XLE.US,41.5631
2024-09-30,US81369Y5069,XLE.US,41.8539
2024-10-01,US81369Y5069,XLE.US,42.8073
2024-10-02,US81369Y5069,XLE.US,43.2458
2024-10-03,US81369Y5069,XLE.US,44.0085
2024-10-04,US81369Y5069,XLE.US,44.4185
2024-10-07,US81369Y5069,XLE.US,44.5758
2024-10-08,US81369Y5069,XLE.US,43.4127
2024-10-09,US81369Y5069,XLE.US,43.6749
2024-10-10,US81369Y5069,XLE.US,43.9704
2024-10-11,US81369Y5069,XLE.US,44.2421
2024-10-14,US81369Y5069,XLE.US,44.2231
2024-10-15,US81369Y5069,XLE.US,42.7977
2024-10-16,US81369Y5069,XLE.US,43.0027
2024-10-17,US81369Y5069,XLE.US,43.2077
2024-10-18,US81369Y5069,XLE.US,43.0647
2024-10-21,US81369Y5069,XLE.US,42.936
2024-10-22,US81369Y5069,XLE.US,43.0361
2024-10-23,US81369Y5069,XLE.US,42.812
2024-10-24,US81369Y5069,XLE.US,42.8073
2024-10-25,US81369Y5069,XLE.US,42.793
2024-10-28,US81369Y5069,XLE.US,42.5213
2024-10-29,US81369Y5069,XLE.US,41.8729
2024-10-30,US81369Y5069,XLE.US,41.9683
2024-10-31,US81369Y5069,XLE.US,42.2305
2024-11-01,US81369Y5069,XLE.US,41.9635
2024-11-04,US81369Y5069,XLE.US,42.6976
2024-11-05,US81369Y5069,XLE.US,42.9837
2024-11-06,US81369Y5069,XLE.US,44.5996
2024-11-07,US81369Y5069,XLE.US,44.3947
2024-11-08,US81369Y5069,XLE.US,44.6902
2024-11-11,US81369Y5069,XLE.US,44.9429
2024-11-12,US81369Y5069,XLE.US,44.7045
2024-11-13,US81369Y5069,XLE.US,45.0525
2024-11-14,US81369Y5069,XLE.US,45.2241
2024-11-15,US81369Y5069,XLE.US,45.1574
2024-11-18,US81369Y5069,XLE.US,45.758
2024-11-19,US81369Y5069,XLE.US,45.4672
2024-11-20,US81369Y5069,XLE.US,45.9249
2024-11-21,US81369Y5069,XLE.US,46.2967
2024-11-22,US81369Y5069,XLE.US,46.3682
2024-11-25,US81369Y5069,XLE.US,45.4529
2024-11-26,US81369Y5069,XLE.US,45.391
2024-11-27,US81369Y5069,XLE.US,45.3433
2024-11-29,US81369Y5069,XLE.US,45.5387
2024-12-02,US81369Y5069,XLE.US,45.0573
2024-12-03,US81369Y5069,XLE.US,45.0525
2024-12-04,US81369Y5069,XLE.US,43.9656
2024-12-05,US81369Y5069,XLE.US,44.1373
2024-12-06,US81369Y5069,XLE.US,43.3888
2024-12-09,US81369Y5069,XLE.US,43.3173
2024-12-10,US81369Y5069,XLE.US,43.0218
2024-12-11,US81369Y5069,XLE.US,43.0933
2024-12-12,US81369Y5069,XLE.US,42.7453
2024-12-13,US81369Y5069,XLE.US,42.5308
2024-12-16,US81369Y5069,XLE.US,41.5965
2024-12-17,US81369Y5069,XLE.US,41.2866
2024-12-18,US81369Y5069,XLE.US,40.0663
2024-12-19,US81369Y5069,XLE.US,39.7183
2024-12-20,US81369Y5069,XLE.US,40.1092
2024-12-23,US81369Y5069,XLE.US,40.3447
2024-12-24,US81369Y5069,XLE.US,40.686
2024-12-26,US81369Y5069,XLE.US,40.6524
2024-12-27,US81369Y5069,XLE.US,40.6475
2024-12-30,US81369Y5069,XLE.US,40.6427
2024-12-31,US81369Y5069,XLE.US,41.1763
2025-01-02,US81369Y5069,XLE.US,41.657
2025-01-03,US81369Y5069,XLE.US,42.0464
2025-01-06,US81369Y5069,XLE.US,41.8541
2025-01-07,US81369Y5069,XLE.US,42.2723
2025-01-08,US81369Y5069,XLE.US,42.3156
2025-01-10,US81369Y5069,XLE.US,42.4886
2025-01-13,US81369Y5069,XLE.US,43.3827
2025-01-14,US81369Y5069,XLE.US,43.849
2025-01-15,US81369Y5069,XLE.US,44.4979
2025-01-16,US81369Y5069,XLE.US,44.82
2025-01-17,US81369Y5069,XLE.US,45.1661
2025-01-21,US81369Y5069,XLE.US,44.9353
2025-01-22,US81369Y5069,XLE.US,44.1182
2025-01-23,US81369Y5069,XLE.US,44.3201
2025-01-24,US81369Y5069,XLE.US,43.8922
2025-01-27,US81369Y5069,XLE.US,43.4356
2025-01-28,US81369Y5069,XLE.US,43.0222
2025-01-29,US81369Y5069,XLE.US,43.1183
2025-01-30,US81369Y5069,XLE.US,43.3394
2025-01-31,US81369Y5069,XLE.US,42.1281
2025-02-03,US81369Y5069,XLE.US,42.3925
2025-02-04,US81369Y5069,XLE.US,43.2818
2025-02-05,US81369Y5069,XLE.US,43.3731
2025-02-06,US81369Y5069,XLE.US,42.5751
2025-02-07,US81369Y5069,XLE.US,42.5703
2025-02-10,US81369Y5069,XLE.US,43.5077
2025-02-11,US81369Y5069,XLE.US,43.8586
2025-02-12,US81369Y5069,XLE.US,42.8011
2025-02-13,US81369Y5069,XLE.US,43.1231
2025-02-14,US81369Y5069,XLE.US,43.2962
2025-02-18,US81369Y5069,XLE.US,43.8874
2025-02-19,US81369Y5069,XLE.US,44.2335
2025-02-20,US81369Y5069,XLE.US,44.6373
2025-02-21,US81369Y5069,XLE.US,43.7096
2025-02-24,US81369Y5069,XLE.US,43.7192
2025-02-25,US81369Y5069,XLE.US,43.0895
2025-02-26,US81369Y5069,XLE.US,42.8443
2025-02-27,US81369Y5069,XLE.US,43.0751
2025-02-28,US81369Y5069,XLE.US,43.7432
2025-03-03,US81369Y5069,XLE.US,42.2146
2025-03-04,US81369Y5069,XLE.US,41.806
2025-03-05,US81369Y5069,XLE.US,41.1955
2025-03-06,US81369Y5069,XLE.US,41.3205
2025-03-07,US81369Y5069,XLE.US,42.0271
2025-03-10,US81369Y5069,XLE.US,42.3396
2025-03-11,US81369Y5069,XLE.US,42.0031
2025-03-12,US81369Y5069,XLE.US,42.1954
2025-03-13,US81369Y5069,XLE.US,41.907
2025-03-14,US81369Y5069,XLE.US,43.1472
2025-03-17,US81369Y5069,XLE.US,43.8345
2025-03-18,US81369Y5069,XLE.US,43.9067
2025-03-19,US81369Y5069,XLE.US,44.6229
2025-03-20,US81369Y5069,XLE.US,44.7863
2025-03-21,US81369Y5069,XLE.US,44.4739
2025-03-24,US81369Y5069,XLE.US,44.9808
2025-03-25,US81369Y5069,XLE.US,45.1648
2025-03-26,US81369Y5069,XLE.US,45.4313
2025-03-27,US81369Y5069,XLE.US,44.9904
2025-03-28,US81369Y5069,XLE.US,44.7773
2025-03-31,US81369Y5069,XLE.US,45.2714
2025-04-01,US81369Y5069,XLE.US,45.5379
2025-04-02,US81369Y5069,XLE.US,45.6008
2025-04-03,US81369Y5069,XLE.US,42.0208
2025-04-04,US81369Y5069,XLE.US,38.1549
2025-04-07,US81369Y5069,XLE.US,37.9079
2025-04-08,US81369Y5069,XLE.US,37.031
2025-04-09,US81369Y5069,XLE.US,39.8989
2025-04-10,US81369Y5069,XLE.US,37.2926
2025-04-11,US81369Y5069,XLE.US,38.2179
2025-04-14,US81369Y5069,XLE.US,38.3535
2025-04-15,US81369Y5069,XLE.US,38.2954
2025-04-16,US81369Y5069,XLE.US,38.6103
2025-04-17,US81369Y5069,XLE.US,39.4823
2025-04-21,US81369Y5069,XLE.US,38.4504
2025-04-22,US81369Y5069,XLE.US,39.429
2025-04-23,US81369Y5069,XLE.US,39.3563
2025-04-24,US81369Y5069,XLE.US,39.9861
2025-04-25,US81369Y5069,XLE.US,39.9135
2025-04-28,US81369Y5069,XLE.US,40.1944
2025-04-29,US81369Y5069,XLE.US,40.0782
2025-04-30,US81369Y5069,XLE.US,38.9979
2025-05-01,US81369Y5069,XLE.US,39.1432
2025-05-02,US81369Y5069,XLE.US,39.7148
2025-05-05,US81369Y5069,XLE.US,38.9979
2025-05-06,US81369Y5069,XLE.US,39.0075
2025-05-07,US81369Y5069,XLE.US,39.0221
2025-05-08,US81369Y5069,XLE.US,39.5356
2025-05-09,US81369Y5069,XLE.US,39.9328
2025-05-12,US81369Y5069,XLE.US,40.9744
2025-05-13,US81369Y5069,XLE.US,41.5509
2025-05-14,US81369Y5069,XLE.US,41.299
2025-05-15,US81369Y5069,XLE.US,41.4734
2025-05-16,US81369Y5069,XLE.US,41.4104
2025-05-19,US81369Y5069,XLE.US,40.8727
2025-05-20,US81369Y5069,XLE.US,40.4948
2025-05-21,US81369Y5069,XLE.US,39.7487
2025-05-22,US81369Y5069,XLE.US,39.5937
2025-05-23,US81369Y5069,XLE.US,39.7197
2025-05-27,US81369Y5069,XLE.US,40.0636
2025-05-28,US81369Y5069,XLE.US,39.555
2025-05-29,US81369Y5069,XLE.US,39.8505
2025-05-30,US81369Y5069,XLE.US,39.4968
2025-06-02,US81369Y5069,XLE.US,40.0152
2025-06-03,US81369Y5069,XLE.US,40.4899
2025-06-04,US81369Y5069,XLE.US,39.7003
2025-06-05,US81369Y5069,XLE.US,39.6615
2025-06-06,US81369Y5069,XLE.US,40.4076
2025-06-09,US81369Y5069,XLE.US,40.4851
2025-06-10,US81369Y5069,XLE.US,41.2069
2025-06-11,US81369Y5069,XLE.US,41.8028
2025-06-12,US81369Y5069,XLE.US,41.9481
2025-06-13,US81369Y5069,XLE.US,42.6796
2025-06-16,US81369Y5069,XLE.US,42.5537
2025-06-17,US81369Y5069,XLE.US,42.9509
2025-06-18,US81369Y5069,XLE.US,42.67
2025-06-20,US81369Y5069,XLE.US,43.106
2025-06-23,US81369Y5069,XLE.US,42.016
2025-06-24,US81369Y5069,XLE.US,41.469
2025-06-25,US81369Y5069,XLE.US,41.2883
2025-06-26,US81369Y5069,XLE.US,41.8793
2025-06-27,US81369Y5069,XLE.US,41.6595
2025-06-30,US81369Y5069,XLE.US,41.4202
2025-07-01,US81369Y5069,XLE.US,41.7376
2025-07-02,US81369Y5069,XLE.US,42.4555
2025-07-03,US81369Y5069,XLE.US,42.5044
2025-07-07,US81369Y5069,XLE.US,42.0941
2025-07-08,US81369Y5069,XLE.US,43.2272
2025-07-09,US81369Y5069,XLE.US,43.0074
2025-07-10,US81369Y5069,XLE.US,43.3346
2025-07-11,US81369Y5069,XLE.US,43.53
2025-07-14,US81369Y5069,XLE.US,43.0514
2025-07-15,US81369Y5069,XLE.US,42.4311
2025-07-16,US81369Y5069,XLE.US,42.0648
2025-07-17,US81369Y5069,XLE.US,42.3237
2025-07-18,US81369Y5069,XLE.US,41.9818
2025-07-21,US81369Y5069,XLE.US,41.5471
2025-07-22,US81369Y5069,XLE.US,41.7425
2025-07-23,US81369Y5069,XLE.US,42.3969
2025-07-24,US81369Y5069,XLE.US,42.6997
2025-07-25,US81369Y5069,XLE.US,42.5386
2025-07-28,US81369Y5069,XLE.US,43.0221
2025-07-29,US81369Y5069,XLE.US,43.4421
2025-07-30,US81369Y5069,XLE.US,42.8218
2025-07-31,US81369Y5069,XLE.US,42.5923
2025-08-01,US81369Y5069,XLE.US,41.8011
2025-08-04,US81369Y5069,XLE.US,41.7083
2025-08-05,US81369Y5069,XLE.US,41.762
2025-08-06,US81369Y5069,XLE.US,41.3762
2025-08-07,US81369Y5069,XLE.US,41.215
2025-08-08,US81369Y5069,XLE.US,41.4788
2025-08-11,US81369Y5069,XLE.US,41.1467
2025-08-12,US81369Y5069,XLE.US,41.3469
2025-08-13,US81369Y5069,XLE.US,41.8255
2025-08-14,US81369Y5069,XLE.US,41.7865
2025-08-15,US81369Y5069,XLE.US,41.7865
2025-08-18,US81369Y5069,XLE.US,41.5374
2025-08-19,US81369Y5069,XLE.US,41.552
2025-08-20,US81369Y5069,XLE.US,41.8988
2025-08-21,US81369Y5069,XLE.US,42.1869
2025-08-22,US81369Y5069,XLE.US,43.0465
2025-08-25,US81369Y5069,XLE.US,43.1588
2025-08-26,US81369Y5069,XLE.US,43.0905
2025-08-27,US81369Y5069,XLE.US,43.574
2025-08-28,US81369Y5069,XLE.US,43.9061
2025-08-29,US81369Y5069,XLE.US,44.1454
2025-09-02,US81369Y5069,XLE.US,44.2089
2025-09-03,US81369Y5069,XLE.US,43.2174
2025-09-04,US81369Y5069,XLE.US,43.5056
2025-09-05,US81369Y5069,XLE.US,42.6656
2025-09-08,US81369Y5069,XLE.US,42.5679
2025-09-09,US81369Y5069,XLE.US,42.773
2025-09-10,US81369Y5069,XLE.US,43.5202
2025-09-11,US81369Y5069,XLE.US,43.53
2025-09-12,US81369Y5069,XLE.US,43.2712
2025-09-15,US81369Y5069,XLE.US,43.1246
2025-09-16,US81369Y5069,XLE.US,43.8475
2025-09-17,US81369Y5069,XLE.US,43.95
2025-09-18,US81369Y5069,XLE.US,43.8133
2025-09-19,US81369Y5069,XLE.US,43.2321
2025-09-22,US81369Y5069,XLE.US,43.1822
2025-09-23,US81369Y5069,XLE.US,43.926
2025-09-24,US81369Y5069,XLE.US,44.4973
2025-09-25,US81369Y5069,XLE.US,44.8963
2025-09-26,US81369Y5069,XLE.US,45.31
2025-09-29,US81369Y5069,XLE.US,44.4776
2025-09-30,US81369Y5069,XLE.US,44.0048
2025-10-01,US81369Y5069,XLE.US,44.0048
2025-10-02,US81369Y5069,XLE.US,43.5615
2025-10-03,US81369Y5069,XLE.US,43.793
2025-10-06,US81369Y5069,XLE.US,44.0097
2025-10-07,US81369Y5069,XLE.US,44.0787
2025-10-08,US81369Y5069,XLE.US,43.8225
2025-10-09,US81369Y5069,XLE.US,43.2265
2025-10-10,US81369Y5069,XLE.US,41.9755
2025-10-13,US81369Y5069,XLE.US,42.5468
2025-10-14,US81369Y5069,XLE.US,42.5419
2025-10-15,US81369Y5069,XLE.US,42.5173
2025-10-16,US81369Y5069,XLE.US,42.005
2025-10-17,US81369Y5069,XLE.US,42.3498
2025-10-20,US81369Y5069,XLE.US,42.798
2025-10-21,US81369Y5069,XLE.US,42.6995
2025-10-22,US81369Y5069,XLE.US,43.2462
2025-10-23,US81369Y5069,XLE.US,43.8225
2025-10-24,US81369Y5069,XLE.US,43.3792
2025-10-27,US81369Y5069,XLE.US,43.4827
2025-10-28,US81369Y5069,XLE.US,43.0295
2025-10-29,US81369Y5069,XLE.US,43.3497
2025-10-30,US81369Y5069,XLE.US,43.0936
2025-10-31,US81369Y5069,XLE.US,43.4088
2025-11-03,US81369Y5069,XLE.US,43.4137
2025-11-04,US81369Y5069,XLE.US,42.9458
2025-11-05,US81369Y5069,XLE.US,43.0591
2025-11-06,US81369Y5069,XLE.US,43.4777
2025-11-07,US81369Y5069,XLE.US,44.1033
2025-11-10,US81369Y5069,XLE.US,44.5023
2025-11-11,US81369Y5069,XLE.US,45.0835
2025-11-12,US81369Y5069,XLE.US,44.453
2025-11-13,US81369Y5069,XLE.US,44.5663
2025-11-14,US81369Y5069,XLE.US,45.3248
2025-11-17,US81369Y5069,XLE.US,44.4973
2025-11-18,US81369Y5069,XLE.US,44.852
2025-11-19,US81369Y5069,XLE.US,44.2708
2025-11-20,US81369Y5069,XLE.US,43.7683
2025-11-21,US81369Y5069,XLE.US,44.0442
2025-11-24,US81369Y5069,XLE.US,43.921
2025-11-25,US81369Y5069,XLE.US,43.6452
2025-11-26,US81369Y5069,XLE.US,43.9752
2025-11-28,US81369Y5069,XLE.US,44.5515
2025-12-01,US81369Y5069,XLE.US,44.98
2025-12-02,US81369Y5069,XLE.US,44.3988
2025-12-03,US81369Y5069,XLE.US,45.2312
2025-12-04,US81369Y5069,XLE.US,45.4233
2025-12-05,US81369Y5069,XLE.US,45.2362
2025-12-08,US81369Y5069,XLE.US,44.7436
2025-12-09,US81369Y5069,XLE.US,45.0194
2025-12-10,US81369Y5069,XLE.US,45.4923
2025-12-11,US81369Y5069,XLE.US,45.2756
2025-12-12,US81369Y5069,XLE.US,44.8323
2025-12-15,US81369Y5069,XLE.US,44.517
2025-12-16,US81369Y5069,XLE.US,43.1576
2025-12-17,US81369Y5069,XLE.US,44.1131
2025-12-18,US81369Y5069,XLE.US,43.4728
2025-12-19,US81369Y5069,XLE.US,43.4728
2025-12-22,US81369Y5069,XLE.US,43.9229
2025-12-23,US81369Y5069,XLE.US,44.211
2025-12-24,US81369Y5069,XLE.US,44.0818
2025-12-26,US81369Y5069,XLE.US,43.9129
2025-12-29,US81369Y5069,XLE.US,44.3302
2025-12-30,US81369Y5069,XLE.US,44.668
2025-12-31,US81369Y5069,XLE.US,44.4196
2026-01-02,US81369Y5069,XLE.US,45.3535
2026-01-05,US81369Y5069,XLE.US,46.5855
2026-01-06,US81369Y5069,XLE.US,45.3436
2026-01-07,US81369Y5069,XLE.US,44.8369
2026-01-08,US81369Y5069,XLE.US,46.2477
2026-01-09,US81369Y5069,XLE.US,46.3669
2026-01-12,US81369Y5069,XLE.US,46.0391
2026-01-13,US81369Y5069,XLE.US,46.6948
2026-01-14,US81369Y5069,XLE.US,47.7479
2026-01-15,US81369Y5069,XLE.US,47.3008
2026-01-16,US81369Y5069,XLE.US,47.3803
2026-01-20,US81369Y5069,XLE.US,47.2909
2026-01-21,US81369Y5069,XLE.US,48.4334
2026-01-22,US81369Y5069,XLE.US,48.5924
2026-01-23,US81369Y5069,XLE.US,48.8705
2026-01-26,US81369Y5069,XLE.US,48.9003
2026-01-27,US81369Y5069,XLE.US,49.3474
2026-01-28,US81369Y5069,XLE.US,49.725
2026-01-29,US81369Y5069,XLE.US,50.182
2026-01-30,US81369Y5069,XLE.US,50.7185
2026-02-02,US81369Y5069,XLE.US,49.725
2026-02-03,US81369Y5069,XLE.US,51.3344
2026-02-04,US81369Y5069,XLE.US,52.4869
2026-02-05,US81369Y5069,XLE.US,51.8709
2026-02-06,US81369Y5069,XLE.US,52.9042
2026-02-09,US81369Y5069,XLE.US,53.2916
2026-02-10,US81369Y5069,XLE.US,53.232
2026-02-11,US81369Y5069,XLE.US,54.6229
2026-02-12,US81369Y5069,XLE.US,53.6294
2026-02-13,US81369Y5069,XLE.US,53.997
2026-02-17,US81369Y5069,XLE.US,53.4009
2026-02-18,US81369Y5069,XLE.US,54.4242
2026-02-19,US81369Y5069,XLE.US,54.8216
2026-02-20,US81369Y5069,XLE.US,54.5236
2026-02-23,US81369Y5069,XLE.US,54.7918
2026-02-24,US81369Y5069,XLE.US,54.7422
2026-02-25,US81369Y5069,XLE.US,54.5137
2026-02-26,US81369Y5069,XLE.US,54.6925
2026-02-27,US81369Y5069,XLE.US,55.5568
2026-03-02,US81369Y5069,XLE.US,56.6696
2026-03-03,US81369Y5069,XLE.US,56.1529
2026-03-04,US81369Y5069,XLE.US,55.8251
2026-03-05,US81369Y5069,XLE.US,56.1132
2026-03-06,US81369Y5069,XLE.US,56.2026
2026-03-09,US81369Y5069,XLE.US,55.9542
2026-03-10,US81369Y5069,XLE.US,55.2389
2026-03-11,US81369Y5069,XLE.US,56.61
2026-03-12,US81369Y5069,XLE.US,57.1365
2026-03-13,US81369Y5069,XLE.US,57.3253
2026-03-16,US81369Y5069,XLE.US,57.524
2026-03-17,US81369Y5069,XLE.US,58.13
2026-03-18,US81369Y5069,XLE.US,58.0505
2026-03-19,US81369Y5069,XLE.US,58.9745
2026-03-20,US81369Y5069,XLE.US,58.9248
2026-03-23,US81369Y5069,XLE.US,59.63
2026-03-24,US81369Y5069,XLE.US,60.84
2026-03-25,US81369Y5069,XLE.US,60.57
2026-03-26,US81369Y5069,XLE.US,61.52
2026-03-27,US81369Y5069,XLE.US,62.56
2026-03-30,US81369Y5069,XLE.US,61.96
2026-03-31,US81369Y5069,XLE.US,61.26
2026-04-01,US81369Y5069,XLE.US,58.97
2026-04-02,US81369Y5069,XLE.US,59.25
2026-04-06,US81369Y5069,XLE.US,59.68
2026-04-07,US81369Y5069,XLE.US,60.16
2026-04-08,US81369Y5069,XLE.US,58.05
2026-04-09,US81369Y5069,XLE.US,57.33
2026-04-10,US81369Y5069,XLE.US,56.94
2026-04-13,US81369Y5069,XLE.US,57.11
2026-04-14,US81369Y5069,XLE.US,55.95
2026-04-15,US81369Y5069,XLE.US,55.76
2026-04-16,US81369Y5069,XLE.US,56.58
2026-04-17,US81369Y5069,XLE.US,55.02
2026-04-20,US81369Y5069,XLE.US,55.07
2026-04-21,US81369Y5069,XLE.US,55.87
2026-04-22,US81369Y5069,XLE.US,56.54
2026-04-23,US81369Y5069,XLE.US,56.98
2026-04-24,US81369Y5069,XLE.US,56.87
2023-04-27,US81369Y6059,XLF.US,31.2292
2023-04-28,US81369Y6059,XLF.US,31.6008
2023-05-01,US81369Y6059,XLF.US,31.515
2023-05-02,US81369Y6059,XLF.US,30.8005
2023-05-03,US81369Y6059,XLF.US,30.448
2023-05-04,US81369Y6059,XLF.US,30.0574
2023-05-05,US81369Y6059,XLF.US,30.8005
2023-05-08,US81369Y6059,XLF.US,30.8481
2023-05-09,US81369Y6059,XLF.US,30.7338
2023-05-10,US81369Y6059,XLF.US,30.5623
2023-05-11,US81369Y6059,XLF.US,30.5147
2023-05-12,US81369Y6059,XLF.US,30.3908
2023-05-15,US81369Y6059,XLF.US,30.6385
2023-05-16,US81369Y6059,XLF.US,30.3527
2023-05-17,US81369Y6059,XLF.US,30.9625
2023-05-18,US81369Y6059,XLF.US,31.1911
2023-05-19,US81369Y6059,XLF.US,31.0577
2023-05-22,US81369Y6059,XLF.US,31.1149
2023-05-23,US81369Y6059,XLF.US,30.7529
2023-05-24,US81369Y6059,XLF.US,30.3527
2023-05-25,US81369Y6059,XLF.US,30.3432
2023-05-26,US81369Y6059,XLF.US,30.5909
2023-05-30,US81369Y6059,XLF.US,30.5814
2023-05-31,US81369Y6059,XLF.US,30.2575
2023-06-01,US81369Y6059,XLF.US,30.5814
2023-06-02,US81369Y6059,XLF.US,31.2483
2023-06-05,US81369Y6059,XLF.US,31.0863
2023-06-06,US81369Y6059,XLF.US,31.4769
2023-06-07,US81369Y6059,XLF.US,31.6008
2023-06-08,US81369Y6059,XLF.US,31.5722
2023-06-09,US81369Y6059,XLF.US,31.5817
2023-06-12,US81369Y6059,XLF.US,31.5722
2023-06-13,US81369Y6059,XLF.US,31.7627
2023-06-14,US81369Y6059,XLF.US,31.6389
2023-06-15,US81369Y6059,XLF.US,32.0581
2023-06-16,US81369Y6059,XLF.US,31.9914
2023-06-20,US81369Y6059,XLF.US,31.7538
2023-06-21,US81369Y6059,XLF.US,31.7156
2023-06-22,US81369Y6059,XLF.US,31.4667
2023-06-23,US81369Y6059,XLF.US,31.3328
2023-06-26,US81369Y6059,XLF.US,31.2658
2023-06-27,US81369Y6059,XLF.US,31.5146
2023-06-28,US81369Y6059,XLF.US,31.438
2023-06-29,US81369Y6059,XLF.US,31.9835
2023-06-30,US81369Y6059,XLF.US,32.2611
2023-07-03,US81369Y6059,XLF.US,32.4429
2023-07-05,US81369Y6059,XLF.US,32.3759
2023-07-06,US81369Y6059,XLF.US,32.0984
2023-07-07,US81369Y6059,XLF.US,32.1462
2023-07-10,US81369Y6059,XLF.US,32.2898
2023-07-11,US81369Y6059,XLF.US,32.6726
2023-07-12,US81369Y6059,XLF.US,32.8831
2023-07-13,US81369Y6059,XLF.US,32.998
2023-07-14,US81369Y6059,XLF.US,32.7778
2023-07-17,US81369Y6059,XLF.US,33.0937
2023-07-18,US81369Y6059,XLF.US,33.4669
2023-07-19,US81369Y6059,XLF.US,33.6105
2023-07-20,US81369Y6059,XLF.US,33.8593
2023-07-21,US81369Y6059,XLF.US,33.7444
2023-07-24,US81369Y6059,XLF.US,34.0698
2023-07-25,US81369Y6059,XLF.US,33.8497
2023-07-26,US81369Y6059,XLF.US,34.0507
2023-07-27,US81369Y6059,XLF.US,33.62
2023-07-28,US81369Y6059,XLF.US,33.687
2023-07-31,US81369Y6059,XLF.US,33.8114
2023-08-01,US81369Y6059,XLF.US,33.8114
2023-08-02,US81369Y6059,XLF.US,33.5243
2023-08-03,US81369Y6059,XLF.US,33.5435
2023-08-04,US81369Y6059,XLF.US,33.4095
2023-08-07,US81369Y6059,XLF.US,33.8784
2023-08-08,US81369Y6059,XLF.US,33.5722
2023-08-09,US81369Y6059,XLF.US,33.3233
2023-08-10,US81369Y6059,XLF.US,33.3521
2023-08-11,US81369Y6059,XLF.US,33.419
2023-08-14,US81369Y6059,XLF.US,33.3521
2023-08-15,US81369Y6059,XLF.US,32.7396
2023-08-16,US81369Y6059,XLF.US,32.6917
2023-08-17,US81369Y6059,XLF.US,32.529
2023-08-18,US81369Y6059,XLF.US,32.5195
2023-08-21,US81369Y6059,XLF.US,32.4812
2023-08-22,US81369Y6059,XLF.US,32.1749
2023-08-23,US81369Y6059,XLF.US,32.4907
2023-08-24,US81369Y6059,XLF.US,32.3759
2023-08-25,US81369Y6059,XLF.US,32.529
2023-08-28,US81369Y6059,XLF.US,32.7109
2023-08-29,US81369Y6059,XLF.US,33.0075
2023-08-30,US81369Y6059,XLF.US,33.0267
2023-08-31,US81369Y6059,XLF.US,32.9023
2023-09-01,US81369Y6059,XLF.US,33.1989
2023-09-05,US81369Y6059,XLF.US,32.864
2023-09-06,US81369Y6059,XLF.US,32.8448
2023-09-07,US81369Y6059,XLF.US,32.7587
2023-09-08,US81369Y6059,XLF.US,32.8257
2023-09-11,US81369Y6059,XLF.US,32.9788
2023-09-12,US81369Y6059,XLF.US,33.1989
2023-09-13,US81369Y6059,XLF.US,33.1989
2023-09-14,US81369Y6059,XLF.US,33.5052
2023-09-15,US81369Y6059,XLF.US,33.3329
2023-09-18,US81369Y6059,XLF.US,33.4242
2023-09-19,US81369Y6059,XLF.US,33.3858
2023-09-20,US81369Y6059,XLF.US,33.1551
2023-09-21,US81369Y6059,XLF.US,32.6071
2023-09-22,US81369Y6059,XLF.US,32.3572
2023-09-25,US81369Y6059,XLF.US,32.4341
2023-09-26,US81369Y6059,XLF.US,32.0015
2023-09-27,US81369Y6059,XLF.US,31.9535
2023-09-28,US81369Y6059,XLF.US,32.1842
2023-09-29,US81369Y6059,XLF.US,31.8862
2023-10-02,US81369Y6059,XLF.US,31.617
2023-10-03,US81369Y6059,XLF.US,31.1171
2023-10-04,US81369Y6059,XLF.US,31.3478
2023-10-05,US81369Y6059,XLF.US,31.492
2023-10-06,US81369Y6059,XLF.US,31.7612
2023-10-09,US81369Y6059,XLF.US,31.7804
2023-10-10,US81369Y6059,XLF.US,32.0111
2023-10-11,US81369Y6059,XLF.US,32.0592
2023-10-12,US81369Y6059,XLF.US,31.8573
2023-10-13,US81369Y6059,XLF.US,31.9246
2023-10-16,US81369Y6059,XLF.US,32.2611
2023-10-17,US81369Y6059,XLF.US,32.4149
2023-10-18,US81369Y6059,XLF.US,31.8573
2023-10-19,US81369Y6059,XLF.US,31.4344
2023-10-20,US81369Y6059,XLF.US,30.9537
2023-10-23,US81369Y6059,XLF.US,30.7615
2023-10-24,US81369Y6059,XLF.US,30.9729
2023-10-25,US81369Y6059,XLF.US,30.8576
2023-10-26,US81369Y6059,XLF.US,30.7903
2023-10-27,US81369Y6059,XLF.US,30.2327
2023-10-30,US81369Y6059,XLF.US,30.7711
2023-10-31,US81369Y6059,XLF.US,31.1075
2023-11-01,US81369Y6059,XLF.US,31.3094
2023-11-02,US81369Y6059,XLF.US,32.0496
2023-11-03,US81369Y6059,XLF.US,32.4726
2023-11-06,US81369Y6059,XLF.US,32.3764
2023-11-07,US81369Y6059,XLF.US,32.3284
2023-11-08,US81369Y6059,XLF.US,32.3668
2023-11-09,US81369Y6059,XLF.US,32.2322
2023-11-10,US81369Y6059,XLF.US,32.5975
2023-11-13,US81369Y6059,XLF.US,32.5495
2023-11-14,US81369Y6059,XLF.US,33.1647
2023-11-15,US81369Y6059,XLF.US,33.3473
2023-11-16,US81369Y6059,XLF.US,33.4819
2023-11-17,US81369Y6059,XLF.US,33.655
2023-11-20,US81369Y6059,XLF.US,33.7895
2023-11-21,US81369Y6059,XLF.US,33.7703
2023-11-22,US81369Y6059,XLF.US,33.9049
2023-11-24,US81369Y6059,XLF.US,34.0106
2023-11-27,US81369Y6059,XLF.US,33.8953
2023-11-28,US81369Y6059,XLF.US,33.8857
2023-11-29,US81369Y6059,XLF.US,34.126
2023-11-30,US81369Y6059,XLF.US,34.5105
2023-12-01,US81369Y6059,XLF.US,34.7701
2023-12-04,US81369Y6059,XLF.US,34.7316
2023-12-05,US81369Y6059,XLF.US,34.5586
2023-12-06,US81369Y6059,XLF.US,34.3855
2023-12-07,US81369Y6059,XLF.US,34.549
2023-12-08,US81369Y6059,XLF.US,34.7316
2023-12-11,US81369Y6059,XLF.US,34.9431
2023-12-12,US81369Y6059,XLF.US,35.193
2023-12-13,US81369Y6059,XLF.US,35.7602
2023-12-14,US81369Y6059,XLF.US,36.1159
2023-12-15,US81369Y6059,XLF.US,35.9044
2023-12-18,US81369Y6059,XLF.US,36.0242
2023-12-19,US81369Y6059,XLF.US,36.2947
2023-12-20,US81369Y6059,XLF.US,35.6474
2023-12-21,US81369Y6059,XLF.US,35.9952
2023-12-22,US81369Y6059,XLF.US,36.0725
2023-12-26,US81369Y6059,XLF.US,36.2174
2023-12-27,US81369Y6059,XLF.US,36.3333
2023-12-28,US81369Y6059,XLF.US,36.4396
2023-12-29,US81369Y6059,XLF.US,36.3237
2024-01-02,US81369Y6059,XLF.US,36.4782
2024-01-03,US81369Y6059,XLF.US,36.1691
2024-01-04,US81369Y6059,XLF.US,36.314
2024-01-05,US81369Y6059,XLF.US,36.4686
2024-01-08,US81369Y6059,XLF.US,36.7004
2024-01-09,US81369Y6059,XLF.US,36.4686
2024-01-10,US81369Y6059,XLF.US,36.5265
2024-01-11,US81369Y6059,XLF.US,36.3913
2024-01-12,US81369Y6059,XLF.US,36.3237
2024-01-16,US81369Y6059,XLF.US,36.0725
2024-01-17,US81369Y6059,XLF.US,36.0049
2024-01-18,US81369Y6059,XLF.US,36.0628
2024-01-19,US81369Y6059,XLF.US,36.6424
2024-01-22,US81369Y6059,XLF.US,36.8163
2024-01-23,US81369Y6059,XLF.US,36.8743
2024-01-24,US81369Y6059,XLF.US,37.0192
2024-01-25,US81369Y6059,XLF.US,37.2028
2024-01-26,US81369Y6059,XLF.US,37.338
2024-01-29,US81369Y6059,XLF.US,37.4346
2024-01-30,US81369Y6059,XLF.US,37.908
2024-01-31,US81369Y6059,XLF.US,37.4443
2024-02-01,US81369Y6059,XLF.US,37.5022
2024-02-02,US81369Y6059,XLF.US,37.6568
2024-02-05,US81369Y6059,XLF.US,37.4346
2024-02-06,US81369Y6059,XLF.US,37.5119
2024-02-07,US81369Y6059,XLF.US,37.7921
2024-02-08,US81369Y6059,XLF.US,37.6471
2024-02-09,US81369Y6059,XLF.US,37.7534
2024-02-12,US81369Y6059,XLF.US,37.9273
2024-02-13,US81369Y6059,XLF.US,37.4153
2024-02-14,US81369Y6059,XLF.US,37.7727
2024-02-15,US81369Y6059,XLF.US,38.42
2024-02-16,US81369Y6059,XLF.US,38.2847
2024-02-20,US81369Y6059,XLF.US,38.1785
2024-02-21,US81369Y6059,XLF.US,38.2944
2024-02-22,US81369Y6059,XLF.US,38.7388
2024-02-23,US81369Y6059,XLF.US,38.932
2024-02-26,US81369Y6059,XLF.US,38.7388
2024-02-27,US81369Y6059,XLF.US,38.8451
2024-02-28,US81369Y6059,XLF.US,38.99
2024-02-29,US81369Y6059,XLF.US,38.9706
2024-03-01,US81369Y6059,XLF.US,38.9223
2024-03-04,US81369Y6059,XLF.US,39.0189
2024-03-05,US81369Y6059,XLF.US,39.0286
2024-03-06,US81369Y6059,XLF.US,39.2315
2024-03-07,US81369Y6059,XLF.US,39.1735
2024-03-08,US81369Y6059,XLF.US,39.2411
2024-03-11,US81369Y6059,XLF.US,39.3088
2024-03-12,US81369Y6059,XLF.US,39.473
2024-03-13,US81369Y6059,XLF.US,39.7628
2024-03-14,US81369Y6059,XLF.US,39.444
2024-03-15,US81369Y6059,XLF.US,39.4054
2024-03-18,US81369Y6059,XLF.US,39.6313
2024-03-19,US81369Y6059,XLF.US,39.8252
2024-03-20,US81369Y6059,XLF.US,40.3004
2024-03-21,US81369Y6059,XLF.US,40.6301
2024-03-22,US81369Y6059,XLF.US,40.1646
2024-03-25,US81369Y6059,XLF.US,40.0095
2024-03-26,US81369Y6059,XLF.US,40.1452
2024-03-27,US81369Y6059,XLF.US,40.6204
2024-03-28,US81369Y6059,XLF.US,40.8434
2024-04-01,US81369Y6059,XLF.US,40.6204
2024-04-02,US81369Y6059,XLF.US,40.4071
2024-04-03,US81369Y6059,XLF.US,40.3877
2024-04-04,US81369Y6059,XLF.US,39.9319
2024-04-05,US81369Y6059,XLF.US,40.3101
2024-04-08,US81369Y6059,XLF.US,40.4846
2024-04-09,US81369Y6059,XLF.US,40.2519
2024-04-10,US81369Y6059,XLF.US,39.6507
2024-04-11,US81369Y6059,XLF.US,39.3695
2024-04-12,US81369Y6059,XLF.US,38.8459
2024-04-15,US81369Y6059,XLF.US,38.6519
2024-04-16,US81369Y6059,XLF.US,38.3901
2024-04-17,US81369Y6059,XLF.US,38.4871
2024-04-18,US81369Y6059,XLF.US,38.6228
2024-04-19,US81369Y6059,XLF.US,39.1562
2024-04-22,US81369Y6059,XLF.US,39.6313
2024-04-23,US81369Y6059,XLF.US,39.8834
2024-04-24,US81369Y6059,XLF.US,39.8737
2024-04-25,US81369Y6059,XLF.US,39.641
2024-04-26,US81369Y6059,XLF.US,39.5828
2024-04-29,US81369Y6059,XLF.US,39.5246
2024-04-30,US81369Y6059,XLF.US,39.1368
2024-05-01,US81369Y6059,XLF.US,39.1368
2024-05-02,US81369Y6059,XLF.US,39.2337
2024-05-03,US81369Y6059,XLF.US,39.321
2024-05-06,US81369Y6059,XLF.US,39.8252
2024-05-07,US81369Y6059,XLF.US,39.961
2024-05-08,US81369Y6059,XLF.US,40.1065
2024-05-09,US81369Y6059,XLF.US,40.4071
2024-05-10,US81369Y6059,XLF.US,40.5622
2024-05-13,US81369Y6059,XLF.US,40.3974
2024-05-14,US81369Y6059,XLF.US,40.601
2024-05-15,US81369Y6059,XLF.US,40.9016
2024-05-16,US81369Y6059,XLF.US,40.9016
2024-05-17,US81369Y6059,XLF.US,41.2022
2024-05-20,US81369Y6059,XLF.US,40.6398
2024-05-21,US81369Y6059,XLF.US,40.9016
2024-05-22,US81369Y6059,XLF.US,40.6689
2024-05-23,US81369Y6059,XLF.US,40.1065
2024-05-24,US81369Y6059,XLF.US,40.3489
2024-05-28,US81369Y6059,XLF.US,39.9028
2024-05-29,US81369Y6059,XLF.US,39.5828
2024-05-30,US81369Y6059,XLF.US,39.7961
2024-05-31,US81369Y6059,XLF.US,40.378
2024-06-03,US81369Y6059,XLF.US,40.1258
2024-06-04,US81369Y6059,XLF.US,39.9416
2024-06-05,US81369Y6059,XLF.US,40.058
2024-06-06,US81369Y6059,XLF.US,40.0386
2024-06-07,US81369Y6059,XLF.US,40.2228
2024-06-10,US81369Y6059,XLF.US,40.0677
2024-06-11,US81369Y6059,XLF.US,39.6119
2024-06-12,US81369Y6059,XLF.US,39.5731
2024-06-13,US81369Y6059,XLF.US,39.544
2024-06-14,US81369Y6059,XLF.US,39.418
2024-06-17,US81369Y6059,XLF.US,39.7671
2024-06-18,US81369Y6059,XLF.US,40.0192
2024-06-20,US81369Y6059,XLF.US,40.2325
2024-06-21,US81369Y6059,XLF.US,40.0774
2024-06-24,US81369Y6059,XLF.US,40.4892
2024-06-25,US81369Y6059,XLF.US,40.1874
2024-06-26,US81369Y6059,XLF.US,39.9343
2024-06-27,US81369Y6059,XLF.US,39.8856
2024-06-28,US81369Y6059,XLF.US,40.0219
2024-07-01,US81369Y6059,XLF.US,40.1095
2024-07-02,US81369Y6059,XLF.US,40.5768
2024-07-03,US81369Y6059,XLF.US,40.4502
2024-07-05,US81369Y6059,XLF.US,40.4405
2024-07-08,US81369Y6059,XLF.US,40.3334
2024-07-09,US81369Y6059,XLF.US,40.6449
2024-07-10,US81369Y6059,XLF.US,40.8007
2024-07-11,US81369Y6059,XLF.US,41.122
2024-07-12,US81369Y6059,XLF.US,41.2583
2024-07-15,US81369Y6059,XLF.US,41.8618
2024-07-16,US81369Y6059,XLF.US,42.3389
2024-07-17,US81369Y6059,XLF.US,42.6601
2024-07-18,US81369Y6059,XLF.US,42.1442
2024-07-19,US81369Y6059,XLF.US,41.7158
2024-07-22,US81369Y6059,XLF.US,41.9495
2024-07-23,US81369Y6059,XLF.US,42.0273
2024-07-24,US81369Y6059,XLF.US,41.453
2024-07-25,US81369Y6059,XLF.US,41.6087
2024-07-26,US81369Y6059,XLF.US,42.261
2024-07-29,US81369Y6059,XLF.US,42.2026
2024-07-30,US81369Y6059,XLF.US,42.6893
2024-07-31,US81369Y6059,XLF.US,42.5823
2024-08-01,US81369Y6059,XLF.US,41.9787
2024-08-02,US81369Y6059,XLF.US,40.9467
2024-08-05,US81369Y6059,XLF.US,39.759
2024-08-06,US81369Y6059,XLF.US,40.4015
2024-08-07,US81369Y6059,XLF.US,40.4502
2024-08-08,US81369Y6059,XLF.US,41.1025
2024-08-09,US81369Y6059,XLF.US,41.2777
2024-08-12,US81369Y6059,XLF.US,41.0635
2024-08-13,US81369Y6059,XLF.US,41.4043
2024-08-14,US81369Y6059,XLF.US,41.9105
2024-08-15,US81369Y6059,XLF.US,42.2999
2024-08-16,US81369Y6059,XLF.US,42.6115
2024-08-19,US81369Y6059,XLF.US,42.8451
2024-08-20,US81369Y6059,XLF.US,42.7088
2024-08-21,US81369Y6059,XLF.US,42.6407
2024-08-22,US81369Y6059,XLF.US,42.8841
2024-08-23,US81369Y6059,XLF.US,43.254
2024-08-26,US81369Y6059,XLF.US,43.3903
2024-08-27,US81369Y6059,XLF.US,43.6142
2024-08-28,US81369Y6059,XLF.US,43.7213
2024-08-29,US81369Y6059,XLF.US,44.1107
2024-08-30,US81369Y6059,XLF.US,44.5293
2024-09-03,US81369Y6059,XLF.US,44.1983
2024-09-04,US81369Y6059,XLF.US,44.247
2024-09-05,US81369Y6059,XLF.US,43.7602
2024-09-06,US81369Y6059,XLF.US,43.1177
2024-09-09,US81369Y6059,XLF.US,43.7602
2024-09-10,US81369Y6059,XLF.US,43.3124
2024-09-11,US81369Y6059,XLF.US,43.108
2024-09-12,US81369Y6059,XLF.US,43.2053
2024-09-13,US81369Y6059,XLF.US,43.3319
2024-09-16,US81369Y6059,XLF.US,43.8965
2024-09-17,US81369Y6059,XLF.US,44.1302
2024-09-18,US81369Y6059,XLF.US,43.9939
2024-09-19,US81369Y6059,XLF.US,44.4806
2024-09-20,US81369Y6059,XLF.US,44.4514
2024-09-23,US81369Y6059,XLF.US,44.3977
2024-09-24,US81369Y6059,XLF.US,44.0264
2024-09-25,US81369Y6059,XLF.US,43.7626
2024-09-26,US81369Y6059,XLF.US,43.9873
2024-09-27,US81369Y6059,XLF.US,44.1143
2024-09-30,US81369Y6059,XLF.US,44.2805
2024-10-01,US81369Y6059,XLF.US,44.046
2024-10-02,US81369Y6059,XLF.US,44.0948
2024-10-03,US81369Y6059,XLF.US,43.8603
2024-10-04,US81369Y6059,XLF.US,44.6029
2024-10-07,US81369Y6059,XLF.US,44.0557
2024-10-08,US81369Y6059,XLF.US,44.3098
2024-10-09,US81369Y6059,XLF.US,44.7201
2024-10-10,US81369Y6059,XLF.US,44.5833
2024-10-11,US81369Y6059,XLF.US,45.4432
2024-10-14,US81369Y6059,XLF.US,45.7265
2024-10-15,US81369Y6059,XLF.US,45.8242
2024-10-16,US81369Y6059,XLF.US,46.3909
2024-10-17,US81369Y6059,XLF.US,46.5179
2024-10-18,US81369Y6059,XLF.US,46.5277
2024-10-21,US81369Y6059,XLF.US,46.1564
2024-10-22,US81369Y6059,XLF.US,46.0685
2024-10-23,US81369Y6059,XLF.US,46.0294
2024-10-24,US81369Y6059,XLF.US,46.0685
2024-10-25,US81369Y6059,XLF.US,45.5604
2024-10-28,US81369Y6059,XLF.US,46.1271
2024-10-29,US81369Y6059,XLF.US,45.8437
2024-10-30,US81369Y6059,XLF.US,46.0489
2024-10-31,US81369Y6059,XLF.US,45.4138
2024-11-01,US81369Y6059,XLF.US,45.5702
2024-11-04,US81369Y6059,XLF.US,45.2184
2024-11-05,US81369Y6059,XLF.US,45.6386
2024-11-06,US81369Y6059,XLF.US,48.4134
2024-11-07,US81369Y6059,XLF.US,47.6318
2024-11-08,US81369Y6059,XLF.US,48.0617
2024-11-11,US81369Y6059,XLF.US,48.7456
2024-11-12,US81369Y6059,XLF.US,48.5991
2024-11-13,US81369Y6059,XLF.US,48.6284
2024-11-14,US81369Y6059,XLF.US,48.5014
2024-11-15,US81369Y6059,XLF.US,48.7261
2024-11-18,US81369Y6059,XLF.US,48.8726
2024-11-19,US81369Y6059,XLF.US,48.5502
2024-11-20,US81369Y6059,XLF.US,48.4037
2024-11-21,US81369Y6059,XLF.US,49.0192
2024-11-22,US81369Y6059,XLF.US,49.5664
2024-11-25,US81369Y6059,XLF.US,49.8888
2024-11-26,US81369Y6059,XLF.US,49.9865
2024-11-27,US81369Y6059,XLF.US,50.0842
2024-11-29,US81369Y6059,XLF.US,50.1624
2024-12-02,US81369Y6059,XLF.US,49.6641
2024-12-03,US81369Y6059,XLF.US,49.2928
2024-12-04,US81369Y6059,XLF.US,49.1071
2024-12-05,US81369Y6059,XLF.US,49.2537
2024-12-06,US81369Y6059,XLF.US,49.2439
2024-12-09,US81369Y6059,XLF.US,48.5698
2024-12-10,US81369Y6059,XLF.US,48.56
2024-12-11,US81369Y6059,XLF.US,48.6577
2024-12-12,US81369Y6059,XLF.US,48.4427
2024-12-13,US81369Y6059,XLF.US,48.4037
2024-12-16,US81369Y6059,XLF.US,48.3157
2024-12-17,US81369Y6059,XLF.US,47.9737
2024-12-18,US81369Y6059,XLF.US,46.5375
2024-12-19,US81369Y6059,XLF.US,46.7036
2024-12-20,US81369Y6059,XLF.US,47.3973
2024-12-23,US81369Y6059,XLF.US,47.5111
2024-12-24,US81369Y6059,XLF.US,48.0704
2024-12-26,US81369Y6059,XLF.US,48.1881
2024-12-27,US81369Y6059,XLF.US,47.8349
2024-12-30,US81369Y6059,XLF.US,47.3737
2024-12-31,US81369Y6059,XLF.US,47.4228
2025-01-02,US81369Y6059,XLF.US,47.305
2025-01-03,US81369Y6059,XLF.US,47.6779
2025-01-06,US81369Y6059,XLF.US,47.5307
2025-01-07,US81369Y6059,XLF.US,47.4228
2025-01-08,US81369Y6059,XLF.US,47.5798
2025-01-10,US81369Y6059,XLF.US,46.4317
2025-01-13,US81369Y6059,XLF.US,46.7654
2025-01-14,US81369Y6059,XLF.US,47.3443
2025-01-15,US81369Y6059,XLF.US,48.5512
2025-01-16,US81369Y6059,XLF.US,48.875
2025-01-17,US81369Y6059,XLF.US,49.2871
2025-01-21,US81369Y6059,XLF.US,49.6992
2025-01-22,US81369Y6059,XLF.US,49.4637
2025-01-23,US81369Y6059,XLF.US,49.7483
2025-01-24,US81369Y6059,XLF.US,49.8955
2025-01-27,US81369Y6059,XLF.US,50.445
2025-01-28,US81369Y6059,XLF.US,50.3567
2025-01-29,US81369Y6059,XLF.US,50.3174
2025-01-30,US81369Y6059,XLF.US,50.7982
2025-01-31,US81369Y6059,XLF.US,50.5038
2025-02-03,US81369Y6059,XLF.US,50.2978
2025-02-04,US81369Y6059,XLF.US,50.18
2025-02-05,US81369Y6059,XLF.US,50.7099
2025-02-06,US81369Y6059,XLF.US,51.1318
2025-02-07,US81369Y6059,XLF.US,50.8473
2025-02-10,US81369Y6059,XLF.US,50.445
2025-02-11,US81369Y6059,XLF.US,50.5725
2025-02-12,US81369Y6059,XLF.US,50.3959
2025-02-13,US81369Y6059,XLF.US,50.7295
2025-02-14,US81369Y6059,XLF.US,50.8277
2025-02-18,US81369Y6059,XLF.US,51.1907
2025-02-19,US81369Y6059,XLF.US,51.2103
2025-02-20,US81369Y6059,XLF.US,50.4254
2025-02-21,US81369Y6059,XLF.US,49.7974
2025-02-24,US81369Y6059,XLF.US,50.0132
2025-02-25,US81369Y6059,XLF.US,50.0034
2025-02-26,US81369Y6059,XLF.US,49.8955
2025-02-27,US81369Y6059,XLF.US,50.1702
2025-02-28,US81369Y6059,XLF.US,51.2005
2025-03-03,US81369Y6059,XLF.US,50.7688
2025-03-04,US81369Y6059,XLF.US,48.9829
2025-03-05,US81369Y6059,XLF.US,49.2675
2025-03-06,US81369Y6059,XLF.US,48.4531
2025-03-07,US81369Y6059,XLF.US,48.198
2025-03-10,US81369Y6059,XLF.US,47.1186
2025-03-11,US81369Y6059,XLF.US,46.7163
2025-03-12,US81369Y6059,XLF.US,46.785
2025-03-13,US81369Y6059,XLF.US,46.5299
2025-03-14,US81369Y6059,XLF.US,47.6092
2025-03-17,US81369Y6059,XLF.US,48.1685
2025-03-18,US81369Y6059,XLF.US,48.1097
2025-03-19,US81369Y6059,XLF.US,48.6395
2025-03-20,US81369Y6059,XLF.US,48.7082
2025-03-21,US81369Y6059,XLF.US,48.5316
2025-03-24,US81369Y6059,XLF.US,49.3874
2025-03-25,US81369Y6059,XLF.US,49.6631
2025-03-26,US81369Y6059,XLF.US,49.5154
2025-03-27,US81369Y6059,XLF.US,49.4169
2025-03-28,US81369Y6059,XLF.US,48.4617
2025-03-31,US81369Y6059,XLF.US,49.0525
2025-04-01,US81369Y6059,XLF.US,48.9934
2025-04-02,US81369Y6059,XLF.US,49.3972
2025-04-03,US81369Y6059,XLF.US,46.9648
2025-04-04,US81369Y6059,XLF.US,43.5278
2025-04-07,US81369Y6059,XLF.US,43.4195
2025-04-08,US81369Y6059,XLF.US,43.2521
2025-04-09,US81369Y6059,XLF.US,46.5118
2025-04-10,US81369Y6059,XLF.US,45.2118
2025-04-11,US81369Y6059,XLF.US,45.9603
2025-04-14,US81369Y6059,XLF.US,46.433
2025-04-15,US81369Y6059,XLF.US,46.5512
2025-04-16,US81369Y6059,XLF.US,45.8224
2025-04-17,US81369Y6059,XLF.US,45.9406
2025-04-21,US81369Y6059,XLF.US,44.9558
2025-04-22,US81369Y6059,XLF.US,46.4428
2025-04-23,US81369Y6059,XLF.US,46.9943
2025-04-24,US81369Y6059,XLF.US,47.5163
2025-04-25,US81369Y6059,XLF.US,47.2898
2025-04-28,US81369Y6059,XLF.US,47.4375
2025-04-29,US81369Y6059,XLF.US,47.9299
2025-04-30,US81369Y6059,XLF.US,48.0185
2025-05-01,US81369Y6059,XLF.US,48.0087
2025-05-02,US81369Y6059,XLF.US,49.0033
2025-05-05,US81369Y6059,XLF.US,48.6882
2025-05-06,US81369Y6059,XLF.US,48.4124
2025-05-07,US81369Y6059,XLF.US,48.698
2025-05-08,US81369Y6059,XLF.US,49.1018
2025-05-09,US81369Y6059,XLF.US,49.1018
2025-05-12,US81369Y6059,XLF.US,50.0964
2025-05-13,US81369Y6059,XLF.US,50.3032
2025-05-14,US81369Y6059,XLF.US,50.1654
2025-05-15,US81369Y6059,XLF.US,50.5002
2025-05-16,US81369Y6059,XLF.US,50.8055
2025-05-19,US81369Y6059,XLF.US,50.835
2025-05-20,US81369Y6059,XLF.US,50.5593
2025-05-21,US81369Y6059,XLF.US,49.5252
2025-05-22,US81369Y6059,XLF.US,49.4661
2025-05-23,US81369Y6059,XLF.US,49.2889
2025-05-27,US81369Y6059,XLF.US,50.1555
2025-05-28,US81369Y6059,XLF.US,49.8207
2025-05-29,US81369Y6059,XLF.US,50.0767
2025-05-30,US81369Y6059,XLF.US,50.185
2025-06-02,US81369Y6059,XLF.US,50.2047
2025-06-03,US81369Y6059,XLF.US,50.3032
2025-06-04,US81369Y6059,XLF.US,50.0176
2025-06-05,US81369Y6059,XLF.US,49.8798
2025-06-06,US81369Y6059,XLF.US,50.5002
2025-06-09,US81369Y6059,XLF.US,50.2244
2025-06-10,US81369Y6059,XLF.US,50.2835
2025-06-11,US81369Y6059,XLF.US,50.2244
2025-06-12,US81369Y6059,XLF.US,50.2244
2025-06-13,US81369Y6059,XLF.US,49.2003
2025-06-16,US81369Y6059,XLF.US,49.7616
2025-06-17,US81369Y6059,XLF.US,49.476
2025-06-18,US81369Y6059,XLF.US,49.4563
2025-06-20,US81369Y6059,XLF.US,49.5942
2025-06-23,US81369Y6059,XLF.US,50.2187
2025-06-24,US81369Y6059,XLF.US,50.9697
2025-06-25,US81369Y6059,XLF.US,50.8017
2025-06-26,US81369Y6059,XLF.US,51.1772
2025-06-27,US81369Y6059,XLF.US,51.3254
2025-06-30,US81369Y6059,XLF.US,51.7504
2025-07-01,US81369Y6059,XLF.US,52.0369
2025-07-02,US81369Y6059,XLF.US,51.9974
2025-07-03,US81369Y6059,XLF.US,52.5607
2025-07-07,US81369Y6059,XLF.US,52.0567
2025-07-08,US81369Y6059,XLF.US,51.5922
2025-07-09,US81369Y6059,XLF.US,51.78
2025-07-10,US81369Y6059,XLF.US,52.0863
2025-07-11,US81369Y6059,XLF.US,51.5428
2025-07-14,US81369Y6059,XLF.US,51.9282
2025-07-15,US81369Y6059,XLF.US,51.0389
2025-07-16,US81369Y6059,XLF.US,51.3946
2025-07-17,US81369Y6059,XLF.US,51.8887
2025-07-18,US81369Y6059,XLF.US,51.9183
2025-07-21,US81369Y6059,XLF.US,51.7701
2025-07-22,US81369Y6059,XLF.US,52.0567
2025-07-23,US81369Y6059,XLF.US,52.4717
2025-07-24,US81369Y6059,XLF.US,52.4421
2025-07-25,US81369Y6059,XLF.US,52.8077
2025-07-28,US81369Y6059,XLF.US,52.4421
2025-07-29,US81369Y6059,XLF.US,52.1753
2025-07-30,US81369Y6059,XLF.US,52.0764
2025-07-31,US81369Y6059,XLF.US,51.7504
2025-08-01,US81369Y6059,XLF.US,50.7918
2025-08-04,US81369Y6059,XLF.US,51.2958
2025-08-05,US81369Y6059,XLF.US,51.0883
2025-08-06,US81369Y6059,XLF.US,51.3353
2025-08-07,US81369Y6059,XLF.US,50.7622
2025-08-08,US81369Y6059,XLF.US,51.2365
2025-08-11,US81369Y6059,XLF.US,51.2167
2025-08-12,US81369Y6059,XLF.US,51.8393
2025-08-13,US81369Y6059,XLF.US,52.1357
2025-08-14,US81369Y6059,XLF.US,52.3828
2025-08-15,US81369Y6059,XLF.US,51.8393
2025-08-18,US81369Y6059,XLF.US,51.8788
2025-08-19,US81369Y6059,XLF.US,51.9776
2025-08-20,US81369Y6059,XLF.US,52.2444
2025-08-21,US81369Y6059,XLF.US,52.0764
2025-08-22,US81369Y6059,XLF.US,52.9362
2025-08-25,US81369Y6059,XLF.US,52.6298
2025-08-26,US81369Y6059,XLF.US,53.035
2025-08-27,US81369Y6059,XLF.US,53.1437
2025-08-28,US81369Y6059,XLF.US,53.2128
2025-08-29,US81369Y6059,XLF.US,53.3512
2025-09-02,US81369Y6059,XLF.US,52.9559
2025-09-03,US81369Y6059,XLF.US,52.867
2025-09-04,US81369Y6059,XLF.US,53.4204
2025-09-05,US81369Y6059,XLF.US,52.4421
2025-09-08,US81369Y6059,XLF.US,52.4816
2025-09-09,US81369Y6059,XLF.US,52.7089
2025-09-10,US81369Y6059,XLF.US,52.531
2025-09-11,US81369Y6059,XLF.US,53.3907
2025-09-12,US81369Y6059,XLF.US,53.1634
2025-09-15,US81369Y6059,XLF.US,53.0449
2025-09-16,US81369Y6059,XLF.US,52.9263
2025-09-17,US81369Y6059,XLF.US,53.4401
2025-09-18,US81369Y6059,XLF.US,53.4895
2025-09-19,US81369Y6059,XLF.US,53.6081
2025-09-22,US81369Y6059,XLF.US,53.5367
2025-09-23,US81369Y6059,XLF.US,53.2988
2025-09-24,US81369Y6059,XLF.US,53.1501
2025-09-25,US81369Y6059,XLF.US,53.0113
2025-09-26,US81369Y6059,XLF.US,53.3979
2025-09-29,US81369Y6059,XLF.US,53.6656
2025-09-30,US81369Y6059,XLF.US,53.4078
2025-10-01,US81369Y6059,XLF.US,52.932
2025-10-02,US81369Y6059,XLF.US,52.8923
2025-10-03,US81369Y6059,XLF.US,53.2591
2025-10-06,US81369Y6059,XLF.US,53.2393
2025-10-07,US81369Y6059,XLF.US,53.3087
2025-10-08,US81369Y6059,XLF.US,53.0509
2025-10-09,US81369Y6059,XLF.US,52.8626
2025-10-10,US81369Y6059,XLF.US,51.7125
2025-10-13,US81369Y6059,XLF.US,52.2082
2025-10-14,US81369Y6059,XLF.US,52.7832
2025-10-15,US81369Y6059,XLF.US,52.7832
2025-10-16,US81369Y6059,XLF.US,51.3159
2025-10-17,US81369Y6059,XLF.US,51.7323
2025-10-20,US81369Y6059,XLF.US,52.3371
2025-10-21,US81369Y6059,XLF.US,52.2776
2025-10-22,US81369Y6059,XLF.US,51.9802
2025-10-23,US81369Y6059,XLF.US,52.0893
2025-10-24,US81369Y6059,XLF.US,52.6544
2025-10-27,US81369Y6059,XLF.US,52.8725
2025-10-28,US81369Y6059,XLF.US,52.5354
2025-10-29,US81369Y6059,XLF.US,51.6431
2025-10-30,US81369Y6059,XLF.US,51.7819
2025-10-31,US81369Y6059,XLF.US,51.9207
2025-11-03,US81369Y6059,XLF.US,51.7026
2025-11-04,US81369Y6059,XLF.US,51.9703
2025-11-05,US81369Y6059,XLF.US,52.1487
2025-11-06,US81369Y6059,XLF.US,51.9604
2025-11-07,US81369Y6059,XLF.US,52.3272
2025-11-10,US81369Y6059,XLF.US,52.5156
2025-11-11,US81369Y6059,XLF.US,52.7535
2025-11-12,US81369Y6059,XLF.US,53.2096
2025-11-13,US81369Y6059,XLF.US,52.5255
2025-11-14,US81369Y6059,XLF.US,52.0
2025-11-17,US81369Y6059,XLF.US,51.0086
2025-11-18,US81369Y6059,XLF.US,50.9293
2025-11-19,US81369Y6059,XLF.US,51.1177
2025-11-20,US81369Y6059,XLF.US,50.6715
2025-11-21,US81369Y6059,XLF.US,51.2267
2025-11-24,US81369Y6059,XLF.US,51.4448
2025-11-25,US81369Y6059,XLF.US,52.0893
2025-11-26,US81369Y6059,XLF.US,52.4957
2025-11-28,US81369Y6059,XLF.US,52.8725
2025-12-01,US81369Y6059,XLF.US,52.4362
2025-12-02,US81369Y6059,XLF.US,52.3867
2025-12-03,US81369Y6059,XLF.US,53.0906
2025-12-04,US81369Y6059,XLF.US,53.1996
2025-12-05,US81369Y6059,XLF.US,53.2195
2025-12-08,US81369Y6059,XLF.US,53.0212
2025-12-09,US81369Y6059,XLF.US,52.8229
2025-12-10,US81369Y6059,XLF.US,53.4277
2025-12-11,US81369Y6059,XLF.US,54.3993
2025-12-12,US81369Y6059,XLF.US,54.4786
2025-12-15,US81369Y6059,XLF.US,54.5182
2025-12-16,US81369Y6059,XLF.US,54.1712
2025-12-17,US81369Y6059,XLF.US,54.1613
2025-12-18,US81369Y6059,XLF.US,54.0721
2025-12-19,US81369Y6059,XLF.US,54.3695
2025-12-22,US81369Y6059,XLF.US,55.0371
2025-12-23,US81369Y6059,XLF.US,55.1465
2025-12-24,US81369Y6059,XLF.US,55.445
2025-12-26,US81369Y6059,XLF.US,55.3356
2025-12-29,US81369Y6059,XLF.US,55.0371
2025-12-30,US81369Y6059,XLF.US,54.8978
2025-12-31,US81369Y6059,XLF.US,54.4899
2026-01-02,US81369Y6059,XLF.US,54.6491
2026-01-05,US81369Y6059,XLF.US,55.8429
2026-01-06,US81369Y6059,XLF.US,56.1116
2026-01-07,US81369Y6059,XLF.US,55.3256
2026-01-08,US81369Y6059,XLF.US,55.6141
2026-01-09,US81369Y6059,XLF.US,55.445
2026-01-12,US81369Y6059,XLF.US,55.0072
2026-01-13,US81369Y6059,XLF.US,53.9527
2026-01-14,US81369Y6059,XLF.US,53.8731
2026-01-15,US81369Y6059,XLF.US,54.0919
2026-01-16,US81369Y6059,XLF.US,54.1616
2026-01-20,US81369Y6059,XLF.US,52.9279
2026-01-21,US81369Y6059,XLF.US,53.1866
2026-01-22,US81369Y6059,XLF.US,53.5348
2026-01-23,US81369Y6059,XLF.US,52.7986
2026-01-26,US81369Y6059,XLF.US,53.1369
2026-01-27,US81369Y6059,XLF.US,52.729
2026-01-28,US81369Y6059,XLF.US,52.719
2026-01-29,US81369Y6059,XLF.US,53.2761
2026-01-30,US81369Y6059,XLF.US,53.1667
2026-02-02,US81369Y6059,XLF.US,53.7537
2026-02-03,US81369Y6059,XLF.US,53.2562
2026-02-04,US81369Y6059,XLF.US,53.684
2026-02-05,US81369Y6059,XLF.US,53.0175
2026-02-06,US81369Y6059,XLF.US,53.9825
2026-02-09,US81369Y6059,XLF.US,53.6641
2026-02-10,US81369Y6059,XLF.US,53.2761
2026-02-11,US81369Y6059,XLF.US,52.4703
2026-02-12,US81369Y6059,XLF.US,51.4257
2026-02-13,US81369Y6059,XLF.US,51.3859
2026-02-17,US81369Y6059,XLF.US,51.933
2026-02-18,US81369Y6059,XLF.US,52.321
2026-02-19,US81369Y6059,XLF.US,51.8833
2026-02-20,US81369Y6059,XLF.US,52.2216
2026-02-23,US81369Y6059,XLF.US,50.4706
2026-02-24,US81369Y6059,XLF.US,50.7193
2026-02-25,US81369Y6059,XLF.US,51.6047
2026-02-26,US81369Y6059,XLF.US,52.2315
2026-02-27,US81369Y6059,XLF.US,51.167
2026-03-02,US81369Y6059,XLF.US,51.0376
2026-03-03,US81369Y6059,XLF.US,50.9481
2026-03-04,US81369Y6059,XLF.US,51.2366
2026-03-05,US81369Y6059,XLF.US,50.968
2026-03-06,US81369Y6059,XLF.US,50.3114
2026-03-09,US81369Y6059,XLF.US,50.0726
2026-03-10,US81369Y6059,XLF.US,49.804
2026-03-11,US81369Y6059,XLF.US,49.3861
2026-03-12,US81369Y6059,XLF.US,48.5803
2026-03-13,US81369Y6059,XLF.US,48.64
2026-03-16,US81369Y6059,XLF.US,49.0479
2026-03-17,US81369Y6059,XLF.US,49.3065
2026-03-18,US81369Y6059,XLF.US,48.7196
2026-03-19,US81369Y6059,XLF.US,48.7395
2026-03-20,US81369Y6059,XLF.US,48.829
2026-03-23,US81369Y6059,XLF.US,49.27
2026-03-24,US81369Y6059,XLF.US,49.28
2026-03-25,US81369Y6059,XLF.US,49.34
2026-03-26,US81369Y6059,XLF.US,49.05
2026-03-27,US81369Y6059,XLF.US,47.81
2026-03-30,US81369Y6059,XLF.US,48.36
2026-03-31,US81369Y6059,XLF.US,49.37
2026-04-01,US81369Y6059,XLF.US,49.44
2026-04-02,US81369Y6059,XLF.US,49.53
2026-04-06,US81369Y6059,XLF.US,49.88
2026-04-07,US81369Y6059,XLF.US,49.88
2026-04-08,US81369Y6059,XLF.US,51.2
2026-04-09,US81369Y6059,XLF.US,51.33
2026-04-10,US81369Y6059,XLF.US,50.77
2026-04-13,US81369Y6059,XLF.US,51.66
2026-04-14,US81369Y6059,XLF.US,51.78
2026-04-15,US81369Y6059,XLF.US,52.17
2026-04-16,US81369Y6059,XLF.US,52.03
2026-04-17,US81369Y6059,XLF.US,52.43
2026-04-20,US81369Y6059,XLF.US,52.63
2026-04-21,US81369Y6059,XLF.US,52.3
2026-04-22,US81369Y6059,XLF.US,52.21
2026-04-23,US81369Y6059,XLF.US,51.8
2026-04-24,US81369Y6059,XLF.US,51.42
2023-04-27,US81369Y8030,XLK.US,73.0739
2023-04-28,US81369Y8030,XLK.US,73.8673
2023-05-01,US81369Y8030,XLK.US,73.9114
2023-05-02,US81369Y8030,XLK.US,73.2209
2023-05-03,US81369Y8030,XLK.US,72.6038
2023-05-04,US81369Y8030,XLK.US,72.2561
2023-05-05,US81369Y8030,XLK.US,74.0681
2023-05-08,US81369Y8030,XLK.US,74.0289
2023-05-09,US81369Y8030,XLK.US,73.4608
2023-05-10,US81369Y8030,XLK.US,74.357
2023-05-11,US81369Y8030,XLK.US,74.024
2023-05-12,US81369Y8030,XLK.US,73.9261
2023-05-15,US81369Y8030,XLK.US,74.5382
2023-05-16,US81369Y8030,XLK.US,74.6166
2023-05-17,US81369Y8030,XLK.US,75.6108
2023-05-18,US81369Y8030,XLK.US,77.1584
2023-05-19,US81369Y8030,XLK.US,77.1241
2023-05-22,US81369Y8030,XLK.US,77.271
2023-05-23,US81369Y8030,XLK.US,76.1299
2023-05-24,US81369Y8030,XLK.US,75.5716
2023-05-25,US81369Y8030,XLK.US,78.4709
2023-05-26,US81369Y8030,XLK.US,80.6992
2023-05-30,US81369Y8030,XLK.US,81.1301
2023-05-31,US81369Y8030,XLK.US,80.4543
2023-06-01,US81369Y8030,XLK.US,81.2722
2023-06-02,US81369Y8030,XLK.US,81.7374
2023-06-05,US81369Y8030,XLK.US,81.2673
2023-06-06,US81369Y8030,XLK.US,81.2477
2023-06-07,US81369Y8030,XLK.US,80.0331
2023-06-08,US81369Y8030,XLK.US,80.9
2023-06-09,US81369Y8030,XLK.US,81.3015
2023-06-12,US81369Y8030,XLK.US,83.0695
2023-06-13,US81369Y8030,XLK.US,83.5739
2023-06-14,US81369Y8030,XLK.US,84.4359
2023-06-15,US81369Y8030,XLK.US,85.5231
2023-06-16,US81369Y8030,XLK.US,84.8179
2023-06-20,US81369Y8030,XLK.US,84.2462
2023-06-21,US81369Y8030,XLK.US,82.9997
2023-06-22,US81369Y8030,XLK.US,83.6769
2023-06-23,US81369Y8030,XLK.US,82.769
2023-06-26,US81369Y8030,XLK.US,82.1752
2023-06-27,US81369Y8030,XLK.US,83.7947
2023-06-28,US81369Y8030,XLK.US,83.8438
2023-06-29,US81369Y8030,XLK.US,83.991
2023-06-30,US81369Y8030,XLK.US,85.3259
2023-07-03,US81369Y8030,XLK.US,85.1443
2023-07-05,US81369Y8030,XLK.US,84.6192
2023-07-06,US81369Y8030,XLK.US,84.3935
2023-07-07,US81369Y8030,XLK.US,84.0254
2023-07-10,US81369Y8030,XLK.US,84.2462
2023-07-11,US81369Y8030,XLK.US,84.4278
2023-07-12,US81369Y8030,XLK.US,85.3848
2023-07-13,US81369Y8030,XLK.US,86.4989
2023-07-14,US81369Y8030,XLK.US,86.3713
2023-07-17,US81369Y8030,XLK.US,87.4755
2023-07-18,US81369Y8030,XLK.US,88.4669
2023-07-19,US81369Y8030,XLK.US,88.246
2023-07-20,US81369Y8030,XLK.US,86.4842
2023-07-21,US81369Y8030,XLK.US,86.44
2023-07-24,US81369Y8030,XLK.US,86.5921
2023-07-25,US81369Y8030,XLK.US,87.5835
2023-07-26,US81369Y8030,XLK.US,86.4056
2023-07-27,US81369Y8030,XLK.US,86.1553
2023-07-28,US81369Y8030,XLK.US,87.3283
2023-07-31,US81369Y8030,XLK.US,87.5295
2023-08-01,US81369Y8030,XLK.US,87.6767
2023-08-02,US81369Y8030,XLK.US,85.5075
2023-08-03,US81369Y8030,XLK.US,85.1591
2023-08-04,US81369Y8030,XLK.US,84.0008
2023-08-07,US81369Y8030,XLK.US,84.2364
2023-08-08,US81369Y8030,XLK.US,83.5886
2023-08-09,US81369Y8030,XLK.US,82.5089
2023-08-10,US81369Y8030,XLK.US,82.5187
2023-08-11,US81369Y8030,XLK.US,81.9101
2023-08-14,US81369Y8030,XLK.US,83.2156
2023-08-15,US81369Y8030,XLK.US,82.396
2023-08-16,US81369Y8030,XLK.US,81.6108
2023-08-17,US81369Y8030,XLK.US,80.8353
2023-08-18,US81369Y8030,XLK.US,80.958
2023-08-21,US81369Y8030,XLK.US,82.504
2023-08-22,US81369Y8030,XLK.US,82.4107
2023-08-23,US81369Y8030,XLK.US,83.8978
2023-08-24,US81369Y8030,XLK.US,81.9641
2023-08-25,US81369Y8030,XLK.US,82.7984
2023-08-28,US81369Y8030,XLK.US,83.4757
2023-08-29,US81369Y8030,XLK.US,85.1493
2023-08-30,US81369Y8030,XLK.US,85.7922
2023-08-31,US81369Y8030,XLK.US,86.2093
2023-09-01,US81369Y8030,XLK.US,86.4743
2023-09-05,US81369Y8030,XLK.US,86.7835
2023-09-06,US81369Y8030,XLK.US,85.8658
2023-09-07,US81369Y8030,XLK.US,84.6241
2023-09-08,US81369Y8030,XLK.US,84.8008
2023-09-11,US81369Y8030,XLK.US,85.2425
2023-09-12,US81369Y8030,XLK.US,83.6966
2023-09-13,US81369Y8030,XLK.US,83.9076
2023-09-14,US81369Y8030,XLK.US,84.5162
2023-09-15,US81369Y8030,XLK.US,82.8917
2023-09-18,US81369Y8030,XLK.US,83.2901
2023-09-19,US81369Y8030,XLK.US,83.2458
2023-09-20,US81369Y8030,XLK.US,81.9376
2023-09-21,US81369Y8030,XLK.US,80.6883
2023-09-22,US81369Y8030,XLK.US,80.8605
2023-09-25,US81369Y8030,XLK.US,81.1211
2023-09-26,US81369Y8030,XLK.US,79.6604
2023-09-27,US81369Y8030,XLK.US,79.7834
2023-09-28,US81369Y8030,XLK.US,80.349
2023-09-29,US81369Y8030,XLK.US,80.6244
2023-10-02,US81369Y8030,XLK.US,81.49
2023-10-03,US81369Y8030,XLK.US,80.108
2023-10-04,US81369Y8030,XLK.US,81.1064
2023-10-05,US81369Y8030,XLK.US,81.2146
2023-10-06,US81369Y8030,XLK.US,82.7343
2023-10-09,US81369Y8030,XLK.US,83.1622
2023-10-10,US81369Y8030,XLK.US,83.2901
2023-10-11,US81369Y8030,XLK.US,84.0622
2023-10-12,US81369Y8030,XLK.US,84.1409
2023-10-13,US81369Y8030,XLK.US,82.936
2023-10-16,US81369Y8030,XLK.US,83.7327
2023-10-17,US81369Y8030,XLK.US,83.3442
2023-10-18,US81369Y8030,XLK.US,82.4884
2023-10-19,US81369Y8030,XLK.US,82.0162
2023-10-20,US81369Y8030,XLK.US,80.6293
2023-10-23,US81369Y8030,XLK.US,80.7228
2023-10-24,US81369Y8030,XLK.US,81.2785
2023-10-25,US81369Y8030,XLK.US,80.3195
2023-10-26,US81369Y8030,XLK.US,78.785
2023-10-27,US81369Y8030,XLK.US,79.2424
2023-10-30,US81369Y8030,XLK.US,80.0932
2023-10-31,US81369Y8030,XLK.US,80.6637
2023-11-01,US81369Y8030,XLK.US,82.2228
2023-11-02,US81369Y8030,XLK.US,83.6147
2023-11-03,US81369Y8030,XLK.US,84.4754
2023-11-06,US81369Y8030,XLK.US,85.0311
2023-11-07,US81369Y8030,XLK.US,85.9607
2023-11-08,US81369Y8030,XLK.US,86.4476
2023-11-09,US81369Y8030,XLK.US,86.0443
2023-11-10,US81369Y8030,XLK.US,88.2919
2023-11-13,US81369Y8030,XLK.US,87.7755
2023-11-14,US81369Y8030,XLK.US,89.5313
2023-11-15,US81369Y8030,XLK.US,89.6444
2023-11-16,US81369Y8030,XLK.US,90.092
2023-11-17,US81369Y8030,XLK.US,89.9051
2023-11-20,US81369Y8030,XLK.US,91.2084
2023-11-21,US81369Y8030,XLK.US,90.4707
2023-11-22,US81369Y8030,XLK.US,90.874
2023-11-24,US81369Y8030,XLK.US,90.6969
2023-11-27,US81369Y8030,XLK.US,90.692
2023-11-28,US81369Y8030,XLK.US,90.8641
2023-11-29,US81369Y8030,XLK.US,90.933
2023-11-30,US81369Y8030,XLK.US,91.0658
2023-12-01,US81369Y8030,XLK.US,91.2723
2023-12-04,US81369Y8030,XLK.US,90.1608
2023-12-05,US81369Y8030,XLK.US,90.7018
2023-12-06,US81369Y8030,XLK.US,89.9346
2023-12-07,US81369Y8030,XLK.US,91.0264
2023-12-08,US81369Y8030,XLK.US,91.8035
2023-12-11,US81369Y8030,XLK.US,92.6052
2023-12-12,US81369Y8030,XLK.US,93.22
2023-12-13,US81369Y8030,XLK.US,94.0413
2023-12-14,US81369Y8030,XLK.US,93.8101
2023-12-15,US81369Y8030,XLK.US,94.2823
2023-12-18,US81369Y8030,XLK.US,94.5642
2023-12-19,US81369Y8030,XLK.US,94.9241
2023-12-20,US81369Y8030,XLK.US,93.4897
2023-12-21,US81369Y8030,XLK.US,94.5396
2023-12-22,US81369Y8030,XLK.US,94.6628
2023-12-26,US81369Y8030,XLK.US,95.0571
2023-12-27,US81369Y8030,XLK.US,95.0522
2023-12-28,US81369Y8030,XLK.US,95.1656
2023-12-29,US81369Y8030,XLK.US,94.8748
2024-01-02,US81369Y8030,XLK.US,92.3905
2024-01-03,US81369Y8030,XLK.US,91.4491
2024-01-04,US81369Y8030,XLK.US,90.7787
2024-01-05,US81369Y8030,XLK.US,90.7541
2024-01-08,US81369Y8030,XLK.US,93.0313
2024-01-09,US81369Y8030,XLK.US,93.1792
2024-01-10,US81369Y8030,XLK.US,93.9727
2024-01-11,US81369Y8030,XLK.US,94.4509
2024-01-12,US81369Y8030,XLK.US,94.7565
2024-01-16,US81369Y8030,XLK.US,94.9931
2024-01-17,US81369Y8030,XLK.US,94.5248
2024-01-18,US81369Y8030,XLK.US,96.4422
2024-01-19,US81369Y8030,XLK.US,98.6652
2024-01-22,US81369Y8030,XLK.US,99.099
2024-01-23,US81369Y8030,XLK.US,99.4982
2024-01-24,US81369Y8030,XLK.US,100.1834
2024-01-25,US81369Y8030,XLK.US,100.6023
2024-01-26,US81369Y8030,XLK.US,99.444
2024-01-29,US81369Y8030,XLK.US,100.3559
2024-01-30,US81369Y8030,XLK.US,99.5278
2024-01-31,US81369Y8030,XLK.US,97.4379
2024-02-01,US81369Y8030,XLK.US,98.6652
2024-02-02,US81369Y8030,XLK.US,99.6855
2024-02-05,US81369Y8030,XLK.US,99.9123
2024-02-06,US81369Y8030,XLK.US,99.4539
2024-02-07,US81369Y8030,XLK.US,100.7699
2024-02-08,US81369Y8030,XLK.US,101.0854
2024-02-09,US81369Y8030,XLK.US,102.4458
2024-02-12,US81369Y8030,XLK.US,101.667
2024-02-13,US81369Y8030,XLK.US,99.9419
2024-02-14,US81369Y8030,XLK.US,100.9868
2024-02-15,US81369Y8030,XLK.US,100.7749
2024-02-16,US81369Y8030,XLK.US,99.8482
2024-02-20,US81369Y8030,XLK.US,98.8328
2024-02-21,US81369Y8030,XLK.US,98.2117
2024-02-22,US81369Y8030,XLK.US,101.4255
2024-02-23,US81369Y8030,XLK.US,101.1889
2024-02-26,US81369Y8030,XLK.US,101.2875
2024-02-27,US81369Y8030,XLK.US,101.3762
2024-02-28,US81369Y8030,XLK.US,100.8981
2024-02-29,US81369Y8030,XLK.US,102.0219
2024-03-01,US81369Y8030,XLK.US,103.8851
2024-03-04,US81369Y8030,XLK.US,103.8851
2024-03-05,US81369Y8030,XLK.US,101.3318
2024-03-06,US81369Y8030,XLK.US,102.1353
2024-03-07,US81369Y8030,XLK.US,103.7471
2024-03-08,US81369Y8030,XLK.US,102.2043
2024-03-11,US81369Y8030,XLK.US,101.9233
2024-03-12,US81369Y8030,XLK.US,104.0133
2024-03-13,US81369Y8030,XLK.US,102.8894
2024-03-14,US81369Y8030,XLK.US,102.9092
2024-03-15,US81369Y8030,XLK.US,101.3565
2024-03-18,US81369Y8030,XLK.US,101.8547
2024-03-19,US81369Y8030,XLK.US,102.3829
2024-03-20,US81369Y8030,XLK.US,103.5284
2024-03-21,US81369Y8030,XLK.US,103.6024
2024-03-22,US81369Y8030,XLK.US,103.637
2024-03-25,US81369Y8030,XLK.US,102.9507
2024-03-26,US81369Y8030,XLK.US,102.5261
2024-03-27,US81369Y8030,XLK.US,103.0495
2024-03-28,US81369Y8030,XLK.US,102.8273
2024-04-01,US81369Y8030,XLK.US,103.1136
2024-04-02,US81369Y8030,XLK.US,102.1213
2024-04-03,US81369Y8030,XLK.US,102.3928
2024-04-04,US81369Y8030,XLK.US,100.7734
2024-04-05,US81369Y8030,XLK.US,101.9287
2024-04-08,US81369Y8030,XLK.US,101.8102
2024-04-09,US81369Y8030,XLK.US,102.3237
2024-04-10,US81369Y8030,XLK.US,101.0696
2024-04-11,US81369Y8030,XLK.US,103.089
2024-04-12,US81369Y8030,XLK.US,101.4202
2024-04-15,US81369Y8030,XLK.US,99.4947
2024-04-16,US81369Y8030,XLK.US,99.6132
2024-04-17,US81369Y8030,XLK.US,98.1764
2024-04-18,US81369Y8030,XLK.US,97.0557
2024-04-19,US81369Y8030,XLK.US,95.0561
2024-04-22,US81369Y8030,XLK.US,95.9053
2024-04-23,US81369Y8030,XLK.US,97.3272
2024-04-24,US81369Y8030,XLK.US,97.7716
2024-04-25,US81369Y8030,XLK.US,97.5593
2024-04-26,US81369Y8030,XLK.US,98.6603
2024-04-29,US81369Y8030,XLK.US,99.0849
2024-04-30,US81369Y8030,XLK.US,96.9026
2024-05-01,US81369Y8030,XLK.US,95.9103
2024-05-02,US81369Y8030,XLK.US,97.2927
2024-05-03,US81369Y8030,XLK.US,100.0032
2024-05-06,US81369Y8030,XLK.US,101.1783
2024-05-07,US81369Y8030,XLK.US,100.8475
2024-05-08,US81369Y8030,XLK.US,101.1338
2024-05-09,US81369Y8030,XLK.US,101.1042
2024-05-10,US81369Y8030,XLK.US,101.4794
2024-05-13,US81369Y8030,XLK.US,101.9583
2024-05-14,US81369Y8030,XLK.US,102.8618
2024-05-15,US81369Y8030,XLK.US,105.1774
2024-05-16,US81369Y8030,XLK.US,104.812
2024-05-17,US81369Y8030,XLK.US,104.58
2024-05-20,US81369Y8030,XLK.US,105.8094
2024-05-21,US81369Y8030,XLK.US,105.9822
2024-05-22,US81369Y8030,XLK.US,106.2192
2024-05-23,US81369Y8030,XLK.US,105.3551
2024-05-24,US81369Y8030,XLK.US,106.2438
2024-05-28,US81369Y8030,XLK.US,106.6931
2024-05-29,US81369Y8030,XLK.US,106.0167
2024-05-30,US81369Y8030,XLK.US,103.5975
2024-05-31,US81369Y8030,XLK.US,103.7604
2024-06-03,US81369Y8030,XLK.US,104.0221
2024-06-04,US81369Y8030,XLK.US,104.2393
2024-06-05,US81369Y8030,XLK.US,106.5549
2024-06-06,US81369Y8030,XLK.US,106.1994
2024-06-07,US81369Y8030,XLK.US,106.4463
2024-06-10,US81369Y8030,XLK.US,106.7178
2024-06-11,US81369Y8030,XLK.US,108.7026
2024-06-12,US81369Y8030,XLK.US,111.107
2024-06-13,US81369Y8030,XLK.US,111.9858
2024-06-14,US81369Y8030,XLK.US,112.4055
2024-06-17,US81369Y8030,XLK.US,114.1088
2024-06-18,US81369Y8030,XLK.US,114.252
2024-06-20,US81369Y8030,XLK.US,112.9683
2024-06-21,US81369Y8030,XLK.US,112.7708
2024-06-24,US81369Y8030,XLK.US,110.0061
2024-06-25,US81369Y8030,XLK.US,112.024
2024-06-26,US81369Y8030,XLK.US,111.8954
2024-06-27,US81369Y8030,XLK.US,111.9498
2024-06-28,US81369Y8030,XLK.US,111.8905
2024-07-01,US81369Y8030,XLK.US,112.7362
2024-07-02,US81369Y8030,XLK.US,113.3
2024-07-03,US81369Y8030,XLK.US,114.8283
2024-07-05,US81369Y8030,XLK.US,115.1795
2024-07-08,US81369Y8030,XLK.US,115.9659
2024-07-09,US81369Y8030,XLK.US,115.8719
2024-07-10,US81369Y8030,XLK.US,117.5535
2024-07-11,US81369Y8030,XLK.US,114.6107
2024-07-12,US81369Y8030,XLK.US,115.6345
2024-07-15,US81369Y8030,XLK.US,115.8422
2024-07-16,US81369Y8030,XLK.US,115.4564
2024-07-17,US81369Y8030,XLK.US,110.9656
2024-07-18,US81369Y8030,XLK.US,110.9755
2024-07-19,US81369Y8030,XLK.US,109.2395
2024-07-22,US81369Y8030,XLK.US,111.8262
2024-07-23,US81369Y8030,XLK.US,111.381
2024-07-24,US81369Y8030,XLK.US,106.7715
2024-07-25,US81369Y8030,XLK.US,105.629
2024-07-26,US81369Y8030,XLK.US,106.9693
2024-07-29,US81369Y8030,XLK.US,106.4945
2024-07-30,US81369Y8030,XLK.US,103.8188
2024-07-31,US81369Y8030,XLK.US,108.2157
2024-08-01,US81369Y8030,XLK.US,104.1799
2024-08-02,US81369Y8030,XLK.US,101.2519
2024-08-05,US81369Y8030,XLK.US,97.8788
2024-08-06,US81369Y8030,XLK.US,99.2093
2024-08-07,US81369Y8030,XLK.US,97.6018
2024-08-08,US81369Y8030,XLK.US,101.2469
2024-08-09,US81369Y8030,XLK.US,101.702
2024-08-12,US81369Y8030,XLK.US,102.5329
2024-08-13,US81369Y8030,XLK.US,105.6834
2024-08-14,US81369Y8030,XLK.US,106.2621
2024-08-15,US81369Y8030,XLK.US,109.3186
2024-08-16,US81369Y8030,XLK.US,109.5016
2024-08-19,US81369Y8030,XLK.US,111.3069
2024-08-20,US81369Y8030,XLK.US,110.9161
2024-08-21,US81369Y8030,XLK.US,111.569
2024-08-22,US81369Y8030,XLK.US,109.0021
2024-08-23,US81369Y8030,XLK.US,110.7678
2024-08-26,US81369Y8030,XLK.US,109.378
2024-08-27,US81369Y8030,XLK.US,110.0407
2024-08-28,US81369Y8030,XLK.US,108.5223
2024-08-29,US81369Y8030,XLK.US,107.543
2024-08-30,US81369Y8030,XLK.US,108.9724
2024-09-03,US81369Y8030,XLK.US,103.9672
2024-09-04,US81369Y8030,XLK.US,103.7001
2024-09-05,US81369Y8030,XLK.US,103.5418
2024-09-06,US81369Y8030,XLK.US,100.8562
2024-09-09,US81369Y8030,XLK.US,102.5081
2024-09-10,US81369Y8030,XLK.US,104.0414
2024-09-11,US81369Y8030,XLK.US,107.5925
2024-09-12,US81369Y8030,XLK.US,108.4828
2024-09-13,US81369Y8030,XLK.US,109.0268
2024-09-16,US81369Y8030,XLK.US,108.6114
2024-09-17,US81369Y8030,XLK.US,108.3987
2024-09-18,US81369Y8030,XLK.US,107.4095
2024-09-19,US81369Y8030,XLK.US,110.5996
2024-09-20,US81369Y8030,XLK.US,110.0605
2024-09-23,US81369Y8030,XLK.US,110.0402
2024-09-24,US81369Y8030,XLK.US,110.7933
2024-09-25,US81369Y8030,XLK.US,111.1104
2024-09-26,US81369Y8030,XLK.US,112.582
2024-09-27,US81369Y8030,XLK.US,111.5316
2024-09-30,US81369Y8030,XLK.US,111.8586
2024-10-01,US81369Y8030,XLK.US,109.1335
2024-10-02,US81369Y8030,XLK.US,109.9411
2024-10-03,US81369Y8030,XLK.US,110.3969
2024-10-04,US81369Y8030,XLK.US,111.6257
2024-10-07,US81369Y8030,XLK.US,110.8577
2024-10-08,US81369Y8030,XLK.US,112.9288
2024-10-09,US81369Y8030,XLK.US,114.1923
2024-10-10,US81369Y8030,XLK.US,114.1625
2024-10-11,US81369Y8030,XLK.US,114.3607
2024-10-14,US81369Y8030,XLK.US,115.8521
2024-10-15,US81369Y8030,XLK.US,113.3054
2024-10-16,US81369Y8030,XLK.US,113.6572
2024-10-17,US81369Y8030,XLK.US,114.004
2024-10-18,US81369Y8030,XLK.US,114.4103
2024-10-21,US81369Y8030,XLK.US,114.9454
2024-10-22,US81369Y8030,XLK.US,114.8265
2024-10-23,US81369Y8030,XLK.US,113.1815
2024-10-24,US81369Y8030,XLK.US,113.5135
2024-10-25,US81369Y8030,XLK.US,114.1031
2024-10-28,US81369Y8030,XLK.US,114.0684
2024-10-29,US81369Y8030,XLK.US,115.6044
2024-10-30,US81369Y8030,XLK.US,113.7662
2024-10-31,US81369Y8030,XLK.US,110.1145
2024-11-01,US81369Y8030,XLK.US,110.9419
2024-11-04,US81369Y8030,XLK.US,110.8577
2024-11-05,US81369Y8030,XLK.US,112.4185
2024-11-06,US81369Y8030,XLK.US,115.6192
2024-11-07,US81369Y8030,XLK.US,117.6358
2024-11-08,US81369Y8030,XLK.US,117.507
2024-11-11,US81369Y8030,XLK.US,116.8579
2024-11-12,US81369Y8030,XLK.US,117.0066
2024-11-13,US81369Y8030,XLK.US,116.6003
2024-11-14,US81369Y8030,XLK.US,116.2039
2024-11-15,US81369Y8030,XLK.US,113.3202
2024-11-18,US81369Y8030,XLK.US,113.6869
2024-11-19,US81369Y8030,XLK.US,114.6184
2024-11-20,US81369Y8030,XLK.US,114.5193
2024-11-21,US81369Y8030,XLK.US,115.6836
2024-11-22,US81369Y8030,XLK.US,115.7431
2024-11-25,US81369Y8030,XLK.US,115.7381
2024-11-26,US81369Y8030,XLK.US,116.3179
2024-11-27,US81369Y8030,XLK.US,114.7422
2024-11-29,US81369Y8030,XLK.US,115.8075
2024-12-02,US81369Y8030,XLK.US,116.9075
2024-12-03,US81369Y8030,XLK.US,117.3286
2024-12-04,US81369Y8030,XLK.US,119.474
2024-12-05,US81369Y8030,XLK.US,118.8696
2024-12-06,US81369Y8030,XLK.US,119.3303
2024-12-09,US81369Y8030,XLK.US,118.5525
2024-12-10,US81369Y8030,XLK.US,116.9075
2024-12-11,US81369Y8030,XLK.US,118.602
2024-12-12,US81369Y8030,XLK.US,117.9381
2024-12-13,US81369Y8030,XLK.US,118.4434
2024-12-16,US81369Y8030,XLK.US,119.6276
2024-12-17,US81369Y8030,XLK.US,118.9042
2024-12-18,US81369Y8030,XLK.US,115.0693
2024-12-19,US81369Y8030,XLK.US,115.1931
2024-12-20,US81369Y8030,XLK.US,116.9124
2024-12-23,US81369Y8030,XLK.US,118.1512
2024-12-24,US81369Y8030,XLK.US,119.372
2024-12-26,US81369Y8030,XLK.US,119.4514
2024-12-27,US81369Y8030,XLK.US,117.8633
2024-12-30,US81369Y8030,XLK.US,116.3645
2024-12-31,US81369Y8030,XLK.US,115.3968
2025-01-02,US81369Y8030,XLK.US,115.1238
2025-01-03,US81369Y8030,XLK.US,116.9998
2025-01-06,US81369Y8030,XLK.US,118.4886
2025-01-07,US81369Y8030,XLK.US,116.1114
2025-01-08,US81369Y8030,XLK.US,116.0717
2025-01-10,US81369Y8030,XLK.US,113.5406
2025-01-13,US81369Y8030,XLK.US,112.7367
2025-01-14,US81369Y8030,XLK.US,113.0344
2025-01-15,US81369Y8030,XLK.US,115.2826
2025-01-16,US81369Y8030,XLK.US,114.3943
2025-01-17,US81369Y8030,XLK.US,116.1859
2025-01-21,US81369Y8030,XLK.US,117.1536
2025-01-22,US81369Y8030,XLK.US,119.7988
2025-01-23,US81369Y8030,XLK.US,120.0122
2025-01-24,US81369Y8030,XLK.US,118.7616
2025-01-27,US81369Y8030,XLK.US,112.9401
2025-01-28,US81369Y8030,XLK.US,115.9526
2025-01-29,US81369Y8030,XLK.US,115.0097
2025-01-30,US81369Y8030,XLK.US,115.2231
2025-01-31,US81369Y8030,XLK.US,114.5481
2025-02-03,US81369Y8030,XLK.US,113.0047
2025-02-04,US81369Y8030,XLK.US,114.6325
2025-02-05,US81369Y8030,XLK.US,116.2256
2025-02-06,US81369Y8030,XLK.US,116.5432
2025-02-07,US81369Y8030,XLK.US,115.5457
2025-02-10,US81369Y8030,XLK.US,117.233
2025-02-11,US81369Y8030,XLK.US,117.2876
2025-02-12,US81369Y8030,XLK.US,117.0345
2025-02-13,US81369Y8030,XLK.US,118.6921
2025-02-14,US81369Y8030,XLK.US,119.0941
2025-02-18,US81369Y8030,XLK.US,120.181
2025-02-19,US81369Y8030,XLK.US,120.1909
2025-02-20,US81369Y8030,XLK.US,119.8088
2025-02-21,US81369Y8030,XLK.US,116.563
2025-02-24,US81369Y8030,XLK.US,114.8955
2025-02-25,US81369Y8030,XLK.US,113.4067
2025-02-26,US81369Y8030,XLK.US,114.6424
2025-02-27,US81369Y8030,XLK.US,110.4686
2025-02-28,US81369Y8030,XLK.US,111.9277
2025-03-03,US81369Y8030,XLK.US,108.5232
2025-03-04,US81369Y8030,XLK.US,108.4388
2025-03-05,US81369Y8030,XLK.US,109.9624
2025-03-06,US81369Y8030,XLK.US,106.9102
2025-03-07,US81369Y8030,XLK.US,108.4587
2025-03-10,US81369Y8030,XLK.US,103.8482
2025-03-11,US81369Y8030,XLK.US,103.4263
2025-03-12,US81369Y8030,XLK.US,105.0541
2025-03-13,US81369Y8030,XLK.US,103.0591
2025-03-14,US81369Y8030,XLK.US,106.1757
2025-03-17,US81369Y8030,XLK.US,106.9152
2025-03-18,US81369Y8030,XLK.US,105.2874
2025-03-19,US81369Y8030,XLK.US,106.6571
2025-03-20,US81369Y8030,XLK.US,105.8978
2025-03-21,US81369Y8030,XLK.US,106.1857
2025-03-24,US81369Y8030,XLK.US,108.1967
2025-03-25,US81369Y8030,XLK.US,108.5546
2025-03-26,US81369Y8030,XLK.US,106.1335
2025-03-27,US81369Y8030,XLK.US,105.1541
2025-03-28,US81369Y8030,XLK.US,102.6036
2025-03-31,US81369Y8030,XLK.US,102.6534
2025-04-01,US81369Y8030,XLK.US,103.4041
2025-04-02,US81369Y8030,XLK.US,104.1697
2025-04-03,US81369Y8030,XLK.US,97.0603
2025-04-04,US81369Y8030,XLK.US,90.6669
2025-04-07,US81369Y8030,XLK.US,91.2088
2025-04-08,US81369Y8030,XLK.US,89.3544
2025-04-09,US81369Y8030,XLK.US,101.3508
2025-04-10,US81369Y8030,XLK.US,96.6328
2025-04-11,US81369Y8030,XLK.US,98.6115
2025-04-14,US81369Y8030,XLK.US,99.5113
2025-04-15,US81369Y8030,XLK.US,99.8742
2025-04-16,US81369Y8030,XLK.US,96.4041
2025-04-17,US81369Y8030,XLK.US,95.8821
2025-04-21,US81369Y8030,XLK.US,93.4062
2025-04-22,US81369Y8030,XLK.US,95.6832
2025-04-23,US81369Y8030,XLK.US,98.4573
2025-04-24,US81369Y8030,XLK.US,102.1313
2025-04-25,US81369Y8030,XLK.US,103.6427
2025-04-28,US81369Y8030,XLK.US,103.4737
2025-04-29,US81369Y8030,XLK.US,103.9559
2025-04-30,US81369Y8030,XLK.US,104.3884
2025-05-01,US81369Y8030,XLK.US,105.9197
2025-05-02,US81369Y8030,XLK.US,107.6896
2025-05-05,US81369Y8030,XLK.US,107.1178
2025-05-06,US81369Y8030,XLK.US,106.2279
2025-05-07,US81369Y8030,XLK.US,107.2918
2025-05-08,US81369Y8030,XLK.US,108.316
2025-05-09,US81369Y8030,XLK.US,108.1818
2025-05-12,US81369Y8030,XLK.US,113.2031
2025-05-13,US81369Y8030,XLK.US,115.6491
2025-05-14,US81369Y8030,XLK.US,116.3998
2025-05-15,US81369Y8030,XLK.US,116.5589
2025-05-16,US81369Y8030,XLK.US,116.7776
2025-05-19,US81369Y8030,XLK.US,116.6086
2025-05-20,US81369Y8030,XLK.US,116.1711
2025-05-21,US81369Y8030,XLK.US,113.9886
2025-05-22,US81369Y8030,XLK.US,114.0184
2025-05-23,US81369Y8030,XLK.US,112.7606
2025-05-27,US81369Y8030,XLK.US,115.4403
2025-05-28,US81369Y8030,XLK.US,114.963
2025-05-29,US81369Y8030,XLK.US,115.1569
2025-05-30,US81369Y8030,XLK.US,114.7989
2025-06-02,US81369Y8030,XLK.US,115.8131
2025-06-03,US81369Y8030,XLK.US,117.5532
2025-06-04,US81369Y8030,XLK.US,117.7272
2025-06-05,US81369Y8030,XLK.US,117.3941
2025-06-06,US81369Y8030,XLK.US,118.5028
2025-06-09,US81369Y8030,XLK.US,119.0845
2025-06-10,US81369Y8030,XLK.US,119.7506
2025-06-11,US81369Y8030,XLK.US,119.4872
2025-06-12,US81369Y8030,XLK.US,120.5958
2025-06-13,US81369Y8030,XLK.US,118.9055
2025-06-16,US81369Y8030,XLK.US,120.8295
2025-06-17,US81369Y8030,XLK.US,119.9744
2025-06-18,US81369Y8030,XLK.US,120.1185
2025-06-20,US81369Y8030,XLK.US,119.5866
2025-06-23,US81369Y8030,XLK.US,120.9501
2025-06-24,US81369Y8030,XLK.US,123.1213
2025-06-25,US81369Y8030,XLK.US,124.172
2025-06-26,US81369Y8030,XLK.US,125.0285
2025-06-27,US81369Y8030,XLK.US,124.8791
2025-06-30,US81369Y8030,XLK.US,126.1042
2025-07-01,US81369Y8030,XLK.US,124.9787
2025-07-02,US81369Y8030,XLK.US,126.2984
2025-07-03,US81369Y8030,XLK.US,127.9617
2025-07-07,US81369Y8030,XLK.US,126.9458
2025-07-08,US81369Y8030,XLK.US,127.628
2025-07-09,US81369Y8030,XLK.US,128.3949
2025-07-10,US81369Y8030,XLK.US,127.9716
2025-07-11,US81369Y8030,XLK.US,127.4089
2025-07-14,US81369Y8030,XLK.US,127.3043
2025-07-15,US81369Y8030,XLK.US,128.4347
2025-07-16,US81369Y8030,XLK.US,128.8331
2025-07-17,US81369Y8030,XLK.US,130.0034
2025-07-18,US81369Y8030,XLK.US,129.9187
2025-07-21,US81369Y8030,XLK.US,130.088
2025-07-22,US81369Y8030,XLK.US,128.8829
2025-07-23,US81369Y8030,XLK.US,129.6199
2025-07-24,US81369Y8030,XLK.US,130.1677
2025-07-25,US81369Y8030,XLK.US,130.4665
2025-07-28,US81369Y8030,XLK.US,131.5073
2025-07-29,US81369Y8030,XLK.US,131.5123
2025-07-30,US81369Y8030,XLK.US,131.8061
2025-07-31,US81369Y8030,XLK.US,130.84
2025-08-01,US81369Y8030,XLK.US,128.0164
2025-08-04,US81369Y8030,XLK.US,130.6159
2025-08-05,US81369Y8030,XLK.US,129.5353
2025-08-06,US81369Y8030,XLK.US,130.9944
2025-08-07,US81369Y8030,XLK.US,131.1139
2025-08-08,US81369Y8030,XLK.US,132.4236
2025-08-11,US81369Y8030,XLK.US,131.5272
2025-08-12,US81369Y8030,XLK.US,133.564
2025-08-13,US81369Y8030,XLK.US,133.6138
2025-08-14,US81369Y8030,XLK.US,133.3249
2025-08-15,US81369Y8030,XLK.US,132.314
2025-08-18,US81369Y8030,XLK.US,132.5979
2025-08-19,US81369Y8030,XLK.US,130.2823
2025-08-20,US81369Y8030,XLK.US,129.4008
2025-08-21,US81369Y8030,XLK.US,128.9327
2025-08-22,US81369Y8030,XLK.US,130.6806
2025-08-25,US81369Y8030,XLK.US,130.3868
2025-08-26,US81369Y8030,XLK.US,130.9844
2025-08-27,US81369Y8030,XLK.US,131.6916
2025-08-28,US81369Y8030,XLK.US,132.7323
2025-08-29,US81369Y8030,XLK.US,130.6956
2025-09-02,US81369Y8030,XLK.US,129.3759
2025-09-03,US81369Y8030,XLK.US,130.1478
2025-09-04,US81369Y8030,XLK.US,130.7902
2025-09-05,US81369Y8030,XLK.US,130.8998
2025-09-08,US81369Y8030,XLK.US,131.8808
2025-09-09,US81369Y8030,XLK.US,132.1348
2025-09-10,US81369Y8030,XLK.US,134.5301
2025-09-11,US81369Y8030,XLK.US,134.9832
2025-09-12,US81369Y8030,XLK.US,134.8936
2025-09-15,US81369Y8030,XLK.US,136.1087
2025-09-16,US81369Y8030,XLK.US,135.6356
2025-09-17,US81369Y8030,XLK.US,135.1675
2025-09-18,US81369Y8030,XLK.US,137.503
2025-09-19,US81369Y8030,XLK.US,138.8974
2025-09-22,US81369Y8030,XLK.US,140.9407
2025-09-23,US81369Y8030,XLK.US,139.7241
2025-09-24,US81369Y8030,XLK.US,138.8615
2025-09-25,US81369Y8030,XLK.US,138.6171
2025-09-26,US81369Y8030,XLK.US,139.036
2025-09-29,US81369Y8030,XLK.US,139.7789
2025-09-30,US81369Y8030,XLK.US,140.5418
2025-10-01,US81369Y8030,XLK.US,141.918
2025-10-02,US81369Y8030,XLK.US,142.6859
2025-10-03,US81369Y8030,XLK.US,141.9679
2025-10-06,US81369Y8030,XLK.US,143.4039
2025-10-07,US81369Y8030,XLK.US,142.4466
2025-10-08,US81369Y8030,XLK.US,144.9447
2025-10-09,US81369Y8030,XLK.US,144.7003
2025-10-10,US81369Y8030,XLK.US,138.8116
2025-10-13,US81369Y8030,XLK.US,142.1923
2025-10-14,US81369Y8030,XLK.US,140.3673
2025-10-15,US81369Y8030,XLK.US,141.7585
2025-10-16,US81369Y8030,XLK.US,141.8632
2025-10-17,US81369Y8030,XLK.US,142.1125
2025-10-20,US81369Y8030,XLK.US,143.6981
2025-10-21,US81369Y8030,XLK.US,143.7729
2025-10-22,US81369Y8030,XLK.US,142.3518
2025-10-23,US81369Y8030,XLK.US,144.1469
2025-10-24,US81369Y8030,XLK.US,146.3857
2025-10-27,US81369Y8030,XLK.US,149.0882
2025-10-28,US81369Y8030,XLK.US,150.5641
2025-10-29,US81369Y8030,XLK.US,151.6461
2025-10-30,US81369Y8030,XLK.US,149.7813
2025-10-31,US81369Y8030,XLK.US,149.9259
2025-11-03,US81369Y8030,XLK.US,150.5392
2025-11-04,US81369Y8030,XLK.US,146.5652
2025-11-05,US81369Y8030,XLK.US,147.1386
2025-11-06,US81369Y8030,XLK.US,144.1818
2025-11-07,US81369Y8030,XLK.US,143.6831
2025-11-10,US81369Y8030,XLK.US,147.358
2025-11-11,US81369Y8030,XLK.US,146.1015
2025-11-12,US81369Y8030,XLK.US,146.5552
2025-11-13,US81369Y8030,XLK.US,142.9003
2025-11-14,US81369Y8030,XLK.US,143.6782
2025-11-17,US81369Y8030,XLK.US,141.4294
2025-11-18,US81369Y8030,XLK.US,139.1307
2025-11-19,US81369Y8030,XLK.US,140.098
2025-11-20,US81369Y8030,XLK.US,135.7002
2025-11-21,US81369Y8030,XLK.US,136.2237
2025-11-24,US81369Y8030,XLK.US,139.4698
2025-11-25,US81369Y8030,XLK.US,139.8437
2025-11-26,US81369Y8030,XLK.US,141.4992
2025-11-28,US81369Y8030,XLK.US,142.7158
2025-12-01,US81369Y8030,XLK.US,142.7806
2025-12-02,US81369Y8030,XLK.US,144.2516
2025-12-03,US81369Y8030,XLK.US,144.5956
2025-12-04,US81369Y8030,XLK.US,145.1341
2025-12-05,US81369Y8030,XLK.US,146.1962
2025-12-08,US81369Y8030,XLK.US,147.2234
2025-12-09,US81369Y8030,XLK.US,147.6123
2025-12-10,US81369Y8030,XLK.US,148.3203
2025-12-11,US81369Y8030,XLK.US,147.5624
2025-12-12,US81369Y8030,XLK.US,143.2942
2025-12-15,US81369Y8030,XLK.US,141.908
2025-12-16,US81369Y8030,XLK.US,142.1673
2025-12-17,US81369Y8030,XLK.US,139.0061
2025-12-18,US81369Y8030,XLK.US,141.1501
2025-12-19,US81369Y8030,XLK.US,144.2017
2025-12-22,US81369Y8030,XLK.US,144.9797
2025-12-23,US81369Y8030,XLK.US,145.7688
2025-12-24,US81369Y8030,XLK.US,146.1183
2025-12-26,US81369Y8030,XLK.US,146.348
2025-12-29,US81369Y8030,XLK.US,145.6889
2025-12-30,US81369Y8030,XLK.US,145.2294
2025-12-31,US81369Y8030,XLK.US,143.7912
2026-01-02,US81369Y8030,XLK.US,144.1208
2026-01-05,US81369Y8030,XLK.US,144.4404
2026-01-06,US81369Y8030,XLK.US,146.4679
2026-01-07,US81369Y8030,XLK.US,146.348
2026-01-08,US81369Y8030,XLK.US,144.0609
2026-01-09,US81369Y8030,XLK.US,145.9685
2026-01-12,US81369Y8030,XLK.US,146.6077
2026-01-13,US81369Y8030,XLK.US,146.2981
2026-01-14,US81369Y8030,XLK.US,144.5203
2026-01-15,US81369Y8030,XLK.US,145.2794
2026-01-16,US81369Y8030,XLK.US,145.4392
2026-01-20,US81369Y8030,XLK.US,141.6639
2026-01-21,US81369Y8030,XLK.US,143.6314
2026-01-22,US81369Y8030,XLK.US,144.7001
2026-01-23,US81369Y8030,XLK.US,144.9098
2026-01-26,US81369Y8030,XLK.US,145.8986
2026-01-27,US81369Y8030,XLK.US,147.8662
2026-01-28,US81369Y8030,XLK.US,149.0447
2026-01-29,US81369Y8030,XLK.US,146.6876
2026-01-30,US81369Y8030,XLK.US,143.7013
2026-02-02,US81369Y8030,XLK.US,145.0796
2026-02-03,US81369Y8030,XLK.US,141.9036
2026-02-04,US81369Y8030,XLK.US,137.9485
2026-02-05,US81369Y8030,XLK.US,135.4616
2026-02-06,US81369Y8030,XLK.US,140.9547
2026-02-09,US81369Y8030,XLK.US,143.172
2026-02-10,US81369Y8030,XLK.US,142.373
2026-02-11,US81369Y8030,XLK.US,142.7925
2026-02-12,US81369Y8030,XLK.US,139.0371
2026-02-13,US81369Y8030,XLK.US,139.3867
2026-02-17,US81369Y8030,XLK.US,139.3068
2026-02-18,US81369Y8030,XLK.US,140.735
2026-02-19,US81369Y8030,XLK.US,140.0359
2026-02-20,US81369Y8030,XLK.US,140.7051
2026-02-23,US81369Y8030,XLK.US,138.348
2026-02-24,US81369Y8030,XLK.US,140.1458
2026-02-25,US81369Y8030,XLK.US,142.8324
2026-02-26,US81369Y8030,XLK.US,140.8349
2026-02-27,US81369Y8030,XLK.US,138.5877
2026-03-02,US81369Y8030,XLK.US,139.3667
2026-03-03,US81369Y8030,XLK.US,137.3293
2026-03-04,US81369Y8030,XLK.US,139.6663
2026-03-05,US81369Y8030,XLK.US,140.0059
2026-03-06,US81369Y8030,XLK.US,137.1195
2026-03-09,US81369Y8030,XLK.US,139.5864
2026-03-10,US81369Y8030,XLK.US,139.5864
2026-03-11,US81369Y8030,XLK.US,140.2556
2026-03-12,US81369Y8030,XLK.US,137.6688
2026-03-13,US81369Y8030,XLK.US,136.6301
2026-03-16,US81369Y8030,XLK.US,138.6077
2026-03-17,US81369Y8030,XLK.US,139.3667
2026-03-18,US81369Y8030,XLK.US,137.7887
2026-03-19,US81369Y8030,XLK.US,138.2581
2026-03-20,US81369Y8030,XLK.US,135.122
2026-03-23,US81369Y8030,XLK.US,136.95
2026-03-24,US81369Y8030,XLK.US,136.15
2026-03-25,US81369Y8030,XLK.US,136.76
2026-03-26,US81369Y8030,XLK.US,132.5
2026-03-27,US81369Y8030,XLK.US,129.92
2026-03-30,US81369Y8030,XLK.US,127.5
2026-03-31,US81369Y8030,XLK.US,132.9
2026-04-01,US81369Y8030,XLK.US,134.91
2026-04-02,US81369Y8030,XLK.US,135.99
2026-04-06,US81369Y8030,XLK.US,136.78
2026-04-07,US81369Y8030,XLK.US,137.43
2026-04-08,US81369Y8030,XLK.US,141.69
2026-04-09,US81369Y8030,XLK.US,142.07
2026-04-10,US81369Y8030,XLK.US,142.62
2026-04-13,US81369Y8030,XLK.US,145.61
2026-04-14,US81369Y8030,XLK.US,147.94
2026-04-15,US81369Y8030,XLK.US,150.3
2026-04-16,US81369Y8030,XLK.US,152.02
2026-04-17,US81369Y8030,XLK.US,154.35
2026-04-20,US81369Y8030,XLK.US,154.56
2026-04-21,US81369Y8030,XLK.US,154.69
2026-04-22,US81369Y8030,XLK.US,158.09
2026-04-23,US81369Y8030,XLK.US,155.84
2026-04-24,US81369Y8030,XLK.US,160.22
2023-04-27,__FACTOR_FX__,USDCHF.FOREX,0.8943
2023-04-28,__FACTOR_FX__,USDCHF.FOREX,0.8943
2023-05-01,__FACTOR_FX__,USDCHF.FOREX,0.8959
2023-05-02,__FACTOR_FX__,USDCHF.FOREX,0.8931
2023-05-03,__FACTOR_FX__,USDCHF.FOREX,0.8838
2023-05-04,__FACTOR_FX__,USDCHF.FOREX,0.8858
2023-05-05,__FACTOR_FX__,USDCHF.FOREX,0.8912
2023-05-08,__FACTOR_FX__,USDCHF.FOREX,0.8894
2023-05-09,__FACTOR_FX__,USDCHF.FOREX,0.8905
2023-05-10,__FACTOR_FX__,USDCHF.FOREX,0.8898
2023-05-11,__FACTOR_FX__,USDCHF.FOREX,0.8945
2023-05-12,__FACTOR_FX__,USDCHF.FOREX,0.8982
2023-05-15,__FACTOR_FX__,USDCHF.FOREX,0.8957
2023-05-16,__FACTOR_FX__,USDCHF.FOREX,0.8965
2023-05-17,__FACTOR_FX__,USDCHF.FOREX,0.8989
2023-05-18,__FACTOR_FX__,USDCHF.FOREX,0.9056
2023-05-19,__FACTOR_FX__,USDCHF.FOREX,0.8998
2023-05-22,__FACTOR_FX__,USDCHF.FOREX,0.8979
2023-05-23,__FACTOR_FX__,USDCHF.FOREX,0.9011
2023-05-24,__FACTOR_FX__,USDCHF.FOREX,0.9048
2023-05-25,__FACTOR_FX__,USDCHF.FOREX,0.9057
2023-05-26,__FACTOR_FX__,USDCHF.FOREX,0.9055
2023-05-29,__FACTOR_FX__,USDCHF.FOREX,0.9042
2023-05-30,__FACTOR_FX__,USDCHF.FOREX,0.9058
2023-05-31,__FACTOR_FX__,USDCHF.FOREX,0.9107
2023-06-01,__FACTOR_FX__,USDCHF.FOREX,0.9055
2023-06-02,__FACTOR_FX__,USDCHF.FOREX,0.9091
2023-06-05,__FACTOR_FX__,USDCHF.FOREX,0.9064
2023-06-06,__FACTOR_FX__,USDCHF.FOREX,0.9076
2023-06-07,__FACTOR_FX__,USDCHF.FOREX,0.9105
2023-06-08,__FACTOR_FX__,USDCHF.FOREX,0.8986
2023-06-09,__FACTOR_FX__,USDCHF.FOREX,0.904
2023-06-12,__FACTOR_FX__,USDCHF.FOREX,0.9091
2023-06-13,__FACTOR_FX__,USDCHF.FOREX,0.9052
2023-06-14,__FACTOR_FX__,USDCHF.FOREX,0.9011
2023-06-15,__FACTOR_FX__,USDCHF.FOREX,0.8919
2023-06-16,__FACTOR_FX__,USDCHF.FOREX,0.894
2023-06-19,__FACTOR_FX__,USDCHF.FOREX,0.8958
2023-06-20,__FACTOR_FX__,USDCHF.FOREX,0.8981
2023-06-21,__FACTOR_FX__,USDCHF.FOREX,0.8932
2023-06-22,__FACTOR_FX__,USDCHF.FOREX,0.8949
2023-06-23,__FACTOR_FX__,USDCHF.FOREX,0.8975
2023-06-26,__FACTOR_FX__,USDCHF.FOREX,0.8958
2023-06-27,__FACTOR_FX__,USDCHF.FOREX,0.8937
2023-06-28,__FACTOR_FX__,USDCHF.FOREX,0.897
2023-06-29,__FACTOR_FX__,USDCHF.FOREX,0.8995
2023-06-30,__FACTOR_FX__,USDCHF.FOREX,0.8955
2023-07-03,__FACTOR_FX__,USDCHF.FOREX,0.8965
2023-07-04,__FACTOR_FX__,USDCHF.FOREX,0.8969
2023-07-05,__FACTOR_FX__,USDCHF.FOREX,0.8989
2023-07-06,__FACTOR_FX__,USDCHF.FOREX,0.8952
2023-07-07,__FACTOR_FX__,USDCHF.FOREX,0.8884
2023-07-10,__FACTOR_FX__,USDCHF.FOREX,0.8854
2023-07-11,__FACTOR_FX__,USDCHF.FOREX,0.8795
2023-07-12,__FACTOR_FX__,USDCHF.FOREX,0.8675
2023-07-13,__FACTOR_FX__,USDCHF.FOREX,0.8588
2023-07-14,__FACTOR_FX__,USDCHF.FOREX,0.8619
2023-07-17,__FACTOR_FX__,USDCHF.FOREX,0.8607
2023-07-18,__FACTOR_FX__,USDCHF.FOREX,0.8575
2023-07-19,__FACTOR_FX__,USDCHF.FOREX,0.8587
2023-07-20,__FACTOR_FX__,USDCHF.FOREX,0.8668
2023-07-21,__FACTOR_FX__,USDCHF.FOREX,0.8659
2023-07-24,__FACTOR_FX__,USDCHF.FOREX,0.8699
2023-07-25,__FACTOR_FX__,USDCHF.FOREX,0.8638
2023-07-26,__FACTOR_FX__,USDCHF.FOREX,0.8608
2023-07-27,__FACTOR_FX__,USDCHF.FOREX,0.869
2023-07-28,__FACTOR_FX__,USDCHF.FOREX,0.87
2023-07-31,__FACTOR_FX__,USDCHF.FOREX,0.872
2023-08-01,__FACTOR_FX__,USDCHF.FOREX,0.8753
2023-08-02,__FACTOR_FX__,USDCHF.FOREX,0.8778
2023-08-03,__FACTOR_FX__,USDCHF.FOREX,0.8743
2023-08-04,__FACTOR_FX__,USDCHF.FOREX,0.8729
2023-08-07,__FACTOR_FX__,USDCHF.FOREX,0.8724
2023-08-08,__FACTOR_FX__,USDCHF.FOREX,0.8757
2023-08-09,__FACTOR_FX__,USDCHF.FOREX,0.8772
2023-08-10,__FACTOR_FX__,USDCHF.FOREX,0.8767
2023-08-11,__FACTOR_FX__,USDCHF.FOREX,0.8769
2023-08-14,__FACTOR_FX__,USDCHF.FOREX,0.8783
2023-08-15,__FACTOR_FX__,USDCHF.FOREX,0.8782
2023-08-16,__FACTOR_FX__,USDCHF.FOREX,0.8802
2023-08-17,__FACTOR_FX__,USDCHF.FOREX,0.8784
2023-08-18,__FACTOR_FX__,USDCHF.FOREX,0.8817
2023-08-21,__FACTOR_FX__,USDCHF.FOREX,0.8785
2023-08-22,__FACTOR_FX__,USDCHF.FOREX,0.8803
2023-08-23,__FACTOR_FX__,USDCHF.FOREX,0.8779
2023-08-24,__FACTOR_FX__,USDCHF.FOREX,0.8847
2023-08-25,__FACTOR_FX__,USDCHF.FOREX,0.8847
2023-08-28,__FACTOR_FX__,USDCHF.FOREX,0.8838
2023-08-29,__FACTOR_FX__,USDCHF.FOREX,0.8784
2023-08-30,__FACTOR_FX__,USDCHF.FOREX,0.8781
2023-08-31,__FACTOR_FX__,USDCHF.FOREX,0.8833
2023-09-01,__FACTOR_FX__,USDCHF.FOREX,0.8858
2023-09-04,__FACTOR_FX__,USDCHF.FOREX,0.8843
2023-09-05,__FACTOR_FX__,USDCHF.FOREX,0.8895
2023-09-06,__FACTOR_FX__,USDCHF.FOREX,0.8911
2023-09-07,__FACTOR_FX__,USDCHF.FOREX,0.8929
2023-09-08,__FACTOR_FX__,USDCHF.FOREX,0.8934
2023-09-11,__FACTOR_FX__,USDCHF.FOREX,0.8909
2023-09-12,__FACTOR_FX__,USDCHF.FOREX,0.8913
2023-09-13,__FACTOR_FX__,USDCHF.FOREX,0.8937
2023-09-14,__FACTOR_FX__,USDCHF.FOREX,0.8956
2023-09-15,__FACTOR_FX__,USDCHF.FOREX,0.8976
2023-09-18,__FACTOR_FX__,USDCHF.FOREX,0.8971
2023-09-19,__FACTOR_FX__,USDCHF.FOREX,0.8977
2023-09-20,__FACTOR_FX__,USDCHF.FOREX,0.8986
2023-09-21,__FACTOR_FX__,USDCHF.FOREX,0.9045
2023-09-22,__FACTOR_FX__,USDCHF.FOREX,0.9071
2023-09-25,__FACTOR_FX__,USDCHF.FOREX,0.912
2023-09-26,__FACTOR_FX__,USDCHF.FOREX,0.9158
2023-09-27,__FACTOR_FX__,USDCHF.FOREX,0.9213
2023-09-28,__FACTOR_FX__,USDCHF.FOREX,0.915
2023-09-29,__FACTOR_FX__,USDCHF.FOREX,0.9151
2023-10-02,__FACTOR_FX__,USDCHF.FOREX,0.9183
2023-10-03,__FACTOR_FX__,USDCHF.FOREX,0.921
2023-10-04,__FACTOR_FX__,USDCHF.FOREX,0.9172
2023-10-05,__FACTOR_FX__,USDCHF.FOREX,0.9123
2023-10-06,__FACTOR_FX__,USDCHF.FOREX,0.9101
2023-10-09,__FACTOR_FX__,USDCHF.FOREX,0.9067
2023-10-10,__FACTOR_FX__,USDCHF.FOREX,0.9045
2023-10-11,__FACTOR_FX__,USDCHF.FOREX,0.902
2023-10-12,__FACTOR_FX__,USDCHF.FOREX,0.9084
2023-10-13,__FACTOR_FX__,USDCHF.FOREX,0.9024
2023-10-16,__FACTOR_FX__,USDCHF.FOREX,0.9001
2023-10-17,__FACTOR_FX__,USDCHF.FOREX,0.9002
2023-10-18,__FACTOR_FX__,USDCHF.FOREX,0.899
2023-10-19,__FACTOR_FX__,USDCHF.FOREX,0.8914
2023-10-20,__FACTOR_FX__,USDCHF.FOREX,0.8919
2023-10-23,__FACTOR_FX__,USDCHF.FOREX,0.891
2023-10-24,__FACTOR_FX__,USDCHF.FOREX,0.8933
2023-10-25,__FACTOR_FX__,USDCHF.FOREX,0.8968
2023-10-26,__FACTOR_FX__,USDCHF.FOREX,0.8988
2023-10-27,__FACTOR_FX__,USDCHF.FOREX,0.9022
2023-10-30,__FACTOR_FX__,USDCHF.FOREX,0.902
2023-10-31,__FACTOR_FX__,USDCHF.FOREX,0.9105
2023-11-01,__FACTOR_FX__,USDCHF.FOREX,0.9078
2023-11-02,__FACTOR_FX__,USDCHF.FOREX,0.9062
2023-11-03,__FACTOR_FX__,USDCHF.FOREX,0.899
2023-11-06,__FACTOR_FX__,USDCHF.FOREX,0.8992
2023-11-07,__FACTOR_FX__,USDCHF.FOREX,0.9001
2023-11-08,__FACTOR_FX__,USDCHF.FOREX,0.8993
2023-11-09,__FACTOR_FX__,USDCHF.FOREX,0.9029
2023-11-10,__FACTOR_FX__,USDCHF.FOREX,0.9029
2023-11-13,__FACTOR_FX__,USDCHF.FOREX,0.9018
2023-11-14,__FACTOR_FX__,USDCHF.FOREX,0.8891
2023-11-15,__FACTOR_FX__,USDCHF.FOREX,0.8881
2023-11-16,__FACTOR_FX__,USDCHF.FOREX,0.8887
2023-11-17,__FACTOR_FX__,USDCHF.FOREX,0.8857
2023-11-20,__FACTOR_FX__,USDCHF.FOREX,0.885
2023-11-21,__FACTOR_FX__,USDCHF.FOREX,0.8836
2023-11-22,__FACTOR_FX__,USDCHF.FOREX,0.8839
2023-11-23,__FACTOR_FX__,USDCHF.FOREX,0.8843
2023-11-24,__FACTOR_FX__,USDCHF.FOREX,0.8826
2023-11-27,__FACTOR_FX__,USDCHF.FOREX,0.8804
2023-11-28,__FACTOR_FX__,USDCHF.FOREX,0.8782
2023-11-29,__FACTOR_FX__,USDCHF.FOREX,0.874
2023-11-30,__FACTOR_FX__,USDCHF.FOREX,0.8753
2023-12-01,__FACTOR_FX__,USDCHF.FOREX,0.8695
2023-12-04,__FACTOR_FX__,USDCHF.FOREX,0.8728
2023-12-05,__FACTOR_FX__,USDCHF.FOREX,0.875
2023-12-06,__FACTOR_FX__,USDCHF.FOREX,0.8747
2023-12-07,__FACTOR_FX__,USDCHF.FOREX,0.8752
2023-12-08,__FACTOR_FX__,USDCHF.FOREX,0.8798
2023-12-11,__FACTOR_FX__,USDCHF.FOREX,0.8785
2023-12-12,__FACTOR_FX__,USDCHF.FOREX,0.8753
2023-12-13,__FACTOR_FX__,USDCHF.FOREX,0.8717
2023-12-14,__FACTOR_FX__,USDCHF.FOREX,0.8676
2023-12-15,__FACTOR_FX__,USDCHF.FOREX,0.8705
2023-12-18,__FACTOR_FX__,USDCHF.FOREX,0.8672
2023-12-19,__FACTOR_FX__,USDCHF.FOREX,0.861
2023-12-20,__FACTOR_FX__,USDCHF.FOREX,0.8628
2023-12-21,__FACTOR_FX__,USDCHF.FOREX,0.8563
2023-12-22,__FACTOR_FX__,USDCHF.FOREX,0.8557
2023-12-25,__FACTOR_FX__,USDCHF.FOREX,0.8564
2023-12-26,__FACTOR_FX__,USDCHF.FOREX,0.8536
2023-12-27,__FACTOR_FX__,USDCHF.FOREX,0.8433
2023-12-28,__FACTOR_FX__,USDCHF.FOREX,0.8446
2023-12-29,__FACTOR_FX__,USDCHF.FOREX,0.8417
2024-01-01,__FACTOR_FX__,USDCHF.FOREX,0.8413
2024-01-02,__FACTOR_FX__,USDCHF.FOREX,0.8501
2024-01-03,__FACTOR_FX__,USDCHF.FOREX,0.8491
2024-01-04,__FACTOR_FX__,USDCHF.FOREX,0.8502
2024-01-05,__FACTOR_FX__,USDCHF.FOREX,0.85
2024-01-08,__FACTOR_FX__,USDCHF.FOREX,0.848
2024-01-09,__FACTOR_FX__,USDCHF.FOREX,0.8524
2024-01-10,__FACTOR_FX__,USDCHF.FOREX,0.8509
2024-01-11,__FACTOR_FX__,USDCHF.FOREX,0.852
2024-01-12,__FACTOR_FX__,USDCHF.FOREX,0.8524
2024-01-15,__FACTOR_FX__,USDCHF.FOREX,0.8557
2024-01-16,__FACTOR_FX__,USDCHF.FOREX,0.8616
2024-01-17,__FACTOR_FX__,USDCHF.FOREX,0.8644
2024-01-18,__FACTOR_FX__,USDCHF.FOREX,0.8681
2024-01-19,__FACTOR_FX__,USDCHF.FOREX,0.8687
2024-01-22,__FACTOR_FX__,USDCHF.FOREX,0.8691
2024-01-23,__FACTOR_FX__,USDCHF.FOREX,0.8703
2024-01-24,__FACTOR_FX__,USDCHF.FOREX,0.8628
2024-01-25,__FACTOR_FX__,USDCHF.FOREX,0.8669
2024-01-26,__FACTOR_FX__,USDCHF.FOREX,0.8646
2024-01-29,__FACTOR_FX__,USDCHF.FOREX,0.8614
2024-01-30,__FACTOR_FX__,USDCHF.FOREX,0.8618
2024-01-31,__FACTOR_FX__,USDCHF.FOREX,0.8613
2024-02-01,__FACTOR_FX__,USDCHF.FOREX,0.8576
2024-02-02,__FACTOR_FX__,USDCHF.FOREX,0.8666
2024-02-05,__FACTOR_FX__,USDCHF.FOREX,0.8707
2024-02-06,__FACTOR_FX__,USDCHF.FOREX,0.8698
2024-02-07,__FACTOR_FX__,USDCHF.FOREX,0.8745
2024-02-08,__FACTOR_FX__,USDCHF.FOREX,0.8737
2024-02-09,__FACTOR_FX__,USDCHF.FOREX,0.8748
2024-02-12,__FACTOR_FX__,USDCHF.FOREX,0.8757
2024-02-13,__FACTOR_FX__,USDCHF.FOREX,0.8871
2024-02-14,__FACTOR_FX__,USDCHF.FOREX,0.886
2024-02-15,__FACTOR_FX__,USDCHF.FOREX,0.88
2024-02-16,__FACTOR_FX__,USDCHF.FOREX,0.8807
2024-02-19,__FACTOR_FX__,USDCHF.FOREX,0.8823
2024-02-20,__FACTOR_FX__,USDCHF.FOREX,0.882
2024-02-21,__FACTOR_FX__,USDCHF.FOREX,0.8796
2024-02-22,__FACTOR_FX__,USDCHF.FOREX,0.8803
2024-02-23,__FACTOR_FX__,USDCHF.FOREX,0.8813
2024-02-26,__FACTOR_FX__,USDCHF.FOREX,0.88
2024-02-27,__FACTOR_FX__,USDCHF.FOREX,0.8785
2024-02-28,__FACTOR_FX__,USDCHF.FOREX,0.8788
2024-02-29,__FACTOR_FX__,USDCHF.FOREX,0.8846
2024-03-01,__FACTOR_FX__,USDCHF.FOREX,0.8836
2024-03-04,__FACTOR_FX__,USDCHF.FOREX,0.8849
2024-03-05,__FACTOR_FX__,USDCHF.FOREX,0.8834
2024-03-06,__FACTOR_FX__,USDCHF.FOREX,0.8821
2024-03-07,__FACTOR_FX__,USDCHF.FOREX,0.8777
2024-03-08,__FACTOR_FX__,USDCHF.FOREX,0.8777
2024-03-11,__FACTOR_FX__,USDCHF.FOREX,0.8777
2024-03-12,__FACTOR_FX__,USDCHF.FOREX,0.8771
2024-03-13,__FACTOR_FX__,USDCHF.FOREX,0.8789
2024-03-14,__FACTOR_FX__,USDCHF.FOREX,0.8839
2024-03-15,__FACTOR_FX__,USDCHF.FOREX,0.8837
2024-03-18,__FACTOR_FX__,USDCHF.FOREX,0.8878
2024-03-19,__FACTOR_FX__,USDCHF.FOREX,0.8881
2024-03-20,__FACTOR_FX__,USDCHF.FOREX,0.887
2024-03-21,__FACTOR_FX__,USDCHF.FOREX,0.8976
2024-03-22,__FACTOR_FX__,USDCHF.FOREX,0.8978
2024-03-25,__FACTOR_FX__,USDCHF.FOREX,0.8994
2024-03-26,__FACTOR_FX__,USDCHF.FOREX,0.904
2024-03-27,__FACTOR_FX__,USDCHF.FOREX,0.9038
2024-03-28,__FACTOR_FX__,USDCHF.FOREX,0.9017
2024-03-29,__FACTOR_FX__,USDCHF.FOREX,0.9018
2024-04-01,__FACTOR_FX__,USDCHF.FOREX,0.9043
2024-04-02,__FACTOR_FX__,USDCHF.FOREX,0.908
2024-04-03,__FACTOR_FX__,USDCHF.FOREX,0.9031
2024-04-04,__FACTOR_FX__,USDCHF.FOREX,0.9014
2024-04-05,__FACTOR_FX__,USDCHF.FOREX,0.9016
2024-04-08,__FACTOR_FX__,USDCHF.FOREX,0.9055
2024-04-09,__FACTOR_FX__,USDCHF.FOREX,0.9036
2024-04-10,__FACTOR_FX__,USDCHF.FOREX,0.9132
2024-04-11,__FACTOR_FX__,USDCHF.FOREX,0.91
2024-04-12,__FACTOR_FX__,USDCHF.FOREX,0.9142
2024-04-15,__FACTOR_FX__,USDCHF.FOREX,0.9116
2024-04-16,__FACTOR_FX__,USDCHF.FOREX,0.9129
2024-04-17,__FACTOR_FX__,USDCHF.FOREX,0.9108
2024-04-18,__FACTOR_FX__,USDCHF.FOREX,0.9123
2024-04-19,__FACTOR_FX__,USDCHF.FOREX,0.9102
2024-04-22,__FACTOR_FX__,USDCHF.FOREX,0.912
2024-04-23,__FACTOR_FX__,USDCHF.FOREX,0.9119
2024-04-24,__FACTOR_FX__,USDCHF.FOREX,0.9151
2024-04-25,__FACTOR_FX__,USDCHF.FOREX,0.9122
2024-04-26,__FACTOR_FX__,USDCHF.FOREX,0.9143
2024-04-29,__FACTOR_FX__,USDCHF.FOREX,0.9105
2024-04-30,__FACTOR_FX__,USDCHF.FOREX,0.9194
2024-05-01,__FACTOR_FX__,USDCHF.FOREX,0.9156
2024-05-02,__FACTOR_FX__,USDCHF.FOREX,0.9106
2024-05-03,__FACTOR_FX__,USDCHF.FOREX,0.9056
2024-05-06,__FACTOR_FX__,USDCHF.FOREX,0.9063
2024-05-07,__FACTOR_FX__,USDCHF.FOREX,0.9084
2024-05-08,__FACTOR_FX__,USDCHF.FOREX,0.9079
2024-05-09,__FACTOR_FX__,USDCHF.FOREX,0.906
2024-05-10,__FACTOR_FX__,USDCHF.FOREX,0.9065
2024-05-13,__FACTOR_FX__,USDCHF.FOREX,0.9083
2024-05-14,__FACTOR_FX__,USDCHF.FOREX,0.9066
2024-05-15,__FACTOR_FX__,USDCHF.FOREX,0.9022
2024-05-16,__FACTOR_FX__,USDCHF.FOREX,0.9062
2024-05-17,__FACTOR_FX__,USDCHF.FOREX,0.9091
2024-05-20,__FACTOR_FX__,USDCHF.FOREX,0.9106
2024-05-21,__FACTOR_FX__,USDCHF.FOREX,0.9112
2024-05-22,__FACTOR_FX__,USDCHF.FOREX,0.9158
2024-05-23,__FACTOR_FX__,USDCHF.FOREX,0.9144
2024-05-24,__FACTOR_FX__,USDCHF.FOREX,0.915
2024-05-27,__FACTOR_FX__,USDCHF.FOREX,0.9139
2024-05-28,__FACTOR_FX__,USDCHF.FOREX,0.9125
2024-05-29,__FACTOR_FX__,USDCHF.FOREX,0.9135
2024-05-30,__FACTOR_FX__,USDCHF.FOREX,0.9034
2024-05-31,__FACTOR_FX__,USDCHF.FOREX,0.9021
2024-06-03,__FACTOR_FX__,USDCHF.FOREX,0.8957
2024-06-04,__FACTOR_FX__,USDCHF.FOREX,0.8899
2024-06-05,__FACTOR_FX__,USDCHF.FOREX,0.8935
2024-06-06,__FACTOR_FX__,USDCHF.FOREX,0.8893
2024-06-07,__FACTOR_FX__,USDCHF.FOREX,0.8961
2024-06-10,__FACTOR_FX__,USDCHF.FOREX,0.8965
2024-06-11,__FACTOR_FX__,USDCHF.FOREX,0.8976
2024-06-12,__FACTOR_FX__,USDCHF.FOREX,0.8943
2024-06-13,__FACTOR_FX__,USDCHF.FOREX,0.8939
2024-06-14,__FACTOR_FX__,USDCHF.FOREX,0.8903
2024-06-17,__FACTOR_FX__,USDCHF.FOREX,0.8895
2024-06-18,__FACTOR_FX__,USDCHF.FOREX,0.8842
2024-06-19,__FACTOR_FX__,USDCHF.FOREX,0.8843
2024-06-20,__FACTOR_FX__,USDCHF.FOREX,0.8913
2024-06-21,__FACTOR_FX__,USDCHF.FOREX,0.8939
2024-06-24,__FACTOR_FX__,USDCHF.FOREX,0.8929
2024-06-25,__FACTOR_FX__,USDCHF.FOREX,0.8948
2024-06-26,__FACTOR_FX__,USDCHF.FOREX,0.8973
2024-06-27,__FACTOR_FX__,USDCHF.FOREX,0.8987
2024-06-28,__FACTOR_FX__,USDCHF.FOREX,0.8989
2024-07-01,__FACTOR_FX__,USDCHF.FOREX,0.9029
2024-07-02,__FACTOR_FX__,USDCHF.FOREX,0.9039
2024-07-03,__FACTOR_FX__,USDCHF.FOREX,0.9016
2024-07-04,__FACTOR_FX__,USDCHF.FOREX,0.9003
2024-07-05,__FACTOR_FX__,USDCHF.FOREX,0.8962
2024-07-08,__FACTOR_FX__,USDCHF.FOREX,0.8977
2024-07-09,__FACTOR_FX__,USDCHF.FOREX,0.8979
2024-07-10,__FACTOR_FX__,USDCHF.FOREX,0.8996
2024-07-11,__FACTOR_FX__,USDCHF.FOREX,0.8964
2024-07-12,__FACTOR_FX__,USDCHF.FOREX,0.8942
2024-07-15,__FACTOR_FX__,USDCHF.FOREX,0.8958
2024-07-16,__FACTOR_FX__,USDCHF.FOREX,0.8936
2024-07-17,__FACTOR_FX__,USDCHF.FOREX,0.8834
2024-07-18,__FACTOR_FX__,USDCHF.FOREX,0.8877
2024-07-19,__FACTOR_FX__,USDCHF.FOREX,0.8892
2024-07-22,__FACTOR_FX__,USDCHF.FOREX,0.8897
2024-07-23,__FACTOR_FX__,USDCHF.FOREX,0.8912
2024-07-24,__FACTOR_FX__,USDCHF.FOREX,0.8852
2024-07-25,__FACTOR_FX__,USDCHF.FOREX,0.8817
2024-07-26,__FACTOR_FX__,USDCHF.FOREX,0.8838
2024-07-29,__FACTOR_FX__,USDCHF.FOREX,0.8861
2024-07-30,__FACTOR_FX__,USDCHF.FOREX,0.8826
2024-07-31,__FACTOR_FX__,USDCHF.FOREX,0.878
2024-08-01,__FACTOR_FX__,USDCHF.FOREX,0.8729
2024-08-02,__FACTOR_FX__,USDCHF.FOREX,0.8577
2024-08-05,__FACTOR_FX__,USDCHF.FOREX,0.8525
2024-08-06,__FACTOR_FX__,USDCHF.FOREX,0.8515
2024-08-07,__FACTOR_FX__,USDCHF.FOREX,0.8617
2024-08-08,__FACTOR_FX__,USDCHF.FOREX,0.8667
2024-08-09,__FACTOR_FX__,USDCHF.FOREX,0.8655
2024-08-12,__FACTOR_FX__,USDCHF.FOREX,0.8652
2024-08-13,__FACTOR_FX__,USDCHF.FOREX,0.8648
2024-08-14,__FACTOR_FX__,USDCHF.FOREX,0.8652
2024-08-15,__FACTOR_FX__,USDCHF.FOREX,0.8727
2024-08-16,__FACTOR_FX__,USDCHF.FOREX,0.8663
2024-08-19,__FACTOR_FX__,USDCHF.FOREX,0.8628
2024-08-20,__FACTOR_FX__,USDCHF.FOREX,0.8541
2024-08-21,__FACTOR_FX__,USDCHF.FOREX,0.8518
2024-08-22,__FACTOR_FX__,USDCHF.FOREX,0.8522
2024-08-23,__FACTOR_FX__,USDCHF.FOREX,0.8482
2024-08-26,__FACTOR_FX__,USDCHF.FOREX,0.8473
2024-08-27,__FACTOR_FX__,USDCHF.FOREX,0.8416
2024-08-28,__FACTOR_FX__,USDCHF.FOREX,0.8423
2024-08-29,__FACTOR_FX__,USDCHF.FOREX,0.8473
2024-08-30,__FACTOR_FX__,USDCHF.FOREX,0.8501
2024-09-02,__FACTOR_FX__,USDCHF.FOREX,0.8518
2024-09-03,__FACTOR_FX__,USDCHF.FOREX,0.8504
2024-09-04,__FACTOR_FX__,USDCHF.FOREX,0.8465
2024-09-05,__FACTOR_FX__,USDCHF.FOREX,0.8441
2024-09-06,__FACTOR_FX__,USDCHF.FOREX,0.843
2024-09-09,__FACTOR_FX__,USDCHF.FOREX,0.8494
2024-09-10,__FACTOR_FX__,USDCHF.FOREX,0.847
2024-09-11,__FACTOR_FX__,USDCHF.FOREX,0.8523
2024-09-12,__FACTOR_FX__,USDCHF.FOREX,0.8511
2024-09-13,__FACTOR_FX__,USDCHF.FOREX,0.8491
2024-09-16,__FACTOR_FX__,USDCHF.FOREX,0.8448
2024-09-17,__FACTOR_FX__,USDCHF.FOREX,0.8472
2024-09-18,__FACTOR_FX__,USDCHF.FOREX,0.8463
2024-09-19,__FACTOR_FX__,USDCHF.FOREX,0.8479
2024-09-20,__FACTOR_FX__,USDCHF.FOREX,0.8502
2024-09-23,__FACTOR_FX__,USDCHF.FOREX,0.8476
2024-09-24,__FACTOR_FX__,USDCHF.FOREX,0.8434
2024-09-25,__FACTOR_FX__,USDCHF.FOREX,0.8505
2024-09-26,__FACTOR_FX__,USDCHF.FOREX,0.8462
2024-09-27,__FACTOR_FX__,USDCHF.FOREX,0.8406
2024-09-30,__FACTOR_FX__,USDCHF.FOREX,0.8456
2024-10-01,__FACTOR_FX__,USDCHF.FOREX,0.8466
2024-10-02,__FACTOR_FX__,USDCHF.FOREX,0.8498
2024-10-03,__FACTOR_FX__,USDCHF.FOREX,0.853
2024-10-04,__FACTOR_FX__,USDCHF.FOREX,0.8582
2024-10-07,__FACTOR_FX__,USDCHF.FOREX,0.8547
2024-10-08,__FACTOR_FX__,USDCHF.FOREX,0.8572
2024-10-09,__FACTOR_FX__,USDCHF.FOREX,0.8606
2024-10-10,__FACTOR_FX__,USDCHF.FOREX,0.8562
2024-10-11,__FACTOR_FX__,USDCHF.FOREX,0.8572
2024-10-14,__FACTOR_FX__,USDCHF.FOREX,0.8626
2024-10-15,__FACTOR_FX__,USDCHF.FOREX,0.862
2024-10-16,__FACTOR_FX__,USDCHF.FOREX,0.8655
2024-10-17,__FACTOR_FX__,USDCHF.FOREX,0.8661
2024-10-18,__FACTOR_FX__,USDCHF.FOREX,0.8651
2024-10-21,__FACTOR_FX__,USDCHF.FOREX,0.8662
2024-10-22,__FACTOR_FX__,USDCHF.FOREX,0.8654
2024-10-23,__FACTOR_FX__,USDCHF.FOREX,0.8664
2024-10-24,__FACTOR_FX__,USDCHF.FOREX,0.8657
2024-10-25,__FACTOR_FX__,USDCHF.FOREX,0.8669
2024-10-28,__FACTOR_FX__,USDCHF.FOREX,0.8654
2024-10-29,__FACTOR_FX__,USDCHF.FOREX,0.8674
2024-10-30,__FACTOR_FX__,USDCHF.FOREX,0.8668
2024-10-31,__FACTOR_FX__,USDCHF.FOREX,0.8638
2024-11-01,__FACTOR_FX__,USDCHF.FOREX,0.8701
2024-11-04,__FACTOR_FX__,USDCHF.FOREX,0.8642
2024-11-05,__FACTOR_FX__,USDCHF.FOREX,0.8632
2024-11-06,__FACTOR_FX__,USDCHF.FOREX,0.8765
2024-11-07,__FACTOR_FX__,USDCHF.FOREX,0.8726
2024-11-08,__FACTOR_FX__,USDCHF.FOREX,0.8756
2024-11-11,__FACTOR_FX__,USDCHF.FOREX,0.8807
2024-11-12,__FACTOR_FX__,USDCHF.FOREX,0.8816
2024-11-13,__FACTOR_FX__,USDCHF.FOREX,0.8861
2024-11-14,__FACTOR_FX__,USDCHF.FOREX,0.8902
2024-11-15,__FACTOR_FX__,USDCHF.FOREX,0.8881
2024-11-18,__FACTOR_FX__,USDCHF.FOREX,0.8831
2024-11-19,__FACTOR_FX__,USDCHF.FOREX,0.8824
2024-11-20,__FACTOR_FX__,USDCHF.FOREX,0.8842
2024-11-21,__FACTOR_FX__,USDCHF.FOREX,0.8867
2024-11-22,__FACTOR_FX__,USDCHF.FOREX,0.8939
2024-11-25,__FACTOR_FX__,USDCHF.FOREX,0.8862
2024-11-26,__FACTOR_FX__,USDCHF.FOREX,0.8865
2024-11-27,__FACTOR_FX__,USDCHF.FOREX,0.8818
2024-11-28,__FACTOR_FX__,USDCHF.FOREX,0.883
2024-11-29,__FACTOR_FX__,USDCHF.FOREX,0.881
2024-12-02,__FACTOR_FX__,USDCHF.FOREX,0.8869
2024-12-03,__FACTOR_FX__,USDCHF.FOREX,0.8864
2024-12-04,__FACTOR_FX__,USDCHF.FOREX,0.8843
2024-12-05,__FACTOR_FX__,USDCHF.FOREX,0.8788
2024-12-06,__FACTOR_FX__,USDCHF.FOREX,0.8787
2024-12-09,__FACTOR_FX__,USDCHF.FOREX,0.8788
2024-12-10,__FACTOR_FX__,USDCHF.FOREX,0.8828
2024-12-11,__FACTOR_FX__,USDCHF.FOREX,0.8843
2024-12-12,__FACTOR_FX__,USDCHF.FOREX,0.8922
2024-12-13,__FACTOR_FX__,USDCHF.FOREX,0.8928
2024-12-16,__FACTOR_FX__,USDCHF.FOREX,0.8944
2024-12-17,__FACTOR_FX__,USDCHF.FOREX,0.8928
2024-12-18,__FACTOR_FX__,USDCHF.FOREX,0.9011
2024-12-19,__FACTOR_FX__,USDCHF.FOREX,0.8989
2024-12-20,__FACTOR_FX__,USDCHF.FOREX,0.8931
2024-12-23,__FACTOR_FX__,USDCHF.FOREX,0.8986
2024-12-24,__FACTOR_FX__,USDCHF.FOREX,0.9004
2024-12-25,__FACTOR_FX__,USDCHF.FOREX,0.899
2024-12-26,__FACTOR_FX__,USDCHF.FOREX,0.8989
2024-12-27,__FACTOR_FX__,USDCHF.FOREX,0.9019
2024-12-30,__FACTOR_FX__,USDCHF.FOREX,0.9039
2024-12-31,__FACTOR_FX__,USDCHF.FOREX,0.9073
2025-01-01,__FACTOR_FX__,USDCHF.FOREX,0.9072
2025-01-02,__FACTOR_FX__,USDCHF.FOREX,0.9123
2025-01-03,__FACTOR_FX__,USDCHF.FOREX,0.9084
2025-01-06,__FACTOR_FX__,USDCHF.FOREX,0.9047
2025-01-07,__FACTOR_FX__,USDCHF.FOREX,0.9096
2025-01-08,__FACTOR_FX__,USDCHF.FOREX,0.9111
2025-01-09,__FACTOR_FX__,USDCHF.FOREX,0.9122
2025-01-10,__FACTOR_FX__,USDCHF.FOREX,0.9165
2025-01-13,__FACTOR_FX__,USDCHF.FOREX,0.9168
2025-01-14,__FACTOR_FX__,USDCHF.FOREX,0.9122
2025-01-15,__FACTOR_FX__,USDCHF.FOREX,0.9127
2025-01-16,__FACTOR_FX__,USDCHF.FOREX,0.9109
2025-01-17,__FACTOR_FX__,USDCHF.FOREX,0.915
2025-01-20,__FACTOR_FX__,USDCHF.FOREX,0.9066
2025-01-21,__FACTOR_FX__,USDCHF.FOREX,0.9059
2025-01-22,__FACTOR_FX__,USDCHF.FOREX,0.9068
2025-01-23,__FACTOR_FX__,USDCHF.FOREX,0.9074
2025-01-24,__FACTOR_FX__,USDCHF.FOREX,0.9059
2025-01-27,__FACTOR_FX__,USDCHF.FOREX,0.9021
2025-01-28,__FACTOR_FX__,USDCHF.FOREX,0.9041
2025-01-29,__FACTOR_FX__,USDCHF.FOREX,0.9069
2025-01-30,__FACTOR_FX__,USDCHF.FOREX,0.9096
2025-01-31,__FACTOR_FX__,USDCHF.FOREX,0.9111
2025-02-03,__FACTOR_FX__,USDCHF.FOREX,0.9105
2025-02-04,__FACTOR_FX__,USDCHF.FOREX,0.9053
2025-02-05,__FACTOR_FX__,USDCHF.FOREX,0.9018
2025-02-06,__FACTOR_FX__,USDCHF.FOREX,0.905
2025-02-07,__FACTOR_FX__,USDCHF.FOREX,0.9098
2025-02-10,__FACTOR_FX__,USDCHF.FOREX,0.9113
2025-02-11,__FACTOR_FX__,USDCHF.FOREX,0.9132
2025-02-12,__FACTOR_FX__,USDCHF.FOREX,0.9137
2025-02-13,__FACTOR_FX__,USDCHF.FOREX,0.9031
2025-02-14,__FACTOR_FX__,USDCHF.FOREX,0.8995
2025-02-17,__FACTOR_FX__,USDCHF.FOREX,0.9008
2025-02-18,__FACTOR_FX__,USDCHF.FOREX,0.9033
2025-02-19,__FACTOR_FX__,USDCHF.FOREX,0.9046
2025-02-20,__FACTOR_FX__,USDCHF.FOREX,0.8979
2025-02-21,__FACTOR_FX__,USDCHF.FOREX,0.8978
2025-02-24,__FACTOR_FX__,USDCHF.FOREX,0.8971
2025-02-25,__FACTOR_FX__,USDCHF.FOREX,0.893
2025-02-26,__FACTOR_FX__,USDCHF.FOREX,0.8948
2025-02-27,__FACTOR_FX__,USDCHF.FOREX,0.8997
2025-02-28,__FACTOR_FX__,USDCHF.FOREX,0.9035
2025-03-03,__FACTOR_FX__,USDCHF.FOREX,0.8969
2025-03-04,__FACTOR_FX__,USDCHF.FOREX,0.8898
2025-03-05,__FACTOR_FX__,USDCHF.FOREX,0.8909
2025-03-06,__FACTOR_FX__,USDCHF.FOREX,0.8837
2025-03-07,__FACTOR_FX__,USDCHF.FOREX,0.8799
2025-03-10,__FACTOR_FX__,USDCHF.FOREX,0.8809
2025-03-11,__FACTOR_FX__,USDCHF.FOREX,0.8828
2025-03-12,__FACTOR_FX__,USDCHF.FOREX,0.8819
2025-03-13,__FACTOR_FX__,USDCHF.FOREX,0.8821
2025-03-14,__FACTOR_FX__,USDCHF.FOREX,0.8853
2025-03-17,__FACTOR_FX__,USDCHF.FOREX,0.8809
2025-03-18,__FACTOR_FX__,USDCHF.FOREX,0.8766
2025-03-19,__FACTOR_FX__,USDCHF.FOREX,0.8775
2025-03-20,__FACTOR_FX__,USDCHF.FOREX,0.8821
2025-03-21,__FACTOR_FX__,USDCHF.FOREX,0.8833
2025-03-24,__FACTOR_FX__,USDCHF.FOREX,0.8831
2025-03-25,__FACTOR_FX__,USDCHF.FOREX,0.8826
2025-03-26,__FACTOR_FX__,USDCHF.FOREX,0.8837
2025-03-27,__FACTOR_FX__,USDCHF.FOREX,0.8816
2025-03-28,__FACTOR_FX__,USDCHF.FOREX,0.8805
2025-03-31,__FACTOR_FX__,USDCHF.FOREX,0.8844
2025-04-01,__FACTOR_FX__,USDCHF.FOREX,0.8837
2025-04-02,__FACTOR_FX__,USDCHF.FOREX,0.8816
2025-04-03,__FACTOR_FX__,USDCHF.FOREX,0.8592
2025-04-04,__FACTOR_FX__,USDCHF.FOREX,0.8606
2025-04-07,__FACTOR_FX__,USDCHF.FOREX,0.86
2025-04-08,__FACTOR_FX__,USDCHF.FOREX,0.8477
2025-04-09,__FACTOR_FX__,USDCHF.FOREX,0.8583
2025-04-10,__FACTOR_FX__,USDCHF.FOREX,0.8237
2025-04-11,__FACTOR_FX__,USDCHF.FOREX,0.8153
2025-04-14,__FACTOR_FX__,USDCHF.FOREX,0.8149
2025-04-15,__FACTOR_FX__,USDCHF.FOREX,0.8235
2025-04-16,__FACTOR_FX__,USDCHF.FOREX,0.8132
2025-04-17,__FACTOR_FX__,USDCHF.FOREX,0.8199
2025-04-18,__FACTOR_FX__,USDCHF.FOREX,0.8163
2025-04-21,__FACTOR_FX__,USDCHF.FOREX,0.809
2025-04-22,__FACTOR_FX__,USDCHF.FOREX,0.819
2025-04-23,__FACTOR_FX__,USDCHF.FOREX,0.831
2025-04-24,__FACTOR_FX__,USDCHF.FOREX,0.8272
2025-04-25,__FACTOR_FX__,USDCHF.FOREX,0.8279
2025-04-28,__FACTOR_FX__,USDCHF.FOREX,0.82
2025-04-29,__FACTOR_FX__,USDCHF.FOREX,0.8239
2025-04-30,__FACTOR_FX__,USDCHF.FOREX,0.8262
2025-05-01,__FACTOR_FX__,USDCHF.FOREX,0.8295
2025-05-02,__FACTOR_FX__,USDCHF.FOREX,0.8268
2025-05-05,__FACTOR_FX__,USDCHF.FOREX,0.8225
2025-05-06,__FACTOR_FX__,USDCHF.FOREX,0.8222
2025-05-07,__FACTOR_FX__,USDCHF.FOREX,0.8238
2025-05-08,__FACTOR_FX__,USDCHF.FOREX,0.8322
2025-05-09,__FACTOR_FX__,USDCHF.FOREX,0.8315
2025-05-12,__FACTOR_FX__,USDCHF.FOREX,0.8457
2025-05-13,__FACTOR_FX__,USDCHF.FOREX,0.8395
2025-05-14,__FACTOR_FX__,USDCHF.FOREX,0.8421
2025-05-15,__FACTOR_FX__,USDCHF.FOREX,0.8359
2025-05-16,__FACTOR_FX__,USDCHF.FOREX,0.8379
2025-05-19,__FACTOR_FX__,USDCHF.FOREX,0.8347
2025-05-20,__FACTOR_FX__,USDCHF.FOREX,0.8284
2025-05-21,__FACTOR_FX__,USDCHF.FOREX,0.8255
2025-05-22,__FACTOR_FX__,USDCHF.FOREX,0.8291
2025-05-23,__FACTOR_FX__,USDCHF.FOREX,0.8214
2025-05-26,__FACTOR_FX__,USDCHF.FOREX,0.8211
2025-05-27,__FACTOR_FX__,USDCHF.FOREX,0.8272
2025-05-28,__FACTOR_FX__,USDCHF.FOREX,0.8275
2025-05-29,__FACTOR_FX__,USDCHF.FOREX,0.823
2025-05-30,__FACTOR_FX__,USDCHF.FOREX,0.8226
2025-06-02,__FACTOR_FX__,USDCHF.FOREX,0.8171
2025-06-03,__FACTOR_FX__,USDCHF.FOREX,0.8239
2025-06-04,__FACTOR_FX__,USDCHF.FOREX,0.8184
2025-06-05,__FACTOR_FX__,USDCHF.FOREX,0.8198
2025-06-06,__FACTOR_FX__,USDCHF.FOREX,0.8217
2025-06-08,__FACTOR_FX__,USDCHF.FOREX,0.822
2025-06-09,__FACTOR_FX__,USDCHF.FOREX,0.8219
2025-06-10,__FACTOR_FX__,USDCHF.FOREX,0.8227
2025-06-11,__FACTOR_FX__,USDCHF.FOREX,0.8203
2025-06-12,__FACTOR_FX__,USDCHF.FOREX,0.8103
2025-06-13,__FACTOR_FX__,USDCHF.FOREX,0.8113
2025-06-15,__FACTOR_FX__,USDCHF.FOREX,0.8117
2025-06-16,__FACTOR_FX__,USDCHF.FOREX,0.8142
2025-06-17,__FACTOR_FX__,USDCHF.FOREX,0.8165
2025-06-18,__FACTOR_FX__,USDCHF.FOREX,0.8189
2025-06-19,__FACTOR_FX__,USDCHF.FOREX,0.8167
2025-06-20,__FACTOR_FX__,USDCHF.FOREX,0.8176
2025-06-22,__FACTOR_FX__,USDCHF.FOREX,0.8173
2025-06-23,__FACTOR_FX__,USDCHF.FOREX,0.8127
2025-06-24,__FACTOR_FX__,USDCHF.FOREX,0.8056
2025-06-25,__FACTOR_FX__,USDCHF.FOREX,0.8048
2025-06-26,__FACTOR_FX__,USDCHF.FOREX,0.8003
2025-06-27,__FACTOR_FX__,USDCHF.FOREX,0.7991
2025-06-29,__FACTOR_FX__,USDCHF.FOREX,0.7989
2025-06-30,__FACTOR_FX__,USDCHF.FOREX,0.7931
2025-07-01,__FACTOR_FX__,USDCHF.FOREX,0.7911
2025-07-02,__FACTOR_FX__,USDCHF.FOREX,0.792
2025-07-03,__FACTOR_FX__,USDCHF.FOREX,0.7952
2025-07-04,__FACTOR_FX__,USDCHF.FOREX,0.7941
2025-07-06,__FACTOR_FX__,USDCHF.FOREX,0.7943
2025-07-07,__FACTOR_FX__,USDCHF.FOREX,0.7986
2025-07-08,__FACTOR_FX__,USDCHF.FOREX,0.7962
2025-07-09,__FACTOR_FX__,USDCHF.FOREX,0.7943
2025-07-10,__FACTOR_FX__,USDCHF.FOREX,0.7971
2025-07-11,__FACTOR_FX__,USDCHF.FOREX,0.7966
2025-07-13,__FACTOR_FX__,USDCHF.FOREX,0.7972
2025-07-14,__FACTOR_FX__,USDCHF.FOREX,0.7979
2025-07-15,__FACTOR_FX__,USDCHF.FOREX,0.8017
2025-07-16,__FACTOR_FX__,USDCHF.FOREX,0.8005
2025-07-17,__FACTOR_FX__,USDCHF.FOREX,0.8046
2025-07-18,__FACTOR_FX__,USDCHF.FOREX,0.8015
2025-07-20,__FACTOR_FX__,USDCHF.FOREX,0.7997
2025-07-21,__FACTOR_FX__,USDCHF.FOREX,0.798
2025-07-22,__FACTOR_FX__,USDCHF.FOREX,0.7925
2025-07-23,__FACTOR_FX__,USDCHF.FOREX,0.7924
2025-07-24,__FACTOR_FX__,USDCHF.FOREX,0.7956
2025-07-25,__FACTOR_FX__,USDCHF.FOREX,0.7949
2025-07-27,__FACTOR_FX__,USDCHF.FOREX,0.7954
2025-07-28,__FACTOR_FX__,USDCHF.FOREX,0.8036
2025-07-29,__FACTOR_FX__,USDCHF.FOREX,0.806
2025-07-30,__FACTOR_FX__,USDCHF.FOREX,0.8148
2025-07-31,__FACTOR_FX__,USDCHF.FOREX,0.8124
2025-08-01,__FACTOR_FX__,USDCHF.FOREX,0.804
2025-08-03,__FACTOR_FX__,USDCHF.FOREX,0.8032
2025-08-04,__FACTOR_FX__,USDCHF.FOREX,0.8083
2025-08-05,__FACTOR_FX__,USDCHF.FOREX,0.8079
2025-08-06,__FACTOR_FX__,USDCHF.FOREX,0.8066
2025-08-07,__FACTOR_FX__,USDCHF.FOREX,0.8067
2025-08-08,__FACTOR_FX__,USDCHF.FOREX,0.8082
2025-08-10,__FACTOR_FX__,USDCHF.FOREX,0.8068
2025-08-11,__FACTOR_FX__,USDCHF.FOREX,0.8126
2025-08-12,__FACTOR_FX__,USDCHF.FOREX,0.8066
2025-08-13,__FACTOR_FX__,USDCHF.FOREX,0.8052
2025-08-14,__FACTOR_FX__,USDCHF.FOREX,0.8076
2025-08-15,__FACTOR_FX__,USDCHF.FOREX,0.8065
2025-08-17,__FACTOR_FX__,USDCHF.FOREX,0.8054
2025-08-18,__FACTOR_FX__,USDCHF.FOREX,0.8076
2025-08-19,__FACTOR_FX__,USDCHF.FOREX,0.8078
2025-08-20,__FACTOR_FX__,USDCHF.FOREX,0.8041
2025-08-21,__FACTOR_FX__,USDCHF.FOREX,0.8088
2025-08-22,__FACTOR_FX__,USDCHF.FOREX,0.8016
2025-08-24,__FACTOR_FX__,USDCHF.FOREX,0.8005
2025-08-25,__FACTOR_FX__,USDCHF.FOREX,0.806
2025-08-26,__FACTOR_FX__,USDCHF.FOREX,0.8033
2025-08-27,__FACTOR_FX__,USDCHF.FOREX,0.8023
2025-08-28,__FACTOR_FX__,USDCHF.FOREX,0.8016
2025-08-29,__FACTOR_FX__,USDCHF.FOREX,0.8006
2025-08-31,__FACTOR_FX__,USDCHF.FOREX,0.7986
2025-09-01,__FACTOR_FX__,USDCHF.FOREX,0.8009
2025-09-02,__FACTOR_FX__,USDCHF.FOREX,0.8045
2025-09-03,__FACTOR_FX__,USDCHF.FOREX,0.804
2025-09-04,__FACTOR_FX__,USDCHF.FOREX,0.8057
2025-09-05,__FACTOR_FX__,USDCHF.FOREX,0.7982
2025-09-07,__FACTOR_FX__,USDCHF.FOREX,0.798
2025-09-08,__FACTOR_FX__,USDCHF.FOREX,0.7933
2025-09-09,__FACTOR_FX__,USDCHF.FOREX,0.7976
2025-09-10,__FACTOR_FX__,USDCHF.FOREX,0.7992
2025-09-11,__FACTOR_FX__,USDCHF.FOREX,0.7959
2025-09-12,__FACTOR_FX__,USDCHF.FOREX,0.7967
2025-09-14,__FACTOR_FX__,USDCHF.FOREX,0.796
2025-09-15,__FACTOR_FX__,USDCHF.FOREX,0.7948
2025-09-16,__FACTOR_FX__,USDCHF.FOREX,0.786
2025-09-17,__FACTOR_FX__,USDCHF.FOREX,0.7888
2025-09-18,__FACTOR_FX__,USDCHF.FOREX,0.7925
2025-09-19,__FACTOR_FX__,USDCHF.FOREX,0.7956
2025-09-22,__FACTOR_FX__,USDCHF.FOREX,0.7925
2025-09-23,__FACTOR_FX__,USDCHF.FOREX,0.7913
2025-09-24,__FACTOR_FX__,USDCHF.FOREX,0.7952
2025-09-25,__FACTOR_FX__,USDCHF.FOREX,0.7996
2025-09-26,__FACTOR_FX__,USDCHF.FOREX,0.7978
2025-09-29,__FACTOR_FX__,USDCHF.FOREX,0.7977
2025-09-30,__FACTOR_FX__,USDCHF.FOREX,0.7964
2025-10-01,__FACTOR_FX__,USDCHF.FOREX,0.797
2025-10-02,__FACTOR_FX__,USDCHF.FOREX,0.798
2025-10-03,__FACTOR_FX__,USDCHF.FOREX,0.7954
2025-10-05,__FACTOR_FX__,USDCHF.FOREX,0.7959
2025-10-06,__FACTOR_FX__,USDCHF.FOREX,0.7951
2025-10-07,__FACTOR_FX__,USDCHF.FOREX,0.7983
2025-10-08,__FACTOR_FX__,USDCHF.FOREX,0.802
2025-10-09,__FACTOR_FX__,USDCHF.FOREX,0.8063
2025-10-10,__FACTOR_FX__,USDCHF.FOREX,0.7992
2025-10-12,__FACTOR_FX__,USDCHF.FOREX,0.7999
2025-10-13,__FACTOR_FX__,USDCHF.FOREX,0.8042
2025-10-14,__FACTOR_FX__,USDCHF.FOREX,0.8011
2025-10-15,__FACTOR_FX__,USDCHF.FOREX,0.7967
2025-10-16,__FACTOR_FX__,USDCHF.FOREX,0.793
2025-10-17,__FACTOR_FX__,USDCHF.FOREX,0.7931
2025-10-19,__FACTOR_FX__,USDCHF.FOREX,0.7917
2025-10-20,__FACTOR_FX__,USDCHF.FOREX,0.7926
2025-10-21,__FACTOR_FX__,USDCHF.FOREX,0.7964
2025-10-22,__FACTOR_FX__,USDCHF.FOREX,0.796
2025-10-23,__FACTOR_FX__,USDCHF.FOREX,0.7952
2025-10-24,__FACTOR_FX__,USDCHF.FOREX,0.7957
2025-10-26,__FACTOR_FX__,USDCHF.FOREX,0.7967
2025-10-27,__FACTOR_FX__,USDCHF.FOREX,0.7955
2025-10-28,__FACTOR_FX__,USDCHF.FOREX,0.7935
2025-10-29,__FACTOR_FX__,USDCHF.FOREX,0.8
2025-10-30,__FACTOR_FX__,USDCHF.FOREX,0.802
2025-10-31,__FACTOR_FX__,USDCHF.FOREX,0.8045
2025-11-03,__FACTOR_FX__,USDCHF.FOREX,0.8081
2025-11-04,__FACTOR_FX__,USDCHF.FOREX,0.8104
2025-11-05,__FACTOR_FX__,USDCHF.FOREX,0.8103
2025-11-06,__FACTOR_FX__,USDCHF.FOREX,0.8065
2025-11-07,__FACTOR_FX__,USDCHF.FOREX,0.8052
2025-11-09,__FACTOR_FX__,USDCHF.FOREX,0.8046
2025-11-10,__FACTOR_FX__,USDCHF.FOREX,0.8052
2025-11-11,__FACTOR_FX__,USDCHF.FOREX,0.8006
2025-11-12,__FACTOR_FX__,USDCHF.FOREX,0.7978
2025-11-13,__FACTOR_FX__,USDCHF.FOREX,0.793
2025-11-14,__FACTOR_FX__,USDCHF.FOREX,0.794
2025-11-16,__FACTOR_FX__,USDCHF.FOREX,0.7937
2025-11-17,__FACTOR_FX__,USDCHF.FOREX,0.7961
2025-11-18,__FACTOR_FX__,USDCHF.FOREX,0.7998
2025-11-19,__FACTOR_FX__,USDCHF.FOREX,0.8055
2025-11-20,__FACTOR_FX__,USDCHF.FOREX,0.8059
2025-11-21,__FACTOR_FX__,USDCHF.FOREX,0.8085
2025-11-23,__FACTOR_FX__,USDCHF.FOREX,0.8074
2025-11-24,__FACTOR_FX__,USDCHF.FOREX,0.8087
2025-11-25,__FACTOR_FX__,USDCHF.FOREX,0.8075
2025-11-26,__FACTOR_FX__,USDCHF.FOREX,0.8043
2025-11-27,__FACTOR_FX__,USDCHF.FOREX,0.805
2025-11-28,__FACTOR_FX__,USDCHF.FOREX,0.8038
2025-11-30,__FACTOR_FX__,USDCHF.FOREX,0.8035
2025-12-01,__FACTOR_FX__,USDCHF.FOREX,0.8046
2025-12-02,__FACTOR_FX__,USDCHF.FOREX,0.8029
2025-12-03,__FACTOR_FX__,USDCHF.FOREX,0.7997
2025-12-04,__FACTOR_FX__,USDCHF.FOREX,0.8036
2025-12-05,__FACTOR_FX__,USDCHF.FOREX,0.8046
2025-12-07,__FACTOR_FX__,USDCHF.FOREX,0.8037
2025-12-08,__FACTOR_FX__,USDCHF.FOREX,0.8068
2025-12-09,__FACTOR_FX__,USDCHF.FOREX,0.8063
2025-12-10,__FACTOR_FX__,USDCHF.FOREX,0.8
2025-12-11,__FACTOR_FX__,USDCHF.FOREX,0.7954
2025-12-12,__FACTOR_FX__,USDCHF.FOREX,0.796
2025-12-14,__FACTOR_FX__,USDCHF.FOREX,0.7953
2025-12-15,__FACTOR_FX__,USDCHF.FOREX,0.7962
2025-12-16,__FACTOR_FX__,USDCHF.FOREX,0.7952
2025-12-17,__FACTOR_FX__,USDCHF.FOREX,0.7957
2025-12-18,__FACTOR_FX__,USDCHF.FOREX,0.7943
2025-12-19,__FACTOR_FX__,USDCHF.FOREX,0.7954
2025-12-22,__FACTOR_FX__,USDCHF.FOREX,0.7923
2025-12-23,__FACTOR_FX__,USDCHF.FOREX,0.7878
2025-12-24,__FACTOR_FX__,USDCHF.FOREX,0.7886
2025-12-25,__FACTOR_FX__,USDCHF.FOREX,0.7875
2025-12-26,__FACTOR_FX__,USDCHF.FOREX,0.7895
2025-12-28,__FACTOR_FX__,USDCHF.FOREX,0.7881
2025-12-29,__FACTOR_FX__,USDCHF.FOREX,0.789
2025-12-30,__FACTOR_FX__,USDCHF.FOREX,0.7917
2025-12-31,__FACTOR_FX__,USDCHF.FOREX,0.7927
2026-01-01,__FACTOR_FX__,USDCHF.FOREX,0.7929
2026-01-02,__FACTOR_FX__,USDCHF.FOREX,0.7923
2026-01-04,__FACTOR_FX__,USDCHF.FOREX,0.791
2026-01-05,__FACTOR_FX__,USDCHF.FOREX,0.7916
2026-01-06,__FACTOR_FX__,USDCHF.FOREX,0.7957
2026-01-07,__FACTOR_FX__,USDCHF.FOREX,0.798
2026-01-08,__FACTOR_FX__,USDCHF.FOREX,0.799
2026-01-09,__FACTOR_FX__,USDCHF.FOREX,0.8014
2026-01-11,__FACTOR_FX__,USDCHF.FOREX,0.8007
2026-01-12,__FACTOR_FX__,USDCHF.FOREX,0.7975
2026-01-13,__FACTOR_FX__,USDCHF.FOREX,0.801
2026-01-14,__FACTOR_FX__,USDCHF.FOREX,0.8
2026-01-15,__FACTOR_FX__,USDCHF.FOREX,0.8033
2026-01-16,__FACTOR_FX__,USDCHF.FOREX,0.803
2026-01-18,__FACTOR_FX__,USDCHF.FOREX,0.801
2026-01-19,__FACTOR_FX__,USDCHF.FOREX,0.7974
2026-01-20,__FACTOR_FX__,USDCHF.FOREX,0.7899
2026-01-21,__FACTOR_FX__,USDCHF.FOREX,0.7957
2026-01-22,__FACTOR_FX__,USDCHF.FOREX,0.789
2026-01-23,__FACTOR_FX__,USDCHF.FOREX,0.7803
2026-01-25,__FACTOR_FX__,USDCHF.FOREX,0.7752
2026-01-26,__FACTOR_FX__,USDCHF.FOREX,0.7771
2026-01-27,__FACTOR_FX__,USDCHF.FOREX,0.7612
2026-01-28,__FACTOR_FX__,USDCHF.FOREX,0.7684
2026-01-29,__FACTOR_FX__,USDCHF.FOREX,0.7643
2026-01-30,__FACTOR_FX__,USDCHF.FOREX,0.7732
2026-02-01,__FACTOR_FX__,USDCHF.FOREX,0.7708
2026-02-02,__FACTOR_FX__,USDCHF.FOREX,0.7796
2026-02-03,__FACTOR_FX__,USDCHF.FOREX,0.7752
2026-02-04,__FACTOR_FX__,USDCHF.FOREX,0.7774
2026-02-05,__FACTOR_FX__,USDCHF.FOREX,0.7784
2026-02-06,__FACTOR_FX__,USDCHF.FOREX,0.7758
2026-02-08,__FACTOR_FX__,USDCHF.FOREX,0.7757
2026-02-09,__FACTOR_FX__,USDCHF.FOREX,0.7662
2026-02-10,__FACTOR_FX__,USDCHF.FOREX,0.7681
2026-02-11,__FACTOR_FX__,USDCHF.FOREX,0.7717
2026-02-12,__FACTOR_FX__,USDCHF.FOREX,0.7694
2026-02-13,__FACTOR_FX__,USDCHF.FOREX,0.7677
2026-02-15,__FACTOR_FX__,USDCHF.FOREX,0.7678
2026-02-16,__FACTOR_FX__,USDCHF.FOREX,0.7696
2026-02-17,__FACTOR_FX__,USDCHF.FOREX,0.77
2026-02-18,__FACTOR_FX__,USDCHF.FOREX,0.7732
2026-02-19,__FACTOR_FX__,USDCHF.FOREX,0.7751
2026-02-20,__FACTOR_FX__,USDCHF.FOREX,0.7759
2026-02-22,__FACTOR_FX__,USDCHF.FOREX,0.7729
2026-02-23,__FACTOR_FX__,USDCHF.FOREX,0.7748
2026-02-24,__FACTOR_FX__,USDCHF.FOREX,0.7739
2026-02-25,__FACTOR_FX__,USDCHF.FOREX,0.7726
2026-02-26,__FACTOR_FX__,USDCHF.FOREX,0.7742
2026-02-27,__FACTOR_FX__,USDCHF.FOREX,0.7689
2026-03-01,__FACTOR_FX__,USDCHF.FOREX,0.7676
2026-03-02,__FACTOR_FX__,USDCHF.FOREX,0.7793
2026-03-03,__FACTOR_FX__,USDCHF.FOREX,0.7819
2026-03-04,__FACTOR_FX__,USDCHF.FOREX,0.7793
2026-03-05,__FACTOR_FX__,USDCHF.FOREX,0.781
2026-03-06,__FACTOR_FX__,USDCHF.FOREX,0.776
2026-03-08,__FACTOR_FX__,USDCHF.FOREX,0.7791
2026-03-09,__FACTOR_FX__,USDCHF.FOREX,0.7775
2026-03-10,__FACTOR_FX__,USDCHF.FOREX,0.7786
2026-03-11,__FACTOR_FX__,USDCHF.FOREX,0.7806
2026-03-12,__FACTOR_FX__,USDCHF.FOREX,0.7861
2026-03-13,__FACTOR_FX__,USDCHF.FOREX,0.7914
2026-03-15,__FACTOR_FX__,USDCHF.FOREX,0.7903
2026-03-16,__FACTOR_FX__,USDCHF.FOREX,0.7878
2026-03-17,__FACTOR_FX__,USDCHF.FOREX,0.7848
2026-03-18,__FACTOR_FX__,USDCHF.FOREX,0.7933
2026-03-19,__FACTOR_FX__,USDCHF.FOREX,0.7882
2026-03-20,__FACTOR_FX__,USDCHF.FOREX,0.788
2026-03-22,__FACTOR_FX__,USDCHF.FOREX,0.7877
2026-03-23,__FACTOR_FX__,USDCHF.FOREX,0.7864
2026-03-24,__FACTOR_FX__,USDCHF.FOREX,0.7883
2026-03-25,__FACTOR_FX__,USDCHF.FOREX,0.7918
2026-03-26,__FACTOR_FX__,USDCHF.FOREX,0.7956
2026-03-27,__FACTOR_FX__,USDCHF.FOREX,0.7989
2026-03-29,__FACTOR_FX__,USDCHF.FOREX,0.7973
2026-03-30,__FACTOR_FX__,USDCHF.FOREX,0.7995
2026-03-31,__FACTOR_FX__,USDCHF.FOREX,0.7994
2026-04-01,__FACTOR_FX__,USDCHF.FOREX,0.7944
2026-04-02,__FACTOR_FX__,USDCHF.FOREX,0.7988
2026-04-03,__FACTOR_FX__,USDCHF.FOREX,0.801
2026-04-05,__FACTOR_FX__,USDCHF.FOREX,0.7995
2026-04-06,__FACTOR_FX__,USDCHF.FOREX,0.7984
2026-04-07,__FACTOR_FX__,USDCHF.FOREX,0.798
2026-04-08,__FACTOR_FX__,USDCHF.FOREX,0.7915
2026-04-09,__FACTOR_FX__,USDCHF.FOREX,0.7902
2026-04-10,__FACTOR_FX__,USDCHF.FOREX,0.7892
2026-04-12,__FACTOR_FX__,USDCHF.FOREX,0.7906
2026-04-13,__FACTOR_FX__,USDCHF.FOREX,0.7839
2026-04-14,__FACTOR_FX__,USDCHF.FOREX,0.7809
2026-04-15,__FACTOR_FX__,USDCHF.FOREX,0.782
2026-04-16,__FACTOR_FX__,USDCHF.FOREX,0.7836
2026-04-17,__FACTOR_FX__,USDCHF.FOREX,0.7819
2026-04-19,__FACTOR_FX__,USDCHF.FOREX,0.7814
2026-04-20,__FACTOR_FX__,USDCHF.FOREX,0.7784
2026-04-21,__FACTOR_FX__,USDCHF.FOREX,0.781
2026-04-22,__FACTOR_FX__,USDCHF.FOREX,0.7849
2026-04-23,__FACTOR_FX__,USDCHF.FOREX,0.7863
2026-04-24,__FACTOR_FX__,USDCHF.FOREX,0.785
